elapsed_secs,topgun_or_prune_passes_total,topgun_or_prune_considered_total,topgun_or_prune_dropped_total,topgun_or_prune_matched_nothing_total,topgun_or_prune_absent_total,topgun_or_prune_restored_read_error_total,topgun_or_prune_restored_evicted_total,topgun_or_prune_restored_write_error_total,topgun_or_prune_bytes_freed_total,topgun_or_prune_epochs_drained_total,topgun_or_prune_empty_drains_total,topgun_or_prune_nonempty_drains_total,topgun_or_prune_lwm_advances_total,topgun_or_prune_lwm_epochs_advanced_total,topgun_or_prune_split_recomputes_total,topgun_or_prune_indexed_refs,topgun_or_prune_indexed_epochs,topgun_or_prune_eligible_refs,topgun_or_prune_ineligible_refs,topgun_or_prune_split_computed_epoch,topgun_or_prune_current_epoch,topgun_or_prune_low_water_mark,topgun_or_prune_durable_epoch_watermark,topgun_or_prune_last_drained_epoch,topgun_or_prune_lwm_stall_seconds,topgun_or_prune_tracked_claims,topgun_or_prune_drain_refs_sum,topgun_or_prune_drain_refs_count,topgun_or_prune_drain_epochs_sum,topgun_or_prune_drain_epochs_count,topgun_or_prune_claim_span_epochs_sum,topgun_or_prune_claim_span_epochs_count,topgun_or_prune_claim_lag_epochs_sum,topgun_or_prune_claim_lag_epochs_count,topgun_or_prune_epoch_considered_sum,topgun_or_prune_epoch_considered_count,topgun_or_prune_epoch_dropped_sum,topgun_or_prune_epoch_dropped_count,topgun_or_prune_epoch_bytes_freed_sum,topgun_or_prune_epoch_bytes_freed_count,topgun_ormap_tombstone_bytes_total,topgun_or_prune_drain_refs_p50,topgun_or_prune_stamped_refs_total_a,topgun_or_prune_stamped_refs_total_b,topgun_or_prune_stamped_bytes_total_a,topgun_or_prune_stamped_bytes_total_b,topgun_or_prune_drained_refs_total_a,topgun_or_prune_drained_refs_total_b,topgun_or_prune_restored_refs_total_a,topgun_or_prune_restored_refs_total_b,topgun_or_prune_rebuild_cleared_refs_total_a,topgun_or_prune_rebuild_cleared_refs_total_b,topgun_or_prune_epochs_entered_total_a,topgun_or_prune_epochs_entered_total_b,topgun_or_prune_epochs_exited_total_a,topgun_or_prune_epochs_exited_total_b,topgun_or_prune_indexed_refs_a,topgun_or_prune_indexed_refs_b,o0_tear_class
10,376,0,0,0,0,0,0,0,0,0,376,0,2,2,2,376,1,0,66,2,2,2,0,0,8,1,0,0,0,0,0,2,0,2,0,0,0,0,0,0,7341,0,0,0,0,0,0,0,0,0,0,0,1,1,0,0,376,376,CONSISTENT
20,768,0,0,0,0,0,0,0,0,0,768,0,2,2,2,768,1,0,66,2,2,2,0,0,18,1,0,0,0,0,0,2,0,2,0,0,0,0,0,0,15181,0,0,0,0,0,0,0,0,0,0,0,1,1,0,0,770,772,TORN-PERSISTENT
30,1127,0,0,0,0,0,0,0,0,0,1127,0,3,3,3,1127,2,0,1067,3,3,3,0,0,0,1,0,0,0,0,0,3,0,3,0,0,0,0,0,0,22361,0,1000,1000,19821,19821,0,0,0,0,0,0,2,2,0,0,1132,1132,CONSISTENT
40,1542,0,0,0,0,0,0,0,0,0,1542,0,3,3,3,1542,2,0,1067,3,3,3,0,0,10,1,0,0,0,0,0,3,0,3,0,0,0,0,0,0,30738,0,1000,1000,19821,19821,0,0,0,0,0,0,2,2,0,0,1542,1542,CONSISTENT
50,1929,1000,1000,0,0,0,0,0,19821,1,1928,1,3,3,4,929,1,1000,819,3,3,3,2,2,20,1,1000,1,1,1,0,4,0,4,1000,1,1000,1,19821,1,38865,999.9447405703887,1000,1000,19821,19821,1000,1000,0,0,0,0,2,2,1,1,929,929,CONSISTENT
60,2329,1000,1000,0,0,0,0,0,19821,1,2328,1,4,4,5,1329,2,0,1008,4,4,4,2,2,6,1,1000,1,1,1,0,5,0,5,1000,1,1000,1,19821,1,47286,999.9447405703887,2000,2000,40356,40356,1000,1000,0,0,0,0,3,3,1,1,1331,1331,CONSISTENT
70,2724,1000,1000,0,0,0,0,0,19821,1,2723,1,4,4,5,1724,2,0,1008,4,4,4,2,2,18,1,1000,1,1,1,0,5,0,5,1000,1,1000,1,19821,1,55560,999.9447405703887,2000,2000,40356,40356,1000,1000,0,0,0,0,3,3,1,1,1728,1729,TORN-PERSISTENT
80,3089,1000,1000,0,0,0,0,0,19821,1,3088,1,5,5,6,2089,3,0,2025,5,5,5,2,2,0,1,1000,1,1,1,0,6,0,6,1000,1,1000,1,19821,1,63225,999.9447405703887,3000,3000,61356,61356,1000,1000,0,0,0,0,4,4,1,1,2090,2090,CONSISTENT
90,3359,2000,2000,0,0,0,0,0,40356,2,3357,2,5,5,7,1359,2,1000,1137,5,5,5,3,3,10,1,2000,2,2,2,0,7,0,7,2000,2,2000,2,40356,2,68895,999.9447405703887,3000,3000,61356,61356,2000,2000,0,0,0,0,4,4,2,2,1359,1359,CONSISTENT
100,3713,2000,2000,0,0,0,0,0,40356,2,3711,2,5,5,8,714,1,1000,707,5,5,5,4,4,22,1,2000,2,2,2,0,8,0,8,2000,2,2000,2,40356,2,76350,999.9447405703887,3000,3000,61356,61356,3000,3000,0,0,0,0,4,4,3,3,714,714,CONSISTENT
110,3962,3000,3000,0,0,0,0,0,61356,3,3959,3,5,5,8,962,1,1000,707,5,5,5,4,4,30,1,3000,3,3,3,0,8,0,8,3000,3,3000,3,61356,3,81579,999.9447405703887,3000,3000,61356,61356,3000,3000,0,0,0,0,4,4,3,3,964,964,CONSISTENT
120,4348,3000,3000,0,0,0,0,0,61356,3,4345,3,6,6,9,1348,2,0,1069,6,6,6,4,4,6,1,3000,3,3,3,0,9,0,9,3000,3,3000,3,61356,3,89664,999.9447405703887,4000,4000,82356,82356,3000,3000,0,0,0,0,5,5,3,3,1351,1353,TORN-PERSISTENT
130,4742,3000,3000,0,0,0,0,0,61356,3,4739,3,6,6,9,1742,2,0,1069,6,6,6,4,4,16,1,3000,3,3,3,0,9,0,9,3000,3,3000,3,61356,3,97938,999.9447405703887,4000,4000,82356,82356,3000,3000,0,0,0,0,5,5,3,3,1743,1743,CONSISTENT
140,5005,4000,4000,0,0,0,0,0,82356,4,5001,4,6,6,10,1005,2,1000,895,6,7,6,5,5,26,1,4000,4,4,4,0,10,0,10,4000,4,4000,4,82356,4,103461,999.9447405703887,5000,5000,103356,103356,4000,4000,0,0,0,0,6,6,4,4,1008,1008,CONSISTENT
150,5354,4000,4000,0,0,0,0,0,82356,4,5350,4,7,7,11,1354,2,0,1014,7,7,7,5,5,8,1,4000,4,4,4,0,11,0,11,4000,4,4000,4,82356,4,110790,999.9447405703887,5000,5000,103356,103356,4000,4000,0,0,0,0,6,6,4,4,1355,1355,CONSISTENT
160,5748,4000,4000,0,0,0,0,0,82356,4,5744,4,7,7,11,1748,2,0,1014,7,7,7,5,5,18,1,4000,4,4,4,0,11,0,11,4000,4,4000,4,82356,4,119064,999.9447405703887,5000,5000,103356,103356,4000,4000,0,0,0,0,6,6,4,4,1751,1751,CONSISTENT
170,6127,4000,4000,0,0,0,0,0,82356,4,6123,4,8,8,13,1128,2,1000,1122,8,8,8,6,6,1,1,4000,4,4,4,0,13,0,13,4000,4,4000,4,82356,4,127044,999.9447405703887,6000,6000,124356,124356,5000,5000,0,0,0,0,7,7,5,5,1128,1128,CONSISTENT
180,6406,5000,5000,0,0,0,0,0,103356,5,6401,5,8,8,13,1406,2,1000,1122,8,8,8,6,6,10,1,5000,5,5,5,0,13,0,13,5000,5,5000,5,103356,5,132924,999.9447405703887,6000,6000,124356,124356,5000,5000,0,0,0,0,7,7,5,5,1408,1408,CONSISTENT
190,6675,5000,5000,0,0,0,0,0,103356,5,6670,5,8,8,14,676,1,1000,675,8,8,8,7,7,20,1,5000,5,5,5,0,14,0,14,5000,5,5000,5,103356,5,138552,999.9447405703887,6000,6000,124356,124356,6000,6000,0,0,0,0,7,7,6,6,676,676,CONSISTENT
200,7028,6000,6000,0,0,0,0,0,124356,6,7022,6,8,8,14,1028,2,1000,675,8,9,8,7,7,30,1,6000,6,6,6,0,14,0,14,6000,6,6000,6,124356,6,145944,999.9447405703887,7000,7000,145356,145356,6000,6000,0,0,0,0,8,8,6,6,1028,1028,CONSISTENT
210,7433,6000,6000,0,0,0,0,0,124356,6,7427,6,9,9,15,1433,2,0,1150,9,9,9,7,7,6,1,6000,6,6,6,0,15,0,15,6000,6,6000,6,124356,6,154449,999.9447405703887,7000,7000,145356,145356,6000,6000,0,0,0,0,8,8,6,6,1435,1437,TORN-PERSISTENT
220,7826,6000,6000,0,0,0,0,0,124356,6,7820,6,9,9,15,1826,2,0,1150,9,9,9,7,7,16,1,6000,6,6,6,0,15,0,15,6000,6,6000,6,124356,6,162702,999.9447405703887,7000,7000,145356,145356,6000,6000,0,0,0,0,8,8,6,6,1827,1827,CONSISTENT
230,8104,7000,7000,0,0,0,0,0,145356,7,8097,7,10,10,17,1104,2,0,1037,10,10,10,8,8,0,1,7000,7,7,7,0,17,0,17,7000,7,7000,7,145356,7,168561,999.9447405703887,8000,8000,166356,166356,7000,7000,0,0,0,0,9,9,7,7,1105,1105,CONSISTENT
240,8459,7000,7000,0,0,0,0,0,145356,7,8452,7,10,10,17,1459,2,0,1037,10,10,10,8,8,10,1,7000,7,7,7,0,17,0,17,7000,7,7000,7,145356,7,176016,999.9447405703887,8000,8000,166356,166356,7000,7000,0,0,0,0,9,9,7,7,1460,1460,CONSISTENT
250,8857,7000,7000,0,0,0,0,0,145356,7,8850,7,10,10,17,1857,2,0,1037,10,10,10,8,8,20,1,7000,7,7,7,0,17,0,17,7000,7,7000,7,145356,7,184416,999.9447405703887,8000,8000,166356,166356,7000,7000,0,0,0,0,9,9,7,7,1861,1861,CONSISTENT
260,9137,7000,7000,0,0,0,0,0,145356,7,9130,7,11,11,19,1138,2,1000,1119,11,11,11,9,9,4,1,7000,7,7,7,0,19,0,19,7000,7,7000,7,145356,7,190254,999.9447405703887,9000,9000,187356,187356,8000,8000,0,0,0,0,10,10,8,8,1138,1138,CONSISTENT
270,9509,8000,8000,0,0,0,0,0,166356,8,9501,8,11,11,19,1509,2,1000,1119,11,11,11,9,9,14,1,8000,8,8,8,0,19,0,19,8000,8,8000,8,166356,8,198045,999.9447405703887,9000,9000,187356,187356,8000,8000,0,0,0,0,10,10,8,8,1513,1513,CONSISTENT
280,9715,8000,8000,0,0,0,0,0,166356,8,9707,8,11,11,20,716,1,1000,707,11,11,11,10,10,24,1,8000,8,8,8,0,20,0,20,8000,8,8000,8,166356,8,202392,999.9447405703887,9000,9000,187356,187356,9000,9000,0,0,0,0,10,10,9,9,716,716,CONSISTENT
290,10100,9000,9000,0,0,0,0,0,187356,9,10091,9,12,12,21,1100,2,0,1057,12,12,12,10,10,0,1,9000,9,9,9,0,21,0,21,9000,9,9000,9,187356,9,210456,999.9447405703887,10000,10000,208356,208356,9000,9000,0,0,0,0,11,11,9,9,1101,1101,CONSISTENT
300,10473,9000,9000,0,0,0,0,0,187356,9,10464,9,12,12,21,1473,2,0,1057,12,12,12,10,10,10,1,9000,9,9,9,0,21,0,21,9000,9,9000,9,187356,9,218289,999.9447405703887,10000,10000,208356,208356,9000,9000,0,0,0,0,11,11,9,9,1473,1473,CONSISTENT
310,10712,9000,9000,0,0,0,0,0,187356,9,10703,9,12,12,22,713,1,1000,707,12,12,12,11,11,20,1,9000,9,9,9,0,22,0,22,9000,9,9000,9,187356,9,223329,999.9447405703887,10000,10000,208356,208356,10000,10000,0,0,0,0,11,11,10,10,714,714,CONSISTENT
320,10989,10000,10000,0,0,0,0,0,208356,10,10979,10,12,12,22,989,1,1000,707,12,12,12,11,11,30,1,10000,10,10,10,0,22,0,22,10000,10,10000,10,208356,10,229125,999.9447405703887,10000,10000,208356,208356,10000,10000,0,0,0,0,11,11,10,10,989,989,CONSISTENT
330,11374,10000,10000,0,0,0,0,0,208356,10,11364,10,13,13,23,1374,2,0,1033,13,13,13,11,11,8,1,10000,10,10,10,0,23,0,23,10000,10,10000,10,208356,10,237210,999.9447405703887,11000,11000,229356,229356,10000,10000,0,0,0,0,12,12,10,10,1377,1379,TORN-PERSISTENT
340,11749,10000,10000,0,0,0,0,0,208356,10,11739,10,13,13,23,1749,2,0,1033,13,13,13,11,11,18,1,10000,10,10,10,0,23,0,23,10000,10,10000,10,208356,10,245085,999.9447405703887,11000,11000,229356,229356,10000,10000,0,0,0,0,12,12,10,10,1754,1754,CONSISTENT
350,11965,11000,11000,0,0,0,0,0,229356,11,11954,11,13,13,24,965,1,1000,939,13,13,13,12,12,28,1,11000,11,11,11,0,24,0,24,11000,11,11000,11,229356,11,249621,999.9447405703887,11000,11000,229356,229356,11000,11000,0,0,0,0,12,12,11,11,967,968,TORN-PERSISTENT
360,12355,11000,11000,0,0,0,0,0,229356,11,12344,11,14,14,25,1355,2,0,1029,14,14,14,12,12,8,1,11000,11,11,11,0,25,0,25,11000,11,11000,11,229356,11,257811,999.9447405703887,12000,12000,250356,250356,11000,11000,0,0,0,0,13,13,11,11,1355,1355,CONSISTENT
370,12732,11000,11000,0,0,0,0,0,229356,11,12721,11,14,14,25,1732,2,0,1029,14,14,14,12,12,18,1,11000,11,11,11,0,25,0,25,11000,11,11000,11,229356,11,265728,999.9447405703887,12000,12000,250356,250356,11000,11000,0,0,0,0,13,13,11,11,1734,1734,CONSISTENT
380,13034,11000,11000,0,0,0,0,0,229356,11,13023,11,15,15,27,1035,2,0,1035,15,15,15,13,13,0,1,11000,11,11,11,1,27,1,27,11000,11,11000,11,229356,11,272091,999.9447405703887,13000,13000,271356,271356,12000,12000,0,0,0,0,14,14,12,12,1035,1035,CONSISTENT
390,13323,12000,12000,0,0,0,0,0,250356,12,13311,12,15,15,27,1323,2,0,1035,15,15,15,13,13,10,1,12000,12,12,12,1,27,1,27,12000,12,12000,12,250356,12,278139,999.9447405703887,13000,13000,271356,271356,12000,12000,0,0,0,0,14,14,12,12,1326,1327,TORN-PERSISTENT
400,13684,12000,12000,0,0,0,0,0,250356,12,13672,12,15,15,28,685,1,1000,679,15,15,15,14,14,20,1,12000,12,12,12,1,28,1,28,12000,12,12000,12,250356,12,285741,999.9447405703887,13000,13000,271356,271356,13000,13000,0,0,0,0,14,14,13,13,686,686,CONSISTENT
410,13905,13000,13000,0,0,0,0,0,271356,13,13892,13,15,15,28,906,1,1000,679,15,15,15,14,14,30,1,13000,13,13,13,1,28,1,28,13000,13,13000,13,271356,13,290403,999.9447405703887,13000,13000,271356,271356,13000,13000,0,0,0,0,14,14,13,13,909,909,CONSISTENT
420,14287,13000,13000,0,0,0,0,0,271356,13,14274,13,16,16,29,1287,2,0,1026,16,16,16,14,14,6,1,13000,13,13,13,1,29,1,29,13000,13,13000,13,271356,13,298383,999.9447405703887,14000,14000,292356,292356,13000,13000,0,0,0,0,15,15,13,13,1287,1287,CONSISTENT
430,14614,13000,13000,0,0,0,0,0,271356,13,14601,13,16,16,29,1614,2,0,1026,16,16,16,14,14,16,1,13000,13,13,13,1,29,1,29,13000,13,13000,13,271356,13,305250,999.9447405703887,14000,14000,292356,292356,13000,13000,0,0,0,0,15,15,13,13,1617,1617,CONSISTENT
440,14891,13000,13000,0,0,0,0,0,271356,13,14878,13,16,16,30,892,1,1000,884,16,16,16,15,15,26,1,13000,13,13,13,1,30,1,30,13000,13,13000,13,271356,13,311339,999.9447405703887,14000,14000,292356,292356,14000,14000,0,0,0,0,15,15,14,14,892,892,CONSISTENT
450,15210,14000,14000,0,0,0,0,0,292356,14,15196,14,17,17,31,1210,2,0,1040,17,17,17,15,15,4,1,14000,14,14,14,1,31,1,31,14000,14,14000,14,292356,14,318335,999.9447405703887,15000,15000,313715,313715,14000,14000,0,0,0,0,16,16,14,14,1210,1210,CONSISTENT
460,15540,14000,14000,0,0,0,0,0,292356,14,15526,14,17,17,31,1540,2,0,1040,17,17,17,15,15,14,1,14000,14,14,14,1,31,1,31,14000,14,14000,14,292356,14,325595,999.9447405703887,15000,15000,313715,313715,14000,14000,0,0,0,0,16,16,14,14,1541,1541,CONSISTENT
470,15915,14000,14000,0,0,0,0,0,292356,14,15901,14,17,17,31,1915,2,0,1040,17,17,17,15,15,24,1,14000,14,14,14,1,31,1,31,14000,14,14000,14,292356,14,333845,999.9447405703887,15000,15000,313715,313715,14000,14000,0,0,0,0,16,16,14,14,1918,1918,CONSISTENT
480,16119,15000,15000,0,0,0,0,0,313715,15,16104,15,18,18,33,1119,2,1000,1050,18,18,18,16,16,6,1,15000,15,15,15,1,33,1,33,15000,15,15000,15,313715,15,338333,999.9447405703887,16000,16000,335715,335715,15000,15000,0,0,0,0,17,17,15,15,1121,1121,CONSISTENT
490,16502,15000,15000,0,0,0,0,0,313715,15,16487,15,18,18,33,1502,2,1000,1050,18,18,18,16,16,16,1,15000,15,15,15,1,33,1,33,15000,15,15000,15,313715,15,346759,999.9447405703887,16000,16000,335715,335715,15000,15000,0,0,0,0,17,17,15,15,1502,1502,CONSISTENT
500,16679,16000,16000,0,0,0,0,0,335715,16,16663,16,18,18,34,679,1,1000,536,18,18,18,17,17,24,1,16000,16,16,16,1,34,1,34,16000,16,16000,16,335715,16,350653,999.9447405703887,16000,16000,335715,335715,16000,16000,0,0,0,0,17,17,16,16,679,679,CONSISTENT
510,17030,16000,16000,0,0,0,0,0,335715,16,17014,16,19,19,35,1030,2,0,1027,19,19,19,17,17,0,1,16000,16,16,16,1,35,1,35,16000,16,16000,16,335715,16,358375,999.9447405703887,17000,17000,357715,357715,16000,16000,0,0,0,0,18,18,16,16,1030,1030,CONSISTENT
520,17407,16000,16000,0,0,0,0,0,335715,16,17391,16,19,19,35,1407,2,0,1027,19,19,19,17,17,10,1,16000,16,16,16,1,35,1,35,16000,16,16000,16,335715,16,366691,999.9447405703887,17000,17000,357715,357715,16000,16000,0,0,0,0,18,18,16,16,1411,1411,CONSISTENT
530,17745,16000,16000,0,0,0,0,0,335715,16,17729,16,19,19,36,746,1,1000,739,19,19,19,18,18,20,1,16000,16,16,16,1,36,1,36,16000,16,16000,16,335715,16,374127,999.9447405703887,17000,17000,357715,357715,17000,17000,0,0,0,0,18,18,17,17,746,746,CONSISTENT
540,17942,17000,17000,0,0,0,0,0,357715,17,17925,17,19,19,36,942,1,1000,739,19,19,19,18,18,28,1,17000,17,17,17,1,36,1,36,17000,17,17000,17,357715,17,378439,999.9447405703887,17000,17000,357715,357715,17000,17000,0,0,0,0,18,18,17,17,944,944,CONSISTENT
550,18320,17000,17000,0,0,0,0,0,357715,17,18303,17,20,20,37,1320,2,0,1019,20,20,20,18,18,8,1,17000,17,17,17,1,37,1,37,17000,17,17000,17,357715,17,386755,999.9447405703887,18000,18000,379715,379715,17000,17000,0,0,0,0,19,19,17,17,1322,1322,CONSISTENT
560,18695,17000,17000,0,0,0,0,0,357715,17,18678,17,20,20,37,1695,2,0,1019,20,20,20,18,18,18,1,17000,17,17,17,1,37,1,37,17000,17,17000,17,357715,17,395005,999.9447405703887,18000,18000,379715,379715,17000,17000,0,0,0,0,19,19,17,17,1695,1695,CONSISTENT
570,18917,18000,18000,0,0,0,0,0,379715,18,18899,18,20,20,38,917,1,1000,897,20,20,20,19,19,28,1,18000,18,18,18,1,38,1,38,18000,18,18000,18,379715,18,399889,999.9447405703887,18000,18000,379715,379715,18000,18000,0,0,0,0,19,19,18,18,917,917,CONSISTENT
580,19252,18000,18000,0,0,0,0,0,379715,18,19234,18,21,21,39,1252,2,0,1046,21,21,21,19,19,4,1,18000,18,18,18,1,39,1,39,18000,18,18000,18,379715,18,407259,999.9447405703887,19000,19000,401715,401715,18000,18000,0,0,0,0,20,20,18,18,1255,1255,CONSISTENT
590,19635,18000,18000,0,0,0,0,0,379715,18,19617,18,21,21,39,1635,2,0,1046,21,21,21,19,19,14,1,18000,18,18,18,1,39,1,39,18000,18,18000,18,379715,18,415685,999.9447405703887,19000,19000,401715,401715,18000,18000,0,0,0,0,20,20,18,18,1636,1636,CONSISTENT
600,20004,18000,18000,0,0,0,0,0,379715,18,19986,18,21,21,39,2004,3,0,1046,21,22,21,19,19,24,1,18000,18,18,18,1,39,1,39,18000,18,18000,18,379715,18,423803,999.9447405703887,20000,20000,423715,423715,18000,18000,0,0,0,0,21,21,18,18,2004,2004,CONSISTENT
610,20108,19000,19000,0,0,0,0,0,401715,19,20089,19,22,22,41,1108,2,0,1006,22,22,22,20,20,6,1,19000,19,19,19,2,41,2,41,19000,19,19000,19,401715,19,426091,999.9447405703887,20000,20000,423715,423715,19000,19000,0,0,0,0,21,21,19,19,1111,1111,CONSISTENT
620,20429,19000,19000,0,0,0,0,0,401715,19,20410,19,22,22,42,430,1,1000,421,22,22,22,21,21,16,1,19000,19,19,19,2,42,2,42,19000,19,19000,19,401715,19,433175,999.9447405703887,20000,20000,423715,423715,20000,20000,0,0,0,0,21,21,20,20,430,430,CONSISTENT
630,20638,19000,19000,0,0,0,0,0,401715,19,20619,19,22,22,42,639,1,1000,421,22,22,22,21,21,26,1,19000,19,19,19,2,42,2,42,19000,19,19000,19,401715,19,437773,999.9447405703887,20000,20000,423715,423715,20000,20000,0,0,0,0,21,21,20,20,640,640,CONSISTENT
640,21022,19000,19000,0,0,0,0,0,401715,19,21003,19,22,22,42,1023,2,1000,421,22,23,22,21,21,36,1,19000,19,19,19,2,42,2,42,19000,19,19000,19,401715,19,446221,999.9447405703887,21000,21000,445715,445715,20000,20000,0,0,0,0,22,22,20,20,1027,1027,CONSISTENT
650,21361,19000,19000,0,0,0,0,0,401715,19,21342,19,23,23,43,1362,2,0,1055,23,23,23,21,21,8,1,19000,19,19,19,2,43,2,43,19000,19,19000,19,401715,19,453679,999.9447405703887,21000,21000,445715,445715,20000,20000,0,0,0,0,22,22,20,20,1365,1365,CONSISTENT
660,21706,19000,19000,0,0,0,0,0,401715,19,21687,19,23,23,44,708,1,1000,700,23,23,23,22,22,18,1,19000,19,19,19,2,44,2,44,19000,19,19000,19,401715,19,461291,999.9447405703887,21000,21000,445715,445715,21000,21000,0,0,0,0,22,22,21,21,708,708,CONSISTENT
670,21996,20000,20000,0,0,0,0,0,423715,20,21976,20,23,23,44,997,1,1000,700,23,23,23,22,22,28,1,20000,20,20,20,2,44,2,44,20000,20,20000,20,423715,20,467649,999.9447405703887,22000,22000,467715,467715,21000,21000,0,0,0,0,23,23,21,21,1001,1001,CONSISTENT
680,22400,20000,20000,0,0,0,0,0,423715,20,22380,20,24,24,45,1401,2,0,1053,24,24,24,22,22,8,1,20000,20,20,20,2,45,2,45,20000,20,20000,20,423715,20,476559,999.9447405703887,22000,22000,467715,467715,21000,21000,0,0,0,0,23,23,21,21,1404,1405,TORN-PERSISTENT
690,22679,20000,20000,0,0,0,0,0,423715,20,22659,20,24,24,46,681,1,1000,676,24,24,24,23,23,18,1,20000,20,20,20,2,46,2,46,20000,20,20000,20,423715,20,482697,999.9447405703887,22000,22000,467715,467715,22000,22000,0,0,0,0,23,23,22,22,681,681,CONSISTENT
700,23004,21000,21000,0,0,0,0,0,445715,21,22983,21,24,24,46,1005,2,1000,676,24,25,24,23,23,28,1,21000,21,21,21,2,46,2,46,21000,21,21000,21,445715,21,489825,999.9447405703887,23000,23000,489715,489715,22000,22000,0,0,0,0,24,24,22,22,1006,1006,CONSISTENT
710,23400,21000,21000,0,0,0,0,0,445715,21,23379,21,25,25,47,1401,2,0,1075,25,25,25,23,23,8,1,21000,21,21,21,2,47,2,47,21000,21,21000,21,445715,21,498537,999.9447405703887,23000,23000,489715,489715,22000,22000,0,0,0,0,24,24,22,22,1402,1402,CONSISTENT
720,23779,21000,21000,0,0,0,0,0,445715,21,23758,21,25,25,48,781,1,1000,774,25,25,25,24,24,18,1,21000,21,21,21,2,48,2,48,21000,21,21000,21,445715,21,506897,999.9447405703887,23000,23000,489715,489715,23000,23000,0,0,0,0,24,24,23,23,782,782,CONSISTENT
730,24029,22000,22000,0,0,0,0,0,467715,22,24007,22,25,25,48,1030,2,1000,774,25,26,25,24,24,28,1,22000,22,22,22,2,48,2,48,22000,22,22000,22,467715,22,512375,999.9447405703887,24000,24000,511715,511715,23000,23000,0,0,0,0,25,25,23,23,1031,1031,CONSISTENT
740,24379,22000,22000,0,0,0,0,0,467715,22,24357,22,26,26,49,1380,2,0,1070,26,26,26,24,24,8,1,22000,22,22,22,2,49,2,49,22000,22,22000,22,467715,22,520075,999.9447405703887,24000,24000,511715,511715,23000,23000,0,0,0,0,25,25,23,23,1382,1382,CONSISTENT
750,24768,22000,22000,0,0,0,0,0,467715,22,24746,22,26,26,49,1769,2,0,1070,26,26,26,24,24,18,1,22000,22,22,22,2,49,2,49,22000,22,22000,22,467715,22,528633,999.9447405703887,24000,24000,511715,511715,23000,23000,0,0,0,0,25,25,23,23,1770,1771,TORN-PERSISTENT
760,25004,23000,23000,0,0,0,0,0,489715,23,24981,23,26,26,50,1005,2,1000,944,26,27,26,25,25,28,1,23000,23,23,23,2,50,2,50,23000,23,23000,23,489715,23,533825,999.9447405703887,25000,25000,533715,533715,24000,24000,0,0,0,0,26,26,24,24,1007,1009,TORN-PERSISTENT
771,25397,23000,23000,0,0,0,0,0,489715,23,25374,23,27,27,51,1398,2,0,1141,27,27,27,25,25,6,1,23000,23,23,23,2,51,2,51,23000,23,23000,23,489715,23,542471,999.9447405703887,25000,25000,533715,533715,24000,24000,0,0,0,0,26,26,24,24,1399,1399,CONSISTENT
780,25748,23000,23000,0,0,0,0,0,489715,23,25725,23,27,27,51,1749,2,0,1141,27,27,27,25,25,14,1,23000,23,23,23,2,51,2,51,23000,23,23000,23,489715,23,550193,999.9447405703887,25000,25000,533715,533715,24000,24000,0,0,0,0,26,26,24,24,1751,1753,TORN-PERSISTENT
790,26013,23000,23000,0,0,0,0,0,489715,23,25990,23,28,28,53,1015,2,0,1015,28,28,28,26,26,2,1,23000,23,23,23,3,53,3,53,23000,23,23000,23,489715,23,556045,999.9447405703887,26000,26000,555715,555715,25000,25000,0,0,0,0,27,27,25,25,1015,1015,CONSISTENT
800,26345,24000,24000,0,0,0,0,0,511715,24,26321,24,28,28,53,1346,2,0,1015,28,28,28,26,26,12,1,24000,24,24,24,3,53,3,53,24000,24,24000,24,511715,24,563327,999.9447405703887,26000,26000,555715,555715,25000,25000,0,0,0,0,27,27,25,25,1347,1347,CONSISTENT
810,26664,24000,24000,0,0,0,0,0,511715,24,26640,24,28,28,54,666,1,1000,659,28,28,28,27,27,22,1,24000,24,24,24,3,54,3,54,24000,24,24000,24,511715,24,570367,999.9447405703887,26000,26000,555715,555715,26000,26000,0,0,0,0,27,27,26,26,666,666,CONSISTENT
820,26907,25000,25000,0,0,0,0,0,533715,25,26882,25,28,28,54,908,1,1000,659,28,28,28,27,27,30,1,25000,25,25,25,3,54,3,54,25000,25,25000,25,533715,25,575691,999.9447405703887,26000,26000,555715,555715,26000,26000,0,0,0,0,27,27,26,26,912,912,CONSISTENT
830,27300,25000,25000,0,0,0,0,0,533715,25,27275,25,29,29,55,1301,2,0,1065,29,29,29,27,27,6,1,25000,25,25,25,3,55,3,55,25000,25,25000,25,533715,25,584337,999.9447405703887,27000,27000,577715,577715,26000,26000,0,0,0,0,28,28,26,26,1303,1303,CONSISTENT
840,27688,25000,25000,0,0,0,0,0,533715,25,27663,25,29,29,55,1689,2,0,1065,29,29,29,27,27,16,1,25000,25,25,25,3,55,3,55,25000,25,25000,25,533715,25,592873,999.9447405703887,27000,27000,577715,577715,26000,26000,0,0,0,0,28,28,26,26,1691,1691,CONSISTENT
851,27907,26000,26000,0,0,0,0,0,555715,26,27881,26,29,29,56,908,1,1000,815,29,29,29,28,28,26,1,26000,26,26,26,3,56,3,56,26000,26,26000,26,555715,26,597691,999.9447405703887,27000,27000,577715,577715,27000,27000,0,0,0,0,28,28,27,27,908,908,CONSISTENT
860,28260,26000,26000,0,0,0,0,0,555715,26,28234,26,30,30,57,1261,2,0,1042,30,30,30,28,28,4,1,26000,26,26,26,3,57,3,57,26000,26,26000,26,555715,26,605457,999.9447405703887,28000,28000,599715,599715,27000,27000,0,0,0,0,29,29,27,27,1265,1265,CONSISTENT
870,28651,26000,26000,0,0,0,0,0,555715,26,28625,26,30,30,57,1652,2,0,1042,30,30,30,28,28,14,1,26000,26,26,26,3,57,3,57,26000,26,26000,26,555715,26,614081,999.9447405703887,28000,28000,599715,599715,27000,27000,0,0,0,0,29,29,27,27,1654,1654,CONSISTENT
880,28951,26000,26000,0,0,0,0,0,555715,26,28925,26,30,30,58,953,1,1000,948,30,30,30,29,29,26,1,26000,26,26,26,3,58,3,58,26000,26,26000,26,555715,26,620681,999.9447405703887,28000,28000,599715,599715,28000,28000,0,0,0,0,29,29,28,28,953,953,CONSISTENT
890,29212,26000,26000,0,0,0,0,0,555715,26,29186,26,31,31,59,1214,2,0,1060,31,31,31,29,29,4,1,26000,26,26,26,3,59,3,59,26000,26,26000,26,555715,26,626423,999.9447405703887,29000,29000,621715,621715,28000,28000,0,0,0,0,30,30,28,28,1219,1219,CONSISTENT
900,29538,26000,26000,0,0,0,0,0,555715,26,29512,26,31,31,59,1540,2,0,1060,31,31,31,29,29,12,1,26000,26,26,26,3,59,3,59,26000,26,26000,26,555715,26,633595,999.9447405703887,29000,29000,621715,621715,28000,28000,0,0,0,0,30,30,28,28,1541,1541,CONSISTENT
910,29798,26000,26000,0,0,0,0,0,555715,26,29772,26,31,31,59,1800,2,0,1060,31,31,31,29,29,23,1,26000,26,26,26,3,59,3,59,26000,26,26000,26,555715,26,639315,0,29000,29000,621715,621715,28000,28000,0,0,0,0,30,30,28,28,1804,1805,TORN-PERSISTENT
920,29987,26000,26000,0,0,0,0,0,555715,26,29961,26,31,31,60,990,1,1000,907,31,31,31,30,30,33,1,26000,26,26,26,3,60,3,60,26000,26,26000,26,555715,26,643495,0,29000,29000,621715,621715,29000,29000,0,0,0,0,30,30,29,29,990,990,CONSISTENT
930,30322,26000,26000,0,0,0,0,0,555715,26,30296,26,32,32,61,1325,2,0,1026,32,32,32,30,30,8,1,26000,26,26,26,3,61,3,61,26000,26,26000,26,555715,26,650865,0,30000,30000,643715,643715,29000,29000,0,0,0,0,31,31,29,29,1326,1326,CONSISTENT
940,30692,26000,26000,0,0,0,0,0,555715,26,30666,26,32,32,61,1695,2,0,1026,32,32,32,30,30,18,1,26000,26,26,26,3,61,3,61,26000,26,26000,26,555715,26,659005,0,30000,30000,643715,643715,29000,29000,0,0,0,0,31,31,29,29,1695,1695,CONSISTENT
950,31064,26000,26000,0,0,0,0,0,555715,26,31038,26,33,33,63,1068,2,1000,1063,33,33,33,31,31,0,1,26000,26,26,26,3,63,3,63,26000,26,26000,26,555715,26,667211,0,31000,31000,665715,665715,30000,30000,0,0,0,0,32,32,30,30,1069,1069,CONSISTENT
960,31274,27000,27000,0,0,0,0,0,577715,27,31247,27,33,33,63,1277,2,1000,1063,33,33,33,31,31,10,1,27000,27,27,27,3,63,3,63,27000,27,27000,27,577715,27,671809,999.9447405703887,31000,31000,665715,665715,30000,30000,0,0,0,0,32,32,30,30,1281,1281,CONSISTENT
970,31608,27000,27000,0,0,0,0,0,577715,27,31581,27,33,33,63,1611,2,1000,1063,33,33,33,31,31,20,1,27000,27,27,27,3,63,3,63,27000,27,27000,27,577715,27,679157,999.9447405703887,31000,31000,665715,665715,30000,30000,0,0,0,0,32,32,30,30,1614,1614,CONSISTENT
980,31813,28000,28000,0,0,0,0,0,599715,28,31785,28,33,33,64,816,1,1000,636,33,33,33,32,32,30,1,28000,28,28,28,3,64,3,64,28000,28,28000,28,599715,28,683689,999.9447405703887,31000,31000,665715,665715,31000,31000,0,0,0,0,32,32,31,31,820,821,TORN-PERSISTENT
990,32191,28000,28000,0,0,0,0,0,599715,28,32163,28,34,34,65,1194,2,0,1022,34,34,34,32,32,4,1,28000,28,28,28,3,65,3,65,28000,28,28000,28,599715,28,691983,999.9447405703887,32000,32000,687715,687715,31000,31000,0,0,0,0,33,33,31,31,1195,1195,CONSISTENT
1000,32563,28000,28000,0,0,0,0,0,599715,28,32535,28,34,34,65,1566,2,0,1022,34,34,34,32,32,14,1,28000,28,28,28,3,65,3,65,28000,28,28000,28,599715,28,700167,999.9447405703887,32000,32000,687715,687715,31000,31000,0,0,0,0,33,33,31,31,1568,1568,CONSISTENT
1010,32842,28000,28000,0,0,0,0,0,599715,28,32814,28,34,34,66,846,1,1000,840,34,34,34,33,33,24,1,28000,28,28,28,3,66,3,66,28000,28,28000,28,599715,28,706327,999.9447405703887,32000,32000,687715,687715,32000,32000,0,0,0,0,33,33,32,32,846,846,CONSISTENT
1020,33106,28000,28000,0,0,0,0,0,599715,28,33078,28,35,35,67,1110,2,0,1021,35,35,35,33,33,2,1,28000,28,28,28,3,67,3,67,28000,28,28000,28,599715,28,712157,999.9447405703887,33000,33000,709715,709715,32000,32000,0,0,0,0,34,34,32,32,1114,1114,CONSISTENT
1030,33498,28000,28000,0,0,0,0,0,599715,28,33470,28,35,35,67,1502,2,0,1021,35,35,35,33,33,12,1,28000,28,28,28,3,67,3,67,28000,28,28000,28,599715,28,720781,999.9447405703887,33000,33000,709715,709715,32000,32000,0,0,0,0,34,34,32,32,1506,1506,CONSISTENT
1040,33880,28000,28000,0,0,0,0,0,599715,28,33852,28,35,35,67,1884,2,0,1021,35,35,35,33,33,22,1,28000,28,28,28,3,67,3,67,28000,28,28000,28,599715,28,729163,0,33000,33000,709715,709715,32000,32000,0,0,0,0,34,34,32,32,1885,1885,CONSISTENT
1050,34042,28000,28000,0,0,0,0,0,599715,28,34014,28,35,35,68,1047,2,1000,977,35,36,35,34,34,30,1,28000,28,28,28,3,68,3,68,28000,28,28000,28,599715,28,732749,0,34000,34000,731715,731715,33000,33000,0,0,0,0,35,35,33,33,1050,1050,CONSISTENT
1060,34433,28000,28000,0,0,0,0,0,599715,28,34405,28,36,36,69,1438,2,0,1050,36,36,36,34,34,10,1,28000,28,28,28,3,69,3,69,28000,28,28000,28,599715,28,741351,0,34000,34000,731715,731715,33000,33000,0,0,0,0,35,35,33,33,1438,1438,CONSISTENT
1070,34698,28000,28000,0,0,0,0,0,599715,28,34670,28,36,36,70,704,1,1000,680,36,36,36,35,35,20,1,28000,28,28,28,3,70,3,70,28000,28,28000,28,599715,28,747203,0,34000,34000,731715,731715,34000,34000,0,0,0,0,35,35,34,34,704,704,CONSISTENT
1080,35033,29000,29000,0,0,0,0,0,621715,29,35004,29,37,37,71,1038,2,0,1012,37,37,37,35,35,0,1,29000,29,29,29,3,71,3,71,29000,29,29000,29,621715,29,754551,999.9447405703887,35000,35000,753715,753715,34000,34000,0,0,0,0,36,36,34,34,1038,1038,CONSISTENT
1090,35376,29000,29000,0,0,0,0,0,621715,29,35347,29,37,37,71,1381,2,0,1012,37,37,37,35,35,8,1,29000,29,29,29,3,71,3,71,29000,29,29000,29,621715,29,762119,999.9447405703887,35000,35000,753715,753715,34000,34000,0,0,0,0,36,36,34,34,1385,1385,CONSISTENT
1100,35751,29000,29000,0,0,0,0,0,621715,29,35722,29,37,37,71,1756,2,0,1012,37,37,37,35,35,20,1,29000,29,29,29,3,71,3,71,29000,29,29000,29,621715,29,770369,999.9447405703887,35000,35000,753715,753715,34000,34000,0,0,0,0,36,36,34,34,1762,1762,CONSISTENT
1110,36055,29000,29000,0,0,0,0,0,621715,29,36026,29,38,38,73,1061,2,1000,1050,38,38,38,36,36,2,1,29000,29,29,29,3,73,3,73,29000,29,29000,29,621715,29,777057,999.9447405703887,36000,36000,775715,775715,35000,35000,0,0,0,0,37,37,35,35,1061,1061,CONSISTENT
1120,36327,29000,29000,0,0,0,0,0,621715,29,36298,29,38,38,73,1333,2,1000,1050,38,38,38,36,36,12,1,29000,29,29,29,3,73,3,73,29000,29,29000,29,621715,29,783041,999.9447405703887,36000,36000,775715,775715,35000,35000,0,0,0,0,37,37,35,35,1335,1335,CONSISTENT
1130,36671,29000,29000,0,0,0,0,0,621715,29,36642,29,38,38,73,1677,2,1000,1050,38,38,38,36,36,20,1,29000,29,29,29,3,73,3,73,29000,29,29000,29,621715,29,790609,999.9447405703887,36000,36000,775715,775715,35000,35000,0,0,0,0,37,37,35,35,1680,1681,TORN-PERSISTENT
1140,36878,30000,30000,0,0,0,0,0,643715,30,36848,30,38,38,74,884,1,1000,745,38,38,38,37,37,30,1,30000,30,30,30,3,74,3,74,30000,30,30000,30,643715,30,795163,999.9447405703887,36000,36000,775715,775715,36000,36000,0,0,0,0,37,37,36,36,886,887,TORN-PERSISTENT
1150,37272,30000,30000,0,0,0,0,0,643715,30,37242,30,39,39,75,1278,2,0,1045,39,39,39,37,37,6,1,30000,30,30,30,3,75,3,75,30000,30,30000,30,643715,30,803831,999.9447405703887,37000,37000,797715,797715,36000,36000,0,0,0,0,38,38,36,36,1278,1278,CONSISTENT
1160,37649,30000,30000,0,0,0,0,0,643715,30,37619,30,39,39,75,1655,2,0,1045,39,39,39,37,37,16,1,30000,30,30,30,3,75,3,75,30000,30,30000,30,643715,30,812147,999.9447405703887,37000,37000,797715,797715,36000,36000,0,0,0,0,38,38,36,36,1659,1659,CONSISTENT
1170,37825,30000,30000,0,0,0,0,0,643715,30,37795,30,39,39,76,832,1,1000,826,39,39,39,38,38,24,1,30000,30,30,30,3,76,3,76,30000,30,30000,30,643715,30,816019,999.9447405703887,37000,37000,797715,797715,37000,37000,0,0,0,0,38,38,37,37,832,832,CONSISTENT
1180,38199,30000,30000,0,0,0,0,0,643715,30,38169,30,40,40,77,1206,2,0,1065,40,40,40,38,38,2,1,30000,30,30,30,3,77,3,77,30000,30,30000,30,643715,30,824247,999.9447405703887,38000,38000,819715,819715,37000,37000,0,0,0,0,39,39,37,37,1207,1207,CONSISTENT
1190,38574,30000,30000,0,0,0,0,0,643715,30,38544,30,40,40,77,1581,2,0,1065,40,40,40,38,38,12,1,30000,30,30,30,3,77,3,77,30000,30,30000,30,643715,30,832497,999.9447405703887,38000,38000,819715,819715,37000,37000,0,0,0,0,39,39,37,37,1583,1585,TORN-PERSISTENT
1200,38890,30000,30000,0,0,0,0,0,643715,30,38860,30,40,40,78,898,1,1000,881,40,40,40,39,39,22,1,30000,30,30,30,3,78,3,78,30000,30,30000,30,643715,30,839471,0,38000,38000,819715,819715,38000,38000,0,0,0,0,39,39,38,38,898,898,CONSISTENT
1210,39132,30000,30000,0,0,0,0,0,643715,30,39102,30,41,41,79,1140,2,0,1042,41,41,41,39,39,2,1,30000,30,30,30,3,79,3,79,30000,30,30000,30,643715,30,844795,0,39000,39000,841715,841715,38000,38000,0,0,0,0,40,40,38,38,1143,1143,CONSISTENT
1220,39524,30000,30000,0,0,0,0,0,643715,30,39494,30,41,41,79,1532,2,0,1042,41,41,41,39,39,12,1,30000,30,30,30,3,79,3,79,30000,30,30000,30,643715,30,853419,0,39000,39000,841715,841715,38000,38000,0,0,0,0,40,40,38,38,1532,1532,CONSISTENT
1230,39909,30000,30000,0,0,0,0,0,643715,30,39879,30,41,41,79,1917,2,0,1042,41,41,41,39,39,22,1,30000,30,30,30,3,79,3,79,30000,30,30000,30,643715,30,861911,0,39000,39000,841715,841715,38000,38000,0,0,0,0,40,40,38,38,1923,1923,CONSISTENT
1240,40110,30000,30000,0,0,0,0,0,643715,30,40080,30,42,42,81,1119,2,0,1003,42,42,42,40,40,6,1,30000,30,30,30,3,81,3,81,30000,30,30000,30,643715,30,866355,0,40000,40000,863715,863715,39000,39000,0,0,0,0,41,41,39,39,1120,1120,CONSISTENT
1250,40457,30000,30000,0,0,0,0,0,643715,30,40427,30,42,42,82,467,1,1000,465,42,42,42,41,41,16,1,30000,30,30,30,3,82,3,82,30000,30,30000,30,643715,30,873989,0,40000,40000,863715,863715,40000,40000,0,0,0,0,41,41,40,40,467,467,CONSISTENT
1260,40664,31000,31000,0,0,0,0,0,665715,31,40633,31,42,42,82,673,1,1000,465,42,42,42,41,41,26,1,31000,31,31,31,3,82,3,82,31000,31,31000,31,665715,31,878521,999.9447405703887,40000,40000,863715,863715,40000,40000,0,0,0,0,41,41,40,40,676,677,TORN-PERSISTENT
1270,41054,31000,31000,0,0,0,0,0,665715,31,41023,31,43,43,83,1063,2,0,1040,43,43,43,41,41,0,1,31000,31,31,31,3,83,3,83,31000,31,31000,31,665715,31,887123,999.9447405703887,41000,41000,885715,885715,40000,40000,0,0,0,0,42,42,40,40,1066,1066,CONSISTENT
1280,41441,31000,31000,0,0,0,0,0,665715,31,41410,31,43,43,83,1450,2,0,1040,43,43,43,41,41,10,1,31000,31,31,31,3,83,3,83,31000,31,31000,31,665715,31,895615,999.9447405703887,41000,41000,885715,885715,40000,40000,0,0,0,0,42,42,40,40,1453,1453,CONSISTENT
1290,41828,31000,31000,0,0,0,0,0,665715,31,41797,31,43,43,83,1837,2,0,1040,43,43,43,41,41,20,1,31000,31,31,31,3,83,3,83,31000,31,31000,31,665715,31,904151,999.9447405703887,41000,41000,885715,885715,40000,40000,0,0,0,0,42,42,40,40,1840,1840,CONSISTENT
1300,42117,31000,31000,0,0,0,0,0,665715,31,42086,31,44,44,85,1127,2,1000,1122,44,44,44,42,42,4,1,31000,31,31,31,3,85,3,85,31000,31,31000,31,665715,31,910509,999.9447405703887,42000,42000,907715,907715,41000,41000,0,0,0,0,43,43,41,41,1127,1127,CONSISTENT
1310,42376,31000,31000,0,0,0,0,0,665715,31,42345,31,44,44,85,1386,2,1000,1122,44,44,44,42,42,14,1,31000,31,31,31,3,85,3,85,31000,31,31000,31,665715,31,916207,999.9447405703887,42000,42000,907715,907715,41000,41000,0,0,0,0,43,43,41,41,1386,1386,CONSISTENT
1320,42590,31000,31000,0,0,0,0,0,665715,31,42559,31,44,44,86,601,1,1000,598,44,44,44,43,43,24,1,31000,31,31,31,3,86,3,86,31000,31,31000,31,665715,31,920937,0,42000,42000,907715,907715,42000,42000,0,0,0,0,43,43,42,42,601,601,CONSISTENT
1330,42961,32000,32000,0,0,0,0,0,687715,32,42929,32,44,44,86,971,1,1000,598,44,44,44,43,43,34,1,32000,32,32,32,3,86,3,86,32000,32,32000,32,687715,32,929077,999.9447405703887,42000,42000,907715,907715,42000,42000,0,0,0,0,43,43,42,42,971,971,CONSISTENT
1340,43350,32000,32000,0,0,0,0,0,687715,32,43318,32,45,45,87,1360,2,0,1026,45,45,45,43,43,8,1,32000,32,32,32,3,87,3,87,32000,32,32000,32,687715,32,937635,999.9447405703887,43000,43000,929715,929715,42000,42000,0,0,0,0,44,44,42,42,1361,1361,CONSISTENT
1350,43662,32000,32000,0,0,0,0,0,687715,32,43630,32,45,45,88,673,1,1000,658,45,45,45,44,44,16,1,32000,32,32,32,3,88,3,88,32000,32,32000,32,687715,32,944521,999.9447405703887,43000,43000,929715,929715,43000,43000,0,0,0,0,44,44,43,43,674,674,CONSISTENT
1360,43913,32000,32000,0,0,0,0,0,687715,32,43881,32,45,45,88,924,1,1000,658,45,45,45,44,44,28,1,32000,32,32,32,3,88,3,88,32000,32,32000,32,687715,32,950043,999.9447405703887,43000,43000,929715,929715,43000,43000,0,0,0,0,44,44,43,43,924,924,CONSISTENT
1370,44294,32000,32000,0,0,0,0,0,687715,32,44262,32,46,46,89,1305,2,0,1067,46,46,46,44,44,6,1,32000,32,32,32,3,89,3,89,32000,32,32000,32,687715,32,958425,999.9447405703887,44000,44000,951715,951715,43000,43000,0,0,0,0,45,45,43,43,1305,1305,CONSISTENT
1380,44674,32000,32000,0,0,0,0,0,687715,32,44642,32,46,46,89,1685,2,0,1067,46,46,46,44,44,16,1,32000,32,32,32,3,89,3,89,32000,32,32000,32,687715,32,966785,999.9447405703887,44000,44000,951715,951715,43000,43000,0,0,0,0,45,45,43,43,1687,1687,CONSISTENT
1390,44865,32000,32000,0,0,0,0,0,687715,32,44833,32,46,46,90,877,1,1000,752,46,46,46,45,45,26,1,32000,32,32,32,3,90,3,90,32000,32,32000,32,687715,32,971009,0,44000,44000,951715,951715,44000,44000,0,0,0,0,45,45,44,44,877,877,CONSISTENT
1400,45212,32000,32000,0,0,0,0,0,687715,32,45180,32,47,47,91,1224,2,0,1006,47,47,47,45,45,4,1,32000,32,32,32,3,91,3,91,32000,32,32000,32,687715,32,978643,0,45000,45000,973715,973715,44000,44000,0,0,0,0,46,46,44,44,1224,1224,CONSISTENT
1410,45587,32000,32000,0,0,0,0,0,687715,32,45555,32,47,47,91,1599,2,0,1006,47,47,47,45,45,16,1,32000,32,32,32,3,91,3,91,32000,32,32000,32,687715,32,986893,0,45000,45000,973715,973715,44000,44000,0,0,0,0,46,46,44,44,1600,1600,CONSISTENT
1420,45863,32000,32000,0,0,0,0,0,687715,32,45831,32,47,47,92,876,1,1000,866,47,47,47,46,46,26,1,32000,32,32,32,3,92,3,92,32000,32,32000,32,687715,32,992987,0,45000,45000,973715,973715,45000,45000,0,0,0,0,46,46,45,45,876,876,CONSISTENT
1430,46184,33000,33000,0,0,0,0,0,709715,33,46151,33,48,48,93,1196,2,0,1026,48,48,48,46,46,4,1,33000,33,33,33,3,93,3,93,33000,33,33000,33,709715,33,1000027,999.9447405703887,46000,46000,995715,995715,45000,45000,0,0,0,0,47,47,45,45,1198,1199,TORN-PERSISTENT
1440,46531,33000,33000,0,0,0,0,0,709715,33,46498,33,48,48,93,1543,2,0,1026,48,48,48,46,46,12,1,33000,33,33,33,3,93,3,93,33000,33,33000,33,709715,33,1007661,999.9447405703887,46000,46000,995715,995715,45000,45000,0,0,0,0,47,47,45,45,1544,1544,CONSISTENT
1450,46924,33000,33000,0,0,0,0,0,709715,33,46891,33,48,48,93,1936,2,0,1026,48,48,48,46,46,22,1,33000,33,33,33,3,93,3,93,33000,33,33000,33,709715,33,1016307,999.9447405703887,46000,46000,995715,995715,45000,45000,0,0,0,0,47,47,45,45,1939,1939,CONSISTENT
1460,47128,33000,33000,0,0,0,0,0,709715,33,47095,33,49,49,95,1141,2,1000,1013,49,49,49,47,47,8,1,33000,33,33,33,3,95,3,95,33000,33,33000,33,709715,33,1020817,999.9447405703887,47000,47000,1017715,1017715,46000,46000,0,0,0,0,48,48,46,46,1143,1143,CONSISTENT
1470,47472,33000,33000,0,0,0,0,0,709715,33,47439,33,49,49,96,486,1,1000,482,49,49,49,48,48,18,1,33000,33,33,33,3,96,3,96,33000,33,33000,33,709715,33,1028407,999.9447405703887,47000,47000,1017715,1017715,47000,47000,0,0,0,0,48,48,47,47,486,486,CONSISTENT
1480,47682,33000,33000,0,0,0,0,0,709715,33,47649,33,49,49,96,696,1,1000,482,49,49,49,48,48,26,1,33000,33,33,33,3,96,3,96,33000,33,33000,33,709715,33,1033027,999.9447405703887,47000,47000,1017715,1017715,47000,47000,0,0,0,0,48,48,47,47,696,696,CONSISTENT
1490,48072,33000,33000,0,0,0,0,0,709715,33,48039,33,50,50,97,1086,2,0,1021,50,50,50,48,48,0,1,33000,33,33,33,3,97,3,97,33000,33,33000,33,709715,33,1041607,0,48000,48000,1039715,1039715,47000,47000,0,0,0,0,49,49,47,47,1086,1086,CONSISTENT
1500,48457,33000,33000,0,0,0,0,0,709715,33,48424,33,50,50,97,1471,2,0,1021,50,50,50,48,48,10,1,33000,33,33,33,3,97,3,97,33000,33,33000,33,709715,33,1050077,0,48000,48000,1039715,1039715,47000,47000,0,0,0,0,49,49,47,47,1473,1473,CONSISTENT
1510,48727,33000,33000,0,0,0,0,0,709715,33,48694,33,50,50,97,1741,2,0,1021,50,50,50,48,48,20,1,33000,33,33,33,3,97,3,97,33000,33,33000,33,709715,33,1056039,0,48000,48000,1039715,1039715,47000,47000,0,0,0,0,49,49,47,47,1742,1742,CONSISTENT
1520,48932,33000,33000,0,0,0,0,0,709715,33,48899,33,50,50,98,947,1,1000,905,50,50,50,49,49,30,1,33000,33,33,33,3,98,3,98,33000,33,33000,33,709715,33,1060549,0,48000,48000,1039715,1039715,48000,48000,0,0,0,0,49,49,48,48,951,951,CONSISTENT
1530,49288,33000,33000,0,0,0,0,0,709715,33,49255,33,51,51,99,1303,2,0,1055,51,51,51,49,49,6,1,33000,33,33,33,3,99,3,99,33000,33,33000,33,709715,33,1068381,0,49000,49000,1061715,1061715,48000,48000,0,0,0,0,50,50,48,48,1305,1306,TORN-PERSISTENT
1540,49670,33000,33000,0,0,0,0,0,709715,33,49637,33,51,51,99,1685,2,0,1055,51,51,51,49,49,16,1,33000,33,33,33,3,99,3,99,33000,33,33000,33,709715,33,1076807,0,49000,49000,1061715,1061715,48000,48000,0,0,0,0,50,50,48,48,1688,1688,CONSISTENT
1550,49941,33000,33000,0,0,0,0,0,709715,33,49908,33,51,51,100,957,1,1000,953,51,51,51,50,50,26,1,33000,33,33,33,3,100,3,100,33000,33,33000,33,709715,33,1082769,0,49000,49000,1061715,1061715,49000,49000,0,0,0,0,50,50,49,49,957,957,CONSISTENT
1560,50262,33000,33000,0,0,0,0,0,709715,33,50229,33,52,52,101,1278,2,0,1010,52,52,52,50,50,6,1,33000,33,33,33,3,101,3,101,33000,33,33000,33,709715,33,1089831,0,50000,50000,1083715,1083715,49000,49000,0,0,0,0,51,51,49,49,1280,1280,CONSISTENT
1570,50591,33000,33000,0,0,0,0,0,709715,33,50558,33,52,52,101,1607,2,0,1010,52,52,52,50,50,16,1,33000,33,33,33,3,101,3,101,33000,33,33000,33,709715,33,1097069,0,50000,50000,1083715,1083715,49000,49000,0,0,0,0,51,51,49,49,1608,1608,CONSISTENT
1580,50792,33000,33000,0,0,0,0,0,709715,33,50759,33,52,52,102,809,1,1000,612,52,52,52,51,51,26,1,33000,33,33,33,3,102,3,102,33000,33,33000,33,709715,33,1101513,0,50000,50000,1083715,1083715,50000,50000,0,0,0,0,51,51,50,50,811,811,CONSISTENT
1590,51170,33000,33000,0,0,0,0,0,709715,33,51137,33,53,53,103,1187,2,0,1010,53,53,53,51,51,4,1,33000,33,33,33,3,103,3,103,33000,33,33000,33,709715,33,1109829,0,51000,51000,1105715,1105715,50000,50000,0,0,0,0,52,52,50,50,1188,1188,CONSISTENT
1600,51551,33000,33000,0,0,0,0,0,709715,33,51518,33,53,53,103,1568,2,0,1010,53,53,53,51,51,14,1,33000,33,33,33,3,103,3,103,33000,33,33000,33,709715,33,1118211,0,51000,51000,1105715,1105715,50000,50000,0,0,0,0,52,52,50,50,1572,1573,TORN-PERSISTENT
1610,51888,33000,33000,0,0,0,0,0,709715,33,51855,33,53,53,103,1905,2,0,1010,53,53,53,51,51,24,1,33000,33,33,33,3,103,3,103,33000,33,33000,33,709715,33,1125625,0,51000,51000,1105715,1105715,50000,50000,0,0,0,0,52,52,50,50,1905,1905,CONSISTENT
1620,52080,33000,33000,0,0,0,0,0,709715,33,52047,33,54,54,105,1098,2,0,1047,54,54,54,52,52,6,1,33000,33,33,33,4,105,4,105,33000,33,33000,33,709715,33,1129893,0,52000,52000,1127715,1127715,51000,51000,0,0,0,0,53,53,51,51,1099,1099,CONSISTENT
1630,52464,33000,33000,0,0,0,0,0,709715,33,52431,33,54,54,105,1482,2,0,1047,54,54,54,52,52,16,1,33000,33,33,33,4,105,4,105,33000,33,33000,33,709715,33,1138319,0,52000,52000,1127715,1127715,51000,51000,0,0,0,0,53,53,51,51,1485,1485,CONSISTENT
1640,52664,33000,33000,0,0,0,0,0,709715,33,52631,33,54,54,106,683,1,1000,536,54,54,54,53,53,26,1,33000,33,33,33,4,106,4,106,33000,33,33000,33,709715,33,1142741,0,52000,52000,1127715,1127715,52000,52000,0,0,0,0,53,53,52,52,683,683,CONSISTENT
1650,53053,33000,33000,0,0,0,0,0,709715,33,53020,33,55,55,107,1072,2,0,1039,55,55,55,53,53,0,1,33000,33,33,33,4,107,4,107,33000,33,33000,33,709715,33,1151299,0,53000,53000,1149715,1149715,52000,52000,0,0,0,0,54,54,52,52,1073,1073,CONSISTENT
1660,53409,33000,33000,0,0,0,0,0,709715,33,53376,33,55,55,107,1428,2,0,1039,55,55,55,53,53,10,1,33000,33,33,33,4,107,4,107,33000,33,33000,33,709715,33,1159131,0,53000,53000,1149715,1149715,52000,52000,0,0,0,0,54,54,52,52,1429,1429,CONSISTENT
1670,53791,33000,33000,0,0,0,0,0,709715,33,53758,33,55,55,107,1810,2,0,1039,55,55,55,53,53,20,1,33000,33,33,33,4,107,4,107,33000,33,33000,33,709715,33,1167535,0,53000,53000,1149715,1149715,52000,52000,0,0,0,0,54,54,52,52,1813,1814,TORN-PERSISTENT
1680,53994,33000,33000,0,0,0,0,0,709715,33,53961,33,55,55,108,1014,2,1000,943,55,56,55,54,54,30,1,33000,33,33,33,4,108,4,108,33000,33,33000,33,709715,33,1172023,0,54000,54000,1171715,1171715,53000,53000,0,0,0,0,55,55,53,53,1018,1018,CONSISTENT
1690,54389,33000,33000,0,0,0,0,0,709715,33,54356,33,56,56,109,1409,2,0,1076,56,56,56,54,54,8,1,33000,33,33,33,4,109,4,109,33000,33,33000,33,709715,33,1180713,0,54000,54000,1171715,1171715,53000,53000,0,0,0,0,55,55,53,53,1411,1411,CONSISTENT
1700,54617,33000,33000,0,0,0,0,0,709715,33,54584,33,56,56,110,638,1,1000,631,56,56,56,55,55,16,1,33000,33,33,33,4,110,4,110,33000,33,33000,33,709715,33,1185751,0,54000,54000,1171715,1171715,54000,54000,0,0,0,0,55,55,54,54,638,638,CONSISTENT
1710,54935,33000,33000,0,0,0,0,0,709715,33,54902,33,56,56,110,956,1,1000,631,56,56,56,55,55,28,1,33000,33,33,33,4,110,4,110,33000,33,33000,33,709715,33,1192747,0,54000,54000,1171715,1171715,54000,54000,0,0,0,0,55,55,54,54,957,957,CONSISTENT
1720,55327,33000,33000,0,0,0,0,0,709715,33,55294,33,57,57,111,1348,2,0,1028,57,57,57,55,55,8,1,33000,33,33,33,4,111,4,111,33000,33,33000,33,709715,33,1201371,0,55000,55000,1193715,1193715,54000,54000,0,0,0,0,56,56,54,54,1348,1348,CONSISTENT
1730,55651,33000,33000,0,0,0,0,0,709715,33,55618,33,57,57,112,673,1,1000,671,57,57,57,56,56,18,1,33000,33,33,33,4,112,4,112,33000,33,33000,33,709715,33,1208521,0,55000,55000,1193715,1193715,55000,55000,0,0,0,0,56,56,55,55,673,673,CONSISTENT
1740,55864,33000,33000,0,0,0,0,0,709715,33,55831,33,57,57,112,886,1,1000,671,57,57,57,56,56,26,1,33000,33,33,33,4,112,4,112,33000,33,33000,33,709715,33,1213207,0,55000,55000,1193715,1193715,55000,55000,0,0,0,0,56,56,55,55,890,890,CONSISTENT
1750,56247,33000,33000,0,0,0,0,0,709715,33,56214,33,58,58,113,1269,2,0,1055,58,58,58,56,56,4,1,33000,33,33,33,4,113,4,113,33000,33,33000,33,709715,33,1221633,0,56000,56000,1215715,1215715,55000,55000,0,0,0,0,57,57,55,55,1273,1273,CONSISTENT
1760,56634,33000,33000,0,0,0,0,0,709715,33,56601,33,58,58,113,1656,2,0,1055,58,58,58,56,56,16,1,33000,33,33,33,4,113,4,113,33000,33,33000,33,709715,33,1230147,0,56000,56000,1215715,1215715,55000,55000,0,0,0,0,57,57,55,55,1658,1659,TORN-PERSISTENT
1770,56846,33000,33000,0,0,0,0,0,709715,33,56813,33,58,58,114,869,1,1000,671,58,58,58,57,57,26,1,33000,33,33,33,4,114,4,114,33000,33,33000,33,709715,33,1234833,0,56000,56000,1215715,1215715,56000,56000,0,0,0,0,57,57,56,56,870,870,CONSISTENT
1780,57199,33000,33000,0,0,0,0,0,709715,33,57166,33,59,59,115,1222,2,0,1014,59,59,59,57,57,4,1,33000,33,33,33,4,115,4,115,33000,33,33000,33,709715,33,1242599,0,57000,57000,1237715,1237715,56000,56000,0,0,0,0,58,58,56,56,1225,1226,TORN-PERSISTENT
1790,57592,33000,33000,0,0,0,0,0,709715,33,57559,33,59,59,115,1615,2,0,1014,59,59,59,57,57,14,1,33000,33,33,33,4,115,4,115,33000,33,33000,33,709715,33,1251245,0,57000,57000,1237715,1237715,56000,56000,0,0,0,0,58,58,56,56,1617,1619,TORN-PERSISTENT
1800,57792,33000,33000,0,0,0,0,0,709715,33,57759,33,59,59,116,816,1,1000,724,59,59,59,58,58,24,1,33000,33,33,33,4,116,4,116,33000,33,33000,33,709715,33,1255667,0,57000,57000,1237715,1237715,57000,57000,0,0,0,0,58,58,57,57,816,816,CONSISTENT
1810,58076,33000,33000,0,0,0,0,0,709715,33,58043,33,60,60,117,1100,2,0,1051,60,60,60,58,58,0,1,33000,33,33,33,4,117,4,117,33000,33,33000,33,709715,33,1261915,0,58000,58000,1259715,1259715,57000,57000,0,0,0,0,59,59,57,57,1100,1100,CONSISTENT
1820,58429,33000,33000,0,0,0,0,0,709715,33,58396,33,60,60,117,1453,2,0,1051,60,60,60,58,58,10,1,33000,33,33,33,4,117,4,117,33000,33,33000,33,709715,33,1269703,0,58000,58000,1259715,1259715,57000,57000,0,0,0,0,59,59,57,57,1456,1456,CONSISTENT
1830,58823,33000,33000,0,0,0,0,0,709715,33,58790,33,60,60,117,1847,2,0,1051,60,60,60,58,58,20,1,33000,33,33,33,4,117,4,117,33000,33,33000,33,709715,33,1278349,0,58000,58000,1259715,1259715,57000,57000,0,0,0,0,59,59,57,57,1851,1851,CONSISTENT
1840,59095,33000,33000,0,0,0,0,0,709715,33,59062,33,61,61,119,1120,2,1000,1116,61,61,61,59,59,4,1,33000,33,33,33,4,119,4,119,33000,33,33000,33,709715,33,1284355,0,59000,59000,1281715,1281715,58000,58000,0,0,0,0,60,60,58,58,1120,1120,CONSISTENT
1850,59426,34000,34000,0,0,0,0,0,731715,34,59392,34,61,61,119,1450,2,1000,1116,61,61,61,59,59,14,1,34000,34,34,34,4,119,4,119,34000,34,34000,34,731715,34,1291615,999.9447405703887,59000,59000,1281715,1281715,58000,58000,0,0,0,0,60,60,58,58,1453,1453,CONSISTENT
1860,59635,35000,35000,0,0,0,0,0,753715,35,59600,35,61,61,120,659,1,1000,568,61,61,61,60,60,24,1,35000,35,35,35,4,120,4,120,35000,35,35000,35,753715,35,1296213,999.9447405703887,59000,59000,1281715,1281715,59000,59000,0,0,0,0,60,60,59,59,661,662,TORN-PERSISTENT
1870,59994,35000,35000,0,0,0,0,0,753715,35,59959,35,62,62,121,1018,2,0,1003,62,62,62,60,60,0,1,35000,35,35,35,4,121,4,121,35000,35,35000,35,753715,35,1304111,999.9447405703887,60000,60000,1303715,1303715,59000,59000,0,0,0,0,61,61,59,59,1021,1021,CONSISTENT
1880,60395,35000,35000,0,0,0,0,0,753715,35,60360,35,62,62,121,1419,2,0,1003,62,62,62,60,60,10,1,35000,35,35,35,4,121,4,121,35000,35,35000,35,753715,35,1312933,999.9447405703887,60000,60000,1303715,1303715,59000,59000,0,0,0,0,61,61,59,59,1421,1421,CONSISTENT
1890,60704,35000,35000,0,0,0,0,0,753715,35,60669,35,62,62,122,729,1,1000,725,62,62,62,61,61,20,1,35000,35,35,35,4,122,4,122,35000,35,35000,35,753715,35,1319753,999.9447405703887,60000,60000,1303715,1303715,60000,60000,0,0,0,0,61,61,60,60,729,729,CONSISTENT
1900,61002,35000,35000,0,0,0,0,0,753715,35,60967,35,62,62,122,1027,2,1000,725,62,63,62,61,61,30,1,35000,35,35,35,4,122,4,122,35000,35,35000,35,753715,35,1326331,999.9447405703887,61000,61000,1325715,1325715,60000,60000,0,0,0,0,62,62,60,60,1029,1029,CONSISTENT
1910,61349,35000,35000,0,0,0,0,0,753715,35,61314,35,63,63,123,1374,2,0,1070,63,63,63,61,61,8,1,35000,35,35,35,4,123,4,123,35000,35,35000,35,753715,35,1333943,0,61000,61000,1325715,1325715,60000,60000,0,0,0,0,62,62,60,60,1377,1378,TORN-PERSISTENT
1920,61597,35000,35000,0,0,0,0,0,753715,35,61562,35,63,63,124,623,1,1000,612,63,63,63,62,62,18,1,35000,35,35,35,4,124,4,124,35000,35,35000,35,753715,35,1339421,0,61000,61000,1325715,1325715,61000,61000,0,0,0,0,62,62,61,61,623,623,CONSISTENT
1930,61944,35000,35000,0,0,0,0,0,753715,35,61909,35,63,63,124,970,1,1000,612,63,63,63,62,62,28,1,35000,35,35,35,4,124,4,124,35000,35,35000,35,753715,35,1347055,0,61000,61000,1325715,1325715,61000,61000,0,0,0,0,62,62,61,61,973,974,TORN-PERSISTENT
1941,62343,35000,35000,0,0,0,0,0,753715,35,62308,35,64,64,125,1369,2,0,1028,64,64,64,62,62,8,1,35000,35,35,35,4,125,4,125,35000,35,35000,35,753715,35,1355833,0,62000,62000,1347715,1347715,61000,61000,0,0,0,0,63,63,61,61,1369,1369,CONSISTENT
1950,62572,35000,35000,0,0,0,0,0,753715,35,62537,35,64,64,126,599,1,1000,591,64,64,64,63,63,18,1,35000,35,35,35,4,126,4,126,35000,35,35000,35,753715,35,1360893,0,62000,62000,1347715,1347715,62000,62000,0,0,0,0,63,63,62,62,599,599,CONSISTENT
1960,62890,35000,35000,0,0,0,0,0,753715,35,62855,35,64,64,126,917,1,1000,591,64,64,64,63,63,28,1,35000,35,35,35,4,126,4,126,35000,35,35000,35,753715,35,1367911,0,62000,62000,1347715,1347715,62000,62000,0,0,0,0,63,63,62,62,920,921,TORN-PERSISTENT
1970,63283,35000,35000,0,0,0,0,0,753715,35,63248,35,65,65,127,1310,2,0,1072,65,65,65,63,63,6,1,35000,35,35,35,4,127,4,127,35000,35,35000,35,753715,35,1376557,0,63000,63000,1369715,1369715,62000,62000,0,0,0,0,64,64,62,62,1312,1312,CONSISTENT
1980,63575,35000,35000,0,0,0,0,0,753715,35,63540,35,65,65,128,603,1,1000,599,65,65,65,64,64,16,1,35000,35,35,35,4,128,4,128,35000,35,35000,35,753715,35,1382981,0,63000,63000,1369715,1369715,63000,63000,0,0,0,0,64,64,63,63,603,603,CONSISTENT
1990,63835,35000,35000,0,0,0,0,0,753715,35,63800,35,65,65,128,863,1,1000,599,65,65,65,64,64,24,1,35000,35,35,35,4,128,4,128,35000,35,35000,35,753715,35,1388701,0,63000,63000,1369715,1369715,63000,63000,0,0,0,0,64,64,63,63,866,868,TORN-PERSISTENT
2000,64236,35000,35000,0,0,0,0,0,753715,35,64201,35,66,66,129,1264,2,0,1034,66,66,66,64,64,6,1,35000,35,35,35,4,129,4,129,35000,35,35000,35,753715,35,1397523,0,64000,64000,1391715,1391715,63000,63000,0,0,0,0,65,65,63,63,1269,1269,CONSISTENT
2010,64632,35000,35000,0,0,0,0,0,753715,35,64597,35,66,66,129,1660,2,0,1034,66,66,66,64,64,16,1,35000,35,35,35,4,129,4,129,35000,35,35000,35,753715,35,1406235,0,64000,64000,1391715,1391715,63000,63000,0,0,0,0,65,65,63,63,1663,1664,TORN-PERSISTENT
2020,64842,36000,36000,0,0,0,0,0,775715,36,64806,36,66,66,130,870,1,1000,749,66,66,66,65,65,26,1,36000,36,36,36,4,130,4,130,36000,36,36000,36,775715,36,1410855,999.9447405703887,64000,64000,1391715,1391715,64000,64000,0,0,0,0,65,65,64,64,871,872,TORN-PERSISTENT
2030,65206,36000,36000,0,0,0,0,0,775715,36,65170,36,67,67,131,1234,2,0,1023,67,67,67,65,65,4,1,36000,36,36,36,4,131,4,131,36000,36,36000,36,775715,36,1418863,999.9447405703887,65000,65000,1413715,1413715,64000,64000,0,0,0,0,66,66,64,64,1238,1239,TORN-PERSISTENT
2040,65553,36000,36000,0,0,0,0,0,775715,36,65517,36,67,67,132,582,1,1000,576,67,67,67,66,66,14,1,36000,36,36,36,4,132,4,132,36000,36,36000,36,775715,36,1426519,999.9447405703887,65000,65000,1413715,1413715,65000,65000,0,0,0,0,66,66,65,65,582,582,CONSISTENT
2050,65817,37000,37000,0,0,0,0,0,797715,37,65780,37,67,67,132,845,1,1000,576,67,67,67,66,66,24,1,37000,37,37,37,4,132,4,132,37000,37,37000,37,797715,37,1432327,999.9447405703887,65000,65000,1413715,1413715,65000,65000,0,0,0,0,66,66,65,65,846,846,CONSISTENT
2060,66218,37000,37000,0,0,0,0,0,797715,37,66181,37,68,68,133,1246,2,0,1006,68,68,68,66,66,6,1,37000,37,37,37,4,133,4,133,37000,37,37000,37,797715,37,1441127,999.9447405703887,66000,66000,1435715,1435715,65000,65000,0,0,0,0,67,67,65,65,1249,1249,CONSISTENT
2070,66579,37000,37000,0,0,0,0,0,797715,37,66542,37,68,68,133,1607,2,0,1006,68,68,68,66,66,14,1,37000,37,37,37,4,133,4,133,37000,37,37000,37,797715,37,1449069,999.9447405703887,66000,66000,1435715,1435715,65000,65000,0,0,0,0,67,67,65,65,1607,1607,CONSISTENT
2080,66784,37000,37000,0,0,0,0,0,797715,37,66747,37,68,68,134,813,1,1000,716,68,68,68,67,67,24,1,37000,37,37,37,4,134,4,134,37000,37,37000,37,797715,37,1453601,999.9447405703887,66000,66000,1435715,1435715,66000,66000,0,0,0,0,67,67,66,66,815,815,CONSISTENT
2090,67172,37000,37000,0,0,0,0,0,797715,37,67135,37,69,69,135,1201,2,0,1052,69,69,69,67,67,2,1,37000,37,37,37,4,135,4,135,37000,37,37000,37,797715,37,1462137,999.9447405703887,67000,67000,1457715,1457715,66000,66000,0,0,0,0,68,68,66,66,1203,1203,CONSISTENT
2100,67554,37000,37000,0,0,0,0,0,797715,37,67517,37,69,69,135,1583,2,0,1052,69,69,69,67,67,12,1,37000,37,37,37,4,135,4,135,37000,37,37000,37,797715,37,1470541,0,67000,67000,1457715,1457715,66000,66000,0,0,0,0,68,68,66,66,1583,1583,CONSISTENT
2110,67658,38000,38000,0,0,0,0,0,819715,38,67620,38,69,69,136,687,1,1000,584,69,69,69,68,68,22,1,38000,38,38,38,4,136,4,136,38000,38,38000,38,819715,38,1472829,999.9447405703887,67000,67000,1457715,1457715,67000,67000,0,0,0,0,68,68,67,67,687,687,CONSISTENT
2120,68016,38000,38000,0,0,0,0,0,819715,38,67978,38,70,70,137,1045,2,0,1024,70,70,70,68,68,0,1,38000,38,38,38,4,137,4,137,38000,38,38000,38,819715,38,1480749,999.9447405703887,68000,68000,1479715,1479715,67000,67000,0,0,0,0,69,69,67,67,1047,1047,CONSISTENT
2130,68412,38000,38000,0,0,0,0,0,819715,38,68374,38,70,70,137,1441,2,0,1024,70,70,70,68,68,10,1,38000,38,38,38,4,137,4,137,38000,38,38000,38,819715,38,1489417,999.9447405703887,68000,68000,1479715,1479715,67000,67000,0,0,0,0,69,69,67,67,1443,1444,TORN-PERSISTENT
2140,68813,38000,38000,0,0,0,0,0,819715,38,68775,38,70,70,137,1842,2,0,1024,70,70,70,68,68,20,1,38000,38,38,38,4,137,4,137,38000,38,38000,38,819715,38,1498239,999.9447405703887,68000,68000,1479715,1479715,67000,67000,0,0,0,0,69,69,67,67,1847,1847,CONSISTENT
2150,69029,38000,38000,0,0,0,0,0,819715,38,68991,38,71,71,139,1059,2,0,1022,71,71,71,69,69,4,1,38000,38,38,38,5,139,5,139,38000,38,38000,38,819715,38,1503013,999.9447405703887,69000,69000,1501715,1501715,68000,68000,0,0,0,0,70,70,68,68,1061,1061,CONSISTENT
2160,69369,38000,38000,0,0,0,0,0,819715,38,69331,38,71,71,139,1399,2,0,1022,71,71,71,69,69,14,1,38000,38,38,38,5,139,5,139,38000,38,38000,38,819715,38,1510493,999.9447405703887,69000,69000,1501715,1501715,68000,68000,0,0,0,0,70,70,68,68,1400,1400,CONSISTENT
2170,69573,38000,38000,0,0,0,0,0,819715,38,69535,38,71,71,140,604,1,1000,438,71,71,71,70,70,24,1,38000,38,38,38,5,140,5,140,38000,38,38000,38,819715,38,1515003,0,69000,69000,1501715,1501715,69000,69000,0,0,0,0,70,70,69,69,605,606,TORN-PERSISTENT
2180,69970,38000,38000,0,0,0,0,0,819715,38,69932,38,71,71,140,1001,2,1000,438,71,72,71,70,70,34,1,38000,38,38,38,5,140,5,140,38000,38,38000,38,819715,38,1523737,0,70000,70000,1523715,1523715,69000,69000,0,0,0,0,71,71,69,69,1001,1001,CONSISTENT
2190,70355,38000,38000,0,0,0,0,0,819715,38,70317,38,72,72,141,1386,2,0,1050,72,72,72,70,70,8,1,38000,38,38,38,5,141,5,141,38000,38,38000,38,819715,38,1532207,0,70000,70000,1523715,1523715,69000,69000,0,0,0,0,71,71,69,69,1387,1387,CONSISTENT
2200,70702,38000,38000,0,0,0,0,0,819715,38,70664,38,72,72,141,1733,2,0,1050,72,72,72,70,70,18,1,38000,38,38,38,5,141,5,141,38000,38,38000,38,819715,38,1539841,0,70000,70000,1523715,1523715,69000,69000,0,0,0,0,71,71,69,69,1738,1738,CONSISTENT
2210,71029,38000,38000,0,0,0,0,0,819715,38,70991,38,73,73,143,1061,2,1000,1057,73,73,73,71,71,2,1,38000,38,38,38,5,143,5,143,38000,38,38000,38,819715,38,1547057,0,71000,71000,1545715,1545715,70000,70000,0,0,0,0,72,72,70,70,1061,1061,CONSISTENT
2220,71283,38000,38000,0,0,0,0,0,819715,38,71245,38,73,73,143,1315,2,1000,1057,73,73,73,71,71,12,1,38000,38,38,38,5,143,5,143,38000,38,38000,38,819715,38,1552645,0,71000,71000,1545715,1545715,70000,70000,0,0,0,0,72,72,70,70,1317,1317,CONSISTENT
2230,71495,38000,38000,0,0,0,0,0,819715,38,71457,38,73,73,144,528,1,1000,487,73,73,73,72,72,22,1,38000,38,38,38,5,144,5,144,38000,38,38000,38,819715,38,1557331,0,71000,71000,1545715,1545715,71000,71000,0,0,0,0,72,72,71,71,531,532,TORN-PERSISTENT
2240,71849,38000,38000,0,0,0,0,0,819715,38,71811,38,73,73,144,882,1,1000,487,73,73,73,72,72,30,1,38000,38,38,38,5,144,5,144,38000,38,38000,38,819715,38,1565119,0,71000,71000,1545715,1545715,71000,71000,0,0,0,0,72,72,71,71,883,884,TORN-PERSISTENT
2250,72238,38000,38000,0,0,0,0,0,819715,38,72200,38,74,74,145,1271,2,0,1038,74,74,74,72,72,6,1,38000,38,38,38,5,145,5,145,38000,38,38000,38,819715,38,1573677,0,72000,72000,1567715,1567715,71000,71000,0,0,0,0,73,73,71,71,1274,1274,CONSISTENT
2260,72633,38000,38000,0,0,0,0,0,819715,38,72595,38,74,74,145,1666,2,0,1038,74,74,74,72,72,16,1,38000,38,38,38,5,145,5,145,38000,38,38000,38,819715,38,1582367,0,72000,72000,1567715,1567715,71000,71000,0,0,0,0,73,73,71,71,1666,1666,CONSISTENT
2270,73019,38000,38000,0,0,0,0,0,819715,38,72981,38,75,75,146,2052,3,0,2029,75,75,75,72,72,0,1,38000,38,38,38,5,146,5,146,38000,38,38000,38,819715,38,1590859,0,73000,73000,1589715,1589715,71000,71000,0,0,0,0,74,74,71,71,2053,2053,CONSISTENT
2280,73224,38000,38000,0,0,0,0,0,819715,38,73186,38,75,75,147,1258,2,1000,1107,75,75,75,73,73,10,1,38000,38,38,38,5,147,5,147,38000,38,38000,38,819715,38,1595391,0,73000,73000,1589715,1589715,72000,72000,0,0,0,0,74,74,72,72,1259,1259,CONSISTENT
2290,73522,38000,38000,0,0,0,0,0,819715,38,73484,38,75,75,148,557,1,1000,552,75,75,75,74,74,20,1,38000,38,38,38,5,148,5,148,38000,38,38000,38,819715,38,1601969,0,73000,73000,1589715,1589715,73000,73000,0,0,0,0,74,74,73,73,557,557,CONSISTENT
2300,73787,38000,38000,0,0,0,0,0,819715,38,73749,38,75,75,148,822,1,1000,552,75,75,75,74,74,30,1,38000,38,38,38,5,148,5,148,38000,38,38000,38,819715,38,1607821,0,73000,73000,1589715,1589715,73000,73000,0,0,0,0,74,74,73,73,826,827,TORN-PERSISTENT
2310,74181,38000,38000,0,0,0,0,0,819715,38,74143,38,76,76,149,1216,2,0,1054,76,76,76,74,74,4,1,38000,38,38,38,5,149,5,149,38000,38,38000,38,819715,38,1616467,0,74000,74000,1611715,1611715,73000,73000,0,0,0,0,75,75,73,73,1217,1218,TORN-PERSISTENT
2320,74557,38000,38000,0,0,0,0,0,819715,38,74519,38,76,76,150,593,1,1000,583,76,76,76,75,75,14,1,38000,38,38,38,5,150,5,150,38000,38,38000,38,819715,38,1624761,0,74000,74000,1611715,1611715,74000,74000,0,0,0,0,75,75,74,74,593,593,CONSISTENT
2330,74748,38000,38000,0,0,0,0,0,819715,38,74710,38,76,76,150,784,1,1000,583,76,76,76,75,75,22,1,38000,38,38,38,5,150,5,150,38000,38,38000,38,819715,38,1628963,0,74000,74000,1611715,1611715,74000,74000,0,0,0,0,75,75,74,74,784,784,CONSISTENT
2340,75135,38000,38000,0,0,0,0,0,819715,38,75097,38,77,77,151,1171,2,0,1027,77,77,77,75,75,2,1,38000,38,38,38,5,151,5,151,38000,38,38000,38,819715,38,1637477,0,75000,75000,1633715,1633715,74000,74000,0,0,0,0,76,76,74,74,1171,1171,CONSISTENT
2350,75532,38000,38000,0,0,0,0,0,819715,38,75494,38,77,77,151,1568,2,0,1027,77,77,77,75,75,12,1,38000,38,38,38,5,151,5,151,38000,38,38000,38,819715,38,1646211,0,75000,75000,1633715,1633715,74000,74000,0,0,0,0,76,76,74,74,1570,1570,CONSISTENT
2360,75745,39000,39000,0,0,0,0,0,841715,39,75706,39,77,77,152,781,1,1000,597,77,77,77,76,76,24,1,39000,39,39,39,5,152,5,152,39000,39,39000,39,841715,39,1650897,999.9447405703887,75000,75000,1633715,1633715,75000,75000,0,0,0,0,76,76,75,75,783,785,TORN-PERSISTENT
2370,76146,39000,39000,0,0,0,0,0,841715,39,76107,39,78,78,153,1182,2,0,1010,78,78,78,76,76,4,1,39000,39,39,39,5,153,5,153,39000,39,39000,39,841715,39,1659741,999.9447405703887,76000,76000,1655715,1655715,75000,75000,0,0,0,0,77,77,75,75,1184,1184,CONSISTENT
2380,76504,39000,39000,0,0,0,0,0,841715,39,76465,39,78,78,153,1540,2,0,1010,78,78,78,76,76,12,1,39000,39,39,39,5,153,5,153,39000,39,39000,39,841715,39,1667595,999.9447405703887,76000,76000,1655715,1655715,75000,75000,0,0,0,0,77,77,75,75,1540,1540,CONSISTENT
2390,76720,40000,40000,0,0,0,0,0,863715,40,76680,40,78,78,154,756,1,1000,575,78,78,78,77,77,22,1,40000,40,40,40,5,154,5,154,40000,40,40000,40,863715,40,1672347,999.9447405703887,76000,76000,1655715,1655715,76000,76000,0,0,0,0,77,77,76,76,756,756,CONSISTENT
2400,77119,40000,40000,0,0,0,0,0,863715,40,77079,40,79,79,155,1155,2,0,1007,79,79,79,77,77,2,1,40000,40,40,40,5,155,5,155,40000,40,40000,40,863715,40,1681125,999.9447405703887,77000,77000,1677715,1677715,76000,76000,0,0,0,0,78,78,76,76,1156,1156,CONSISTENT
2410,77352,40000,40000,0,0,0,0,0,863715,40,77312,40,79,79,156,389,1,1000,384,79,79,79,78,78,12,1,40000,40,40,40,5,156,5,156,40000,40,40000,40,863715,40,1686273,999.9447405703887,77000,77000,1677715,1677715,77000,77000,0,0,0,0,78,78,77,77,389,389,CONSISTENT
2420,77599,40000,40000,0,0,0,0,0,863715,40,77559,40,79,79,156,636,1,1000,384,79,79,79,78,78,22,1,40000,40,40,40,5,156,5,156,40000,40,40000,40,863715,40,1691707,999.9447405703887,77000,77000,1677715,1677715,77000,77000,0,0,0,0,78,78,77,77,636,636,CONSISTENT
2430,77955,40000,40000,0,0,0,0,0,863715,40,77915,40,79,79,156,992,1,1000,384,79,79,79,78,78,32,1,40000,40,40,40,5,156,5,156,40000,40,40000,40,863715,40,1699561,999.9447405703887,77000,77000,1677715,1677715,77000,77000,0,0,0,0,78,78,77,77,994,994,CONSISTENT
2440,78342,40000,40000,0,0,0,0,0,863715,40,78302,40,80,80,157,1379,2,0,1043,80,80,80,78,78,8,1,40000,40,40,40,5,157,5,157,40000,40,40000,40,863715,40,1708053,0,78000,78000,1699715,1699715,77000,77000,0,0,0,0,79,79,77,77,1383,1385,TORN-PERSISTENT
2450,78738,40000,40000,0,0,0,0,0,863715,40,78698,40,80,80,157,1775,2,0,1043,80,80,80,78,78,18,1,40000,40,40,40,5,157,5,157,40000,40,40000,40,863715,40,1716765,0,78000,78000,1699715,1699715,77000,77000,0,0,0,0,79,79,77,77,1776,1777,TORN-PERSISTENT
2460,78961,40000,40000,0,0,0,0,0,863715,40,78921,40,80,80,158,999,1,1000,993,80,80,80,79,79,28,1,40000,40,40,40,5,158,5,158,40000,40,40000,40,863715,40,1721693,0,78000,78000,1699715,1699715,78000,78000,0,0,0,0,79,79,78,78,999,999,CONSISTENT
2470,79304,41000,41000,0,0,0,0,0,885715,41,79263,41,81,81,159,1341,2,0,1025,81,81,81,79,79,8,1,41000,41,41,41,5,159,5,159,41000,41,41000,41,885715,41,1729217,999.9447405703887,79000,79000,1721715,1721715,78000,78000,0,0,0,0,80,80,78,78,1342,1342,CONSISTENT
2480,79509,41000,41000,0,0,0,0,0,885715,41,79468,41,81,81,160,547,1,1000,426,81,81,81,80,80,18,1,41000,41,41,41,5,160,5,160,41000,41,41000,41,885715,41,1733749,999.9447405703887,79000,79000,1721715,1721715,79000,79000,0,0,0,0,80,80,79,79,549,549,CONSISTENT
2490,79882,41000,41000,0,0,0,0,0,885715,41,79841,41,81,81,160,920,1,1000,426,81,81,81,80,80,28,1,41000,41,41,41,5,160,5,160,41000,41,41000,41,885715,41,1741955,999.9447405703887,79000,79000,1721715,1721715,79000,79000,0,0,0,0,80,80,79,79,921,922,TORN-PERSISTENT
2500,80268,41000,41000,0,0,0,0,0,885715,41,80227,41,82,82,161,1306,2,0,1048,82,82,82,80,80,6,1,41000,41,41,41,5,161,5,161,41000,41,41000,41,885715,41,1750447,999.9447405703887,80000,80000,1743715,1743715,79000,79000,0,0,0,0,81,81,79,79,1307,1307,CONSISTENT
2510,80602,41000,41000,0,0,0,0,0,885715,41,80561,41,82,82,161,1640,2,0,1048,82,82,82,80,80,16,1,41000,41,41,41,5,161,5,161,41000,41,41000,41,885715,41,1757795,999.9447405703887,80000,80000,1743715,1743715,79000,79000,0,0,0,0,81,81,79,79,1640,1640,CONSISTENT
2520,80932,41000,41000,0,0,0,0,0,885715,41,80891,41,82,82,162,971,1,1000,966,82,82,82,81,81,26,1,41000,41,41,41,5,162,5,162,41000,41,41000,41,885715,41,1765077,999.9447405703887,80000,80000,1743715,1743715,80000,80000,0,0,0,0,81,81,80,80,971,971,CONSISTENT
2530,81182,41000,41000,0,0,0,0,0,885715,41,81141,41,83,83,163,1222,2,0,1063,83,83,83,81,81,4,1,41000,41,41,41,5,163,5,163,41000,41,41000,41,885715,41,1770599,0,81000,81000,1765715,1765715,80000,80000,0,0,0,0,82,82,80,80,1223,1223,CONSISTENT
2540,81523,41000,41000,0,0,0,0,0,885715,41,81482,41,83,83,164,563,1,1000,558,83,83,83,82,82,14,1,41000,41,41,41,5,164,5,164,41000,41,41000,41,885715,41,1778101,0,81000,81000,1765715,1765715,81000,81000,0,0,0,0,82,82,81,81,563,563,CONSISTENT
2550,81757,41000,41000,0,0,0,0,0,885715,41,81716,41,83,83,164,797,1,1000,558,83,83,83,82,82,24,1,41000,41,41,41,5,164,5,164,41000,41,41000,41,885715,41,1783249,0,81000,81000,1765715,1765715,81000,81000,0,0,0,0,82,82,81,81,800,800,CONSISTENT
2560,82085,41000,41000,0,0,0,0,0,885715,41,82044,41,84,84,165,1125,2,0,1058,84,84,84,82,82,0,1,41000,41,41,41,5,165,5,165,41000,41,41000,41,885715,41,1790465,0,82000,82000,1787715,1787715,81000,81000,0,0,0,0,83,83,81,81,1125,1125,CONSISTENT
2570,82456,41000,41000,0,0,0,0,0,885715,41,82415,41,84,84,165,1496,2,0,1058,84,84,84,82,82,12,1,41000,41,41,41,5,165,5,165,41000,41,41000,41,885715,41,1798627,0,82000,82000,1787715,1787715,81000,81000,0,0,0,0,83,83,81,81,1496,1496,CONSISTENT
2580,82826,41000,41000,0,0,0,0,0,885715,41,82785,41,84,84,165,1866,2,0,1058,84,84,84,82,82,22,1,41000,41,41,41,5,165,5,165,41000,41,41000,41,885715,41,1806767,0,82000,82000,1787715,1787715,81000,81000,0,0,0,0,83,83,81,81,1866,1866,CONSISTENT
2590,83029,41000,41000,0,0,0,0,0,885715,41,82988,41,85,85,167,1070,2,0,1059,85,85,85,83,83,0,1,41000,41,41,41,5,167,5,167,41000,41,41000,41,885715,41,1811277,0,83000,83000,1809715,1809715,82000,82000,0,0,0,0,84,84,82,82,1072,1072,CONSISTENT
2600,83417,41000,41000,0,0,0,0,0,885715,41,83376,41,85,85,167,1458,2,0,1059,85,85,85,83,83,10,1,41000,41,41,41,5,167,5,167,41000,41,41000,41,885715,41,1819791,0,83000,83000,1809715,1809715,82000,82000,0,0,0,0,84,84,82,82,1459,1459,CONSISTENT
2610,83757,41000,41000,0,0,0,0,0,885715,41,83716,41,85,85,167,1798,2,0,1059,85,85,85,83,83,18,1,41000,41,41,41,5,167,5,167,41000,41,41000,41,885715,41,1827271,0,83000,83000,1809715,1809715,82000,82000,0,0,0,0,84,84,82,82,1799,1800,TORN-PERSISTENT
2620,83959,41000,41000,0,0,0,0,0,885715,41,83918,41,85,85,168,1001,2,1000,827,85,86,85,84,84,30,1,41000,41,41,41,5,168,5,168,41000,41,41000,41,885715,41,1831737,0,84000,84000,1831715,1831715,83000,83000,0,0,0,0,85,85,83,83,1001,1001,CONSISTENT
2630,84341,41000,41000,0,0,0,0,0,885715,41,84300,41,86,86,169,1383,2,0,1069,86,86,86,84,84,8,1,41000,41,41,41,5,169,5,169,41000,41,41000,41,885715,41,1840163,0,84000,84000,1831715,1831715,83000,83000,0,0,0,0,85,85,83,83,1385,1385,CONSISTENT
2640,84721,41000,41000,0,0,0,0,0,885715,41,84680,41,86,86,169,1764,2,0,1069,86,86,86,84,84,18,1,41000,41,41,41,5,169,5,169,41000,41,41000,41,885715,41,1848523,0,84000,84000,1831715,1831715,83000,83000,0,0,0,0,85,85,83,83,1766,1766,CONSISTENT
2650,84881,41000,41000,0,0,0,0,0,885715,41,84840,41,86,86,170,924,1,1000,804,86,86,86,85,85,26,1,41000,41,41,41,5,170,5,170,41000,41,41000,41,885715,41,1852043,0,84000,84000,1831715,1831715,84000,84000,0,0,0,0,85,85,84,84,929,929,CONSISTENT
2660,85260,41000,41000,0,0,0,0,0,885715,41,85219,41,87,87,171,1303,2,0,1092,87,87,87,85,85,4,1,41000,41,41,41,5,171,5,171,41000,41,41000,41,885715,41,1860381,0,85000,85000,1853715,1853715,84000,84000,0,0,0,0,86,86,84,84,1304,1304,CONSISTENT
2670,85652,41000,41000,0,0,0,0,0,885715,41,85611,41,87,87,171,1695,2,0,1092,87,87,87,85,85,14,1,41000,41,41,41,5,171,5,171,41000,41,41000,41,885715,41,1869005,0,85000,85000,1853715,1853715,84000,84000,0,0,0,0,86,86,84,84,1698,1698,CONSISTENT
2680,85851,41000,41000,0,0,0,0,0,885715,41,85810,41,87,87,172,895,1,1000,734,87,87,87,86,86,26,1,41000,41,41,41,5,172,5,172,41000,41,41000,41,885715,41,1873405,0,85000,85000,1853715,1853715,85000,85000,0,0,0,0,86,86,85,85,896,896,CONSISTENT
2690,86200,41000,41000,0,0,0,0,0,885715,41,86159,41,88,88,173,1244,2,0,1036,88,88,88,86,86,4,1,41000,41,41,41,5,173,5,173,41000,41,41000,41,885715,41,1881083,0,86000,86000,1875715,1875715,85000,85000,0,0,0,0,87,87,85,85,1244,1244,CONSISTENT
2700,86569,41000,41000,0,0,0,0,0,885715,41,86528,41,88,88,173,1613,2,0,1036,88,88,88,86,86,14,1,41000,41,41,41,5,173,5,173,41000,41,41000,41,885715,41,1889223,0,86000,86000,1875715,1875715,85000,85000,0,0,0,0,87,87,85,85,1619,1619,CONSISTENT
2710,86654,41000,41000,0,0,0,0,0,885715,41,86613,41,88,88,174,699,1,1000,626,88,88,88,87,87,24,1,41000,41,41,41,5,174,5,174,41000,41,41000,41,885715,41,1891093,0,86000,86000,1875715,1875715,86000,86000,0,0,0,0,87,87,86,86,701,701,CONSISTENT
2720,87038,41000,41000,0,0,0,0,0,885715,41,86997,41,89,89,175,1083,2,0,1035,89,89,89,87,87,0,1,41000,41,41,41,5,175,5,175,41000,41,41000,41,885715,41,1899541,0,87000,87000,1897715,1897715,86000,86000,0,0,0,0,88,88,86,86,1085,1085,CONSISTENT
2730,87391,41000,41000,0,0,0,0,0,885715,41,87350,41,89,89,175,1436,2,0,1035,89,89,89,87,87,10,1,41000,41,41,41,5,175,5,175,41000,41,41000,41,885715,41,1907307,0,87000,87000,1897715,1897715,86000,86000,0,0,0,0,88,88,86,86,1440,1441,TORN-PERSISTENT
2740,87785,41000,41000,0,0,0,0,0,885715,41,87744,41,89,89,175,1830,2,0,1035,89,89,89,87,87,20,1,41000,41,41,41,5,175,5,175,41000,41,41000,41,885715,41,1915997,0,87000,87000,1897715,1897715,86000,86000,0,0,0,0,88,88,86,86,1831,1831,CONSISTENT
2750,87988,41000,41000,0,0,0,0,0,885715,41,87947,41,90,90,177,1034,2,0,1006,90,90,90,88,88,0,1,41000,41,41,41,5,177,5,177,41000,41,41000,41,885715,41,1920463,0,88000,88000,1919715,1919715,87000,87000,0,0,0,0,89,89,87,87,1035,1035,CONSISTENT
2760,88373,41000,41000,0,0,0,0,0,885715,41,88332,41,90,90,177,1419,2,0,1006,90,90,90,88,88,10,1,41000,41,41,41,5,177,5,177,41000,41,41000,41,885715,41,1928933,0,88000,88000,1919715,1919715,87000,87000,0,0,0,0,89,89,87,87,1421,1421,CONSISTENT
2770,88652,41000,41000,0,0,0,0,0,885715,41,88611,41,90,90,178,699,1,1000,683,90,90,90,89,89,20,1,41000,41,41,41,5,178,5,178,41000,41,41000,41,885715,41,1935093,0,88000,88000,1919715,1919715,88000,88000,0,0,0,0,89,89,88,88,699,699,CONSISTENT
2780,88935,41000,41000,0,0,0,0,0,885715,41,88894,41,90,90,178,982,1,1000,683,90,90,90,89,89,30,1,41000,41,41,41,5,178,5,178,41000,41,41000,41,885715,41,1941319,0,88000,88000,1919715,1919715,88000,88000,0,0,0,0,89,89,88,88,984,985,TORN-PERSISTENT
2790,89325,41000,41000,0,0,0,0,0,885715,41,89284,41,91,91,179,1372,2,0,1045,91,91,91,89,89,8,1,41000,41,41,41,5,179,5,179,41000,41,41000,41,885715,41,1949899,0,89000,89000,1941715,1941715,88000,88000,0,0,0,0,90,90,88,88,1375,1376,TORN-PERSISTENT
2800,89719,41000,41000,0,0,0,0,0,885715,41,89678,41,91,91,179,1766,2,0,1045,91,91,91,89,89,18,1,41000,41,41,41,5,179,5,179,41000,41,41000,41,885715,41,1958589,0,89000,89000,1941715,1941715,88000,88000,0,0,0,0,90,90,88,88,1767,1767,CONSISTENT
2811,89917,41000,41000,0,0,0,0,0,885715,41,89876,41,91,91,180,965,1,1000,778,91,91,91,90,90,28,1,41000,41,41,41,5,180,5,180,41000,41,41000,41,885715,41,1962945,0,89000,89000,1941715,1941715,89000,89000,0,0,0,0,90,90,89,89,968,968,CONSISTENT
2820,90263,41000,41000,0,0,0,0,0,885715,41,90222,41,92,92,181,1311,2,0,1012,92,92,92,90,90,8,1,41000,41,41,41,5,181,5,181,41000,41,41000,41,885715,41,1970557,0,90000,90000,1963715,1963715,89000,89000,0,0,0,0,91,91,89,89,1311,1311,CONSISTENT
2830,90654,41000,41000,0,0,0,0,0,885715,41,90613,41,92,92,181,1702,2,0,1012,92,92,92,90,90,18,1,41000,41,41,41,5,181,5,181,41000,41,41000,41,885715,41,1979159,0,90000,90000,1963715,1963715,89000,89000,0,0,0,0,91,91,89,89,1702,1702,CONSISTENT
2840,90859,41000,41000,0,0,0,0,0,885715,41,90818,41,92,92,182,908,1,1000,744,92,92,92,91,91,28,1,41000,41,41,41,5,182,5,182,41000,41,41000,41,885715,41,1983713,0,90000,90000,1963715,1963715,90000,90000,0,0,0,0,91,91,90,90,910,910,CONSISTENT
2850,91236,41000,41000,0,0,0,0,0,885715,41,91195,41,93,93,183,1285,2,0,1033,93,93,93,91,91,6,1,41000,41,41,41,5,183,5,183,41000,41,41000,41,885715,41,1991985,0,91000,91000,1985715,1985715,90000,90000,0,0,0,0,92,92,90,90,1285,1285,CONSISTENT
2860,91565,41000,41000,0,0,0,0,0,885715,41,91524,41,93,93,183,1614,2,0,1033,93,93,93,91,91,14,1,41000,41,41,41,5,183,5,183,41000,41,41000,41,885715,41,1999223,0,91000,91000,1985715,1985715,90000,90000,0,0,0,0,92,92,90,90,1619,1619,CONSISTENT
2870,91763,41000,41000,0,0,0,0,0,885715,41,91722,41,93,93,184,813,1,1000,725,93,93,93,92,92,26,1,41000,41,41,41,5,184,5,184,41000,41,41000,41,885715,41,2003601,0,91000,91000,1985715,1985715,91000,91000,0,0,0,0,92,92,91,91,817,818,TORN-PERSISTENT
2880,92152,41000,41000,0,0,0,0,0,885715,41,92111,41,94,94,185,1202,2,0,1039,94,94,94,92,92,4,1,41000,41,41,41,5,185,5,185,41000,41,41000,41,885715,41,2012159,0,92000,92000,2007715,2007715,91000,91000,0,0,0,0,93,93,91,91,1202,1202,CONSISTENT
2890,92538,41000,41000,0,0,0,0,0,885715,41,92497,41,94,94,185,1588,2,0,1039,94,94,94,92,92,14,1,41000,41,41,41,5,185,5,185,41000,41,41000,41,885715,41,2020651,0,92000,92000,2007715,2007715,91000,91000,0,0,0,0,93,93,91,91,1588,1588,CONSISTENT
2900,92692,41000,41000,0,0,0,0,0,885715,41,92651,41,94,94,186,743,1,1000,696,94,94,94,93,93,22,1,41000,41,41,41,5,186,5,186,41000,41,41000,41,885715,41,2024061,0,92000,92000,2007715,2007715,92000,92000,0,0,0,0,93,93,92,92,743,743,CONSISTENT
2910,93074,41000,41000,0,0,0,0,0,885715,41,93033,41,95,95,187,1125,2,0,1052,95,95,95,93,93,0,1,41000,41,41,41,5,187,5,187,41000,41,41000,41,885715,41,2032465,0,93000,93000,2029715,2029715,92000,92000,0,0,0,0,94,94,92,92,1127,1127,CONSISTENT
2920,93459,41000,41000,0,0,0,0,0,885715,41,93418,41,95,95,187,1510,2,0,1052,95,95,95,93,93,12,1,41000,41,41,41,5,187,5,187,41000,41,41000,41,885715,41,2040957,0,93000,93000,2029715,2029715,92000,92000,0,0,0,0,94,94,92,92,1512,1512,CONSISTENT
2930,93666,41000,41000,0,0,0,0,0,885715,41,93625,41,95,95,188,718,1,1000,660,95,95,95,94,94,20,1,41000,41,41,41,5,188,5,188,41000,41,41000,41,885715,41,2045511,0,93000,93000,2029715,2029715,93000,93000,0,0,0,0,94,94,93,93,718,718,CONSISTENT
2940,94017,41000,41000,0,0,0,0,0,885715,41,93976,41,96,96,189,1069,2,0,1013,96,96,96,94,94,0,1,41000,41,41,41,5,189,5,189,41000,41,41000,41,885715,41,2053255,0,94000,94000,2051715,2051715,93000,93000,0,0,0,0,95,95,93,93,1071,1071,CONSISTENT
2950,94406,41000,41000,0,0,0,0,0,885715,41,94365,41,96,96,189,1458,2,0,1013,96,96,96,94,94,10,1,41000,41,41,41,5,189,5,189,41000,41,41000,41,885715,41,2061813,0,94000,94000,2051715,2051715,93000,93000,0,0,0,0,95,95,93,93,1460,1460,CONSISTENT
2960,94615,41000,41000,0,0,0,0,0,885715,41,94574,41,96,96,190,668,1,1000,617,96,96,96,95,95,20,1,41000,41,41,41,5,190,5,190,41000,41,41000,41,885715,41,2066433,0,94000,94000,2051715,2051715,94000,94000,0,0,0,0,95,95,94,94,669,669,CONSISTENT
2970,95001,41000,41000,0,0,0,0,0,885715,41,94960,41,97,97,191,1054,2,0,1053,97,97,97,95,95,0,1,41000,41,41,41,5,191,5,191,41000,41,41000,41,885715,41,2074903,0,95000,95000,2073715,2073715,94000,94000,0,0,0,0,96,96,94,94,1055,1055,CONSISTENT
2980,95332,41000,41000,0,0,0,0,0,885715,41,95291,41,97,97,191,1385,2,0,1053,97,97,97,95,95,8,1,41000,41,41,41,5,191,5,191,41000,41,41000,41,885715,41,2082185,0,95000,95000,2073715,2073715,94000,94000,0,0,0,0,96,96,94,94,1387,1387,CONSISTENT
2990,95574,41000,41000,0,0,0,0,0,885715,41,95533,41,97,97,192,628,1,1000,618,97,97,97,96,96,18,1,41000,41,41,41,5,192,5,192,41000,41,41000,41,885715,41,2087531,0,95000,95000,2073715,2073715,95000,95000,0,0,0,0,96,96,95,95,628,628,CONSISTENT
3000,95905,41000,41000,0,0,0,0,0,885715,41,95864,41,97,97,192,959,1,1000,618,97,97,97,96,96,28,1,41000,41,41,41,5,192,5,192,41000,41,41000,41,885715,41,2094813,0,95000,95000,2073715,2073715,95000,95000,0,0,0,0,96,96,95,95,959,959,CONSISTENT
3010,96178,41000,41000,0,0,0,0,0,885715,41,96137,41,98,98,193,1232,2,0,1044,98,98,98,96,96,4,1,41000,41,41,41,5,193,5,193,41000,41,41000,41,885715,41,2100819,0,96000,96000,2095715,2095715,95000,95000,0,0,0,0,97,97,95,95,1234,1234,CONSISTENT
3020,96342,41000,41000,0,0,0,0,0,885715,41,96301,41,98,98,194,397,1,1000,376,98,98,98,97,97,14,1,41000,41,41,41,5,194,5,194,41000,41,41000,41,885715,41,2104449,0,96000,96000,2095715,2095715,96000,96000,0,0,0,0,97,97,96,96,397,397,CONSISTENT
3030,96738,41000,41000,0,0,0,0,0,885715,41,96697,41,98,98,194,793,1,1000,376,98,98,98,97,97,24,1,41000,41,41,41,5,194,5,194,41000,41,41000,41,885715,41,2113161,0,96000,96000,2095715,2095715,96000,96000,0,0,0,0,97,97,96,96,796,797,TORN-PERSISTENT
3040,97119,41000,41000,0,0,0,0,0,885715,41,97078,41,99,99,195,1174,2,0,1003,99,99,99,97,97,4,1,41000,41,41,41,5,195,5,195,41000,41,41000,41,885715,41,2121543,0,97000,97000,2117715,2117715,96000,96000,0,0,0,0,98,98,96,96,1174,1174,CONSISTENT
3050,97508,41000,41000,0,0,0,0,0,885715,41,97467,41,99,99,195,1563,2,0,1003,99,99,99,97,97,14,1,41000,41,41,41,5,195,5,195,41000,41,41000,41,885715,41,2130101,0,97000,97000,2117715,2117715,96000,96000,0,0,0,0,98,98,96,96,1565,1565,CONSISTENT
3061,97865,41000,41000,0,0,0,0,0,885715,41,97824,41,99,99,196,921,1,1000,914,99,99,99,98,98,24,1,41000,41,41,41,5,196,5,196,41000,41,41000,41,885715,41,2137977,0,97000,97000,2117715,2117715,97000,97000,0,0,0,0,98,98,97,97,921,921,CONSISTENT
3070,98061,41000,41000,0,0,0,0,0,885715,41,98020,41,100,100,197,1117,2,0,1031,100,100,100,98,98,2,1,41000,41,41,41,5,197,5,197,41000,41,41000,41,885715,41,2142289,0,98000,98000,2139715,2139715,97000,97000,0,0,0,0,99,99,97,97,1118,1119,TORN-PERSISTENT
3080,98454,41000,41000,0,0,0,0,0,885715,41,98413,41,100,100,197,1510,2,0,1031,100,100,100,98,98,12,1,41000,41,41,41,5,197,5,197,41000,41,41000,41,885715,41,2150935,0,98000,98000,2139715,2139715,97000,97000,0,0,0,0,99,99,97,97,1511,1513,TORN-PERSISTENT
3090,98655,41000,41000,0,0,0,0,0,885715,41,98614,41,100,100,198,712,1,1000,707,100,100,100,99,99,22,1,41000,41,41,41,5,198,5,198,41000,41,41000,41,885715,41,2155379,0,98000,98000,2139715,2139715,98000,98000,0,0,0,0,99,99,98,98,712,712,CONSISTENT
3100,99043,41000,41000,0,0,0,0,0,885715,41,99002,41,101,101,199,1100,2,0,1064,101,101,101,99,99,0,1,41000,41,41,41,5,199,5,199,41000,41,41000,41,885715,41,2163915,0,99000,99000,2161715,2161715,98000,98000,0,0,0,0,100,100,98,98,1100,1100,CONSISTENT
3110,99393,41000,41000,0,0,0,0,0,885715,41,99352,41,101,101,199,1450,2,0,1064,101,101,101,99,99,10,1,41000,41,41,41,5,199,5,199,41000,41,41000,41,885715,41,2171615,0,99000,99000,2161715,2161715,98000,98000,0,0,0,0,100,100,98,98,1452,1452,CONSISTENT
3120,99729,41000,41000,0,0,0,0,0,885715,41,99688,41,101,101,200,787,1,1000,782,101,101,101,100,100,20,1,41000,41,41,41,5,200,5,200,41000,41,41000,41,885715,41,2179029,0,99000,99000,2161715,2161715,99000,99000,0,0,0,0,100,100,99,99,787,787,CONSISTENT
3130,99983,41000,41000,0,0,0,0,0,885715,41,99942,41,102,102,201,1041,2,0,1019,102,102,102,100,100,0,1,41000,41,41,41,5,201,5,201,41000,41,41000,41,885715,41,2184617,0,100000,100000,2183715,2183715,99000,99000,0,0,0,0,101,101,99,99,1042,1042,CONSISTENT
3140,100376,41000,41000,0,0,0,0,0,885715,41,100335,41,102,102,201,1434,2,0,1019,102,102,102,100,100,10,1,41000,41,41,41,5,201,5,201,41000,41,41000,41,885715,41,2193263,0,100000,100000,2183715,2183715,99000,99000,0,0,0,0,101,101,99,99,1436,1437,TORN-PERSISTENT
3150,100716,41000,41000,0,0,0,0,0,885715,41,100675,41,102,102,202,775,1,1000,771,102,102,102,101,101,19,1,41000,41,41,41,5,202,5,202,41000,41,41000,41,885715,41,2200765,0,100000,100000,2183715,2183715,100000,100000,0,0,0,0,101,101,100,100,775,775,CONSISTENT
3160,100928,41000,41000,0,0,0,0,0,885715,41,100887,41,102,102,202,987,1,1000,771,102,102,102,101,101,30,1,41000,41,41,41,5,202,5,202,41000,41,41000,41,885715,41,2205429,0,100000,100000,2183715,2183715,100000,100000,0,0,0,0,101,101,100,100,987,987,CONSISTENT
3170,101319,41000,41000,0,0,0,0,0,885715,41,101278,41,103,103,203,1378,2,0,1064,103,103,103,101,101,8,1,41000,41,41,41,5,203,5,203,41000,41,41000,41,885715,41,2214053,0,101000,101000,2205715,2205715,100000,100000,0,0,0,0,102,102,100,100,1379,1379,CONSISTENT
3180,101672,41000,41000,0,0,0,0,0,885715,41,101631,41,103,103,204,732,1,1000,726,103,103,103,102,102,18,1,41000,41,41,41,5,204,5,204,41000,41,41000,41,885715,41,2221819,0,101000,101000,2205715,2205715,101000,101000,0,0,0,0,102,102,101,101,732,732,CONSISTENT
3190,101876,41000,41000,0,0,0,0,0,885715,41,101835,41,103,103,204,936,1,1000,726,103,103,103,102,102,26,1,41000,41,41,41,5,204,5,204,41000,41,41000,41,885715,41,2226329,0,101000,101000,2205715,2205715,101000,101000,0,0,0,0,102,102,101,101,939,940,TORN-PERSISTENT
3200,102271,41000,41000,0,0,0,0,0,885715,41,102230,41,104,104,205,1331,2,0,1024,104,104,104,102,102,6,1,41000,41,41,41,5,205,5,205,41000,41,41000,41,885715,41,2234997,0,102000,102000,2227715,2227715,101000,101000,0,0,0,0,103,103,101,101,1334,1334,CONSISTENT
3210,102658,41000,41000,0,0,0,0,0,885715,41,102617,41,104,104,206,719,1,1000,717,104,104,104,103,103,18,1,41000,41,41,41,5,206,5,206,41000,41,41000,41,885715,41,2243555,0,102000,102000,2227715,2227715,102000,102000,0,0,0,0,103,103,102,102,720,720,CONSISTENT
3220,102862,41000,41000,0,0,0,0,0,885715,41,102821,41,104,104,206,923,1,1000,717,104,104,104,103,103,28,1,41000,41,41,41,5,206,5,206,41000,41,41000,41,885715,41,2248021,0,102000,102000,2227715,2227715,102000,102000,0,0,0,0,103,103,102,102,925,925,CONSISTENT
3230,103218,41000,41000,0,0,0,0,0,885715,41,103177,41,105,105,207,1279,2,0,1071,105,105,105,103,103,4,1,41000,41,41,41,5,207,5,207,41000,41,41000,41,885715,41,2255853,0,103000,103000,2249715,2249715,102000,102000,0,0,0,0,104,104,102,102,1281,1281,CONSISTENT
3240,103619,41000,41000,0,0,0,0,0,885715,41,103578,41,105,105,207,1680,2,0,1071,105,105,105,103,103,14,1,41000,41,41,41,5,207,5,207,41000,41,41000,41,885715,41,2264675,0,103000,103000,2249715,2249715,102000,102000,0,0,0,0,104,104,102,102,1680,1680,CONSISTENT
3250,103818,41000,41000,0,0,0,0,0,885715,41,103777,41,105,105,208,880,1,1000,681,105,105,105,104,104,24,1,41000,41,41,41,5,208,5,208,41000,41,41000,41,885715,41,2269075,0,103000,103000,2249715,2249715,103000,103000,0,0,0,0,104,104,103,103,880,880,CONSISTENT
3260,104203,41000,41000,0,0,0,0,0,885715,41,104162,41,106,106,209,1265,2,0,1038,106,106,106,104,104,6,1,41000,41,41,41,5,209,5,209,41000,41,41000,41,885715,41,2277545,0,104000,104000,2271715,2271715,103000,103000,0,0,0,0,105,105,103,103,1266,1266,CONSISTENT
3270,104549,41000,41000,0,0,0,0,0,885715,41,104508,41,106,106,209,1611,2,0,1038,106,106,106,104,104,14,1,41000,41,41,41,5,209,5,209,41000,41,41000,41,885715,41,2285157,0,104000,104000,2271715,2271715,103000,103000,0,0,0,0,105,105,103,103,1614,1615,TORN-PERSISTENT
3280,104768,41000,41000,0,0,0,0,0,885715,41,104727,41,106,106,210,831,1,1000,643,106,106,106,105,105,24,1,41000,41,41,41,5,210,5,210,41000,41,41000,41,885715,41,2290019,0,104000,104000,2271715,2271715,104000,104000,0,0,0,0,105,105,104,104,832,832,CONSISTENT
3290,105161,41000,41000,0,0,0,0,0,885715,41,105120,41,107,107,211,1224,2,0,1014,107,107,107,105,105,4,1,41000,41,41,41,5,211,5,211,41000,41,41000,41,885715,41,2298643,0,105000,105000,2293715,2293715,104000,104000,0,0,0,0,106,106,104,104,1224,1224,CONSISTENT
3300,105548,41000,41000,0,0,0,0,0,885715,41,105507,41,107,107,211,1611,2,0,1014,107,107,107,105,105,14,1,41000,41,41,41,5,211,5,211,41000,41,41000,41,885715,41,2307157,0,105000,105000,2293715,2293715,104000,104000,0,0,0,0,106,106,104,104,1611,1611,CONSISTENT
3311,105642,41000,41000,0,0,0,0,0,885715,41,105601,41,107,107,212,706,1,1000,612,107,107,107,106,106,24,1,41000,41,41,41,5,212,5,212,41000,41,41000,41,885715,41,2309247,0,105000,105000,2293715,2293715,105000,105000,0,0,0,0,106,106,105,105,706,706,CONSISTENT
3320,105996,41000,41000,0,0,0,0,0,885715,41,105955,41,108,108,213,1060,2,0,1034,108,108,108,106,106,0,1,41000,41,41,41,5,213,5,213,41000,41,41000,41,885715,41,2317035,0,106000,106000,2315715,2315715,105000,105000,0,0,0,0,107,107,105,105,1064,1064,CONSISTENT
3330,106378,41000,41000,0,0,0,0,0,885715,41,106337,41,108,108,213,1442,2,0,1034,108,108,108,106,106,10,1,41000,41,41,41,5,213,5,213,41000,41,41000,41,885715,41,2325439,0,106000,106000,2315715,2315715,105000,105000,0,0,0,0,107,107,105,105,1443,1443,CONSISTENT
3340,106762,41000,41000,0,0,0,0,0,885715,41,106721,41,108,108,213,1826,2,0,1034,108,108,108,106,106,20,1,41000,41,41,41,5,213,5,213,41000,41,41000,41,885715,41,2333887,0,106000,106000,2315715,2315715,105000,105000,0,0,0,0,107,107,105,105,1828,1828,CONSISTENT
3350,106957,41000,41000,0,0,0,0,0,885715,41,106916,41,108,108,214,1022,2,1000,936,108,109,108,107,107,30,1,41000,41,41,41,5,214,5,214,41000,41,41000,41,885715,41,2338199,0,107000,107000,2337715,2337715,106000,106000,0,0,0,0,108,108,106,106,1024,1024,CONSISTENT
3360,107307,41000,41000,0,0,0,0,0,885715,41,107266,41,109,109,215,1372,2,0,1130,109,109,109,107,107,6,1,41000,41,41,41,5,215,5,215,41000,41,41000,41,885715,41,2345899,0,107000,107000,2337715,2337715,106000,106000,0,0,0,0,108,108,106,106,1373,1375,TORN-PERSISTENT
3370,107514,41000,41000,0,0,0,0,0,885715,41,107473,41,109,109,216,580,1,1000,454,109,109,109,108,108,16,1,41000,41,41,41,5,216,5,216,41000,41,41000,41,885715,41,2350475,0,107000,107000,2337715,2337715,107000,107000,0,0,0,0,108,108,107,107,582,584,TORN-PERSISTENT
3380,107904,41000,41000,0,0,0,0,0,885715,41,107863,41,109,109,216,970,1,1000,454,109,109,109,108,108,26,1,41000,41,41,41,5,216,5,216,41000,41,41000,41,885715,41,2359055,0,107000,107000,2337715,2337715,107000,107000,0,0,0,0,108,108,107,107,972,974,TORN-PERSISTENT
3390,108294,41000,41000,0,0,0,0,0,885715,41,108253,41,110,110,217,1360,2,0,1015,110,110,110,108,108,8,1,41000,41,41,41,5,217,5,217,41000,41,41000,41,885715,41,2367635,0,108000,108000,2359715,2359715,107000,107000,0,0,0,0,109,109,107,107,1360,1360,CONSISTENT
3400,108629,41000,41000,0,0,0,0,0,885715,41,108588,41,110,110,217,1695,2,0,1015,110,110,110,108,108,18,1,41000,41,41,41,5,217,5,217,41000,41,41000,41,885715,41,2375005,0,108000,108000,2359715,2359715,107000,107000,0,0,0,0,109,109,107,107,1697,1697,CONSISTENT
3410,108821,41000,41000,0,0,0,0,0,885715,41,108780,41,110,110,218,888,1,1000,807,110,110,110,109,109,28,1,41000,41,41,41,5,218,5,218,41000,41,41000,41,885715,41,2379251,0,108000,108000,2359715,2359715,108000,108000,0,0,0,0,109,109,108,108,888,888,CONSISTENT
3420,109198,41000,41000,0,0,0,0,0,885715,41,109157,41,111,111,219,1265,2,0,1012,111,111,111,109,109,6,1,41000,41,41,41,5,219,5,219,41000,41,41000,41,885715,41,2387545,0,109000,109000,2381715,2381715,108000,108000,0,0,0,0,110,110,108,108,1266,1266,CONSISTENT
3430,109566,41000,41000,0,0,0,0,0,885715,41,109525,41,111,111,219,1633,2,0,1012,111,111,111,109,109,16,1,41000,41,41,41,5,219,5,219,41000,41,41000,41,885715,41,2395641,0,109000,109000,2381715,2381715,108000,108000,0,0,0,0,110,110,108,108,1634,1635,TORN-PERSISTENT
3440,109730,41000,41000,0,0,0,0,0,885715,41,109689,41,111,111,220,798,1,1000,712,111,111,111,110,110,24,1,41000,41,41,41,5,220,5,220,41000,41,41000,41,885715,41,2399271,0,109000,109000,2381715,2381715,109000,109000,0,0,0,0,110,110,109,109,801,801,CONSISTENT
3450,110114,41000,41000,0,0,0,0,0,885715,41,110073,41,112,112,221,1182,2,0,1024,112,112,112,110,110,4,1,41000,41,41,41,5,221,5,221,41000,41,41000,41,885715,41,2407719,0,110000,110000,2403715,2403715,109000,109000,0,0,0,0,111,111,109,109,1183,1183,CONSISTENT
3460,110491,41000,41000,0,0,0,0,0,885715,41,110450,41,112,112,221,1559,2,0,1024,112,112,112,110,110,14,1,41000,41,41,41,5,221,5,221,41000,41,41000,41,885715,41,2416013,0,110000,110000,2403715,2403715,109000,109000,0,0,0,0,111,111,109,109,1561,1561,CONSISTENT
3470,110695,41000,41000,0,0,0,0,0,885715,41,110654,41,112,112,222,765,1,1000,647,112,112,112,111,111,24,1,41000,41,41,41,5,222,5,222,41000,41,41000,41,885715,41,2420545,0,110000,110000,2403715,2403715,110000,110000,0,0,0,0,111,111,110,110,765,765,CONSISTENT
3480,111047,41000,41000,0,0,0,0,0,885715,41,111006,41,113,113,223,1116,2,0,1045,113,113,113,111,111,0,1,41000,41,41,41,5,223,5,223,41000,41,41000,41,885715,41,2428267,0,111000,111000,2425715,2425715,110000,110000,0,0,0,0,112,112,110,110,1118,1118,CONSISTENT
3490,111426,41000,41000,0,0,0,0,0,885715,41,111385,41,113,113,223,1495,2,0,1045,113,113,113,111,111,12,1,41000,41,41,41,5,223,5,223,41000,41,41000,41,885715,41,2436605,0,111000,111000,2425715,2425715,110000,110000,0,0,0,0,112,112,110,110,1496,1496,CONSISTENT
3500,111628,41000,41000,0,0,0,0,0,885715,41,111587,41,113,113,224,698,1,1000,608,113,113,113,112,112,20,1,41000,41,41,41,5,224,5,224,41000,41,41000,41,885715,41,2441071,0,111000,111000,2425715,2425715,111000,111000,0,0,0,0,112,112,111,111,698,698,CONSISTENT
3510,112001,41000,41000,0,0,0,0,0,885715,41,111960,41,114,114,225,1071,2,0,1065,114,114,114,112,112,0,1,41000,41,41,41,5,225,5,225,41000,41,41000,41,885715,41,2449277,0,112000,112000,2447715,2447715,111000,111000,0,0,0,0,113,113,111,111,1071,1071,CONSISTENT
3520,112371,41000,41000,0,0,0,0,0,885715,41,112330,41,114,114,225,1441,2,0,1065,114,114,114,112,112,10,1,41000,41,41,41,5,225,5,225,41000,41,41000,41,885715,41,2457417,0,112000,112000,2447715,2447715,111000,111000,0,0,0,0,113,113,111,111,1443,1443,CONSISTENT
3530,112539,41000,41000,0,0,0,0,0,885715,41,112498,41,114,114,226,610,1,1000,532,114,114,114,113,113,18,1,41000,41,41,41,5,226,5,226,41000,41,41000,41,885715,41,2461135,0,112000,112000,2447715,2447715,112000,112000,0,0,0,0,113,113,112,112,610,610,CONSISTENT
3540,112932,41000,41000,0,0,0,0,0,885715,41,112891,41,114,114,226,1003,2,1000,532,114,115,114,113,113,28,1,41000,41,41,41,5,226,5,226,41000,41,41000,41,885715,41,2469781,0,113000,113000,2469715,2469715,112000,112000,0,0,0,0,114,114,112,112,1004,1005,TORN-PERSISTENT
3550,113325,41000,41000,0,0,0,0,0,885715,41,113284,41,115,115,227,1396,2,0,1015,115,115,115,113,113,8,1,41000,41,41,41,5,227,5,227,41000,41,41000,41,885715,41,2478427,0,113000,113000,2469715,2469715,112000,112000,0,0,0,0,114,114,112,112,1396,1396,CONSISTENT
3560,113535,41000,41000,0,0,0,0,0,885715,41,113494,41,115,115,228,607,1,1000,596,115,115,115,114,114,18,1,41000,41,41,41,5,228,5,228,41000,41,41000,41,885715,41,2483069,0,113000,113000,2469715,2469715,113000,113000,0,0,0,0,114,114,113,113,609,610,TORN-PERSISTENT
3570,113936,41000,41000,0,0,0,0,0,885715,41,113895,41,116,116,229,1008,2,0,1002,116,116,116,114,114,0,1,41000,41,41,41,5,229,5,229,41000,41,41000,41,885715,41,2491891,0,114000,114000,2491715,2491715,113000,113000,0,0,0,0,115,115,113,113,1010,1013,TORN-PERSISTENT
3580,114285,41000,41000,0,0,0,0,0,885715,41,114244,41,116,116,229,1357,2,0,1002,116,116,116,114,114,8,1,41000,41,41,41,5,229,5,229,41000,41,41000,41,885715,41,2499569,0,114000,114000,2491715,2491715,113000,113000,0,0,0,0,115,115,113,113,1360,1361,TORN-PERSISTENT
3590,114692,41000,41000,0,0,0,0,0,885715,41,114651,41,116,116,229,1764,2,0,1002,116,116,116,114,114,18,1,41000,41,41,41,5,229,5,229,41000,41,41000,41,885715,41,2508523,0,114000,114000,2491715,2491715,113000,113000,0,0,0,0,115,115,113,113,1768,1768,CONSISTENT
3600,114960,41000,41000,0,0,0,0,0,885715,41,114919,41,117,117,231,1033,2,1000,1030,117,117,117,115,115,2,1,41000,41,41,41,5,231,5,231,41000,41,41000,41,885715,41,2514441,0,115000,115000,2513715,2513715,114000,114000,0,0,0,0,116,116,114,114,1033,1033,CONSISTENT
3610,115231,41000,41000,0,0,0,0,0,885715,41,115190,41,117,117,231,1304,2,1000,1030,117,117,117,115,115,12,1,41000,41,41,41,5,231,5,231,41000,41,41000,41,885715,41,2520425,0,115000,115000,2513715,2513715,114000,114000,0,0,0,0,116,116,114,114,1306,1306,CONSISTENT
3620,115403,41000,41000,0,0,0,0,0,885715,41,115362,41,117,117,232,477,1,1000,326,117,117,117,116,116,22,1,41000,41,41,41,5,232,5,232,41000,41,41000,41,885715,41,2524209,0,115000,115000,2513715,2513715,115000,115000,0,0,0,0,116,116,115,115,478,478,CONSISTENT
3630,115794,41000,41000,0,0,0,0,0,885715,41,115753,41,117,117,232,868,1,1000,326,117,117,117,116,116,32,1,41000,41,41,41,5,232,5,232,41000,41,41000,41,885715,41,2532811,0,115000,115000,2513715,2513715,115000,115000,0,0,0,0,116,116,115,115,870,870,CONSISTENT
3640,116173,41000,41000,0,0,0,0,0,885715,41,116132,41,118,118,233,1247,2,0,1074,118,118,118,116,116,4,1,41000,41,41,41,5,233,5,233,41000,41,41000,41,885715,41,2541171,0,116000,116000,2535715,2535715,115000,115000,0,0,0,0,117,117,115,115,1248,1248,CONSISTENT
3650,116557,41000,41000,0,0,0,0,0,885715,41,116516,41,118,118,233,1631,2,0,1074,118,118,118,116,116,14,1,41000,41,41,41,5,233,5,233,41000,41,41000,41,885715,41,2549597,0,116000,116000,2535715,2535715,115000,115000,0,0,0,0,117,117,115,115,1631,1631,CONSISTENT
3660,116876,41000,41000,0,0,0,0,0,885715,41,116835,41,118,118,234,951,1,1000,948,118,118,118,117,117,24,1,41000,41,41,41,5,234,5,234,41000,41,41000,41,885715,41,2556637,0,116000,116000,2535715,2535715,116000,116000,0,0,0,0,117,117,116,116,951,951,CONSISTENT
3670,117111,41000,41000,0,0,0,0,0,885715,41,117070,41,119,119,235,1186,2,0,1019,119,119,119,117,117,4,1,41000,41,41,41,5,235,5,235,41000,41,41000,41,885715,41,2561807,0,117000,117000,2557715,2557715,116000,116000,0,0,0,0,118,118,116,116,1187,1187,CONSISTENT
3680,117502,41000,41000,0,0,0,0,0,885715,41,117461,41,119,119,235,1577,2,0,1019,119,119,119,117,117,14,1,41000,41,41,41,5,235,5,235,41000,41,41000,41,885715,41,2570409,0,117000,117000,2557715,2557715,116000,116000,0,0,0,0,118,118,116,116,1577,1577,CONSISTENT
3690,117807,41000,41000,0,0,0,0,0,885715,41,117766,41,119,119,236,883,1,1000,865,119,119,119,118,118,24,1,41000,41,41,41,5,236,5,236,41000,41,41000,41,885715,41,2577141,0,117000,117000,2557715,2557715,117000,117000,0,0,0,0,118,118,117,117,883,883,CONSISTENT
3700,118114,41000,41000,0,0,0,0,0,885715,41,118073,41,120,120,237,1190,2,0,1008,120,120,120,118,118,4,1,41000,41,41,41,5,237,5,237,41000,41,41000,41,885715,41,2583895,0,118000,118000,2579715,2579715,117000,117000,0,0,0,0,119,119,117,117,1190,1190,CONSISTENT
3710,118516,41000,41000,0,0,0,0,0,885715,41,118475,41,120,120,237,1592,2,0,1008,120,120,120,118,118,14,1,41000,41,41,41,5,237,5,237,41000,41,41000,41,885715,41,2592761,0,118000,118000,2579715,2579715,117000,117000,0,0,0,0,119,119,117,117,1596,1596,CONSISTENT
3720,118775,41000,41000,0,0,0,0,0,885715,41,118734,41,120,120,238,852,1,1000,841,120,120,120,119,119,22,1,41000,41,41,41,5,238,5,238,41000,41,41000,41,885715,41,2598459,0,118000,118000,2579715,2579715,118000,118000,0,0,0,0,119,119,118,118,852,852,CONSISTENT
3730,119079,41000,41000,0,0,0,0,0,885715,41,119038,41,121,121,239,1156,2,0,1074,121,121,121,119,119,2,1,41000,41,41,41,5,239,5,239,41000,41,41000,41,885715,41,2605169,0,119000,119000,2601715,2601715,118000,118000,0,0,0,0,120,120,118,118,1157,1157,CONSISTENT
3740,119478,41000,41000,0,0,0,0,0,885715,41,119437,41,121,121,239,1555,2,0,1074,121,121,121,119,119,12,1,41000,41,41,41,5,239,5,239,41000,41,41000,41,885715,41,2613947,0,119000,119000,2601715,2601715,118000,118000,0,0,0,0,120,120,118,118,1556,1556,CONSISTENT
3750,119774,41000,41000,0,0,0,0,0,885715,41,119733,41,121,121,240,852,1,1000,842,121,121,121,120,120,22,1,41000,41,41,41,5,240,5,240,41000,41,41000,41,885715,41,2620459,0,119000,119000,2601715,2601715,119000,119000,0,0,0,0,120,120,119,119,852,852,CONSISTENT
3760,120083,41000,41000,0,0,0,0,0,885715,41,120042,41,122,122,241,1161,2,0,1062,122,122,122,120,120,2,1,41000,41,41,41,5,241,5,241,41000,41,41000,41,885715,41,2627257,0,120000,120000,2623715,2623715,119000,119000,0,0,0,0,121,121,119,119,1161,1161,CONSISTENT
3770,120429,41000,41000,0,0,0,0,0,885715,41,120388,41,122,122,241,1507,2,0,1062,122,122,122,120,120,10,1,41000,41,41,41,5,241,5,241,41000,41,41000,41,885715,41,2634891,0,120000,120000,2623715,2623715,119000,119000,0,0,0,0,121,121,119,119,1509,1509,CONSISTENT
3780,120696,41000,41000,0,0,0,0,0,885715,41,120655,41,122,122,242,775,1,1000,772,122,122,122,121,121,20,1,41000,41,41,41,5,242,5,242,41000,41,41000,41,885715,41,2640765,0,120000,120000,2623715,2623715,120000,120000,0,0,0,0,121,121,120,120,775,775,CONSISTENT
3790,121004,41000,41000,0,0,0,0,0,885715,41,120963,41,123,123,243,1083,2,0,1004,123,123,123,121,121,2,1,41000,41,41,41,5,243,5,243,41000,41,41000,41,885715,41,2647541,0,121000,121000,2645715,2645715,120000,120000,0,0,0,0,122,122,120,120,1087,1088,TORN-PERSISTENT
3800,121401,41000,41000,0,0,0,0,0,885715,41,121360,41,123,123,243,1480,2,0,1004,123,123,123,121,121,12,1,41000,41,41,41,5,243,5,243,41000,41,41000,41,885715,41,2656275,0,121000,121000,2645715,2645715,120000,120000,0,0,0,0,122,122,120,120,1480,1480,CONSISTENT
3810,121643,41000,41000,0,0,0,0,0,885715,41,121602,41,123,123,244,723,1,1000,720,123,123,123,122,122,20,1,41000,41,41,41,5,244,5,244,41000,41,41000,41,885715,41,2661621,0,121000,121000,2645715,2645715,121000,121000,0,0,0,0,122,122,121,121,723,723,CONSISTENT
3820,121957,41000,41000,0,0,0,0,0,885715,41,121916,41,123,123,244,1037,2,1000,720,123,124,123,122,122,30,1,41000,41,41,41,5,244,5,244,41000,41,41000,41,885715,41,2668529,0,122000,122000,2667715,2667715,121000,121000,0,0,0,0,123,123,121,121,1037,1037,CONSISTENT
3830,122360,41000,41000,0,0,0,0,0,885715,41,122319,41,124,124,245,1440,2,0,1047,124,124,124,122,122,8,1,41000,41,41,41,5,245,5,245,41000,41,41000,41,885715,41,2677395,0,122000,122000,2667715,2667715,121000,121000,0,0,0,0,123,123,121,121,1441,1441,CONSISTENT
3840,122564,41000,41000,0,0,0,0,0,885715,41,122523,41,124,124,246,645,1,1000,640,124,124,124,123,123,18,1,41000,41,41,41,5,246,5,246,41000,41,41000,41,885715,41,2681905,0,122000,122000,2667715,2667715,122000,122000,0,0,0,0,123,123,122,122,645,645,CONSISTENT
3850,122949,41000,41000,0,0,0,0,0,885715,41,122908,41,124,124,246,1030,2,1000,640,124,125,124,123,123,28,1,41000,41,41,41,5,246,5,246,41000,41,41000,41,885715,41,2690375,0,123000,123000,2689715,2689715,122000,122000,0,0,0,0,124,124,122,122,1031,1031,CONSISTENT
3861,123341,41000,41000,0,0,0,0,0,885715,41,123300,41,125,125,247,1422,2,0,1033,125,125,125,123,123,10,1,41000,41,41,41,5,247,5,247,41000,41,41000,41,885715,41,2698999,0,123000,123000,2689715,2689715,122000,122000,0,0,0,0,124,124,122,122,1424,1425,TORN-PERSISTENT
3870,123519,41000,41000,0,0,0,0,0,885715,41,123478,41,125,125,248,601,1,1000,576,125,125,125,124,124,18,1,41000,41,41,41,5,248,5,248,41000,41,41000,41,885715,41,2702937,0,123000,123000,2689715,2689715,123000,123000,0,0,0,0,124,124,123,123,602,603,TORN-PERSISTENT
3880,123907,41000,41000,0,0,0,0,0,885715,41,123866,41,125,125,248,989,1,1000,576,125,125,125,124,124,28,1,41000,41,41,41,5,248,5,248,41000,41,41000,41,885715,41,2711473,0,123000,123000,2689715,2689715,123000,123000,0,0,0,0,124,124,123,123,989,989,CONSISTENT
3890,124288,41000,41000,0,0,0,0,0,885715,41,124247,41,126,126,249,1370,2,0,1002,126,126,126,124,124,8,1,41000,41,41,41,5,249,5,249,41000,41,41000,41,885715,41,2719899,0,124000,124000,2711715,2711715,123000,123000,0,0,0,0,125,125,123,123,1372,1372,CONSISTENT
3900,124659,41000,41000,0,0,0,0,0,885715,41,124618,41,126,126,249,1741,2,0,1002,126,126,126,124,124,18,1,41000,41,41,41,5,249,5,249,41000,41,41000,41,885715,41,2728017,0,124000,124000,2711715,2711715,123000,123000,0,0,0,0,125,125,123,123,1741,1741,CONSISTENT
3910,124725,41000,41000,0,0,0,0,0,885715,41,124684,41,126,126,250,808,1,1000,742,126,126,126,125,125,28,1,41000,41,41,41,5,250,5,250,41000,41,41000,41,885715,41,2729513,0,124000,124000,2711715,2711715,124000,124000,0,0,0,0,125,125,124,124,813,813,CONSISTENT
3920,125121,41000,41000,0,0,0,0,0,885715,41,125080,41,127,127,251,1204,2,0,1027,127,127,127,125,125,4,1,41000,41,41,41,5,251,5,251,41000,41,41000,41,885715,41,2738225,0,125000,125000,2733715,2733715,124000,124000,0,0,0,0,126,126,124,124,1207,1207,CONSISTENT
3930,125506,41000,41000,0,0,0,0,0,885715,41,125465,41,127,127,251,1589,2,0,1027,127,127,127,125,125,14,1,41000,41,41,41,5,251,5,251,41000,41,41000,41,885715,41,2746673,0,125000,125000,2733715,2733715,124000,124000,0,0,0,0,126,126,124,124,1589,1589,CONSISTENT
3940,125737,41000,41000,0,0,0,0,0,885715,41,125696,41,127,127,252,821,1,1000,812,127,127,127,126,126,24,1,41000,41,41,41,5,252,5,252,41000,41,41000,41,885715,41,2751777,0,125000,125000,2733715,2733715,125000,125000,0,0,0,0,126,126,125,125,821,821,CONSISTENT
3950,126059,41000,41000,0,0,0,0,0,885715,41,126018,41,128,128,253,1143,2,0,1060,128,128,128,126,126,2,1,41000,41,41,41,5,253,5,253,41000,41,41000,41,885715,41,2758861,0,126000,126000,2755715,2755715,125000,125000,0,0,0,0,127,127,125,125,1145,1147,TORN-PERSISTENT
3960,126449,41000,41000,0,0,0,0,0,885715,41,126408,41,128,128,253,1533,2,0,1060,128,128,128,126,126,12,1,41000,41,41,41,5,253,5,253,41000,41,41000,41,885715,41,2767441,0,126000,126000,2755715,2755715,125000,125000,0,0,0,0,127,127,125,125,1537,1537,CONSISTENT
3970,126703,41000,41000,0,0,0,0,0,885715,41,126662,41,128,128,254,788,1,1000,781,128,128,128,127,127,22,1,41000,41,41,41,5,254,5,254,41000,41,41000,41,885715,41,2773051,0,126000,126000,2755715,2755715,126000,126000,0,0,0,0,127,127,126,126,788,788,CONSISTENT
3980,127042,41000,41000,0,0,0,0,0,885715,41,127001,41,129,129,255,1127,2,0,1019,129,129,129,127,127,2,1,41000,41,41,41,5,255,5,255,41000,41,41000,41,885715,41,2780509,0,127000,127000,2777715,2777715,126000,126000,0,0,0,0,128,128,126,126,1130,1130,CONSISTENT
3991,127443,41000,41000,0,0,0,0,0,885715,41,127402,41,129,129,255,1528,2,0,1019,129,129,129,127,127,12,1,41000,41,41,41,5,255,5,255,41000,41,41000,41,885715,41,2789331,0,127000,127000,2777715,2777715,126000,126000,0,0,0,0,128,128,126,126,1530,1530,CONSISTENT
4000,127612,41000,41000,0,0,0,0,0,885715,41,127571,41,129,129,256,698,1,1000,692,129,129,129,128,128,20,1,41000,41,41,41,5,256,5,256,41000,41,41000,41,885715,41,2793071,0,127000,127000,2777715,2777715,127000,127000,0,0,0,0,128,128,127,127,700,700,CONSISTENT
4010,128017,41000,41000,0,0,0,0,0,885715,41,127976,41,130,130,257,1103,2,0,1013,130,130,130,128,128,2,1,41000,41,41,41,5,257,5,257,41000,41,41000,41,885715,41,2801981,0,128000,128000,2799715,2799715,127000,127000,0,0,0,0,129,129,127,127,1104,1104,CONSISTENT
4020,128408,41000,41000,0,0,0,0,0,885715,41,128367,41,130,130,257,1494,2,0,1013,130,130,130,128,128,12,1,41000,41,41,41,5,257,5,257,41000,41,41000,41,885715,41,2810583,0,128000,128000,2799715,2799715,127000,127000,0,0,0,0,129,129,127,127,1496,1496,CONSISTENT
4030,128617,41000,41000,0,0,0,0,0,885715,41,128576,41,130,130,258,704,1,1000,613,130,130,130,129,129,22,1,41000,41,41,41,5,258,5,258,41000,41,41000,41,885715,41,2815203,0,128000,128000,2799715,2799715,128000,128000,0,0,0,0,129,129,128,128,704,704,CONSISTENT
4040,128976,41000,41000,0,0,0,0,0,885715,41,128935,41,130,130,258,1063,2,1000,613,130,131,130,129,129,30,1,41000,41,41,41,5,258,5,258,41000,41,41000,41,885715,41,2823101,0,129000,129000,2821715,2821715,128000,128000,0,0,0,0,130,130,128,128,1063,1063,CONSISTENT
4050,129368,41000,41000,0,0,0,0,0,885715,41,129327,41,131,131,259,1455,2,0,1072,131,131,131,129,129,10,1,41000,41,41,41,5,259,5,259,41000,41,41000,41,885715,41,2831747,0,129000,129000,2821715,2821715,128000,128000,0,0,0,0,130,130,128,128,1456,1456,CONSISTENT
4060,129733,41000,41000,0,0,0,0,0,885715,41,129692,41,131,131,260,821,1,1000,813,131,131,131,130,130,19,1,41000,41,41,41,5,260,5,260,41000,41,41000,41,885715,41,2839777,0,129000,129000,2821715,2821715,129000,129000,0,0,0,0,130,130,129,129,821,821,CONSISTENT
4070,129970,41000,41000,0,0,0,0,0,885715,41,129929,41,132,132,261,1058,2,0,1053,132,132,132,130,130,0,1,41000,41,41,41,5,261,5,261,41000,41,41000,41,885715,41,2844991,0,130000,130000,2843715,2843715,129000,129000,0,0,0,0,131,131,129,129,1058,1058,CONSISTENT
4080,130360,41000,41000,0,0,0,0,0,885715,41,130319,41,132,132,261,1448,2,0,1053,132,132,132,130,130,10,1,41000,41,41,41,5,261,5,261,41000,41,41000,41,885715,41,2853571,0,130000,130000,2843715,2843715,129000,129000,0,0,0,0,131,131,129,129,1451,1452,TORN-PERSISTENT
4090,130712,41000,41000,0,0,0,0,0,885715,41,130671,41,132,132,261,1800,2,0,1053,132,132,132,130,130,18,1,41000,41,41,41,5,261,5,261,41000,41,41000,41,885715,41,2861315,0,130000,130000,2843715,2843715,129000,129000,0,0,0,0,131,131,129,129,1801,1801,CONSISTENT
4100,130975,41000,41000,0,0,0,0,0,885715,41,130934,41,133,133,263,1064,2,1000,1058,133,133,133,131,131,2,1,41000,41,41,41,5,263,5,263,41000,41,41000,41,885715,41,2867123,0,131000,131000,2865715,2865715,130000,130000,0,0,0,0,132,132,130,130,1064,1064,CONSISTENT
4110,131301,41000,41000,0,0,0,0,0,885715,41,131260,41,133,133,263,1390,2,1000,1058,133,133,133,131,131,12,1,41000,41,41,41,5,263,5,263,41000,41,41000,41,885715,41,2874295,0,131000,131000,2865715,2865715,130000,130000,0,0,0,0,132,132,130,130,1393,1393,CONSISTENT
4120,131511,41000,41000,0,0,0,0,0,885715,41,131470,41,133,133,264,601,1,1000,481,133,133,133,132,132,22,1,41000,41,41,41,5,264,5,264,41000,41,41000,41,885715,41,2878959,0,131000,131000,2865715,2865715,131000,131000,0,0,0,0,132,132,131,131,602,602,CONSISTENT
4130,131910,41000,41000,0,0,0,0,0,885715,41,131869,41,133,133,264,1000,1,1000,481,133,133,133,132,132,34,1,41000,41,41,41,5,264,5,264,41000,41,41000,41,885715,41,2887715,0,132000,132000,2887715,2887715,131000,131000,0,0,0,0,133,133,131,131,1002,1004,TORN-PERSISTENT
4140,132269,41000,41000,0,0,0,0,0,885715,41,132228,41,134,134,265,1359,2,0,1071,134,134,134,132,132,6,1,41000,41,41,41,5,265,5,265,41000,41,41000,41,885715,41,2895613,0,132000,132000,2887715,2887715,131000,131000,0,0,0,0,133,133,131,131,1359,1359,CONSISTENT
4150,132667,41000,41000,0,0,0,0,0,885715,41,132626,41,134,134,265,1757,2,0,1071,134,134,134,132,132,16,1,41000,41,41,41,5,265,5,265,41000,41,41000,41,885715,41,2904369,0,132000,132000,2887715,2887715,131000,131000,0,0,0,0,133,133,131,131,1758,1758,CONSISTENT
4160,132880,41000,41000,0,0,0,0,0,885715,41,132839,41,134,134,266,971,1,1000,940,134,134,134,133,133,26,1,41000,41,41,41,5,266,5,266,41000,41,41000,41,885715,41,2909099,0,132000,132000,2887715,2887715,132000,132000,0,0,0,0,133,133,132,132,973,973,CONSISTENT
4170,133286,41000,41000,0,0,0,0,0,885715,41,133245,41,135,135,267,1377,2,0,1058,135,135,135,133,133,6,1,41000,41,41,41,5,267,5,267,41000,41,41000,41,885715,41,2918031,0,133000,133000,2909715,2909715,132000,132000,0,0,0,0,134,134,132,132,1380,1380,CONSISTENT
4180,133685,41000,41000,0,0,0,0,0,885715,41,133644,41,135,135,267,1776,2,0,1058,135,135,135,133,133,18,1,41000,41,41,41,5,267,5,267,41000,41,41000,41,885715,41,2926787,0,133000,133000,2909715,2909715,132000,132000,0,0,0,0,134,134,132,132,1777,1777,CONSISTENT
4190,133868,41000,41000,0,0,0,0,0,885715,41,133827,41,135,135,268,960,1,1000,782,135,135,135,134,134,26,1,41000,41,41,41,5,268,5,268,41000,41,41000,41,885715,41,2930835,0,133000,133000,2909715,2909715,133000,133000,0,0,0,0,134,134,133,133,961,961,CONSISTENT
4200,134273,41000,41000,0,0,0,0,0,885715,41,134232,41,136,136,269,1365,2,0,1081,136,136,136,134,134,6,1,41000,41,41,41,5,269,5,269,41000,41,41000,41,885715,41,2939745,0,134000,134000,2931715,2931715,133000,133000,0,0,0,0,135,135,133,133,1366,1367,TORN-PERSISTENT
4210,134428,41000,41000,0,0,0,0,0,885715,41,134387,41,136,136,270,521,1,1000,515,136,136,136,135,135,16,1,41000,41,41,41,5,270,5,270,41000,41,41000,41,885715,41,2943177,0,134000,134000,2931715,2931715,134000,134000,0,0,0,0,135,135,134,134,521,521,CONSISTENT
4220,134751,41000,41000,0,0,0,0,0,885715,41,134710,41,136,136,270,844,1,1000,515,136,136,136,135,135,26,1,41000,41,41,41,5,270,5,270,41000,41,41000,41,885715,41,2950283,0,134000,134000,2931715,2931715,134000,134000,0,0,0,0,135,135,134,134,844,844,CONSISTENT
4231,135144,41000,41000,0,0,0,0,0,885715,41,135103,41,137,137,271,1237,2,0,1026,137,137,137,135,135,4,1,41000,41,41,41,5,271,5,271,41000,41,41000,41,885715,41,2958973,0,135000,135000,2953715,2953715,134000,134000,0,0,0,0,136,136,134,134,1242,1242,CONSISTENT
4240,135501,41000,41000,0,0,0,0,0,885715,41,135460,41,137,137,271,1594,2,0,1026,137,137,137,135,135,14,1,41000,41,41,41,5,271,5,271,41000,41,41000,41,885715,41,2966783,0,135000,135000,2953715,2953715,134000,134000,0,0,0,0,136,136,134,134,1595,1595,CONSISTENT
4250,135875,41000,41000,0,0,0,0,0,885715,41,135834,41,137,137,272,969,1,1000,966,137,137,137,136,136,24,1,41000,41,41,41,5,272,5,272,41000,41,41000,41,885715,41,2975033,0,135000,135000,2953715,2953715,135000,135000,0,0,0,0,136,136,135,135,969,969,CONSISTENT
4260,136104,41000,41000,0,0,0,0,0,885715,41,136063,41,138,138,273,1198,2,0,1003,138,138,138,136,136,4,1,41000,41,41,41,5,273,5,273,41000,41,41000,41,885715,41,2980093,0,136000,136000,2975715,2975715,135000,135000,0,0,0,0,137,137,135,135,1200,1200,CONSISTENT
4270,136410,41000,41000,0,0,0,0,0,885715,41,136369,41,138,138,274,505,1,1000,496,138,138,138,137,137,14,1,41000,41,41,41,5,274,5,274,41000,41,41000,41,885715,41,2986825,0,136000,136000,2975715,2975715,136000,136000,0,0,0,0,137,137,136,136,505,505,CONSISTENT
4281,136702,41000,41000,0,0,0,0,0,885715,41,136661,41,138,138,274,797,1,1000,496,138,138,138,137,137,24,1,41000,41,41,41,5,274,5,274,41000,41,41000,41,885715,41,2993249,0,136000,136000,2975715,2975715,136000,136000,0,0,0,0,137,137,136,136,798,798,CONSISTENT
4290,137058,41000,41000,0,0,0,0,0,885715,41,137017,41,139,139,275,1153,2,0,1066,139,139,139,137,137,2,1,41000,41,41,41,5,275,5,275,41000,41,41000,41,885715,41,3001081,0,137000,137000,2997715,2997715,136000,136000,0,0,0,0,138,138,136,136,1153,1153,CONSISTENT
4300,137455,41000,41000,0,0,0,0,0,885715,41,137414,41,139,139,275,1550,2,0,1066,139,139,139,137,137,12,1,41000,41,41,41,5,275,5,275,41000,41,41000,41,885715,41,3009815,0,137000,137000,2997715,2997715,136000,136000,0,0,0,0,138,138,136,136,1550,1550,CONSISTENT
4310,137715,41000,41000,0,0,0,0,0,885715,41,137674,41,139,139,276,811,1,1000,802,139,139,139,138,138,22,1,41000,41,41,41,5,276,5,276,41000,41,41000,41,885715,41,3015557,0,137000,137000,2997715,2997715,137000,137000,0,0,0,0,138,138,137,137,811,811,CONSISTENT
4320,138054,41000,41000,0,0,0,0,0,885715,41,138013,41,140,140,277,1150,2,0,1040,140,140,140,138,138,2,1,41000,41,41,41,5,277,5,277,41000,41,41000,41,885715,41,3023015,0,138000,138000,3019715,3019715,137000,137000,0,0,0,0,139,139,137,137,1154,1154,CONSISTENT
4330,138413,41000,41000,0,0,0,0,0,885715,41,138372,41,140,140,277,1509,2,0,1040,140,140,140,138,138,12,1,41000,41,41,41,5,277,5,277,41000,41,41000,41,885715,41,3030913,0,138000,138000,3019715,3019715,137000,137000,0,0,0,0,139,139,137,137,1510,1511,TORN-PERSISTENT
4340,138671,41000,41000,0,0,0,0,0,885715,41,138630,41,140,140,278,768,1,1000,765,140,140,140,139,139,22,1,41000,41,41,41,5,278,5,278,41000,41,41000,41,885715,41,3036611,0,138000,138000,3019715,3019715,138000,138000,0,0,0,0,139,139,138,138,768,768,CONSISTENT
4350,139003,41000,41000,0,0,0,0,0,885715,41,138962,41,141,141,279,1100,2,0,1016,141,141,141,139,139,2,1,41000,41,41,41,5,279,5,279,41000,41,41000,41,885715,41,3043915,0,139000,139000,3041715,3041715,138000,138000,0,0,0,0,140,140,138,138,1102,1102,CONSISTENT
4360,139402,41000,41000,0,0,0,0,0,885715,41,139361,41,141,141,279,1499,2,0,1016,141,141,141,139,139,12,1,41000,41,41,41,5,279,5,279,41000,41,41000,41,885715,41,3052693,0,139000,139000,3041715,3041715,138000,138000,0,0,0,0,140,140,138,138,1500,1501,TORN-PERSISTENT
4370,139616,41000,41000,0,0,0,0,0,885715,41,139575,41,141,141,280,714,1,1000,709,141,141,141,140,140,20,1,41000,41,41,41,5,280,5,280,41000,41,41000,41,885715,41,3057423,0,139000,139000,3041715,3041715,139000,139000,0,0,0,0,140,140,139,139,714,714,CONSISTENT
4380,139958,41000,41000,0,0,0,0,0,885715,41,139917,41,141,141,280,1056,2,1000,709,141,142,141,140,140,30,1,41000,41,41,41,5,280,5,280,41000,41,41000,41,885715,41,3064947,0,140000,140000,3063715,3063715,139000,139000,0,0,0,0,141,141,139,139,1060,1060,CONSISTENT
4390,140359,41000,41000,0,0,0,0,0,885715,41,140318,41,142,142,281,1457,2,0,1060,142,142,142,140,140,10,1,41000,41,41,41,5,281,5,281,41000,41,41000,41,885715,41,3073769,0,140000,140000,3063715,3063715,139000,139000,0,0,0,0,141,141,139,139,1459,1459,CONSISTENT
4400,140572,41000,41000,0,0,0,0,0,885715,41,140531,41,142,142,282,671,1,1000,667,142,142,142,141,141,20,1,41000,41,41,41,5,282,5,282,41000,41,41000,41,885715,41,3078477,0,140000,140000,3063715,3063715,140000,140000,0,0,0,0,141,141,140,140,671,671,CONSISTENT
4410,140954,41000,41000,0,0,0,0,0,885715,41,140913,41,143,143,283,1053,2,0,1041,143,143,143,141,141,0,1,41000,41,41,41,5,283,5,283,41000,41,41000,41,885715,41,3086881,0,141000,141000,3085715,3085715,140000,140000,0,0,0,0,142,142,140,140,1053,1053,CONSISTENT
4420,141310,41000,41000,0,0,0,0,0,885715,41,141269,41,143,143,283,1409,2,0,1041,143,143,143,141,141,8,1,41000,41,41,41,5,283,5,283,41000,41,41000,41,885715,41,3094713,0,141000,141000,3085715,3085715,140000,140000,0,0,0,0,142,142,140,140,1412,1412,CONSISTENT
4430,141518,41000,41000,0,0,0,0,0,885715,41,141477,41,143,143,284,618,1,1000,590,143,143,143,142,142,18,1,41000,41,41,41,5,284,5,284,41000,41,41000,41,885715,41,3099311,0,141000,141000,3085715,3085715,141000,141000,0,0,0,0,142,142,141,141,619,619,CONSISTENT
4440,141912,41000,41000,0,0,0,0,0,885715,41,141871,41,143,143,284,1012,2,1000,590,143,144,143,142,142,28,1,41000,41,41,41,5,284,5,284,41000,41,41000,41,885715,41,3107979,0,142000,142000,3107715,3107715,141000,141000,0,0,0,0,143,143,141,141,1016,1017,TORN-PERSISTENT
4450,142307,41000,41000,0,0,0,0,0,885715,41,142266,41,144,144,285,1407,2,0,1017,144,144,144,142,142,10,1,41000,41,41,41,5,285,5,285,41000,41,41000,41,885715,41,3116691,0,142000,142000,3107715,3107715,141000,141000,0,0,0,0,143,143,141,141,1408,1408,CONSISTENT
4460,142642,41000,41000,0,0,0,0,0,885715,41,142601,41,144,144,286,743,1,1000,741,144,144,144,143,143,20,1,41000,41,41,41,5,286,5,286,41000,41,41000,41,885715,41,3124061,0,142000,142000,3107715,3107715,142000,142000,0,0,0,0,143,143,142,142,743,743,CONSISTENT
4470,142867,41000,41000,0,0,0,0,0,885715,41,142826,41,144,144,286,968,1,1000,741,144,144,144,143,143,28,1,41000,41,41,41,5,286,5,286,41000,41,41000,41,885715,41,3129011,0,142000,142000,3107715,3107715,142000,142000,0,0,0,0,143,143,142,142,969,969,CONSISTENT
4480,143259,41000,41000,0,0,0,0,0,885715,41,143218,41,145,145,287,1360,2,0,1072,145,145,145,143,143,6,1,41000,41,41,41,5,287,5,287,41000,41,41000,41,885715,41,3137635,0,143000,143000,3129715,3129715,142000,142000,0,0,0,0,144,144,142,142,1360,1360,CONSISTENT
4490,143655,41000,41000,0,0,0,0,0,885715,41,143614,41,145,145,287,1756,2,0,1072,145,145,145,143,143,16,1,41000,41,41,41,5,287,5,287,41000,41,41000,41,885715,41,3146347,0,143000,143000,3129715,3129715,142000,142000,0,0,0,0,144,144,142,142,1758,1759,TORN-PERSISTENT
4500,143902,41000,41000,0,0,0,0,0,885715,41,143861,41,146,146,289,1004,2,0,1004,146,146,146,144,144,2,1,41000,41,41,41,5,289,5,289,41000,41,41000,41,885715,41,3151803,0,144000,144000,3151715,3151715,143000,143000,0,0,0,0,145,145,143,143,1004,1004,CONSISTENT
4510,144144,41000,41000,0,0,0,0,0,885715,41,144103,41,146,146,290,247,1,1000,233,146,146,146,145,145,12,1,41000,41,41,41,5,290,5,290,41000,41,41000,41,885715,41,3157149,0,144000,144000,3151715,3151715,144000,144000,0,0,0,0,145,145,144,144,247,247,CONSISTENT
4520,144372,41000,41000,0,0,0,0,0,885715,41,144331,41,146,146,290,475,1,1000,233,146,146,146,145,145,22,1,41000,41,41,41,5,290,5,290,41000,41,41000,41,885715,41,3162165,0,144000,144000,3151715,3151715,144000,144000,0,0,0,0,145,145,144,144,476,476,CONSISTENT
4530,144771,41000,41000,0,0,0,0,0,885715,41,144730,41,146,146,290,874,1,1000,233,146,146,146,145,145,32,1,41000,41,41,41,5,290,5,290,41000,41,41000,41,885715,41,3170943,0,144000,144000,3151715,3151715,144000,144000,0,0,0,0,145,145,144,144,876,876,CONSISTENT
4540,145166,41000,41000,0,0,0,0,0,885715,41,145125,41,147,147,291,1269,2,0,1080,147,147,147,145,145,4,1,41000,41,41,41,5,291,5,291,41000,41,41000,41,885715,41,3179633,0,145000,145000,3173715,3173715,144000,144000,0,0,0,0,146,146,144,144,1274,1274,CONSISTENT
4550,145573,41000,41000,0,0,0,0,0,885715,41,145532,41,147,147,291,1676,2,0,1080,147,147,147,145,145,14,1,41000,41,41,41,5,291,5,291,41000,41,41000,41,885715,41,3188587,0,145000,145000,3173715,3173715,144000,144000,0,0,0,0,146,146,144,144,1677,1677,CONSISTENT
4560,145781,41000,41000,0,0,0,0,0,885715,41,145740,41,147,147,292,885,1,1000,708,147,147,147,146,146,24,1,41000,41,41,41,5,292,5,292,41000,41,41000,41,885715,41,3193185,0,145000,145000,3173715,3173715,145000,145000,0,0,0,0,146,146,145,145,885,885,CONSISTENT
4570,146140,41000,41000,0,0,0,0,0,885715,41,146099,41,148,148,293,1244,2,0,1080,148,148,148,146,146,4,1,41000,41,41,41,5,293,5,293,41000,41,41000,41,885715,41,3201217,0,146000,146000,3195715,3195715,145000,145000,0,0,0,0,147,147,145,145,1247,1247,CONSISTENT
4580,146484,41000,41000,0,0,0,0,0,885715,41,146443,41,148,148,294,589,1,1000,585,148,148,148,147,147,14,1,41000,41,41,41,5,294,5,294,41000,41,41000,41,885715,41,3209152,0,146000,146000,3195715,3195715,146000,146000,0,0,0,0,147,147,146,146,589,589,CONSISTENT
4590,146738,41000,41000,0,0,0,0,0,885715,41,146697,41,148,148,294,843,1,1000,585,148,148,148,147,147,24,1,41000,41,41,41,5,294,5,294,41000,41,41000,41,885715,41,3214994,0,146000,146000,3195715,3195715,146000,146000,0,0,0,0,147,147,146,146,843,843,CONSISTENT
4600,147139,41000,41000,0,0,0,0,0,885715,41,147098,41,149,149,295,1244,2,0,1054,149,149,149,147,147,4,1,41000,41,41,41,5,295,5,295,41000,41,41000,41,885715,41,3224217,0,147000,147000,3218605,3218605,146000,146000,0,0,0,0,148,148,146,146,1247,1249,TORN-PERSISTENT
4610,147375,41000,41000,0,0,0,0,0,885715,41,147334,41,149,149,296,481,1,1000,476,149,149,149,148,148,14,1,41000,41,41,41,5,296,5,296,41000,41,41000,41,885715,41,3229668,0,147000,147000,3218605,3218605,147000,147000,0,0,0,0,148,148,147,147,481,481,CONSISTENT
4620,147699,41000,41000,0,0,0,0,0,885715,41,147658,41,149,149,296,805,1,1000,476,149,149,149,148,148,22,1,41000,41,41,41,5,296,5,296,41000,41,41000,41,885715,41,3237120,0,147000,147000,3218605,3218605,147000,147000,0,0,0,0,148,148,147,147,806,807,TORN-PERSISTENT
4630,148098,41000,41000,0,0,0,0,0,885715,41,148057,41,150,150,297,1204,2,0,1040,150,150,150,148,148,4,1,41000,41,41,41,5,297,5,297,41000,41,41000,41,885715,41,3246320,0,148000,148000,3241605,3241605,147000,147000,0,0,0,0,149,149,147,147,1209,1209,CONSISTENT
4640,148489,41000,41000,0,0,0,0,0,885715,41,148448,41,150,150,297,1595,2,0,1040,150,150,150,148,148,14,1,41000,41,41,41,5,297,5,297,41000,41,41000,41,885715,41,3255290,0,148000,148000,3241605,3241605,147000,147000,0,0,0,0,149,149,147,147,1597,1597,CONSISTENT
4650,148806,41000,41000,0,0,0,0,0,885715,41,148765,41,150,150,298,913,1,1000,903,150,150,150,149,149,24,1,41000,41,41,41,5,298,5,298,41000,41,41000,41,885715,41,3262604,0,148000,148000,3241605,3241605,148000,148000,0,0,0,0,149,149,148,148,913,913,CONSISTENT
4660,149058,41000,41000,0,0,0,0,0,885715,41,149017,41,151,151,299,1165,2,0,1015,151,151,151,149,149,2,1,41000,41,41,41,5,299,5,299,41000,41,41000,41,885715,41,3268446,0,149000,149000,3264605,3264605,148000,148000,0,0,0,0,150,150,148,148,1168,1168,CONSISTENT
4670,149452,41000,41000,0,0,0,0,0,885715,41,149411,41,151,151,299,1559,2,0,1015,151,151,151,149,149,14,1,41000,41,41,41,5,299,5,299,41000,41,41000,41,885715,41,3277462,0,149000,149000,3264605,3264605,148000,148000,0,0,0,0,150,150,148,148,1561,1561,CONSISTENT
4680,149651,41000,41000,0,0,0,0,0,885715,41,149610,41,151,151,300,759,1,1000,739,151,151,151,150,150,24,1,41000,41,41,41,5,300,5,300,41000,41,41000,41,885715,41,3282062,0,149000,149000,3264605,3264605,149000,149000,0,0,0,0,150,150,149,149,764,764,CONSISTENT
4690,150049,41000,41000,0,0,0,0,0,885715,41,150008,41,152,152,301,1157,2,0,1068,152,152,152,150,150,2,1,41000,41,41,41,5,301,5,301,41000,41,41000,41,885715,41,3291216,0,150000,150000,3287605,3287605,149000,149000,0,0,0,0,151,151,149,149,1161,1161,CONSISTENT
4700,150446,41000,41000,0,0,0,0,0,885715,41,150405,41,152,152,301,1554,2,0,1068,152,152,152,150,150,12,1,41000,41,41,41,5,301,5,301,41000,41,41000,41,885715,41,3300347,0,150000,150000,3287605,3287605,149000,149000,0,0,0,0,151,151,149,149,1555,1555,CONSISTENT
4710,150608,41000,41000,0,0,0,0,0,885715,41,150567,41,152,152,302,717,1,1000,689,152,152,152,151,151,20,1,41000,41,41,41,5,302,5,302,41000,41,41000,41,885715,41,3304096,0,150000,150000,3287605,3287605,150000,150000,0,0,0,0,151,151,150,150,719,720,TORN-PERSISTENT
4720,151015,41000,41000,0,0,0,0,0,885715,41,150974,41,153,153,303,1124,2,0,1050,153,153,153,151,151,0,1,41000,41,41,41,5,303,5,303,41000,41,41000,41,885715,41,3313457,0,151000,151000,3310605,3310605,150000,150000,0,0,0,0,152,152,150,150,1128,1128,CONSISTENT
4730,151410,41000,41000,0,0,0,0,0,885715,41,151369,41,153,153,303,1519,2,0,1050,153,153,153,151,151,12,1,41000,41,41,41,5,303,5,303,41000,41,41000,41,885715,41,3322542,0,151000,151000,3310605,3310605,150000,150000,0,0,0,0,152,152,150,150,1521,1522,TORN-PERSISTENT
4740,151617,42000,42000,0,0,0,0,0,908715,42,151575,42,153,153,304,726,1,1000,555,153,153,153,152,152,22,1,42000,42,42,42,5,304,5,304,42000,42,42000,42,908715,42,3327303,999.9447405703887,151000,151000,3310605,3310605,151000,151000,0,0,0,0,152,152,151,151,729,730,TORN-PERSISTENT
4750,151977,42000,42000,0,0,0,0,0,908715,42,151935,42,154,154,305,1086,2,0,1032,154,154,154,152,152,0,1,42000,42,42,42,5,305,5,305,42000,42,42000,42,908715,42,3335583,999.9447405703887,152000,152000,3333605,3333605,151000,151000,0,0,0,0,153,153,151,151,1089,1090,TORN-PERSISTENT
4760,152375,42000,42000,0,0,0,0,0,908715,42,152333,42,154,154,305,1484,2,0,1032,154,154,154,152,152,10,1,42000,42,42,42,5,305,5,305,42000,42,42000,42,908715,42,3344737,999.9447405703887,152000,152000,3333605,3333605,151000,151000,0,0,0,0,153,153,151,151,1486,1486,CONSISTENT
4770,152774,42000,42000,0,0,0,0,0,908715,42,152732,42,154,154,305,1883,2,0,1032,154,154,154,152,152,20,1,42000,42,42,42,5,305,5,305,42000,42,42000,42,908715,42,3353914,999.9447405703887,152000,152000,3333605,3333605,151000,151000,0,0,0,0,153,153,151,151,1883,1883,CONSISTENT
4780,152979,42000,42000,0,0,0,0,0,908715,42,152937,42,155,155,307,1089,2,0,1020,155,155,155,153,153,0,1,42000,42,42,42,5,307,5,307,42000,42,42000,42,908715,42,3358698,999.9447405703887,153000,153000,3356605,3356605,152000,152000,0,0,0,0,154,154,152,152,1092,1092,CONSISTENT
4790,153374,42000,42000,0,0,0,0,0,908715,42,153332,42,155,155,307,1484,2,0,1020,155,155,155,153,153,12,1,42000,42,42,42,5,307,5,307,42000,42,42000,42,908715,42,3367737,999.9447405703887,153000,153000,3356605,3356605,152000,152000,0,0,0,0,154,154,152,152,1486,1486,CONSISTENT
4800,153623,42000,42000,0,0,0,0,0,908715,42,153581,42,155,155,308,734,1,1000,728,155,155,155,154,154,20,1,42000,42,42,42,5,308,5,308,42000,42,42000,42,908715,42,3373487,0,153000,153000,3356605,3356605,153000,153000,0,0,0,0,154,154,153,153,734,734,CONSISTENT
4810,153893,42000,42000,0,0,0,0,0,908715,42,153851,42,155,155,308,1004,2,1000,728,155,156,155,154,154,30,1,42000,42,42,42,5,308,5,308,42000,42,42000,42,908715,42,3379697,0,154000,154000,3379605,3379605,153000,153000,0,0,0,0,155,155,153,153,1006,1006,CONSISTENT
4820,154290,42000,42000,0,0,0,0,0,908715,42,154248,42,156,156,309,1401,2,0,1051,156,156,156,154,154,8,1,42000,42,42,42,5,309,5,309,42000,42,42000,42,908715,42,3388828,0,154000,154000,3379605,3379605,153000,153000,0,0,0,0,155,155,153,153,1405,1406,TORN-PERSISTENT
4830,154557,42000,42000,0,0,0,0,0,908715,42,154515,42,156,156,310,669,1,1000,663,156,156,156,155,155,18,1,42000,42,42,42,5,310,5,310,42000,42,42000,42,908715,42,3394992,0,154000,154000,3379605,3379605,154000,154000,0,0,0,0,155,155,154,154,669,669,CONSISTENT
4840,154851,42000,42000,0,0,0,0,0,908715,42,154809,42,156,156,310,963,1,1000,663,156,156,156,155,155,28,1,42000,42,42,42,5,310,5,310,42000,42,42000,42,908715,42,3401754,0,154000,154000,3379605,3379605,154000,154000,0,0,0,0,155,155,154,154,965,969,TORN-PERSISTENT
4850,155255,42000,42000,0,0,0,0,0,908715,42,155213,42,157,157,311,1367,2,0,1038,157,157,157,155,155,8,1,42000,42,42,42,5,311,5,311,42000,42,42000,42,908715,42,3411046,0,155000,155000,3402605,3402605,154000,154000,0,0,0,0,156,156,154,154,1367,1367,CONSISTENT
4860,155456,42000,42000,0,0,0,0,0,908715,42,155414,42,157,157,312,569,1,1000,566,157,157,157,156,156,18,1,42000,42,42,42,5,312,5,312,42000,42,42000,42,908715,42,3415692,0,155000,155000,3402605,3402605,155000,155000,0,0,0,0,156,156,155,155,572,572,CONSISTENT
4870,155854,42000,42000,0,0,0,0,0,908715,42,155812,42,157,157,312,967,1,1000,566,157,157,157,156,156,28,1,42000,42,42,42,5,312,5,312,42000,42,42000,42,908715,42,3424846,0,155000,155000,3402605,3402605,155000,155000,0,0,0,0,156,156,155,155,970,971,TORN-PERSISTENT
4880,156240,42000,42000,0,0,0,0,0,908715,42,156198,42,158,158,313,1353,2,0,1011,158,158,158,156,156,8,1,42000,42,42,42,5,313,5,313,42000,42,42000,42,908715,42,3433724,0,156000,156000,3425605,3425605,155000,155000,0,0,0,0,157,157,155,155,1358,1359,TORN-PERSISTENT
4890,156596,42000,42000,0,0,0,0,0,908715,42,156554,42,158,158,313,1709,2,0,1011,158,158,158,156,156,18,1,42000,42,42,42,5,313,5,313,42000,42,42000,42,908715,42,3441912,0,156000,156000,3425605,3425605,155000,155000,0,0,0,0,157,157,155,155,1713,1714,TORN-PERSISTENT
4900,156911,42000,42000,0,0,0,0,0,908715,42,156869,42,159,159,315,1025,2,1000,1021,159,159,159,157,157,2,1,42000,42,42,42,5,315,5,315,42000,42,42000,42,908715,42,3449180,0,157000,157000,3448605,3448605,156000,156000,0,0,0,0,158,158,156,156,1025,1025,CONSISTENT
4910,157187,42000,42000,0,0,0,0,0,908715,42,157145,42,159,159,315,1301,2,1000,1021,159,159,159,157,157,12,1,42000,42,42,42,5,315,5,315,42000,42,42000,42,908715,42,3455551,0,157000,157000,3448605,3448605,156000,156000,0,0,0,0,158,158,156,156,1305,1305,CONSISTENT
4920,157392,42000,42000,0,0,0,0,0,908715,42,157350,42,159,159,316,507,1,1000,460,159,159,159,158,158,22,1,42000,42,42,42,5,316,5,316,42000,42,42000,42,908715,42,3460312,0,157000,157000,3448605,3448605,157000,157000,0,0,0,0,158,158,157,157,511,511,CONSISTENT
4930,157746,42000,42000,0,0,0,0,0,908715,42,157704,42,159,159,316,861,1,1000,460,159,159,159,158,158,30,1,42000,42,42,42,5,316,5,316,42000,42,42000,42,908715,42,3468431,0,157000,157000,3448605,3448605,157000,157000,0,0,0,0,158,158,157,157,865,865,CONSISTENT
4940,158138,42000,42000,0,0,0,0,0,908715,42,158096,42,160,160,317,1253,2,0,1019,160,160,160,158,158,6,1,42000,42,42,42,5,317,5,317,42000,42,42000,42,908715,42,3477424,0,158000,158000,3471605,3471605,157000,157000,0,0,0,0,159,159,157,157,1254,1255,TORN-PERSISTENT
4950,158537,42000,42000,0,0,0,0,0,908715,42,158495,42,160,160,317,1652,2,0,1019,160,160,160,158,158,16,1,42000,42,42,42,5,317,5,317,42000,42,42000,42,908715,42,3486601,0,158000,158000,3471605,3471605,157000,157000,0,0,0,0,159,159,157,157,1653,1653,CONSISTENT
4960,158854,42000,42000,0,0,0,0,0,908715,42,158812,42,160,160,318,970,1,1000,965,160,160,160,159,159,26,1,42000,42,42,42,5,318,5,318,42000,42,42000,42,908715,42,3493915,0,158000,158000,3471605,3471605,158000,158000,0,0,0,0,159,159,158,158,970,970,CONSISTENT
4970,159127,42000,42000,0,0,0,0,0,908715,42,159085,42,161,161,319,1243,2,0,1078,161,161,161,159,159,4,1,42000,42,42,42,5,319,5,319,42000,42,42000,42,908715,42,3500194,0,159000,159000,3494605,3494605,158000,158000,0,0,0,0,160,160,158,158,1243,1243,CONSISTENT
4980,159477,42000,42000,0,0,0,0,0,908715,42,159435,42,161,161,319,1593,2,0,1078,161,161,161,159,159,12,1,42000,42,42,42,5,319,5,319,42000,42,42000,42,908715,42,3508244,0,159000,159000,3494605,3494605,158000,158000,0,0,0,0,160,160,158,158,1594,1594,CONSISTENT
4990,159679,42000,42000,0,0,0,0,0,908715,42,159637,42,161,161,320,796,1,1000,683,161,161,161,160,160,22,1,42000,42,42,42,5,320,5,320,42000,42,42000,42,908715,42,3512913,0,159000,159000,3494605,3494605,159000,159000,0,0,0,0,160,160,159,159,798,798,CONSISTENT
5000,160071,42000,42000,0,0,0,0,0,908715,42,160029,42,162,162,321,1188,2,0,1037,162,162,162,160,160,2,1,42000,42,42,42,5,321,5,321,42000,42,42000,42,908715,42,3521929,0,160000,160000,3517605,3517605,159000,159000,0,0,0,0,161,161,159,159,1190,1191,TORN-PERSISTENT
5010,160471,42000,42000,0,0,0,0,0,908715,42,160429,42,162,162,321,1588,2,0,1037,162,162,162,160,160,14,1,42000,42,42,42,5,321,5,321,42000,42,42000,42,908715,42,3531129,0,160000,160000,3517605,3517605,159000,159000,0,0,0,0,161,161,159,159,1588,1588,CONSISTENT
5020,160742,42000,42000,0,0,0,0,0,908715,42,160700,42,162,162,322,860,1,1000,847,162,162,162,161,161,24,1,42000,42,42,42,5,322,5,322,42000,42,42000,42,908715,42,3537385,0,160000,160000,3517605,3517605,160000,160000,0,0,0,0,161,161,160,160,860,860,CONSISTENT
5030,161031,42000,42000,0,0,0,0,0,908715,42,160989,42,163,163,323,1149,2,0,1016,163,163,163,161,161,2,1,42000,42,42,42,5,323,5,323,42000,42,42000,42,908715,42,3544032,0,161000,161000,3540605,3540605,160000,160000,0,0,0,0,162,162,160,160,1152,1152,CONSISTENT
5040,161431,42000,42000,0,0,0,0,0,908715,42,161389,42,163,163,323,1549,2,0,1016,163,163,163,161,161,12,1,42000,42,42,42,5,323,5,323,42000,42,42000,42,908715,42,3553232,0,161000,161000,3540605,3540605,160000,160000,0,0,0,0,162,162,160,160,1551,1552,TORN-PERSISTENT
5050,161672,42000,42000,0,0,0,0,0,908715,42,161630,42,163,163,324,791,1,1000,779,163,163,163,162,162,22,1,42000,42,42,42,5,324,5,324,42000,42,42000,42,908715,42,3558798,0,161000,161000,3540605,3540605,161000,161000,0,0,0,0,162,162,161,161,791,791,CONSISTENT
5060,162015,42000,42000,0,0,0,0,0,908715,42,161973,42,164,164,325,1134,2,0,1064,164,164,164,162,162,0,1,42000,42,42,42,5,325,5,325,42000,42,42000,42,908715,42,3566710,0,162000,162000,3563605,3563605,161000,161000,0,0,0,0,163,163,161,161,1136,1136,CONSISTENT
5070,162367,42000,42000,0,0,0,0,0,908715,42,162325,42,164,164,325,1486,2,0,1064,164,164,164,162,162,10,1,42000,42,42,42,5,325,5,325,42000,42,42000,42,908715,42,3574783,0,162000,162000,3563605,3563605,161000,161000,0,0,0,0,163,163,161,161,1487,1487,CONSISTENT
5080,162623,42000,42000,0,0,0,0,0,908715,42,162581,42,164,164,326,743,1,1000,738,164,164,164,163,163,20,1,42000,42,42,42,5,326,5,326,42000,42,42000,42,908715,42,3580694,0,162000,162000,3563605,3563605,162000,162000,0,0,0,0,163,163,162,162,743,743,CONSISTENT
5090,162938,42000,42000,0,0,0,0,0,908715,42,162896,42,164,164,326,1058,2,1000,738,164,165,164,163,163,30,1,42000,42,42,42,5,326,5,326,42000,42,42000,42,908715,42,3587985,0,163000,163000,3586605,3586605,162000,162000,0,0,0,0,164,164,162,162,1060,1060,CONSISTENT
5100,163323,42000,42000,0,0,0,0,0,908715,42,163281,42,165,165,327,1443,2,0,1074,165,165,165,163,163,8,1,42000,42,42,42,5,327,5,327,42000,42,42000,42,908715,42,3596794,0,163000,163000,3586605,3586605,162000,162000,0,0,0,0,164,164,162,162,1443,1443,CONSISTENT
5110,163407,42000,42000,0,0,0,0,0,908715,42,163365,42,165,165,328,528,1,1000,512,165,165,165,164,164,18,1,42000,42,42,42,5,328,5,328,42000,42,42000,42,908715,42,3598749,0,163000,163000,3586605,3586605,163000,163000,0,0,0,0,164,164,163,163,528,528,CONSISTENT
5120,163761,42000,42000,0,0,0,0,0,908715,42,163719,42,165,165,328,882,1,1000,512,165,165,165,164,164,28,1,42000,42,42,42,5,328,5,328,42000,42,42000,42,908715,42,3606891,0,163000,163000,3586605,3586605,163000,163000,0,0,0,0,164,164,163,163,882,882,CONSISTENT
5130,164149,42000,42000,0,0,0,0,0,908715,42,164107,42,166,166,329,1270,2,0,1023,166,166,166,164,164,6,1,42000,42,42,42,5,329,5,329,42000,42,42000,42,908715,42,3615838,0,164000,164000,3609605,3609605,163000,163000,0,0,0,0,165,165,163,163,1274,1275,TORN-PERSISTENT
5140,164547,42000,42000,0,0,0,0,0,908715,42,164505,42,166,166,329,1668,2,0,1023,166,166,166,164,164,16,1,42000,42,42,42,5,329,5,329,42000,42,42000,42,908715,42,3624969,0,164000,164000,3609605,3609605,163000,163000,0,0,0,0,165,165,163,163,1668,1668,CONSISTENT
5150,164910,42000,42000,0,0,0,0,0,908715,42,164868,42,167,167,331,1032,2,1000,1029,167,167,167,165,165,0,1,42000,42,42,42,5,331,5,331,42000,42,42000,42,908715,42,3633341,0,165000,165000,3632605,3632605,164000,164000,0,0,0,0,166,166,164,164,1032,1032,CONSISTENT
5160,165094,42000,42000,0,0,0,0,0,908715,42,165052,42,167,167,331,1216,2,1000,1029,167,167,167,165,165,10,1,42000,42,42,42,5,331,5,331,42000,42,42000,42,908715,42,3637596,0,165000,165000,3632605,3632605,164000,164000,0,0,0,0,166,166,164,164,1219,1219,CONSISTENT
5170,165328,42000,42000,0,0,0,0,0,908715,42,165286,42,167,167,332,451,1,1000,446,167,167,167,166,166,20,1,42000,42,42,42,5,332,5,332,42000,42,42000,42,908715,42,3642978,0,165000,165000,3632605,3632605,165000,165000,0,0,0,0,166,166,165,165,451,451,CONSISTENT
5180,165695,42000,42000,0,0,0,0,0,908715,42,165653,42,167,167,332,818,1,1000,446,167,167,167,166,166,30,1,42000,42,42,42,5,332,5,332,42000,42,42000,42,908715,42,3651419,0,165000,165000,3632605,3632605,165000,165000,0,0,0,0,166,166,165,165,819,819,CONSISTENT
5190,166088,42000,42000,0,0,0,0,0,908715,42,166046,42,168,168,333,1211,2,0,1039,168,168,168,166,166,4,1,42000,42,42,42,5,333,5,333,42000,42,42000,42,908715,42,3660458,0,166000,166000,3655605,3655605,165000,165000,0,0,0,0,167,167,165,165,1211,1211,CONSISTENT
5200,166480,42000,42000,0,0,0,0,0,908715,42,166438,42,168,168,333,1603,2,0,1039,168,168,168,166,166,14,1,42000,42,42,42,5,333,5,333,42000,42,42000,42,908715,42,3669474,0,166000,166000,3655605,3655605,165000,165000,0,0,0,0,167,167,165,165,1607,1608,TORN-PERSISTENT
5210,166801,42000,42000,0,0,0,0,0,908715,42,166759,42,168,168,334,925,1,1000,920,168,168,168,167,167,22,1,42000,42,42,42,5,334,5,334,42000,42,42000,42,908715,42,3676880,0,166000,166000,3655605,3655605,166000,166000,0,0,0,0,167,167,166,166,925,925,CONSISTENT
5220,167040,42000,42000,0,0,0,0,0,908715,42,166998,42,169,169,335,1164,2,0,1004,169,169,169,167,167,4,1,42000,42,42,42,5,335,5,335,42000,42,42000,42,908715,42,3682377,0,167000,167000,3678605,3678605,166000,166000,0,0,0,0,168,168,166,166,1165,1165,CONSISTENT
5230,167435,42000,42000,0,0,0,0,0,908715,42,167393,42,169,169,335,1559,2,0,1004,169,169,169,167,167,14,1,42000,42,42,42,5,335,5,335,42000,42,42000,42,908715,42,3691485,0,167000,167000,3678605,3678605,166000,166000,0,0,0,0,168,168,166,166,1563,1563,CONSISTENT
5240,167747,42000,42000,0,0,0,0,0,908715,42,167705,42,169,169,336,872,1,1000,860,169,169,169,168,168,24,1,42000,42,42,42,5,336,5,336,42000,42,42000,42,908715,42,3698661,0,167000,167000,3678605,3678605,167000,167000,0,0,0,0,168,168,167,167,872,872,CONSISTENT
5250,168032,42000,42000,0,0,0,0,0,908715,42,167990,42,170,170,337,1157,2,0,1070,170,170,170,168,168,2,1,42000,42,42,42,5,337,5,337,42000,42,42000,42,908715,42,3705216,0,168000,168000,3701605,3701605,167000,167000,0,0,0,0,169,169,167,167,1157,1157,CONSISTENT
5260,168388,42000,42000,0,0,0,0,0,908715,42,168346,42,170,170,337,1513,2,0,1070,170,170,170,168,168,10,1,42000,42,42,42,5,337,5,337,42000,42,42000,42,908715,42,3713427,0,168000,168000,3701605,3701605,167000,167000,0,0,0,0,169,169,167,167,1514,1514,CONSISTENT
5270,168657,42000,42000,0,0,0,0,0,908715,42,168615,42,170,170,338,783,1,1000,775,170,170,170,169,169,20,1,42000,42,42,42,5,338,5,338,42000,42,42000,42,908715,42,3719614,0,168000,168000,3701605,3701605,168000,168000,0,0,0,0,169,169,168,168,783,783,CONSISTENT
5280,168980,42000,42000,0,0,0,0,0,908715,42,168938,42,171,171,339,1106,2,0,1035,171,171,171,169,169,0,1,42000,42,42,42,5,339,5,339,42000,42,42000,42,908715,42,3727066,0,169000,169000,3724605,3724605,168000,168000,0,0,0,0,170,170,168,168,1107,1107,CONSISTENT
5290,169371,42000,42000,0,0,0,0,0,908715,42,169329,42,171,171,339,1497,2,0,1035,171,171,171,169,169,12,1,42000,42,42,42,5,339,5,339,42000,42,42000,42,908715,42,3736036,0,169000,169000,3724605,3724605,168000,168000,0,0,0,0,170,170,168,168,1497,1497,CONSISTENT
5300,169598,42000,42000,0,0,0,0,0,908715,42,169556,42,171,171,340,725,1,1000,717,171,171,171,170,170,22,1,42000,42,42,42,5,340,5,340,42000,42,42000,42,908715,42,3741280,0,169000,169000,3724605,3724605,169000,169000,0,0,0,0,170,170,169,169,725,725,CONSISTENT
5310,169924,42000,42000,0,0,0,0,0,908715,42,169882,42,171,171,340,1051,2,1000,717,171,172,171,170,170,30,1,42000,42,42,42,5,340,5,340,42000,42,42000,42,908715,42,3748778,0,170000,170000,3747605,3747605,169000,169000,0,0,0,0,171,171,169,169,1053,1054,TORN-PERSISTENT
5320,170303,42000,42000,0,0,0,0,0,908715,42,170261,42,172,172,341,1430,2,0,1160,172,172,172,170,170,6,1,42000,42,42,42,5,341,5,341,42000,42,42000,42,908715,42,3757495,0,170000,170000,3747605,3747605,169000,169000,0,0,0,0,171,171,169,169,1433,1433,CONSISTENT
5330,170526,42000,42000,0,0,0,0,0,908715,42,170484,42,172,172,342,654,1,1000,650,172,172,172,171,171,16,1,42000,42,42,42,5,342,5,342,42000,42,42000,42,908715,42,3762647,0,170000,170000,3747605,3747605,170000,170000,0,0,0,0,171,171,170,170,654,654,CONSISTENT
5340,170869,42000,42000,0,0,0,0,0,908715,42,170827,42,172,172,342,997,1,1000,650,172,172,172,171,171,26,1,42000,42,42,42,5,342,5,342,42000,42,42000,42,908715,42,3770536,0,170000,170000,3747605,3747605,170000,170000,0,0,0,0,171,171,170,170,998,998,CONSISTENT
5350,171224,42000,42000,0,0,0,0,0,908715,42,171182,42,173,173,343,1352,2,0,1003,173,173,173,171,171,8,1,42000,42,42,42,5,343,5,343,42000,42,42000,42,908715,42,3778724,0,171000,171000,3770605,3770605,170000,170000,0,0,0,0,172,172,170,170,1354,1356,TORN-PERSISTENT
5360,171431,42000,42000,0,0,0,0,0,908715,42,171389,42,173,173,344,560,1,1000,550,173,173,173,172,172,18,1,42000,42,42,42,5,344,5,344,42000,42,42000,42,908715,42,3783485,0,171000,171000,3770605,3770605,171000,171000,0,0,0,0,172,172,171,171,560,560,CONSISTENT
5370,171814,42000,42000,0,0,0,0,0,908715,42,171772,42,173,173,344,943,1,1000,550,173,173,173,172,172,28,1,42000,42,42,42,5,344,5,344,42000,42,42000,42,908715,42,3792294,0,171000,171000,3770605,3770605,171000,171000,0,0,0,0,172,172,171,171,943,943,CONSISTENT
5380,172191,42000,42000,0,0,0,0,0,908715,42,172149,42,174,174,345,1320,2,0,1031,174,174,174,172,172,6,1,42000,42,42,42,5,345,5,345,42000,42,42000,42,908715,42,3800965,0,172000,172000,3793605,3793605,171000,171000,0,0,0,0,173,173,171,171,1321,1323,TORN-PERSISTENT
5390,172583,42000,42000,0,0,0,0,0,908715,42,172541,42,174,174,345,1712,2,0,1031,174,174,174,172,172,16,1,42000,42,42,42,5,345,5,345,42000,42,42000,42,908715,42,3809981,0,172000,172000,3793605,3793605,171000,171000,0,0,0,0,173,173,171,171,1713,1713,CONSISTENT
5400,172862,42000,42000,0,0,0,0,0,908715,42,172820,42,174,174,346,992,1,1000,986,174,174,174,173,173,26,1,42000,42,42,42,5,346,5,346,42000,42,42000,42,908715,42,3816421,0,172000,172000,3793605,3793605,172000,172000,0,0,0,0,173,173,172,172,992,992,CONSISTENT
5410,173117,42000,42000,0,0,0,0,0,908715,42,173075,42,175,175,347,1247,2,0,1066,175,175,175,173,173,4,1,42000,42,42,42,5,347,5,347,42000,42,42000,42,908715,42,3822286,0,173000,173000,3816605,3816605,172000,172000,0,0,0,0,174,174,172,172,1249,1250,TORN-PERSISTENT
5420,173376,42000,42000,0,0,0,0,0,908715,42,173334,42,175,175,348,507,1,1000,504,175,175,175,174,174,14,1,42000,42,42,42,5,348,5,348,42000,42,42000,42,908715,42,3828266,0,173000,173000,3816605,3816605,173000,173000,0,0,0,0,174,174,173,173,507,507,CONSISTENT
5430,173697,42000,42000,0,0,0,0,0,908715,42,173655,42,175,175,348,828,1,1000,504,175,175,175,174,174,24,1,42000,42,42,42,5,348,5,348,42000,42,42000,42,908715,42,3835695,0,173000,173000,3816605,3816605,173000,173000,0,0,0,0,174,174,173,173,831,831,CONSISTENT
5440,174079,42000,42000,0,0,0,0,0,908715,42,174037,42,176,176,349,1210,2,0,1008,176,176,176,174,174,4,1,42000,42,42,42,5,349,5,349,42000,42,42000,42,908715,42,3844458,0,174000,174000,3839605,3839605,173000,173000,0,0,0,0,175,175,173,173,1211,1211,CONSISTENT
5450,174424,42000,42000,0,0,0,0,0,908715,42,174382,42,176,176,349,1555,2,0,1008,176,176,176,174,174,14,1,42000,42,42,42,5,349,5,349,42000,42,42000,42,908715,42,3852370,0,174000,174000,3839605,3839605,173000,173000,0,0,0,0,175,175,173,173,1555,1555,CONSISTENT
5460,174700,42000,42000,0,0,0,0,0,908715,42,174658,42,176,176,350,832,1,1000,830,176,176,176,175,175,24,1,42000,42,42,42,5,350,5,350,42000,42,42000,42,908715,42,3858741,0,174000,174000,3839605,3839605,174000,174000,0,0,0,0,175,175,174,174,832,832,CONSISTENT
5470,174997,42000,42000,0,0,0,0,0,908715,42,174955,42,177,177,351,1129,2,0,1031,177,177,177,175,175,2,1,42000,42,42,42,5,351,5,351,42000,42,42000,42,908715,42,3865595,0,175000,175000,3862605,3862605,174000,174000,0,0,0,0,176,176,174,174,1130,1130,CONSISTENT
5480,175380,42000,42000,0,0,0,0,0,908715,42,175338,42,177,177,351,1512,2,0,1031,177,177,177,175,175,12,1,42000,42,42,42,5,351,5,351,42000,42,42000,42,908715,42,3874381,0,175000,175000,3862605,3862605,174000,174000,0,0,0,0,176,176,174,174,1517,1518,TORN-PERSISTENT
5491,175624,42000,42000,0,0,0,0,0,908715,42,175582,42,177,177,352,757,1,1000,751,177,177,177,176,176,22,1,42000,42,42,42,5,352,5,352,42000,42,42000,42,908715,42,3880016,0,175000,175000,3862605,3862605,175000,175000,0,0,0,0,176,176,175,175,757,757,CONSISTENT
5500,175933,42000,42000,0,0,0,0,0,908715,42,175891,42,178,178,353,1066,2,0,1058,178,178,178,176,176,0,1,42000,42,42,42,5,353,5,353,42000,42,42000,42,908715,42,3887123,0,176000,176000,3885605,3885605,175000,175000,0,0,0,0,177,177,175,175,1067,1067,CONSISTENT
5510,176326,42000,42000,0,0,0,0,0,908715,42,176284,42,178,178,353,1459,2,0,1058,178,178,178,176,176,10,1,42000,42,42,42,5,353,5,353,42000,42,42000,42,908715,42,3896162,0,176000,176000,3885605,3885605,175000,175000,0,0,0,0,177,177,175,175,1459,1459,CONSISTENT
5520,176534,42000,42000,0,0,0,0,0,908715,42,176492,42,178,178,354,668,1,1000,654,178,178,178,177,177,20,1,42000,42,42,42,5,354,5,354,42000,42,42000,42,908715,42,3900969,0,176000,176000,3885605,3885605,176000,176000,0,0,0,0,177,177,176,176,668,668,CONSISTENT
5530,176914,42000,42000,0,0,0,0,0,908715,42,176872,42,179,179,355,1048,2,0,1029,179,179,179,177,177,0,1,42000,42,42,42,5,355,5,355,42000,42,42000,42,908715,42,3909709,0,177000,177000,3908605,3908605,176000,176000,0,0,0,0,178,178,176,176,1048,1048,CONSISTENT
5540,177296,42000,42000,0,0,0,0,0,908715,42,177254,42,179,179,355,1430,2,0,1029,179,179,179,177,177,10,1,42000,42,42,42,5,355,5,355,42000,42,42000,42,908715,42,3918495,0,177000,177000,3908605,3908605,176000,176000,0,0,0,0,178,178,176,176,1433,1433,CONSISTENT
5550,177463,42000,42000,0,0,0,0,0,908715,42,177421,42,179,179,356,598,1,1000,543,179,179,179,178,178,18,1,42000,42,42,42,5,356,5,356,42000,42,42000,42,908715,42,3922359,0,177000,177000,3908605,3908605,177000,177000,0,0,0,0,178,178,177,177,601,601,CONSISTENT
5560,177848,42000,42000,0,0,0,0,0,908715,42,177806,42,179,179,356,983,1,1000,543,179,179,179,178,178,30,1,42000,42,42,42,5,356,5,356,42000,42,42000,42,908715,42,3931214,0,177000,177000,3908605,3908605,177000,177000,0,0,0,0,178,178,177,177,984,984,CONSISTENT
5570,178228,42000,42000,0,0,0,0,0,908715,42,178186,42,180,180,357,1363,2,0,1045,180,180,180,178,178,8,1,42000,42,42,42,5,357,5,357,42000,42,42000,42,908715,42,3939954,0,178000,178000,3931605,3931605,177000,177000,0,0,0,0,179,179,177,177,1363,1363,CONSISTENT
5580,178622,42000,42000,0,0,0,0,0,908715,42,178580,42,180,180,357,1757,2,0,1045,180,180,180,178,178,18,1,42000,42,42,42,5,357,5,357,42000,42,42000,42,908715,42,3949016,0,178000,178000,3931605,3931605,177000,177000,0,0,0,0,179,179,177,177,1758,1758,CONSISTENT
5590,178800,42000,42000,0,0,0,0,0,908715,42,178758,42,180,180,358,936,1,1000,933,180,180,180,179,179,26,1,42000,42,42,42,5,358,5,358,42000,42,42000,42,908715,42,3953133,0,178000,178000,3931605,3931605,178000,178000,0,0,0,0,179,179,178,178,936,936,CONSISTENT
5600,179162,42000,42000,0,0,0,0,0,908715,42,179120,42,181,181,359,1298,2,0,1092,181,181,181,179,179,4,1,42000,42,42,42,5,359,5,359,42000,42,42000,42,908715,42,3961459,0,179000,179000,3954605,3954605,178000,178000,0,0,0,0,180,180,178,178,1300,1300,CONSISTENT
5610,179553,42000,42000,0,0,0,0,0,908715,42,179511,42,181,181,359,1689,2,0,1092,181,181,181,179,179,14,1,42000,42,42,42,5,359,5,359,42000,42,42000,42,908715,42,3970452,0,179000,179000,3954605,3954605,178000,178000,0,0,0,0,180,180,178,178,1692,1692,CONSISTENT
5620,179754,42000,42000,0,0,0,0,0,908715,42,179712,42,181,181,360,891,1,1000,783,181,181,181,180,180,26,1,42000,42,42,42,5,360,5,360,42000,42,42000,42,908715,42,3975121,0,179000,179000,3954605,3954605,179000,179000,0,0,0,0,180,180,179,179,894,894,CONSISTENT
5630,180141,42000,42000,0,0,0,0,0,908715,42,180099,42,182,182,361,1278,2,0,1036,182,182,182,180,180,6,1,42000,42,42,42,5,361,5,361,42000,42,42000,42,908715,42,3983999,0,180000,180000,3977605,3977605,179000,179000,0,0,0,0,181,181,179,179,1280,1280,CONSISTENT
5640,180504,42000,42000,0,0,0,0,0,908715,42,180462,42,182,182,361,1641,2,0,1036,182,182,182,180,180,14,1,42000,42,42,42,5,361,5,361,42000,42,42000,42,908715,42,3992371,0,180000,180000,3977605,3977605,179000,179000,0,0,0,0,181,181,179,179,1642,1642,CONSISTENT
5650,180710,43000,43000,0,0,0,0,0,931715,43,180667,43,182,182,362,847,1,1000,695,182,182,182,181,181,24,1,43000,43,43,43,5,362,5,362,43000,43,43000,43,931715,43,3997086,999.9447405703887,180000,180000,3977605,3977605,180000,180000,0,0,0,0,181,181,180,180,847,847,CONSISTENT
5660,181090,43000,43000,0,0,0,0,0,931715,43,181047,43,183,183,363,1227,2,0,1008,183,183,183,181,181,4,1,43000,43,43,43,5,363,5,363,43000,43,43000,43,931715,43,4005849,999.9447405703887,181000,181000,4000605,4000605,180000,180000,0,0,0,0,182,182,180,180,1230,1230,CONSISTENT
5670,181436,43000,43000,0,0,0,0,0,931715,43,181393,43,183,183,364,574,1,1000,570,183,183,183,182,182,14,1,43000,43,43,43,5,364,5,364,43000,43,43000,43,931715,43,4013807,999.9447405703887,181000,181000,4000605,4000605,181000,181000,0,0,0,0,182,182,181,181,574,574,CONSISTENT
5680,181687,43000,43000,0,0,0,0,0,931715,43,181644,43,183,183,364,825,1,1000,570,183,183,183,182,182,24,1,43000,43,43,43,5,364,5,364,43000,43,43000,43,931715,43,4019580,999.9447405703887,181000,181000,4000605,4000605,181000,181000,0,0,0,0,182,182,181,181,826,826,CONSISTENT
5690,182039,43000,43000,0,0,0,0,0,931715,43,181996,43,184,184,365,1177,2,0,1065,184,184,184,182,182,2,1,43000,43,43,43,5,365,5,365,43000,43,43000,43,931715,43,4027676,999.9447405703887,182000,182000,4023605,4023605,181000,181000,0,0,0,0,183,183,181,181,1177,1177,CONSISTENT
5700,182427,43000,43000,0,0,0,0,0,931715,43,182384,43,184,184,365,1565,2,0,1065,184,184,184,182,182,12,1,43000,43,43,43,5,365,5,365,43000,43,43000,43,931715,43,4036600,999.9447405703887,182000,182000,4023605,4023605,181000,181000,0,0,0,0,183,183,181,181,1565,1565,CONSISTENT
5710,182571,43000,43000,0,0,0,0,0,931715,43,182528,43,184,184,366,710,1,1000,704,184,184,184,183,183,22,1,43000,43,43,43,5,366,5,366,43000,43,43000,43,931715,43,4039935,0,182000,182000,4023605,4023605,182000,182000,0,0,0,0,183,183,182,182,710,710,CONSISTENT
5720,182891,43000,43000,0,0,0,0,0,931715,43,182848,43,184,184,366,1030,2,1000,704,184,185,184,183,183,32,1,43000,43,43,43,5,366,5,366,43000,43,43000,43,931715,43,4047295,0,183000,183000,4046605,4046605,182000,182000,0,0,0,0,184,184,182,182,1030,1030,CONSISTENT
5730,183281,43000,43000,0,0,0,0,0,931715,43,183238,43,185,185,367,1421,2,0,1068,185,185,185,183,183,8,1,43000,43,43,43,5,367,5,367,43000,43,43000,43,931715,43,4056288,0,183000,183000,4046605,4046605,182000,182000,0,0,0,0,184,184,182,182,1422,1422,CONSISTENT
5740,183512,43000,43000,0,0,0,0,0,931715,43,183469,43,185,185,368,652,1,1000,633,185,185,185,184,184,18,1,43000,43,43,43,5,368,5,368,43000,43,43000,43,931715,43,4061601,0,183000,183000,4046605,4046605,183000,183000,0,0,0,0,184,184,183,183,652,652,CONSISTENT
5750,183849,43000,43000,0,0,0,0,0,931715,43,183806,43,185,185,368,989,1,1000,633,185,185,185,184,184,28,1,43000,43,43,43,5,368,5,368,43000,43,43000,43,931715,43,4069375,0,183000,183000,4046605,4046605,183000,183000,0,0,0,0,184,184,183,183,990,990,CONSISTENT
5760,184240,43000,43000,0,0,0,0,0,931715,43,184197,43,186,186,369,1380,2,0,1060,186,186,186,184,184,8,1,43000,43,43,43,5,369,5,369,43000,43,43000,43,931715,43,4078345,0,184000,184000,4069605,4069605,183000,183000,0,0,0,0,185,185,183,183,1382,1382,CONSISTENT
5770,184446,43000,43000,0,0,0,0,0,931715,43,184403,43,186,186,370,587,1,1000,537,186,186,186,185,185,18,1,43000,43,43,43,5,370,5,370,43000,43,43000,43,931715,43,4083106,0,184000,184000,4069605,4069605,184000,184000,0,0,0,0,185,185,184,184,589,589,CONSISTENT
5780,184839,43000,43000,0,0,0,0,0,931715,43,184796,43,186,186,370,980,1,1000,537,186,186,186,185,185,28,1,43000,43,43,43,5,370,5,370,43000,43,43000,43,931715,43,4092145,0,184000,184000,4069605,4069605,184000,184000,0,0,0,0,185,185,184,184,981,981,CONSISTENT
5790,185195,43000,43000,0,0,0,0,0,931715,43,185152,43,187,187,371,1336,2,0,1028,187,187,187,185,185,8,1,43000,43,43,43,5,371,5,371,43000,43,43000,43,931715,43,4100333,0,185000,185000,4092605,4092605,184000,184000,0,0,0,0,186,186,184,184,1336,1336,CONSISTENT
5800,185590,43000,43000,0,0,0,0,0,931715,43,185547,43,187,187,371,1731,2,0,1028,187,187,187,185,185,18,1,43000,43,43,43,5,371,5,371,43000,43,43000,43,931715,43,4109418,0,185000,185000,4092605,4092605,184000,184000,0,0,0,0,186,186,184,184,1735,1735,CONSISTENT
5810,185806,43000,43000,0,0,0,0,0,931715,43,185763,43,187,187,372,948,1,1000,917,187,187,187,186,186,28,1,43000,43,43,43,5,372,5,372,43000,43,43000,43,931715,43,4114409,0,185000,185000,4092605,4092605,185000,185000,0,0,0,0,186,186,185,185,948,948,CONSISTENT
5820,186199,43000,43000,0,0,0,0,0,931715,43,186156,43,188,188,373,1341,2,0,1018,188,188,188,186,186,8,1,43000,43,43,43,5,373,5,373,43000,43,43000,43,931715,43,4123471,0,186000,186000,4115605,4115605,185000,185000,0,0,0,0,187,187,185,185,1342,1342,CONSISTENT
5830,186427,43000,43000,0,0,0,0,0,931715,43,186384,43,188,188,374,570,1,1000,565,188,188,188,187,187,18,1,43000,43,43,43,5,374,5,374,43000,43,43000,43,931715,43,4128715,0,186000,186000,4115605,4115605,186000,186000,0,0,0,0,187,187,186,186,570,570,CONSISTENT
5840,186759,43000,43000,0,0,0,0,0,931715,43,186716,43,188,188,374,902,1,1000,565,188,188,188,187,187,26,1,43000,43,43,43,5,374,5,374,43000,43,43000,43,931715,43,4136351,0,186000,186000,4115605,4115605,186000,186000,0,0,0,0,187,187,186,186,902,902,CONSISTENT
5850,187155,43000,43000,0,0,0,0,0,931715,43,187112,43,189,189,375,1298,2,0,1065,189,189,189,187,187,4,1,43000,43,43,43,5,375,5,375,43000,43,43000,43,931715,43,4145459,0,187000,187000,4138605,4138605,186000,186000,0,0,0,0,188,188,186,186,1300,1300,CONSISTENT
5860,187545,43000,43000,0,0,0,0,0,931715,43,187502,43,189,189,375,1688,2,0,1065,189,189,189,187,187,16,1,43000,43,43,43,5,375,5,375,43000,43,43000,43,931715,43,4154429,0,187000,187000,4138605,4138605,186000,186000,0,0,0,0,188,188,186,186,1689,1689,CONSISTENT
5870,187743,43000,43000,0,0,0,0,0,931715,43,187700,43,189,189,376,887,1,1000,696,189,189,189,188,188,26,1,43000,43,43,43,5,376,5,376,43000,43,43000,43,931715,43,4159006,0,187000,187000,4138605,4138605,187000,187000,0,0,0,0,188,188,187,187,889,890,TORN-PERSISTENT
5880,188132,43000,43000,0,0,0,0,0,931715,43,188089,43,190,190,377,1276,2,0,1043,190,190,190,188,188,6,1,43000,43,43,43,5,377,5,377,43000,43,43000,43,931715,43,4167953,0,188000,188000,4161605,4161605,187000,187000,0,0,0,0,189,189,187,187,1280,1280,CONSISTENT
5890,188411,43000,43000,0,0,0,0,0,931715,43,188368,43,190,190,378,556,1,1000,546,190,190,190,189,189,14,1,43000,43,43,43,5,378,5,378,43000,43,43000,43,931715,43,4174393,0,188000,188000,4161605,4161605,188000,188000,0,0,0,0,189,189,188,188,556,556,CONSISTENT
5900,188700,43000,43000,0,0,0,0,0,931715,43,188657,43,190,190,378,845,1,1000,546,190,190,190,189,189,24,1,43000,43,43,43,5,378,5,378,43000,43,43000,43,931715,43,4181063,0,188000,188000,4161605,4161605,188000,188000,0,0,0,0,189,189,188,188,846,846,CONSISTENT
5910,189094,43000,43000,0,0,0,0,0,931715,43,189051,43,191,191,379,1239,2,0,1022,191,191,191,189,189,4,1,43000,43,43,43,5,379,5,379,43000,43,43000,43,931715,43,4190102,0,189000,189000,4184605,4184605,188000,188000,0,0,0,0,190,190,188,188,1239,1239,CONSISTENT
5920,189489,43000,43000,0,0,0,0,0,931715,43,189446,43,191,191,379,1634,2,0,1022,191,191,191,189,189,14,1,43000,43,43,43,5,379,5,379,43000,43,43000,43,931715,43,4199187,0,189000,189000,4184605,4184605,188000,188000,0,0,0,0,190,190,188,188,1634,1634,CONSISTENT
5930,189787,43000,43000,0,0,0,0,0,931715,43,189744,43,191,191,380,933,1,1000,920,191,191,191,190,190,26,1,43000,43,43,43,5,380,5,380,43000,43,43000,43,931715,43,4206064,0,189000,189000,4184605,4184605,189000,189000,0,0,0,0,190,190,189,189,933,933,CONSISTENT
5940,190087,43000,43000,0,0,0,0,0,931715,43,190044,43,192,192,381,1233,2,0,1072,192,192,192,190,190,2,1,43000,43,43,43,5,381,5,381,43000,43,43000,43,931715,43,4212964,0,190000,190000,4207605,4207605,189000,189000,0,0,0,0,191,191,189,189,1235,1235,CONSISTENT
5950,190324,43000,43000,0,0,0,0,0,931715,43,190281,43,192,192,382,471,1,1000,465,192,192,192,191,191,12,1,43000,43,43,43,5,382,5,382,43000,43,43000,43,931715,43,4218438,0,190000,190000,4207605,4207605,190000,190000,0,0,0,0,191,191,190,190,471,471,CONSISTENT
5960,190644,43000,43000,0,0,0,0,0,931715,43,190601,43,192,192,382,791,1,1000,465,192,192,192,191,191,22,1,43000,43,43,43,5,382,5,382,43000,43,43000,43,931715,43,4225821,0,190000,190000,4207605,4207605,190000,190000,0,0,0,0,191,191,190,190,797,797,CONSISTENT
5970,191040,43000,43000,0,0,0,0,0,931715,43,190997,43,193,193,383,1187,2,0,1050,193,193,193,191,191,2,1,43000,43,43,43,5,383,5,383,43000,43,43000,43,931715,43,4234906,0,191000,191000,4230605,4230605,190000,190000,0,0,0,0,192,192,190,190,1187,1187,CONSISTENT
5980,191431,43000,43000,0,0,0,0,0,931715,43,191388,43,193,193,383,1578,2,0,1050,193,193,193,191,191,12,1,43000,43,43,43,5,383,5,383,43000,43,43000,43,931715,43,4243899,0,191000,191000,4230605,4230605,190000,190000,0,0,0,0,192,192,190,190,1578,1578,CONSISTENT
5990,191654,44000,44000,0,0,0,0,0,954715,44,191610,44,193,193,384,801,1,1000,655,193,193,193,192,192,22,1,44000,44,44,44,5,384,5,384,44000,44,44000,44,954715,44,4249028,999.9447405703887,191000,191000,4230605,4230605,191000,191000,0,0,0,0,192,192,191,191,804,804,CONSISTENT
6000,192013,44000,44000,0,0,0,0,0,954715,44,191969,44,194,194,385,1160,2,0,1042,194,194,194,192,192,1,1,44000,44,44,44,5,385,5,385,44000,44,44000,44,954715,44,4257285,999.9447405703887,192000,192000,4253605,4253605,191000,191000,0,0,0,0,193,193,191,191,1162,1164,TORN-PERSISTENT
6010,192163,44000,44000,0,0,0,0,0,954715,44,192119,44,194,194,386,311,1,1000,304,194,194,194,193,193,12,1,44000,44,44,44,5,386,5,386,44000,44,44000,44,954715,44,4260758,999.9447405703887,192000,192000,4253605,4253605,192000,192000,0,0,0,0,193,193,192,192,311,311,CONSISTENT
6020,192496,44000,44000,0,0,0,0,0,954715,44,192452,44,194,194,386,644,1,1000,304,194,194,194,193,193,22,1,44000,44,44,44,5,386,5,386,44000,44,44000,44,954715,44,4268440,999.9447405703887,192000,192000,4253605,4253605,192000,192000,0,0,0,0,193,193,192,192,648,649,TORN-PERSISTENT
6030,192884,44000,44000,0,0,0,0,0,954715,44,192840,44,194,194,386,1032,2,1000,304,194,195,194,193,193,32,1,44000,44,44,44,5,386,5,386,44000,44,44000,44,954715,44,4277341,999.9447405703887,193000,193000,4276605,4276605,192000,192000,0,0,0,0,194,194,192,192,1032,1032,CONSISTENT
6041,193280,44000,44000,0,0,0,0,0,954715,44,193236,44,195,195,387,1428,2,0,1069,195,195,195,193,193,8,1,44000,44,44,44,5,387,5,387,44000,44,44000,44,954715,44,4286449,999.9447405703887,193000,193000,4276605,4276605,192000,192000,0,0,0,0,194,194,192,192,1431,1431,CONSISTENT
6050,193549,44000,44000,0,0,0,0,0,954715,44,193505,44,195,195,388,698,1,1000,695,195,195,195,194,194,18,1,44000,44,44,44,5,388,5,388,44000,44,44000,44,954715,44,4292659,0,193000,193000,4276605,4276605,193000,193000,0,0,0,0,194,194,193,193,698,698,CONSISTENT
6060,193837,44000,44000,0,0,0,0,0,954715,44,193793,44,195,195,388,986,1,1000,695,195,195,195,194,194,28,1,44000,44,44,44,5,388,5,388,44000,44,44000,44,954715,44,4299283,0,193000,193000,4276605,4276605,193000,193000,0,0,0,0,194,194,193,193,986,986,CONSISTENT
6070,194244,44000,44000,0,0,0,0,0,954715,44,194200,44,196,196,389,1393,2,0,1044,196,196,196,194,194,8,1,44000,44,44,44,5,389,5,389,44000,44,44000,44,954715,44,4308644,0,194000,194000,4299605,4299605,193000,193000,0,0,0,0,195,195,193,193,1397,1398,TORN-PERSISTENT
6080,194445,44000,44000,0,0,0,0,0,954715,44,194401,44,196,196,390,595,1,1000,568,196,196,196,195,195,18,1,44000,44,44,44,5,390,5,390,44000,44,44000,44,954715,44,4313290,0,194000,194000,4299605,4299605,194000,194000,0,0,0,0,195,195,194,194,598,598,CONSISTENT
6090,194796,44000,44000,0,0,0,0,0,954715,44,194752,44,196,196,390,946,1,1000,568,196,196,196,195,195,26,1,44000,44,44,44,5,390,5,390,44000,44,44000,44,954715,44,4321363,0,194000,194000,4299605,4299605,194000,194000,0,0,0,0,195,195,194,194,946,946,CONSISTENT
6100,195195,44000,44000,0,0,0,0,0,954715,44,195151,44,197,197,391,1345,2,0,1033,197,197,197,195,195,6,1,44000,44,44,44,5,391,5,391,44000,44,44000,44,954715,44,4330540,0,195000,195000,4322605,4322605,194000,194000,0,0,0,0,196,196,194,194,1348,1348,CONSISTENT
6110,195590,44000,44000,0,0,0,0,0,954715,44,195546,44,197,197,391,1740,2,0,1033,197,197,197,195,195,18,1,44000,44,44,44,5,391,5,391,44000,44,44000,44,954715,44,4339625,0,195000,195000,4322605,4322605,194000,194000,0,0,0,0,196,196,194,194,1743,1743,CONSISTENT
6120,195800,45000,45000,0,0,0,0,0,977715,45,195755,45,197,197,392,950,1,1000,904,197,197,197,196,196,28,1,45000,45,45,45,5,392,5,392,45000,45,45000,45,977715,45,4344455,999.9447405703887,195000,195000,4322605,4322605,195000,195000,0,0,0,0,196,196,195,195,951,951,CONSISTENT
6130,196194,45000,45000,0,0,0,0,0,977715,45,196149,45,198,198,393,1345,2,0,1015,198,198,198,196,196,8,1,45000,45,45,45,5,393,5,393,45000,45,45000,45,977715,45,4353563,999.9447405703887,196000,196000,4345605,4345605,195000,195000,0,0,0,0,197,197,195,195,1348,1348,CONSISTENT
6140,196547,45000,45000,0,0,0,0,0,977715,45,196502,45,198,198,393,1697,2,0,1015,198,198,198,196,196,16,1,45000,45,45,45,5,393,5,393,45000,45,45000,45,977715,45,4361636,999.9447405703887,196000,196000,4345605,4345605,195000,195000,0,0,0,0,197,197,195,195,1698,1698,CONSISTENT
6150,196755,45000,45000,0,0,0,0,0,977715,45,196710,45,198,198,394,907,1,1000,774,198,198,198,197,197,26,1,45000,45,45,45,5,394,5,394,45000,45,45000,45,977715,45,4366466,999.9447405703887,196000,196000,4345605,4345605,196000,196000,0,0,0,0,197,197,196,196,907,907,CONSISTENT
6160,197153,45000,45000,0,0,0,0,0,977715,45,197108,45,199,199,395,1304,2,0,1079,199,199,199,197,197,4,1,45000,45,45,45,5,395,5,395,45000,45,45000,45,977715,45,4375597,999.9447405703887,197000,197000,4368605,4368605,196000,196000,0,0,0,0,198,198,196,196,1304,1304,CONSISTENT
6170,197499,45000,45000,0,0,0,0,0,977715,45,197454,45,199,199,396,651,1,1000,644,199,199,199,198,198,14,1,45000,45,45,45,5,396,5,396,45000,45,45000,45,977715,45,4383578,999.9447405703887,197000,197000,4368605,4368605,197000,197000,0,0,0,0,198,198,197,197,651,651,CONSISTENT
6180,197758,46000,46000,0,0,0,0,0,1000715,46,197712,46,199,199,396,909,1,1000,644,199,199,199,198,198,26,1,46000,46,46,46,5,396,5,396,46000,46,46000,46,1000715,46,4389535,999.9447405703887,197000,197000,4368605,4368605,197000,197000,0,0,0,0,198,198,197,197,911,911,CONSISTENT
6190,198112,46000,46000,0,0,0,0,0,1000715,46,198066,46,200,200,397,1263,2,0,1058,200,200,200,198,198,4,1,46000,46,46,46,5,397,5,397,46000,46,46000,46,1000715,46,4397654,999.9447405703887,198000,198000,4391605,4391605,197000,197000,0,0,0,0,199,199,197,197,1266,1266,CONSISTENT
6200,198382,46000,46000,0,0,0,0,0,1000715,46,198336,46,200,200,398,534,1,1000,524,200,200,200,199,199,14,1,46000,46,46,46,5,398,5,398,46000,46,46000,46,1000715,46,4403887,999.9447405703887,198000,198000,4391605,4391605,198000,198000,0,0,0,0,199,199,198,198,534,534,CONSISTENT
6210,198712,46000,46000,0,0,0,0,0,1000715,46,198666,46,200,200,398,864,1,1000,524,200,200,200,199,199,24,1,46000,46,46,46,5,398,5,398,46000,46,46000,46,1000715,46,4411477,999.9447405703887,198000,198000,4391605,4391605,198000,198000,0,0,0,0,199,199,198,198,864,864,CONSISTENT
6220,199107,46000,46000,0,0,0,0,0,1000715,46,199061,46,201,201,399,1259,2,0,1028,201,201,201,199,199,4,1,46000,46,46,46,5,399,5,399,46000,46,46000,46,1000715,46,4420562,0,199000,199000,4414605,4414605,198000,198000,0,0,0,0,200,200,198,198,1259,1259,CONSISTENT
6230,199498,46000,46000,0,0,0,0,0,1000715,46,199452,46,201,201,399,1650,2,0,1028,201,201,201,199,199,14,1,46000,46,46,46,5,399,5,399,46000,46,46000,46,1000715,46,4429578,0,199000,199000,4414605,4414605,198000,198000,0,0,0,0,200,200,198,198,1651,1651,CONSISTENT
6241,199778,46000,46000,0,0,0,0,0,1000715,46,199732,46,201,201,400,931,1,1000,922,201,201,201,200,200,24,1,46000,46,46,46,5,400,5,400,46000,46,46000,46,1000715,46,4436018,0,199000,199000,4414605,4414605,199000,199000,0,0,0,0,200,200,199,199,931,931,CONSISTENT
6250,200046,46000,46000,0,0,0,0,0,1000715,46,200000,46,202,202,401,1199,2,0,1077,202,202,202,200,200,2,1,46000,46,46,46,5,401,5,401,46000,46,46000,46,1000715,46,4442182,0,200000,200000,4437605,4437605,199000,199000,0,0,0,0,201,201,199,199,1200,1200,CONSISTENT
6260,200435,46000,46000,0,0,0,0,0,1000715,46,200389,46,202,202,401,1588,2,0,1077,202,202,202,200,200,12,1,46000,46,46,46,5,401,5,401,46000,46,46000,46,1000715,46,4451152,0,200000,200000,4437605,4437605,199000,199000,0,0,0,0,201,201,199,199,1589,1589,CONSISTENT
6270,200658,46000,46000,0,0,0,0,0,1000715,46,200612,46,202,202,402,812,1,1000,801,202,202,202,201,201,22,1,46000,46,46,46,5,402,5,402,46000,46,46000,46,1000715,46,4456281,0,200000,200000,4437605,4437605,200000,200000,0,0,0,0,201,201,200,200,812,812,CONSISTENT
6280,201030,46000,46000,0,0,0,0,0,1000715,46,200984,46,203,203,403,1184,2,0,1045,203,203,203,201,201,2,1,46000,46,46,46,5,403,5,403,46000,46,46000,46,1000715,46,4464837,0,201000,201000,4460605,4460605,200000,200000,0,0,0,0,202,202,200,200,1187,1187,CONSISTENT
6290,201418,46000,46000,0,0,0,0,0,1000715,46,201372,46,203,203,403,1572,2,0,1045,203,203,203,201,201,12,1,46000,46,46,46,5,403,5,403,46000,46,46000,46,1000715,46,4473761,0,201000,201000,4460605,4460605,200000,200000,0,0,0,0,202,202,200,200,1572,1572,CONSISTENT
6300,201582,46000,46000,0,0,0,0,0,1000715,46,201536,46,203,203,404,737,1,1000,716,203,203,203,202,202,22,1,46000,46,46,46,5,404,5,404,46000,46,46000,46,1000715,46,4477556,0,201000,201000,4460605,4460605,201000,201000,0,0,0,0,202,202,201,201,737,737,CONSISTENT
6310,201860,46000,46000,0,0,0,0,0,1000715,46,201814,46,203,203,404,1015,2,1000,716,203,204,203,202,202,32,1,46000,46,46,46,5,404,5,404,46000,46,46000,46,1000715,46,4483950,0,202000,202000,4483605,4483605,201000,201000,0,0,0,0,203,203,201,201,1018,1018,CONSISTENT
6320,202257,46000,46000,0,0,0,0,0,1000715,46,202211,46,204,204,405,1412,2,0,1065,204,204,204,202,202,8,1,46000,46,46,46,5,405,5,405,46000,46,46000,46,1000715,46,4493081,0,202000,202000,4483605,4483605,201000,201000,0,0,0,0,203,203,201,201,1414,1416,TORN-PERSISTENT
6330,202646,46000,46000,0,0,0,0,0,1000715,46,202600,46,204,204,405,1801,2,0,1065,204,204,204,202,202,18,1,46000,46,46,46,5,405,5,405,46000,46,46000,46,1000715,46,4502028,0,202000,202000,4483605,4483605,201000,201000,0,0,0,0,203,203,201,201,1801,1801,CONSISTENT
6340,202801,46000,46000,0,0,0,0,0,1000715,46,202755,46,204,204,406,957,1,1000,936,204,204,204,203,203,28,1,46000,46,46,46,5,406,5,406,46000,46,46000,46,1000715,46,4505616,0,202000,202000,4483605,4483605,202000,202000,0,0,0,0,203,203,202,202,957,957,CONSISTENT
6350,203193,46000,46000,0,0,0,0,0,1000715,46,203147,46,205,205,407,1349,2,0,1019,205,205,205,203,203,8,1,46000,46,46,46,5,407,5,407,46000,46,46000,46,1000715,46,4514632,0,203000,203000,4506605,4506605,202000,202000,0,0,0,0,204,204,202,202,1351,1352,TORN-PERSISTENT
6360,203578,46000,46000,0,0,0,0,0,1000715,46,203532,46,205,205,407,1734,2,0,1019,205,205,205,203,203,18,1,46000,46,46,46,5,407,5,407,46000,46,46000,46,1000715,46,4523487,0,203000,203000,4506605,4506605,202000,202000,0,0,0,0,204,204,202,202,1737,1737,CONSISTENT
6370,203779,46000,46000,0,0,0,0,0,1000715,46,203733,46,205,205,408,936,1,1000,779,205,205,205,204,204,28,1,46000,46,46,46,5,408,5,408,46000,46,46000,46,1000715,46,4528133,0,203000,203000,4506605,4506605,203000,203000,0,0,0,0,204,204,203,203,940,940,CONSISTENT
6380,204170,46000,46000,0,0,0,0,0,1000715,46,204124,46,206,206,409,1327,2,0,1062,206,206,206,204,204,6,1,46000,46,46,46,5,409,5,409,46000,46,46000,46,1000715,46,4537126,0,204000,204000,4529605,4529605,203000,203000,0,0,0,0,205,205,203,203,1329,1329,CONSISTENT
6390,204501,46000,46000,0,0,0,0,0,1000715,46,204455,46,206,206,410,659,1,1000,645,206,206,206,205,205,16,1,46000,46,46,46,5,410,5,410,46000,46,46000,46,1000715,46,4544762,0,204000,204000,4529605,4529605,204000,204000,0,0,0,0,205,205,204,204,659,659,CONSISTENT
6400,204739,46000,46000,0,0,0,0,0,1000715,46,204693,46,206,206,410,897,1,1000,645,206,206,206,205,205,26,1,46000,46,46,46,5,410,5,410,46000,46,46000,46,1000715,46,4550236,0,204000,204000,4529605,4529605,204000,204000,0,0,0,0,205,205,204,204,900,901,TORN-PERSISTENT
6410,205130,46000,46000,0,0,0,0,0,1000715,46,205084,46,207,207,411,1288,2,0,1034,207,207,207,205,205,6,1,46000,46,46,46,5,411,5,411,46000,46,46000,46,1000715,46,4559229,0,205000,205000,4552605,4552605,204000,204000,0,0,0,0,206,206,204,204,1289,1292,TORN-PERSISTENT
6420,205367,46000,46000,0,0,0,0,0,1000715,46,205321,46,207,207,412,526,1,1000,522,207,207,207,206,206,16,1,46000,46,46,46,5,412,5,412,46000,46,46000,46,1000715,46,4564703,0,205000,205000,4552605,4552605,205000,205000,0,0,0,0,206,206,205,205,526,526,CONSISTENT
6430,205720,46000,46000,0,0,0,0,0,1000715,46,205674,46,207,207,412,879,1,1000,522,207,207,207,206,206,26,1,46000,46,46,46,5,412,5,412,46000,46,46000,46,1000715,46,4572822,0,205000,205000,4552605,4552605,205000,205000,0,0,0,0,206,206,205,205,879,879,CONSISTENT
6440,206059,46000,46000,0,0,0,0,0,1000715,46,206013,46,208,208,413,1218,2,0,1081,208,208,208,206,206,2,1,46000,46,46,46,5,413,5,413,46000,46,46000,46,1000715,46,4580642,0,206000,206000,4575605,4575605,205000,205000,0,0,0,0,207,207,205,205,1222,1222,CONSISTENT
6450,206445,46000,46000,0,0,0,0,0,1000715,46,206399,46,208,208,413,1604,2,0,1081,208,208,208,206,206,14,1,46000,46,46,46,5,413,5,413,46000,46,46000,46,1000715,46,4589497,0,206000,206000,4575605,4575605,205000,205000,0,0,0,0,207,207,205,205,1607,1607,CONSISTENT
6460,206772,46000,46000,0,0,0,0,0,1000715,46,206726,46,208,208,414,932,1,1000,925,208,208,208,207,207,24,1,46000,46,46,46,5,414,5,414,46000,46,46000,46,1000715,46,4597041,0,206000,206000,4575605,4575605,206000,206000,0,0,0,0,207,207,206,206,932,932,CONSISTENT
6470,207026,46000,46000,0,0,0,0,0,1000715,46,206980,46,209,209,415,1186,2,0,1017,209,209,209,207,207,4,1,46000,46,46,46,5,415,5,415,46000,46,46000,46,1000715,46,4602883,0,207000,207000,4598605,4598605,206000,206000,0,0,0,0,208,208,206,206,1190,1190,CONSISTENT
6480,207373,46000,46000,0,0,0,0,0,1000715,46,207327,46,209,209,415,1533,2,0,1017,209,209,209,207,207,12,1,46000,46,46,46,5,415,5,415,46000,46,46000,46,1000715,46,4610864,0,207000,207000,4598605,4598605,206000,206000,0,0,0,0,208,208,206,206,1536,1537,TORN-PERSISTENT
6490,207565,46000,46000,0,0,0,0,0,1000715,46,207519,46,209,209,416,727,1,1000,582,209,209,209,208,208,22,1,46000,46,46,46,5,416,5,416,46000,46,46000,46,1000715,46,4615326,0,207000,207000,4598605,4598605,207000,207000,0,0,0,0,208,208,207,207,727,727,CONSISTENT
6500,207952,46000,46000,0,0,0,0,0,1000715,46,207906,46,210,210,417,1113,2,0,1030,210,210,210,208,208,2,1,46000,46,46,46,5,417,5,417,46000,46,46000,46,1000715,46,4624204,0,208000,208000,4621605,4621605,207000,207000,0,0,0,0,209,209,207,207,1117,1117,CONSISTENT
6510,208340,46000,46000,0,0,0,0,0,1000715,46,208294,46,210,210,417,1501,2,0,1030,210,210,210,208,208,12,1,46000,46,46,46,5,417,5,417,46000,46,46000,46,1000715,46,4633128,0,208000,208000,4621605,4621605,207000,207000,0,0,0,0,209,209,207,207,1502,1502,CONSISTENT
6520,208541,47000,47000,0,0,0,0,0,1023715,47,208494,47,210,210,418,702,1,1000,658,210,210,210,209,209,22,1,47000,47,47,47,5,418,5,418,47000,47,47000,47,1023715,47,4637797,999.9447405703887,208000,208000,4621605,4621605,208000,208000,0,0,0,0,209,209,208,208,706,706,CONSISTENT
6530,208907,47000,47000,0,0,0,0,0,1023715,47,208860,47,211,211,419,1068,2,0,1017,211,211,211,209,209,0,1,47000,47,47,47,5,419,5,419,47000,47,47000,47,1023715,47,4646169,999.9447405703887,209000,209000,4644605,4644605,208000,208000,0,0,0,0,210,210,208,208,1069,1069,CONSISTENT
6540,209295,47000,47000,0,0,0,0,0,1023715,47,209248,47,211,211,419,1456,2,0,1017,211,211,211,209,209,10,1,47000,47,47,47,5,419,5,419,47000,47,47000,47,1023715,47,4655093,999.9447405703887,209000,209000,4644605,4644605,208000,208000,0,0,0,0,210,210,208,208,1461,1461,CONSISTENT
6550,209498,47000,47000,0,0,0,0,0,1023715,47,209451,47,211,211,420,660,1,1000,509,211,211,211,210,210,20,1,47000,47,47,47,5,420,5,420,47000,47,47000,47,1023715,47,4659785,999.9447405703887,209000,209000,4644605,4644605,209000,209000,0,0,0,0,210,210,209,209,662,662,CONSISTENT
6560,209894,47000,47000,0,0,0,0,0,1023715,47,209847,47,211,211,420,1056,2,1000,509,211,212,211,210,210,30,1,47000,47,47,47,5,420,5,420,47000,47,47000,47,1023715,47,4668893,999.9447405703887,210000,210000,4667605,4667605,209000,209000,0,0,0,0,211,211,209,209,1057,1057,CONSISTENT
6570,210296,47000,47000,0,0,0,0,0,1023715,47,210249,47,212,212,421,1458,2,0,1057,212,212,212,210,210,8,1,47000,47,47,47,5,421,5,421,47000,47,47000,47,1023715,47,4678139,999.9447405703887,210000,210000,4667605,4667605,209000,209000,0,0,0,0,211,211,209,209,1461,1461,CONSISTENT
6580,210644,47000,47000,0,0,0,0,0,1023715,47,210597,47,212,212,421,1806,2,0,1057,212,212,212,210,210,18,1,47000,47,47,47,5,421,5,421,47000,47,47000,47,1023715,47,4686143,0,210000,210000,4667605,4667605,209000,209000,0,0,0,0,211,211,209,209,1809,1809,CONSISTENT
6590,210857,47000,47000,0,0,0,0,0,1023715,47,210810,47,212,212,422,1020,2,1000,884,212,213,212,211,211,28,1,47000,47,47,47,5,422,5,422,47000,47,47000,47,1023715,47,4691065,0,211000,211000,4690605,4690605,210000,210000,0,0,0,0,212,212,210,210,1021,1021,CONSISTENT
6600,211256,47000,47000,0,0,0,0,0,1023715,47,211209,47,213,213,423,1419,2,0,1045,213,213,213,211,211,8,1,47000,47,47,47,5,423,5,423,47000,47,47000,47,1023715,47,4700242,0,211000,211000,4690605,4690605,210000,210000,0,0,0,0,212,212,210,210,1419,1419,CONSISTENT
6610,211370,47000,47000,0,0,0,0,0,1023715,47,211323,47,213,213,424,534,1,1000,527,213,213,213,212,212,18,1,47000,47,47,47,5,424,5,424,47000,47,47000,47,1023715,47,4702887,0,211000,211000,4690605,4690605,211000,211000,0,0,0,0,212,212,211,211,534,534,CONSISTENT
6620,211731,47000,47000,0,0,0,0,0,1023715,47,211684,47,213,213,424,895,1,1000,527,213,213,213,212,212,28,1,47000,47,47,47,5,424,5,424,47000,47,47000,47,1023715,47,4711190,0,211000,211000,4690605,4690605,211000,211000,0,0,0,0,212,212,211,211,895,895,CONSISTENT
6630,212081,47000,47000,0,0,0,0,0,1023715,47,212034,47,214,214,425,1245,2,0,1073,214,214,214,212,212,4,1,47000,47,47,47,5,425,5,425,47000,47,47000,47,1023715,47,4719240,0,212000,212000,4713605,4713605,211000,211000,0,0,0,0,213,213,211,211,1245,1245,CONSISTENT
6640,212481,47000,47000,0,0,0,0,0,1023715,47,212434,47,214,214,425,1645,2,0,1073,214,214,214,212,212,14,1,47000,47,47,47,5,425,5,425,47000,47,47000,47,1023715,47,4728440,0,212000,212000,4713605,4713605,211000,211000,0,0,0,0,213,213,211,211,1649,1649,CONSISTENT
6650,212752,47000,47000,0,0,0,0,0,1023715,47,212705,47,214,214,426,917,1,1000,909,214,214,214,213,213,24,1,47000,47,47,47,5,426,5,426,47000,47,47000,47,1023715,47,4734696,0,212000,212000,4713605,4713605,212000,212000,0,0,0,0,213,213,212,212,917,917,CONSISTENT
6660,213066,47000,47000,0,0,0,0,0,1023715,47,213019,47,215,215,427,1231,2,0,1048,215,215,215,213,213,4,1,47000,47,47,47,5,427,5,427,47000,47,47000,47,1023715,47,4741918,0,213000,213000,4736605,4736605,212000,212000,0,0,0,0,214,214,212,212,1233,1233,CONSISTENT
6670,213458,47000,47000,0,0,0,0,0,1023715,47,213411,47,215,215,427,1623,2,0,1048,215,215,215,213,213,14,1,47000,47,47,47,5,427,5,427,47000,47,47000,47,1023715,47,4750957,0,213000,213000,4736605,4736605,212000,212000,0,0,0,0,214,214,212,212,1626,1626,CONSISTENT
6680,213617,47000,47000,0,0,0,0,0,1023715,47,213570,47,215,215,428,783,1,1000,751,215,215,215,214,214,24,1,47000,47,47,47,5,428,5,428,47000,47,47000,47,1023715,47,4754637,0,213000,213000,4736605,4736605,213000,213000,0,0,0,0,214,214,213,213,787,789,TORN-PERSISTENT
6690,214020,47000,47000,0,0,0,0,0,1023715,47,213973,47,216,216,429,1186,2,0,1018,216,216,216,214,214,4,1,47000,47,47,47,5,429,5,429,47000,47,47000,47,1023715,47,4763906,0,214000,214000,4759605,4759605,213000,213000,0,0,0,0,215,215,213,213,1190,1191,TORN-PERSISTENT
6700,214428,47000,47000,0,0,0,0,0,1023715,47,214381,47,216,216,429,1594,2,0,1018,216,216,216,214,214,14,1,47000,47,47,47,5,429,5,429,47000,47,47000,47,1023715,47,4773290,0,214000,214000,4759605,4759605,213000,213000,0,0,0,0,215,215,213,213,1597,1598,TORN-PERSISTENT
6710,214628,47000,47000,0,0,0,0,0,1023715,47,214581,47,216,216,430,795,1,1000,657,216,216,216,215,215,24,1,47000,47,47,47,5,430,5,430,47000,47,47000,47,1023715,47,4777890,0,214000,214000,4759605,4759605,214000,214000,0,0,0,0,215,215,214,214,799,801,TORN-PERSISTENT
6720,215004,47000,47000,0,0,0,0,0,1023715,47,214957,47,217,217,431,1171,2,0,1076,217,217,217,215,215,2,1,47000,47,47,47,5,431,5,431,47000,47,47000,47,1023715,47,4786584,0,215000,215000,4782605,4782605,214000,214000,0,0,0,0,216,216,214,214,1176,1176,CONSISTENT
6730,215355,47000,47000,0,0,0,0,0,1023715,47,215308,47,217,217,431,1522,2,0,1076,217,217,217,215,215,10,1,47000,47,47,47,5,431,5,431,47000,47,47000,47,1023715,47,4794634,0,215000,215000,4782605,4782605,214000,214000,0,0,0,0,216,216,214,214,1523,1523,CONSISTENT
6740,215551,47000,47000,0,0,0,0,0,1023715,47,215504,47,217,217,432,719,1,1000,524,217,217,217,216,216,22,1,47000,47,47,47,5,432,5,432,47000,47,47000,47,1023715,47,4799165,0,215000,215000,4782605,4782605,215000,215000,0,0,0,0,216,216,215,215,722,722,CONSISTENT
6750,215941,47000,47000,0,0,0,0,0,1023715,47,215894,47,218,218,433,1109,2,0,1029,218,218,218,216,216,2,1,47000,47,47,47,5,433,5,433,47000,47,47000,47,1023715,47,4808112,0,216000,216000,4805605,4805605,215000,215000,0,0,0,0,217,217,215,215,1112,1113,TORN-PERSISTENT
6760,216332,47000,47000,0,0,0,0,0,1023715,47,216285,47,218,218,433,1500,2,0,1029,218,218,218,216,216,12,1,47000,47,47,47,5,433,5,433,47000,47,47000,47,1023715,47,4817128,0,216000,216000,4805605,4805605,215000,215000,0,0,0,0,217,217,215,215,1503,1503,CONSISTENT
6770,216685,47000,47000,0,0,0,0,0,1023715,47,216638,47,218,218,433,1853,2,0,1029,218,218,218,216,216,20,1,47000,47,47,47,5,433,5,433,47000,47,47000,47,1023715,47,4825247,0,216000,216000,4805605,4805605,215000,215000,0,0,0,0,217,217,215,215,1856,1856,CONSISTENT
6780,216886,47000,47000,0,0,0,0,0,1023715,47,216839,47,218,218,434,1055,2,1000,864,218,219,218,217,217,30,1,47000,47,47,47,5,434,5,434,47000,47,47000,47,1023715,47,4829870,0,217000,217000,4828605,4828605,216000,216000,0,0,0,0,218,218,216,216,1056,1056,CONSISTENT
6790,217285,47000,47000,0,0,0,0,0,1023715,47,217238,47,219,219,435,1454,2,0,1061,219,219,219,217,217,8,1,47000,47,47,47,5,435,5,435,47000,47,47000,47,1023715,47,4839070,0,217000,217000,4828605,4828605,216000,216000,0,0,0,0,218,218,216,216,1456,1456,CONSISTENT
6800,217587,47000,47000,0,0,0,0,0,1023715,47,217540,47,219,219,436,757,1,1000,755,219,219,219,218,218,18,1,47000,47,47,47,5,436,5,436,47000,47,47000,47,1023715,47,4846016,0,217000,217000,4828605,4828605,217000,217000,0,0,0,0,218,218,217,217,757,757,CONSISTENT
6810,217863,47000,47000,0,0,0,0,0,1023715,47,217816,47,220,220,437,1033,2,0,1030,220,220,220,218,218,0,1,47000,47,47,47,5,437,5,437,47000,47,47000,47,1023715,47,4852364,0,218000,218000,4851605,4851605,217000,217000,0,0,0,0,219,219,217,217,1034,1034,CONSISTENT
6820,218249,47000,47000,0,0,0,0,0,1023715,47,218202,47,220,220,437,1419,2,0,1030,220,220,220,218,218,10,1,47000,47,47,47,5,437,5,437,47000,47,47000,47,1023715,47,4861242,0,218000,218000,4851605,4851605,217000,217000,0,0,0,0,219,219,217,217,1419,1419,CONSISTENT
6830,218448,47000,47000,0,0,0,0,0,1023715,47,218401,47,220,220,438,619,1,1000,610,220,220,220,219,219,18,1,47000,47,47,47,5,438,5,438,47000,47,47000,47,1023715,47,4865842,0,218000,218000,4851605,4851605,218000,218000,0,0,0,0,219,219,218,218,619,619,CONSISTENT
6840,218800,47000,47000,0,0,0,0,0,1023715,47,218753,47,220,220,438,971,1,1000,610,220,220,220,219,219,28,1,47000,47,47,47,5,438,5,438,47000,47,47000,47,1023715,47,4873938,0,218000,218000,4851605,4851605,218000,218000,0,0,0,0,219,219,218,218,971,971,CONSISTENT
6850,219200,47000,47000,0,0,0,0,0,1023715,47,219153,47,221,221,439,1371,2,0,1072,221,221,221,219,219,6,1,47000,47,47,47,5,439,5,439,47000,47,47000,47,1023715,47,4883138,0,219000,219000,4874605,4874605,218000,218000,0,0,0,0,220,220,218,218,1373,1373,CONSISTENT
6860,219512,47000,47000,0,0,0,0,0,1023715,47,219465,47,221,221,440,684,1,1000,682,221,221,221,220,220,16,1,47000,47,47,47,5,440,5,440,47000,47,47000,47,1023715,47,4890337,0,219000,219000,4874605,4874605,219000,219000,0,0,0,0,220,220,219,219,684,684,CONSISTENT
6870,219786,47000,47000,0,0,0,0,0,1023715,47,219739,47,221,221,440,958,1,1000,682,221,221,221,220,220,26,1,47000,47,47,47,5,440,5,440,47000,47,47000,47,1023715,47,4896639,0,219000,219000,4874605,4874605,219000,219000,0,0,0,0,220,220,219,219,959,959,CONSISTENT
6880,220145,47000,47000,0,0,0,0,0,1023715,47,220098,47,222,222,441,1317,2,0,1047,222,222,222,220,220,6,1,47000,47,47,47,5,441,5,441,47000,47,47000,47,1023715,47,4904896,0,220000,220000,4897605,4897605,219000,219000,0,0,0,0,221,221,219,219,1322,1322,CONSISTENT
6890,220540,47000,47000,0,0,0,0,0,1023715,47,220493,47,222,222,441,1712,2,0,1047,222,222,222,220,220,16,1,47000,47,47,47,5,441,5,441,47000,47,47000,47,1023715,47,4913981,0,220000,220000,4897605,4897605,219000,219000,0,0,0,0,221,221,219,219,1715,1717,TORN-PERSISTENT
6900,220745,47000,47000,0,0,0,0,0,1023715,47,220698,47,222,222,442,918,1,1000,808,222,222,222,221,221,26,1,47000,47,47,47,5,442,5,442,47000,47,47000,47,1023715,47,4918719,0,220000,220000,4897605,4897605,220000,220000,0,0,0,0,221,221,220,220,920,920,CONSISTENT
6910,221028,47000,47000,0,0,0,0,0,1023715,47,220981,47,223,223,443,1201,2,0,1002,223,223,223,221,221,4,1,47000,47,47,47,5,443,5,443,47000,47,47000,47,1023715,47,4925251,0,221000,221000,4920605,4920605,220000,220000,0,0,0,0,222,222,220,220,1202,1202,CONSISTENT
6920,221271,47000,47000,0,0,0,0,0,1023715,47,221224,47,223,223,444,445,1,1000,436,223,223,223,222,222,14,1,47000,47,47,47,5,444,5,444,47000,47,47000,47,1023715,47,4930840,0,221000,221000,4920605,4920605,221000,221000,0,0,0,0,222,222,221,221,445,445,CONSISTENT
6930,221598,47000,47000,0,0,0,0,0,1023715,47,221551,47,223,223,444,772,1,1000,436,223,223,223,222,222,24,1,47000,47,47,47,5,444,5,444,47000,47,47000,47,1023715,47,4938361,0,221000,221000,4920605,4920605,221000,221000,0,0,0,0,222,222,221,221,772,772,CONSISTENT
6940,221993,47000,47000,0,0,0,0,0,1023715,47,221946,47,224,224,445,1167,2,0,1069,224,224,224,222,222,2,1,47000,47,47,47,5,445,5,445,47000,47,47000,47,1023715,47,4947446,0,222000,222000,4943605,4943605,221000,221000,0,0,0,0,223,223,221,221,1170,1170,CONSISTENT
6950,222382,47000,47000,0,0,0,0,0,1023715,47,222335,47,224,224,445,1556,2,0,1069,224,224,224,222,222,12,1,47000,47,47,47,5,445,5,445,47000,47,47000,47,1023715,47,4956393,0,222000,222000,4943605,4943605,221000,221000,0,0,0,0,223,223,221,221,1556,1556,CONSISTENT
6960,222628,47000,47000,0,0,0,0,0,1023715,47,222581,47,224,224,446,803,1,1000,795,224,224,224,223,223,22,1,47000,47,47,47,5,446,5,446,47000,47,47000,47,1023715,47,4962074,0,222000,222000,4943605,4943605,222000,222000,0,0,0,0,223,223,222,222,803,803,CONSISTENT
6970,222987,47000,47000,0,0,0,0,0,1023715,47,222940,47,225,225,447,1162,2,0,1048,225,225,225,223,223,2,1,47000,47,47,47,5,447,5,447,47000,47,47000,47,1023715,47,4970354,0,223000,223000,4966605,4966605,222000,222000,0,0,0,0,224,224,222,222,1163,1163,CONSISTENT
6980,223343,47000,47000,0,0,0,0,0,1023715,47,223296,47,225,225,447,1518,2,0,1048,225,225,225,223,223,12,1,47000,47,47,47,5,447,5,447,47000,47,47000,47,1023715,47,4978519,0,223000,223000,4966605,4966605,222000,222000,0,0,0,0,224,224,222,222,1520,1520,CONSISTENT
6990,223547,47000,47000,0,0,0,0,0,1023715,47,223500,47,225,225,448,723,1,1000,618,225,225,225,224,224,22,1,47000,47,47,47,5,448,5,448,47000,47,47000,47,1023715,47,4983234,0,223000,223000,4966605,4966605,223000,223000,0,0,0,0,224,224,223,223,724,726,TORN-PERSISTENT
7000,223947,47000,47000,0,0,0,0,0,1023715,47,223900,47,226,226,449,1123,2,0,1040,226,226,226,224,224,2,1,47000,47,47,47,5,449,5,449,47000,47,47000,47,1023715,47,4992434,0,224000,224000,4989605,4989605,223000,223000,0,0,0,0,225,225,223,223,1124,1124,CONSISTENT
7010,224341,47000,47000,0,0,0,0,0,1023715,47,224294,47,226,226,449,1517,2,0,1040,226,226,226,224,224,12,1,47000,47,47,47,5,449,5,449,47000,47,47000,47,1023715,47,5001496,0,224000,224000,4989605,4989605,223000,223000,0,0,0,0,225,225,223,223,1518,1519,TORN-PERSISTENT
7020,224733,47000,47000,0,0,0,0,0,1023715,47,224686,47,226,226,450,910,1,1000,904,226,226,226,225,225,22,1,47000,47,47,47,5,450,5,450,47000,47,47000,47,1023715,47,5010535,0,224000,224000,4989605,4989605,224000,224000,0,0,0,0,225,225,224,224,910,910,CONSISTENT
7030,224902,47000,47000,0,0,0,0,0,1023715,47,224855,47,227,227,451,1079,2,0,1013,227,227,227,225,225,0,1,47000,47,47,47,5,451,5,451,47000,47,47000,47,1023715,47,5014422,0,225000,225000,5012605,5012605,224000,224000,0,0,0,0,226,226,224,224,1079,1079,CONSISTENT
7040,225295,47000,47000,0,0,0,0,0,1023715,47,225248,47,227,227,451,1472,2,0,1013,227,227,227,225,225,10,1,47000,47,47,47,5,451,5,451,47000,47,47000,47,1023715,47,5023507,0,225000,225000,5012605,5012605,224000,224000,0,0,0,0,226,226,224,224,1474,1474,CONSISTENT
7050,225553,47000,47000,0,0,0,0,0,1023715,47,225506,47,227,227,452,731,1,1000,726,227,227,227,226,226,22,1,47000,47,47,47,5,452,5,452,47000,47,47000,47,1023715,47,5029418,0,225000,225000,5012605,5012605,225000,225000,0,0,0,0,226,226,225,225,731,731,CONSISTENT
7060,225890,47000,47000,0,0,0,0,0,1023715,47,225843,47,228,228,453,1068,2,0,1059,228,228,228,226,226,0,1,47000,47,47,47,5,453,5,453,47000,47,47000,47,1023715,47,5037169,0,226000,226000,5035605,5035605,225000,225000,0,0,0,0,227,227,225,225,1071,1071,CONSISTENT
7070,226287,47000,47000,0,0,0,0,0,1023715,47,226240,47,228,228,453,1465,2,0,1059,228,228,228,226,226,10,1,47000,47,47,47,5,453,5,453,47000,47,47000,47,1023715,47,5046300,0,226000,226000,5035605,5035605,225000,225000,0,0,0,0,227,227,225,225,1467,1468,TORN-PERSISTENT
7081,226495,47000,47000,0,0,0,0,0,1023715,47,226448,47,228,228,454,674,1,1000,669,228,228,228,227,227,20,1,47000,47,47,47,5,454,5,454,47000,47,47000,47,1023715,47,5051107,0,226000,226000,5035605,5035605,226000,226000,0,0,0,0,227,227,226,226,676,676,CONSISTENT
7090,226845,47000,47000,0,0,0,0,0,1023715,47,226798,47,228,228,454,1024,2,1000,669,228,229,228,227,227,28,1,47000,47,47,47,5,454,5,454,47000,47,47000,47,1023715,47,5059180,0,227000,227000,5058605,5058605,226000,226000,0,0,0,0,228,228,226,226,1025,1025,CONSISTENT
7100,227239,47000,47000,0,0,0,0,0,1023715,47,227192,47,229,229,455,1418,2,0,1043,229,229,229,227,227,8,1,47000,47,47,47,5,455,5,455,47000,47,47000,47,1023715,47,5068219,0,227000,227000,5058605,5058605,226000,226000,0,0,0,0,228,228,226,226,1421,1422,TORN-PERSISTENT
7110,227440,47000,47000,0,0,0,0,0,1023715,47,227393,47,229,229,456,620,1,1000,591,229,229,229,228,228,18,1,47000,47,47,47,5,456,5,456,47000,47,47000,47,1023715,47,5072865,0,227000,227000,5058605,5058605,227000,227000,0,0,0,0,228,228,227,227,620,620,CONSISTENT
7120,227831,47000,47000,0,0,0,0,0,1023715,47,227784,47,230,230,457,1011,2,0,1005,230,230,230,228,228,0,1,47000,47,47,47,5,457,5,457,47000,47,47000,47,1023715,47,5081858,0,228000,228000,5081605,5081605,227000,227000,0,0,0,0,229,229,227,227,1014,1014,CONSISTENT
7130,228184,47000,47000,0,0,0,0,0,1023715,47,228137,47,230,230,457,1364,2,0,1005,230,230,230,228,228,8,1,47000,47,47,47,5,457,5,457,47000,47,47000,47,1023715,47,5090000,0,228000,228000,5081605,5081605,227000,227000,0,0,0,0,229,229,227,227,1366,1366,CONSISTENT
7140,228584,47000,47000,0,0,0,0,0,1023715,47,228537,47,230,230,457,1764,2,0,1005,230,230,230,228,228,18,1,47000,47,47,47,5,457,5,457,47000,47,47000,47,1023715,47,5099200,0,228000,228000,5081605,5081605,227000,227000,0,0,0,0,229,229,227,227,1767,1767,CONSISTENT
7150,228788,47000,47000,0,0,0,0,0,1023715,47,228741,47,230,230,458,969,1,1000,859,230,230,230,229,229,28,1,47000,47,47,47,5,458,5,458,47000,47,47000,47,1023715,47,5103915,0,228000,228000,5081605,5081605,228000,228000,0,0,0,0,229,229,228,228,972,973,TORN-PERSISTENT
7160,229186,47000,47000,0,0,0,0,0,1023715,47,229139,47,231,231,459,1367,2,0,1070,231,231,231,229,229,6,1,47000,47,47,47,5,459,5,459,47000,47,47000,47,1023715,47,5113046,0,229000,229000,5104605,5104605,228000,228000,0,0,0,0,230,230,228,228,1372,1373,TORN-PERSISTENT
7170,229534,47000,47000,0,0,0,0,0,1023715,47,229487,47,231,231,460,716,1,1000,710,231,231,231,230,230,16,1,47000,47,47,47,5,460,5,460,47000,47,47000,47,1023715,47,5121073,0,229000,229000,5104605,5104605,229000,229000,0,0,0,0,230,230,229,229,716,716,CONSISTENT
7180,229746,47000,47000,0,0,0,0,0,1023715,47,229699,47,231,231,460,928,1,1000,710,231,231,231,230,230,26,1,47000,47,47,47,5,460,5,460,47000,47,47000,47,1023715,47,5125949,0,229000,229000,5104605,5104605,229000,229000,0,0,0,0,230,230,229,229,930,930,CONSISTENT
7190,230145,47000,47000,0,0,0,0,0,1023715,47,230098,47,232,232,461,1327,2,0,1044,232,232,232,230,230,6,1,47000,47,47,47,5,461,5,461,47000,47,47000,47,1023715,47,5135126,0,230000,230000,5127605,5127605,229000,229000,0,0,0,0,231,231,229,229,1328,1330,TORN-PERSISTENT
7200,230418,47000,47000,0,0,0,0,0,1023715,47,230371,47,232,232,462,601,1,1000,595,232,232,232,231,231,16,1,47000,47,47,47,5,462,5,462,47000,47,47000,47,1023715,47,5141428,0,230000,230000,5127605,5127605,230000,230000,0,0,0,0,231,231,230,230,601,601,CONSISTENT
7210,230704,47000,47000,0,0,0,0,0,1023715,47,230657,47,232,232,462,887,1,1000,595,232,232,232,231,231,26,1,47000,47,47,47,5,462,5,462,47000,47,47000,47,1023715,47,5148006,0,230000,230000,5127605,5127605,230000,230000,0,0,0,0,231,231,230,230,887,887,CONSISTENT
7220,231052,47000,47000,0,0,0,0,0,1023715,47,231005,47,233,233,463,1235,2,0,1004,233,233,233,231,231,6,1,47000,47,47,47,5,463,5,463,47000,47,47000,47,1023715,47,5156010,0,231000,231000,5150605,5150605,230000,230000,0,0,0,0,232,232,230,230,1238,1241,TORN-PERSISTENT
7230,231444,47000,47000,0,0,0,0,0,1023715,47,231397,47,233,233,463,1627,2,0,1004,233,233,233,231,231,16,1,47000,47,47,47,5,463,5,463,47000,47,47000,47,1023715,47,5165072,0,231000,231000,5150605,5150605,230000,230000,0,0,0,0,232,232,230,230,1632,1633,TORN-PERSISTENT
7240,231703,47000,47000,0,0,0,0,0,1023715,47,231656,47,233,233,464,887,1,1000,878,233,233,233,232,232,26,1,47000,47,47,47,5,464,5,464,47000,47,47000,47,1023715,47,5171006,0,231000,231000,5150605,5150605,231000,231000,0,0,0,0,232,232,231,231,887,887,CONSISTENT
7250,232016,47000,47000,0,0,0,0,0,1023715,47,231969,47,234,234,465,1200,2,0,1031,234,234,234,232,232,4,1,47000,47,47,47,5,465,5,465,47000,47,47000,47,1023715,47,5178228,0,232000,232000,5173605,5173605,231000,231000,0,0,0,0,233,233,231,231,1201,1201,CONSISTENT
7260,232341,47000,47000,0,0,0,0,0,1023715,47,232294,47,234,234,466,526,1,1000,524,234,234,234,233,233,14,1,47000,47,47,47,5,466,5,466,47000,47,47000,47,1023715,47,5185703,0,232000,232000,5173605,5173605,232000,232000,0,0,0,0,233,233,232,232,526,526,CONSISTENT
7270,232572,47000,47000,0,0,0,0,0,1023715,47,232525,47,234,234,466,757,1,1000,524,234,234,234,233,233,24,1,47000,47,47,47,5,466,5,466,47000,47,47000,47,1023715,47,5191039,0,232000,232000,5173605,5173605,232000,232000,0,0,0,0,233,233,232,232,758,758,CONSISTENT
7280,232959,47000,47000,0,0,0,0,0,1023715,47,232912,47,235,235,467,1144,2,0,1072,235,235,235,233,233,0,1,47000,47,47,47,5,467,5,467,47000,47,47000,47,1023715,47,5199940,0,233000,233000,5196605,5196605,232000,232000,0,0,0,0,234,234,232,232,1147,1148,TORN-PERSISTENT
7290,233359,47000,47000,0,0,0,0,0,1023715,47,233312,47,235,235,467,1544,2,0,1072,235,235,235,233,233,12,1,47000,47,47,47,5,467,5,467,47000,47,47000,47,1023715,47,5209117,0,233000,233000,5196605,5196605,232000,232000,0,0,0,0,234,234,232,232,1546,1546,CONSISTENT
7300,233567,47000,47000,0,0,0,0,0,1023715,47,233520,47,235,235,468,753,1,1000,667,235,235,235,234,234,22,1,47000,47,47,47,5,468,5,468,47000,47,47000,47,1023715,47,5213924,0,233000,233000,5196605,5196605,233000,233000,0,0,0,0,234,234,233,233,756,756,CONSISTENT
7310,233963,47000,47000,0,0,0,0,0,1023715,47,233916,47,236,236,469,1149,2,0,1049,236,236,236,234,234,2,1,47000,47,47,47,5,469,5,469,47000,47,47000,47,1023715,47,5223032,0,234000,234000,5219605,5219605,233000,233000,0,0,0,0,235,235,233,233,1154,1154,CONSISTENT
7320,234324,47000,47000,0,0,0,0,0,1023715,47,234277,47,236,236,469,1510,2,0,1049,236,236,236,234,234,10,1,47000,47,47,47,5,469,5,469,47000,47,47000,47,1023715,47,5231335,0,234000,234000,5219605,5219605,233000,233000,0,0,0,0,235,235,233,233,1510,1510,CONSISTENT
7330,234525,47000,47000,0,0,0,0,0,1023715,47,234478,47,236,236,470,712,1,1000,571,236,236,236,235,235,20,1,47000,47,47,47,5,470,5,470,47000,47,47000,47,1023715,47,5235981,0,234000,234000,5219605,5219605,234000,234000,0,0,0,0,235,235,234,234,714,714,CONSISTENT
7340,234923,47000,47000,0,0,0,0,0,1023715,47,234876,47,237,237,471,1110,2,0,1030,237,237,237,235,235,2,1,47000,47,47,47,5,471,5,471,47000,47,47000,47,1023715,47,5245135,0,235000,235000,5242605,5242605,234000,234000,0,0,0,0,236,236,234,234,1113,1114,TORN-PERSISTENT
7350,235318,47000,47000,0,0,0,0,0,1023715,47,235271,47,237,237,471,1505,2,0,1030,237,237,237,235,235,10,1,47000,47,47,47,5,471,5,471,47000,47,47000,47,1023715,47,5254243,0,235000,235000,5242605,5242605,234000,234000,0,0,0,0,236,236,234,234,1507,1507,CONSISTENT
7360,235717,47000,47000,0,0,0,0,0,1023715,47,235670,47,237,237,471,1904,2,0,1030,237,237,237,235,235,22,1,47000,47,47,47,5,471,5,471,47000,47,47000,47,1023715,47,5263397,0,235000,235000,5242605,5242605,234000,234000,0,0,0,0,236,236,234,234,1906,1906,CONSISTENT
7370,235885,47000,47000,0,0,0,0,0,1023715,47,235838,47,238,238,473,1073,2,0,1024,238,238,238,236,236,0,1,47000,47,47,47,5,473,5,473,47000,47,47000,47,1023715,47,5267284,0,236000,236000,5265605,5265605,235000,235000,0,0,0,0,237,237,235,235,1074,1074,CONSISTENT
7380,236287,47000,47000,0,0,0,0,0,1023715,47,236240,47,238,238,473,1475,2,0,1024,238,238,238,236,236,10,1,47000,47,47,47,5,473,5,473,47000,47,47000,47,1023715,47,5276530,0,236000,236000,5265605,5265605,235000,235000,0,0,0,0,237,237,235,235,1476,1477,TORN-PERSISTENT
7390,236492,47000,47000,0,0,0,0,0,1023715,47,236445,47,238,238,474,681,1,1000,635,238,238,238,237,237,20,1,47000,47,47,47,5,474,5,474,47000,47,47000,47,1023715,47,5281268,0,236000,236000,5265605,5265605,236000,236000,0,0,0,0,237,237,236,236,684,685,TORN-PERSISTENT
7400,236889,47000,47000,0,0,0,0,0,1023715,47,236842,47,239,239,475,1078,2,0,1002,239,239,239,237,237,0,1,47000,47,47,47,5,475,5,475,47000,47,47000,47,1023715,47,5290399,0,237000,237000,5288605,5288605,236000,236000,0,0,0,0,238,238,236,236,1081,1081,CONSISTENT
7410,237283,47000,47000,0,0,0,0,0,1023715,47,237236,47,239,239,475,1472,2,0,1002,239,239,239,237,237,10,1,47000,47,47,47,5,475,5,475,47000,47,47000,47,1023715,47,5299484,0,237000,237000,5288605,5288605,236000,236000,0,0,0,0,238,238,236,236,1473,1473,CONSISTENT
7420,237586,47000,47000,0,0,0,0,0,1023715,47,237539,47,239,239,476,776,1,1000,765,239,239,239,238,238,20,1,47000,47,47,47,5,476,5,476,47000,47,47000,47,1023715,47,5306453,0,237000,237000,5288605,5288605,237000,237000,0,0,0,0,238,238,237,237,776,776,CONSISTENT
7430,237857,48000,48000,0,0,0,0,0,1046715,48,237809,48,239,239,476,1046,2,1000,765,239,240,239,238,238,30,1,48000,48,48,48,5,476,5,476,48000,48,48000,48,1046715,48,5312686,999.9447405703887,238000,238000,5311605,5311605,237000,237000,0,0,0,0,239,239,237,237,1047,1047,CONSISTENT
7440,238251,48000,48000,0,0,0,0,0,1046715,48,238203,48,240,240,477,1440,2,0,1080,240,240,240,238,238,8,1,48000,48,48,48,5,477,5,477,48000,48,48000,48,1046715,48,5321725,999.9447405703887,238000,238000,5311605,5311605,237000,237000,0,0,0,0,239,239,237,237,1442,1442,CONSISTENT
7450,238450,48000,48000,0,0,0,0,0,1046715,48,238402,48,240,240,478,640,1,1000,634,240,240,240,239,239,18,1,48000,48,48,48,5,478,5,478,48000,48,48000,48,1046715,48,5326325,999.9447405703887,238000,238000,5311605,5311605,238000,238000,0,0,0,0,239,239,238,238,640,640,CONSISTENT
7460,238835,48000,48000,0,0,0,0,0,1046715,48,238787,48,240,240,478,1025,2,1000,634,240,241,240,239,239,28,1,48000,48,48,48,5,478,5,478,48000,48,48000,48,1046715,48,5335180,999.9447405703887,239000,239000,5334605,5334605,238000,238000,0,0,0,0,240,240,238,238,1028,1028,CONSISTENT
7470,239189,48000,48000,0,0,0,0,0,1046715,48,239141,48,241,241,479,1379,2,0,1036,241,241,241,239,239,8,1,48000,48,48,48,5,479,5,479,48000,48,48000,48,1046715,48,5343322,999.9447405703887,239000,239000,5334605,5334605,238000,238000,0,0,0,0,240,240,238,238,1379,1379,CONSISTENT
7480,239388,48000,48000,0,0,0,0,0,1046715,48,239340,48,241,241,480,579,1,1000,536,241,241,241,240,240,18,1,48000,48,48,48,5,480,5,480,48000,48,48000,48,1046715,48,5347945,999.9447405703887,239000,239000,5334605,5334605,239000,239000,0,0,0,0,240,240,239,239,581,581,CONSISTENT
7490,239771,48000,48000,0,0,0,0,0,1046715,48,239723,48,241,241,480,962,1,1000,536,241,241,241,240,240,28,1,48000,48,48,48,5,480,5,480,48000,48,48000,48,1046715,48,5356731,0,239000,239000,5334605,5334605,239000,239000,0,0,0,0,240,240,239,239,966,966,CONSISTENT
7500,240156,48000,48000,0,0,0,0,0,1046715,48,240108,48,242,242,481,1347,2,0,1001,242,242,242,240,240,8,1,48000,48,48,48,5,481,5,481,48000,48,48000,48,1046715,48,5365586,0,240000,240000,5357605,5357605,239000,239000,0,0,0,0,241,241,239,239,1347,1347,CONSISTENT
7510,240406,48000,48000,0,0,0,0,0,1046715,48,240358,48,242,242,481,1597,2,0,1001,242,242,242,240,240,17,1,48000,48,48,48,5,481,5,481,48000,48,48000,48,1046715,48,5371336,0,240000,240000,5357605,5357605,239000,239000,0,0,0,0,241,241,239,239,1600,1600,CONSISTENT
7520,240609,48000,48000,0,0,0,0,0,1046715,48,240561,48,242,242,482,801,1,1000,744,242,242,242,241,241,27,1,48000,48,48,48,5,482,5,482,48000,48,48000,48,1046715,48,5376028,0,240000,240000,5357605,5357605,240000,240000,0,0,0,0,241,241,240,240,802,802,CONSISTENT
7530,241002,48000,48000,0,0,0,0,0,1046715,48,240954,48,243,243,483,1194,2,0,1006,243,243,243,241,241,4,1,48000,48,48,48,5,483,5,483,48000,48,48000,48,1046715,48,5385067,0,241000,241000,5380605,5380605,240000,240000,0,0,0,0,242,242,240,240,1196,1196,CONSISTENT
7540,241388,48000,48000,0,0,0,0,0,1046715,48,241340,48,243,243,483,1580,2,0,1006,243,243,243,241,241,14,1,48000,48,48,48,5,483,5,483,48000,48,48000,48,1046715,48,5393945,0,241000,241000,5380605,5380605,240000,240000,0,0,0,0,242,242,240,240,1581,1581,CONSISTENT
7550,241581,48000,48000,0,0,0,0,0,1046715,48,241533,48,243,243,484,774,1,1000,614,243,243,243,242,242,24,1,48000,48,48,48,5,484,5,484,48000,48,48000,48,1046715,48,5398407,0,241000,241000,5380605,5380605,241000,241000,0,0,0,0,242,242,241,241,775,776,TORN-PERSISTENT
7561,241966,48000,48000,0,0,0,0,0,1046715,48,241918,48,244,244,485,1159,2,0,1048,244,244,244,242,242,2,1,48000,48,48,48,5,485,5,485,48000,48,48000,48,1046715,48,5407262,0,242000,242000,5403605,5403605,241000,241000,0,0,0,0,243,243,241,241,1162,1163,TORN-PERSISTENT
7570,242322,48000,48000,0,0,0,0,0,1046715,48,242274,48,244,244,485,1515,2,0,1048,244,244,244,242,242,12,1,48000,48,48,48,5,485,5,485,48000,48,48000,48,1046715,48,5415450,0,242000,242000,5403605,5403605,241000,241000,0,0,0,0,243,243,241,241,1518,1518,CONSISTENT
7580,242525,48000,48000,0,0,0,0,0,1046715,48,242477,48,244,244,486,719,1,1000,559,244,244,244,243,243,22,1,48000,48,48,48,5,486,5,486,48000,48,48000,48,1046715,48,5420142,0,242000,242000,5403605,5403605,242000,242000,0,0,0,0,243,243,242,242,720,720,CONSISTENT
7590,242920,48000,48000,0,0,0,0,0,1046715,48,242872,48,245,245,487,1114,2,0,1019,245,245,245,243,243,2,1,48000,48,48,48,5,487,5,487,48000,48,48000,48,1046715,48,5429227,0,243000,243000,5426605,5426605,242000,242000,0,0,0,0,244,244,242,242,1114,1114,CONSISTENT
7600,243319,48000,48000,0,0,0,0,0,1046715,48,243271,48,245,245,487,1513,2,0,1019,245,245,245,243,243,12,1,48000,48,48,48,5,487,5,487,48000,48,48000,48,1046715,48,5438404,0,243000,243000,5426605,5426605,242000,242000,0,0,0,0,244,244,242,242,1513,1513,CONSISTENT
7610,243632,48000,48000,0,0,0,0,0,1046715,48,243584,48,245,245,488,827,1,1000,821,245,245,245,244,244,22,1,48000,48,48,48,5,488,5,488,48000,48,48000,48,1046715,48,5445626,0,243000,243000,5426605,5426605,243000,243000,0,0,0,0,244,244,243,243,827,827,CONSISTENT
7620,243874,48000,48000,0,0,0,0,0,1046715,48,243826,48,246,246,489,1069,2,0,1067,246,246,246,244,244,0,1,48000,48,48,48,5,489,5,489,48000,48,48000,48,1046715,48,5451192,0,244000,244000,5449605,5449605,243000,243000,0,0,0,0,245,245,243,243,1073,1074,TORN-PERSISTENT
7630,244283,48000,48000,0,0,0,0,0,1046715,48,244235,48,246,246,489,1478,2,0,1067,246,246,246,244,244,8,1,48000,48,48,48,5,489,5,489,48000,48,48000,48,1046715,48,5460599,0,244000,244000,5449605,5449605,243000,243000,0,0,0,0,245,245,243,243,1479,1479,CONSISTENT
7640,244494,48000,48000,0,0,0,0,0,1046715,48,244446,48,246,246,490,690,1,1000,683,246,246,246,245,245,20,1,48000,48,48,48,5,490,5,490,48000,48,48000,48,1046715,48,5465475,0,244000,244000,5449605,5449605,244000,244000,0,0,0,0,245,245,244,244,690,690,CONSISTENT
7650,244877,48000,48000,0,0,0,0,0,1046715,48,244829,48,247,247,491,1073,2,0,1061,247,247,247,245,245,0,1,48000,48,48,48,5,491,5,491,48000,48,48000,48,1046715,48,5474284,0,245000,245000,5472605,5472605,244000,244000,0,0,0,0,246,246,244,244,1076,1077,TORN-PERSISTENT
7660,245268,48000,48000,0,0,0,0,0,1046715,48,245220,48,247,247,491,1464,2,0,1061,247,247,247,245,245,10,1,48000,48,48,48,5,491,5,491,48000,48,48000,48,1046715,48,5483277,0,245000,245000,5472605,5472605,244000,244000,0,0,0,0,246,246,244,244,1465,1465,CONSISTENT
7670,245440,48000,48000,0,0,0,0,0,1046715,48,245392,48,247,247,492,637,1,1000,537,247,247,247,246,246,18,1,48000,48,48,48,5,492,5,492,48000,48,48000,48,1046715,48,5487256,0,245000,245000,5472605,5472605,245000,245000,0,0,0,0,246,246,245,245,638,638,CONSISTENT
7680,245835,48000,48000,0,0,0,0,0,1046715,48,245787,48,247,247,492,1032,2,1000,537,247,248,247,246,246,28,1,48000,48,48,48,5,492,5,492,48000,48,48000,48,1046715,48,5496341,0,246000,246000,5495605,5495605,245000,245000,0,0,0,0,247,247,245,245,1034,1034,CONSISTENT
7690,246228,48000,48000,0,0,0,0,0,1046715,48,246180,48,248,248,493,1425,2,0,1037,248,248,248,246,246,10,1,48000,48,48,48,5,493,5,493,48000,48,48000,48,1046715,48,5505403,0,246000,246000,5495605,5495605,245000,245000,0,0,0,0,247,247,245,245,1428,1428,CONSISTENT
7700,246627,48000,48000,0,0,0,0,0,1046715,48,246579,48,248,248,493,1824,2,0,1037,248,248,248,246,246,18,1,48000,48,48,48,5,493,5,493,48000,48,48000,48,1046715,48,5514557,0,246000,246000,5495605,5495605,245000,245000,0,0,0,0,247,247,245,245,1825,1825,CONSISTENT
7710,246842,48000,48000,0,0,0,0,0,1046715,48,246794,48,249,249,495,1040,2,0,1036,249,249,249,247,247,0,1,48000,48,48,48,5,495,5,495,48000,48,48000,48,1046715,48,5519525,0,247000,247000,5518605,5518605,246000,246000,0,0,0,0,248,248,246,246,1042,1042,CONSISTENT
7720,247192,48000,48000,0,0,0,0,0,1046715,48,247144,48,249,249,495,1390,2,0,1036,249,249,249,247,247,8,1,48000,48,48,48,5,495,5,495,48000,48,48000,48,1046715,48,5527598,0,247000,247000,5518605,5518605,246000,246000,0,0,0,0,248,248,246,246,1391,1391,CONSISTENT
7730,247394,48000,48000,0,0,0,0,0,1046715,48,247346,48,249,249,496,593,1,1000,499,249,249,249,248,248,18,1,48000,48,48,48,5,496,5,496,48000,48,48000,48,1046715,48,5532244,0,247000,247000,5518605,5518605,247000,247000,0,0,0,0,248,248,247,247,597,597,CONSISTENT
7740,247800,48000,48000,0,0,0,0,0,1046715,48,247752,48,249,249,496,999,1,1000,499,249,249,249,248,248,28,1,48000,48,48,48,5,496,5,496,48000,48,48000,48,1046715,48,5541582,0,248000,248000,5541605,5541605,247000,247000,0,0,0,0,249,249,247,247,1002,1003,TORN-PERSISTENT
7750,248203,48000,48000,0,0,0,0,0,1046715,48,248155,48,250,250,497,1402,2,0,1012,250,250,250,248,248,8,1,48000,48,48,48,5,497,5,497,48000,48,48000,48,1046715,48,5550851,0,248000,248000,5541605,5541605,247000,247000,0,0,0,0,249,249,247,247,1403,1404,TORN-PERSISTENT
7760,248444,48000,48000,0,0,0,0,0,1046715,48,248396,48,250,250,498,644,1,1000,638,250,250,250,249,249,18,1,48000,48,48,48,5,498,5,498,48000,48,48000,48,1046715,48,5556417,0,248000,248000,5541605,5541605,248000,248000,0,0,0,0,249,249,248,248,644,644,CONSISTENT
7770,248778,48000,48000,0,0,0,0,0,1046715,48,248730,48,250,250,498,978,1,1000,638,250,250,250,249,249,28,1,48000,48,48,48,5,498,5,498,48000,48,48000,48,1046715,48,5564099,0,248000,248000,5541605,5541605,248000,248000,0,0,0,0,249,249,248,248,980,980,CONSISTENT
7780,249177,48000,48000,0,0,0,0,0,1046715,48,249129,48,251,251,499,1377,2,0,1020,251,251,251,249,249,8,1,48000,48,48,48,5,499,5,499,48000,48,48000,48,1046715,48,5573276,0,249000,249000,5564605,5564605,248000,248000,0,0,0,0,250,250,248,248,1380,1380,CONSISTENT
7790,249401,48000,48000,0,0,0,0,0,1046715,48,249353,48,251,251,500,602,1,1000,599,251,251,251,250,250,18,1,48000,48,48,48,5,500,5,500,48000,48,48000,48,1046715,48,5578451,0,249000,249000,5564605,5564605,249000,249000,0,0,0,0,250,250,249,249,602,602,CONSISTENT
7800,249796,49000,49000,0,0,0,0,0,1069715,49,249747,49,251,251,500,996,1,1000,599,251,251,251,250,250,28,1,49000,49,49,49,5,500,5,500,49000,49,49000,49,1069715,49,5587513,999.9447405703887,249000,249000,5564605,5564605,249000,249000,0,0,0,0,250,250,249,249,996,996,CONSISTENT
7810,250084,49000,49000,0,0,0,0,0,1069715,49,250035,49,252,252,501,1284,2,0,1076,252,252,252,250,250,4,1,49000,49,49,49,5,501,5,501,49000,49,49000,49,1069715,49,5594137,999.9447405703887,250000,250000,5587605,5587605,249000,249000,0,0,0,0,251,251,249,249,1285,1285,CONSISTENT
7820,250456,49000,49000,0,0,0,0,0,1069715,49,250407,49,252,252,502,657,1,1000,650,252,252,252,251,251,14,1,49000,49,49,49,5,502,5,502,49000,49,49000,49,1069715,49,5602716,999.9447405703887,250000,250000,5587605,5587605,250000,250000,0,0,0,0,251,251,250,250,657,657,CONSISTENT
7830,250663,50000,50000,0,0,0,0,0,1092715,50,250613,50,252,252,502,863,1,1000,650,252,252,252,251,251,24,1,50000,50,50,50,5,502,5,502,50000,50,50000,50,1092715,50,5607454,999.9447405703887,250000,250000,5587605,5587605,250000,250000,0,0,0,0,251,251,250,250,867,868,TORN-PERSISTENT
7840,251073,50000,50000,0,0,0,0,0,1092715,50,251023,50,253,253,503,1273,2,0,1011,253,253,253,251,251,6,1,50000,50,50,50,5,503,5,503,50000,50,50000,50,1092715,50,5616884,999.9447405703887,251000,251000,5610605,5610605,250000,250000,0,0,0,0,252,252,250,250,1276,1276,CONSISTENT
7850,251325,50000,50000,0,0,0,0,0,1092715,50,251275,50,253,253,504,526,1,1000,518,253,253,253,252,252,16,1,50000,50,50,50,5,504,5,504,50000,50,50000,50,1092715,50,5622703,999.9447405703887,251000,251000,5610605,5610605,251000,251000,0,0,0,0,252,252,251,251,526,526,CONSISTENT
7860,251696,51000,51000,0,0,0,0,0,1115715,51,251645,51,253,253,504,896,1,1000,518,253,253,253,252,252,26,1,51000,51,51,51,5,504,5,504,51000,51,51000,51,1115715,51,5631213,999.9447405703887,251000,251000,5610605,5610605,251000,251000,0,0,0,0,252,252,251,251,897,897,CONSISTENT
7870,252102,51000,51000,0,0,0,0,0,1115715,51,252051,51,254,254,505,1302,2,0,1028,254,254,254,252,252,6,1,51000,51,51,51,5,505,5,505,51000,51,51000,51,1115715,51,5640551,999.9447405703887,252000,252000,5633605,5633605,251000,251000,0,0,0,0,253,253,251,251,1302,1302,CONSISTENT
7880,252467,51000,51000,0,0,0,0,0,1115715,51,252416,51,254,254,505,1667,2,0,1028,254,254,254,252,252,16,1,51000,51,51,51,5,505,5,505,51000,51,51000,51,1115715,51,5648946,999.9447405703887,252000,252000,5633605,5633605,251000,251000,0,0,0,0,253,253,251,251,1670,1671,TORN-PERSISTENT
7890,252713,51000,51000,0,0,0,0,0,1115715,51,252662,51,254,254,506,914,1,1000,906,254,254,254,253,253,26,1,51000,51,51,51,5,506,5,506,51000,51,51000,51,1115715,51,5654627,999.9447405703887,252000,252000,5633605,5633605,252000,252000,0,0,0,0,253,253,252,252,914,914,CONSISTENT
7900,253091,52000,52000,0,0,0,0,0,1138715,52,253039,52,255,255,507,1291,2,0,1028,255,255,255,253,253,6,1,52000,52,52,52,5,507,5,507,52000,52,52000,52,1138715,52,5663298,999.9447405703887,253000,253000,5656605,5656605,252000,252000,0,0,0,0,254,254,252,252,1291,1291,CONSISTENT
7910,253371,52000,52000,0,0,0,0,0,1138715,52,253319,52,255,255,508,572,1,1000,554,255,255,255,254,254,16,1,52000,52,52,52,5,508,5,508,52000,52,52000,52,1138715,52,5669761,999.9447405703887,253000,253000,5656605,5656605,253000,253000,0,0,0,0,254,254,253,253,572,572,CONSISTENT
7920,253720,52000,52000,0,0,0,0,0,1138715,52,253668,52,255,255,508,921,1,1000,554,255,255,255,254,254,26,1,52000,52,52,52,5,508,5,508,52000,52,52000,52,1138715,52,5677788,999.9447405703887,253000,253000,5656605,5656605,253000,253000,0,0,0,0,254,254,253,253,923,923,CONSISTENT
7930,254086,52000,52000,0,0,0,0,0,1138715,52,254034,52,256,256,509,1287,2,0,1060,256,256,256,254,254,4,1,52000,52,52,52,5,509,5,509,52000,52,52000,52,1138715,52,5686206,999.9447405703887,254000,254000,5679605,5679605,253000,253000,0,0,0,0,255,255,253,253,1288,1288,CONSISTENT
7940,254413,52000,52000,0,0,0,0,0,1138715,52,254361,52,256,256,510,615,1,1000,606,256,256,256,255,255,14,1,52000,52,52,52,5,510,5,510,52000,52,52000,52,1138715,52,5693750,999.9447405703887,254000,254000,5679605,5679605,254000,254000,0,0,0,0,255,255,254,254,615,615,CONSISTENT
7950,254705,53000,53000,0,0,0,0,0,1161715,53,254652,53,256,256,510,906,1,1000,606,256,256,256,255,255,24,1,53000,53,53,53,5,510,5,510,53000,53,53000,53,1161715,53,5700443,999.9447405703887,254000,254000,5679605,5679605,254000,254000,0,0,0,0,255,255,254,254,907,907,CONSISTENT
7960,255097,53000,53000,0,0,0,0,0,1161715,53,255044,53,257,257,511,1298,2,0,1058,257,257,257,255,255,6,1,53000,53,53,53,5,511,5,511,53000,53,53000,53,1161715,53,5709459,999.9447405703887,255000,255000,5702605,5702605,254000,254000,0,0,0,0,256,256,254,254,1302,1302,CONSISTENT
7970,255505,53000,53000,0,0,0,0,0,1161715,53,255452,53,257,257,512,707,1,1000,706,257,257,257,256,256,16,1,53000,53,53,53,5,512,5,512,53000,53,53000,53,1161715,53,5718889,999.9447405703887,255000,255000,5702605,5702605,255000,255000,0,0,0,0,256,256,255,255,709,709,CONSISTENT
7980,255723,53000,53000,0,0,0,0,0,1161715,53,255670,53,257,257,512,925,1,1000,706,257,257,257,256,256,26,1,53000,53,53,53,5,512,5,512,53000,53,53000,53,1161715,53,5723880,999.9447405703887,255000,255000,5702605,5702605,255000,255000,0,0,0,0,256,256,255,255,925,925,CONSISTENT
7990,256084,53000,53000,0,0,0,0,0,1161715,53,256031,53,258,258,513,1286,2,0,1075,258,258,258,256,256,4,1,53000,53,53,53,5,513,5,513,53000,53,53000,53,1161715,53,5732183,999.9447405703887,256000,256000,5725605,5725605,255000,255000,0,0,0,0,257,257,255,255,1287,1287,CONSISTENT
8000,256489,53000,53000,0,0,0,0,0,1161715,53,256436,53,258,258,513,1691,2,0,1075,258,258,258,256,256,14,1,53000,53,53,53,5,513,5,513,53000,53,53000,53,1161715,53,5741498,0,256000,256000,5725605,5725605,255000,255000,0,0,0,0,257,257,255,255,1691,1691,CONSISTENT
8010,256698,54000,54000,0,0,0,0,0,1184715,54,256644,54,258,258,514,900,1,1000,833,258,258,258,257,257,24,1,54000,54,54,54,5,514,5,514,54000,54,54000,54,1184715,54,5746351,999.9447405703887,256000,256000,5725605,5725605,256000,256000,0,0,0,0,257,257,256,256,903,903,CONSISTENT
8020,257104,54000,54000,0,0,0,0,0,1184715,54,257050,54,259,259,515,1306,2,0,1071,259,259,259,257,257,4,1,54000,54,54,54,5,515,5,515,54000,54,54000,54,1184715,54,5755643,999.9447405703887,257000,257000,5748605,5748605,256000,256000,0,0,0,0,258,258,256,256,1307,1307,CONSISTENT
8030,257474,54000,54000,0,0,0,0,0,1184715,54,257420,54,259,259,516,677,1,1000,674,259,259,259,258,258,16,1,54000,54,54,54,5,516,5,516,54000,54,54000,54,1184715,54,5764176,999.9447405703887,257000,257000,5748605,5748605,257000,257000,0,0,0,0,258,258,257,257,677,677,CONSISTENT
8040,257667,54000,54000,0,0,0,0,0,1184715,54,257613,54,259,259,516,870,1,1000,674,259,259,259,258,258,24,1,54000,54,54,54,5,516,5,516,54000,54,54000,54,1184715,54,5768615,999.9447405703887,257000,257000,5748605,5748605,257000,257000,0,0,0,0,258,258,257,257,870,870,CONSISTENT
8050,258057,54000,54000,0,0,0,0,0,1184715,54,258003,54,260,260,517,1260,2,0,1073,260,260,260,258,258,4,1,54000,54,54,54,5,517,5,517,54000,54,54000,54,1184715,54,5777631,999.9447405703887,258000,258000,5771605,5771605,257000,257000,0,0,0,0,259,259,257,257,1264,1264,CONSISTENT
8060,258315,54000,54000,0,0,0,0,0,1184715,54,258261,54,260,260,518,519,1,1000,512,260,260,260,259,259,13,1,54000,54,54,54,5,518,5,518,54000,54,54000,54,1184715,54,5783542,999.9447405703887,258000,258000,5771605,5771605,258000,258000,0,0,0,0,259,259,258,258,519,519,CONSISTENT
8070,258668,54000,54000,0,0,0,0,0,1184715,54,258614,54,260,260,518,872,1,1000,512,260,260,260,259,259,23,1,54000,54,54,54,5,518,5,518,54000,54,54000,54,1184715,54,5791661,0,258000,258000,5771605,5771605,258000,258000,0,0,0,0,259,259,258,258,872,872,CONSISTENT
8080,259067,54000,54000,0,0,0,0,0,1184715,54,259013,54,261,261,519,1271,2,0,1053,261,261,261,259,259,4,1,54000,54,54,54,5,519,5,519,54000,54,54000,54,1184715,54,5800838,0,259000,259000,5794605,5794605,258000,258000,0,0,0,0,260,260,258,258,1272,1272,CONSISTENT
8090,259470,54000,54000,0,0,0,0,0,1184715,54,259416,54,261,261,519,1674,2,0,1053,261,261,261,259,259,14,1,54000,54,54,54,5,519,5,519,54000,54,54000,54,1184715,54,5810107,0,259000,259000,5794605,5794605,258000,258000,0,0,0,0,260,260,258,258,1674,1674,CONSISTENT
8100,259687,54000,54000,0,0,0,0,0,1184715,54,259633,54,261,261,520,892,1,1000,887,261,261,261,260,260,24,1,54000,54,54,54,5,520,5,520,54000,54,54000,54,1184715,54,5815121,0,259000,259000,5794605,5794605,259000,259000,0,0,0,0,260,260,259,259,892,892,CONSISTENT
8110,259949,55000,55000,0,0,0,0,0,1207715,55,259894,55,262,262,521,1153,2,0,1053,262,262,262,260,260,2,1,55000,55,55,55,5,521,5,521,55000,55,55000,55,1207715,55,5821124,999.9447405703887,260000,260000,5817605,5817605,259000,259000,0,0,0,0,261,261,259,259,1158,1159,TORN-PERSISTENT
8120,260353,55000,55000,0,0,0,0,0,1207715,55,260298,55,262,262,522,558,1,1000,554,262,262,262,261,261,12,1,55000,55,55,55,5,522,5,522,55000,55,55000,55,1207715,55,5830439,999.9447405703887,260000,260000,5817605,5817605,260000,260000,0,0,0,0,261,261,260,260,558,558,CONSISTENT
8130,260576,56000,56000,0,0,0,0,0,1230715,56,260520,56,262,262,522,780,1,1000,554,262,262,262,261,261,22,1,56000,56,56,56,5,522,5,522,56000,56,56000,56,1230715,56,5835545,999.9447405703887,260000,260000,5817605,5817605,260000,260000,0,0,0,0,261,261,260,260,780,780,CONSISTENT
8140,260973,56000,56000,0,0,0,0,0,1230715,56,260917,56,263,263,523,1177,2,0,1068,263,263,263,261,261,2,1,56000,56,56,56,5,523,5,523,56000,56,56000,56,1230715,56,5844676,999.9447405703887,261000,261000,5840605,5840605,260000,260000,0,0,0,0,262,262,260,260,1179,1180,TORN-PERSISTENT
8150,261374,56000,56000,0,0,0,0,0,1230715,56,261318,56,263,263,523,1578,2,0,1068,263,263,263,261,261,12,1,56000,56,56,56,5,523,5,523,56000,56,56000,56,1230715,56,5853899,999.9447405703887,261000,261000,5840605,5840605,260000,260000,0,0,0,0,262,262,260,260,1582,1582,CONSISTENT
8160,261718,56000,56000,0,0,0,0,0,1230715,56,261662,56,263,263,524,923,1,1000,918,263,263,263,262,262,22,1,56000,56,56,56,5,524,5,524,56000,56,56000,56,1230715,56,5861834,999.9447405703887,261000,261000,5840605,5840605,261000,261000,0,0,0,0,262,262,261,261,923,923,CONSISTENT
8170,261950,56000,56000,0,0,0,0,0,1230715,56,261894,56,264,264,525,1155,2,0,1058,264,264,264,262,262,2,1,56000,56,56,56,5,525,5,525,56000,56,56000,56,1230715,56,5867170,999.9447405703887,262000,262000,5863605,5863605,261000,261000,0,0,0,0,263,263,261,261,1156,1157,TORN-PERSISTENT
8180,262353,56000,56000,0,0,0,0,0,1230715,56,262297,56,264,264,525,1558,2,0,1058,264,264,264,262,262,12,1,56000,56,56,56,5,525,5,525,56000,56,56000,56,1230715,56,5876439,999.9447405703887,262000,262000,5863605,5863605,261000,261000,0,0,0,0,263,263,261,261,1560,1560,CONSISTENT
8190,262573,57000,57000,0,0,0,0,0,1253715,57,262516,57,264,264,526,778,1,1000,761,264,264,264,263,263,22,1,57000,57,57,57,5,526,5,526,57000,57,57000,57,1253715,57,5881499,999.9447405703887,262000,262000,5863605,5863605,262000,262000,0,0,0,0,263,263,262,262,778,778,CONSISTENT
8200,262977,57000,57000,0,0,0,0,0,1253715,57,262920,57,265,265,527,1182,2,0,1081,265,265,265,263,263,2,1,57000,57,57,57,5,527,5,527,57000,57,57000,57,1253715,57,5890791,999.9447405703887,263000,263000,5886605,5886605,262000,262000,0,0,0,0,264,264,262,262,1183,1183,CONSISTENT
8210,263340,57000,57000,0,0,0,0,0,1253715,57,263283,57,265,265,527,1545,2,0,1081,265,265,265,263,263,10,1,57000,57,57,57,5,527,5,527,57000,57,57000,57,1253715,57,5899140,999.9447405703887,263000,263000,5886605,5886605,262000,262000,0,0,0,0,264,264,262,262,1548,1549,TORN-PERSISTENT
8220,263547,58000,58000,0,0,0,0,0,1276715,58,263489,58,265,265,528,752,1,1000,664,265,265,265,264,264,20,1,58000,58,58,58,5,528,5,528,58000,58,58000,58,1276715,58,5903901,999.9447405703887,263000,263000,5886605,5886605,263000,263000,0,0,0,0,264,264,263,263,754,754,CONSISTENT
8230,263950,58000,58000,0,0,0,0,0,1276715,58,263892,58,266,266,529,1155,2,0,1075,266,266,266,264,264,2,1,58000,58,58,58,5,529,5,529,58000,58,58000,58,1276715,58,5913170,999.9447405703887,264000,264000,5909605,5909605,263000,263000,0,0,0,0,265,265,263,263,1155,1155,CONSISTENT
8240,264326,58000,58000,0,0,0,0,0,1276715,58,264268,58,266,266,530,532,1,1000,518,266,266,266,265,265,12,1,58000,58,58,58,5,530,5,530,58000,58,58000,58,1276715,58,5921841,999.9447405703887,264000,264000,5909605,5909605,264000,264000,0,0,0,0,265,265,264,264,532,532,CONSISTENT
8250,264578,58000,58000,0,0,0,0,0,1276715,58,264520,58,266,266,530,784,1,1000,518,266,266,266,265,265,22,1,58000,58,58,58,5,530,5,530,58000,58,58000,58,1276715,58,5927660,999.9447405703887,264000,264000,5909605,5909605,264000,264000,0,0,0,0,265,265,264,264,787,787,CONSISTENT
8260,264947,58000,58000,0,0,0,0,0,1276715,58,264889,58,267,267,531,1153,2,0,1022,267,267,267,265,265,2,1,58000,58,58,58,5,531,5,531,58000,58,58000,58,1276715,58,5936124,999.9447405703887,265000,265000,5932605,5932605,264000,264000,0,0,0,0,266,266,264,264,1155,1155,CONSISTENT
8270,265346,58000,58000,0,0,0,0,0,1276715,58,265288,58,267,267,531,1552,2,0,1022,267,267,267,265,265,12,1,58000,58,58,58,5,531,5,531,58000,58,58000,58,1276715,58,5945301,999.9447405703887,265000,265000,5932605,5932605,264000,264000,0,0,0,0,266,266,264,264,1555,1557,TORN-PERSISTENT
8280,265673,58000,58000,0,0,0,0,0,1276715,58,265615,58,267,267,532,880,1,1000,872,267,267,267,266,266,22,1,58000,58,58,58,5,532,5,532,58000,58,58000,58,1276715,58,5952845,0,265000,265000,5932605,5932605,265000,265000,0,0,0,0,266,266,265,265,880,880,CONSISTENT
8290,265956,58000,58000,0,0,0,0,0,1276715,58,265898,58,268,268,533,1163,2,0,1008,268,268,268,266,266,2,1,58000,58,58,58,5,533,5,533,58000,58,58000,58,1276715,58,5959354,0,266000,266000,5955605,5955605,265000,265000,0,0,0,0,267,267,265,265,1168,1169,TORN-PERSISTENT
8300,266358,58000,58000,0,0,0,0,0,1276715,58,266300,58,268,268,533,1565,2,0,1008,268,268,268,266,266,14,1,58000,58,58,58,5,533,5,533,58000,58,58000,58,1276715,58,5968600,0,266000,266000,5955605,5955605,265000,265000,0,0,0,0,267,267,265,265,1565,1565,CONSISTENT
8310,266569,58000,58000,0,0,0,0,0,1276715,58,266511,58,268,268,534,777,1,1000,712,268,268,268,267,267,24,1,58000,58,58,58,5,534,5,534,58000,58,58000,58,1276715,58,5973476,0,266000,266000,5955605,5955605,266000,266000,0,0,0,0,267,267,266,266,779,780,TORN-PERSISTENT
8320,266939,58000,58000,0,0,0,0,0,1276715,58,266881,58,269,269,535,1147,2,0,1012,269,269,269,267,267,2,1,58000,58,58,58,5,535,5,535,58000,58,58000,58,1276715,58,5981986,0,267000,267000,5978605,5978605,266000,266000,0,0,0,0,268,268,266,266,1147,1147,CONSISTENT
8330,267340,58000,58000,0,0,0,0,0,1276715,58,267282,58,269,269,535,1548,2,0,1012,269,269,269,267,267,12,1,58000,58,58,58,5,535,5,535,58000,58,58000,58,1276715,58,5991209,0,267000,267000,5978605,5978605,266000,266000,0,0,0,0,268,268,266,266,1550,1550,CONSISTENT
8340,267555,59000,59000,0,0,0,0,0,1299715,59,267496,59,269,269,536,763,1,1000,566,269,269,269,268,268,22,1,59000,59,59,59,5,536,5,536,59000,59,59000,59,1299715,59,5996154,999.9447405703887,267000,267000,5978605,5978605,267000,267000,0,0,0,0,268,268,267,267,764,764,CONSISTENT
8350,267956,59000,59000,0,0,0,0,0,1299715,59,267897,59,270,270,537,1164,2,0,1033,270,270,270,268,268,2,1,59000,59,59,59,5,537,5,537,59000,59,59000,59,1299715,59,6005377,999.9447405703887,268000,268000,6001605,6001605,267000,267000,0,0,0,0,269,269,267,267,1165,1165,CONSISTENT
8360,268365,59000,59000,0,0,0,0,0,1299715,59,268306,59,270,270,537,1573,2,0,1033,270,270,270,268,268,12,1,59000,59,59,59,5,537,5,537,59000,59,59000,59,1299715,59,6014784,999.9447405703887,268000,268000,6001605,6001605,267000,267000,0,0,0,0,269,269,267,267,1575,1575,CONSISTENT
8370,268687,59000,59000,0,0,0,0,0,1299715,59,268628,59,270,270,538,896,1,1000,889,270,270,270,269,269,22,1,59000,59,59,59,5,538,5,538,59000,59,59000,59,1299715,59,6022213,999.9447405703887,268000,268000,6001605,6001605,268000,268000,0,0,0,0,269,269,268,268,896,896,CONSISTENT
8380,268927,59000,59000,0,0,0,0,0,1299715,59,268868,59,271,271,539,1136,2,0,1022,271,271,271,269,269,2,1,59000,59,59,59,5,539,5,539,59000,59,59000,59,1299715,59,6027733,999.9447405703887,269000,269000,6024605,6024605,268000,268000,0,0,0,0,270,270,268,268,1137,1137,CONSISTENT
8390,269198,59000,59000,0,0,0,0,0,1299715,59,269139,59,271,271,540,408,1,1000,403,271,271,271,270,270,12,1,59000,59,59,59,5,540,5,540,59000,59,59000,59,1299715,59,6033989,999.9447405703887,269000,269000,6024605,6024605,269000,269000,0,0,0,0,270,270,269,269,408,408,CONSISTENT
8400,269537,59000,59000,0,0,0,0,0,1299715,59,269478,59,271,271,540,747,1,1000,403,271,271,271,270,270,22,1,59000,59,59,59,5,540,5,540,59000,59,59000,59,1299715,59,6041786,0,269000,269000,6024605,6024605,269000,269000,0,0,0,0,270,270,269,269,747,747,CONSISTENT
8410,269824,59000,59000,0,0,0,0,0,1299715,59,269765,59,271,271,540,1034,2,1000,403,271,272,271,270,270,32,1,59000,59,59,59,5,540,5,540,59000,59,59000,59,1299715,59,6048387,0,270000,270000,6047605,6047605,269000,269000,0,0,0,0,271,271,269,269,1034,1034,CONSISTENT
8420,270232,59000,59000,0,0,0,0,0,1299715,59,270173,59,272,272,541,1442,2,0,1064,272,272,272,270,270,8,1,59000,59,59,59,5,541,5,541,59000,59,59000,59,1299715,59,6057771,0,270000,270000,6047605,6047605,269000,269000,0,0,0,0,271,271,269,269,1444,1444,CONSISTENT
8430,270407,60000,60000,0,0,0,0,0,1322715,60,270347,60,272,272,542,617,1,1000,587,272,272,272,271,271,18,1,60000,60,60,60,5,542,5,542,60000,60,60000,60,1322715,60,6061819,999.9447405703887,270000,270000,6047605,6047605,270000,270000,0,0,0,0,271,271,270,270,619,619,CONSISTENT
8440,270811,60000,60000,0,0,0,0,0,1322715,60,270751,60,272,272,542,1021,2,1000,587,272,273,272,271,271,28,1,60000,60,60,60,5,542,5,542,60000,60,60000,60,1322715,60,6071088,999.9447405703887,271000,271000,6070605,6070605,270000,270000,0,0,0,0,272,272,270,270,1023,1023,CONSISTENT
8450,271220,60000,60000,0,0,0,0,0,1322715,60,271160,60,273,273,543,1430,2,0,1071,273,273,273,271,271,8,1,60000,60,60,60,5,543,5,543,60000,60,60000,60,1322715,60,6080495,999.9447405703887,271000,271000,6070605,6070605,270000,270000,0,0,0,0,272,272,270,270,1434,1435,TORN-PERSISTENT
8460,271578,60000,60000,0,0,0,0,0,1322715,60,271518,60,273,273,544,789,1,1000,786,273,273,273,272,272,18,1,60000,60,60,60,5,544,5,544,60000,60,60000,60,1322715,60,6088752,999.9447405703887,271000,271000,6070605,6070605,271000,271000,0,0,0,0,272,272,271,271,789,789,CONSISTENT
8470,271837,61000,61000,0,0,0,0,0,1345715,61,271776,61,274,274,545,1047,2,0,1009,274,274,274,272,272,0,1,61000,61,61,61,5,545,5,545,61000,61,61000,61,1345715,61,6094686,999.9447405703887,272000,272000,6093605,6093605,271000,271000,0,0,0,0,273,273,271,271,1048,1048,CONSISTENT
8480,272206,61000,61000,0,0,0,0,0,1345715,61,272145,61,274,274,545,1416,2,0,1009,274,274,274,272,272,10,1,61000,61,61,61,5,545,5,545,61000,61,61000,61,1345715,61,6103173,999.9447405703887,272000,272000,6093605,6093605,271000,271000,0,0,0,0,273,273,271,271,1417,1417,CONSISTENT
8490,272429,61000,61000,0,0,0,0,0,1345715,61,272368,61,274,274,546,640,1,1000,634,274,274,274,273,273,20,1,61000,61,61,61,5,546,5,546,61000,61,61000,61,1345715,61,6108325,999.9447405703887,272000,272000,6093605,6093605,272000,272000,0,0,0,0,273,273,272,272,640,640,CONSISTENT
8500,272816,62000,62000,0,0,0,0,0,1368715,62,272754,62,275,275,547,1026,2,0,1013,275,275,275,273,273,0,1,62000,62,62,62,5,547,5,547,62000,62,62000,62,1368715,62,6117226,999.9447405703887,273000,273000,6116605,6116605,272000,272000,0,0,0,0,274,274,272,272,1027,1027,CONSISTENT
8510,273221,62000,62000,0,0,0,0,0,1368715,62,273159,62,275,275,547,1431,2,0,1013,275,275,275,273,273,10,1,62000,62,62,62,5,547,5,547,62000,62,62000,62,1368715,62,6126518,999.9447405703887,273000,273000,6116605,6116605,272000,272000,0,0,0,0,274,274,272,272,1433,1433,CONSISTENT
8520,273487,62000,62000,0,0,0,0,0,1368715,62,273425,62,275,275,548,698,1,1000,696,275,275,275,274,274,20,1,62000,62,62,62,5,548,5,548,62000,62,62000,62,1368715,62,6132659,999.9447405703887,273000,273000,6116605,6116605,273000,273000,0,0,0,0,274,274,273,273,698,698,CONSISTENT
8530,273834,62000,62000,0,0,0,0,0,1368715,62,273772,62,276,276,549,1045,2,0,1007,276,276,276,274,274,0,1,62000,62,62,62,5,549,5,549,62000,62,62000,62,1368715,62,6140640,999.9447405703887,274000,274000,6139605,6139605,273000,273000,0,0,0,0,275,275,273,273,1048,1048,CONSISTENT
8540,274200,62000,62000,0,0,0,0,0,1368715,62,274138,62,276,276,549,1411,2,0,1007,276,276,276,274,274,8,1,62000,62,62,62,5,549,5,549,62000,62,62000,62,1368715,62,6149058,999.9447405703887,274000,274000,6139605,6139605,273000,273000,0,0,0,0,275,275,273,273,1412,1414,TORN-PERSISTENT
8550,274608,62000,62000,0,0,0,0,0,1368715,62,274546,62,276,276,549,1819,2,0,1007,276,276,276,274,274,18,1,62000,62,62,62,5,549,5,549,62000,62,62000,62,1368715,62,6158442,0,274000,274000,6139605,6139605,273000,273000,0,0,0,0,275,275,273,273,1819,1819,CONSISTENT
8560,274826,63000,63000,0,0,0,0,0,1391715,63,274763,63,277,277,551,1037,2,0,1037,277,277,277,275,275,0,1,63000,63,63,63,5,551,5,551,63000,63,63000,63,1391715,63,6163456,999.9447405703887,275000,275000,6162605,6162605,274000,274000,0,0,0,0,276,276,274,274,1039,1039,CONSISTENT
8570,275229,63000,63000,0,0,0,0,0,1391715,63,275166,63,277,277,551,1440,2,0,1037,277,277,277,275,275,10,1,63000,63,63,63,5,551,5,551,63000,63,63000,63,1391715,63,6172725,999.9447405703887,275000,275000,6162605,6162605,274000,274000,0,0,0,0,276,276,274,274,1443,1444,TORN-PERSISTENT
8580,275493,63000,63000,0,0,0,0,0,1391715,63,275430,63,277,277,552,705,1,1000,699,277,277,277,276,276,20,1,63000,63,63,63,5,552,5,552,63000,63,63000,63,1391715,63,6178820,999.9447405703887,275000,275000,6162605,6162605,275000,275000,0,0,0,0,276,276,275,275,705,705,CONSISTENT
8590,275855,64000,64000,0,0,0,0,0,1414715,64,275791,64,278,278,553,1066,2,0,1043,278,278,278,276,276,0,1,64000,64,64,64,5,553,5,553,64000,64,64000,64,1414715,64,6187123,999.9447405703887,276000,276000,6185605,6185605,275000,275000,0,0,0,0,277,277,275,275,1068,1069,TORN-PERSISTENT
8600,276213,64000,64000,0,0,0,0,0,1414715,64,276149,64,278,278,553,1424,2,0,1043,278,278,278,276,276,8,1,64000,64,64,64,5,553,5,553,64000,64,64000,64,1414715,64,6195380,999.9447405703887,276000,276000,6185605,6185605,275000,275000,0,0,0,0,277,277,275,275,1425,1425,CONSISTENT
8610,276421,64000,64000,0,0,0,0,0,1414715,64,276357,64,278,278,554,633,1,1000,573,278,278,278,277,277,18,1,64000,64,64,64,5,554,5,554,64000,64,64000,64,1414715,64,6200164,999.9447405703887,276000,276000,6185605,6185605,276000,276000,0,0,0,0,277,277,276,276,637,637,CONSISTENT
8620,276832,64000,64000,0,0,0,0,0,1414715,64,276768,64,278,278,554,1044,2,1000,573,278,279,278,277,277,28,1,64000,64,64,64,5,554,5,554,64000,64,64000,64,1414715,64,6209617,999.9447405703887,277000,277000,6208605,6208605,276000,276000,0,0,0,0,278,278,276,276,1045,1046,TORN-PERSISTENT
8630,277236,64000,64000,0,0,0,0,0,1414715,64,277172,64,279,279,555,1448,2,0,1052,279,279,279,277,277,8,1,64000,64,64,64,5,555,5,555,64000,64,64000,64,1414715,64,6218909,999.9447405703887,277000,277000,6208605,6208605,276000,276000,0,0,0,0,278,278,276,276,1448,1448,CONSISTENT
8640,277632,64000,64000,0,0,0,0,0,1414715,64,277568,64,279,279,555,1844,2,0,1052,279,279,279,277,277,20,1,64000,64,64,64,5,555,5,555,64000,64,64000,64,1414715,64,6228017,0,277000,277000,6208605,6208605,276000,276000,0,0,0,0,278,278,276,276,1844,1844,CONSISTENT
8650,277796,64000,64000,0,0,0,0,0,1414715,64,277732,64,279,279,556,1009,2,1000,927,279,280,279,278,278,28,1,64000,64,64,64,5,556,5,556,64000,64,64000,64,1414715,64,6231812,0,278000,278000,6231605,6231605,277000,277000,0,0,0,0,279,279,277,277,1012,1012,CONSISTENT
8660,278211,64000,64000,0,0,0,0,0,1414715,64,278147,64,280,280,557,1424,2,0,1038,280,280,280,278,278,8,1,64000,64,64,64,5,557,5,557,64000,64,64000,64,1414715,64,6241357,0,278000,278000,6231605,6231605,277000,277000,0,0,0,0,279,279,277,277,1426,1426,CONSISTENT
8670,278572,64000,64000,0,0,0,0,0,1414715,64,278508,64,280,280,558,786,1,1000,777,280,280,280,279,279,18,1,64000,64,64,64,5,558,5,558,64000,64,64000,64,1414715,64,6249683,0,278000,278000,6231605,6231605,278000,278000,0,0,0,0,279,279,278,278,786,786,CONSISTENT
8680,278824,65000,65000,0,0,0,0,0,1437715,65,278759,65,280,280,558,1037,2,1000,777,280,281,280,279,279,28,1,65000,65,65,65,5,558,5,558,65000,65,65000,65,1437715,65,6255456,999.9447405703887,279000,279000,6254605,6254605,278000,278000,0,0,0,0,280,280,278,278,1037,1037,CONSISTENT
8690,279229,65000,65000,0,0,0,0,0,1437715,65,279164,65,281,281,559,1442,2,0,1056,281,281,281,279,279,8,1,65000,65,65,65,5,559,5,559,65000,65,65000,65,1437715,65,6264771,999.9447405703887,279000,279000,6254605,6254605,278000,278000,0,0,0,0,280,280,278,278,1443,1443,CONSISTENT
8700,279454,65000,65000,0,0,0,0,0,1437715,65,279389,65,281,281,560,668,1,1000,665,281,281,281,280,280,18,1,65000,65,65,65,5,560,5,560,65000,65,65000,65,1437715,65,6269969,999.9447405703887,279000,279000,6254605,6254605,279000,279000,0,0,0,0,280,280,279,279,668,668,CONSISTENT
8710,279721,66000,66000,0,0,0,0,0,1460715,66,279655,66,281,281,560,934,1,1000,665,281,281,281,280,280,28,1,66000,66,66,66,5,560,5,560,66000,66,66000,66,1460715,66,6276087,999.9447405703887,279000,279000,6254605,6254605,279000,279000,0,0,0,0,280,280,279,279,936,936,CONSISTENT
8720,280131,66000,66000,0,0,0,0,0,1460715,66,280065,66,282,282,561,1344,2,0,1068,282,282,282,280,280,6,1,66000,66,66,66,5,561,5,561,66000,66,66000,66,1460715,66,6285517,999.9447405703887,280000,280000,6277605,6277605,279000,279000,0,0,0,0,281,281,279,279,1349,1349,CONSISTENT
8730,280540,66000,66000,0,0,0,0,0,1460715,66,280474,66,282,282,561,1753,2,0,1068,282,282,282,280,280,16,1,66000,66,66,66,5,561,5,561,66000,66,66000,66,1460715,66,6294924,999.9447405703887,280000,280000,6277605,6277605,279000,279000,0,0,0,0,281,281,279,279,1754,1754,CONSISTENT
8740,280758,67000,67000,0,0,0,0,0,1483715,67,280691,67,282,282,562,971,1,1000,884,282,282,282,281,281,26,1,67000,67,67,67,5,562,5,562,67000,67,67000,67,1483715,67,6299938,999.9447405703887,280000,280000,6277605,6277605,280000,280000,0,0,0,0,281,281,280,280,972,972,CONSISTENT
8750,281129,67000,67000,0,0,0,0,0,1483715,67,281062,67,283,283,563,1342,2,0,1099,283,283,283,281,281,6,1,67000,67,67,67,5,563,5,563,67000,67,67000,67,1483715,67,6308494,999.9447405703887,281000,281000,6300605,6300605,280000,280000,0,0,0,0,282,282,280,280,1345,1345,CONSISTENT
8760,281536,67000,67000,0,0,0,0,0,1483715,67,281469,67,283,283,564,750,1,1000,747,283,283,283,282,282,16,1,67000,67,67,67,5,564,5,564,67000,67,67000,67,1483715,67,6317855,999.9447405703887,281000,281000,6300605,6300605,281000,281000,0,0,0,0,282,282,281,281,751,751,CONSISTENT
8770,281748,68000,68000,0,0,0,0,0,1506715,68,281680,68,283,283,564,961,1,1000,747,283,283,283,282,282,26,1,68000,68,68,68,5,564,5,564,68000,68,68000,68,1506715,68,6322754,999.9447405703887,281000,281000,6300605,6300605,281000,281000,0,0,0,0,282,282,281,281,963,963,CONSISTENT
8780,282150,68000,68000,0,0,0,0,0,1506715,68,282082,68,284,284,565,1363,2,0,1028,284,284,284,282,282,8,1,68000,68,68,68,5,565,5,565,68000,68,68000,68,1506715,68,6331954,999.9447405703887,282000,282000,6323605,6323605,281000,281000,0,0,0,0,283,283,281,281,1365,1365,CONSISTENT
8790,282389,68000,68000,0,0,0,0,0,1506715,68,282321,68,284,284,566,603,1,1000,596,284,284,284,283,283,18,1,68000,68,68,68,5,566,5,566,68000,68,68000,68,1506715,68,6337474,999.9447405703887,282000,282000,6323605,6323605,282000,282000,0,0,0,0,283,283,282,282,603,603,CONSISTENT
8800,282777,69000,69000,0,0,0,0,0,1529715,69,282708,69,284,284,566,990,1,1000,596,284,284,284,283,283,28,1,69000,69,69,69,5,566,5,566,69000,69,69000,69,1529715,69,6346375,999.9447405703887,282000,282000,6323605,6323605,282000,282000,0,0,0,0,283,283,282,282,990,990,CONSISTENT
8810,283138,69000,69000,0,0,0,0,0,1529715,69,283069,69,285,285,567,1351,2,0,1029,285,285,285,283,283,8,1,69000,69,69,69,5,567,5,567,69000,69,69000,69,1529715,69,6354678,999.9447405703887,283000,283000,6346605,6346605,282000,282000,0,0,0,0,284,284,282,282,1355,1355,CONSISTENT
8820,283549,69000,69000,0,0,0,0,0,1529715,69,283480,69,285,285,567,1762,2,0,1029,285,285,285,283,283,16,1,69000,69,69,69,5,567,5,567,69000,69,69000,69,1529715,69,6364154,999.9447405703887,283000,283000,6346605,6346605,282000,282000,0,0,0,0,284,284,282,282,1765,1765,CONSISTENT
8830,283760,69000,69000,0,0,0,0,0,1529715,69,283691,69,285,285,568,974,1,1000,934,285,285,285,284,284,28,1,69000,69,69,69,5,568,5,568,69000,69,69000,69,1529715,69,6369007,999.9447405703887,283000,283000,6346605,6346605,283000,283000,0,0,0,0,284,284,283,283,975,976,TORN-PERSISTENT
8840,284165,69000,69000,0,0,0,0,0,1529715,69,284096,69,286,286,569,1379,2,0,1046,286,286,286,284,284,8,1,69000,69,69,69,5,569,5,569,69000,69,69000,69,1529715,69,6378322,0,284000,284000,6369605,6369605,283000,283000,0,0,0,0,285,285,283,283,1383,1383,CONSISTENT
8850,284566,69000,69000,0,0,0,0,0,1529715,69,284497,69,286,286,569,1780,2,0,1046,286,286,286,284,284,18,1,69000,69,69,69,5,569,5,569,69000,69,69000,69,1529715,69,6387545,0,284000,284000,6369605,6369605,283000,283000,0,0,0,0,285,285,283,283,1781,1781,CONSISTENT
8860,284751,69000,69000,0,0,0,0,0,1529715,69,284682,69,286,286,570,966,1,1000,783,286,286,286,285,285,26,1,69000,69,69,69,5,570,5,570,69000,69,69000,69,1529715,69,6391823,0,284000,284000,6369605,6369605,284000,284000,0,0,0,0,285,285,284,284,967,967,CONSISTENT
8870,285157,69000,69000,0,0,0,0,0,1529715,69,285088,69,287,287,571,1372,2,0,1053,287,287,287,285,285,6,1,69000,69,69,69,5,571,5,571,69000,69,69000,69,1529715,69,6401161,0,285000,285000,6392605,6392605,284000,284000,0,0,0,0,286,286,284,284,1372,1372,CONSISTENT
8880,285451,69000,69000,0,0,0,0,0,1529715,69,285382,69,287,287,572,667,1,1000,663,287,287,287,286,286,18,1,69000,69,69,69,5,572,5,572,69000,69,69000,69,1529715,69,6407946,0,285000,285000,6392605,6392605,285000,285000,0,0,0,0,286,286,285,285,667,667,CONSISTENT
8890,285764,70000,70000,0,0,0,0,0,1552715,70,285694,70,287,287,572,979,1,1000,663,287,287,287,286,286,26,1,70000,70,70,70,5,572,5,572,70000,70,70000,70,1552715,70,6415122,999.9447405703887,285000,285000,6392605,6392605,285000,285000,0,0,0,0,286,286,285,285,979,979,CONSISTENT
8900,286162,70000,70000,0,0,0,0,0,1552715,70,286092,70,288,288,573,1377,2,0,1065,288,288,288,286,286,8,1,70000,70,70,70,5,573,5,573,70000,70,70000,70,1552715,70,6424276,999.9447405703887,286000,286000,6415605,6415605,285000,285000,0,0,0,0,287,287,285,285,1381,1381,CONSISTENT
8910,286418,70000,70000,0,0,0,0,0,1552715,70,286348,70,288,288,574,634,1,1000,630,288,288,288,287,287,16,1,70000,70,70,70,5,574,5,574,70000,70,70000,70,1552715,70,6430187,999.9447405703887,286000,286000,6415605,6415605,286000,286000,0,0,0,0,287,287,286,286,634,634,CONSISTENT
8920,286744,71000,71000,0,0,0,0,0,1575715,71,286673,71,288,288,574,959,1,1000,630,288,288,288,287,287,26,1,71000,71,71,71,5,574,5,574,71000,71,71000,71,1575715,71,6437662,999.9447405703887,286000,286000,6415605,6415605,286000,286000,0,0,0,0,287,287,286,286,960,960,CONSISTENT
8930,287149,71000,71000,0,0,0,0,0,1575715,71,287078,71,289,289,575,1364,2,0,1061,289,289,289,287,287,6,1,71000,71,71,71,5,575,5,575,71000,71,71000,71,1575715,71,6446977,999.9447405703887,287000,287000,6438605,6438605,286000,286000,0,0,0,0,288,288,286,286,1367,1367,CONSISTENT
8940,287554,71000,71000,0,0,0,0,0,1575715,71,287483,71,289,289,575,1769,2,0,1061,289,289,289,287,287,16,1,71000,71,71,71,5,575,5,575,71000,71,71000,71,1575715,71,6456292,999.9447405703887,287000,287000,6438605,6438605,286000,286000,0,0,0,0,288,288,286,286,1770,1771,TORN-PERSISTENT
8950,287764,72000,72000,0,0,0,0,0,1598715,72,287692,72,289,289,576,979,1,1000,893,289,289,289,288,288,26,1,72000,72,72,72,5,576,5,576,72000,72,72000,72,1598715,72,6461122,999.9447405703887,287000,287000,6438605,6438605,287000,287000,0,0,0,0,288,288,287,287,980,980,CONSISTENT
8960,288168,72000,72000,0,0,0,0,0,1598715,72,288096,72,290,290,577,1383,2,0,1080,290,290,290,288,288,6,1,72000,72,72,72,5,577,5,577,72000,72,72000,72,1598715,72,6470414,999.9447405703887,288000,288000,6461605,6461605,287000,287000,0,0,0,0,289,289,287,287,1384,1386,TORN-PERSISTENT
8970,288434,72000,72000,0,0,0,0,0,1598715,72,288362,72,290,290,578,650,1,1000,642,290,290,290,289,289,16,1,72000,72,72,72,5,578,5,578,72000,72,72000,72,1598715,72,6476555,999.9447405703887,288000,288000,6461605,6461605,288000,288000,0,0,0,0,289,289,288,288,650,650,CONSISTENT
8980,288748,73000,73000,0,0,0,0,0,1621715,73,288675,73,290,290,578,963,1,1000,642,290,290,290,289,289,26,1,73000,73,73,73,5,578,5,578,73000,73,73000,73,1621715,73,6483754,999.9447405703887,288000,288000,6461605,6461605,288000,288000,0,0,0,0,289,289,288,288,967,967,CONSISTENT
8990,289127,73000,73000,0,0,0,0,0,1621715,73,289054,73,291,291,579,1342,2,0,1071,291,291,291,289,289,6,1,73000,73,73,73,5,579,5,579,73000,73,73000,73,1621715,73,6492471,999.9447405703887,289000,289000,6484605,6484605,288000,288000,0,0,0,0,290,290,288,288,1345,1346,TORN-PERSISTENT
9000,289384,73000,73000,0,0,0,0,0,1621715,73,289311,73,291,291,580,600,1,1000,599,291,291,291,290,290,16,1,73000,73,73,73,5,580,5,580,73000,73,73000,73,1621715,73,6498405,999.9447405703887,289000,289000,6484605,6484605,289000,289000,0,0,0,0,290,290,289,289,600,600,CONSISTENT
9010,289680,74000,74000,0,0,0,0,0,1644715,74,289606,74,291,291,580,895,1,1000,599,291,291,291,290,290,26,1,74000,74,74,74,5,580,5,580,74000,74,74000,74,1644715,74,6505190,999.9447405703887,289000,289000,6484605,6484605,289000,289000,0,0,0,0,290,290,289,289,897,897,CONSISTENT
9020,290042,74000,74000,0,0,0,0,0,1644715,74,289968,74,292,292,581,1257,2,0,1072,292,292,292,290,290,3,1,74000,74,74,74,5,581,5,581,74000,74,74000,74,1644715,74,6513516,999.9447405703887,290000,290000,6507605,6507605,289000,289000,0,0,0,0,291,291,289,289,1259,1260,TORN-PERSISTENT
9030,290439,74000,74000,0,0,0,0,0,1644715,74,290365,74,292,292,581,1654,2,0,1072,292,292,292,290,290,14,1,74000,74,74,74,5,581,5,581,74000,74,74000,74,1644715,74,6522647,999.9447405703887,290000,290000,6507605,6507605,289000,289000,0,0,0,0,291,291,289,289,1656,1656,CONSISTENT
9040,290648,75000,75000,0,0,0,0,0,1667715,75,290573,75,292,292,582,863,1,1000,845,292,292,292,291,291,24,1,75000,75,75,75,5,582,5,582,75000,75,75000,75,1667715,75,6527454,999.9447405703887,290000,290000,6507605,6507605,290000,290000,0,0,0,0,291,291,290,290,865,865,CONSISTENT
9050,291045,75000,75000,0,0,0,0,0,1667715,75,290970,75,293,293,583,1260,2,0,1074,293,293,293,291,291,4,1,75000,75,75,75,5,583,5,583,75000,75,75000,75,1667715,75,6536585,999.9447405703887,291000,291000,6530605,6530605,290000,290000,0,0,0,0,292,292,290,290,1261,1261,CONSISTENT
9060,291452,75000,75000,0,0,0,0,0,1667715,75,291377,75,293,293,583,1667,2,0,1074,293,293,293,291,291,14,1,75000,75,75,75,5,583,5,583,75000,75,75000,75,1667715,75,6545969,999.9447405703887,291000,291000,6530605,6530605,290000,290000,0,0,0,0,292,292,290,290,1670,1670,CONSISTENT
9070,291626,75000,75000,0,0,0,0,0,1667715,75,291551,75,293,293,584,842,1,1000,694,293,293,293,292,292,24,1,75000,75,75,75,5,584,5,584,75000,75,75000,75,1667715,75,6549971,999.9447405703887,291000,291000,6530605,6530605,291000,291000,0,0,0,0,292,292,291,291,844,844,CONSISTENT
9080,292028,75000,75000,0,0,0,0,0,1667715,75,291953,75,294,294,585,1244,2,0,1069,294,294,294,292,292,4,1,75000,75,75,75,5,585,5,585,75000,75,75000,75,1667715,75,6559240,999.9447405703887,292000,292000,6553605,6553605,291000,291000,0,0,0,0,293,293,291,291,1245,1245,CONSISTENT
9090,292338,75000,75000,0,0,0,0,0,1667715,75,292263,75,294,294,586,555,1,1000,553,294,294,294,293,293,14,1,75000,75,75,75,5,586,5,586,75000,75,75000,75,1667715,75,6566370,0,292000,292000,6553605,6553605,292000,292000,0,0,0,0,293,293,292,292,555,555,CONSISTENT
9100,292646,76000,76000,0,0,0,0,0,1690715,76,292570,76,294,294,586,862,1,1000,553,294,294,294,293,293,24,1,76000,76,76,76,5,586,5,586,76000,76,76000,76,1690715,76,6573431,999.9447405703887,292000,292000,6553605,6553605,292000,292000,0,0,0,0,293,293,292,292,862,862,CONSISTENT
9110,293055,76000,76000,0,0,0,0,0,1690715,76,292979,76,295,295,587,1271,2,0,1007,295,295,295,293,293,6,1,76000,76,76,76,5,587,5,587,76000,76,76000,76,1690715,76,6582838,999.9447405703887,293000,293000,6576605,6576605,292000,292000,0,0,0,0,294,294,292,292,1271,1271,CONSISTENT
9120,293410,76000,76000,0,0,0,0,0,1690715,76,293334,76,295,295,587,1626,2,0,1007,295,295,295,293,293,14,1,76000,76,76,76,5,587,5,587,76000,76,76000,76,1690715,76,6591003,999.9447405703887,293000,293000,6576605,6576605,292000,292000,0,0,0,0,294,294,292,292,1627,1627,CONSISTENT
9130,293681,76000,76000,0,0,0,0,0,1690715,76,293605,76,295,295,588,898,1,1000,892,295,295,295,294,294,24,1,76000,76,76,76,5,588,5,588,76000,76,76000,76,1690715,76,6597259,999.9447405703887,293000,293000,6576605,6576605,293000,293000,0,0,0,0,294,294,293,293,898,898,CONSISTENT
9140,294031,77000,77000,0,0,0,0,0,1713715,77,293954,77,296,296,589,1247,2,0,1009,296,296,296,294,294,4,1,77000,77,77,77,5,589,5,589,77000,77,77000,77,1713715,77,6605286,999.9447405703887,294000,294000,6599605,6599605,293000,293000,0,0,0,0,295,295,293,293,1248,1248,CONSISTENT
9150,294238,78000,78000,0,0,0,0,0,1736715,78,294160,78,296,296,590,454,1,1000,254,296,296,296,295,295,16,1,78000,78,78,78,5,590,5,590,78000,78,78000,78,1736715,78,6610047,999.9447405703887,294000,294000,6599605,6599605,294000,294000,0,0,0,0,295,295,294,294,459,459,CONSISTENT
9160,294645,78000,78000,0,0,0,0,0,1736715,78,294567,78,296,296,590,861,1,1000,254,296,296,296,295,295,26,1,78000,78,78,78,5,590,5,590,78000,78,78000,78,1736715,78,6619431,999.9447405703887,294000,294000,6599605,6599605,294000,294000,0,0,0,0,295,295,294,294,864,865,TORN-PERSISTENT
9170,295049,78000,78000,0,0,0,0,0,1736715,78,294971,78,297,297,591,1265,2,0,1021,297,297,297,295,295,6,1,78000,78,78,78,5,591,5,591,78000,78,78000,78,1736715,78,6628723,999.9447405703887,295000,295000,6622605,6622605,294000,294000,0,0,0,0,296,296,294,294,1268,1269,TORN-PERSISTENT
9180,295416,78000,78000,0,0,0,0,0,1736715,78,295338,78,297,297,591,1632,2,0,1021,297,297,297,295,295,14,1,78000,78,78,78,5,591,5,591,78000,78,78000,78,1736715,78,6637141,999.9447405703887,295000,295000,6622605,6622605,294000,294000,0,0,0,0,296,296,294,294,1632,1632,CONSISTENT
9190,295629,79000,79000,0,0,0,0,0,1759715,79,295550,79,297,297,592,845,1,1000,633,297,297,297,296,296,24,1,79000,79,79,79,5,592,5,592,79000,79,79000,79,1759715,79,6642040,999.9447405703887,295000,295000,6622605,6622605,295000,295000,0,0,0,0,296,296,295,295,846,847,TORN-PERSISTENT
9200,296030,79000,79000,0,0,0,0,0,1759715,79,295951,79,298,298,593,1246,2,0,1023,298,298,298,296,296,4,1,79000,79,79,79,5,593,5,593,79000,79,79000,79,1759715,79,6651263,999.9447405703887,296000,296000,6645605,6645605,295000,295000,0,0,0,0,297,297,295,295,1249,1249,CONSISTENT
9210,296447,79000,79000,0,0,0,0,0,1759715,79,296368,79,298,298,593,1663,2,0,1023,298,298,298,296,296,14,1,79000,79,79,79,5,593,5,593,79000,79,79000,79,1759715,79,6660854,999.9447405703887,296000,296000,6645605,6645605,295000,295000,0,0,0,0,297,297,295,295,1664,1664,CONSISTENT
9220,296654,80000,80000,0,0,0,0,0,1782715,80,296574,80,298,298,594,870,1,1000,665,298,298,298,297,297,26,1,80000,80,80,80,5,594,5,594,80000,80,80000,80,1782715,80,6665615,999.9447405703887,296000,296000,6645605,6645605,296000,296000,0,0,0,0,297,297,296,296,873,874,TORN-PERSISTENT
9230,297019,80000,80000,0,0,0,0,0,1782715,80,296939,80,299,299,595,1235,2,0,1029,299,299,299,297,297,4,1,80000,80,80,80,5,595,5,595,80000,80,80000,80,1782715,80,6674010,999.9447405703887,297000,297000,6668605,6668605,296000,296000,0,0,0,0,298,298,296,296,1238,1238,CONSISTENT
9240,297420,80000,80000,0,0,0,0,0,1782715,80,297340,80,299,299,595,1636,2,0,1029,299,299,299,297,297,14,1,80000,80,80,80,5,595,5,595,80000,80,80000,80,1782715,80,6683256,999.9447405703887,297000,297000,6668605,6668605,296000,296000,0,0,0,0,298,298,296,296,1638,1638,CONSISTENT
9250,297656,80000,80000,0,0,0,0,0,1782715,80,297576,80,299,299,596,873,1,1000,866,299,299,299,298,298,24,1,80000,80,80,80,5,596,5,596,80000,80,80000,80,1782715,80,6688684,999.9447405703887,297000,297000,6668605,6668605,297000,297000,0,0,0,0,298,298,297,297,873,873,CONSISTENT
9260,298038,80000,80000,0,0,0,0,0,1782715,80,297958,80,300,300,597,1255,2,0,1043,300,300,300,298,298,4,1,80000,80,80,80,5,597,5,597,80000,80,80000,80,1782715,80,6697470,999.9447405703887,298000,298000,6691605,6691605,297000,297000,0,0,0,0,299,299,297,297,1258,1258,CONSISTENT
9270,298401,80000,80000,0,0,0,0,0,1782715,80,298321,80,300,300,598,619,1,1000,616,300,300,300,299,299,14,1,80000,80,80,80,5,598,5,598,80000,80,80000,80,1782715,80,6705842,999.9447405703887,298000,298000,6691605,6691605,298000,298000,0,0,0,0,299,299,298,298,619,619,CONSISTENT
9280,298643,81000,81000,0,0,0,0,0,1805715,81,298562,81,300,300,598,860,1,1000,616,300,300,300,299,299,24,1,81000,81,81,81,5,598,5,598,81000,81,81000,81,1805715,81,6711385,999.9447405703887,298000,298000,6691605,6691605,298000,298000,0,0,0,0,299,299,298,298,860,860,CONSISTENT
9290,299013,81000,81000,0,0,0,0,0,1805715,81,298932,81,301,301,599,1230,2,0,1037,301,301,301,299,299,4,1,81000,81,81,81,5,599,5,599,81000,81,81000,81,1805715,81,6719895,999.9447405703887,299000,299000,6714605,6714605,298000,298000,0,0,0,0,300,300,298,298,1230,1230,CONSISTENT
9300,299323,81000,81000,0,0,0,0,0,1805715,81,299242,81,301,301,600,541,1,1000,539,301,301,301,300,300,14,1,81000,81,81,81,5,600,5,600,81000,81,81000,81,1805715,81,6727048,999.9447405703887,299000,299000,6714605,6714605,299000,299000,0,0,0,0,300,300,299,299,541,541,CONSISTENT
9310,299602,82000,82000,0,0,0,0,0,1828715,82,299520,82,301,301,600,819,1,1000,539,301,301,301,300,300,24,1,82000,82,82,82,5,600,5,600,82000,82,82000,82,1828715,82,6733442,999.9447405703887,299000,299000,6714605,6714605,299000,299000,0,0,0,0,300,300,299,299,821,821,CONSISTENT
9320,300015,82000,82000,0,0,0,0,0,1828715,82,299933,82,302,302,601,1232,2,0,1036,302,302,302,300,300,4,1,82000,82,82,82,5,601,5,601,82000,82,82000,82,1828715,82,6742941,999.9447405703887,300000,300000,6737605,6737605,299000,299000,0,0,0,0,301,301,299,299,1235,1236,TORN-PERSISTENT
9330,300233,83000,83000,0,0,0,0,0,1851715,83,300150,83,302,302,602,450,1,1000,371,302,302,302,301,301,14,1,83000,83,83,83,5,602,5,602,83000,83,83000,83,1851715,83,6747955,999.9447405703887,300000,300000,6737605,6737605,300000,300000,0,0,0,0,301,301,300,300,450,450,CONSISTENT
9340,300591,83000,83000,0,0,0,0,0,1851715,83,300508,83,302,302,602,808,1,1000,371,302,302,302,301,301,24,1,83000,83,83,83,5,602,5,602,83000,83,83000,83,1851715,83,6756189,999.9447405703887,300000,300000,6737605,6737605,300000,300000,0,0,0,0,301,301,300,300,810,811,TORN-PERSISTENT
9350,300999,83000,83000,0,0,0,0,0,1851715,83,300916,83,303,303,603,1216,2,0,1036,303,303,303,301,301,4,1,83000,83,83,83,5,603,5,603,83000,83,83000,83,1851715,83,6765596,999.9447405703887,301000,301000,6760605,6760605,300000,300000,0,0,0,0,302,302,300,300,1217,1217,CONSISTENT
9360,301403,83000,83000,0,0,0,0,0,1851715,83,301320,83,303,303,603,1620,2,0,1036,303,303,303,301,301,14,1,83000,83,83,83,5,603,5,603,83000,83,83000,83,1851715,83,6774865,999.9447405703887,301000,301000,6760605,6760605,300000,300000,0,0,0,0,302,302,300,300,1624,1625,TORN-PERSISTENT
9370,301636,84000,84000,0,0,0,0,0,1874715,84,301552,84,303,303,604,853,1,1000,758,303,303,303,302,302,24,1,84000,84,84,84,5,604,5,604,84000,84,84000,84,1874715,84,6780224,999.9447405703887,301000,301000,6760605,6760605,301000,301000,0,0,0,0,302,302,301,301,853,853,CONSISTENT
9380,302033,84000,84000,0,0,0,0,0,1874715,84,301949,84,304,304,605,1250,2,0,1070,304,304,304,302,302,4,1,84000,84,84,84,5,605,5,605,84000,84,84000,84,1874715,84,6789355,999.9447405703887,302000,302000,6783605,6783605,301000,301000,0,0,0,0,303,303,301,301,1253,1253,CONSISTENT
9390,302400,84000,84000,0,0,0,0,0,1874715,84,302316,84,304,304,605,1617,2,0,1070,304,304,304,302,302,12,1,84000,84,84,84,5,605,5,605,84000,84,84000,84,1874715,84,6797796,999.9447405703887,302000,302000,6783605,6783605,301000,301000,0,0,0,0,303,303,301,301,1618,1618,CONSISTENT
9400,302614,85000,85000,0,0,0,0,0,1897715,85,302529,85,304,304,606,831,1,1000,634,304,304,304,303,303,22,1,85000,85,85,85,5,606,5,606,85000,85,85000,85,1897715,85,6802741,999.9447405703887,302000,302000,6783605,6783605,302000,302000,0,0,0,0,303,303,302,302,836,836,CONSISTENT
9410,303014,85000,85000,0,0,0,0,0,1897715,85,302929,85,305,305,607,1231,2,0,1071,305,305,305,303,303,4,1,85000,85,85,85,5,607,5,607,85000,85,85000,85,1897715,85,6811918,999.9447405703887,303000,303000,6806605,6806605,302000,302000,0,0,0,0,304,304,302,302,1232,1233,TORN-PERSISTENT
9420,303425,85000,85000,0,0,0,0,0,1897715,85,303340,85,305,305,607,1642,2,0,1071,305,305,305,303,303,14,1,85000,85,85,85,5,607,5,607,85000,85,85000,85,1897715,85,6821371,999.9447405703887,303000,303000,6806605,6806605,302000,302000,0,0,0,0,304,304,302,302,1644,1645,TORN-PERSISTENT
9430,303723,85000,85000,0,0,0,0,0,1897715,85,303638,85,305,305,608,941,1,1000,933,305,305,305,304,304,24,1,85000,85,85,85,5,608,5,608,85000,85,85000,85,1897715,85,6828248,999.9447405703887,303000,303000,6806605,6806605,303000,303000,0,0,0,0,304,304,303,303,941,941,CONSISTENT
9440,304001,85000,85000,0,0,0,0,0,1897715,85,303916,85,306,306,609,1219,2,0,1077,306,306,306,304,304,2,1,85000,85,85,85,5,609,5,609,85000,85,85000,85,1897715,85,6834642,999.9447405703887,304000,304000,6829605,6829605,303000,303000,0,0,0,0,305,305,303,303,1219,1219,CONSISTENT
9450,304418,85000,85000,0,0,0,0,0,1897715,85,304333,85,306,306,609,1636,2,0,1077,306,306,306,304,304,12,1,85000,85,85,85,5,609,5,609,85000,85,85000,85,1897715,85,6844233,999.9447405703887,304000,304000,6829605,6829605,303000,303000,0,0,0,0,305,305,303,303,1636,1636,CONSISTENT
9460,304626,86000,86000,0,0,0,0,0,1920715,86,304540,86,306,306,610,844,1,1000,685,306,306,306,305,305,22,1,86000,86,86,86,5,610,5,610,86000,86,86000,86,1920715,86,6849017,999.9447405703887,304000,304000,6829605,6829605,304000,304000,0,0,0,0,305,305,304,304,846,846,CONSISTENT
9470,305028,86000,86000,0,0,0,0,0,1920715,86,304942,86,307,307,611,1246,2,0,1014,307,307,307,305,305,4,1,86000,86,86,86,5,611,5,611,86000,86,86000,86,1920715,86,6858263,999.9447405703887,305000,305000,6852605,6852605,304000,304000,0,0,0,0,306,306,304,304,1248,1249,TORN-PERSISTENT
9480,305432,86000,86000,0,0,0,0,0,1920715,86,305346,86,307,307,611,1650,2,0,1014,307,307,307,305,305,16,1,86000,86,86,86,5,611,5,611,86000,86,86000,86,1920715,86,6867578,999.9447405703887,305000,305000,6852605,6852605,304000,304000,0,0,0,0,306,306,304,304,1652,1652,CONSISTENT
9490,305642,86000,86000,0,0,0,0,0,1920715,86,305556,86,307,307,612,861,1,1000,669,307,307,307,306,306,26,1,86000,86,86,86,5,612,5,612,86000,86,86000,86,1920715,86,6872408,999.9447405703887,305000,305000,6852605,6852605,305000,305000,0,0,0,0,306,306,305,305,862,862,CONSISTENT
9500,306008,86000,86000,0,0,0,0,0,1920715,86,305922,86,308,308,613,1227,2,0,1013,308,308,308,306,306,4,1,86000,86,86,86,5,613,5,613,86000,86,86000,86,1920715,86,6880826,999.9447405703887,306000,306000,6875605,6875605,305000,305000,0,0,0,0,307,307,305,305,1229,1229,CONSISTENT
9510,306310,86000,86000,0,0,0,0,0,1920715,86,306224,86,308,308,614,530,1,1000,522,308,308,308,307,307,14,1,86000,86,86,86,5,614,5,614,86000,86,86000,86,1920715,86,6887795,999.9447405703887,306000,306000,6875605,6875605,306000,306000,0,0,0,0,307,307,306,306,530,530,CONSISTENT
9520,306629,86000,86000,0,0,0,0,0,1920715,86,306543,86,308,308,614,849,1,1000,522,308,308,308,307,307,24,1,86000,86,86,86,5,614,5,614,86000,86,86000,86,1920715,86,6895132,0,306000,306000,6875605,6875605,306000,306000,0,0,0,0,307,307,306,306,850,851,TORN-PERSISTENT
9530,307035,86000,86000,0,0,0,0,0,1920715,86,306949,86,309,309,615,1255,2,0,1036,309,309,309,307,307,4,1,86000,86,86,86,5,615,5,615,86000,86,86000,86,1920715,86,6904470,0,307000,307000,6898605,6898605,306000,306000,0,0,0,0,308,308,306,306,1255,1255,CONSISTENT
9540,307441,86000,86000,0,0,0,0,0,1920715,86,307355,86,309,309,615,1661,2,0,1036,309,309,309,307,307,14,1,86000,86,86,86,5,615,5,615,86000,86,86000,86,1920715,86,6913808,0,307000,307000,6898605,6898605,306000,306000,0,0,0,0,308,308,306,306,1662,1662,CONSISTENT
9550,307609,86000,86000,0,0,0,0,0,1920715,86,307523,86,309,309,616,830,1,1000,776,309,309,309,308,308,24,1,86000,86,86,86,5,616,5,616,86000,86,86000,86,1920715,86,6917718,0,307000,307000,6898605,6898605,307000,307000,0,0,0,0,308,308,307,307,832,832,CONSISTENT
9560,307949,86000,86000,0,0,0,0,0,1920715,86,307863,86,310,310,617,1170,2,0,1052,310,310,310,308,308,2,1,86000,86,86,86,5,617,5,617,86000,86,86000,86,1920715,86,6925515,0,308000,308000,6921605,6921605,307000,307000,0,0,0,0,309,309,307,307,1171,1172,TORN-PERSISTENT
9570,308350,86000,86000,0,0,0,0,0,1920715,86,308264,86,310,310,617,1571,2,0,1052,310,310,310,308,308,12,1,86000,86,86,86,5,617,5,617,86000,86,86000,86,1920715,86,6934738,0,308000,308000,6921605,6921605,307000,307000,0,0,0,0,309,309,307,307,1571,1571,CONSISTENT
9580,308613,86000,86000,0,0,0,0,0,1920715,86,308527,86,310,310,618,835,1,1000,827,310,310,310,309,309,22,1,86000,86,86,86,5,618,5,618,86000,86,86000,86,1920715,86,6940810,0,308000,308000,6921605,6921605,308000,308000,0,0,0,0,309,309,308,308,835,835,CONSISTENT
9590,308965,87000,87000,0,0,0,0,0,1943715,87,308878,87,311,311,619,1186,2,0,1063,311,311,311,309,309,2,1,87000,87,87,87,5,619,5,619,87000,87,87000,87,1943715,87,6948883,999.9447405703887,309000,309000,6944605,6944605,308000,308000,0,0,0,0,310,310,308,308,1186,1186,CONSISTENT
9600,309350,87000,87000,0,0,0,0,0,1943715,87,309263,87,311,311,619,1571,2,0,1063,311,311,311,309,309,12,1,87000,87,87,87,5,619,5,619,87000,87,87000,87,1943715,87,6957738,999.9447405703887,309000,309000,6944605,6944605,308000,308000,0,0,0,0,310,310,308,308,1571,1571,CONSISTENT
9610,309430,88000,88000,0,0,0,0,0,1966715,88,309342,88,311,311,620,652,1,1000,572,311,311,311,310,310,21,1,88000,88,88,88,5,620,5,620,88000,88,88000,88,1966715,88,6959601,999.9447405703887,309000,309000,6944605,6944605,309000,309000,0,0,0,0,310,310,309,309,652,652,CONSISTENT
9620,309833,88000,88000,0,0,0,0,0,1966715,88,309745,88,312,312,621,1054,2,0,1023,312,312,312,310,310,0,1,88000,88,88,88,5,621,5,621,88000,88,88000,88,1966715,88,6968847,999.9447405703887,310000,310000,6967605,6967605,309000,309000,0,0,0,0,311,311,309,309,1058,1059,TORN-PERSISTENT
9630,310236,88000,88000,0,0,0,0,0,1966715,88,310148,88,312,312,621,1457,2,0,1023,312,312,312,310,310,10,1,88000,88,88,88,5,621,5,621,88000,88,88000,88,1966715,88,6978116,999.9447405703887,310000,310000,6967605,6967605,309000,309000,0,0,0,0,311,311,309,309,1457,1457,CONSISTENT
9640,310636,88000,88000,0,0,0,0,0,1966715,88,310548,88,312,312,622,858,1,1000,857,312,312,312,311,311,21,1,88000,88,88,88,5,622,5,622,88000,88,88000,88,1966715,88,6987362,999.9447405703887,310000,310000,6967605,6967605,310000,310000,0,0,0,0,311,311,310,310,859,859,CONSISTENT
9650,310851,89000,89000,0,0,0,0,0,1989715,89,310762,89,313,313,623,1072,2,0,1022,313,313,313,311,311,0,1,89000,89,89,89,5,623,5,623,89000,89,89000,89,1989715,89,6992261,999.9447405703887,311000,311000,6990605,6990605,310000,310000,0,0,0,0,312,312,310,310,1073,1073,CONSISTENT
9660,311250,89000,89000,0,0,0,0,0,1989715,89,311161,89,313,313,623,1471,2,0,1022,313,313,313,311,311,10,1,89000,89,89,89,5,623,5,623,89000,89,89000,89,1989715,89,7001438,999.9447405703887,311000,311000,6990605,6990605,310000,310000,0,0,0,0,312,312,310,310,1471,1471,CONSISTENT
9670,311464,89000,89000,0,0,0,0,0,1989715,89,311375,89,313,313,624,686,1,1000,681,313,313,313,312,312,20,1,89000,89,89,89,5,624,5,624,89000,89,89000,89,1989715,89,7006383,999.9447405703887,311000,311000,6990605,6990605,311000,311000,0,0,0,0,312,312,311,311,686,686,CONSISTENT
9680,311821,89000,89000,0,0,0,0,0,1989715,89,311732,89,314,314,625,1043,2,0,1032,314,314,314,312,312,0,1,89000,89,89,89,5,625,5,625,89000,89,89000,89,1989715,89,7014640,999.9447405703887,312000,312000,7013605,7013605,311000,311000,0,0,0,0,313,313,311,311,1045,1045,CONSISTENT
9690,312227,89000,89000,0,0,0,0,0,1989715,89,312138,89,314,314,625,1449,2,0,1032,314,314,314,312,312,10,1,89000,89,89,89,5,625,5,625,89000,89,89000,89,1989715,89,7023955,999.9447405703887,312000,312000,7013605,7013605,311000,311000,0,0,0,0,313,313,311,311,1450,1450,CONSISTENT
9700,312434,89000,89000,0,0,0,0,0,1989715,89,312345,89,314,314,626,657,1,1000,525,314,314,314,313,313,20,1,89000,89,89,89,5,626,5,626,89000,89,89000,89,1989715,89,7028716,999.9447405703887,312000,312000,7013605,7013605,312000,312000,0,0,0,0,313,313,312,312,657,657,CONSISTENT
9710,312832,89000,89000,0,0,0,0,0,1989715,89,312743,89,315,315,627,1055,2,0,1024,315,315,315,313,313,0,1,89000,89,89,89,5,627,5,627,89000,89,89000,89,1989715,89,7037870,0,313000,313000,7036605,7036605,312000,312000,0,0,0,0,314,314,312,312,1055,1055,CONSISTENT
9720,313234,89000,89000,0,0,0,0,0,1989715,89,313145,89,315,315,627,1457,2,0,1024,315,315,315,313,313,10,1,89000,89,89,89,5,627,5,627,89000,89,89000,89,1989715,89,7047116,0,313000,313000,7036605,7036605,312000,312000,0,0,0,0,314,314,312,312,1457,1457,CONSISTENT
9730,313585,89000,89000,0,0,0,0,0,1989715,89,313496,89,315,315,627,1808,2,0,1024,315,315,315,313,313,18,1,89000,89,89,89,5,627,5,627,89000,89,89000,89,1989715,89,7055189,0,313000,313000,7036605,7036605,312000,312000,0,0,0,0,314,314,312,312,1810,1811,TORN-PERSISTENT
9740,313793,89000,89000,0,0,0,0,0,1989715,89,313704,89,315,315,628,1017,2,1000,843,315,316,315,314,314,28,1,89000,89,89,89,5,628,5,628,89000,89,89000,89,1989715,89,7059996,0,314000,314000,7059605,7059605,313000,313000,0,0,0,0,315,315,313,313,1017,1017,CONSISTENT
9750,314190,89000,89000,0,0,0,0,0,1989715,89,314101,89,316,316,629,1414,2,0,1018,316,316,316,314,314,10,1,89000,89,89,89,5,629,5,629,89000,89,89000,89,1989715,89,7069150,0,314000,314000,7059605,7059605,313000,313000,0,0,0,0,315,315,313,313,1415,1415,CONSISTENT
9760,314544,89000,89000,0,0,0,0,0,1989715,89,314455,89,316,316,630,769,1,1000,764,316,316,316,315,315,20,1,89000,89,89,89,5,630,5,630,89000,89,89000,89,1989715,89,7077292,0,314000,314000,7059605,7059605,314000,314000,0,0,0,0,315,315,314,314,769,769,CONSISTENT
9770,314790,89000,89000,0,0,0,0,0,1989715,89,314701,89,316,316,630,1015,2,1000,764,316,317,316,315,315,30,1,89000,89,89,89,5,630,5,630,89000,89,89000,89,1989715,89,7082950,0,315000,315000,7082605,7082605,314000,314000,0,0,0,0,316,316,314,314,1017,1018,TORN-PERSISTENT
9780,315157,89000,89000,0,0,0,0,0,1989715,89,315068,89,317,317,631,1382,2,0,1076,317,317,317,315,315,6,1,89000,89,89,89,5,631,5,631,89000,89,89000,89,1989715,89,7091391,0,315000,315000,7082605,7082605,314000,314000,0,0,0,0,316,316,314,314,1383,1383,CONSISTENT
9790,315384,89000,89000,0,0,0,0,0,1989715,89,315295,89,317,317,632,610,1,1000,609,317,317,317,316,316,16,1,89000,89,89,89,5,632,5,632,89000,89,89000,89,1989715,89,7096635,0,315000,315000,7082605,7082605,315000,315000,0,0,0,0,316,316,315,315,610,610,CONSISTENT
9800,315769,90000,90000,0,0,0,0,0,2012715,90,315679,90,317,317,632,994,1,1000,609,317,317,317,316,316,26,1,90000,90,90,90,5,632,5,632,90000,90,90000,90,2012715,90,7105467,999.9447405703887,315000,315000,7082605,7082605,315000,315000,0,0,0,0,316,316,315,315,996,996,CONSISTENT
9810,316178,90000,90000,0,0,0,0,0,2012715,90,316088,90,318,318,633,1403,2,0,1011,318,318,318,316,316,8,1,90000,90,90,90,5,633,5,633,90000,90,90000,90,2012715,90,7114874,999.9447405703887,316000,316000,7105605,7105605,315000,315000,0,0,0,0,317,317,315,315,1406,1407,TORN-PERSISTENT
9820,316579,90000,90000,0,0,0,0,0,2012715,90,316489,90,318,318,633,1804,2,0,1011,318,318,318,316,316,18,1,90000,90,90,90,5,633,5,633,90000,90,90000,90,2012715,90,7124097,999.9447405703887,316000,316000,7105605,7105605,315000,315000,0,0,0,0,317,317,315,315,1804,1804,CONSISTENT
9830,316780,90000,90000,0,0,0,0,0,2012715,90,316690,90,319,319,635,1006,2,0,1002,319,319,319,317,317,0,1,90000,90,90,90,5,635,5,635,90000,90,90000,90,2012715,90,7128766,999.9447405703887,317000,317000,7128605,7128605,316000,316000,0,0,0,0,318,318,316,316,1007,1007,CONSISTENT
9840,317141,90000,90000,0,0,0,0,0,2012715,90,317051,90,319,319,635,1367,2,0,1002,319,319,319,317,317,8,1,90000,90,90,90,5,635,5,635,90000,90,90000,90,2012715,90,7137069,999.9447405703887,317000,317000,7128605,7128605,316000,316000,0,0,0,0,318,318,316,316,1369,1369,CONSISTENT
9850,317547,90000,90000,0,0,0,0,0,2012715,90,317457,90,319,319,635,1773,2,0,1002,319,319,319,317,317,18,1,90000,90,90,90,5,635,5,635,90000,90,90000,90,2012715,90,7146384,999.9447405703887,317000,317000,7128605,7128605,316000,316000,0,0,0,0,318,318,316,316,1773,1773,CONSISTENT
9860,317758,91000,91000,0,0,0,0,0,2035715,91,317667,91,319,319,636,984,1,1000,805,319,319,319,318,318,28,1,91000,91,91,91,5,636,5,636,91000,91,91000,91,2035715,91,7151237,999.9447405703887,317000,317000,7128605,7128605,317000,317000,0,0,0,0,318,318,317,317,986,987,TORN-PERSISTENT
9870,318168,91000,91000,0,0,0,0,0,2035715,91,318077,91,320,320,637,1394,2,0,1097,320,320,320,318,318,6,1,91000,91,91,91,5,637,5,637,91000,91,91000,91,2035715,91,7160667,999.9447405703887,318000,318000,7151605,7151605,317000,317000,0,0,0,0,319,319,317,317,1395,1395,CONSISTENT
9880,318428,91000,91000,0,0,0,0,0,2035715,91,318337,91,320,320,638,655,1,1000,652,320,320,320,319,319,16,1,91000,91,91,91,5,638,5,638,91000,91,91000,91,2035715,91,7166670,999.9447405703887,318000,318000,7151605,7151605,318000,318000,0,0,0,0,319,319,318,318,655,655,CONSISTENT
9890,318735,91000,91000,0,0,0,0,0,2035715,91,318644,91,320,320,638,962,1,1000,652,320,320,320,319,319,26,1,91000,91,91,91,5,638,5,638,91000,91,91000,91,2035715,91,7173731,999.9447405703887,318000,318000,7151605,7151605,318000,318000,0,0,0,0,319,319,318,318,966,966,CONSISTENT
9900,319127,91000,91000,0,0,0,0,0,2035715,91,319036,91,321,321,639,1354,2,0,1012,321,321,321,319,319,8,1,91000,91,91,91,5,639,5,639,91000,91,91000,91,2035715,91,7182747,999.9447405703887,319000,319000,7174605,7174605,318000,318000,0,0,0,0,320,320,318,318,1354,1354,CONSISTENT
9910,319211,91000,91000,0,0,0,0,0,2035715,91,319120,91,321,321,640,439,1,1000,356,321,321,321,320,320,18,1,91000,91,91,91,5,640,5,640,91000,91,91000,91,2035715,91,7184725,999.9447405703887,319000,319000,7174605,7174605,319000,319000,0,0,0,0,320,320,319,319,441,441,CONSISTENT
9920,319609,91000,91000,0,0,0,0,0,2035715,91,319518,91,321,321,640,837,1,1000,356,321,321,321,320,320,28,1,91000,91,91,91,5,640,5,640,91000,91,91000,91,2035715,91,7193856,0,319000,319000,7174605,7174605,319000,319000,0,0,0,0,320,320,319,319,837,837,CONSISTENT
9930,320014,91000,91000,0,0,0,0,0,2035715,91,319923,91,322,322,641,1242,2,0,1026,322,322,322,320,320,4,1,91000,91,91,91,5,641,5,641,91000,91,91000,91,2035715,91,7203171,0,320000,320000,7197605,7197605,319000,319000,0,0,0,0,321,321,319,319,1242,1242,CONSISTENT
9940,320359,91000,91000,0,0,0,0,0,2035715,91,320268,91,322,322,641,1587,2,0,1026,322,322,322,320,320,14,1,91000,91,91,91,5,641,5,641,91000,91,91000,91,2035715,91,7211106,0,320000,320000,7197605,7197605,319000,319000,0,0,0,0,321,321,319,319,1589,1589,CONSISTENT
9950,320572,91000,91000,0,0,0,0,0,2035715,91,320481,91,322,322,642,801,1,1000,673,322,322,322,321,321,24,1,91000,91,91,91,5,642,5,642,91000,91,91000,91,2035715,91,7216051,0,320000,320000,7197605,7197605,320000,320000,0,0,0,0,321,321,320,320,804,806,TORN-PERSISTENT
9960,320973,91000,91000,0,0,0,0,0,2035715,91,320882,91,323,323,643,1202,2,0,1027,323,323,323,321,321,4,1,91000,91,91,91,5,643,5,643,91000,91,91000,91,2035715,91,7225251,0,321000,321000,7220605,7220605,320000,320000,0,0,0,0,322,322,320,320,1203,1205,TORN-PERSISTENT
9970,321316,91000,91000,0,0,0,0,0,2035715,91,321225,91,323,323,644,546,1,1000,540,323,323,323,322,322,14,1,91000,91,91,91,5,644,5,644,91000,91,91000,91,2035715,91,7233163,0,321000,321000,7220605,7220605,321000,321000,0,0,0,0,322,322,321,321,546,546,CONSISTENT
9980,321567,91000,91000,0,0,0,0,0,2035715,91,321476,91,323,323,644,797,1,1000,540,323,323,323,322,322,24,1,91000,91,91,91,5,644,5,644,91000,91,91000,91,2035715,91,7238936,0,321000,321000,7220605,7220605,321000,321000,0,0,0,0,322,322,321,321,797,797,CONSISTENT
9990,321963,91000,91000,0,0,0,0,0,2035715,91,321872,91,324,324,645,1193,2,0,1007,324,324,324,322,322,4,1,91000,91,91,91,5,645,5,645,91000,91,91000,91,2035715,91,7248067,0,322000,322000,7243605,7243605,321000,321000,0,0,0,0,323,323,321,321,1194,1194,CONSISTENT
10000,322328,91000,91000,0,0,0,0,0,2035715,91,322237,91,324,324,645,1558,2,0,1007,324,324,324,322,322,14,1,91000,91,91,91,5,645,5,645,91000,91,91000,91,2035715,91,7256462,0,322000,322000,7243605,7243605,321000,321000,0,0,0,0,323,323,321,321,1559,1559,CONSISTENT
10010,322647,91000,91000,0,0,0,0,0,2035715,91,322556,91,324,324,646,878,1,1000,873,324,324,324,323,323,22,1,91000,91,91,91,5,646,5,646,91000,91,91000,91,2035715,91,7263799,0,322000,322000,7243605,7243605,322000,322000,0,0,0,0,323,323,322,322,878,878,CONSISTENT
10020,322942,91000,91000,0,0,0,0,0,2035715,91,322851,91,325,325,647,1173,2,0,1010,325,325,325,323,323,4,1,91000,91,91,91,5,647,5,647,91000,91,91000,91,2035715,91,7270584,0,323000,323000,7266605,7266605,322000,322000,0,0,0,0,324,324,322,322,1173,1173,CONSISTENT
10030,323347,91000,91000,0,0,0,0,0,2035715,91,323256,91,325,325,647,1578,2,0,1010,325,325,325,323,323,14,1,91000,91,91,91,5,647,5,647,91000,91,91000,91,2035715,91,7279899,0,323000,323000,7266605,7266605,322000,322000,0,0,0,0,324,324,322,322,1580,1580,CONSISTENT
10040,323551,91000,91000,0,0,0,0,0,2035715,91,323460,91,325,325,648,783,1,1000,766,325,325,325,324,324,24,1,91000,91,91,91,5,648,5,648,91000,91,91000,91,2035715,91,7284614,0,323000,323000,7266605,7266605,323000,323000,0,0,0,0,324,324,323,323,786,786,CONSISTENT
10050,323913,91000,91000,0,0,0,0,0,2035715,91,323822,91,326,326,649,1145,2,0,1009,326,326,326,324,324,2,1,91000,91,91,91,5,649,5,649,91000,91,91000,91,2035715,91,7292940,0,324000,324000,7289605,7289605,323000,323000,0,0,0,0,325,325,323,323,1147,1148,TORN-PERSISTENT
10060,324322,91000,91000,0,0,0,0,0,2035715,91,324231,91,326,326,649,1554,2,0,1009,326,326,326,324,324,12,1,91000,91,91,91,5,649,5,649,91000,91,91000,91,2035715,91,7302370,0,324000,324000,7289605,7289605,323000,323000,0,0,0,0,325,325,323,323,1555,1555,CONSISTENT
10070,324529,91000,91000,0,0,0,0,0,2035715,91,324438,91,326,326,650,762,1,1000,630,326,326,326,325,325,22,1,91000,91,91,91,5,650,5,650,91000,91,91000,91,2035715,91,7307131,0,324000,324000,7289605,7289605,324000,324000,0,0,0,0,325,325,324,324,764,767,TORN-PERSISTENT
10080,324933,91000,91000,0,0,0,0,0,2035715,91,324842,91,327,327,651,1166,2,0,1021,327,327,327,325,325,2,1,91000,91,91,91,5,651,5,651,91000,91,91000,91,2035715,91,7316423,0,325000,325000,7312605,7312605,324000,324000,0,0,0,0,326,326,324,324,1169,1169,CONSISTENT
10090,325267,91000,91000,0,0,0,0,0,2035715,91,325176,91,327,327,652,501,1,1000,497,327,327,327,326,326,12,1,91000,91,91,91,5,652,5,652,91000,91,91000,91,2035715,91,7324128,0,325000,325000,7312605,7312605,325000,325000,0,0,0,0,326,326,325,325,501,501,CONSISTENT
10100,325549,92000,92000,0,0,0,0,0,2058715,92,325457,92,327,327,652,782,1,1000,497,327,327,327,326,326,24,1,92000,92,92,92,5,652,5,652,92000,92,92000,92,2058715,92,7330591,999.9447405703887,325000,325000,7312605,7312605,325000,325000,0,0,0,0,326,326,325,325,782,782,CONSISTENT
10110,325911,92000,92000,0,0,0,0,0,2058715,92,325819,92,328,328,653,1144,2,0,1019,328,328,328,326,326,2,1,92000,92,92,92,5,653,5,653,92000,92,92000,92,2058715,92,7338917,999.9447405703887,326000,326000,7335605,7335605,325000,325000,0,0,0,0,327,327,325,325,1145,1145,CONSISTENT
10120,326318,92000,92000,0,0,0,0,0,2058715,92,326226,92,328,328,653,1551,2,0,1019,328,328,328,326,326,12,1,92000,92,92,92,5,653,5,653,92000,92,92000,92,2058715,92,7348278,999.9447405703887,326000,326000,7335605,7335605,325000,325000,0,0,0,0,327,327,325,325,1551,1551,CONSISTENT
10130,326647,92000,92000,0,0,0,0,0,2058715,92,326555,92,328,328,654,881,1,1000,874,328,328,328,327,327,22,1,92000,92,92,92,5,654,5,654,92000,92,92000,92,2058715,92,7355868,999.9447405703887,326000,326000,7335605,7335605,326000,326000,0,0,0,0,327,327,326,326,881,881,CONSISTENT
10140,326931,93000,93000,0,0,0,0,0,2081715,93,326838,93,329,329,655,1164,2,0,1020,329,329,329,327,327,2,1,93000,93,93,93,5,655,5,655,93000,93,93000,93,2081715,93,7362377,999.9447405703887,327000,327000,7358605,7358605,326000,326000,0,0,0,0,328,328,326,326,1166,1167,TORN-PERSISTENT
10150,327340,93000,93000,0,0,0,0,0,2081715,93,327247,93,329,329,655,1573,2,0,1020,329,329,329,327,327,12,1,93000,93,93,93,5,655,5,655,93000,93,93000,93,2081715,93,7371784,999.9447405703887,327000,327000,7358605,7358605,326000,326000,0,0,0,0,328,328,326,326,1573,1573,CONSISTENT
10160,327539,93000,93000,0,0,0,0,0,2081715,93,327446,93,329,329,656,773,1,1000,698,329,329,329,328,328,22,1,93000,93,93,93,5,656,5,656,93000,93,93000,93,2081715,93,7376384,999.9447405703887,327000,327000,7358605,7358605,327000,327000,0,0,0,0,328,328,327,327,776,776,CONSISTENT
10170,327903,93000,93000,0,0,0,0,0,2081715,93,327810,93,330,330,657,1137,2,0,1029,330,330,330,328,328,2,1,93000,93,93,93,5,657,5,657,93000,93,93000,93,2081715,93,7384756,999.9447405703887,328000,328000,7381605,7381605,327000,327000,0,0,0,0,329,329,327,327,1139,1140,TORN-PERSISTENT
10180,328309,93000,93000,0,0,0,0,0,2081715,93,328216,93,330,330,657,1543,2,0,1029,330,330,330,328,328,12,1,93000,93,93,93,5,657,5,657,93000,93,93000,93,2081715,93,7394094,0,328000,328000,7381605,7381605,327000,327000,0,0,0,0,329,329,327,327,1543,1543,CONSISTENT
10190,328528,94000,94000,0,0,0,0,0,2104715,94,328434,94,330,330,658,762,1,1000,544,330,330,330,329,329,22,1,94000,94,94,94,5,658,5,658,94000,94,94000,94,2104715,94,7399131,999.9447405703887,328000,328000,7381605,7381605,328000,328000,0,0,0,0,329,329,328,328,762,762,CONSISTENT
10200,328912,94000,94000,0,0,0,0,0,2104715,94,328818,94,331,331,659,1146,2,0,1031,331,331,331,329,329,2,1,94000,94,94,94,5,659,5,659,94000,94,94000,94,2104715,94,7407963,999.9447405703887,329000,329000,7404605,7404605,328000,328000,0,0,0,0,330,330,328,328,1146,1146,CONSISTENT
10210,329203,94000,94000,0,0,0,0,0,2104715,94,329109,94,331,331,659,1437,2,0,1031,331,331,331,329,329,12,1,94000,94,94,94,5,659,5,659,94000,94,94000,94,2104715,94,7414656,999.9447405703887,329000,329000,7404605,7404605,328000,328000,0,0,0,0,330,330,328,328,1440,1440,CONSISTENT
10220,329489,94000,94000,0,0,0,0,0,2104715,94,329395,94,331,331,660,724,1,1000,702,331,331,331,330,330,22,1,94000,94,94,94,5,660,5,660,94000,94,94000,94,2104715,94,7421257,999.9447405703887,329000,329000,7404605,7404605,329000,329000,0,0,0,0,330,330,329,329,724,724,CONSISTENT
10230,329784,94000,94000,0,0,0,0,0,2104715,94,329690,94,332,332,661,1019,2,0,1007,332,332,332,330,330,0,1,94000,94,94,94,5,661,5,661,94000,94,94000,94,2104715,94,7428042,999.9447405703887,330000,330000,7427605,7427605,329000,329000,0,0,0,0,331,331,329,329,1021,1022,TORN-PERSISTENT
10240,330192,94000,94000,0,0,0,0,0,2104715,94,330098,94,332,332,661,1427,2,0,1007,332,332,332,330,330,10,1,94000,94,94,94,5,661,5,661,94000,94,94000,94,2104715,94,7437449,999.9447405703887,330000,330000,7427605,7427605,329000,329000,0,0,0,0,331,331,329,329,1428,1428,CONSISTENT
10250,330399,94000,94000,0,0,0,0,0,2104715,94,330305,94,332,332,662,635,1,1000,584,332,332,332,331,331,20,1,94000,94,94,94,5,662,5,662,94000,94,94000,94,2104715,94,7442233,0,330000,330000,7427605,7427605,330000,330000,0,0,0,0,331,331,330,330,636,636,CONSISTENT
10260,330799,94000,94000,0,0,0,0,0,2104715,94,330705,94,333,333,663,1035,2,0,1001,333,333,333,331,331,0,1,94000,94,94,94,5,663,5,663,94000,94,94000,94,2104715,94,7451410,0,331000,331000,7450605,7450605,330000,330000,0,0,0,0,332,332,330,330,1036,1036,CONSISTENT
10270,331199,94000,94000,0,0,0,0,0,2104715,94,331105,94,333,333,663,1435,2,0,1001,333,333,333,331,331,10,1,94000,94,94,94,5,663,5,663,94000,94,94000,94,2104715,94,7460610,0,331000,331000,7450605,7450605,330000,330000,0,0,0,0,332,332,330,330,1436,1436,CONSISTENT
10280,331557,94000,94000,0,0,0,0,0,2104715,94,331463,94,333,333,663,1793,2,0,1001,333,333,333,331,331,20,1,94000,94,94,94,5,663,5,663,94000,94,94000,94,2104715,94,7468844,0,331000,331000,7450605,7450605,330000,330000,0,0,0,0,332,332,330,330,1794,1794,CONSISTENT
10290,331764,94000,94000,0,0,0,0,0,2104715,94,331670,94,333,333,664,1001,2,1000,945,333,334,333,332,332,28,1,94000,94,94,94,5,664,5,664,94000,94,94000,94,2104715,94,7473628,0,332000,332000,7473605,7473605,331000,331000,0,0,0,0,333,333,331,331,1002,1002,CONSISTENT
10300,332168,94000,94000,0,0,0,0,0,2104715,94,332074,94,334,334,665,1405,2,0,1004,334,334,334,332,332,10,1,94000,94,94,94,5,665,5,665,94000,94,94000,94,2104715,94,7482920,0,332000,332000,7473605,7473605,331000,331000,0,0,0,0,333,333,331,331,1407,1407,CONSISTENT
10310,332564,94000,94000,0,0,0,0,0,2104715,94,332470,94,334,334,665,1803,2,0,1004,334,334,334,332,332,20,1,94000,94,94,94,5,665,5,665,94000,94,94000,94,2104715,94,7492074,0,332000,332000,7473605,7473605,331000,331000,0,0,0,0,333,333,331,331,1804,1804,CONSISTENT
10320,332773,94000,94000,0,0,0,0,0,2104715,94,332679,94,334,334,666,1011,2,1000,811,334,335,334,333,333,30,1,94000,94,94,94,5,666,5,666,94000,94,94000,94,2104715,94,7496858,0,333000,333000,7496605,7496605,332000,332000,0,0,0,0,334,334,332,332,1012,1014,TORN-PERSISTENT
10330,333136,94000,94000,0,0,0,0,0,2104715,94,333042,94,335,335,667,1374,2,0,1068,335,335,335,333,333,6,1,94000,94,94,94,5,667,5,667,94000,94,94000,94,2104715,94,7505207,0,333000,333000,7496605,7496605,332000,332000,0,0,0,0,334,334,332,332,1375,1375,CONSISTENT
10340,333448,94000,94000,0,0,0,0,0,2104715,94,333354,94,335,335,668,687,1,1000,668,335,335,335,334,334,16,1,94000,94,94,94,5,668,5,668,94000,94,94000,94,2104715,94,7512406,0,333000,333000,7496605,7496605,333000,333000,0,0,0,0,334,334,333,333,687,687,CONSISTENT
10350,333743,94000,94000,0,0,0,0,0,2104715,94,333649,94,335,335,668,982,1,1000,668,335,335,335,334,334,26,1,94000,94,94,94,5,668,5,668,94000,94,94000,94,2104715,94,7519191,0,333000,333000,7496605,7496605,333000,333000,0,0,0,0,334,334,333,333,983,985,TORN-PERSISTENT
10360,334140,94000,94000,0,0,0,0,0,2104715,94,334046,94,336,336,669,1379,2,0,1075,336,336,336,334,334,6,1,94000,94,94,94,5,669,5,669,94000,94,94000,94,2104715,94,7528322,0,334000,334000,7519605,7519605,333000,333000,0,0,0,0,335,335,333,333,1380,1380,CONSISTENT
10370,334352,94000,94000,0,0,0,0,0,2104715,94,334258,94,336,336,670,592,1,1000,528,336,336,336,335,335,16,1,94000,94,94,94,5,670,5,670,94000,94,94000,94,2104715,94,7533221,0,334000,334000,7519605,7519605,334000,334000,0,0,0,0,335,335,334,334,593,593,CONSISTENT
10380,334757,94000,94000,0,0,0,0,0,2104715,94,334663,94,336,336,670,997,1,1000,528,336,336,336,335,335,28,1,94000,94,94,94,5,670,5,670,94000,94,94000,94,2104715,94,7542536,0,334000,334000,7519605,7519605,334000,334000,0,0,0,0,335,335,334,334,999,999,CONSISTENT
10390,335116,94000,94000,0,0,0,0,0,2104715,94,335022,94,337,337,671,1356,2,0,1072,337,337,337,335,335,6,1,94000,94,94,94,5,671,5,671,94000,94,94000,94,2104715,94,7550793,0,335000,335000,7542605,7542605,334000,334000,0,0,0,0,336,336,334,334,1359,1359,CONSISTENT
10400,335519,94000,94000,0,0,0,0,0,2104715,94,335425,94,337,337,671,1759,2,0,1072,337,337,337,335,335,16,1,94000,94,94,94,5,671,5,671,94000,94,94000,94,2104715,94,7560062,0,335000,335000,7542605,7542605,334000,334000,0,0,0,0,336,336,334,334,1761,1761,CONSISTENT
10410,335737,95000,95000,0,0,0,0,0,2127715,95,335642,95,337,337,672,977,1,1000,895,337,337,337,336,336,26,1,95000,95,95,95,5,672,5,672,95000,95,95000,95,2127715,95,7565099,999.9447405703887,335000,335000,7542605,7542605,335000,335000,0,0,0,0,336,336,335,335,978,978,CONSISTENT
10420,336137,95000,95000,0,0,0,0,0,2127715,95,336042,95,338,338,673,1377,2,0,1069,338,338,338,336,336,6,1,95000,95,95,95,5,673,5,673,95000,95,95000,95,2127715,95,7574276,999.9447405703887,336000,336000,7565605,7565605,335000,335000,0,0,0,0,337,337,335,335,1378,1378,CONSISTENT
10430,336521,95000,95000,0,0,0,0,0,2127715,95,336426,95,338,338,674,762,1,1000,755,338,338,338,337,337,17,1,95000,95,95,95,5,674,5,674,95000,95,95000,95,2127715,95,7583131,999.9447405703887,336000,336000,7565605,7565605,336000,336000,0,0,0,0,337,337,336,336,762,762,CONSISTENT
10440,336755,96000,96000,0,0,0,0,0,2150715,96,336659,96,338,338,674,995,1,1000,755,338,338,338,337,337,26,1,96000,96,96,96,5,674,5,674,96000,96,96000,96,2150715,96,7588513,999.9447405703887,336000,336000,7565605,7565605,336000,336000,0,0,0,0,337,337,336,336,998,998,CONSISTENT
10450,337118,96000,96000,0,0,0,0,0,2150715,96,337022,96,339,339,675,1358,2,0,1012,339,339,339,337,337,8,1,96000,96,96,96,5,675,5,675,96000,96,96000,96,2150715,96,7596839,999.9447405703887,337000,337000,7588605,7588605,336000,336000,0,0,0,0,338,338,336,336,1361,1362,TORN-PERSISTENT
10460,337385,96000,96000,0,0,0,0,0,2150715,96,337289,96,339,339,676,626,1,1000,607,339,339,339,338,338,18,1,96000,96,96,96,5,676,5,676,96000,96,96000,96,2150715,96,7603003,999.9447405703887,337000,337000,7588605,7588605,337000,337000,0,0,0,0,338,338,337,337,626,626,CONSISTENT
10470,337737,96000,96000,0,0,0,0,0,2150715,96,337641,96,339,339,676,978,1,1000,607,339,339,339,338,338,28,1,96000,96,96,96,5,676,5,676,96000,96,96000,96,2150715,96,7611099,999.9447405703887,337000,337000,7588605,7588605,337000,337000,0,0,0,0,338,338,337,337,980,980,CONSISTENT
10480,338134,96000,96000,0,0,0,0,0,2150715,96,338038,96,340,340,677,1375,2,0,1012,340,340,340,338,338,8,1,96000,96,96,96,5,677,5,677,96000,96,96000,96,2150715,96,7620230,999.9447405703887,338000,338000,7611605,7611605,337000,337000,0,0,0,0,339,339,337,337,1375,1375,CONSISTENT
10490,338344,96000,96000,0,0,0,0,0,2150715,96,338248,96,340,340,678,586,1,1000,484,340,340,340,339,339,18,1,96000,96,96,96,5,678,5,678,96000,96,96000,96,2150715,96,7625083,0,338000,338000,7611605,7611605,338000,338000,0,0,0,0,339,339,338,338,586,586,CONSISTENT
10500,338711,96000,96000,0,0,0,0,0,2150715,96,338615,96,340,340,678,953,1,1000,484,340,340,340,339,339,28,1,96000,96,96,96,5,678,5,678,96000,96,96000,96,2150715,96,7633524,0,338000,338000,7611605,7611605,338000,338000,0,0,0,0,339,339,338,338,954,954,CONSISTENT
10510,338988,96000,96000,0,0,0,0,0,2150715,96,338892,96,341,341,679,1230,2,0,1042,341,341,341,339,339,4,1,96000,96,96,96,5,679,5,679,96000,96,96000,96,2150715,96,7639895,0,339000,339000,7634605,7634605,338000,338000,0,0,0,0,340,340,338,338,1232,1233,TORN-PERSISTENT
10520,339394,96000,96000,0,0,0,0,0,2150715,96,339298,96,341,341,679,1636,2,0,1042,341,341,341,339,339,14,1,96000,96,96,96,5,679,5,679,96000,96,96000,96,2150715,96,7649233,0,339000,339000,7634605,7634605,338000,338000,0,0,0,0,340,340,338,338,1636,1636,CONSISTENT
10530,339599,97000,97000,0,0,0,0,0,2173715,97,339502,97,341,341,680,841,1,1000,643,341,341,341,340,340,24,1,97000,97,97,97,5,680,5,680,97000,97,97000,97,2173715,97,7653948,999.9447405703887,339000,339000,7634605,7634605,339000,339000,0,0,0,0,340,340,339,339,842,842,CONSISTENT
10540,340009,97000,97000,0,0,0,0,0,2173715,97,339912,97,342,342,681,1251,2,0,1041,342,342,342,340,340,4,1,97000,97,97,97,5,681,5,681,97000,97,97000,97,2173715,97,7663401,999.9447405703887,340000,340000,7657605,7657605,339000,339000,0,0,0,0,341,341,339,339,1252,1252,CONSISTENT
10550,340260,97000,97000,0,0,0,0,0,2173715,97,340163,97,342,342,682,503,1,1000,493,342,342,342,341,341,14,1,97000,97,97,97,5,682,5,682,97000,97,97000,97,2173715,97,7669174,999.9447405703887,340000,340000,7657605,7657605,340000,340000,0,0,0,0,341,341,340,340,503,503,CONSISTENT
10560,340577,97000,97000,0,0,0,0,0,2173715,97,340480,97,342,342,682,820,1,1000,493,342,342,342,341,341,24,1,97000,97,97,97,5,682,5,682,97000,97,97000,97,2173715,97,7676465,999.9447405703887,340000,340000,7657605,7657605,340000,340000,0,0,0,0,341,341,340,340,821,821,CONSISTENT
10570,340980,97000,97000,0,0,0,0,0,2173715,97,340883,97,343,343,683,1223,2,0,1047,343,343,343,341,341,4,1,97000,97,97,97,5,683,5,683,97000,97,97000,97,2173715,97,7685734,999.9447405703887,341000,341000,7680605,7680605,340000,340000,0,0,0,0,342,342,340,340,1223,1223,CONSISTENT
10580,341382,97000,97000,0,0,0,0,0,2173715,97,341285,97,343,343,683,1625,2,0,1047,343,343,343,341,341,14,1,97000,97,97,97,5,683,5,683,97000,97,97000,97,2173715,97,7694980,999.9447405703887,341000,341000,7680605,7680605,340000,340000,0,0,0,0,342,342,340,340,1625,1625,CONSISTENT
10590,341635,97000,97000,0,0,0,0,0,2173715,97,341538,97,343,343,684,879,1,1000,868,343,343,343,342,342,24,1,97000,97,97,97,5,684,5,684,97000,97,97000,97,2173715,97,7700822,0,341000,341000,7680605,7680605,341000,341000,0,0,0,0,342,342,341,341,879,879,CONSISTENT
10600,341991,97000,97000,0,0,0,0,0,2173715,97,341894,97,344,344,685,1235,2,0,1045,344,344,344,342,342,4,1,97000,97,97,97,5,685,5,685,97000,97,97000,97,2173715,97,7709010,0,342000,342000,7703605,7703605,341000,341000,0,0,0,0,343,343,341,341,1236,1236,CONSISTENT
10610,342398,97000,97000,0,0,0,0,0,2173715,97,342301,97,344,344,685,1642,2,0,1045,344,344,344,342,342,14,1,97000,97,97,97,5,685,5,685,97000,97,97000,97,2173715,97,7718371,0,342000,342000,7703605,7703605,341000,341000,0,0,0,0,343,343,341,341,1642,1642,CONSISTENT
10620,342570,98000,98000,0,0,0,0,0,2196715,98,342472,98,344,344,686,814,1,1000,710,344,344,344,343,343,24,1,98000,98,98,98,5,686,5,686,98000,98,98000,98,2196715,98,7722327,999.9447405703887,342000,342000,7703605,7703605,342000,342000,0,0,0,0,343,343,342,342,814,814,CONSISTENT
10630,342965,98000,98000,0,0,0,0,0,2196715,98,342867,98,345,345,687,1209,2,0,1039,345,345,345,343,343,4,1,98000,98,98,98,5,687,5,687,98000,98,98000,98,2196715,98,7731412,999.9447405703887,343000,343000,7726605,7726605,342000,342000,0,0,0,0,344,344,342,342,1212,1214,TORN-PERSISTENT
10640,343318,98000,98000,0,0,0,0,0,2196715,98,343220,98,345,345,688,563,1,1000,556,345,345,345,344,344,14,1,98000,98,98,98,5,688,5,688,98000,98,98000,98,2196715,98,7739554,999.9447405703887,343000,343000,7726605,7726605,343000,343000,0,0,0,0,344,344,343,343,563,563,CONSISTENT
10650,343576,98000,98000,0,0,0,0,0,2196715,98,343478,98,345,345,688,821,1,1000,556,345,345,345,344,344,24,1,98000,98,98,98,5,688,5,688,98000,98,98000,98,2196715,98,7745488,999.9447405703887,343000,343000,7726605,7726605,343000,343000,0,0,0,0,344,344,343,343,822,822,CONSISTENT
10660,343984,98000,98000,0,0,0,0,0,2196715,98,343886,98,346,346,689,1229,2,0,1054,346,346,346,344,344,4,1,98000,98,98,98,5,689,5,689,98000,98,98000,98,2196715,98,7754872,999.9447405703887,344000,344000,7749605,7749605,343000,343000,0,0,0,0,345,345,343,343,1229,1229,CONSISTENT
10670,344342,98000,98000,0,0,0,0,0,2196715,98,344244,98,346,346,689,1587,2,0,1054,346,346,346,344,344,12,1,98000,98,98,98,5,689,5,689,98000,98,98000,98,2196715,98,7763129,999.9447405703887,344000,344000,7749605,7749605,343000,343000,0,0,0,0,345,345,343,343,1588,1588,CONSISTENT
10680,344645,98000,98000,0,0,0,0,0,2196715,98,344547,98,346,346,690,891,1,1000,882,346,346,346,345,345,22,1,98000,98,98,98,5,690,5,690,98000,98,98000,98,2196715,98,7770098,0,344000,344000,7749605,7749605,344000,344000,0,0,0,0,345,345,344,344,891,891,CONSISTENT
10690,344960,98000,98000,0,0,0,0,0,2196715,98,344862,98,347,347,691,1206,2,0,1047,347,347,347,345,345,2,1,98000,98,98,98,5,691,5,691,98000,98,98000,98,2196715,98,7777343,0,345000,345000,7772605,7772605,344000,344000,0,0,0,0,346,346,344,344,1207,1209,TORN-PERSISTENT
10700,345164,98000,98000,0,0,0,0,0,2196715,98,345066,98,347,347,692,411,1,1000,362,347,347,347,346,346,12,1,98000,98,98,98,5,692,5,692,98000,98,98000,98,2196715,98,7782058,0,345000,345000,7772605,7772605,345000,345000,0,0,0,0,346,346,345,345,413,413,CONSISTENT
10710,345568,98000,98000,0,0,0,0,0,2196715,98,345470,98,347,347,692,815,1,1000,362,347,347,347,346,346,22,1,98000,98,98,98,5,692,5,692,98000,98,98000,98,2196715,98,7791350,0,345000,345000,7772605,7772605,345000,345000,0,0,0,0,346,346,345,345,815,815,CONSISTENT
10720,345967,98000,98000,0,0,0,0,0,2196715,98,345869,98,348,348,693,1214,2,0,1057,348,348,348,346,346,2,1,98000,98,98,98,5,693,5,693,98000,98,98000,98,2196715,98,7800527,0,346000,346000,7795605,7795605,345000,345000,0,0,0,0,347,347,345,345,1214,1214,CONSISTENT
10730,346335,98000,98000,0,0,0,0,0,2196715,98,346237,98,348,348,693,1582,2,0,1057,348,348,348,346,346,12,1,98000,98,98,98,5,693,5,693,98000,98,98000,98,2196715,98,7808991,0,346000,346000,7795605,7795605,345000,345000,0,0,0,0,347,347,345,345,1583,1583,CONSISTENT
10740,346543,98000,98000,0,0,0,0,0,2196715,98,346445,98,348,348,694,791,1,1000,605,348,348,348,347,347,22,1,98000,98,98,98,5,694,5,694,98000,98,98000,98,2196715,98,7813798,0,346000,346000,7795605,7795605,346000,346000,0,0,0,0,347,347,346,346,792,792,CONSISTENT
10750,346938,98000,98000,0,0,0,0,0,2196715,98,346840,98,349,349,695,1186,2,0,1052,349,349,349,347,347,2,1,98000,98,98,98,5,695,5,695,98000,98,98000,98,2196715,98,7822883,0,347000,347000,7818605,7818605,346000,346000,0,0,0,0,348,348,346,346,1187,1187,CONSISTENT
10760,347337,98000,98000,0,0,0,0,0,2196715,98,347239,98,349,349,695,1585,2,0,1052,349,349,349,347,347,12,1,98000,98,98,98,5,695,5,695,98000,98,98000,98,2196715,98,7832060,0,347000,347000,7818605,7818605,346000,346000,0,0,0,0,348,348,346,346,1587,1587,CONSISTENT
10770,347539,98000,98000,0,0,0,0,0,2196715,98,347441,98,349,349,696,788,1,1000,769,349,349,349,348,348,22,1,98000,98,98,98,5,696,5,696,98000,98,98000,98,2196715,98,7836729,0,347000,347000,7818605,7818605,347000,347000,0,0,0,0,348,348,347,347,792,792,CONSISTENT
10780,347888,98000,98000,0,0,0,0,0,2196715,98,347790,98,350,350,697,1137,2,0,1044,350,350,350,348,348,2,1,98000,98,98,98,5,697,5,697,98000,98,98000,98,2196715,98,7844756,0,348000,348000,7841605,7841605,347000,347000,0,0,0,0,349,349,347,347,1138,1138,CONSISTENT
10790,348272,98000,98000,0,0,0,0,0,2196715,98,348174,98,350,350,697,1521,2,0,1044,350,350,350,348,348,12,1,98000,98,98,98,5,697,5,697,98000,98,98000,98,2196715,98,7853588,0,348000,348000,7841605,7841605,347000,347000,0,0,0,0,349,349,347,347,1522,1522,CONSISTENT
10800,348571,98000,98000,0,0,0,0,0,2196715,98,348473,98,350,350,698,821,1,1000,812,350,350,350,349,349,22,1,98000,98,98,98,5,698,5,698,98000,98,98000,98,2196715,98,7860488,0,348000,348000,7841605,7841605,348000,348000,0,0,0,0,349,349,348,348,821,821,CONSISTENT
10810,348839,98000,98000,0,0,0,0,0,2196715,98,348741,98,351,351,699,1089,2,0,1053,351,351,351,349,349,0,1,98000,98,98,98,5,699,5,699,98000,98,98000,98,2196715,98,7866675,0,349000,349000,7864605,7864605,348000,348000,0,0,0,0,350,350,348,348,1092,1092,CONSISTENT
10820,349233,98000,98000,0,0,0,0,0,2196715,98,349135,98,351,351,699,1483,2,0,1053,351,351,351,349,349,10,1,98000,98,98,98,5,699,5,699,98000,98,98000,98,2196715,98,7875737,0,349000,349000,7864605,7864605,348000,348000,0,0,0,0,350,350,348,348,1484,1484,CONSISTENT
10830,349441,98000,98000,0,0,0,0,0,2196715,98,349343,98,351,351,700,692,1,1000,643,351,351,351,350,350,20,1,98000,98,98,98,5,700,5,700,98000,98,98000,98,2196715,98,7880521,0,349000,349000,7864605,7864605,349000,349000,0,0,0,0,350,350,349,349,693,694,TORN-PERSISTENT
10840,349765,98000,98000,0,0,0,0,0,2196715,98,349667,98,351,351,700,1016,2,1000,643,351,352,351,350,350,30,1,98000,98,98,98,5,700,5,700,98000,98,98000,98,2196715,98,7887996,0,350000,350000,7887605,7887605,349000,349000,0,0,0,0,351,351,349,349,1018,1018,CONSISTENT
10850,350131,98000,98000,0,0,0,0,0,2196715,98,350033,98,352,352,701,1382,2,0,1152,352,352,352,350,350,6,1,98000,98,98,98,5,701,5,701,98000,98,98000,98,2196715,98,7896391,0,350000,350000,7887605,7887605,349000,349000,0,0,0,0,351,351,349,349,1385,1385,CONSISTENT
10860,350340,98000,98000,0,0,0,0,0,2196715,98,350242,98,352,352,702,592,1,1000,581,352,352,352,351,351,16,1,98000,98,98,98,5,702,5,702,98000,98,98000,98,2196715,98,7901221,0,350000,350000,7887605,7887605,350000,350000,0,0,0,0,351,351,350,350,592,592,CONSISTENT
10870,350736,98000,98000,0,0,0,0,0,2196715,98,350638,98,352,352,702,988,1,1000,581,352,352,352,351,351,26,1,98000,98,98,98,5,702,5,702,98000,98,98000,98,2196715,98,7910329,0,350000,350000,7887605,7887605,350000,350000,0,0,0,0,351,351,350,350,992,993,TORN-PERSISTENT
10880,351142,98000,98000,0,0,0,0,0,2196715,98,351044,98,353,353,703,1394,2,0,1038,353,353,353,351,351,8,1,98000,98,98,98,5,703,5,703,98000,98,98000,98,2196715,98,7919667,0,351000,351000,7910605,7910605,350000,350000,0,0,0,0,352,352,350,350,1395,1395,CONSISTENT
10890,351494,98000,98000,0,0,0,0,0,2196715,98,351396,98,353,353,703,1746,2,0,1038,353,353,353,351,351,18,1,98000,98,98,98,5,703,5,703,98000,98,98000,98,2196715,98,7927763,0,351000,351000,7910605,7910605,350000,350000,0,0,0,0,352,352,350,350,1751,1751,CONSISTENT
10900,351706,98000,98000,0,0,0,0,0,2196715,98,351608,98,353,353,704,959,1,1000,932,353,353,353,352,352,28,1,98000,98,98,98,5,704,5,704,98000,98,98000,98,2196715,98,7932685,0,351000,351000,7910605,7910605,351000,351000,0,0,0,0,352,352,351,351,960,960,CONSISTENT
10910,352110,98000,98000,0,0,0,0,0,2196715,98,352012,98,354,354,705,1363,2,0,1029,354,354,354,352,352,8,1,98000,98,98,98,5,705,5,705,98000,98,98000,98,2196715,98,7941954,0,352000,352000,7933605,7933605,351000,351000,0,0,0,0,353,353,351,351,1363,1363,CONSISTENT
10920,352458,98000,98000,0,0,0,0,0,2196715,98,352360,98,354,354,706,712,1,1000,710,354,354,354,353,353,18,1,98000,98,98,98,5,706,5,706,98000,98,98000,98,2196715,98,7949981,0,352000,352000,7933605,7933605,352000,352000,0,0,0,0,353,353,352,352,712,712,CONSISTENT
10930,352711,98000,98000,0,0,0,0,0,2196715,98,352613,98,354,354,706,965,1,1000,710,354,354,354,353,353,28,1,98000,98,98,98,5,706,5,706,98000,98,98000,98,2196715,98,7955800,0,352000,352000,7933605,7933605,352000,352000,0,0,0,0,353,353,352,352,966,966,CONSISTENT
10940,353118,98000,98000,0,0,0,0,0,2196715,98,353020,98,355,355,707,1372,2,0,1034,355,355,355,353,353,8,1,98000,98,98,98,5,707,5,707,98000,98,98000,98,2196715,98,7965161,0,353000,353000,7956605,7956605,352000,352000,0,0,0,0,354,354,352,352,1374,1376,TORN-PERSISTENT
10950,353401,98000,98000,0,0,0,0,0,2196715,98,353303,98,355,355,708,656,1,1000,655,355,355,355,354,354,16,1,98000,98,98,98,5,708,5,708,98000,98,98000,98,2196715,98,7971693,0,353000,353000,7956605,7956605,353000,353000,0,0,0,0,354,354,353,353,656,656,CONSISTENT
10960,353680,98000,98000,0,0,0,0,0,2196715,98,353582,98,355,355,708,935,1,1000,655,355,355,355,354,354,26,1,98000,98,98,98,5,708,5,708,98000,98,98000,98,2196715,98,7978110,0,353000,353000,7956605,7956605,353000,353000,0,0,0,0,354,354,353,353,935,935,CONSISTENT
10970,354078,98000,98000,0,0,0,0,0,2196715,98,353980,98,356,356,709,1333,2,0,1022,356,356,356,354,354,8,1,98000,98,98,98,5,709,5,709,98000,98,98000,98,2196715,98,7987264,0,354000,354000,7979605,7979605,353000,353000,0,0,0,0,355,355,353,353,1333,1333,CONSISTENT
10980,354281,98000,98000,0,0,0,0,0,2196715,98,354183,98,356,356,710,537,1,1000,472,356,356,356,355,355,16,1,98000,98,98,98,5,710,5,710,98000,98,98000,98,2196715,98,7991979,0,354000,354000,7979605,7979605,354000,354000,0,0,0,0,355,355,354,354,538,538,CONSISTENT
10990,354680,98000,98000,0,0,0,0,0,2196715,98,354582,98,356,356,710,936,1,1000,472,356,356,356,355,355,26,1,98000,98,98,98,5,710,5,710,98000,98,98000,98,2196715,98,8001133,0,354000,354000,7979605,7979605,354000,354000,0,0,0,0,355,355,354,354,937,937,CONSISTENT
11000,355083,98000,98000,0,0,0,0,0,2196715,98,354985,98,357,357,711,1339,2,0,1023,357,357,357,355,355,8,1,98000,98,98,98,5,711,5,711,98000,98,98000,98,2196715,98,8010425,0,355000,355000,8002605,8002605,354000,354000,0,0,0,0,356,356,354,354,1341,1341,CONSISTENT
11010,355439,98000,98000,0,0,0,0,0,2196715,98,355341,98,357,357,711,1695,2,0,1023,357,357,357,355,355,16,1,98000,98,98,98,5,711,5,711,98000,98,98000,98,2196715,98,8018590,0,355000,355000,8002605,8002605,354000,354000,0,0,0,0,356,356,354,354,1695,1695,CONSISTENT
11020,355646,98000,98000,0,0,0,0,0,2196715,98,355548,98,357,357,712,903,1,1000,842,357,357,357,356,356,26,1,98000,98,98,98,5,712,5,712,98000,98,98000,98,2196715,98,8023374,0,355000,355000,8002605,8002605,355000,355000,0,0,0,0,356,356,355,355,903,903,CONSISTENT
11030,356053,98000,98000,0,0,0,0,0,2196715,98,355955,98,358,358,713,1310,2,0,1007,358,358,358,356,356,6,1,98000,98,98,98,5,713,5,713,98000,98,98000,98,2196715,98,8032735,0,356000,356000,8025605,8025605,355000,355000,0,0,0,0,357,357,355,355,1312,1313,TORN-PERSISTENT
11040,356434,98000,98000,0,0,0,0,0,2196715,98,356336,98,358,358,714,692,1,1000,687,358,358,358,357,357,17,1,98000,98,98,98,5,714,5,714,98000,98,98000,98,2196715,98,8041521,0,356000,356000,8025605,8025605,356000,356000,0,0,0,0,357,357,356,356,692,692,CONSISTENT
11050,356663,98000,98000,0,0,0,0,0,2196715,98,356565,98,358,358,714,921,1,1000,687,358,358,358,357,357,26,1,98000,98,98,98,5,714,5,714,98000,98,98000,98,2196715,98,8046788,0,356000,356000,8025605,8025605,356000,356000,0,0,0,0,357,357,356,356,922,924,TORN-PERSISTENT
11060,357062,98000,98000,0,0,0,0,0,2196715,98,356964,98,359,359,715,1320,2,0,1023,359,359,359,357,357,6,1,98000,98,98,98,5,715,5,715,98000,98,98000,98,2196715,98,8055965,0,357000,357000,8048605,8048605,356000,356000,0,0,0,0,358,358,356,356,1320,1320,CONSISTENT
11070,357292,98000,98000,0,0,0,0,0,2196715,98,357194,98,359,359,716,551,1,1000,541,359,359,359,358,358,16,1,98000,98,98,98,5,716,5,716,98000,98,98000,98,2196715,98,8061278,0,357000,357000,8048605,8048605,357000,357000,0,0,0,0,358,358,357,357,551,551,CONSISTENT
11080,357636,98000,98000,0,0,0,0,0,2196715,98,357538,98,359,359,716,895,1,1000,541,359,359,359,358,358,26,1,98000,98,98,98,5,716,5,716,98000,98,98000,98,2196715,98,8069190,0,357000,357000,8048605,8048605,357000,357000,0,0,0,0,358,358,357,357,899,899,CONSISTENT
11090,358033,98000,98000,0,0,0,0,0,2196715,98,357935,98,360,360,717,1292,2,0,1017,360,360,360,358,358,6,1,98000,98,98,98,5,717,5,717,98000,98,98000,98,2196715,98,8078321,0,358000,358000,8071605,8071605,357000,357000,0,0,0,0,359,359,357,357,1292,1292,CONSISTENT
11100,358423,98000,98000,0,0,0,0,0,2196715,98,358325,98,360,360,717,1682,2,0,1017,360,360,360,358,358,16,1,98000,98,98,98,5,717,5,717,98000,98,98000,98,2196715,98,8087291,0,358000,358000,8071605,8071605,357000,357000,0,0,0,0,359,359,357,357,1682,1682,CONSISTENT
11110,358521,98000,98000,0,0,0,0,0,2196715,98,358423,98,360,360,718,781,1,1000,706,360,360,360,359,359,26,1,98000,98,98,98,5,718,5,718,98000,98,98000,98,2196715,98,8089568,0,358000,358000,8071605,8071605,358000,358000,0,0,0,0,359,359,358,358,785,785,CONSISTENT
11120,358890,98000,98000,0,0,0,0,0,2196715,98,358792,98,361,361,719,1150,2,0,1040,361,361,361,359,359,2,1,98000,98,98,98,5,719,5,719,98000,98,98000,98,2196715,98,8098078,0,359000,359000,8094605,8094605,358000,358000,0,0,0,0,360,360,358,358,1154,1154,CONSISTENT
11130,359288,98000,98000,0,0,0,0,0,2196715,98,359190,98,361,361,719,1548,2,0,1040,361,361,361,359,359,12,1,98000,98,98,98,5,719,5,719,98000,98,98000,98,2196715,98,8107209,0,359000,359000,8094605,8094605,359000,359000,0,0,0,0,360,360,359,359,554,554,CONSISTENT
11140,359491,98000,98000,0,0,0,0,0,2196715,98,359393,98,361,361,720,752,1,1000,549,361,361,361,360,360,22,1,98000,98,98,98,5,720,5,720,98000,98,98000,98,2196715,98,8111901,0,359000,359000,8094605,8094605,359000,359000,0,0,0,0,360,360,359,359,754,754,CONSISTENT
11150,359877,98000,98000,0,0,0,0,0,2196715,98,359779,98,362,362,721,1138,2,0,1031,362,362,362,360,360,2,1,98000,98,98,98,5,721,5,721,98000,98,98000,98,2196715,98,8120779,0,360000,360000,8117605,8117605,359000,359000,0,0,0,0,361,361,359,359,1140,1143,TORN-PERSISTENT
11160,360276,98000,98000,0,0,0,0,0,2196715,98,360178,98,362,362,721,1537,2,0,1031,362,362,362,360,360,12,1,98000,98,98,98,5,721,5,721,98000,98,98000,98,2196715,98,8129979,0,360000,360000,8117605,8117605,359000,359000,0,0,0,0,361,361,359,359,1540,1540,CONSISTENT
11170,360637,98000,98000,0,0,0,0,0,2196715,98,360539,98,362,362,721,1898,2,0,1031,362,362,362,360,360,22,1,98000,98,98,98,5,721,5,721,98000,98,98000,98,2196715,98,8138259,0,360000,360000,8117605,8117605,359000,359000,0,0,0,0,361,361,359,359,1900,1901,TORN-PERSISTENT
11180,360847,98000,98000,0,0,0,0,0,2196715,98,360749,98,363,363,723,1109,2,0,1012,363,363,363,361,361,2,1,98000,98,98,98,5,723,5,723,98000,98,98000,98,2196715,98,8143112,0,361000,361000,8140605,8140605,360000,360000,0,0,0,0,362,362,360,360,1111,1112,TORN-PERSISTENT
11190,361222,98000,98000,0,0,0,0,0,2196715,98,361124,98,363,363,724,485,1,1000,478,363,363,363,362,362,12,1,98000,98,98,98,5,724,5,724,98000,98,98000,98,2196715,98,8151760,0,361000,361000,8140605,8140605,361000,361000,0,0,0,0,362,362,361,361,485,485,CONSISTENT
11200,361454,98000,98000,0,0,0,0,0,2196715,98,361356,98,363,363,724,717,1,1000,478,363,363,363,362,362,22,1,98000,98,98,98,5,724,5,724,98000,98,98000,98,2196715,98,8157096,0,361000,361000,8140605,8140605,361000,361000,0,0,0,0,362,362,361,361,719,719,CONSISTENT
11210,361845,98000,98000,0,0,0,0,0,2196715,98,361747,98,364,364,725,1108,2,0,1011,364,364,364,362,362,2,1,98000,98,98,98,5,725,5,725,98000,98,98000,98,2196715,98,8166112,0,362000,362000,8163605,8163605,361000,361000,0,0,0,0,363,363,361,361,1110,1110,CONSISTENT
11220,362202,98000,98000,0,0,0,0,0,2196715,98,362104,98,364,364,725,1465,2,0,1011,364,364,364,362,362,10,1,98000,98,98,98,5,725,5,725,98000,98,98000,98,2196715,98,8174300,0,362000,362000,8163605,8163605,361000,361000,0,0,0,0,363,363,361,361,1469,1470,TORN-PERSISTENT
11230,362407,98000,98000,0,0,0,0,0,2196715,98,362309,98,364,364,726,671,1,1000,625,364,364,364,363,363,20,1,98000,98,98,98,5,726,5,726,98000,98,98000,98,2196715,98,8179038,0,362000,362000,8163605,8163605,362000,362000,0,0,0,0,363,363,362,362,671,671,CONSISTENT
11240,362805,98000,98000,0,0,0,0,0,2196715,98,362707,98,365,365,727,1069,2,0,1060,365,365,365,363,363,0,1,98000,98,98,98,5,727,5,727,98000,98,98000,98,2196715,98,8188192,0,363000,363000,8186605,8186605,362000,362000,0,0,0,0,364,364,362,362,1069,1069,CONSISTENT
11250,363181,98000,98000,0,0,0,0,0,2196715,98,363083,98,365,365,727,1445,2,0,1060,365,365,365,363,363,10,1,98000,98,98,98,5,727,5,727,98000,98,98000,98,2196715,98,8196840,0,363000,363000,8186605,8186605,362000,362000,0,0,0,0,364,364,362,362,1446,1446,CONSISTENT
11260,363397,98000,98000,0,0,0,0,0,2196715,98,363299,98,365,365,728,662,1,1000,483,365,365,365,364,364,18,1,98000,98,98,98,5,728,5,728,98000,98,98000,98,2196715,98,8201831,0,363000,363000,8186605,8186605,363000,363000,0,0,0,0,364,364,363,363,662,662,CONSISTENT
11270,363753,98000,98000,0,0,0,0,0,2196715,98,363655,98,365,365,728,1018,2,1000,483,365,366,365,364,364,28,1,98000,98,98,98,5,728,5,728,98000,98,98000,98,2196715,98,8210019,0,364000,364000,8209605,8209605,363000,363000,0,0,0,0,365,365,363,363,1020,1020,CONSISTENT
11280,364156,98000,98000,0,0,0,0,0,2196715,98,364058,98,366,366,729,1421,2,0,1048,366,366,366,364,364,8,1,98000,98,98,98,5,729,5,729,98000,98,98000,98,2196715,98,8219288,0,364000,364000,8209605,8209605,363000,363000,0,0,0,0,365,365,363,363,1424,1424,CONSISTENT
11290,364558,98000,98000,0,0,0,0,0,2196715,98,364460,98,366,366,729,1823,2,0,1048,366,366,366,364,364,18,1,98000,98,98,98,5,729,5,729,98000,98,98000,98,2196715,98,8228534,0,364000,364000,8209605,8209605,363000,363000,0,0,0,0,365,365,363,363,1826,1826,CONSISTENT
11300,364772,99000,99000,0,0,0,0,0,2219715,99,364673,99,366,366,730,1037,2,1000,900,366,367,366,365,365,28,1,99000,99,99,99,5,730,5,730,99000,99,99000,99,2219715,99,8233456,999.9447405703887,365000,365000,8232605,8232605,364000,364000,0,0,0,0,366,366,364,364,1038,1038,CONSISTENT
11310,365177,99000,99000,0,0,0,0,0,2219715,99,365078,99,367,367,731,1442,2,0,1043,367,367,367,365,365,8,1,99000,99,99,99,5,731,5,731,99000,99,99000,99,2219715,99,8242771,999.9447405703887,365000,365000,8232605,8232605,364000,364000,0,0,0,0,366,366,364,364,1443,1443,CONSISTENT
11320,365423,99000,99000,0,0,0,0,0,2219715,99,365324,99,367,367,732,689,1,1000,684,367,367,367,366,366,18,1,99000,99,99,99,5,732,5,732,99000,99,99000,99,2219715,99,8248452,999.9447405703887,365000,365000,8232605,8232605,365000,365000,0,0,0,0,366,366,365,365,689,689,CONSISTENT
11330,365738,99000,99000,0,0,0,0,0,2219715,99,365639,99,367,367,732,1004,2,1000,684,367,368,367,366,366,28,1,99000,99,99,99,5,732,5,732,99000,99,99000,99,2219715,99,8255697,999.9447405703887,366000,366000,8255605,8255605,365000,365000,0,0,0,0,367,367,365,365,1004,1004,CONSISTENT
11340,366137,99000,99000,0,0,0,0,0,2219715,99,366038,99,368,368,733,1403,2,0,1126,368,368,368,366,366,6,1,99000,99,99,99,5,733,5,733,99000,99,99000,99,2219715,99,8264874,999.9447405703887,366000,366000,8255605,8255605,365000,365000,0,0,0,0,367,367,365,365,1405,1405,CONSISTENT
11350,366358,99000,99000,0,0,0,0,0,2219715,99,366259,99,368,368,734,625,1,1000,604,368,368,368,367,367,16,1,99000,99,99,99,5,734,5,734,99000,99,99000,99,2219715,99,8269980,999.9447405703887,366000,366000,8255605,8255605,366000,366000,0,0,0,0,367,367,366,366,625,625,CONSISTENT
11360,366752,99000,99000,0,0,0,0,0,2219715,99,366653,99,368,368,734,1019,2,1000,604,368,369,368,367,367,26,1,99000,99,99,99,5,734,5,734,99000,99,99000,99,2219715,99,8279042,0,367000,367000,8278605,8278605,366000,366000,0,0,0,0,368,368,366,366,1020,1020,CONSISTENT
11370,367143,99000,99000,0,0,0,0,0,2219715,99,367044,99,369,369,735,1410,2,0,1042,369,369,369,367,367,8,1,99000,99,99,99,5,735,5,735,99000,99,99000,99,2219715,99,8288058,0,367000,367000,8278605,8278605,366000,366000,0,0,0,0,368,368,366,366,1413,1413,CONSISTENT
11380,367507,99000,99000,0,0,0,0,0,2219715,99,367408,99,369,369,736,775,1,1000,774,369,369,369,368,368,18,1,99000,99,99,99,5,736,5,736,99000,99,99000,99,2219715,99,8296430,0,367000,367000,8278605,8278605,367000,367000,0,0,0,0,368,368,367,367,778,778,CONSISTENT
11390,367720,99000,99000,0,0,0,0,0,2219715,99,367621,99,369,369,736,988,1,1000,774,369,369,369,368,368,28,1,99000,99,99,99,5,736,5,736,99000,99,99000,99,2219715,99,8301329,0,367000,367000,8278605,8278605,367000,367000,0,0,0,0,368,368,367,367,988,988,CONSISTENT
11400,368106,99000,99000,0,0,0,0,0,2219715,99,368007,99,370,370,737,1374,2,0,1029,370,370,370,368,368,8,1,99000,99,99,99,5,737,5,737,99000,99,99000,99,2219715,99,8310207,0,368000,368000,8301605,8301605,367000,367000,0,0,0,0,369,369,367,367,1374,1374,CONSISTENT
11410,368352,99000,99000,0,0,0,0,0,2219715,99,368253,99,370,370,738,621,1,1000,616,370,370,370,369,369,18,1,99000,99,99,99,5,738,5,738,99000,99,99000,99,2219715,99,8315888,0,368000,368000,8301605,8301605,368000,368000,0,0,0,0,369,369,368,368,621,621,CONSISTENT
11420,368598,99000,99000,0,0,0,0,0,2219715,99,368499,99,370,370,738,867,1,1000,616,370,370,370,369,369,28,1,99000,99,99,99,5,738,5,738,99000,99,99000,99,2219715,99,8321546,0,368000,368000,8301605,8301605,368000,368000,0,0,0,0,369,369,368,368,867,867,CONSISTENT
11430,368948,99000,99000,0,0,0,0,0,2219715,99,368849,99,371,371,739,1217,2,0,1050,371,371,371,369,369,4,1,99000,99,99,99,5,739,5,739,99000,99,99000,99,2219715,99,8329619,0,369000,369000,8324605,8324605,368000,368000,0,0,0,0,370,370,368,368,1219,1219,CONSISTENT
11440,369352,99000,99000,0,0,0,0,0,2219715,99,369253,99,371,371,739,1621,2,0,1050,371,371,371,369,369,14,1,99000,99,99,99,5,739,5,739,99000,99,99000,99,2219715,99,8338888,0,369000,369000,8324605,8324605,368000,368000,0,0,0,0,370,370,368,368,1624,1624,CONSISTENT
11450,369561,99000,99000,0,0,0,0,0,2219715,99,369462,99,371,371,740,831,1,1000,763,371,371,371,370,370,24,1,99000,99,99,99,5,740,5,740,99000,99,99000,99,2219715,99,8343718,0,369000,369000,8324605,8324605,369000,369000,0,0,0,0,370,370,369,369,833,834,TORN-PERSISTENT
11460,369964,99000,99000,0,0,0,0,0,2219715,99,369865,99,372,372,741,1234,2,0,1047,372,372,372,370,370,4,1,99000,99,99,99,5,741,5,741,99000,99,99000,99,2219715,99,8352987,0,370000,370000,8347605,8347605,369000,369000,0,0,0,0,371,371,369,369,1237,1237,CONSISTENT
11470,370372,99000,99000,0,0,0,0,0,2219715,99,370273,99,372,372,741,1642,2,0,1047,372,372,372,370,370,14,1,99000,99,99,99,5,741,5,741,99000,99,99000,99,2219715,99,8362371,0,370000,370000,8347605,8347605,369000,369000,0,0,0,0,371,371,369,369,1644,1644,CONSISTENT
11480,370616,99000,99000,0,0,0,0,0,2219715,99,370517,99,372,372,742,887,1,1000,883,372,372,372,371,371,22,1,99000,99,99,99,5,742,5,742,99000,99,99000,99,2219715,99,8368006,0,370000,370000,8347605,8347605,370000,370000,0,0,0,0,371,371,370,370,887,887,CONSISTENT
11490,370940,99000,99000,0,0,0,0,0,2219715,99,370841,99,373,373,743,1211,2,0,1062,373,373,373,371,371,2,1,99000,99,99,99,5,743,5,743,99000,99,99000,99,2219715,99,8375458,0,371000,371000,8370605,8370605,370000,370000,0,0,0,0,372,372,370,370,1211,1211,CONSISTENT
11500,371343,99000,99000,0,0,0,0,0,2219715,99,371244,99,373,373,743,1614,2,0,1062,373,373,373,371,371,14,1,99000,99,99,99,5,743,5,743,99000,99,99000,99,2219715,99,8384727,0,371000,371000,8370605,8370605,370000,370000,0,0,0,0,372,372,370,370,1615,1615,CONSISTENT
11510,371549,99000,99000,0,0,0,0,0,2219715,99,371450,99,373,373,744,821,1,1000,731,373,373,373,372,372,24,1,99000,99,99,99,5,744,5,744,99000,99,99000,99,2219715,99,8389488,0,371000,371000,8370605,8370605,371000,371000,0,0,0,0,372,372,371,371,822,823,TORN-PERSISTENT
11520,371945,99000,99000,0,0,0,0,0,2219715,99,371846,99,374,374,745,1217,2,0,1051,374,374,374,372,372,4,1,99000,99,99,99,5,745,5,745,99000,99,99000,99,2219715,99,8398596,0,372000,372000,8393605,8393605,371000,371000,0,0,0,0,373,373,371,371,1219,1220,TORN-PERSISTENT
11530,372324,99000,99000,0,0,0,0,0,2219715,99,372225,99,374,374,746,597,1,1000,589,374,374,374,373,373,14,1,99000,99,99,99,5,746,5,746,99000,99,99000,99,2219715,99,8407336,0,372000,372000,8393605,8393605,372000,372000,0,0,0,0,373,373,372,372,597,597,CONSISTENT
11540,372516,99000,99000,0,0,0,0,0,2219715,99,372417,99,374,374,746,789,1,1000,589,374,374,374,373,373,22,1,99000,99,99,99,5,746,5,746,99000,99,99000,99,2219715,99,8411752,0,372000,372000,8393605,8393605,372000,372000,0,0,0,0,373,373,372,372,791,791,CONSISTENT
11550,372914,99000,99000,0,0,0,0,0,2219715,99,372815,99,375,375,747,1187,2,0,1058,375,375,375,373,373,2,1,99000,99,99,99,5,747,5,747,99000,99,99000,99,2219715,99,8420906,0,373000,373000,8416605,8416605,372000,372000,0,0,0,0,374,374,372,372,1188,1188,CONSISTENT
11560,373317,99000,99000,0,0,0,0,0,2219715,99,373218,99,375,375,747,1590,2,0,1058,375,375,375,373,373,12,1,99000,99,99,99,5,747,5,747,99000,99,99000,99,2219715,99,8430175,0,373000,373000,8416605,8416605,372000,372000,0,0,0,0,374,374,372,372,1594,1594,CONSISTENT
11570,373544,99000,99000,0,0,0,0,0,2219715,99,373445,99,375,375,748,818,1,1000,815,375,375,375,374,374,22,1,99000,99,99,99,5,748,5,748,99000,99,99000,99,2219715,99,8435419,0,373000,373000,8416605,8416605,373000,373000,0,0,0,0,374,374,373,373,818,818,CONSISTENT
11580,373920,99000,99000,0,0,0,0,0,2219715,99,373821,99,376,376,749,1194,2,0,1042,376,376,376,374,374,2,1,99000,99,99,99,5,749,5,749,99000,99,99000,99,2219715,99,8444067,0,374000,374000,8439605,8439605,373000,373000,0,0,0,0,375,375,373,373,1196,1196,CONSISTENT
11590,374284,99000,99000,0,0,0,0,0,2219715,99,374185,99,376,376,749,1558,2,0,1042,376,376,376,374,374,12,1,99000,99,99,99,5,749,5,749,99000,99,99000,99,2219715,99,8452439,0,374000,374000,8439605,8439605,373000,373000,0,0,0,0,375,375,373,373,1560,1560,CONSISTENT
11600,374500,99000,99000,0,0,0,0,0,2219715,99,374401,99,376,376,750,775,1,1000,768,376,376,376,375,375,22,1,99000,99,99,99,5,750,5,750,99000,99,99000,99,2219715,99,8457430,0,374000,374000,8439605,8439605,374000,374000,0,0,0,0,375,375,374,374,775,775,CONSISTENT
11610,374893,99000,99000,0,0,0,0,0,2219715,99,374794,99,377,377,751,1168,2,0,1027,377,377,377,375,375,2,1,99000,99,99,99,5,751,5,751,99000,99,99000,99,2219715,99,8466469,0,375000,375000,8462605,8462605,374000,374000,0,0,0,0,376,376,374,374,1170,1171,TORN-PERSISTENT
11620,375296,99000,99000,0,0,0,0,0,2219715,99,375197,99,377,377,751,1571,2,0,1027,377,377,377,375,375,12,1,99000,99,99,99,5,751,5,751,99000,99,99000,99,2219715,99,8475738,0,375000,375000,8462605,8462605,374000,374000,0,0,0,0,376,376,374,374,1571,1571,CONSISTENT
11630,375500,99000,99000,0,0,0,0,0,2219715,99,375401,99,377,377,752,776,1,1000,623,377,377,377,376,376,22,1,99000,99,99,99,5,752,5,752,99000,99,99000,99,2219715,99,8480453,0,375000,375000,8462605,8462605,375000,375000,0,0,0,0,376,376,375,375,777,777,CONSISTENT
11640,375905,99000,99000,0,0,0,0,0,2219715,99,375806,99,378,378,753,1181,2,0,1038,378,378,378,376,376,2,1,99000,99,99,99,5,753,5,753,99000,99,99000,99,2219715,99,8489768,0,376000,376000,8485605,8485605,375000,375000,0,0,0,0,377,377,375,375,1182,1182,CONSISTENT
11650,376268,99000,99000,0,0,0,0,0,2219715,99,376169,99,378,378,753,1544,2,0,1038,378,378,378,376,376,12,1,99000,99,99,99,5,753,5,753,99000,99,99000,99,2219715,99,8498117,0,376000,376000,8485605,8485605,375000,375000,0,0,0,0,377,377,375,375,1544,1544,CONSISTENT
11660,376597,99000,99000,0,0,0,0,0,2219715,99,376498,99,378,378,754,874,1,1000,856,378,378,378,377,377,22,1,99000,99,99,99,5,754,5,754,99000,99,99000,99,2219715,99,8505707,0,376000,376000,8485605,8485605,376000,376000,0,0,0,0,377,377,376,376,874,874,CONSISTENT
11670,376893,99000,99000,0,0,0,0,0,2219715,99,376794,99,379,379,755,1170,2,0,1054,379,379,379,377,377,2,1,99000,99,99,99,5,755,5,755,99000,99,99000,99,2219715,99,8512538,0,377000,377000,8508605,8508605,376000,376000,0,0,0,0,378,378,376,376,1172,1172,CONSISTENT
11680,377292,99000,99000,0,0,0,0,0,2219715,99,377193,99,379,379,755,1569,2,0,1054,379,379,379,377,377,12,1,99000,99,99,99,5,755,5,755,99000,99,99000,99,2219715,99,8521692,0,377000,377000,8508605,8508605,376000,376000,0,0,0,0,378,378,376,376,1571,1572,TORN-PERSISTENT
11690,377571,99000,99000,0,0,0,0,0,2219715,99,377472,99,379,379,756,849,1,1000,842,379,379,379,378,378,22,1,99000,99,99,99,5,756,5,756,99000,99,99000,99,2219715,99,8528132,0,377000,377000,8508605,8508605,377000,377000,0,0,0,0,378,378,377,377,849,849,CONSISTENT
11700,377874,99000,99000,0,0,0,0,0,2219715,99,377775,99,380,380,757,1152,2,0,1060,380,380,380,378,378,2,1,99000,99,99,99,5,757,5,757,99000,99,99000,99,2219715,99,8535101,0,378000,378000,8531605,8531605,377000,377000,0,0,0,0,379,379,377,377,1152,1152,CONSISTENT
11710,378139,99000,99000,0,0,0,0,0,2219715,99,378040,99,380,380,757,1417,2,0,1060,380,380,380,378,378,11,1,99000,99,99,99,5,757,5,757,99000,99,99000,99,2219715,99,8541196,0,378000,378000,8531605,8531605,377000,377000,0,0,0,0,379,379,377,377,1418,1418,CONSISTENT
11720,378343,99000,99000,0,0,0,0,0,2219715,99,378244,99,380,380,758,622,1,1000,510,380,380,380,379,379,21,1,99000,99,99,99,5,758,5,758,99000,99,99000,99,2219715,99,8545934,0,378000,378000,8531605,8531605,378000,378000,0,0,0,0,379,379,378,378,628,628,CONSISTENT
11730,378744,99000,99000,0,0,0,0,0,2219715,99,378645,99,380,380,758,1023,2,1000,510,380,381,380,379,379,31,1,99000,99,99,99,5,758,5,758,99000,99,99000,99,2219715,99,8555134,0,379000,379000,8554605,8554605,378000,378000,0,0,0,0,380,380,378,378,1025,1026,TORN-PERSISTENT
11740,379148,99000,99000,0,0,0,0,0,2219715,99,379049,99,381,381,759,1427,2,0,1062,381,381,381,379,379,8,1,99000,99,99,99,5,759,5,759,99000,99,99000,99,2219715,99,8564426,0,379000,379000,8554605,8554605,378000,378000,0,0,0,0,380,380,378,378,1428,1428,CONSISTENT
11750,379527,99000,99000,0,0,0,0,0,2219715,99,379428,99,381,381,759,1806,2,0,1062,381,381,381,379,379,18,1,99000,99,99,99,5,759,5,759,99000,99,99000,99,2219715,99,8573143,0,379000,379000,8554605,8554605,378000,378000,0,0,0,0,380,380,378,378,1806,1806,CONSISTENT
11760,379696,99000,99000,0,0,0,0,0,2219715,99,379597,99,381,381,760,976,1,1000,913,381,381,381,380,380,28,1,99000,99,99,99,5,760,5,760,99000,99,99000,99,2219715,99,8577053,0,379000,379000,8554605,8554605,379000,379000,0,0,0,0,380,380,379,379,976,976,CONSISTENT
11770,380086,99000,99000,0,0,0,0,0,2219715,99,379987,99,382,382,761,1366,2,0,1049,382,382,382,380,380,8,1,99000,99,99,99,5,761,5,761,99000,99,99000,99,2219715,99,8586023,0,380000,380000,8577605,8577605,379000,379000,0,0,0,0,381,381,379,379,1367,1367,CONSISTENT
11780,380280,99000,99000,0,0,0,0,0,2219715,99,380181,99,382,382,762,561,1,1000,526,382,382,382,381,381,18,1,99000,99,99,99,5,762,5,762,99000,99,99000,99,2219715,99,8590508,0,380000,380000,8577605,8577605,380000,380000,0,0,0,0,381,381,380,380,562,565,TORN-PERSISTENT
11790,380665,99000,99000,0,0,0,0,0,2219715,99,380566,99,382,382,762,946,1,1000,526,382,382,382,381,381,28,1,99000,99,99,99,5,762,5,762,99000,99,99000,99,2219715,99,8599363,0,380000,380000,8577605,8577605,380000,380000,0,0,0,0,381,381,380,380,947,947,CONSISTENT
11800,381052,99000,99000,0,0,0,0,0,2219715,99,380953,99,383,383,763,1333,2,0,1070,383,383,383,381,381,6,1,99000,99,99,99,5,763,5,763,99000,99,99000,99,2219715,99,8608264,0,381000,381000,8600605,8600605,380000,380000,0,0,0,0,382,382,380,380,1336,1337,TORN-PERSISTENT
11810,381407,99000,99000,0,0,0,0,0,2219715,99,381308,99,383,383,764,689,1,1000,683,383,383,383,382,382,15,1,99000,99,99,99,5,764,5,764,99000,99,99000,99,2219715,99,8616452,0,381000,381000,8600605,8600605,381000,381000,0,0,0,0,382,382,381,381,689,689,CONSISTENT
11820,381618,99000,99000,0,0,0,0,0,2219715,99,381519,99,383,383,764,900,1,1000,683,383,383,383,382,382,26,1,99000,99,99,99,5,764,5,764,99000,99,99000,99,2219715,99,8621328,0,381000,381000,8600605,8600605,381000,381000,0,0,0,0,382,382,381,381,901,901,CONSISTENT
11830,382012,99000,99000,0,0,0,0,0,2219715,99,381913,99,384,384,765,1294,2,0,1070,384,384,384,382,382,4,1,99000,99,99,99,5,765,5,765,99000,99,99000,99,2219715,99,8630367,0,382000,382000,8623605,8623605,381000,381000,0,0,0,0,383,383,381,381,1296,1296,CONSISTENT
11840,382243,99000,99000,0,0,0,0,0,2219715,99,382144,99,384,384,766,526,1,1000,514,384,384,384,383,383,14,1,99000,99,99,99,5,766,5,766,99000,99,99000,99,2219715,99,8635703,0,382000,382000,8623605,8623605,382000,382000,0,0,0,0,383,383,382,382,526,526,CONSISTENT
11850,382622,99000,99000,0,0,0,0,0,2219715,99,382523,99,384,384,766,905,1,1000,514,384,384,384,383,383,26,1,99000,99,99,99,5,766,5,766,99000,99,99000,99,2219715,99,8644420,0,382000,382000,8623605,8623605,382000,382000,0,0,0,0,383,383,382,382,905,905,CONSISTENT
11860,383012,99000,99000,0,0,0,0,0,2219715,99,382913,99,385,385,767,1295,2,0,1050,385,385,385,383,383,6,1,99000,99,99,99,5,767,5,767,99000,99,99000,99,2219715,99,8653390,0,383000,383000,8646605,8646605,382000,382000,0,0,0,0,384,384,382,382,1296,1297,TORN-PERSISTENT
11870,383371,99000,99000,0,0,0,0,0,2219715,99,383272,99,385,385,767,1654,2,0,1050,385,385,385,383,383,14,1,99000,99,99,99,5,767,5,767,99000,99,99000,99,2219715,99,8661647,0,383000,383000,8646605,8646605,382000,382000,0,0,0,0,384,384,382,382,1654,1654,CONSISTENT
11880,383612,99000,99000,0,0,0,0,0,2219715,99,383513,99,385,385,768,896,1,1000,888,385,385,385,384,384,24,1,99000,99,99,99,5,768,5,768,99000,99,99000,99,2219715,99,8667213,0,383000,383000,8646605,8646605,383000,383000,0,0,0,0,384,384,383,383,896,896,CONSISTENT
11890,383980,99000,99000,0,0,0,0,0,2219715,99,383881,99,386,386,769,1264,2,0,1036,386,386,386,384,384,4,1,99000,99,99,99,5,769,5,769,99000,99,99000,99,2219715,99,8675700,0,384000,384000,8669605,8669605,383000,383000,0,0,0,0,385,385,383,383,1265,1265,CONSISTENT
11900,384378,99000,99000,0,0,0,0,0,2219715,99,384279,99,386,386,769,1662,2,0,1036,386,386,386,384,384,14,1,99000,99,99,99,5,769,5,769,99000,99,99000,99,2219715,99,8684854,0,384000,384000,8669605,8669605,383000,383000,0,0,0,0,385,385,383,383,1665,1665,CONSISTENT
11910,384590,99000,99000,0,0,0,0,0,2219715,99,384491,99,386,386,770,875,1,1000,705,386,386,386,385,385,24,1,99000,99,99,99,5,770,5,770,99000,99,99000,99,2219715,99,8689730,0,384000,384000,8669605,8669605,384000,384000,0,0,0,0,385,385,384,384,875,875,CONSISTENT
11920,384942,99000,99000,0,0,0,0,0,2219715,99,384843,99,387,387,771,1227,2,0,1040,387,387,387,385,385,4,1,99000,99,99,99,5,771,5,771,99000,99,99000,99,2219715,99,8697872,0,385000,385000,8692605,8692605,384000,384000,0,0,0,0,386,386,384,384,1230,1230,CONSISTENT
11930,385296,99000,99000,0,0,0,0,0,2219715,99,385197,99,387,387,772,582,1,1000,576,387,387,387,386,386,14,1,99000,99,99,99,5,772,5,772,99000,99,99000,99,2219715,99,8705991,0,385000,385000,8692605,8692605,385000,385000,0,0,0,0,386,386,385,385,582,582,CONSISTENT
11940,385558,99000,99000,0,0,0,0,0,2219715,99,385459,99,387,387,772,844,1,1000,576,387,387,387,386,386,24,1,99000,99,99,99,5,772,5,772,99000,99,99000,99,2219715,99,8712017,0,385000,385000,8692605,8692605,385000,385000,0,0,0,0,386,386,385,385,844,844,CONSISTENT
11950,385962,99000,99000,0,0,0,0,0,2219715,99,385863,99,388,388,773,1248,2,0,1041,388,388,388,386,386,4,1,99000,99,99,99,5,773,5,773,99000,99,99000,99,2219715,99,8721309,0,386000,386000,8715605,8715605,385000,385000,0,0,0,0,387,387,385,385,1251,1251,CONSISTENT
11960,386364,99000,99000,0,0,0,0,0,2219715,99,386265,99,388,388,773,1650,2,0,1041,388,388,388,386,386,14,1,99000,99,99,99,5,773,5,773,99000,99,99000,99,2219715,99,8730555,0,386000,386000,8715605,8715605,385000,385000,0,0,0,0,387,387,385,385,1651,1652,TORN-PERSISTENT
11970,386572,99000,99000,0,0,0,0,0,2219715,99,386473,99,388,388,774,859,1,1000,847,388,388,388,387,387,24,1,99000,99,99,99,5,774,5,774,99000,99,99000,99,2219715,99,8735408,0,386000,386000,8715605,8715605,386000,386000,0,0,0,0,387,387,386,386,861,861,CONSISTENT
11980,386929,99000,99000,0,0,0,0,0,2219715,99,386830,99,389,389,775,1216,2,0,1052,389,389,389,387,387,4,1,99000,99,99,99,5,775,5,775,99000,99,99000,99,2219715,99,8743573,0,387000,387000,8738605,8738605,386000,386000,0,0,0,0,388,388,386,386,1216,1216,CONSISTENT
11990,387323,99000,99000,0,0,0,0,0,2219715,99,387224,99,389,389,775,1610,2,0,1052,389,389,389,387,387,14,1,99000,99,99,99,5,775,5,775,99000,99,99000,99,2219715,99,8752635,0,387000,387000,8738605,8738605,386000,386000,0,0,0,0,388,388,386,386,1610,1610,CONSISTENT
12000,387548,99000,99000,0,0,0,0,0,2219715,99,387449,99,389,389,776,836,1,1000,790,389,389,389,388,388,24,1,99000,99,99,99,5,776,5,776,99000,99,99000,99,2219715,99,8757833,0,387000,387000,8738605,8738605,387000,387000,0,0,0,0,388,388,387,387,837,837,CONSISTENT
12010,387817,99000,99000,0,0,0,0,0,2219715,99,387718,99,390,390,777,1105,2,0,1063,390,390,390,388,388,0,1,99000,99,99,99,5,777,5,777,99000,99,99000,99,2219715,99,8764020,0,388000,388000,8761605,8761605,387000,387000,0,0,0,0,389,389,387,387,1107,1107,CONSISTENT
12020,388214,99000,99000,0,0,0,0,0,2219715,99,388115,99,390,390,777,1502,2,0,1063,390,390,390,388,388,10,1,99000,99,99,99,5,777,5,777,99000,99,99000,99,2219715,99,8773174,0,388000,388000,8761605,8761605,387000,387000,0,0,0,0,389,389,387,387,1505,1506,TORN-PERSISTENT
12030,388622,99000,99000,0,0,0,0,0,2219715,99,388523,99,390,390,777,1910,2,0,1063,390,390,390,388,388,20,1,99000,99,99,99,5,777,5,777,99000,99,99000,99,2219715,99,8782535,0,388000,388000,8761605,8761605,387000,387000,0,0,0,0,389,389,387,387,1911,1911,CONSISTENT
12040,388783,99000,99000,0,0,0,0,0,2219715,99,388684,99,391,391,779,1072,2,0,1068,391,391,391,389,389,0,1,99000,99,99,99,5,779,5,779,99000,99,99000,99,2219715,99,8786284,0,389000,389000,8784605,8784605,388000,388000,0,0,0,0,390,390,388,388,1074,1074,CONSISTENT
12050,389162,99000,99000,0,0,0,0,0,2219715,99,389063,99,391,391,779,1451,2,0,1068,391,391,391,389,389,10,1,99000,99,99,99,5,779,5,779,99000,99,99000,99,2219715,99,8795001,0,389000,389000,8784605,8784605,388000,388000,0,0,0,0,390,390,388,388,1452,1452,CONSISTENT
12060,389471,99000,99000,0,0,0,0,0,2219715,99,389372,99,391,391,780,761,1,1000,742,391,391,391,390,390,20,1,99000,99,99,99,5,780,5,780,99000,99,99000,99,2219715,99,8802108,0,389000,389000,8784605,8784605,389000,389000,0,0,0,0,390,390,389,389,761,761,CONSISTENT
12070,389757,99000,99000,0,0,0,0,0,2219715,99,389658,99,392,392,781,1047,2,0,1023,392,392,392,390,390,0,1,99000,99,99,99,5,781,5,781,99000,99,99000,99,2219715,99,8808709,0,390000,390000,8807605,8807605,389000,389000,0,0,0,0,391,391,389,389,1048,1048,CONSISTENT
12080,390153,99000,99000,0,0,0,0,0,2219715,99,390054,99,392,392,781,1443,2,0,1023,392,392,392,390,390,10,1,99000,99,99,99,5,781,5,781,99000,99,99000,99,2219715,99,8817794,0,390000,390000,8807605,8807605,389000,389000,0,0,0,0,391,391,389,389,1447,1449,TORN-PERSISTENT
12090,390362,99000,99000,0,0,0,0,0,2219715,99,390263,99,392,392,782,653,1,1000,623,392,392,392,391,391,20,1,99000,99,99,99,5,782,5,782,99000,99,99000,99,2219715,99,8822624,0,390000,390000,8807605,8807605,390000,390000,0,0,0,0,391,391,390,390,653,653,CONSISTENT
12100,390718,99000,99000,0,0,0,0,0,2219715,99,390619,99,393,393,783,1009,2,0,1009,393,393,393,391,391,0,1,99000,99,99,99,5,783,5,783,99000,99,99000,99,2219715,99,8830812,0,391000,391000,8830605,8830605,390000,390000,0,0,0,0,392,392,390,390,1009,1009,CONSISTENT
12110,391115,99000,99000,0,0,0,0,0,2219715,99,391016,99,393,393,783,1406,2,0,1009,393,393,393,391,391,8,1,99000,99,99,99,5,783,5,783,99000,99,99000,99,2219715,99,8839966,0,391000,391000,8830605,8830605,390000,390000,0,0,0,0,392,392,390,390,1407,1407,CONSISTENT
12120,391422,99000,99000,0,0,0,0,0,2219715,99,391323,99,393,393,784,714,1,1000,694,393,393,393,392,392,18,1,99000,99,99,99,5,784,5,784,99000,99,99000,99,2219715,99,8847027,0,391000,391000,8830605,8830605,391000,391000,0,0,0,0,392,392,391,391,714,714,CONSISTENT
12130,391739,99000,99000,0,0,0,0,0,2219715,99,391640,99,394,394,785,1031,2,0,1029,394,394,394,392,392,0,1,99000,99,99,99,5,785,5,785,99000,99,99000,99,2219715,99,8854318,0,392000,392000,8853605,8853605,391000,391000,0,0,0,0,393,393,391,391,1031,1031,CONSISTENT
12140,392141,99000,99000,0,0,0,0,0,2219715,99,392042,99,394,394,785,1433,2,0,1029,394,394,394,392,392,10,1,99000,99,99,99,5,785,5,785,99000,99,99000,99,2219715,99,8863564,0,392000,392000,8853605,8853605,391000,391000,0,0,0,0,393,393,391,391,1435,1435,CONSISTENT
12151,392538,99000,99000,0,0,0,0,0,2219715,99,392439,99,394,394,785,1830,2,0,1029,394,394,394,392,392,20,1,99000,99,99,99,5,785,5,785,99000,99,99000,99,2219715,99,8872718,0,392000,392000,8853605,8853605,391000,391000,0,0,0,0,393,393,391,391,1834,1834,CONSISTENT
12160,392710,99000,99000,0,0,0,0,0,2219715,99,392611,99,394,394,786,1003,2,1000,853,394,395,394,393,393,28,1,99000,99,99,99,5,786,5,786,99000,99,99000,99,2219715,99,8876674,0,393000,393000,8876605,8876605,392000,392000,0,0,0,0,394,394,392,392,1004,1004,CONSISTENT
12170,393107,99000,99000,0,0,0,0,0,2219715,99,393008,99,395,395,787,1400,2,0,1016,395,395,395,393,393,8,1,99000,99,99,99,5,787,5,787,99000,99,99000,99,2219715,99,8885828,0,393000,393000,8876605,8876605,392000,392000,0,0,0,0,394,394,392,392,1402,1403,TORN-PERSISTENT
12180,393410,99000,99000,0,0,0,0,0,2219715,99,393311,99,395,395,788,704,1,1000,701,395,395,395,394,394,18,1,99000,99,99,99,5,788,5,788,99000,99,99000,99,2219715,99,8892797,0,393000,393000,8876605,8876605,393000,393000,0,0,0,0,394,394,393,393,704,704,CONSISTENT
12190,393712,99000,99000,0,0,0,0,0,2219715,99,393613,99,395,395,788,1006,2,1000,701,395,396,395,394,394,28,1,99000,99,99,99,5,788,5,788,99000,99,99000,99,2219715,99,8899743,0,394000,394000,8899605,8899605,393000,393000,0,0,0,0,395,395,393,393,1008,1008,CONSISTENT
12200,394075,99000,99000,0,0,0,0,0,2219715,99,393976,99,396,396,789,1369,2,0,1014,396,396,396,394,394,8,1,99000,99,99,99,5,789,5,789,99000,99,99000,99,2219715,99,8908092,0,394000,394000,8899605,8899605,393000,393000,0,0,0,0,395,395,393,393,1373,1374,TORN-PERSISTENT
12210,394267,99000,99000,0,0,0,0,0,2219715,99,394168,99,396,396,790,562,1,1000,549,396,396,396,395,395,18,1,99000,99,99,99,5,790,5,790,99000,99,99000,99,2219715,99,8912531,0,394000,394000,8899605,8899605,394000,394000,0,0,0,0,395,395,394,394,563,563,CONSISTENT
12220,394658,99000,99000,0,0,0,0,0,2219715,99,394559,99,396,396,790,953,1,1000,549,396,396,396,395,395,28,1,99000,99,99,99,5,790,5,790,99000,99,99000,99,2219715,99,8921570,0,394000,394000,8899605,8899605,394000,394000,0,0,0,0,395,395,394,394,956,956,CONSISTENT
12230,395047,99000,99000,0,0,0,0,0,2219715,99,394948,99,397,397,791,1342,2,0,1061,397,397,397,395,395,6,1,99000,99,99,99,5,791,5,791,99000,99,99000,99,2219715,99,8930471,0,395000,395000,8922605,8922605,394000,394000,0,0,0,0,396,396,394,394,1347,1347,CONSISTENT
12240,395452,99000,99000,0,0,0,0,0,2219715,99,395353,99,397,397,791,1747,2,0,1061,397,397,397,395,395,16,1,99000,99,99,99,5,791,5,791,99000,99,99000,99,2219715,99,8939786,0,395000,395000,8922605,8922605,394000,394000,0,0,0,0,396,396,394,394,1749,1749,CONSISTENT
12250,395619,99000,99000,0,0,0,0,0,2219715,99,395520,99,397,397,792,915,1,1000,891,397,397,397,396,396,26,1,99000,99,99,99,5,792,5,792,99000,99,99000,99,2219715,99,8943650,0,395000,395000,8922605,8922605,395000,395000,0,0,0,0,396,396,395,395,916,916,CONSISTENT
12260,396018,99000,99000,0,0,0,0,0,2219715,99,395919,99,398,398,793,1314,2,0,1061,398,398,398,396,396,6,1,99000,99,99,99,5,793,5,793,99000,99,99000,99,2219715,99,8952827,0,396000,396000,8945605,8945605,395000,395000,0,0,0,0,397,397,395,395,1316,1318,TORN-PERSISTENT
12270,396409,99000,99000,0,0,0,0,0,2219715,99,396310,99,398,398,793,1705,2,0,1061,398,398,398,396,396,16,1,99000,99,99,99,5,793,5,793,99000,99,99000,99,2219715,99,8961820,0,396000,396000,8945605,8945605,395000,395000,0,0,0,0,397,397,395,395,1705,1705,CONSISTENT
12280,396584,99000,99000,0,0,0,0,0,2219715,99,396485,99,398,398,794,881,1,1000,735,398,398,398,397,397,26,1,99000,99,99,99,5,794,5,794,99000,99,99000,99,2219715,99,8965868,0,396000,396000,8945605,8945605,396000,396000,0,0,0,0,397,397,396,396,882,884,TORN-PERSISTENT
12290,396975,99000,99000,0,0,0,0,0,2219715,99,396876,99,399,399,795,1272,2,0,1002,399,399,399,397,397,6,1,99000,99,99,99,5,795,5,795,99000,99,99000,99,2219715,99,8974861,0,397000,397000,8968605,8968605,396000,396000,0,0,0,0,398,398,396,396,1272,1272,CONSISTENT
12301,397265,99000,99000,0,0,0,0,0,2219715,99,397166,99,399,399,796,563,1,1000,552,399,399,399,398,398,16,1,99000,99,99,99,5,796,5,796,99000,99,99000,99,2219715,99,8981554,0,397000,397000,8968605,8968605,397000,397000,0,0,0,0,398,398,397,397,563,563,CONSISTENT
12310,397508,99000,99000,0,0,0,0,0,2219715,99,397409,99,399,399,796,806,1,1000,552,399,399,399,398,398,25,1,99000,99,99,99,5,796,5,796,99000,99,99000,99,2219715,99,8987143,0,397000,397000,8968605,8968605,397000,397000,0,0,0,0,398,398,397,397,810,810,CONSISTENT
12320,397908,99000,99000,0,0,0,0,0,2219715,99,397809,99,400,400,797,1206,2,0,1036,400,400,400,398,398,4,1,99000,99,99,99,5,797,5,797,99000,99,99000,99,2219715,99,8996343,0,398000,398000,8991605,8991605,397000,397000,0,0,0,0,399,399,397,397,1208,1209,TORN-PERSISTENT
12330,398300,99000,99000,0,0,0,0,0,2219715,99,398201,99,400,400,797,1598,2,0,1036,400,400,400,398,398,14,1,99000,99,99,99,5,797,5,797,99000,99,99000,99,2219715,99,9005405,0,398000,398000,8991605,8991605,397000,397000,0,0,0,0,399,399,397,397,1601,1601,CONSISTENT
12340,398616,99000,99000,0,0,0,0,0,2219715,99,398517,99,400,400,798,915,1,1000,909,400,400,400,399,399,24,1,99000,99,99,99,5,798,5,798,99000,99,99000,99,2219715,99,9012650,0,398000,398000,8991605,8991605,398000,398000,0,0,0,0,399,399,398,398,915,915,CONSISTENT
12350,398871,99000,99000,0,0,0,0,0,2219715,99,398772,99,401,401,799,1170,2,0,1052,401,401,401,399,399,2,1,99000,99,99,99,5,799,5,799,99000,99,99000,99,2219715,99,9018515,0,399000,399000,9014605,9014605,398000,398000,0,0,0,0,400,400,398,398,1175,1175,CONSISTENT
12360,399237,99000,99000,0,0,0,0,0,2219715,99,399138,99,401,401,799,1536,2,0,1052,401,401,401,399,399,12,1,99000,99,99,99,5,799,5,799,99000,99,99000,99,2219715,99,9026933,0,399000,399000,9014605,9014605,399000,399000,0,0,0,0,400,400,399,399,539,540,TORN-PERSISTENT
12370,399447,99000,99000,0,0,0,0,0,2219715,99,399348,99,401,401,800,747,1,1000,537,401,401,401,400,400,22,1,99000,99,99,99,5,800,5,800,99000,99,99000,99,2219715,99,9031786,0,399000,399000,9014605,9014605,399000,399000,0,0,0,0,400,400,399,399,749,751,TORN-PERSISTENT
12380,399839,99000,99000,0,0,0,0,0,2219715,99,399740,99,402,402,801,1139,2,0,1035,402,402,402,400,400,2,1,99000,99,99,99,5,801,5,801,99000,99,99000,99,2219715,99,9040825,0,400000,400000,9037605,9037605,399000,399000,0,0,0,0,401,401,399,399,1142,1142,CONSISTENT
12390,400241,99000,99000,0,0,0,0,0,2219715,99,400142,99,402,402,801,1541,2,0,1035,402,402,402,400,400,12,1,99000,99,99,99,5,801,5,801,99000,99,99000,99,2219715,99,9050048,0,400000,400000,9037605,9037605,399000,399000,0,0,0,0,401,401,399,399,1543,1545,TORN-PERSISTENT
12400,400442,99000,99000,0,0,0,0,0,2219715,99,400343,99,402,402,802,743,1,1000,630,402,402,402,401,401,22,1,99000,99,99,99,5,802,5,802,99000,99,99000,99,2219715,99,9054694,0,400000,400000,9037605,9037605,400000,400000,0,0,0,0,401,401,400,400,745,746,TORN-PERSISTENT
12410,400786,99000,99000,0,0,0,0,0,2219715,99,400687,99,403,403,803,1087,2,0,1023,403,403,403,401,401,0,1,99000,99,99,99,5,803,5,803,99000,99,99000,99,2219715,99,9062606,0,401000,401000,9060605,9060605,400000,400000,0,0,0,0,402,402,400,400,1092,1092,CONSISTENT
12420,401187,99000,99000,0,0,0,0,0,2219715,99,401088,99,403,403,803,1488,2,0,1023,403,403,403,401,401,10,1,99000,99,99,99,5,803,5,803,99000,99,99000,99,2219715,99,9071829,0,401000,401000,9060605,9060605,400000,400000,0,0,0,0,402,402,400,400,1488,1488,CONSISTENT
12430,401594,99000,99000,0,0,0,0,0,2219715,99,401495,99,403,403,803,1895,2,0,1023,403,403,403,401,401,22,1,99000,99,99,99,5,803,5,803,99000,99,99000,99,2219715,99,9081190,0,401000,401000,9060605,9060605,400000,400000,0,0,0,0,402,402,400,400,1896,1896,CONSISTENT
12440,401809,99000,99000,0,0,0,0,0,2219715,99,401710,99,404,404,805,1111,2,0,1024,404,404,404,402,402,2,1,99000,99,99,99,5,805,5,805,99000,99,99000,99,2219715,99,9086181,0,402000,402000,9083605,9083605,401000,401000,0,0,0,0,403,403,401,401,1114,1114,CONSISTENT
12450,402137,99000,99000,0,0,0,0,0,2219715,99,402038,99,404,404,805,1439,2,0,1024,404,404,404,402,402,10,1,99000,99,99,99,5,805,5,805,99000,99,99000,99,2219715,99,9093702,0,402000,402000,9083605,9083605,401000,401000,0,0,0,0,403,403,401,401,1440,1440,CONSISTENT
12460,402331,99000,99000,0,0,0,0,0,2219715,99,402232,99,404,404,806,634,1,1000,531,404,404,404,403,403,20,1,99000,99,99,99,5,806,5,806,99000,99,99000,99,2219715,99,9098210,0,402000,402000,9083605,9083605,402000,402000,0,0,0,0,403,403,402,402,635,635,CONSISTENT
12470,402724,99000,99000,0,0,0,0,0,2219715,99,402625,99,404,404,806,1027,2,1000,531,404,405,404,403,403,30,1,99000,99,99,99,5,806,5,806,99000,99,99000,99,2219715,99,9107226,0,403000,403000,9106605,9106605,402000,402000,0,0,0,0,404,404,402,402,1029,1029,CONSISTENT
12480,403121,99000,99000,0,0,0,0,0,2219715,99,403022,99,405,405,807,1424,2,0,1048,405,405,405,403,403,8,1,99000,99,99,99,5,807,5,807,99000,99,99000,99,2219715,99,9116403,0,403000,403000,9106605,9106605,402000,402000,0,0,0,0,404,404,402,402,1426,1426,CONSISTENT
12490,403381,99000,99000,0,0,0,0,0,2219715,99,403282,99,405,405,808,685,1,1000,683,405,405,405,404,404,18,1,99000,99,99,99,5,808,5,808,99000,99,99000,99,2219715,99,9122360,0,403000,403000,9106605,9106605,403000,403000,0,0,0,0,404,404,403,403,685,685,CONSISTENT
12501,403710,99000,99000,0,0,0,0,0,2219715,99,403611,99,405,405,808,1014,2,1000,683,405,406,405,404,404,28,1,99000,99,99,99,5,808,5,808,99000,99,99000,99,2219715,99,9129950,0,404000,404000,9129605,9129605,403000,403000,0,0,0,0,405,405,403,403,1018,1018,CONSISTENT
12510,404072,99000,99000,0,0,0,0,0,2219715,99,403973,99,406,406,809,1376,2,0,1018,406,406,406,404,404,8,1,99000,99,99,99,5,809,5,809,99000,99,99000,99,2219715,99,9138253,0,404000,404000,9129605,9129605,403000,403000,0,0,0,0,405,405,403,403,1380,1380,CONSISTENT
12520,404274,99000,99000,0,0,0,0,0,2219715,99,404175,99,406,406,810,579,1,1000,547,406,406,406,405,405,18,1,99000,99,99,99,5,810,5,810,99000,99,99000,99,2219715,99,9142922,0,404000,404000,9129605,9129605,404000,404000,0,0,0,0,405,405,404,404,582,582,CONSISTENT
12530,404644,99000,99000,0,0,0,0,0,2219715,99,404545,99,406,406,810,949,1,1000,547,406,406,406,405,405,28,1,99000,99,99,99,5,810,5,810,99000,99,99000,99,2219715,99,9151432,0,404000,404000,9129605,9129605,404000,404000,0,0,0,0,405,405,404,404,954,954,CONSISTENT
12540,405017,99000,99000,0,0,0,0,0,2219715,99,404918,99,407,407,811,1322,2,0,1065,407,407,407,405,405,6,1,99000,99,99,99,5,811,5,811,99000,99,99000,99,2219715,99,9160011,0,405000,405000,9152605,9152605,404000,404000,0,0,0,0,406,406,404,404,1322,1322,CONSISTENT
12550,405355,99000,99000,0,0,0,0,0,2219715,99,405256,99,407,407,811,1660,2,0,1065,407,407,407,405,405,16,1,99000,99,99,99,5,811,5,811,99000,99,99000,99,2219715,99,9167808,0,405000,405000,9152605,9152605,404000,404000,0,0,0,0,406,406,404,404,1662,1662,CONSISTENT
12560,405566,99000,99000,0,0,0,0,0,2219715,99,405467,99,407,407,812,872,1,1000,851,407,407,407,406,406,26,1,99000,99,99,99,5,812,5,812,99000,99,99000,99,2219715,99,9172684,0,405000,405000,9152605,9152605,405000,405000,0,0,0,0,406,406,405,405,873,873,CONSISTENT
12570,405966,99000,99000,0,0,0,0,0,2219715,99,405867,99,408,408,813,1272,2,0,1007,408,408,408,406,406,6,1,99000,99,99,99,5,813,5,813,99000,99,99000,99,2219715,99,9181884,0,406000,406000,9175605,9175605,405000,405000,0,0,0,0,407,407,405,405,1273,1273,CONSISTENT
12580,406366,99000,99000,0,0,0,0,0,2219715,99,406267,99,408,408,813,1672,2,0,1007,408,408,408,406,406,16,1,99000,99,99,99,5,813,5,813,99000,99,99000,99,2219715,99,9191061,0,406000,406000,9175605,9175605,405000,405000,0,0,0,0,407,407,405,405,1672,1672,CONSISTENT
12590,406576,99000,99000,0,0,0,0,0,2219715,99,406477,99,408,408,814,883,1,1000,681,408,408,408,407,407,26,1,99000,99,99,99,5,814,5,814,99000,99,99000,99,2219715,99,9195914,0,406000,406000,9175605,9175605,406000,406000,0,0,0,0,407,407,406,406,887,888,TORN-PERSISTENT
12601,406951,99000,99000,0,0,0,0,0,2219715,99,406852,99,409,409,815,1258,2,0,1094,409,409,409,407,407,4,1,99000,99,99,99,5,815,5,815,99000,99,99000,99,2219715,99,9204539,0,407000,407000,9198605,9198605,406000,406000,0,0,0,0,408,408,406,406,1258,1258,CONSISTENT
12610,407081,99000,99000,0,0,0,0,0,2219715,99,406982,99,409,409,816,389,1,1000,383,409,409,409,408,408,13,1,99000,99,99,99,5,816,5,816,99000,99,99000,99,2219715,99,9207552,0,407000,407000,9198605,9198605,407000,407000,0,0,0,0,408,408,407,407,389,389,CONSISTENT
12620,407424,99000,99000,0,0,0,0,0,2219715,99,407325,99,409,409,816,732,1,1000,383,409,409,409,408,408,23,1,99000,99,99,99,5,816,5,816,99000,99,99000,99,2219715,99,9215441,0,407000,407000,9198605,9198605,407000,407000,0,0,0,0,408,408,407,407,734,736,TORN-PERSISTENT
12630,407832,99000,99000,0,0,0,0,0,2219715,99,407733,99,410,410,817,1140,2,0,1019,410,410,410,408,408,2,1,99000,99,99,99,5,817,5,817,99000,99,99000,99,2219715,99,9224825,0,408000,408000,9221605,9221605,407000,407000,0,0,0,0,409,409,407,407,1141,1141,CONSISTENT
12640,408225,99000,99000,0,0,0,0,0,2219715,99,408126,99,410,410,817,1533,2,0,1019,410,410,410,408,408,12,1,99000,99,99,99,5,817,5,817,99000,99,99000,99,2219715,99,9233864,0,408000,408000,9221605,9221605,407000,407000,0,0,0,0,409,409,407,407,1537,1537,CONSISTENT
12650,408426,99000,99000,0,0,0,0,0,2219715,99,408327,99,410,410,818,735,1,1000,715,410,410,410,409,409,22,1,99000,99,99,99,5,818,5,818,99000,99,99000,99,2219715,99,9238556,0,408000,408000,9221605,9221605,408000,408000,0,0,0,0,409,409,408,408,739,740,TORN-PERSISTENT
12660,408760,99000,99000,0,0,0,0,0,2219715,99,408661,99,411,411,819,1069,2,0,1050,411,411,411,409,409,0,1,99000,99,99,99,5,819,5,819,99000,99,99000,99,2219715,99,9246192,0,409000,409000,9244605,9244605,408000,408000,0,0,0,0,410,410,408,408,1073,1073,CONSISTENT
12670,409130,99000,99000,0,0,0,0,0,2219715,99,409031,99,411,411,819,1439,2,0,1050,411,411,411,409,409,10,1,99000,99,99,99,5,819,5,819,99000,99,99000,99,2219715,99,9254702,0,409000,409000,9244605,9244605,408000,408000,0,0,0,0,410,410,408,408,1439,1439,CONSISTENT
12680,409324,99000,99000,0,0,0,0,0,2219715,99,409225,99,411,411,820,634,1,1000,552,411,411,411,410,410,20,1,99000,99,99,99,5,820,5,820,99000,99,99000,99,2219715,99,9259187,0,409000,409000,9244605,9244605,409000,409000,0,0,0,0,410,410,409,409,636,636,CONSISTENT
12690,409709,99000,99000,0,0,0,0,0,2219715,99,409610,99,411,411,820,1019,2,1000,552,411,412,411,410,410,30,1,99000,99,99,99,5,820,5,820,99000,99,99000,99,2219715,99,9268042,0,410000,410000,9267605,9267605,409000,409000,0,0,0,0,411,411,409,409,1019,1019,CONSISTENT
12700,410104,99000,99000,0,0,0,0,0,2219715,99,410005,99,412,412,821,1414,2,0,1077,412,412,412,410,410,8,1,99000,99,99,99,5,821,5,821,99000,99,99000,99,2219715,99,9277127,0,410000,410000,9267605,9267605,409000,409000,0,0,0,0,411,411,409,409,1414,1414,CONSISTENT
12710,410429,99000,99000,0,0,0,0,0,2219715,99,410330,99,412,412,821,1739,2,0,1077,412,412,412,410,410,16,1,99000,99,99,99,5,821,5,821,99000,99,99000,99,2219715,99,9284602,0,410000,410000,9267605,9267605,409000,409000,0,0,0,0,411,411,409,409,1740,1740,CONSISTENT
12720,410622,99000,99000,0,0,0,0,0,2219715,99,410523,99,412,412,822,933,1,1000,748,412,412,412,411,411,26,1,99000,99,99,99,5,822,5,822,99000,99,99000,99,2219715,99,9289064,0,410000,410000,9267605,9267605,410000,410000,0,0,0,0,411,411,410,410,933,933,CONSISTENT
12730,411026,99000,99000,0,0,0,0,0,2219715,99,410927,99,413,413,823,1337,2,0,1012,413,413,413,411,411,8,1,99000,99,99,99,5,823,5,823,99000,99,99000,99,2219715,99,9298356,0,411000,411000,9290605,9290605,410000,410000,0,0,0,0,412,412,410,410,1338,1338,CONSISTENT
12740,411427,99000,99000,0,0,0,0,0,2219715,99,411328,99,413,413,823,1738,2,0,1012,413,413,413,411,411,16,1,99000,99,99,99,5,823,5,823,99000,99,99000,99,2219715,99,9307579,0,411000,411000,9290605,9290605,410000,410000,0,0,0,0,412,412,410,410,1738,1738,CONSISTENT
12750,411630,99000,99000,0,0,0,0,0,2219715,99,411531,99,413,413,824,942,1,1000,739,413,413,413,412,412,26,1,99000,99,99,99,5,824,5,824,99000,99,99000,99,2219715,99,9312271,0,411000,411000,9290605,9290605,411000,411000,0,0,0,0,412,412,411,411,944,945,TORN-PERSISTENT
12760,412030,99000,99000,0,0,0,0,0,2219715,99,411931,99,414,414,825,1342,2,0,1019,414,414,414,412,412,8,1,99000,99,99,99,5,825,5,825,99000,99,99000,99,2219715,99,9321471,0,412000,412000,9313605,9313605,411000,411000,0,0,0,0,413,413,411,411,1344,1344,CONSISTENT
12770,412269,99000,99000,0,0,0,0,0,2219715,99,412170,99,414,414,826,582,1,1000,571,414,414,414,413,413,16,1,99000,99,99,99,5,826,5,826,99000,99,99000,99,2219715,99,9326991,0,412000,412000,9313605,9313605,412000,412000,0,0,0,0,413,413,412,412,582,582,CONSISTENT
12780,412598,99000,99000,0,0,0,0,0,2219715,99,412499,99,414,414,826,911,1,1000,571,414,414,414,413,413,26,1,99000,99,99,99,5,826,5,826,99000,99,99000,99,2219715,99,9334558,0,412000,412000,9313605,9313605,412000,412000,0,0,0,0,413,413,412,412,912,912,CONSISTENT
12790,412997,99000,99000,0,0,0,0,0,2219715,99,412898,99,415,415,827,1310,2,0,1001,415,415,415,413,413,6,1,99000,99,99,99,5,827,5,827,99000,99,99000,99,2219715,99,9343735,0,413000,413000,9336605,9336605,412000,412000,0,0,0,0,414,414,412,412,1311,1311,CONSISTENT
12800,413391,99000,99000,0,0,0,0,0,2219715,99,413292,99,415,415,827,1704,2,0,1001,415,415,415,413,413,16,1,99000,99,99,99,5,827,5,827,99000,99,99000,99,2219715,99,9352797,0,413000,413000,9336605,9336605,412000,412000,0,0,0,0,414,414,412,412,1705,1705,CONSISTENT
12810,413618,99000,99000,0,0,0,0,0,2219715,99,413519,99,415,415,828,932,1,1000,924,415,415,415,414,414,26,1,99000,99,99,99,5,828,5,828,99000,99,99000,99,2219715,99,9358041,0,413000,413000,9336605,9336605,413000,413000,0,0,0,0,414,414,413,413,932,932,CONSISTENT
12820,413958,99000,99000,0,0,0,0,0,2219715,99,413859,99,416,416,829,1272,2,0,1012,416,416,416,414,414,6,1,99000,99,99,99,5,829,5,829,99000,99,99000,99,2219715,99,9365861,0,414000,414000,9359605,9359605,413000,413000,0,0,0,0,415,415,413,413,1272,1272,CONSISTENT
12830,414162,99000,99000,0,0,0,0,0,2219715,99,414063,99,416,416,830,477,1,1000,357,416,416,416,415,415,16,1,99000,99,99,99,5,830,5,830,99000,99,99000,99,2219715,99,9370576,0,414000,414000,9359605,9359605,414000,414000,0,0,0,0,415,415,414,414,477,477,CONSISTENT
12840,414555,99000,99000,0,0,0,0,0,2219715,99,414456,99,416,416,830,870,1,1000,357,416,416,416,415,415,26,1,99000,99,99,99,5,830,5,830,99000,99,99000,99,2219715,99,9379638,0,414000,414000,9359605,9359605,414000,414000,0,0,0,0,415,415,414,414,872,872,CONSISTENT
12850,414954,99000,99000,0,0,0,0,0,2219715,99,414855,99,417,417,831,1269,2,0,1060,417,417,417,415,415,4,1,99000,99,99,99,5,831,5,831,99000,99,99000,99,2219715,99,9388792,0,415000,415000,9382605,9382605,414000,414000,0,0,0,0,416,416,414,414,1269,1269,CONSISTENT
12860,415280,99000,99000,0,0,0,0,0,2219715,99,415181,99,417,417,832,596,1,1000,593,417,417,417,416,416,14,1,99000,99,99,99,5,832,5,832,99000,99,99000,99,2219715,99,9396313,0,415000,415000,9382605,9382605,415000,415000,0,0,0,0,416,416,415,415,596,596,CONSISTENT
12870,415551,99000,99000,0,0,0,0,0,2219715,99,415452,99,417,417,832,867,1,1000,593,417,417,417,416,416,24,1,99000,99,99,99,5,832,5,832,99000,99,99000,99,2219715,99,9402546,0,415000,415000,9382605,9382605,415000,415000,0,0,0,0,416,416,415,415,868,869,TORN-PERSISTENT
12880,415912,99000,99000,0,0,0,0,0,2219715,99,415813,99,418,418,833,1228,2,0,1064,418,418,418,416,416,4,1,99000,99,99,99,5,833,5,833,99000,99,99000,99,2219715,99,9410872,0,416000,416000,9405605,9405605,415000,415000,0,0,0,0,417,417,415,415,1231,1231,CONSISTENT
12890,416314,99000,99000,0,0,0,0,0,2219715,99,416215,99,418,418,833,1630,2,0,1064,418,418,418,416,416,14,1,99000,99,99,99,5,833,5,833,99000,99,99000,99,2219715,99,9420095,0,416000,416000,9405605,9405605,415000,415000,0,0,0,0,417,417,415,415,1630,1630,CONSISTENT
12900,416629,99000,99000,0,0,0,0,0,2219715,99,416530,99,418,418,834,946,1,1000,934,418,418,418,417,417,24,1,99000,99,99,99,5,834,5,834,99000,99,99000,99,2219715,99,9427363,0,416000,416000,9405605,9405605,416000,416000,0,0,0,0,417,417,416,416,946,946,CONSISTENT
12910,416914,99000,99000,0,0,0,0,0,2219715,99,416815,99,419,419,835,1231,2,0,1025,419,419,419,417,417,4,1,99000,99,99,99,5,835,5,835,99000,99,99000,99,2219715,99,9433918,0,417000,417000,9428605,9428605,416000,416000,0,0,0,0,418,418,416,416,1232,1232,CONSISTENT
12920,417133,99000,99000,0,0,0,0,0,2219715,99,417034,99,419,419,836,451,1,1000,414,419,419,419,418,418,14,1,99000,99,99,99,5,836,5,836,99000,99,99000,99,2219715,99,9438978,0,417000,417000,9428605,9428605,417000,417000,0,0,0,0,418,418,417,417,451,451,CONSISTENT
12930,417493,99000,99000,0,0,0,0,0,2219715,99,417394,99,419,419,836,811,1,1000,414,419,419,419,418,418,24,1,99000,99,99,99,5,836,5,836,99000,99,99000,99,2219715,99,9447258,0,417000,417000,9428605,9428605,417000,417000,0,0,0,0,418,418,417,417,813,814,TORN-PERSISTENT
12940,417898,99000,99000,0,0,0,0,0,2219715,99,417799,99,420,420,837,1216,2,0,1026,420,420,420,418,418,4,1,99000,99,99,99,5,837,5,837,99000,99,99000,99,2219715,99,9456596,0,418000,418000,9451605,9451605,417000,417000,0,0,0,0,419,419,417,417,1217,1217,CONSISTENT
12950,418294,99000,99000,0,0,0,0,0,2219715,99,418195,99,420,420,837,1612,2,0,1026,420,420,420,418,418,14,1,99000,99,99,99,5,837,5,837,99000,99,99000,99,2219715,99,9465704,0,418000,418000,9451605,9451605,417000,417000,0,0,0,0,419,419,417,417,1614,1614,CONSISTENT
12960,418506,99000,99000,0,0,0,0,0,2219715,99,418407,99,420,420,838,825,1,1000,643,420,420,420,419,419,24,1,99000,99,99,99,5,838,5,838,99000,99,99000,99,2219715,99,9470580,0,418000,418000,9451605,9451605,418000,418000,0,0,0,0,419,419,418,418,825,825,CONSISTENT
12970,418905,99000,99000,0,0,0,0,0,2219715,99,418806,99,421,421,839,1224,2,0,1038,421,421,421,419,419,4,1,99000,99,99,99,5,839,5,839,99000,99,99000,99,2219715,99,9479757,0,419000,419000,9474605,9474605,418000,418000,0,0,0,0,420,420,418,418,1225,1225,CONSISTENT
12980,419306,99000,99000,0,0,0,0,0,2219715,99,419207,99,421,421,839,1626,2,0,1038,421,421,421,419,419,14,1,99000,99,99,99,5,839,5,839,99000,99,99000,99,2219715,99,9489003,0,419000,419000,9474605,9474605,418000,418000,0,0,0,0,420,420,418,418,1629,1629,CONSISTENT
12990,419471,99000,99000,0,0,0,0,0,2219715,99,419372,99,421,421,840,791,1,1000,728,421,421,421,420,420,24,1,99000,99,99,99,5,840,5,840,99000,99,99000,99,2219715,99,9492798,0,419000,419000,9474605,9474605,419000,419000,0,0,0,0,420,420,419,419,791,791,CONSISTENT
13000,419866,99000,99000,0,0,0,0,0,2219715,99,419767,99,422,422,841,1186,2,0,1020,422,422,422,420,420,4,1,99000,99,99,99,5,841,5,841,99000,99,99000,99,2219715,99,9501883,0,420000,420000,9497605,9497605,419000,419000,0,0,0,0,421,421,419,419,1187,1187,CONSISTENT
13010,420261,99000,99000,0,0,0,0,0,2219715,99,420162,99,422,422,841,1581,2,0,1020,422,422,422,420,420,14,1,99000,99,99,99,5,841,5,841,99000,99,99000,99,2219715,99,9510968,0,420000,420000,9497605,9497605,419000,419000,0,0,0,0,421,421,419,419,1584,1584,CONSISTENT
13020,420533,99000,99000,0,0,0,0,0,2219715,99,420434,99,422,422,842,854,1,1000,848,422,422,422,421,421,24,1,99000,99,99,99,5,842,5,842,99000,99,99000,99,2219715,99,9517247,0,420000,420000,9497605,9497605,420000,420000,0,0,0,0,421,421,420,420,854,854,CONSISTENT
13030,420858,99000,99000,0,0,0,0,0,2219715,99,420759,99,423,423,843,1179,2,0,1015,423,423,423,421,421,4,1,99000,99,99,99,5,843,5,843,99000,99,99000,99,2219715,99,9524722,0,421000,421000,9520605,9520605,420000,420000,0,0,0,0,422,422,420,420,1179,1179,CONSISTENT
13040,421191,99000,99000,0,0,0,0,0,2219715,99,421092,99,423,423,843,1512,2,0,1015,423,423,423,421,421,12,1,99000,99,99,99,5,843,5,843,99000,99,99000,99,2219715,99,9532381,0,421000,421000,9520605,9520605,420000,420000,0,0,0,0,422,422,420,420,1514,1514,CONSISTENT
13050,421389,99000,99000,0,0,0,0,0,2219715,99,421290,99,423,423,844,711,1,1000,637,423,423,423,422,422,22,1,99000,99,99,99,5,844,5,844,99000,99,99000,99,2219715,99,9536958,0,421000,421000,9520605,9520605,421000,421000,0,0,0,0,422,422,421,421,712,712,CONSISTENT
13060,421786,99000,99000,0,0,0,0,0,2219715,99,421687,99,424,424,845,1108,2,0,1036,424,424,424,422,422,0,1,99000,99,99,99,5,845,5,845,99000,99,99000,99,2219715,99,9546089,0,422000,422000,9543605,9543605,421000,421000,0,0,0,0,423,423,421,421,1108,1108,CONSISTENT
13070,422144,99000,99000,0,0,0,0,0,2219715,99,422045,99,424,424,846,467,1,1000,465,424,424,424,423,423,11,1,99000,99,99,99,5,846,5,846,99000,99,99000,99,2219715,99,9554346,0,422000,422000,9543605,9543605,422000,422000,0,0,0,0,423,423,422,422,467,467,CONSISTENT
13080,422348,99000,99000,0,0,0,0,0,2219715,99,422249,99,424,424,846,671,1,1000,465,424,424,424,423,423,20,1,99000,99,99,99,5,846,5,846,99000,99,99000,99,2219715,99,9559038,0,422000,422000,9543605,9543605,422000,422000,0,0,0,0,423,423,422,422,675,675,CONSISTENT
13090,422745,99000,99000,0,0,0,0,0,2219715,99,422646,99,424,424,846,1068,2,1000,465,424,425,424,423,423,30,1,99000,99,99,99,5,846,5,846,99000,99,99000,99,2219715,99,9568169,0,423000,423000,9566605,9566605,422000,422000,0,0,0,0,424,424,422,422,1072,1073,TORN-PERSISTENT
13100,423102,99000,99000,0,0,0,0,0,2219715,99,423003,99,425,425,847,1425,2,0,1078,425,425,425,423,423,8,1,99000,99,99,99,5,847,5,847,99000,99,99000,99,2219715,99,9576380,0,423000,423000,9566605,9566605,422000,422000,0,0,0,0,424,424,422,422,1427,1427,CONSISTENT
13110,423490,99000,99000,0,0,0,0,0,2219715,99,423391,99,425,425,848,814,1,1000,809,425,425,425,424,424,18,1,99000,99,99,99,5,848,5,848,99000,99,99000,99,2219715,99,9585327,0,423000,423000,9566605,9566605,423000,423000,0,0,0,0,424,424,423,423,814,814,CONSISTENT
13120,423692,99000,99000,0,0,0,0,0,2219715,99,423593,99,425,425,848,1016,2,1000,809,425,426,425,424,424,28,1,99000,99,99,99,5,848,5,848,99000,99,99000,99,2219715,99,9589973,0,424000,424000,9589605,9589605,423000,423000,0,0,0,0,425,425,423,423,1016,1016,CONSISTENT
13130,424081,99000,99000,0,0,0,0,0,2219715,99,423982,99,426,426,849,1405,2,0,1041,426,426,426,424,424,8,1,99000,99,99,99,5,849,5,849,99000,99,99000,99,2219715,99,9598943,0,424000,424000,9589605,9589605,423000,423000,0,0,0,0,425,425,423,423,1406,1406,CONSISTENT
13140,424302,99000,99000,0,0,0,0,0,2219715,99,424203,99,426,426,850,627,1,1000,625,426,426,426,425,425,18,1,99000,99,99,99,5,850,5,850,99000,99,99000,99,2219715,99,9604026,0,424000,424000,9589605,9589605,424000,424000,0,0,0,0,425,425,424,424,627,627,CONSISTENT
13150,424639,99000,99000,0,0,0,0,0,2219715,99,424540,99,426,426,850,964,1,1000,625,426,426,426,425,425,28,1,99000,99,99,99,5,850,5,850,99000,99,99000,99,2219715,99,9611777,0,424000,424000,9589605,9589605,424000,424000,0,0,0,0,425,425,424,424,964,964,CONSISTENT
13160,425007,99000,99000,0,0,0,0,0,2219715,99,424908,99,427,427,851,1332,2,0,1093,427,427,427,425,425,6,1,99000,99,99,99,5,851,5,851,99000,99,99000,99,2219715,99,9620241,0,425000,425000,9612605,9612605,424000,424000,0,0,0,0,426,426,424,424,1335,1335,CONSISTENT
13170,425217,99000,99000,0,0,0,0,0,2219715,99,425118,99,427,427,852,543,1,1000,431,427,427,427,426,426,16,1,99000,99,99,99,5,852,5,852,99000,99,99000,99,2219715,99,9625094,0,425000,425000,9612605,9612605,425000,425000,0,0,0,0,426,426,425,425,543,543,CONSISTENT
13180,425582,99000,99000,0,0,0,0,0,2219715,99,425483,99,427,427,852,908,1,1000,431,427,427,427,426,426,26,1,99000,99,99,99,5,852,5,852,99000,99,99000,99,2219715,99,9633489,0,425000,425000,9612605,9612605,425000,425000,0,0,0,0,426,426,425,425,908,908,CONSISTENT
13190,425937,99000,99000,0,0,0,0,0,2219715,99,425838,99,428,428,853,1263,2,0,1010,428,428,428,426,426,6,1,99000,99,99,99,5,853,5,853,99000,99,99000,99,2219715,99,9641677,0,426000,426000,9635605,9635605,425000,425000,0,0,0,0,427,427,425,425,1267,1267,CONSISTENT
13200,426295,99000,99000,0,0,0,0,0,2219715,99,426196,99,428,428,853,1621,2,0,1010,428,428,428,426,426,16,1,99000,99,99,99,5,853,5,853,99000,99,99000,99,2219715,99,9649888,0,426000,426000,9635605,9635605,425000,425000,0,0,0,0,427,427,425,425,1623,1624,TORN-PERSISTENT
13210,426380,99000,99000,0,0,0,0,0,2219715,99,426281,99,428,428,854,707,1,1000,634,428,428,428,427,427,25,1,99000,99,99,99,5,854,5,854,99000,99,99000,99,2219715,99,9651866,0,426000,426000,9635605,9635605,426000,426000,0,0,0,0,427,427,426,426,708,708,CONSISTENT
13220,426761,99000,99000,0,0,0,0,0,2219715,99,426662,99,429,429,855,1088,2,0,1045,429,429,429,427,427,0,1,99000,99,99,99,5,855,5,855,99000,99,99000,99,2219715,99,9660629,0,427000,427000,9658605,9658605,426000,426000,0,0,0,0,428,428,426,426,1088,1088,CONSISTENT
13230,427145,99000,99000,0,0,0,0,0,2219715,99,427046,99,429,429,855,1472,2,0,1045,429,429,429,427,427,10,1,99000,99,99,99,5,855,5,855,99000,99,99000,99,2219715,99,9669461,0,427000,427000,9658605,9658605,426000,426000,0,0,0,0,428,428,426,426,1472,1472,CONSISTENT
13240,427537,99000,99000,0,0,0,0,0,2219715,99,427438,99,429,429,855,1864,2,0,1045,429,429,429,427,427,20,1,99000,99,99,99,5,855,5,855,99000,99,99000,99,2219715,99,9678477,0,427000,427000,9658605,9658605,426000,426000,0,0,0,0,428,428,426,426,1865,1865,CONSISTENT
13250,427700,99000,99000,0,0,0,0,0,2219715,99,427601,99,430,430,857,1028,2,0,1026,430,430,430,428,428,0,1,99000,99,99,99,5,857,5,857,99000,99,99000,99,2219715,99,9682249,0,428000,428000,9681605,9681605,427000,427000,0,0,0,0,429,429,427,427,1032,1032,CONSISTENT
13260,428091,99000,99000,0,0,0,0,0,2219715,99,427992,99,430,430,857,1419,2,0,1026,430,430,430,428,428,10,1,99000,99,99,99,5,857,5,857,99000,99,99000,99,2219715,99,9691242,0,428000,428000,9681605,9681605,427000,427000,0,0,0,0,429,429,427,427,1422,1422,CONSISTENT
13270,428411,99000,99000,0,0,0,0,0,2219715,99,428312,99,430,430,858,740,1,1000,736,430,430,430,429,429,20,1,99000,99,99,99,5,858,5,858,99000,99,99000,99,2219715,99,9698625,0,428000,428000,9681605,9681605,428000,428000,0,0,0,0,429,429,428,428,740,740,CONSISTENT
13280,428684,99000,99000,0,0,0,0,0,2219715,99,428585,99,430,430,858,1013,2,1000,736,430,431,430,429,429,30,1,99000,99,99,99,5,858,5,858,99000,99,99000,99,2219715,99,9704904,0,429000,429000,9704605,9704605,428000,428000,0,0,0,0,430,430,428,428,1013,1013,CONSISTENT
13290,429074,99000,99000,0,0,0,0,0,2219715,99,428975,99,431,431,859,1403,2,0,1065,431,431,431,429,429,8,1,99000,99,99,99,5,859,5,859,99000,99,99000,99,2219715,99,9713874,0,429000,429000,9704605,9704605,428000,428000,0,0,0,0,430,430,428,428,1405,1406,TORN-PERSISTENT
13300,429236,99000,99000,0,0,0,0,0,2219715,99,429137,99,431,431,860,566,1,1000,562,431,431,431,430,430,16,1,99000,99,99,99,5,860,5,860,99000,99,99000,99,2219715,99,9717623,0,429000,429000,9704605,9704605,429000,429000,0,0,0,0,430,430,429,429,566,566,CONSISTENT
13310,429603,99000,99000,0,0,0,0,0,2219715,99,429504,99,431,431,860,933,1,1000,562,431,431,431,430,430,26,1,99000,99,99,99,5,860,5,860,99000,99,99000,99,2219715,99,9726064,0,429000,429000,9704605,9704605,429000,429000,0,0,0,0,430,430,429,429,934,934,CONSISTENT
13320,429992,99000,99000,0,0,0,0,0,2219715,99,429893,99,432,432,861,1322,2,0,1031,432,432,432,430,430,6,1,99000,99,99,99,5,861,5,861,99000,99,99000,99,2219715,99,9735011,0,430000,430000,9727605,9727605,429000,429000,0,0,0,0,431,431,429,429,1322,1322,CONSISTENT
13330,430333,99000,99000,0,0,0,0,0,2219715,99,430234,99,432,432,861,1663,2,0,1031,432,432,432,430,430,16,1,99000,99,99,99,5,861,5,861,99000,99,99000,99,2219715,99,9742854,0,430000,430000,9727605,9727605,429000,429000,0,0,0,0,431,431,429,429,1663,1663,CONSISTENT
13340,430546,99000,99000,0,0,0,0,0,2219715,99,430447,99,432,432,862,877,1,1000,823,432,432,432,431,431,28,1,99000,99,99,99,5,862,5,862,99000,99,99000,99,2219715,99,9747776,0,430000,430000,9727605,9727605,430000,430000,0,0,0,0,431,431,430,430,877,877,CONSISTENT
13350,430909,99000,99000,0,0,0,0,0,2219715,99,430810,99,433,433,863,1240,2,0,1014,433,433,433,431,431,6,1,99000,99,99,99,5,863,5,863,99000,99,99000,99,2219715,99,9756125,0,431000,431000,9750605,9750605,430000,430000,0,0,0,0,432,432,430,430,1242,1243,TORN-PERSISTENT
13360,431255,99000,99000,0,0,0,0,0,2219715,99,431156,99,433,433,863,1586,2,0,1014,433,433,433,431,431,14,1,99000,99,99,99,5,863,5,863,99000,99,99000,99,2219715,99,9764083,0,431000,431000,9750605,9750605,430000,430000,0,0,0,0,432,432,430,430,1590,1590,CONSISTENT
13370,431424,99000,99000,0,0,0,0,0,2219715,99,431325,99,433,433,864,756,1,1000,602,433,433,433,432,432,24,1,99000,99,99,99,5,864,5,864,99000,99,99000,99,2219715,99,9767993,0,431000,431000,9750605,9750605,431000,431000,0,0,0,0,432,432,431,431,759,759,CONSISTENT
13380,431768,99000,99000,0,0,0,0,0,2219715,99,431669,99,434,434,865,1100,2,0,1061,434,434,434,432,432,0,1,99000,99,99,99,5,865,5,865,99000,99,99000,99,2219715,99,9775905,0,432000,432000,9773605,9773605,431000,431000,0,0,0,0,433,433,431,431,1103,1103,CONSISTENT
13390,432163,99000,99000,0,0,0,0,0,2219715,99,432064,99,434,434,865,1495,2,0,1061,434,434,434,432,432,10,1,99000,99,99,99,5,865,5,865,99000,99,99000,99,2219715,99,9784990,0,432000,432000,9773605,9773605,431000,431000,0,0,0,0,433,433,431,431,1495,1495,CONSISTENT
13400,432541,99000,99000,0,0,0,0,0,2219715,99,432442,99,434,434,865,1873,2,0,1061,434,434,434,432,432,20,1,99000,99,99,99,5,865,5,865,99000,99,99000,99,2219715,99,9793684,0,432000,432000,9773605,9773605,431000,431000,0,0,0,0,433,433,431,431,1876,1876,CONSISTENT
13410,432703,99000,99000,0,0,0,0,0,2219715,99,432604,99,435,435,867,1036,2,0,1008,435,435,435,433,433,0,1,99000,99,99,99,5,867,5,867,99000,99,99000,99,2219715,99,9797433,0,433000,433000,9796605,9796605,432000,432000,0,0,0,0,434,434,432,432,1038,1039,TORN-PERSISTENT
13420,433054,99000,99000,0,0,0,0,0,2219715,99,432955,99,435,435,868,388,1,1000,388,435,435,435,434,434,10,1,99000,99,99,99,5,868,5,868,99000,99,99000,99,2219715,99,9805529,0,433000,433000,9796605,9796605,433000,433000,0,0,0,0,434,434,433,433,390,390,CONSISTENT
13430,433240,99000,99000,0,0,0,0,0,2219715,99,433141,99,435,435,868,574,1,1000,388,435,435,435,434,434,20,1,99000,99,99,99,5,868,5,868,99000,99,99000,99,2219715,99,9809807,0,433000,433000,9796605,9796605,433000,433000,0,0,0,0,434,434,433,433,579,580,TORN-PERSISTENT
13440,433622,99000,99000,0,0,0,0,0,2219715,99,433523,99,435,435,868,956,1,1000,388,435,435,435,434,434,30,1,99000,99,99,99,5,868,5,868,99000,99,99000,99,2219715,99,9818593,0,433000,433000,9796605,9796605,433000,433000,0,0,0,0,434,434,433,433,958,959,TORN-PERSISTENT
13450,434008,99000,99000,0,0,0,0,0,2219715,99,433909,99,436,436,869,1342,2,0,1068,436,436,436,434,434,6,1,99000,99,99,99,5,869,5,869,99000,99,99000,99,2219715,99,9827471,0,434000,434000,9819605,9819605,433000,433000,0,0,0,0,435,435,433,433,1343,1343,CONSISTENT
13460,434244,99000,99000,0,0,0,0,0,2219715,99,434145,99,436,436,870,579,1,1000,569,436,436,436,435,435,16,1,99000,99,99,99,5,870,5,870,99000,99,99000,99,2219715,99,9832922,0,434000,434000,9819605,9819605,434000,434000,0,0,0,0,435,435,434,434,579,579,CONSISTENT
13470,434520,99000,99000,0,0,0,0,0,2219715,99,434421,99,436,436,870,855,1,1000,569,436,436,436,435,435,26,1,99000,99,99,99,5,870,5,870,99000,99,99000,99,2219715,99,9839270,0,434000,434000,9819605,9819605,434000,434000,0,0,0,0,435,435,434,434,857,857,CONSISTENT
13480,434892,99000,99000,0,0,0,0,0,2219715,99,434793,99,437,437,871,1227,2,0,1059,437,437,437,435,435,4,1,99000,99,99,99,5,871,5,871,99000,99,99000,99,2219715,99,9847849,0,435000,435000,9842605,9842605,434000,434000,0,0,0,0,436,436,434,434,1232,1232,CONSISTENT
13490,435254,99000,99000,0,0,0,0,0,2219715,99,435155,99,437,437,871,1589,2,0,1059,437,437,437,435,435,14,1,99000,99,99,99,5,871,5,871,99000,99,99000,99,2219715,99,9856152,0,435000,435000,9842605,9842605,434000,434000,0,0,0,0,436,436,434,434,1590,1590,CONSISTENT
13500,435424,99000,99000,0,0,0,0,0,2219715,99,435325,99,437,437,872,760,1,1000,748,437,437,437,436,436,24,1,99000,99,99,99,5,872,5,872,99000,99,99000,99,2219715,99,9860085,0,435000,435000,9842605,9842605,435000,435000,0,0,0,0,436,436,435,435,760,760,CONSISTENT
13510,435659,99000,99000,0,0,0,0,0,2219715,99,435560,99,437,437,872,995,1,1000,748,437,437,437,436,436,33,1,99000,99,99,99,5,872,5,872,99000,99,99000,99,2219715,99,9865490,0,435000,435000,9842605,9842605,435000,435000,0,0,0,0,436,436,435,435,995,995,CONSISTENT
13520,435958,99000,99000,0,0,0,0,0,2219715,99,435859,99,438,438,873,1294,2,0,1064,438,438,438,436,436,8,1,99000,99,99,99,5,873,5,873,99000,99,99000,99,2219715,99,9872367,0,436000,436000,9865605,9865605,435000,435000,0,0,0,0,437,437,435,435,1296,1297,TORN-PERSISTENT
13530,436233,99000,99000,0,0,0,0,0,2219715,99,436134,99,438,438,874,570,1,1000,563,438,438,438,437,437,18,1,99000,99,99,99,5,874,5,874,99000,99,99000,99,2219715,99,9878715,0,436000,436000,9865605,9865605,436000,436000,0,0,0,0,437,437,436,436,570,570,CONSISTENT
13540,436466,99000,99000,0,0,0,0,0,2219715,99,436367,99,438,438,874,803,1,1000,563,438,438,438,437,437,28,1,99000,99,99,99,5,874,5,874,99000,99,99000,99,2219715,99,9884074,0,436000,436000,9865605,9865605,436000,436000,0,0,0,0,437,437,436,436,804,804,CONSISTENT
13550,436819,99000,99000,0,0,0,0,0,2219715,99,436720,99,439,439,875,1156,2,0,1049,439,439,439,437,437,2,1,99000,99,99,99,5,875,5,875,99000,99,99000,99,2219715,99,9892216,0,437000,437000,9888605,9888605,436000,436000,0,0,0,0,438,438,436,436,1158,1158,CONSISTENT
13560,437171,99000,99000,0,0,0,0,0,2219715,99,437072,99,439,439,875,1508,2,0,1049,439,439,439,437,437,12,1,99000,99,99,99,5,875,5,875,99000,99,99000,99,2219715,99,9900289,0,437000,437000,9888605,9888605,436000,436000,0,0,0,0,438,438,436,436,1510,1511,TORN-PERSISTENT
13570,437516,99000,99000,0,0,0,0,0,2219715,99,437417,99,439,439,876,854,1,1000,848,439,439,439,438,438,22,1,99000,99,99,99,5,876,5,876,99000,99,99000,99,2219715,99,9908247,0,437000,437000,9888605,9888605,437000,437000,0,0,0,0,438,438,437,437,854,854,CONSISTENT
13580,437751,99000,99000,0,0,0,0,0,2219715,99,437652,99,440,440,877,1089,2,0,1016,440,440,440,438,438,0,1,99000,99,99,99,5,877,5,877,99000,99,99000,99,2219715,99,9913652,0,438000,438000,9911605,9911605,437000,437000,0,0,0,0,439,439,437,437,1093,1093,CONSISTENT
13590,438138,99000,99000,0,0,0,0,0,2219715,99,438039,99,440,440,877,1476,2,0,1016,440,440,440,438,438,12,1,99000,99,99,99,5,877,5,877,99000,99,99000,99,2219715,99,9922553,0,438000,438000,9911605,9911605,437000,437000,0,0,0,0,439,439,437,437,1480,1480,CONSISTENT
13600,438343,99000,99000,0,0,0,0,0,2219715,99,438244,99,440,440,878,682,1,1000,643,440,440,440,439,439,22,1,99000,99,99,99,5,878,5,878,99000,99,99000,99,2219715,99,9927291,0,438000,438000,9911605,9911605,438000,438000,0,0,0,0,439,439,438,438,684,684,CONSISTENT
13610,438696,99000,99000,0,0,0,0,0,2219715,99,438597,99,440,440,878,1035,2,1000,643,440,441,440,439,439,30,1,99000,99,99,99,5,878,5,878,99000,99,99000,99,2219715,99,9935410,0,439000,439000,9934605,9934605,438000,438000,0,0,0,0,440,440,438,438,1039,1039,CONSISTENT
13620,439073,99000,99000,0,0,0,0,0,2219715,99,438974,99,441,441,879,1412,2,0,1056,441,441,441,439,439,8,1,99000,99,99,99,5,879,5,879,99000,99,99000,99,2219715,99,9944081,0,439000,439000,9934605,9934605,438000,438000,0,0,0,0,440,440,438,438,1412,1412,CONSISTENT
13630,439243,99000,99000,0,0,0,0,0,2219715,99,439144,99,441,441,880,583,1,1000,483,441,441,441,440,440,18,1,99000,99,99,99,5,880,5,880,99000,99,99000,99,2219715,99,9948014,0,439000,439000,9934605,9934605,439000,439000,0,0,0,0,440,440,439,439,584,584,CONSISTENT
13640,439594,99000,99000,0,0,0,0,0,2219715,99,439495,99,441,441,880,934,1,1000,483,441,441,441,440,440,28,1,99000,99,99,99,5,880,5,880,99000,99,99000,99,2219715,99,9956087,0,439000,439000,9934605,9934605,439000,439000,0,0,0,0,440,440,439,439,939,939,CONSISTENT
13650,439945,99000,99000,0,0,0,0,0,2219715,99,439846,99,442,442,881,1285,2,0,1018,442,442,442,440,440,6,1,99000,99,99,99,5,881,5,881,99000,99,99000,99,2219715,99,9964160,0,440000,440000,9957605,9957605,439000,439000,0,0,0,0,441,441,439,439,1285,1285,CONSISTENT
13660,440268,99000,99000,0,0,0,0,0,2219715,99,440169,99,442,442,881,1608,2,0,1018,442,442,442,440,440,16,1,99000,99,99,99,5,881,5,881,99000,99,99000,99,2219715,99,9971612,0,440000,440000,9957605,9957605,439000,439000,0,0,0,0,441,441,439,439,1610,1610,CONSISTENT
13670,440472,99000,99000,0,0,0,0,0,2219715,99,440373,99,442,442,882,813,1,1000,690,442,442,442,441,441,26,1,99000,99,99,99,5,882,5,882,99000,99,99000,99,2219715,99,9976304,0,440000,440000,9957605,9957605,440000,440000,0,0,0,0,441,441,440,440,813,813,CONSISTENT
13680,440851,99000,99000,0,0,0,0,0,2219715,99,440752,99,443,443,883,1192,2,0,1072,443,443,443,441,441,2,1,99000,99,99,99,5,883,5,883,99000,99,99000,99,2219715,99,9985044,0,441000,441000,9980605,9980605,440000,440000,0,0,0,0,442,442,440,440,1193,1193,CONSISTENT
13690,441191,99000,99000,0,0,0,0,0,2219715,99,441092,99,443,443,884,533,1,1000,531,443,443,443,442,442,12,1,99000,99,99,99,5,884,5,884,99000,99,99000,99,2219715,99,9992864,0,441000,441000,9980605,9980605,441000,441000,0,0,0,0,442,442,441,441,533,533,CONSISTENT
13700,441429,99000,99000,0,0,0,0,0,2219715,99,441330,99,443,443,884,771,1,1000,531,443,443,443,442,442,22,1,99000,99,99,99,5,884,5,884,99000,99,99000,99,2219715,99,9998361,0,441000,441000,9980605,9980605,441000,441000,0,0,0,0,442,442,441,441,774,774,CONSISTENT
13710,441815,99000,99000,0,0,0,0,0,2219715,99,441716,99,444,444,885,1157,2,0,1020,444,444,444,442,442,2,1,99000,99,99,99,5,885,5,885,99000,99,99000,99,2219715,99,10007216,0,442000,442000,10003605,10003605,441000,441000,0,0,0,0,443,443,441,441,1159,1159,CONSISTENT
13720,442155,99000,99000,0,0,0,0,0,2219715,99,442056,99,444,444,885,1497,2,0,1020,444,444,444,442,442,12,1,99000,99,99,99,5,885,5,885,99000,99,99000,99,2219715,99,10015036,0,442000,442000,10003605,10003605,441000,441000,0,0,0,0,443,443,441,441,1498,1498,CONSISTENT
13730,442482,99000,99000,0,0,0,0,0,2219715,99,442383,99,444,444,886,825,1,1000,817,444,444,444,443,443,22,1,99000,99,99,99,5,886,5,886,99000,99,99000,99,2219715,99,10022580,0,442000,442000,10003605,10003605,442000,442000,0,0,0,0,443,443,442,442,825,825,CONSISTENT
13740,442706,99000,99000,0,0,0,0,0,2219715,99,442607,99,445,445,887,1049,2,0,1023,445,445,445,443,443,0,1,99000,99,99,99,5,887,5,887,99000,99,99000,99,2219715,99,10027732,0,443000,443000,10026605,10026605,442000,442000,0,0,0,0,444,444,442,442,1051,1051,CONSISTENT
13750,443061,99000,99000,0,0,0,0,0,2219715,99,442962,99,445,445,887,1404,2,0,1023,445,445,445,443,443,10,1,99000,99,99,99,5,887,5,887,99000,99,99000,99,2219715,99,10035897,0,443000,443000,10026605,10026605,442000,442000,0,0,0,0,444,444,442,442,1405,1405,CONSISTENT
13760,443275,99000,99000,0,0,0,0,0,2219715,99,443176,99,445,445,888,619,1,1000,608,445,445,445,444,444,20,1,99000,99,99,99,5,888,5,888,99000,99,99000,99,2219715,99,10040842,0,443000,443000,10026605,10026605,443000,443000,0,0,0,0,444,444,443,443,619,619,CONSISTENT
13770,443580,99000,99000,0,0,0,0,0,2219715,99,443481,99,445,445,888,924,1,1000,608,445,445,445,444,444,30,1,99000,99,99,99,5,888,5,888,99000,99,99000,99,2219715,99,10047880,0,443000,443000,10026605,10026605,443000,443000,0,0,0,0,444,444,443,443,927,927,CONSISTENT
13780,443920,99000,99000,0,0,0,0,0,2219715,99,443821,99,446,446,889,1264,2,0,1050,446,446,446,444,444,6,1,99000,99,99,99,5,889,5,889,99000,99,99000,99,2219715,99,10055677,0,444000,444000,10049605,10049605,443000,443000,0,0,0,0,445,445,443,443,1267,1267,CONSISTENT
13790,444216,99000,99000,0,0,0,0,0,2219715,99,444117,99,446,446,889,1560,2,0,1050,446,446,446,444,444,14,1,99000,99,99,99,5,889,5,889,99000,99,99000,99,2219715,99,10062485,0,444000,444000,10049605,10049605,443000,443000,0,0,0,0,445,445,443,443,1560,1560,CONSISTENT
13800,444417,99000,99000,0,0,0,0,0,2219715,99,444318,99,446,446,890,762,1,1000,759,446,446,446,445,445,24,1,99000,99,99,99,5,890,5,890,99000,99,99000,99,2219715,99,10067131,0,444000,444000,10049605,10049605,444000,444000,0,0,0,0,445,445,444,444,762,762,CONSISTENT
13810,444616,99000,99000,0,0,0,0,0,2219715,99,444517,99,446,446,890,961,1,1000,759,446,446,446,445,445,35,1,99000,99,99,99,5,890,5,890,99000,99,99000,99,2219715,99,10071708,0,444000,444000,10049605,10049605,444000,444000,0,0,0,0,445,445,444,444,962,962,CONSISTENT
13820,444883,99000,99000,0,0,0,0,0,2219715,99,444784,99,447,447,891,1228,2,0,1055,447,447,447,445,445,6,1,99000,99,99,99,5,891,5,891,99000,99,99000,99,2219715,99,10077872,0,445000,445000,10072605,10072605,444000,444000,0,0,0,0,446,446,444,444,1231,1231,CONSISTENT
13830,445139,99000,99000,0,0,0,0,0,2219715,99,445040,99,447,447,892,485,1,1000,477,447,447,447,446,446,16,1,99000,99,99,99,5,892,5,892,99000,99,99000,99,2219715,99,10083760,0,445000,445000,10072605,10072605,445000,445000,0,0,0,0,446,446,445,445,485,485,CONSISTENT
13840,445313,99000,99000,0,0,0,0,0,2219715,99,445214,99,447,447,892,659,1,1000,477,447,447,447,446,446,26,1,99000,99,99,99,5,892,5,892,99000,99,99000,99,2219715,99,10087762,0,445000,445000,10072605,10072605,445000,445000,0,0,0,0,446,446,445,445,660,661,TORN-PERSISTENT
13850,445552,99000,99000,0,0,0,0,0,2219715,99,445453,99,447,447,892,898,1,1000,477,447,447,447,446,446,36,1,99000,99,99,99,5,892,5,892,99000,99,99000,99,2219715,99,10093259,0,445000,445000,10072605,10072605,445000,445000,0,0,0,0,446,446,445,445,898,898,CONSISTENT
13860,445849,99000,99000,0,0,0,0,0,2219715,99,445750,99,448,448,893,1195,2,0,1058,448,448,448,446,446,4,1,99000,99,99,99,5,893,5,893,99000,99,99000,99,2219715,99,10100113,0,446000,446000,10095605,10095605,445000,445000,0,0,0,0,447,447,445,445,1198,1199,TORN-PERSISTENT
13870,446213,99000,99000,0,0,0,0,0,2219715,99,446114,99,448,448,893,1559,2,0,1058,448,448,448,446,446,14,1,99000,99,99,99,5,893,5,893,99000,99,99000,99,2219715,99,10108462,0,446000,446000,10095605,10095605,445000,445000,0,0,0,0,447,447,445,445,1559,1559,CONSISTENT
13880,446395,99000,99000,0,0,0,0,0,2219715,99,446296,99,448,448,894,742,1,1000,594,448,448,448,447,447,24,1,99000,99,99,99,5,894,5,894,99000,99,99000,99,2219715,99,10112694,0,446000,446000,10095605,10095605,446000,446000,0,0,0,0,447,447,446,446,743,743,CONSISTENT
13890,446750,99000,99000,0,0,0,0,0,2219715,99,446651,99,449,449,895,1097,2,0,1012,449,449,449,447,447,2,1,99000,99,99,99,5,895,5,895,99000,99,99000,99,2219715,99,10120836,0,447000,447000,10118605,10118605,446000,446000,0,0,0,0,448,448,446,446,1097,1097,CONSISTENT
13900,447078,99000,99000,0,0,0,0,0,2219715,99,446979,99,449,449,895,1425,2,0,1012,449,449,449,447,447,10,1,99000,99,99,99,5,895,5,895,99000,99,99000,99,2219715,99,10128380,0,447000,447000,10118605,10118605,446000,446000,0,0,0,0,448,448,446,446,1425,1425,CONSISTENT
13910,447270,99000,99000,0,0,0,0,0,2219715,99,447171,99,449,449,896,618,1,1000,516,449,449,449,448,448,20,1,99000,99,99,99,5,896,5,896,99000,99,99000,99,2219715,99,10132819,0,447000,447000,10118605,10118605,447000,447000,0,0,0,0,448,448,447,447,620,620,CONSISTENT
13920,447632,99000,99000,0,0,0,0,0,2219715,99,447533,99,449,449,896,980,1,1000,516,449,449,449,448,448,32,1,99000,99,99,99,5,896,5,896,99000,99,99000,99,2219715,99,10141145,0,447000,447000,10118605,10118605,447000,447000,0,0,0,0,448,448,447,447,980,980,CONSISTENT
13930,448008,99000,99000,0,0,0,0,0,2219715,99,447909,99,450,450,897,1356,2,0,1148,450,450,450,448,448,4,1,99000,99,99,99,5,897,5,897,99000,99,99000,99,2219715,99,10149793,0,448000,448000,10141605,10141605,447000,447000,0,0,0,0,449,449,447,447,1357,1357,CONSISTENT
13940,448372,99000,99000,0,0,0,0,0,2219715,99,448273,99,450,450,897,1720,2,0,1148,450,450,450,448,448,14,1,99000,99,99,99,5,897,5,897,99000,99,99000,99,2219715,99,10158165,0,448000,448000,10141605,10141605,447000,447000,0,0,0,0,449,449,447,447,1723,1723,CONSISTENT
13951,448555,99000,99000,0,0,0,0,0,2219715,99,448456,99,450,450,898,904,1,1000,800,450,450,450,449,449,26,1,99000,99,99,99,5,898,5,898,99000,99,99000,99,2219715,99,10162397,0,448000,448000,10141605,10141605,448000,448000,0,0,0,0,449,449,448,448,904,904,CONSISTENT
13960,448876,99000,99000,0,0,0,0,0,2219715,99,448777,99,451,451,899,1225,2,0,1040,451,451,451,449,449,4,1,99000,99,99,99,5,899,5,899,99000,99,99000,99,2219715,99,10169780,0,449000,449000,10164605,10164605,448000,448000,0,0,0,0,450,450,448,448,1227,1228,TORN-PERSISTENT
13970,449220,99000,99000,0,0,0,0,0,2219715,99,449121,99,451,451,899,1569,2,0,1040,451,451,451,449,449,14,1,99000,99,99,99,5,899,5,899,99000,99,99000,99,2219715,99,10177715,0,449000,449000,10164605,10164605,448000,448000,0,0,0,0,450,450,448,448,1571,1571,CONSISTENT
13980,449398,99000,99000,0,0,0,0,0,2219715,99,449299,99,451,451,900,748,1,1000,625,451,451,451,450,450,24,1,99000,99,99,99,5,900,5,900,99000,99,99000,99,2219715,99,10181809,0,449000,449000,10164605,10164605,449000,449000,0,0,0,0,450,450,449,449,750,752,TORN-PERSISTENT
13990,449659,99000,99000,0,0,0,0,0,2219715,99,449560,99,451,451,900,1009,2,1000,625,451,452,451,450,450,34,1,99000,99,99,99,5,900,5,900,99000,99,99000,99,2219715,99,10187812,0,450000,450000,10187605,10187605,449000,449000,0,0,0,0,451,451,449,449,1010,1010,CONSISTENT
14000,449991,99000,99000,0,0,0,0,0,2219715,99,449892,99,452,452,901,1341,2,0,1122,452,452,452,450,450,6,1,99000,99,99,99,5,901,5,901,99000,99,99000,99,2219715,99,10195471,0,450000,450000,10187605,10187605,449000,449000,0,0,0,0,451,451,449,449,1343,1344,TORN-PERSISTENT
14010,450185,99000,99000,0,0,0,0,0,2219715,99,450086,99,452,452,902,536,1,1000,367,452,452,452,451,451,16,1,99000,99,99,99,5,902,5,902,99000,99,99000,99,2219715,99,10199956,0,450000,450000,10187605,10187605,450000,450000,0,0,0,0,451,451,450,450,538,539,TORN-PERSISTENT
14020,450565,99000,99000,0,0,0,0,0,2219715,99,450466,99,452,452,902,916,1,1000,367,452,452,452,451,451,26,1,99000,99,99,99,5,902,5,902,99000,99,99000,99,2219715,99,10208673,0,450000,450000,10187605,10187605,450000,450000,0,0,0,0,451,451,450,450,919,919,CONSISTENT
14030,450941,99000,99000,0,0,0,0,0,2219715,99,450842,99,453,453,903,1292,2,0,1021,453,453,453,451,451,6,1,99000,99,99,99,5,903,5,903,99000,99,99000,99,2219715,99,10217321,0,451000,451000,10210605,10210605,450000,450000,0,0,0,0,452,452,450,450,1292,1292,CONSISTENT
14040,451272,99000,99000,0,0,0,0,0,2219715,99,451173,99,453,453,903,1623,2,0,1021,453,453,453,451,451,16,1,99000,99,99,99,5,903,5,903,99000,99,99000,99,2219715,99,10224934,0,451000,451000,10210605,10210605,450000,450000,0,0,0,0,452,452,450,450,1623,1623,CONSISTENT
14050,451459,99000,99000,0,0,0,0,0,2219715,99,451360,99,453,453,904,811,1,1000,664,453,453,453,452,452,26,1,99000,99,99,99,5,904,5,904,99000,99,99000,99,2219715,99,10229258,0,451000,451000,10210605,10210605,451000,451000,0,0,0,0,452,452,451,451,812,812,CONSISTENT
14060,451828,99000,99000,0,0,0,0,0,2219715,99,451729,99,454,454,905,1180,2,0,1012,454,454,454,452,452,4,1,99000,99,99,99,5,905,5,905,99000,99,99000,99,2219715,99,10237745,0,452000,452000,10233605,10233605,451000,451000,0,0,0,0,453,453,451,451,1183,1183,CONSISTENT
14070,452128,99000,99000,0,0,0,0,0,2219715,99,452029,99,454,454,906,481,1,1000,469,454,454,454,453,453,14,1,99000,99,99,99,5,906,5,906,99000,99,99000,99,2219715,99,10244668,0,452000,452000,10233605,10233605,452000,452000,0,0,0,0,453,453,452,452,481,481,CONSISTENT
14081,452367,99000,99000,0,0,0,0,0,2219715,99,452268,99,454,454,906,720,1,1000,469,454,454,454,453,453,24,1,99000,99,99,99,5,906,5,906,99000,99,99000,99,2219715,99,10250188,0,452000,452000,10233605,10233605,452000,452000,0,0,0,0,453,453,452,452,725,725,CONSISTENT
14090,452612,99000,99000,0,0,0,0,0,2219715,99,452513,99,454,454,906,965,1,1000,469,454,454,454,453,453,34,1,99000,99,99,99,5,906,5,906,99000,99,99000,99,2219715,99,10255823,0,452000,452000,10233605,10233605,452000,452000,0,0,0,0,453,453,452,452,967,967,CONSISTENT
14100,452933,99000,99000,0,0,0,0,0,2219715,99,452834,99,455,455,907,1286,2,0,1022,455,455,455,453,453,8,1,99000,99,99,99,5,907,5,907,99000,99,99000,99,2219715,99,10263183,0,453000,453000,10256605,10256605,452000,452000,0,0,0,0,454,454,452,452,1286,1286,CONSISTENT
14111,453150,99000,99000,0,0,0,0,0,2219715,99,453051,99,455,455,908,504,1,1000,497,455,455,455,454,454,17,1,99000,99,99,99,5,908,5,908,99000,99,99000,99,2219715,99,10268197,0,453000,453000,10256605,10256605,453000,453000,0,0,0,0,454,454,453,453,504,504,CONSISTENT
14120,453330,99000,99000,0,0,0,0,0,2219715,99,453231,99,455,455,908,684,1,1000,497,455,455,455,454,454,27,1,99000,99,99,99,5,908,5,908,99000,99,99000,99,2219715,99,10272337,0,453000,453000,10256605,10256605,453000,453000,0,0,0,0,454,454,453,453,684,684,CONSISTENT
14130,453653,99000,99000,0,0,0,0,0,2219715,99,453554,99,455,455,908,1008,2,1000,497,455,456,455,454,454,37,1,99000,99,99,99,5,908,5,908,99000,99,99000,99,2219715,99,10279789,0,454000,454000,10279605,10279605,453000,453000,0,0,0,0,455,455,453,453,1010,1011,TORN-PERSISTENT
14140,454004,99000,99000,0,0,0,0,0,2219715,99,453905,99,456,456,909,1358,2,0,1132,456,456,456,454,454,6,1,99000,99,99,99,5,909,5,909,99000,99,99000,99,2219715,99,10287839,0,454000,454000,10279605,10279605,453000,453000,0,0,0,0,455,455,453,453,1359,1360,TORN-PERSISTENT
14150,454378,99000,99000,0,0,0,0,0,2219715,99,454279,99,456,456,909,1732,2,0,1132,456,456,456,454,454,16,1,99000,99,99,99,5,909,5,909,99000,99,99000,99,2219715,99,10296441,0,454000,454000,10279605,10279605,453000,453000,0,0,0,0,455,455,453,453,1735,1736,TORN-PERSISTENT
14160,454540,99000,99000,0,0,0,0,0,2219715,99,454441,99,456,456,910,895,1,1000,830,456,456,456,455,455,24,1,99000,99,99,99,5,910,5,910,99000,99,99000,99,2219715,99,10300190,0,454000,454000,10279605,10279605,454000,454000,0,0,0,0,455,455,454,454,897,898,TORN-PERSISTENT
14170,454907,99000,99000,0,0,0,0,0,2219715,99,454808,99,457,457,911,1262,2,0,1043,457,457,457,455,455,6,1,99000,99,99,99,5,911,5,911,99000,99,99000,99,2219715,99,10308631,0,455000,455000,10302605,10302605,454000,454000,0,0,0,0,456,456,454,454,1265,1265,CONSISTENT
14180,455281,99000,99000,0,0,0,0,0,2219715,99,455182,99,457,457,911,1637,2,0,1043,457,457,457,455,455,16,1,99000,99,99,99,5,911,5,911,99000,99,99000,99,2219715,99,10317256,0,455000,455000,10302605,10302605,454000,454000,0,0,0,0,456,456,454,454,1639,1639,CONSISTENT
14190,455478,99000,99000,0,0,0,0,0,2219715,99,455379,99,457,457,912,834,1,1000,660,457,457,457,456,456,26,1,99000,99,99,99,5,912,5,912,99000,99,99000,99,2219715,99,10321787,0,455000,455000,10302605,10302605,455000,455000,0,0,0,0,456,456,455,455,836,837,TORN-PERSISTENT
14200,455853,99000,99000,0,0,0,0,0,2219715,99,455754,99,458,458,913,1209,2,0,1045,458,458,458,456,456,4,1,99000,99,99,99,5,913,5,913,99000,99,99000,99,2219715,99,10330412,0,456000,456000,10325605,10325605,455000,455000,0,0,0,0,457,457,455,455,1210,1210,CONSISTENT
14210,456154,99000,99000,0,0,0,0,0,2219715,99,456055,99,458,458,914,511,1,1000,502,458,458,458,457,457,13,1,99000,99,99,99,5,914,5,914,99000,99,99000,99,2219715,99,10337358,0,456000,456000,10325605,10325605,456000,456000,0,0,0,0,457,457,456,456,511,511,CONSISTENT
14220,456351,99000,99000,0,0,0,0,0,2219715,99,456252,99,458,458,914,708,1,1000,502,458,458,458,457,457,22,1,99000,99,99,99,5,914,5,914,99000,99,99000,99,2219715,99,10341889,0,456000,456000,10325605,10325605,456000,456000,0,0,0,0,457,457,456,456,708,708,CONSISTENT
14230,456679,99000,99000,0,0,0,0,0,2219715,99,456580,99,458,458,914,1036,2,1000,502,458,459,458,457,457,32,1,99000,99,99,99,5,914,5,914,99000,99,99000,99,2219715,99,10349433,0,457000,457000,10348605,10348605,456000,456000,0,0,0,0,458,458,456,456,1038,1038,CONSISTENT
14240,457036,99000,99000,0,0,0,0,0,2219715,99,456937,99,459,459,915,1393,2,0,1052,459,459,459,457,457,8,1,99000,99,99,99,5,915,5,915,99000,99,99000,99,2219715,99,10357644,0,457000,457000,10348605,10348605,456000,456000,0,0,0,0,458,458,456,456,1398,1398,CONSISTENT
14250,457417,99000,99000,0,0,0,0,0,2219715,99,457318,99,459,459,915,1774,2,0,1052,459,459,459,457,457,18,1,99000,99,99,99,5,915,5,915,99000,99,99000,99,2219715,99,10366407,0,457000,457000,10348605,10348605,456000,456000,0,0,0,0,458,458,456,456,1775,1775,CONSISTENT
14261,457582,99000,99000,0,0,0,0,0,2219715,99,457483,99,459,459,916,940,1,1000,812,459,459,459,458,458,30,1,99000,99,99,99,5,916,5,916,99000,99,99000,99,2219715,99,10370225,0,457000,457000,10348605,10348605,457000,457000,0,0,0,0,458,458,457,457,943,943,CONSISTENT
14270,457904,99000,99000,0,0,0,0,0,2219715,99,457805,99,460,460,917,1262,2,0,1006,460,460,460,458,458,6,1,99000,99,99,99,5,917,5,917,99000,99,99000,99,2219715,99,10377631,0,458000,458000,10371605,10371605,457000,457000,0,0,0,0,459,459,457,457,1263,1263,CONSISTENT
14280,458228,99000,99000,0,0,0,0,0,2219715,99,458129,99,460,460,918,587,1,1000,584,460,460,460,459,459,17,1,99000,99,99,99,5,918,5,918,99000,99,99000,99,2219715,99,10385106,0,458000,458000,10371605,10371605,458000,458000,0,0,0,0,459,459,458,458,588,588,CONSISTENT
14290,458433,99000,99000,0,0,0,0,0,2219715,99,458334,99,460,460,918,792,1,1000,584,460,460,460,459,459,26,1,99000,99,99,99,5,918,5,918,99000,99,99000,99,2219715,99,10389821,0,458000,458000,10371605,10371605,458000,458000,0,0,0,0,459,459,458,458,794,795,TORN-PERSISTENT
14300,458797,99000,99000,0,0,0,0,0,2219715,99,458698,99,461,461,919,1156,2,0,1049,461,461,461,459,459,2,1,99000,99,99,99,5,919,5,919,99000,99,99000,99,2219715,99,10398193,0,459000,459000,10394605,10394605,458000,458000,0,0,0,0,460,460,458,458,1159,1159,CONSISTENT
14310,459096,99000,99000,0,0,0,0,0,2219715,99,458997,99,461,461,920,456,1,1000,447,461,461,461,460,460,12,1,99000,99,99,99,5,920,5,920,99000,99,99000,99,2219715,99,10405093,0,459000,459000,10394605,10394605,459000,459000,0,0,0,0,460,460,459,459,456,456,CONSISTENT
14320,459324,99000,99000,0,0,0,0,0,2219715,99,459225,99,461,461,920,684,1,1000,447,461,461,461,460,460,22,1,99000,99,99,99,5,920,5,920,99000,99,99000,99,2219715,99,10410337,0,459000,459000,10394605,10394605,459000,459000,0,0,0,0,460,460,459,459,684,684,CONSISTENT
14330,459694,99000,99000,0,0,0,0,0,2219715,99,459595,99,462,462,921,1054,2,0,1022,462,462,462,460,460,0,1,99000,99,99,99,5,921,5,921,99000,99,99000,99,2219715,99,10418847,0,460000,460000,10417605,10417605,459000,459000,0,0,0,0,461,461,459,459,1054,1054,CONSISTENT
14340,460069,99000,99000,0,0,0,0,0,2219715,99,459970,99,462,462,921,1429,2,0,1022,462,462,462,460,460,10,1,99000,99,99,99,5,921,5,921,99000,99,99000,99,2219715,99,10427495,0,460000,460000,10417605,10417605,459000,459000,0,0,0,0,461,461,459,459,1430,1430,CONSISTENT
14350,460379,99000,99000,0,0,0,0,0,2219715,99,460280,99,462,462,922,740,1,1000,733,462,462,462,461,461,20,1,99000,99,99,99,5,922,5,922,99000,99,99000,99,2219715,99,10434625,0,460000,460000,10417605,10417605,460000,460000,0,0,0,0,461,461,460,460,740,740,CONSISTENT
14360,460606,99000,99000,0,0,0,0,0,2219715,99,460507,99,462,462,922,967,1,1000,733,462,462,462,461,461,30,1,99000,99,99,99,5,922,5,922,99000,99,99000,99,2219715,99,10439869,0,460000,460000,10417605,10417605,460000,460000,0,0,0,0,461,461,460,460,971,972,TORN-PERSISTENT
14370,460934,99000,99000,0,0,0,0,0,2219715,99,460835,99,463,463,923,1295,2,0,1010,463,463,463,461,461,8,1,99000,99,99,99,5,923,5,923,99000,99,99000,99,2219715,99,10447390,0,461000,461000,10440605,10440605,460000,460000,0,0,0,0,462,462,460,460,1296,1296,CONSISTENT
14380,461112,99000,99000,0,0,0,0,0,2219715,99,461013,99,463,463,924,474,1,1000,465,463,463,463,462,462,18,1,99000,99,99,99,5,924,5,924,99000,99,99000,99,2219715,99,10451507,0,461000,461000,10440605,10440605,461000,461000,0,0,0,0,462,462,461,461,474,474,CONSISTENT
14390,461460,99000,99000,0,0,0,0,0,2219715,99,461361,99,463,463,924,822,1,1000,465,463,463,463,462,462,28,1,99000,99,99,99,5,924,5,924,99000,99,99000,99,2219715,99,10459534,0,461000,461000,10440605,10440605,461000,461000,0,0,0,0,462,462,461,461,826,826,CONSISTENT
14401,461826,99000,99000,0,0,0,0,0,2219715,99,461727,99,464,464,925,1188,2,0,1019,464,464,464,462,462,4,1,99000,99,99,99,5,925,5,925,99000,99,99000,99,2219715,99,10467929,0,462000,462000,10463605,10463605,461000,461000,0,0,0,0,463,463,461,461,1188,1188,CONSISTENT
14410,462064,99000,99000,0,0,0,0,0,2219715,99,461965,99,464,464,925,1426,2,0,1019,464,464,464,462,462,13,1,99000,99,99,99,5,925,5,925,99000,99,99000,99,2219715,99,10473449,0,462000,462000,10463605,10463605,461000,461000,0,0,0,0,463,463,461,461,1428,1428,CONSISTENT
14420,462249,99000,99000,0,0,0,0,0,2219715,99,462150,99,464,464,926,612,1,1000,554,464,464,464,463,463,23,1,99000,99,99,99,5,926,5,926,99000,99,99000,99,2219715,99,10477681,0,462000,462000,10463605,10463605,462000,462000,0,0,0,0,463,463,462,462,615,616,TORN-PERSISTENT
14430,462626,99000,99000,0,0,0,0,0,2219715,99,462527,99,464,464,926,989,1,1000,554,464,464,464,463,463,33,1,99000,99,99,99,5,926,5,926,99000,99,99000,99,2219715,99,10486352,0,462000,462000,10463605,10463605,462000,462000,0,0,0,0,463,463,462,462,990,991,TORN-PERSISTENT
14440,462976,99000,99000,0,0,0,0,0,2219715,99,462877,99,465,465,927,1339,2,0,1045,465,465,465,463,463,8,1,99000,99,99,99,5,927,5,927,99000,99,99000,99,2219715,99,10494402,0,463000,463000,10486605,10486605,462000,462000,0,0,0,0,464,464,462,462,1343,1343,CONSISTENT
14450,463308,99000,99000,0,0,0,0,0,2219715,99,463209,99,465,465,927,1671,2,0,1045,465,465,465,463,463,18,1,99000,99,99,99,5,927,5,927,99000,99,99000,99,2219715,99,10502061,0,463000,463000,10486605,10486605,462000,462000,0,0,0,0,464,464,462,462,1672,1672,CONSISTENT
14460,463483,99000,99000,0,0,0,0,0,2219715,99,463384,99,465,465,928,847,1,1000,838,465,465,465,464,464,26,1,99000,99,99,99,5,928,5,928,99000,99,99000,99,2219715,99,10506086,0,463000,463000,10486605,10486605,463000,463000,0,0,0,0,464,464,463,463,847,847,CONSISTENT
14470,463780,99000,99000,0,0,0,0,0,2219715,99,463681,99,466,466,929,1144,2,0,1002,466,466,466,464,464,4,1,99000,99,99,99,5,929,5,929,99000,99,99000,99,2219715,99,10512917,0,464000,464000,10509605,10509605,463000,463000,0,0,0,0,465,465,463,463,1147,1147,CONSISTENT
14480,464146,99000,99000,0,0,0,0,0,2219715,99,464047,99,466,466,929,1510,2,0,1002,466,466,466,464,464,14,1,99000,99,99,99,5,929,5,929,99000,99,99000,99,2219715,99,10521335,0,464000,464000,10509605,10509605,463000,463000,0,0,0,0,465,465,463,463,1510,1510,CONSISTENT
14490,464336,99000,99000,0,0,0,0,0,2219715,99,464237,99,466,466,930,701,1,1000,620,466,466,466,465,465,22,1,99000,99,99,99,5,930,5,930,99000,99,99000,99,2219715,99,10525728,0,464000,464000,10509605,10509605,464000,464000,0,0,0,0,465,465,464,464,701,701,CONSISTENT
14500,464701,99000,99000,0,0,0,0,0,2219715,99,464602,99,466,466,930,1066,2,1000,620,466,467,466,465,465,32,1,99000,99,99,99,5,930,5,930,99000,99,99000,99,2219715,99,10534123,0,465000,465000,10532605,10532605,464000,464000,0,0,0,0,466,466,464,464,1067,1067,CONSISTENT
14510,465053,99000,99000,0,0,0,0,0,2219715,99,464954,99,467,467,931,1418,2,0,1066,467,467,467,465,465,10,1,99000,99,99,99,5,931,5,931,99000,99,99000,99,2219715,99,10542219,0,465000,465000,10532605,10532605,464000,464000,0,0,0,0,466,466,464,464,1421,1422,TORN-PERSISTENT
14520,465368,99000,99000,0,0,0,0,0,2219715,99,465269,99,467,467,931,1733,2,0,1066,467,467,467,465,465,18,1,99000,99,99,99,5,931,5,931,99000,99,99000,99,2219715,99,10549464,0,465000,465000,10532605,10532605,464000,464000,0,0,0,0,466,466,464,464,1734,1734,CONSISTENT
14530,465537,99000,99000,0,0,0,0,0,2219715,99,465438,99,467,467,932,903,1,1000,839,467,467,467,466,466,28,1,99000,99,99,99,5,932,5,932,99000,99,99000,99,2219715,99,10553397,0,465000,465000,10532605,10532605,465000,465000,0,0,0,0,466,466,465,465,905,905,CONSISTENT
14540,465868,99000,99000,0,0,0,0,0,2219715,99,465769,99,468,468,933,1234,2,0,1048,468,468,468,466,466,4,1,99000,99,99,99,5,933,5,933,99000,99,99000,99,2219715,99,10560987,0,466000,466000,10555605,10555605,465000,465000,0,0,0,0,467,467,465,465,1235,1235,CONSISTENT
14550,466176,99000,99000,0,0,0,0,0,2219715,99,466077,99,468,468,933,1542,2,0,1048,468,468,468,466,466,14,1,99000,99,99,99,5,933,5,933,99000,99,99000,99,2219715,99,10568071,0,466000,466000,10555605,10555605,465000,465000,0,0,0,0,467,467,465,465,1545,1545,CONSISTENT
14560,466357,99000,99000,0,0,0,0,0,2219715,99,466258,99,468,468,934,724,1,1000,563,468,468,468,467,467,24,1,99000,99,99,99,5,934,5,934,99000,99,99000,99,2219715,99,10572257,0,466000,466000,10555605,10555605,466000,466000,0,0,0,0,467,467,466,466,728,728,CONSISTENT
14570,466675,99000,99000,0,0,0,0,0,2219715,99,466576,99,469,469,935,1042,2,0,1011,469,469,469,467,467,0,1,99000,99,99,99,5,935,5,935,99000,99,99000,99,2219715,99,10579571,0,467000,467000,10578605,10578605,466000,466000,0,0,0,0,468,468,466,466,1042,1042,CONSISTENT
14580,467031,99000,99000,0,0,0,0,0,2219715,99,466932,99,469,469,935,1398,2,0,1011,469,469,469,467,467,10,1,99000,99,99,99,5,935,5,935,99000,99,99000,99,2219715,99,10587759,0,467000,467000,10578605,10578605,466000,466000,0,0,0,0,468,468,466,466,1398,1398,CONSISTENT
14590,467375,99000,99000,0,0,0,0,0,2219715,99,467276,99,469,469,935,1742,2,0,1011,469,469,469,467,467,20,1,99000,99,99,99,5,935,5,935,99000,99,99000,99,2219715,99,10595671,0,467000,467000,10578605,10578605,466000,466000,0,0,0,0,468,468,466,466,1745,1746,TORN-PERSISTENT
14600,467561,99000,99000,0,0,0,0,0,2219715,99,467462,99,469,469,936,929,1,1000,787,469,469,469,468,468,30,1,99000,99,99,99,5,936,5,936,99000,99,99000,99,2219715,99,10599972,0,467000,467000,10578605,10578605,467000,467000,0,0,0,0,468,468,467,467,931,931,CONSISTENT
14610,467916,99000,99000,0,0,0,0,0,2219715,99,467817,99,470,470,937,1284,2,0,1030,470,470,470,468,468,6,1,99000,99,99,99,5,937,5,937,99000,99,99000,99,2219715,99,10608137,0,468000,468000,10601605,10601605,467000,467000,0,0,0,0,469,469,467,467,1285,1285,CONSISTENT
14620,468186,99000,99000,0,0,0,0,0,2219715,99,468087,99,470,470,938,555,1,1000,548,470,470,470,469,469,16,1,99000,99,99,99,5,938,5,938,99000,99,99000,99,2219715,99,10614370,0,468000,468000,10601605,10601605,468000,468000,0,0,0,0,469,469,468,468,555,555,CONSISTENT
14630,468408,99000,99000,0,0,0,0,0,2219715,99,468309,99,470,470,938,777,1,1000,548,470,470,470,469,469,26,1,99000,99,99,99,5,938,5,938,99000,99,99000,99,2219715,99,10619476,0,468000,468000,10601605,10601605,468000,468000,0,0,0,0,469,469,468,468,779,780,TORN-PERSISTENT
14640,468766,99000,99000,0,0,0,0,0,2219715,99,468667,99,471,471,939,1135,2,0,1052,471,471,471,469,469,2,1,99000,99,99,99,5,939,5,939,99000,99,99000,99,2219715,99,10627710,0,469000,469000,10624605,10624605,468000,468000,0,0,0,0,470,470,468,468,1136,1136,CONSISTENT
14650,469129,99000,99000,0,0,0,0,0,2219715,99,469030,99,471,471,939,1498,2,0,1052,471,471,471,469,469,12,1,99000,99,99,99,5,939,5,939,99000,99,99000,99,2219715,99,10636059,0,469000,469000,10624605,10624605,468000,468000,0,0,0,0,470,470,468,468,1502,1503,TORN-PERSISTENT
14660,469393,99000,99000,0,0,0,0,0,2219715,99,469294,99,471,471,940,763,1,1000,760,471,471,471,470,470,22,1,99000,99,99,99,5,940,5,940,99000,99,99000,99,2219715,99,10642154,0,469000,469000,10624605,10624605,469000,469000,0,0,0,0,470,470,469,469,763,763,CONSISTENT
14670,469627,99000,99000,0,0,0,0,0,2219715,99,469528,99,471,471,940,997,1,1000,760,471,471,471,470,470,30,1,99000,99,99,99,5,940,5,940,99000,99,99000,99,2219715,99,10647536,0,469000,469000,10624605,10624605,469000,469000,0,0,0,0,470,470,469,469,997,997,CONSISTENT
14680,469974,99000,99000,0,0,0,0,0,2219715,99,469875,99,472,472,941,1344,2,0,1061,472,472,472,470,470,8,1,99000,99,99,99,5,941,5,941,99000,99,99000,99,2219715,99,10655517,0,470000,470000,10647605,10647605,469000,469000,0,0,0,0,471,471,469,469,1347,1348,TORN-PERSISTENT
14690,470151,99000,99000,0,0,0,0,0,2219715,99,470052,99,472,472,942,522,1,1000,500,472,472,472,471,471,18,1,99000,99,99,99,5,942,5,942,99000,99,99000,99,2219715,99,10659634,0,470000,470000,10647605,10647605,470000,470000,0,0,0,0,471,471,470,470,525,525,CONSISTENT
14700,470488,99000,99000,0,0,0,0,0,2219715,99,470389,99,472,472,942,859,1,1000,500,472,472,472,471,471,26,1,99000,99,99,99,5,942,5,942,99000,99,99000,99,2219715,99,10667362,0,470000,470000,10647605,10647605,470000,470000,0,0,0,0,471,471,470,470,859,859,CONSISTENT
14710,470747,99000,99000,0,0,0,0,0,2219715,99,470648,99,473,473,943,1118,2,0,1066,473,473,473,471,471,0,1,99000,99,99,99,5,943,5,943,99000,99,99000,99,2219715,99,10673319,0,471000,471000,10670605,10670605,470000,470000,0,0,0,0,472,472,470,470,1119,1120,TORN-PERSISTENT
14720,471068,99000,99000,0,0,0,0,0,2219715,99,470969,99,473,473,943,1439,2,0,1066,473,473,473,471,471,10,1,99000,99,99,99,5,943,5,943,99000,99,99000,99,2219715,99,10680702,0,471000,471000,10670605,10670605,470000,470000,0,0,0,0,472,472,470,470,1441,1441,CONSISTENT
14730,471252,99000,99000,0,0,0,0,0,2219715,99,471153,99,473,473,944,624,1,1000,503,473,473,473,472,472,20,1,99000,99,99,99,5,944,5,944,99000,99,99000,99,2219715,99,10684957,0,471000,471000,10670605,10670605,471000,471000,0,0,0,0,472,472,471,471,625,625,CONSISTENT
14740,471616,99000,99000,0,0,0,0,0,2219715,99,471517,99,473,473,944,988,1,1000,503,473,473,473,472,472,30,1,99000,99,99,99,5,944,5,944,99000,99,99000,99,2219715,99,10693329,0,471000,471000,10670605,10670605,471000,471000,0,0,0,0,472,472,471,471,988,988,CONSISTENT
14750,471947,99000,99000,0,0,0,0,0,2219715,99,471848,99,474,474,945,1319,2,0,1015,474,474,474,472,472,8,1,99000,99,99,99,5,945,5,945,99000,99,99000,99,2219715,99,10700942,0,472000,472000,10693605,10693605,471000,471000,0,0,0,0,473,473,471,471,1323,1323,CONSISTENT
14760,472192,99000,99000,0,0,0,0,0,2219715,99,472093,99,474,474,945,1564,2,0,1015,474,474,474,472,472,18,1,99000,99,99,99,5,945,5,945,99000,99,99000,99,2219715,99,10706577,0,472000,472000,10693605,10693605,471000,471000,0,0,0,0,473,473,471,471,1565,1565,CONSISTENT
14770,472327,99000,99000,0,0,0,0,0,2219715,99,472228,99,474,474,946,700,1,1000,601,474,474,474,473,473,28,1,99000,99,99,99,5,946,5,946,99000,99,99000,99,2219715,99,10709705,0,472000,472000,10693605,10693605,472000,472000,0,0,0,0,473,473,472,472,701,701,CONSISTENT
14780,472634,99000,99000,0,0,0,0,0,2219715,99,472535,99,474,474,946,1007,2,1000,601,474,475,474,473,473,38,1,99000,99,99,99,5,946,5,946,99000,99,99000,99,2219715,99,10716766,0,473000,473000,10716605,10716605,472000,472000,0,0,0,0,474,474,472,472,1010,1011,TORN-PERSISTENT
14790,472936,99000,99000,0,0,0,0,0,2219715,99,472837,99,475,475,947,1309,2,0,1052,475,475,475,473,473,8,1,99000,99,99,99,5,947,5,947,99000,99,99000,99,2219715,99,10723712,0,473000,473000,10716605,10716605,472000,472000,0,0,0,0,474,474,472,472,1311,1311,CONSISTENT
14801,473237,99000,99000,0,0,0,0,0,2219715,99,473138,99,475,475,948,611,1,1000,610,475,475,475,474,474,18,1,99000,99,99,99,5,948,5,948,99000,99,99000,99,2219715,99,10730658,0,473000,473000,10716605,10716605,473000,473000,0,0,0,0,474,474,473,473,613,613,CONSISTENT
14810,473383,99000,99000,0,0,0,0,0,2219715,99,473284,99,475,475,948,757,1,1000,610,475,475,475,474,474,28,1,99000,99,99,99,5,948,5,948,99000,99,99000,99,2219715,99,10734039,0,473000,473000,10716605,10716605,473000,473000,0,0,0,0,474,474,473,473,758,758,CONSISTENT
14820,473716,99000,99000,0,0,0,0,0,2219715,99,473617,99,476,476,949,1090,2,0,1027,476,476,476,474,474,2,1,99000,99,99,99,5,949,5,949,99000,99,99000,99,2219715,99,10741675,0,474000,474000,10739605,10739605,473000,473000,0,0,0,0,475,475,473,473,1091,1091,CONSISTENT
14830,474001,99000,99000,0,0,0,0,0,2219715,99,473902,99,476,476,949,1375,2,0,1027,476,476,476,474,474,12,1,99000,99,99,99,5,949,5,949,99000,99,99000,99,2219715,99,10748230,0,474000,474000,10739605,10739605,473000,473000,0,0,0,0,475,475,473,473,1375,1375,CONSISTENT
14840,474159,99000,99000,0,0,0,0,0,2219715,99,474060,99,476,476,950,534,1,1000,511,476,476,476,475,475,20,1,99000,99,99,99,5,950,5,950,99000,99,99000,99,2219715,99,10751887,0,474000,474000,10739605,10739605,474000,474000,0,0,0,0,475,475,474,474,536,536,CONSISTENT
14850,474461,99000,99000,0,0,0,0,0,2219715,99,474362,99,476,476,950,836,1,1000,511,476,476,476,475,475,30,1,99000,99,99,99,5,950,5,950,99000,99,99000,99,2219715,99,10758833,0,474000,474000,10739605,10739605,474000,474000,0,0,0,0,475,475,474,474,836,836,CONSISTENT
14860,474735,99000,99000,0,0,0,0,0,2219715,99,474636,99,477,477,951,1110,2,0,1041,477,477,477,475,475,2,1,99000,99,99,99,5,951,5,951,99000,99,99000,99,2219715,99,10765158,0,475000,475000,10762605,10762605,474000,474000,0,0,0,0,476,476,474,474,1111,1111,CONSISTENT
14870,475062,99000,99000,0,0,0,0,0,2219715,99,474963,99,477,477,951,1437,2,0,1041,477,477,477,475,475,12,1,99000,99,99,99,5,951,5,951,99000,99,99000,99,2219715,99,10772656,0,475000,475000,10762605,10762605,474000,474000,0,0,0,0,476,476,474,474,1437,1437,CONSISTENT
14880,475346,99000,99000,0,0,0,0,0,2219715,99,475247,99,477,477,952,722,1,1000,717,477,477,477,476,476,22,1,99000,99,99,99,5,952,5,952,99000,99,99000,99,2219715,99,10779211,0,475000,475000,10762605,10762605,475000,475000,0,0,0,0,476,476,475,475,722,722,CONSISTENT
14890,475521,99000,99000,0,0,0,0,0,2219715,99,475422,99,477,477,952,897,1,1000,717,477,477,477,476,476,32,1,99000,99,99,99,5,952,5,952,99000,99,99000,99,2219715,99,10783236,0,475000,475000,10762605,10762605,475000,475000,0,0,0,0,476,476,475,475,898,899,TORN-PERSISTENT
14900,475770,99000,99000,0,0,0,0,0,2219715,99,475671,99,478,478,953,1146,2,0,1001,478,478,478,476,476,4,1,99000,99,99,99,5,953,5,953,99000,99,99000,99,2219715,99,10788963,0,476000,476000,10785605,10785605,475000,475000,0,0,0,0,477,477,475,475,1147,1147,CONSISTENT
14910,476044,99000,99000,0,0,0,0,0,2219715,99,475945,99,478,478,954,421,1,1000,417,478,478,478,477,477,14,1,99000,99,99,99,5,954,5,954,99000,99,99000,99,2219715,99,10795288,0,476000,476000,10785605,10785605,476000,476000,0,0,0,0,477,477,476,476,421,421,CONSISTENT
14920,476206,99000,99000,0,0,0,0,0,2219715,99,476107,99,478,478,954,583,1,1000,417,478,478,478,477,477,24,1,99000,99,99,99,5,954,5,954,99000,99,99000,99,2219715,99,10799037,0,476000,476000,10785605,10785605,476000,476000,0,0,0,0,477,477,476,476,585,585,CONSISTENT
14930,476502,99000,99000,0,0,0,0,0,2219715,99,476403,99,478,478,954,879,1,1000,417,478,478,478,477,477,34,1,99000,99,99,99,5,954,5,954,99000,99,99000,99,2219715,99,10805822,0,476000,476000,10785605,10785605,476000,476000,0,0,0,0,477,477,476,476,880,880,CONSISTENT
14940,476762,99000,99000,0,0,0,0,0,2219715,99,476663,99,479,479,955,1139,2,0,1005,479,479,479,477,477,4,1,99000,99,99,99,5,955,5,955,99000,99,99000,99,2219715,99,10811802,0,477000,477000,10808605,10808605,476000,476000,0,0,0,0,478,478,476,476,1141,1141,CONSISTENT
14950,477032,99000,99000,0,0,0,0,0,2219715,99,476933,99,479,479,955,1409,2,0,1005,479,479,479,477,477,14,1,99000,99,99,99,5,955,5,955,99000,99,99000,99,2219715,99,10818012,0,477000,477000,10808605,10808605,476000,476000,0,0,0,0,478,478,476,476,1409,1409,CONSISTENT
14960,477182,99000,99000,0,0,0,0,0,2219715,99,477083,99,479,479,956,560,1,1000,482,479,479,479,478,478,24,1,99000,99,99,99,5,956,5,956,99000,99,99000,99,2219715,99,10821508,0,477000,477000,10808605,10808605,477000,477000,0,0,0,0,478,478,477,477,563,563,CONSISTENT
14970,477470,99000,99000,0,0,0,0,0,2219715,99,477371,99,479,479,956,848,1,1000,482,479,479,479,478,478,34,1,99000,99,99,99,5,956,5,956,99000,99,99000,99,2219715,99,10828109,0,477000,477000,10808605,10808605,477000,477000,0,0,0,0,478,478,477,477,850,851,TORN-PERSISTENT
14980,477752,99000,99000,0,0,0,0,0,2219715,99,477653,99,480,480,957,1131,2,0,1009,480,480,480,478,478,4,1,99000,99,99,99,5,957,5,957,99000,99,99000,99,2219715,99,10834618,0,478000,478000,10831605,10831605,477000,477000,0,0,0,0,479,479,477,477,1133,1135,TORN-PERSISTENT
14990,478017,99000,99000,0,0,0,0,0,2219715,99,477918,99,480,480,957,1395,2,0,1009,480,480,480,478,478,12,1,99000,99,99,99,5,957,5,957,99000,99,99000,99,2219715,99,10840690,0,478000,478000,10831605,10831605,477000,477000,0,0,0,0,479,479,477,477,1396,1396,CONSISTENT
15000,478176,99000,99000,0,0,0,0,0,2219715,99,478077,99,480,480,958,555,1,1000,519,480,480,480,479,479,22,1,99000,99,99,99,5,958,5,958,99000,99,99000,99,2219715,99,10844370,0,478000,478000,10831605,10831605,478000,478000,0,0,0,0,479,479,478,478,556,556,CONSISTENT
15010,478381,99000,99000,0,0,0,0,0,2219715,99,478282,99,480,480,958,760,1,1000,519,480,480,480,479,479,33,1,99000,99,99,99,5,958,5,958,99000,99,99000,99,2219715,99,10849085,0,478000,478000,10831605,10831605,478000,478000,0,0,0,0,479,479,478,478,761,763,TORN-PERSISTENT
15020,478681,99000,99000,0,0,0,0,0,2219715,99,478582,99,481,481,959,1060,2,0,1022,481,481,481,479,479,0,1,99000,99,99,99,5,959,5,959,99000,99,99000,99,2219715,99,10855985,0,479000,479000,10854605,10854605,478000,478000,0,0,0,0,480,480,478,478,1060,1060,CONSISTENT
15030,478974,99000,99000,0,0,0,0,0,2219715,99,478875,99,481,481,959,1353,2,0,1022,481,481,481,479,479,10,1,99000,99,99,99,5,959,5,959,99000,99,99000,99,2219715,99,10862724,0,479000,479000,10854605,10854605,478000,478000,0,0,0,0,480,480,478,478,1353,1353,CONSISTENT
15040,479101,99000,99000,0,0,0,0,0,2219715,99,479002,99,481,481,960,481,1,1000,373,481,481,481,480,480,20,1,99000,99,99,99,5,960,5,960,99000,99,99000,99,2219715,99,10865668,0,479000,479000,10854605,10854605,479000,479000,0,0,0,0,480,480,479,479,482,482,CONSISTENT
15050,479376,99000,99000,0,0,0,0,0,2219715,99,479277,99,481,481,960,756,1,1000,373,481,481,481,480,480,30,1,99000,99,99,99,5,960,5,960,99000,99,99000,99,2219715,99,10871993,0,479000,479000,10854605,10854605,479000,479000,0,0,0,0,480,480,479,479,757,757,CONSISTENT
15060,479666,99000,99000,0,0,0,0,0,2219715,99,479567,99,482,482,961,1046,2,0,1029,482,482,482,480,480,0,1,99000,99,99,99,5,961,5,961,99000,99,99000,99,2219715,99,10878663,0,480000,480000,10877605,10877605,479000,479000,0,0,0,0,481,481,479,479,1046,1046,CONSISTENT
15070,479999,99000,99000,0,0,0,0,0,2219715,99,479900,99,482,482,961,1379,2,0,1029,482,482,482,480,480,10,1,99000,99,99,99,5,961,5,961,99000,99,99000,99,2219715,99,10886345,0,480000,480000,10877605,10877605,479000,479000,0,0,0,0,481,481,479,479,1383,1384,TORN-PERSISTENT
15081,480150,99000,99000,0,0,0,0,0,2219715,99,480051,99,482,482,962,531,1,1000,429,482,482,482,481,481,20,1,99000,99,99,99,5,962,5,962,99000,99,99000,99,2219715,99,10889818,0,480000,480000,10877605,10877605,480000,480000,0,0,0,0,481,481,480,480,533,533,CONSISTENT
15090,480408,99000,99000,0,0,0,0,0,2219715,99,480309,99,482,482,962,789,1,1000,429,482,482,482,481,481,30,1,99000,99,99,99,5,962,5,962,99000,99,99000,99,2219715,99,10895752,0,480000,480000,10877605,10877605,480000,480000,0,0,0,0,481,481,480,480,792,792,CONSISTENT
15100,480652,99000,99000,0,0,0,0,0,2219715,99,480553,99,483,483,963,1033,2,0,1026,483,483,483,481,481,0,1,99000,99,99,99,5,963,5,963,99000,99,99000,99,2219715,99,10901364,0,481000,481000,10900605,10900605,480000,480000,0,0,0,0,482,482,480,480,1035,1037,TORN-PERSISTENT
15110,480962,99000,99000,0,0,0,0,0,2219715,99,480863,99,483,483,963,1343,2,0,1026,483,483,483,481,481,10,1,99000,99,99,99,5,963,5,963,99000,99,99000,99,2219715,99,10908494,0,481000,481000,10900605,10900605,480000,480000,0,0,0,0,482,482,480,480,1345,1345,CONSISTENT
15120,481136,99000,99000,0,0,0,0,0,2219715,99,481037,99,483,483,964,518,1,1000,430,483,483,483,482,482,20,1,99000,99,99,99,5,964,5,964,99000,99,99000,99,2219715,99,10912519,0,481000,481000,10900605,10900605,481000,481000,0,0,0,0,482,482,481,481,518,518,CONSISTENT
15130,481436,99000,99000,0,0,0,0,0,2219715,99,481337,99,483,483,964,818,1,1000,430,483,483,483,482,482,28,1,99000,99,99,99,5,964,5,964,99000,99,99000,99,2219715,99,10919419,0,481000,481000,10900605,10900605,481000,481000,0,0,0,0,482,482,481,481,819,819,CONSISTENT
15140,481736,99000,99000,0,0,0,0,0,2219715,99,481637,99,484,484,965,1118,2,0,1017,484,484,484,482,482,2,1,99000,99,99,99,5,965,5,965,99000,99,99000,99,2219715,99,10926319,0,482000,482000,10923605,10923605,481000,481000,0,0,0,0,483,483,481,481,1122,1122,CONSISTENT
15150,482046,99000,99000,0,0,0,0,0,2219715,99,481947,99,484,484,965,1428,2,0,1017,484,484,484,482,482,12,1,99000,99,99,99,5,965,5,965,99000,99,99000,99,2219715,99,10933449,0,482000,482000,10923605,10923605,481000,481000,0,0,0,0,483,483,481,481,1430,1431,TORN-PERSISTENT
15160,482187,99000,99000,0,0,0,0,0,2219715,99,482088,99,484,484,966,570,1,1000,484,484,484,484,483,483,22,1,99000,99,99,99,5,966,5,966,99000,99,99000,99,2219715,99,10936715,0,482000,482000,10923605,10923605,482000,482000,0,0,0,0,483,483,482,482,570,570,CONSISTENT
15170,482567,99000,99000,0,0,0,0,0,2219715,99,482468,99,484,484,966,950,1,1000,484,484,484,484,483,483,34,1,99000,99,99,99,5,966,5,966,99000,99,99000,99,2219715,99,10945455,0,482000,482000,10923605,10923605,482000,482000,0,0,0,0,483,483,482,482,952,953,TORN-PERSISTENT
15180,482925,99000,99000,0,0,0,0,0,2219715,99,482826,99,485,485,967,1308,2,0,1024,485,485,485,483,483,6,1,99000,99,99,99,5,967,5,967,99000,99,99000,99,2219715,99,10953689,0,483000,483000,10946605,10946605,482000,482000,0,0,0,0,484,484,482,482,1310,1313,TORN-PERSISTENT
15190,483326,99000,99000,0,0,0,0,0,2219715,99,483227,99,485,485,967,1709,2,0,1024,485,485,485,483,483,16,1,99000,99,99,99,5,967,5,967,99000,99,99000,99,2219715,99,10962912,0,483000,483000,10946605,10946605,482000,482000,0,0,0,0,484,484,482,482,1712,1712,CONSISTENT
15200,483528,99000,99000,0,0,0,0,0,2219715,99,483429,99,485,485,968,912,1,1000,803,485,485,485,484,484,26,1,99000,99,99,99,5,968,5,968,99000,99,99000,99,2219715,99,10967581,0,483000,483000,10946605,10946605,483000,483000,0,0,0,0,484,484,483,483,915,916,TORN-PERSISTENT
15210,483920,99000,99000,0,0,0,0,0,2219715,99,483821,99,486,486,969,1304,2,0,1023,486,486,486,484,484,6,1,99000,99,99,99,5,969,5,969,99000,99,99000,99,2219715,99,10976597,0,484000,484000,10969605,10969605,483000,483000,0,0,0,0,485,485,483,483,1304,1304,CONSISTENT
15220,484269,99000,99000,0,0,0,0,0,2219715,99,484170,99,486,486,970,654,1,1000,650,486,486,486,485,485,16,1,99000,99,99,99,5,970,5,970,99000,99,99000,99,2219715,99,10984647,0,484000,484000,10969605,10969605,484000,484000,0,0,0,0,485,485,484,484,654,654,CONSISTENT
15230,484485,99000,99000,0,0,0,0,0,2219715,99,484386,99,486,486,970,870,1,1000,650,486,486,486,485,485,26,1,99000,99,99,99,5,970,5,970,99000,99,99000,99,2219715,99,10989615,0,484000,484000,10969605,10969605,484000,484000,0,0,0,0,485,485,484,484,870,870,CONSISTENT
15240,484878,99000,99000,0,0,0,0,0,2219715,99,484779,99,487,487,971,1263,2,0,1002,487,487,487,485,485,6,1,99000,99,99,99,5,971,5,971,99000,99,99000,99,2219715,99,10998654,0,485000,485000,10992605,10992605,484000,484000,0,0,0,0,486,486,484,484,1264,1264,CONSISTENT
15250,485139,99000,99000,0,0,0,0,0,2219715,99,485040,99,487,487,972,525,1,1000,516,487,487,487,486,486,16,1,99000,99,99,99,5,972,5,972,99000,99,99000,99,2219715,99,11004680,0,485000,485000,10992605,10992605,485000,485000,0,0,0,0,486,486,485,485,525,525,CONSISTENT
15260,485472,99000,99000,0,0,0,0,0,2219715,99,485373,99,487,487,972,858,1,1000,516,487,487,487,486,486,26,1,99000,99,99,99,5,972,5,972,99000,99,99000,99,2219715,99,11012339,0,485000,485000,10992605,10992605,485000,485000,0,0,0,0,486,486,485,485,860,860,CONSISTENT
15270,485856,99000,99000,0,0,0,0,0,2219715,99,485757,99,488,488,973,1242,2,0,1061,488,488,488,486,486,4,1,99000,99,99,99,5,973,5,973,99000,99,99000,99,2219715,99,11021194,0,486000,486000,11015605,11015605,485000,485000,0,0,0,0,487,487,485,485,1244,1244,CONSISTENT
15280,486200,99000,99000,0,0,0,0,0,2219715,99,486101,99,488,488,973,1586,2,0,1061,488,488,488,486,486,14,1,99000,99,99,99,5,973,5,973,99000,99,99000,99,2219715,99,11029083,0,486000,486000,11015605,11015605,485000,485000,0,0,0,0,487,487,485,485,1586,1586,CONSISTENT
15290,486432,99000,99000,0,0,0,0,0,2219715,99,486333,99,488,488,974,819,1,1000,816,488,488,488,487,487,24,1,99000,99,99,99,5,974,5,974,99000,99,99000,99,2219715,99,11034442,0,486000,486000,11015605,11015605,486000,486000,0,0,0,0,487,487,486,486,819,819,CONSISTENT
15300,486749,99000,99000,0,0,0,0,0,2219715,99,486650,99,489,489,975,1136,2,0,1050,489,489,489,487,487,2,1,99000,99,99,99,5,975,5,975,99000,99,99000,99,2219715,99,11041733,0,487000,487000,11038605,11038605,486000,486000,0,0,0,0,488,488,486,486,1136,1136,CONSISTENT
15310,487007,99000,99000,0,0,0,0,0,2219715,99,486908,99,489,489,975,1394,2,0,1050,489,489,489,487,487,11,1,99000,99,99,99,5,975,5,975,99000,99,99000,99,2219715,99,11047667,0,487000,487000,11038605,11038605,486000,486000,0,0,0,0,488,488,486,486,1397,1397,CONSISTENT
15320,487212,99000,99000,0,0,0,0,0,2219715,99,487113,99,489,489,976,600,1,1000,484,489,489,489,488,488,21,1,99000,99,99,99,5,976,5,976,99000,99,99000,99,2219715,99,11052405,0,487000,487000,11038605,11038605,487000,487000,0,0,0,0,488,488,487,487,603,603,CONSISTENT
15330,487548,99000,99000,0,0,0,0,0,2219715,99,487449,99,489,489,976,936,1,1000,484,489,489,489,488,488,32,1,99000,99,99,99,5,976,5,976,99000,99,99000,99,2219715,99,11060133,0,487000,487000,11038605,11038605,487000,487000,0,0,0,0,488,488,487,487,936,936,CONSISTENT
15340,487916,99000,99000,0,0,0,0,0,2219715,99,487817,99,490,490,977,1304,2,0,1005,490,490,490,488,488,8,1,99000,99,99,99,5,977,5,977,99000,99,99000,99,2219715,99,11068597,0,488000,488000,11061605,11061605,487000,487000,0,0,0,0,489,489,487,487,1304,1304,CONSISTENT
15350,488287,99000,99000,0,0,0,0,0,2219715,99,488188,99,490,490,977,1675,2,0,1005,490,490,490,488,488,18,1,99000,99,99,99,5,977,5,977,99000,99,99000,99,2219715,99,11077130,0,488000,488000,11061605,11061605,487000,487000,0,0,0,0,489,489,487,487,1677,1677,CONSISTENT
15360,488476,99000,99000,0,0,0,0,0,2219715,99,488377,99,490,490,978,865,1,1000,843,490,490,490,489,489,28,1,99000,99,99,99,5,978,5,978,99000,99,99000,99,2219715,99,11081523,0,488000,488000,11061605,11061605,488000,488000,0,0,0,0,489,489,488,488,868,870,TORN-PERSISTENT
15370,488855,99000,99000,0,0,0,0,0,2219715,99,488756,99,491,491,979,1244,2,0,1063,491,491,491,489,489,4,1,99000,99,99,99,5,979,5,979,99000,99,99000,99,2219715,99,11090217,0,489000,489000,11084605,11084605,488000,488000,0,0,0,0,490,490,488,488,1244,1244,CONSISTENT
15380,489188,99000,99000,0,0,0,0,0,2219715,99,489089,99,491,491,979,1577,2,0,1063,491,491,491,489,489,14,1,99000,99,99,99,5,979,5,979,99000,99,99000,99,2219715,99,11097876,0,489000,489000,11084605,11084605,488000,488000,0,0,0,0,490,490,488,488,1577,1577,CONSISTENT
15390,489373,99000,99000,0,0,0,0,0,2219715,99,489274,99,491,491,980,763,1,1000,707,491,491,491,490,490,24,1,99000,99,99,99,5,980,5,980,99000,99,99000,99,2219715,99,11102154,0,489000,489000,11084605,11084605,489000,489000,0,0,0,0,490,490,489,489,763,763,CONSISTENT
15400,489723,99000,99000,0,0,0,0,0,2219715,99,489624,99,492,492,981,1113,2,0,1049,492,492,492,490,490,0,1,99000,99,99,99,5,981,5,981,99000,99,99000,99,2219715,99,11110273,0,490000,490000,11107605,11107605,489000,489000,0,0,0,0,491,491,489,489,1116,1116,CONSISTENT
15410,490091,99000,99000,0,0,0,0,0,2219715,99,489992,99,492,492,981,1481,2,0,1049,492,492,492,490,490,10,1,99000,99,99,99,5,981,5,981,99000,99,99000,99,2219715,99,11118668,0,490000,490000,11107605,11107605,489000,489000,0,0,0,0,491,491,489,489,1481,1481,CONSISTENT
15420,490292,99000,99000,0,0,0,0,0,2219715,99,490193,99,492,492,982,683,1,1000,564,492,492,492,491,491,22,1,99000,99,99,99,5,982,5,982,99000,99,99000,99,2219715,99,11123314,0,490000,490000,11107605,11107605,490000,490000,0,0,0,0,491,491,490,490,683,683,CONSISTENT
15430,490674,99000,99000,0,0,0,0,0,2219715,99,490575,99,493,493,983,1065,2,0,1053,493,493,493,491,491,0,1,99000,99,99,99,5,983,5,983,99000,99,99000,99,2219715,99,11132100,0,491000,491000,11130605,11130605,490000,490000,0,0,0,0,492,492,490,490,1065,1065,CONSISTENT
15440,490998,99000,99000,0,0,0,0,0,2219715,99,490899,99,493,493,983,1389,2,0,1053,493,493,493,491,491,8,1,99000,99,99,99,5,983,5,983,99000,99,99000,99,2219715,99,11139552,0,491000,491000,11130605,11130605,490000,490000,0,0,0,0,492,492,490,490,1389,1389,CONSISTENT
15450,491189,99000,99000,0,0,0,0,0,2219715,99,491090,99,493,493,984,581,1,1000,512,493,493,493,492,492,18,1,99000,99,99,99,5,984,5,984,99000,99,99000,99,2219715,99,11143991,0,491000,491000,11130605,11130605,491000,491000,0,0,0,0,492,492,491,491,582,582,CONSISTENT
15460,491577,99000,99000,0,0,0,0,0,2219715,99,491478,99,493,493,984,969,1,1000,512,493,493,493,492,492,28,1,99000,99,99,99,5,984,5,984,99000,99,99000,99,2219715,99,11152892,0,491000,491000,11130605,11130605,491000,491000,0,0,0,0,492,492,491,491,970,971,TORN-PERSISTENT
15470,491952,99000,99000,0,0,0,0,0,2219715,99,491853,99,494,494,985,1344,2,0,1073,494,494,494,492,492,6,1,99000,99,99,99,5,985,5,985,99000,99,99000,99,2219715,99,11161517,0,492000,492000,11153605,11153605,491000,491000,0,0,0,0,493,493,491,491,1346,1346,CONSISTENT
15480,492336,99000,99000,0,0,0,0,0,2219715,99,492237,99,494,494,985,1728,2,0,1073,494,494,494,492,492,16,1,99000,99,99,99,5,985,5,985,99000,99,99000,99,2219715,99,11170349,0,492000,492000,11153605,11153605,491000,491000,0,0,0,0,493,493,491,491,1728,1728,CONSISTENT
15490,492526,99000,99000,0,0,0,0,0,2219715,99,492427,99,494,494,986,919,1,1000,828,494,494,494,493,493,26,1,99000,99,99,99,5,986,5,986,99000,99,99000,99,2219715,99,11174742,0,492000,492000,11153605,11153605,492000,492000,0,0,0,0,493,493,492,492,919,919,CONSISTENT
15500,492856,99000,99000,0,0,0,0,0,2219715,99,492757,99,495,495,987,1249,2,0,1004,495,495,495,493,493,6,1,99000,99,99,99,5,987,5,987,99000,99,99000,99,2219715,99,11182332,0,493000,493000,11176605,11176605,492000,492000,0,0,0,0,494,494,492,492,1252,1255,TORN-PERSISTENT
15510,493233,99000,99000,0,0,0,0,0,2219715,99,493134,99,495,495,987,1626,2,0,1004,495,495,495,493,493,16,1,99000,99,99,99,5,987,5,987,99000,99,99000,99,2219715,99,11191003,0,493000,493000,11176605,11176605,492000,492000,0,0,0,0,494,494,492,492,1626,1626,CONSISTENT
15520,493429,99000,99000,0,0,0,0,0,2219715,99,493330,99,495,495,988,823,1,1000,675,495,495,495,494,494,26,1,99000,99,99,99,5,988,5,988,99000,99,99000,99,2219715,99,11195557,0,493000,493000,11176605,11176605,493000,493000,0,0,0,0,494,494,493,493,824,824,CONSISTENT
15530,493810,99000,99000,0,0,0,0,0,2219715,99,493711,99,496,496,989,1204,2,0,1002,496,496,496,494,494,4,1,99000,99,99,99,5,989,5,989,99000,99,99000,99,2219715,99,11204297,0,494000,494000,11199605,11199605,493000,493000,0,0,0,0,495,495,493,493,1204,1204,CONSISTENT
15540,494136,99000,99000,0,0,0,0,0,2219715,99,494037,99,496,496,990,531,1,1000,529,496,496,496,495,495,14,1,99000,99,99,99,5,990,5,990,99000,99,99000,99,2219715,99,11211818,0,494000,494000,11199605,11199605,494000,494000,0,0,0,0,495,495,494,494,531,531,CONSISTENT
15550,494381,99000,99000,0,0,0,0,0,2219715,99,494282,99,496,496,990,776,1,1000,529,496,496,496,495,495,24,1,99000,99,99,99,5,990,5,990,99000,99,99000,99,2219715,99,11217476,0,494000,494000,11199605,11199605,494000,494000,0,0,0,0,495,495,494,494,777,777,CONSISTENT
15560,494735,99000,99000,0,0,0,0,0,2219715,99,494636,99,497,497,991,1130,2,0,1038,497,497,497,495,495,2,1,99000,99,99,99,5,991,5,991,99000,99,99000,99,2219715,99,11225595,0,495000,495000,11222605,11222605,494000,494000,0,0,0,0,496,496,494,494,1130,1130,CONSISTENT
15570,495113,99000,99000,0,0,0,0,0,2219715,99,495014,99,497,497,991,1508,2,0,1038,497,497,497,495,495,12,1,99000,99,99,99,5,991,5,991,99000,99,99000,99,2219715,99,11234289,0,495000,495000,11222605,11222605,494000,494000,0,0,0,0,496,496,494,494,1509,1511,TORN-PERSISTENT
15580,495487,99000,99000,0,0,0,0,0,2219715,99,495388,99,497,497,992,883,1,1000,883,497,497,497,496,496,22,1,99000,99,99,99,5,992,5,992,99000,99,99000,99,2219715,99,11242914,0,495000,495000,11222605,11222605,495000,495000,0,0,0,0,496,496,495,495,883,883,CONSISTENT
15590,495688,99000,99000,0,0,0,0,0,2219715,99,495589,99,498,498,993,1084,2,0,1054,498,498,498,496,496,0,1,99000,99,99,99,5,993,5,993,99000,99,99000,99,2219715,99,11247537,0,496000,496000,11245605,11245605,495000,495000,0,0,0,0,497,497,495,495,1088,1089,TORN-PERSISTENT
15600,496055,99000,99000,0,0,0,0,0,2219715,99,495956,99,498,498,993,1451,2,0,1054,498,498,498,496,496,10,1,99000,99,99,99,5,993,5,993,99000,99,99000,99,2219715,99,11255978,0,496000,496000,11245605,11245605,495000,495000,0,0,0,0,497,497,495,495,1451,1451,CONSISTENT
15610,496135,99000,99000,0,0,0,0,0,2219715,99,496036,99,498,498,994,532,1,1000,526,498,498,498,497,497,20,1,99000,99,99,99,5,994,5,994,99000,99,99000,99,2219715,99,11257841,0,496000,496000,11245605,11245605,496000,496000,0,0,0,0,497,497,496,496,532,532,CONSISTENT
15620,496506,99000,99000,0,0,0,0,0,2219715,99,496407,99,498,498,994,903,1,1000,526,498,498,498,497,497,30,1,99000,99,99,99,5,994,5,994,99000,99,99000,99,2219715,99,11266397,0,496000,496000,11245605,11245605,496000,496000,0,0,0,0,497,497,496,496,904,904,CONSISTENT
15630,496868,99000,99000,0,0,0,0,0,2219715,99,496769,99,499,499,995,1265,2,0,1042,499,499,499,497,497,6,1,99000,99,99,99,5,995,5,995,99000,99,99000,99,2219715,99,11274700,0,497000,497000,11268605,11268605,496000,496000,0,0,0,0,498,498,496,496,1267,1270,TORN-PERSISTENT
15640,497241,99000,99000,0,0,0,0,0,2219715,99,497142,99,499,499,995,1638,2,0,1042,499,499,499,497,497,16,1,99000,99,99,99,5,995,5,995,99000,99,99000,99,2219715,99,11283302,0,497000,497000,11268605,11268605,496000,496000,0,0,0,0,498,498,496,496,1640,1640,CONSISTENT
15650,497479,99000,99000,0,0,0,0,0,2219715,99,497380,99,499,499,996,877,1,1000,875,499,499,499,498,498,26,1,99000,99,99,99,5,996,5,996,99000,99,99000,99,2219715,99,11288776,0,497000,497000,11268605,11268605,497000,497000,0,0,0,0,498,498,497,497,877,877,CONSISTENT
15660,497818,99000,99000,0,0,0,0,0,2219715,99,497719,99,500,500,997,1216,2,0,1029,500,500,500,498,498,4,1,99000,99,99,99,5,997,5,997,99000,99,99000,99,2219715,99,11296573,0,498000,498000,11291605,11291605,497000,497000,0,0,0,0,499,499,497,497,1216,1216,CONSISTENT
15670,498163,99000,99000,0,0,0,0,0,2219715,99,498064,99,500,500,997,1561,2,0,1029,500,500,500,498,498,12,1,99000,99,99,99,5,997,5,997,99000,99,99000,99,2219715,99,11304508,0,498000,498000,11291605,11291605,497000,497000,0,0,0,0,499,499,497,497,1564,1564,CONSISTENT
15680,498364,99000,99000,0,0,0,0,0,2219715,99,498265,99,500,500,998,763,1,1000,733,500,500,500,499,499,22,1,99000,99,99,99,5,998,5,998,99000,99,99000,99,2219715,99,11309154,0,498000,498000,11291605,11291605,498000,498000,0,0,0,0,499,499,498,498,764,764,CONSISTENT
15690,498747,99000,99000,0,0,0,0,0,2219715,99,498648,99,501,501,999,1146,2,0,1010,501,501,501,499,499,2,1,99000,99,99,99,5,999,5,999,99000,99,99000,99,2219715,99,11317963,0,499000,499000,11314605,11314605,498000,498000,0,0,0,0,500,500,498,498,1147,1147,CONSISTENT
15700,499135,99000,99000,0,0,0,0,0,2219715,99,499036,99,501,501,999,1534,2,0,1010,501,501,501,499,499,12,1,99000,99,99,99,5,999,5,999,99000,99,99000,99,2219715,99,11326910,0,499000,499000,11314605,11314605,498000,498000,0,0,0,0,500,500,498,498,1538,1538,CONSISTENT
15710,499336,99000,99000,0,0,0,0,0,2219715,99,499237,99,501,501,1000,736,1,1000,581,501,501,501,500,500,24,1,99000,99,99,99,5,1000,5,1000,99000,99,99000,99,2219715,99,11331533,0,499000,499000,11314605,11314605,499000,499000,0,0,0,0,500,500,499,499,736,736,CONSISTENT
15720,499686,99000,99000,0,0,0,0,0,2219715,99,499587,99,502,502,1001,1086,2,0,1044,502,502,502,500,500,0,1,99000,99,99,99,5,1001,5,1001,99000,99,99000,99,2219715,99,11339583,0,500000,500000,11337605,11337605,499000,499000,0,0,0,0,501,501,499,499,1088,1088,CONSISTENT
15730,500045,99000,99000,0,0,0,0,0,2219715,99,499946,99,502,502,1002,446,1,1000,436,502,502,502,501,501,10,1,99000,99,99,99,5,1002,5,1002,99000,99,99000,99,2219715,99,11347863,0,500000,500000,11337605,11337605,500000,500000,0,0,0,0,501,501,500,500,446,446,CONSISTENT
15740,500264,99000,99000,0,0,0,0,0,2219715,99,500165,99,502,502,1002,665,1,1000,436,502,502,502,501,501,20,1,99000,99,99,99,5,1002,5,1002,99000,99,99000,99,2219715,99,11352923,0,500000,500000,11337605,11337605,500000,500000,0,0,0,0,501,501,500,500,667,668,TORN-PERSISTENT
15750,500647,99000,99000,0,0,0,0,0,2219715,99,500548,99,503,503,1003,1048,2,0,1003,503,503,503,501,501,0,1,99000,99,99,99,5,1003,5,1003,99000,99,99000,99,2219715,99,11361709,0,501000,501000,11360605,11360605,500000,500000,0,0,0,0,502,502,500,500,1048,1048,CONSISTENT
15760,501033,99000,99000,0,0,0,0,0,2219715,99,500934,99,503,503,1003,1434,2,0,1003,503,503,503,501,501,10,1,99000,99,99,99,5,1003,5,1003,99000,99,99000,99,2219715,99,11370587,0,501000,501000,11360605,11360605,500000,500000,0,0,0,0,502,502,500,500,1438,1438,CONSISTENT
15770,501380,99000,99000,0,0,0,0,0,2219715,99,501281,99,503,503,1003,1781,2,0,1003,503,503,503,501,501,20,1,99000,99,99,99,5,1003,5,1003,99000,99,99000,99,2219715,99,11378568,0,501000,501000,11360605,11360605,500000,500000,0,0,0,0,502,502,500,500,1784,1785,TORN-PERSISTENT
15780,501587,99000,99000,0,0,0,0,0,2219715,99,501488,99,503,503,1004,989,1,1000,795,503,503,503,502,502,30,1,99000,99,99,99,5,1004,5,1004,99000,99,99000,99,2219715,99,11383352,0,501000,501000,11360605,11360605,501000,501000,0,0,0,0,502,502,501,501,989,989,CONSISTENT
15790,501966,99000,99000,0,0,0,0,0,2219715,99,501867,99,504,504,1005,1368,2,0,1034,504,504,504,502,502,8,1,99000,99,99,99,5,1005,5,1005,99000,99,99000,99,2219715,99,11392069,0,502000,502000,11383605,11383605,501000,501000,0,0,0,0,503,503,501,501,1371,1372,TORN-PERSISTENT
15800,502227,99000,99000,0,0,0,0,0,2219715,99,502128,99,504,504,1006,630,1,1000,624,504,504,504,503,503,18,1,99000,99,99,99,5,1006,5,1006,99000,99,99000,99,2219715,99,11398095,0,502000,502000,11383605,11383605,502000,502000,0,0,0,0,503,503,502,502,630,630,CONSISTENT
15810,502551,99000,99000,0,0,0,0,0,2219715,99,502452,99,504,504,1006,954,1,1000,624,504,504,504,503,503,28,1,99000,99,99,99,5,1006,5,1006,99000,99,99000,99,2219715,99,11405570,0,502000,502000,11383605,11383605,502000,502000,0,0,0,0,503,503,502,502,955,955,CONSISTENT
15820,502912,99000,99000,0,0,0,0,0,2219715,99,502813,99,505,505,1007,1315,2,0,1067,505,505,505,503,503,6,1,99000,99,99,99,5,1007,5,1007,99000,99,99000,99,2219715,99,11413850,0,503000,503000,11406605,11406605,502000,502000,0,0,0,0,504,504,502,502,1315,1315,CONSISTENT
15830,503244,99000,99000,0,0,0,0,0,2219715,99,503145,99,505,505,1007,1647,2,0,1067,505,505,505,503,503,16,1,99000,99,99,99,5,1007,5,1007,99000,99,99000,99,2219715,99,11421509,0,503000,503000,11406605,11406605,502000,502000,0,0,0,0,504,504,502,502,1650,1650,CONSISTENT
15840,503431,99000,99000,0,0,0,0,0,2219715,99,503332,99,505,505,1008,835,1,1000,759,505,505,505,504,504,26,1,99000,99,99,99,5,1008,5,1008,99000,99,99000,99,2219715,99,11425810,0,503000,503000,11406605,11406605,503000,503000,0,0,0,0,504,504,503,503,836,836,CONSISTENT
15850,503811,99000,99000,0,0,0,0,0,2219715,99,503712,99,506,506,1009,1215,2,0,1054,506,506,506,504,504,4,1,99000,99,99,99,5,1009,5,1009,99000,99,99000,99,2219715,99,11434550,0,504000,504000,11429605,11429605,503000,503000,0,0,0,0,505,505,503,503,1215,1215,CONSISTENT
15860,504207,99000,99000,0,0,0,0,0,2219715,99,504108,99,506,506,1009,1611,2,0,1054,506,506,506,504,504,14,1,99000,99,99,99,5,1009,5,1009,99000,99,99000,99,2219715,99,11443658,0,504000,504000,11429605,11429605,503000,503000,0,0,0,0,505,505,503,503,1612,1612,CONSISTENT
15870,504417,99000,99000,0,0,0,0,0,2219715,99,504318,99,506,506,1010,822,1,1000,780,506,506,506,505,505,24,1,99000,99,99,99,5,1010,5,1010,99000,99,99000,99,2219715,99,11448511,0,504000,504000,11429605,11429605,504000,504000,0,0,0,0,505,505,504,504,823,823,CONSISTENT
15880,504772,99000,99000,0,0,0,0,0,2219715,99,504673,99,507,507,1011,1177,2,0,1028,507,507,507,505,505,2,1,99000,99,99,99,5,1011,5,1011,99000,99,99000,99,2219715,99,11456676,0,505000,505000,11452605,11452605,504000,504000,0,0,0,0,506,506,504,504,1178,1178,CONSISTENT
15890,505166,99000,99000,0,0,0,0,0,2219715,99,505067,99,507,507,1011,1571,2,0,1028,507,507,507,505,505,12,1,99000,99,99,99,5,1011,5,1011,99000,99,99000,99,2219715,99,11465738,0,505000,505000,11452605,11452605,504000,504000,0,0,0,0,506,506,504,504,1571,1571,CONSISTENT
15900,505366,99000,99000,0,0,0,0,0,2219715,99,505267,99,507,507,1012,772,1,1000,630,507,507,507,506,506,22,1,99000,99,99,99,5,1012,5,1012,99000,99,99000,99,2219715,99,11470384,0,505000,505000,11452605,11452605,505000,505000,0,0,0,0,506,506,505,505,774,774,CONSISTENT
15910,505632,99000,99000,0,0,0,0,0,2219715,99,505533,99,507,507,1012,1038,2,1000,630,507,508,507,506,506,33,1,99000,99,99,99,5,1012,5,1012,99000,99,99000,99,2219715,99,11476479,0,506000,506000,11475605,11475605,505000,505000,0,0,0,0,507,507,505,505,1039,1039,CONSISTENT
15920,506025,99000,99000,0,0,0,0,0,2219715,99,505926,99,508,508,1013,1431,2,0,1075,508,508,508,506,506,8,1,99000,99,99,99,5,1013,5,1013,99000,99,99000,99,2219715,99,11485518,0,506000,506000,11475605,11475605,505000,505000,0,0,0,0,507,507,505,505,1432,1432,CONSISTENT
15930,506396,99000,99000,0,0,0,0,0,2219715,99,506297,99,508,508,1014,803,1,1000,801,508,508,508,507,507,19,1,99000,99,99,99,5,1014,5,1014,99000,99,99000,99,2219715,99,11494074,0,506000,506000,11475605,11475605,506000,506000,0,0,0,0,507,507,506,506,803,803,CONSISTENT
15940,506564,99000,99000,0,0,0,0,0,2219715,99,506465,99,508,508,1014,971,1,1000,801,508,508,508,507,507,28,1,99000,99,99,99,5,1014,5,1014,99000,99,99000,99,2219715,99,11497938,0,506000,506000,11475605,11475605,506000,506000,0,0,0,0,507,507,506,506,971,971,CONSISTENT
15950,506942,99000,99000,0,0,0,0,0,2219715,99,506843,99,509,509,1015,1349,2,0,1023,509,509,509,507,507,8,1,99000,99,99,99,5,1015,5,1015,99000,99,99000,99,2219715,99,11506632,0,507000,507000,11498605,11498605,506000,506000,0,0,0,0,508,508,506,506,1352,1353,TORN-PERSISTENT
15960,507304,99000,99000,0,0,0,0,0,2219715,99,507205,99,509,509,1016,712,1,1000,705,509,509,509,508,508,18,1,99000,99,99,99,5,1016,5,1016,99000,99,99000,99,2219715,99,11514981,0,507000,507000,11498605,11498605,507000,507000,0,0,0,0,508,508,507,507,712,712,CONSISTENT
15970,507537,99000,99000,0,0,0,0,0,2219715,99,507438,99,509,509,1016,945,1,1000,705,509,509,509,508,508,28,1,99000,99,99,99,5,1016,5,1016,99000,99,99000,99,2219715,99,11520340,0,507000,507000,11498605,11498605,507000,507000,0,0,0,0,508,508,507,507,946,947,TORN-PERSISTENT
15980,507898,99000,99000,0,0,0,0,0,2219715,99,507799,99,510,510,1017,1306,2,0,1077,510,510,510,508,508,6,1,99000,99,99,99,5,1017,5,1017,99000,99,99000,99,2219715,99,11528666,0,508000,508000,11521605,11521605,507000,507000,0,0,0,0,509,509,507,507,1307,1307,CONSISTENT
15990,508163,99000,99000,0,0,0,0,0,2219715,99,508064,99,510,510,1018,572,1,1000,565,510,510,510,509,509,14,1,99000,99,99,99,5,1018,5,1018,99000,99,99000,99,2219715,99,11534761,0,508000,508000,11521605,11521605,508000,508000,0,0,0,0,509,509,508,508,572,572,CONSISTENT
16000,508427,99000,99000,0,0,0,0,0,2219715,99,508328,99,510,510,1018,836,1,1000,565,510,510,510,509,509,24,1,99000,99,99,99,5,1018,5,1018,99000,99,99000,99,2219715,99,11540833,0,508000,508000,11521605,11521605,508000,508000,0,0,0,0,509,509,508,508,836,836,CONSISTENT
16010,508810,99000,99000,0,0,0,0,0,2219715,99,508711,99,511,511,1019,1219,2,0,1068,511,511,511,509,509,4,1,99000,99,99,99,5,1019,5,1019,99000,99,99000,99,2219715,99,11549665,0,509000,509000,11544605,11544605,508000,508000,0,0,0,0,510,510,508,508,1220,1220,CONSISTENT
16020,509196,99000,99000,0,0,0,0,0,2219715,99,509097,99,511,511,1019,1605,2,0,1068,511,511,511,509,509,14,1,99000,99,99,99,5,1019,5,1019,99000,99,99000,99,2219715,99,11558543,0,509000,509000,11544605,11544605,508000,508000,0,0,0,0,510,510,508,508,1608,1608,CONSISTENT
16030,509524,99000,99000,0,0,0,0,0,2219715,99,509425,99,511,511,1020,934,1,1000,930,511,511,511,510,510,22,1,99000,99,99,99,5,1020,5,1020,99000,99,99000,99,2219715,99,11566087,0,509000,509000,11544605,11544605,509000,509000,0,0,0,0,510,510,509,509,934,934,CONSISTENT
16040,509765,99000,99000,0,0,0,0,0,2219715,99,509666,99,512,512,1021,1175,2,0,1033,512,512,512,510,510,2,1,99000,99,99,99,5,1021,5,1021,99000,99,99000,99,2219715,99,11571630,0,510000,510000,11567605,11567605,509000,509000,0,0,0,0,511,511,509,509,1178,1178,CONSISTENT
16050,510020,99000,99000,0,0,0,0,0,2219715,99,509921,99,512,512,1022,431,1,1000,426,512,512,512,511,511,12,1,99000,99,99,99,5,1022,5,1022,99000,99,99000,99,2219715,99,11577518,0,510000,510000,11567605,11567605,510000,510000,0,0,0,0,511,511,510,510,431,431,CONSISTENT
16060,510286,99000,99000,0,0,0,0,0,2219715,99,510187,99,512,512,1022,697,1,1000,426,512,512,512,511,511,22,1,99000,99,99,99,5,1022,5,1022,99000,99,99000,99,2219715,99,11583636,0,510000,510000,11567605,11567605,510000,510000,0,0,0,0,511,511,510,510,698,698,CONSISTENT
16070,510652,99000,99000,0,0,0,0,0,2219715,99,510553,99,513,513,1023,1063,2,0,1006,513,513,513,511,511,0,1,99000,99,99,99,5,1023,5,1023,99000,99,99000,99,2219715,99,11592077,0,511000,511000,11590605,11590605,510000,510000,0,0,0,0,512,512,510,510,1065,1065,CONSISTENT
16080,511020,99000,99000,0,0,0,0,0,2219715,99,510921,99,513,513,1023,1431,2,0,1006,513,513,513,511,511,10,1,99000,99,99,99,5,1023,5,1023,99000,99,99000,99,2219715,99,11600518,0,511000,511000,11590605,11590605,510000,510000,0,0,0,0,512,512,510,510,1433,1433,CONSISTENT
16090,511205,99000,99000,0,0,0,0,0,2219715,99,511106,99,513,513,1024,617,1,1000,568,513,513,513,512,512,20,1,99000,99,99,99,5,1024,5,1024,99000,99,99000,99,2219715,99,11604796,0,511000,511000,11590605,11590605,511000,511000,0,0,0,0,512,512,511,511,618,619,TORN-PERSISTENT
16100,511554,99000,99000,0,0,0,0,0,2219715,99,511455,99,513,513,1024,966,1,1000,568,513,513,513,512,512,30,1,99000,99,99,99,5,1024,5,1024,99000,99,99000,99,2219715,99,11612823,0,511000,511000,11590605,11590605,511000,511000,0,0,0,0,512,512,511,511,966,966,CONSISTENT
16110,511869,99000,99000,0,0,0,0,0,2219715,99,511770,99,514,514,1025,1281,2,0,1053,514,514,514,512,512,6,1,99000,99,99,99,5,1025,5,1025,99000,99,99000,99,2219715,99,11620068,0,512000,512000,11613605,11613605,511000,511000,0,0,0,0,513,513,511,511,1281,1281,CONSISTENT
16120,512193,99000,99000,0,0,0,0,0,2219715,99,512094,99,514,514,1025,1605,2,0,1053,514,514,514,512,512,16,1,99000,99,99,99,5,1025,5,1025,99000,99,99000,99,2219715,99,11627520,0,512000,512000,11613605,11613605,511000,511000,0,0,0,0,513,513,511,511,1605,1605,CONSISTENT
16130,512481,99000,99000,0,0,0,0,0,2219715,99,512382,99,514,514,1026,894,1,1000,891,514,514,514,513,513,26,1,99000,99,99,99,5,1026,5,1026,99000,99,99000,99,2219715,99,11634167,0,512000,512000,11613605,11613605,512000,512000,0,0,0,0,513,513,512,512,894,894,CONSISTENT
16140,512725,99000,99000,0,0,0,0,0,2219715,99,512626,99,515,515,1027,1138,2,0,1026,515,515,515,513,513,2,1,99000,99,99,99,5,1027,5,1027,99000,99,99000,99,2219715,99,11639779,0,513000,513000,11636605,11636605,512000,512000,0,0,0,0,514,514,512,512,1138,1138,CONSISTENT
16150,513074,99000,99000,0,0,0,0,0,2219715,99,512975,99,515,515,1027,1487,2,0,1026,515,515,515,513,513,12,1,99000,99,99,99,5,1027,5,1027,99000,99,99000,99,2219715,99,11647806,0,513000,513000,11636605,11636605,512000,512000,0,0,0,0,514,514,512,512,1488,1488,CONSISTENT
16160,513375,99000,99000,0,0,0,0,0,2219715,99,513276,99,515,515,1028,789,1,1000,784,515,515,515,514,514,22,1,99000,99,99,99,5,1028,5,1028,99000,99,99000,99,2219715,99,11654752,0,513000,513000,11636605,11636605,513000,513000,0,0,0,0,514,514,513,513,790,790,CONSISTENT
16170,513571,99000,99000,0,0,0,0,0,2219715,99,513472,99,515,515,1028,985,1,1000,784,515,515,515,514,514,30,1,99000,99,99,99,5,1028,5,1028,99000,99,99000,99,2219715,99,11659260,0,513000,513000,11636605,11636605,513000,513000,0,0,0,0,514,514,513,513,989,989,CONSISTENT
16180,513947,99000,99000,0,0,0,0,0,2219715,99,513848,99,516,516,1029,1361,2,0,1059,516,516,516,514,514,8,1,99000,99,99,99,5,1029,5,1029,99000,99,99000,99,2219715,99,11667908,0,514000,514000,11659605,11659605,513000,513000,0,0,0,0,515,515,513,513,1361,1361,CONSISTENT
16190,514238,99000,99000,0,0,0,0,0,2219715,99,514139,99,516,516,1030,653,1,1000,650,516,516,516,515,515,18,1,99000,99,99,99,5,1030,5,1030,99000,99,99000,99,2219715,99,11674624,0,514000,514000,11659605,11659605,514000,514000,0,0,0,0,515,515,514,514,653,653,CONSISTENT
16200,514483,99000,99000,0,0,0,0,0,2219715,99,514384,99,516,516,1030,898,1,1000,650,516,516,516,515,515,26,1,99000,99,99,99,5,1030,5,1030,99000,99,99000,99,2219715,99,11680259,0,514000,514000,11659605,11659605,514000,514000,0,0,0,0,515,515,514,514,898,898,CONSISTENT
16210,514714,99000,99000,0,0,0,0,0,2219715,99,514615,99,517,517,1031,1129,2,0,1044,517,517,517,515,515,1,1,99000,99,99,99,5,1031,5,1031,99000,99,99000,99,2219715,99,11685572,0,515000,515000,11682605,11682605,514000,514000,0,0,0,0,516,516,514,514,1130,1130,CONSISTENT
16220,515040,99000,99000,0,0,0,0,0,2219715,99,514941,99,517,517,1031,1455,2,0,1044,517,517,517,515,515,12,1,99000,99,99,99,5,1031,5,1031,99000,99,99000,99,2219715,99,11693070,0,515000,515000,11682605,11682605,514000,514000,0,0,0,0,516,516,514,514,1456,1458,TORN-PERSISTENT
16230,515371,99000,99000,0,0,0,0,0,2219715,99,515272,99,517,517,1032,787,1,1000,774,517,517,517,516,516,22,1,99000,99,99,99,5,1032,5,1032,99000,99,99000,99,2219715,99,11700706,0,515000,515000,11682605,11682605,515000,515000,0,0,0,0,516,516,515,515,788,788,CONSISTENT
16240,515614,99000,99000,0,0,0,0,0,2219715,99,515515,99,518,518,1033,1030,2,0,1015,518,518,518,516,516,0,1,99000,99,99,99,5,1033,5,1033,99000,99,99000,99,2219715,99,11706318,0,516000,516000,11705605,11705605,515000,515000,0,0,0,0,517,517,515,515,1031,1031,CONSISTENT
16250,515976,99000,99000,0,0,0,0,0,2219715,99,515877,99,518,518,1033,1392,2,0,1015,518,518,518,516,516,10,1,99000,99,99,99,5,1033,5,1033,99000,99,99000,99,2219715,99,11714621,0,516000,516000,11705605,11705605,515000,515000,0,0,0,0,517,517,515,515,1392,1392,CONSISTENT
16260,516253,99000,99000,0,0,0,0,0,2219715,99,516154,99,518,518,1034,670,1,1000,666,518,518,518,517,517,20,1,99000,99,99,99,5,1034,5,1034,99000,99,99000,99,2219715,99,11721015,0,516000,516000,11705605,11705605,516000,516000,0,0,0,0,517,517,516,516,670,670,CONSISTENT
16270,516508,99000,99000,0,0,0,0,0,2219715,99,516409,99,518,518,1034,925,1,1000,666,518,518,518,517,517,28,1,99000,99,99,99,5,1034,5,1034,99000,99,99000,99,2219715,99,11726880,0,516000,516000,11705605,11705605,516000,516000,0,0,0,0,517,517,516,516,926,926,CONSISTENT
16280,516882,99000,99000,0,0,0,0,0,2219715,99,516783,99,519,519,1035,1299,2,0,1015,519,519,519,517,517,6,1,99000,99,99,99,5,1035,5,1035,99000,99,99000,99,2219715,99,11735482,0,517000,517000,11728605,11728605,516000,516000,0,0,0,0,518,518,516,516,1300,1300,CONSISTENT
16290,517097,99000,99000,0,0,0,0,0,2219715,99,516998,99,519,519,1036,515,1,1000,506,519,519,519,518,518,18,1,99000,99,99,99,5,1036,5,1036,99000,99,99000,99,2219715,99,11740450,0,517000,517000,11728605,11728605,517000,517000,0,0,0,0,518,518,517,517,515,515,CONSISTENT
16300,517436,99000,99000,0,0,0,0,0,2219715,99,517337,99,519,519,1036,854,1,1000,506,519,519,519,518,518,26,1,99000,99,99,99,5,1036,5,1036,99000,99,99000,99,2219715,99,11748247,0,517000,517000,11728605,11728605,517000,517000,0,0,0,0,518,518,517,517,854,854,CONSISTENT
16310,517803,99000,99000,0,0,0,0,0,2219715,99,517704,99,520,520,1037,1221,2,0,1013,520,520,520,518,518,4,1,99000,99,99,99,5,1037,5,1037,99000,99,99000,99,2219715,99,11756711,0,518000,518000,11751605,11751605,517000,517000,0,0,0,0,519,519,517,517,1223,1223,CONSISTENT
16320,518104,99000,99000,0,0,0,0,0,2219715,99,518005,99,520,520,1037,1522,2,0,1013,520,520,520,518,518,14,1,99000,99,99,99,5,1037,5,1037,99000,99,99000,99,2219715,99,11763634,0,518000,518000,11751605,11751605,517000,517000,0,0,0,0,519,519,517,517,1527,1527,CONSISTENT
16330,518370,99000,99000,0,0,0,0,0,2219715,99,518271,99,520,520,1038,789,1,1000,783,520,520,520,519,519,24,1,99000,99,99,99,5,1038,5,1038,99000,99,99000,99,2219715,99,11769752,0,518000,518000,11751605,11751605,518000,518000,0,0,0,0,519,519,518,518,789,789,CONSISTENT
16340,518626,99000,99000,0,0,0,0,0,2219715,99,518527,99,520,520,1038,1045,2,1000,783,520,521,520,519,519,34,1,99000,99,99,99,5,1038,5,1038,99000,99,99000,99,2219715,99,11775640,0,519000,519000,11774605,11774605,518000,518000,0,0,0,0,520,520,518,518,1045,1045,CONSISTENT
16350,519003,99000,99000,0,0,0,0,0,2219715,99,518904,99,521,521,1039,1422,2,0,1067,521,521,521,519,519,8,1,99000,99,99,99,5,1039,5,1039,99000,99,99000,99,2219715,99,11784311,0,519000,519000,11774605,11774605,518000,518000,0,0,0,0,520,520,518,518,1425,1426,TORN-PERSISTENT
16360,519197,99000,99000,0,0,0,0,0,2219715,99,519098,99,521,521,1040,617,1,1000,598,521,521,521,520,520,18,1,99000,99,99,99,5,1040,5,1040,99000,99,99000,99,2219715,99,11788796,0,519000,519000,11774605,11774605,519000,519000,0,0,0,0,520,520,519,519,618,620,TORN-PERSISTENT
16370,519504,99000,99000,0,0,0,0,0,2219715,99,519405,99,521,521,1040,924,1,1000,598,521,521,521,520,520,28,1,99000,99,99,99,5,1040,5,1040,99000,99,99000,99,2219715,99,11795857,0,519000,519000,11774605,11774605,519000,519000,0,0,0,0,520,520,519,519,925,925,CONSISTENT
16380,519878,99000,99000,0,0,0,0,0,2219715,99,519779,99,522,522,1041,1298,2,0,1062,522,522,522,520,520,6,1,99000,99,99,99,5,1041,5,1041,99000,99,99000,99,2219715,99,11804459,0,520000,520000,11797605,11797605,519000,519000,0,0,0,0,521,521,519,519,1298,1298,CONSISTENT
16390,520235,99000,99000,0,0,0,0,0,2219715,99,520136,99,522,522,1041,1655,2,0,1062,522,522,522,520,520,16,1,99000,99,99,99,5,1041,5,1041,99000,99,99000,99,2219715,99,11812670,0,520000,520000,11797605,11797605,519000,519000,0,0,0,0,521,521,519,519,1659,1661,TORN-PERSISTENT
16400,520440,99000,99000,0,0,0,0,0,2219715,99,520341,99,522,522,1042,861,1,1000,855,522,522,522,521,521,26,1,99000,99,99,99,5,1042,5,1042,99000,99,99000,99,2219715,99,11817408,0,520000,520000,11797605,11797605,520000,520000,0,0,0,0,521,521,520,520,861,861,CONSISTENT
16410,520770,99000,99000,0,0,0,0,0,2219715,99,520671,99,523,523,1043,1191,2,0,1075,523,523,523,521,521,2,1,99000,99,99,99,5,1043,5,1043,99000,99,99000,99,2219715,99,11824998,0,521000,521000,11820605,11820605,520000,520000,0,0,0,0,522,522,520,520,1193,1194,TORN-PERSISTENT
16420,521097,99000,99000,0,0,0,0,0,2219715,99,520998,99,523,523,1043,1518,2,0,1075,523,523,523,521,521,12,1,99000,99,99,99,5,1043,5,1043,99000,99,99000,99,2219715,99,11832519,0,521000,521000,11820605,11820605,520000,520000,0,0,0,0,522,522,520,520,1520,1520,CONSISTENT
16430,521257,99000,99000,0,0,0,0,0,2219715,99,521158,99,523,523,1044,679,1,1000,619,523,523,523,522,522,22,1,99000,99,99,99,5,1044,5,1044,99000,99,99000,99,2219715,99,11836222,0,521000,521000,11820605,11820605,521000,521000,0,0,0,0,522,522,521,521,682,683,TORN-PERSISTENT
16440,521570,99000,99000,0,0,0,0,0,2219715,99,521471,99,523,523,1044,992,1,1000,619,523,523,523,522,522,32,1,99000,99,99,99,5,1044,5,1044,99000,99,99000,99,2219715,99,11843421,0,521000,521000,11820605,11820605,521000,521000,0,0,0,0,522,522,521,521,992,992,CONSISTENT
16450,521930,99000,99000,0,0,0,0,0,2219715,99,521831,99,524,524,1045,1352,2,0,1129,524,524,524,522,522,6,1,99000,99,99,99,5,1045,5,1045,99000,99,99000,99,2219715,99,11851701,0,522000,522000,11843605,11843605,521000,521000,0,0,0,0,523,523,521,521,1352,1352,CONSISTENT
16460,522253,99000,99000,0,0,0,0,0,2219715,99,522154,99,524,524,1045,1675,2,0,1129,524,524,524,522,522,16,1,99000,99,99,99,5,1045,5,1045,99000,99,99000,99,2219715,99,11859153,0,522000,522000,11843605,11843605,521000,521000,0,0,0,0,523,523,521,521,1678,1679,TORN-PERSISTENT
16470,522458,99000,99000,0,0,0,0,0,2219715,99,522359,99,524,524,1046,881,1,1000,876,524,524,524,523,523,24,1,99000,99,99,99,5,1046,5,1046,99000,99,99000,99,2219715,99,11863868,0,522000,522000,11843605,11843605,522000,522000,0,0,0,0,523,523,522,522,881,881,CONSISTENT
16480,522719,99000,99000,0,0,0,0,0,2219715,99,522620,99,525,525,1047,1142,2,0,1035,525,525,525,523,523,2,1,99000,99,99,99,5,1047,5,1047,99000,99,99000,99,2219715,99,11869871,0,523000,523000,11866605,11866605,522000,522000,0,0,0,0,524,524,522,522,1145,1145,CONSISTENT
16490,523064,99000,99000,0,0,0,0,0,2219715,99,522965,99,525,525,1047,1487,2,0,1035,525,525,525,523,523,14,1,99000,99,99,99,5,1047,5,1047,99000,99,99000,99,2219715,99,11877806,0,523000,523000,11866605,11866605,522000,522000,0,0,0,0,524,524,522,522,1490,1491,TORN-PERSISTENT
16500,523238,99000,99000,0,0,0,0,0,2219715,99,523139,99,525,525,1048,662,1,1000,652,525,525,525,524,524,22,1,99000,99,99,99,5,1048,5,1048,99000,99,99000,99,2219715,99,11881831,0,523000,523000,11866605,11866605,523000,523000,0,0,0,0,524,524,523,523,662,662,CONSISTENT
16510,523504,99000,99000,0,0,0,0,0,2219715,99,523405,99,525,525,1048,928,1,1000,652,525,525,525,524,524,33,1,99000,99,99,99,5,1048,5,1048,99000,99,99000,99,2219715,99,11887949,0,523000,523000,11866605,11866605,523000,523000,0,0,0,0,524,524,523,523,928,928,CONSISTENT
16520,523831,99000,99000,0,0,0,0,0,2219715,99,523732,99,526,526,1049,1255,2,0,1050,526,526,526,524,524,4,1,99000,99,99,99,5,1049,5,1049,99000,99,99000,99,2219715,99,11895493,0,524000,524000,11889605,11889605,523000,523000,0,0,0,0,525,525,523,523,1257,1258,TORN-PERSISTENT
16530,524164,99000,99000,0,0,0,0,0,2219715,99,524065,99,526,526,1049,1588,2,0,1050,526,526,526,524,524,16,1,99000,99,99,99,5,1049,5,1049,99000,99,99000,99,2219715,99,11903129,0,524000,524000,11889605,11889605,523000,523000,0,0,0,0,525,525,523,523,1592,1592,CONSISTENT
16540,524349,99000,99000,0,0,0,0,0,2219715,99,524250,99,526,526,1050,774,1,1000,752,526,526,526,525,525,26,1,99000,99,99,99,5,1050,5,1050,99000,99,99000,99,2219715,99,11907407,0,524000,524000,11889605,11889605,524000,524000,0,0,0,0,525,525,524,524,774,774,CONSISTENT
16550,524686,99000,99000,0,0,0,0,0,2219715,99,524587,99,527,527,1051,1111,2,0,1021,527,527,527,525,525,2,1,99000,99,99,99,5,1051,5,1051,99000,99,99000,99,2219715,99,11915158,0,525000,525000,11912605,11912605,524000,524000,0,0,0,0,526,526,524,524,1112,1112,CONSISTENT
16560,525016,99000,99000,0,0,0,0,0,2219715,99,524917,99,527,527,1051,1441,2,0,1021,527,527,527,525,525,10,1,99000,99,99,99,5,1051,5,1051,99000,99,99000,99,2219715,99,11922748,0,525000,525000,11912605,11912605,524000,524000,0,0,0,0,526,526,524,524,1443,1443,CONSISTENT
16570,525205,99000,99000,0,0,0,0,0,2219715,99,525106,99,527,527,1052,631,1,1000,566,527,527,527,526,526,20,1,99000,99,99,99,5,1052,5,1052,99000,99,99000,99,2219715,99,11927118,0,525000,525000,11912605,11912605,525000,525000,0,0,0,0,526,526,525,525,632,635,TORN-PERSISTENT
16580,525580,99000,99000,0,0,0,0,0,2219715,99,525481,99,527,527,1052,1006,2,1000,566,527,528,527,526,526,30,1,99000,99,99,99,5,1052,5,1052,99000,99,99000,99,2219715,99,11935743,0,526000,526000,11935605,11935605,525000,525000,0,0,0,0,527,527,525,525,1008,1010,TORN-PERSISTENT
16590,525952,99000,99000,0,0,0,0,0,2219715,99,525853,99,528,528,1053,1378,2,0,1101,528,528,528,526,526,6,1,99000,99,99,99,5,1053,5,1053,99000,99,99000,99,2219715,99,11944322,0,526000,526000,11935605,11935605,525000,525000,0,0,0,0,527,527,525,525,1379,1379,CONSISTENT
16600,526323,99000,99000,0,0,0,0,0,2219715,99,526224,99,528,528,1053,1749,2,0,1101,528,528,528,526,526,16,1,99000,99,99,99,5,1053,5,1053,99000,99,99000,99,2219715,99,11952832,0,526000,526000,11935605,11935605,525000,525000,0,0,0,0,527,527,525,525,1750,1750,CONSISTENT
16610,526511,99000,99000,0,0,0,0,0,2219715,99,526412,99,528,528,1054,938,1,1000,874,528,528,528,527,527,26,1,99000,99,99,99,5,1054,5,1054,99000,99,99000,99,2219715,99,11957179,0,526000,526000,11935605,11935605,526000,526000,0,0,0,0,527,527,526,526,939,940,TORN-PERSISTENT
16620,526830,99000,99000,0,0,0,0,0,2219715,99,526731,99,529,529,1055,1257,2,0,1014,529,529,529,527,527,6,1,99000,99,99,99,5,1055,5,1055,99000,99,99000,99,2219715,99,11964516,0,527000,527000,11958605,11958605,526000,526000,0,0,0,0,528,528,526,526,1258,1258,CONSISTENT
16630,527188,99000,99000,0,0,0,0,0,2219715,99,527089,99,529,529,1055,1615,2,0,1014,529,529,529,527,527,16,1,99000,99,99,99,5,1055,5,1055,99000,99,99000,99,2219715,99,11972750,0,527000,527000,11958605,11958605,526000,526000,0,0,0,0,528,528,526,526,1618,1618,CONSISTENT
16640,527363,99000,99000,0,0,0,0,0,2219715,99,527264,99,529,529,1056,791,1,1000,664,529,529,529,528,528,26,1,99000,99,99,99,5,1056,5,1056,99000,99,99000,99,2219715,99,11976798,0,527000,527000,11958605,11958605,527000,527000,0,0,0,0,528,528,527,527,793,794,TORN-PERSISTENT
16650,527716,99000,99000,0,0,0,0,0,2219715,99,527617,99,530,530,1057,1144,2,0,1025,530,530,530,528,528,2,1,99000,99,99,99,5,1057,5,1057,99000,99,99000,99,2219715,99,11984917,0,528000,528000,11981605,11981605,527000,527000,0,0,0,0,529,529,527,527,1144,1144,CONSISTENT
16660,527950,99000,99000,0,0,0,0,0,2219715,99,527851,99,530,530,1058,379,1,1000,366,530,530,530,529,529,12,1,99000,99,99,99,5,1058,5,1058,99000,99,99000,99,2219715,99,11990322,0,528000,528000,11981605,11981605,528000,528000,0,0,0,0,529,529,528,528,380,380,CONSISTENT
16670,528162,99000,99000,0,0,0,0,0,2219715,99,528063,99,530,530,1058,591,1,1000,366,530,530,530,529,529,22,1,99000,99,99,99,5,1058,5,1058,99000,99,99000,99,2219715,99,11995198,0,528000,528000,11981605,11981605,528000,528000,0,0,0,0,529,529,528,528,593,593,CONSISTENT
16680,528513,99000,99000,0,0,0,0,0,2219715,99,528414,99,530,530,1058,942,1,1000,366,530,530,530,529,529,32,1,99000,99,99,99,5,1058,5,1058,99000,99,99000,99,2219715,99,12003271,0,528000,528000,11981605,11981605,528000,528000,0,0,0,0,529,529,528,528,942,942,CONSISTENT
16690,528887,99000,99000,0,0,0,0,0,2219715,99,528788,99,531,531,1059,1316,2,0,1001,531,531,531,529,529,8,1,99000,99,99,99,5,1059,5,1059,99000,99,99000,99,2219715,99,12011873,0,529000,529000,12004605,12004605,528000,528000,0,0,0,0,530,530,528,528,1317,1318,TORN-PERSISTENT
16700,529255,99000,99000,0,0,0,0,0,2219715,99,529156,99,531,531,1059,1684,2,0,1001,531,531,531,529,529,18,1,99000,99,99,99,5,1059,5,1059,99000,99,99000,99,2219715,99,12020337,0,529000,529000,12004605,12004605,528000,528000,0,0,0,0,530,530,528,528,1684,1684,CONSISTENT
16710,529430,99000,99000,0,0,0,0,0,2219715,99,529331,99,531,531,1060,860,1,1000,715,531,531,531,530,530,28,1,99000,99,99,99,5,1060,5,1060,99000,99,99000,99,2219715,99,12024408,0,529000,529000,12004605,12004605,529000,529000,0,0,0,0,530,530,529,529,862,863,TORN-PERSISTENT
16720,529746,99000,99000,0,0,0,0,0,2219715,99,529647,99,532,532,1061,1176,2,0,1045,532,532,532,530,530,2,1,99000,99,99,99,5,1061,5,1061,99000,99,99000,99,2219715,99,12031676,0,530000,530000,12027605,12027605,529000,529000,0,0,0,0,531,531,529,529,1177,1177,CONSISTENT
16730,530034,99000,99000,0,0,0,0,0,2219715,99,529935,99,532,532,1062,465,1,1000,454,532,532,532,531,531,12,1,99000,99,99,99,5,1062,5,1062,99000,99,99000,99,2219715,99,12038300,0,530000,530000,12027605,12027605,530000,530000,0,0,0,0,531,531,530,530,465,465,CONSISTENT
16740,530267,99000,99000,0,0,0,0,0,2219715,99,530168,99,532,532,1062,698,1,1000,454,532,532,532,531,531,22,1,99000,99,99,99,5,1062,5,1062,99000,99,99000,99,2219715,99,12043659,0,530000,530000,12027605,12027605,530000,530000,0,0,0,0,531,531,530,530,699,701,TORN-PERSISTENT
16750,530625,99000,99000,0,0,0,0,0,2219715,99,530526,99,532,532,1062,1056,2,1000,454,532,533,532,531,531,32,1,99000,99,99,99,5,1062,5,1062,99000,99,99000,99,2219715,99,12051893,0,531000,531000,12050605,12050605,530000,530000,0,0,0,0,532,532,530,530,1058,1058,CONSISTENT
16760,530955,99000,99000,0,0,0,0,0,2219715,99,530856,99,533,533,1063,1386,2,0,1068,533,533,533,531,531,8,1,99000,99,99,99,5,1063,5,1063,99000,99,99000,99,2219715,99,12059483,0,531000,531000,12050605,12050605,530000,530000,0,0,0,0,532,532,530,530,1386,1386,CONSISTENT
16770,531247,99000,99000,0,0,0,0,0,2219715,99,531148,99,533,533,1064,679,1,1000,669,533,533,533,532,532,18,1,99000,99,99,99,5,1064,5,1064,99000,99,99000,99,2219715,99,12066222,0,531000,531000,12050605,12050605,531000,531000,0,0,0,0,532,532,531,531,679,679,CONSISTENT
16780,531465,99000,99000,0,0,0,0,0,2219715,99,531366,99,533,533,1064,897,1,1000,669,533,533,533,532,532,28,1,99000,99,99,99,5,1064,5,1064,99000,99,99000,99,2219715,99,12071236,0,531000,531000,12050605,12050605,531000,531000,0,0,0,0,532,532,531,531,898,898,CONSISTENT
16790,531831,99000,99000,0,0,0,0,0,2219715,99,531732,99,534,534,1065,1263,2,0,1068,534,534,534,532,532,4,1,99000,99,99,99,5,1065,5,1065,99000,99,99000,99,2219715,99,12079654,0,532000,532000,12073605,12073605,531000,531000,0,0,0,0,533,533,531,531,1263,1263,CONSISTENT
16800,532054,99000,99000,0,0,0,0,0,2219715,99,531955,99,534,534,1066,487,1,1000,485,534,534,534,533,533,14,1,99000,99,99,99,5,1066,5,1066,99000,99,99000,99,2219715,99,12084806,0,532000,532000,12073605,12073605,532000,532000,0,0,0,0,533,533,532,532,487,487,CONSISTENT
16810,532247,99000,99000,0,0,0,0,0,2219715,99,532148,99,534,534,1066,680,1,1000,485,534,534,534,533,533,24,1,99000,99,99,99,5,1066,5,1066,99000,99,99000,99,2219715,99,12089245,0,532000,532000,12073605,12073605,532000,532000,0,0,0,0,533,533,532,532,681,681,CONSISTENT
16820,532544,99000,99000,0,0,0,0,0,2219715,99,532445,99,534,534,1066,977,1,1000,485,534,534,534,533,533,34,1,99000,99,99,99,5,1066,5,1066,99000,99,99000,99,2219715,99,12096099,0,532000,532000,12073605,12073605,532000,532000,0,0,0,0,533,533,532,532,979,979,CONSISTENT
16830,532882,99000,99000,0,0,0,0,0,2219715,99,532783,99,535,535,1067,1315,2,0,1027,535,535,535,533,533,8,1,99000,99,99,99,5,1067,5,1067,99000,99,99000,99,2219715,99,12103850,0,533000,533000,12096605,12096605,532000,532000,0,0,0,0,534,534,532,532,1315,1315,CONSISTENT
16840,533082,99000,99000,0,0,0,0,0,2219715,99,532983,99,535,535,1068,516,1,1000,512,535,535,535,534,534,18,1,99000,99,99,99,5,1068,5,1068,99000,99,99000,99,2219715,99,12108473,0,533000,533000,12096605,12096605,533000,533000,0,0,0,0,534,534,533,533,516,516,CONSISTENT
16850,533409,99000,99000,0,0,0,0,0,2219715,99,533310,99,535,535,1068,843,1,1000,512,535,535,535,534,534,28,1,99000,99,99,99,5,1068,5,1068,99000,99,99000,99,2219715,99,12115994,0,533000,533000,12096605,12096605,533000,533000,0,0,0,0,534,534,533,533,843,843,CONSISTENT
16860,533688,99000,99000,0,0,0,0,0,2219715,99,533589,99,536,536,1069,1122,2,0,1028,536,536,536,534,534,2,1,99000,99,99,99,5,1069,5,1069,99000,99,99000,99,2219715,99,12122411,0,534000,534000,12119605,12119605,533000,533000,0,0,0,0,535,535,533,533,1122,1122,CONSISTENT
16870,534032,99000,99000,0,0,0,0,0,2219715,99,533933,99,536,536,1069,1466,2,0,1028,536,536,536,534,534,12,1,99000,99,99,99,5,1069,5,1069,99000,99,99000,99,2219715,99,12130346,0,534000,534000,12119605,12119605,533000,533000,0,0,0,0,535,535,533,533,1470,1471,TORN-PERSISTENT
16880,534217,99000,99000,0,0,0,0,0,2219715,99,534118,99,536,536,1070,652,1,1000,643,536,536,536,535,535,20,1,99000,99,99,99,5,1070,5,1070,99000,99,99000,99,2219715,99,12134601,0,534000,534000,12119605,12119605,534000,534000,0,0,0,0,535,535,534,534,652,652,CONSISTENT
16890,534503,99000,99000,0,0,0,0,0,2219715,99,534404,99,536,536,1070,938,1,1000,643,536,536,536,535,535,32,1,99000,99,99,99,5,1070,5,1070,99000,99,99000,99,2219715,99,12141179,0,534000,534000,12119605,12119605,534000,534000,0,0,0,0,535,535,534,534,941,941,CONSISTENT
16900,534847,99000,99000,0,0,0,0,0,2219715,99,534748,99,537,537,1071,1282,2,0,1068,537,537,537,535,535,6,1,99000,99,99,99,5,1071,5,1071,99000,99,99000,99,2219715,99,12149091,0,535000,535000,12142605,12142605,534000,534000,0,0,0,0,536,536,534,534,1284,1285,TORN-PERSISTENT
16910,535176,99000,99000,0,0,0,0,0,2219715,99,535077,99,537,537,1071,1611,2,0,1068,537,537,537,535,535,16,1,99000,99,99,99,5,1071,5,1071,99000,99,99000,99,2219715,99,12156658,0,535000,535000,12142605,12142605,534000,534000,0,0,0,0,536,536,534,534,1611,1611,CONSISTENT
16920,535328,99000,99000,0,0,0,0,0,2219715,99,535229,99,537,537,1072,764,1,1000,758,537,537,537,536,536,24,1,99000,99,99,99,5,1072,5,1072,99000,99,99000,99,2219715,99,12160177,0,535000,535000,12142605,12142605,535000,535000,0,0,0,0,536,536,535,535,764,764,CONSISTENT
16930,535668,99000,99000,0,0,0,0,0,2219715,99,535569,99,538,538,1073,1104,2,0,1040,538,538,538,536,536,0,1,99000,99,99,99,5,1073,5,1073,99000,99,99000,99,2219715,99,12167997,0,536000,536000,12165605,12165605,535000,535000,0,0,0,0,537,537,535,535,1106,1107,TORN-PERSISTENT
16940,536001,99000,99000,0,0,0,0,0,2219715,99,535902,99,538,538,1073,1437,2,0,1040,538,538,538,536,536,10,1,99000,99,99,99,5,1073,5,1073,99000,99,99000,99,2219715,99,12175656,0,536000,536000,12165605,12165605,535000,535000,0,0,0,0,537,537,535,535,1437,1437,CONSISTENT
16950,536160,99000,99000,0,0,0,0,0,2219715,99,536061,99,538,538,1074,597,1,1000,583,538,538,538,537,537,20,1,99000,99,99,99,5,1074,5,1074,99000,99,99000,99,2219715,99,12179336,0,536000,536000,12165605,12165605,536000,536000,0,0,0,0,537,537,536,536,599,599,CONSISTENT
16960,536449,99000,99000,0,0,0,0,0,2219715,99,536350,99,538,538,1074,886,1,1000,583,538,538,538,537,537,30,1,99000,99,99,99,5,1074,5,1074,99000,99,99000,99,2219715,99,12185983,0,536000,536000,12165605,12165605,536000,536000,0,0,0,0,537,537,536,536,888,888,CONSISTENT
16970,536772,99000,99000,0,0,0,0,0,2219715,99,536673,99,539,539,1075,1209,2,0,1040,539,539,539,537,537,4,1,99000,99,99,99,5,1075,5,1075,99000,99,99000,99,2219715,99,12193412,0,537000,537000,12188605,12188605,536000,536000,0,0,0,0,538,538,536,536,1210,1210,CONSISTENT
16980,537107,99000,99000,0,0,0,0,0,2219715,99,537008,99,539,539,1075,1544,2,0,1040,539,539,539,537,537,14,1,99000,99,99,99,5,1075,5,1075,99000,99,99000,99,2219715,99,12201117,0,537000,537000,12188605,12188605,536000,536000,0,0,0,0,538,538,536,536,1544,1544,CONSISTENT
16990,537293,99000,99000,0,0,0,0,0,2219715,99,537194,99,539,539,1076,731,1,1000,729,539,539,539,538,538,24,1,99000,99,99,99,5,1076,5,1076,99000,99,99000,99,2219715,99,12205418,0,537000,537000,12188605,12188605,537000,537000,0,0,0,0,538,538,537,537,731,731,CONSISTENT
17000,537609,99000,99000,0,0,0,0,0,2219715,99,537510,99,539,539,1076,1047,2,1000,729,539,540,539,538,538,34,1,99000,99,99,99,5,1076,5,1076,99000,99,99000,99,2219715,99,12212686,0,538000,538000,12211605,12211605,537000,537000,0,0,0,0,539,539,537,537,1047,1047,CONSISTENT
17010,537937,99000,99000,0,0,0,0,0,2219715,99,537838,99,540,540,1077,1375,2,0,1159,540,540,540,538,538,6,1,99000,99,99,99,5,1077,5,1077,99000,99,99000,99,2219715,99,12220230,0,538000,538000,12211605,12211605,537000,537000,0,0,0,0,539,539,537,537,1376,1376,CONSISTENT
17020,538097,99000,99000,0,0,0,0,0,2219715,99,537998,99,540,540,1078,536,1,1000,484,540,540,540,539,539,16,1,99000,99,99,99,5,1078,5,1078,99000,99,99000,99,2219715,99,12223933,0,538000,538000,12211605,12211605,538000,538000,0,0,0,0,539,539,538,538,536,536,CONSISTENT
17030,538458,99000,99000,0,0,0,0,0,2219715,99,538359,99,540,540,1078,897,1,1000,484,540,540,540,539,539,26,1,99000,99,99,99,5,1078,5,1078,99000,99,99000,99,2219715,99,12232236,0,538000,538000,12211605,12211605,538000,538000,0,0,0,0,539,539,538,538,899,900,TORN-PERSISTENT
17040,538818,99000,99000,0,0,0,0,0,2219715,99,538719,99,541,541,1079,1257,2,0,1009,541,541,541,539,539,6,1,99000,99,99,99,5,1079,5,1079,99000,99,99000,99,2219715,99,12240516,0,539000,539000,12234605,12234605,538000,538000,0,0,0,0,540,540,538,538,1257,1257,CONSISTENT
17050,539162,99000,99000,0,0,0,0,0,2219715,99,539063,99,541,541,1079,1601,2,0,1009,541,541,541,539,539,16,1,99000,99,99,99,5,1079,5,1079,99000,99,99000,99,2219715,99,12248451,0,539000,539000,12234605,12234605,538000,538000,0,0,0,0,540,540,538,538,1604,1605,TORN-PERSISTENT
17060,539299,99000,99000,0,0,0,0,0,2219715,99,539200,99,541,541,1080,739,1,1000,712,541,541,541,540,540,26,1,99000,99,99,99,5,1080,5,1080,99000,99,99000,99,2219715,99,12251602,0,539000,539000,12234605,12234605,539000,539000,0,0,0,0,540,540,539,539,739,739,CONSISTENT
17070,539616,99000,99000,0,0,0,0,0,2219715,99,539517,99,542,542,1081,1056,2,0,1039,542,542,542,540,540,0,1,99000,99,99,99,5,1081,5,1081,99000,99,99000,99,2219715,99,12258893,0,540000,540000,12257605,12257605,539000,539000,0,0,0,0,541,541,539,539,1056,1056,CONSISTENT
17080,539978,99000,99000,0,0,0,0,0,2219715,99,539879,99,542,542,1081,1418,2,0,1039,542,542,542,540,540,8,1,99000,99,99,99,5,1081,5,1081,99000,99,99000,99,2219715,99,12267219,0,540000,540000,12257605,12257605,539000,539000,0,0,0,0,541,541,539,539,1419,1419,CONSISTENT
17090,540173,99000,99000,0,0,0,0,0,2219715,99,540074,99,542,542,1082,614,1,1000,446,542,542,542,541,541,20,1,99000,99,99,99,5,1082,5,1082,99000,99,99000,99,2219715,99,12271727,0,540000,540000,12257605,12257605,540000,540000,0,0,0,0,541,541,540,540,617,619,TORN-PERSISTENT
17100,540528,99000,99000,0,0,0,0,0,2219715,99,540429,99,542,542,1082,969,1,1000,446,542,542,542,541,541,30,1,99000,99,99,99,5,1082,5,1082,99000,99,99000,99,2219715,99,12279892,0,540000,540000,12257605,12257605,540000,540000,0,0,0,0,541,541,540,540,969,969,CONSISTENT
17110,540755,99000,99000,0,0,0,0,0,2219715,99,540656,99,543,543,1083,1196,2,0,1043,543,543,543,541,541,4,1,99000,99,99,99,5,1083,5,1083,99000,99,99000,99,2219715,99,12285113,0,541000,541000,12280605,12280605,540000,540000,0,0,0,0,542,542,540,540,1196,1196,CONSISTENT
17120,541099,99000,99000,0,0,0,0,0,2219715,99,541000,99,543,543,1084,541,1,1000,537,543,543,543,542,542,14,1,99000,99,99,99,5,1084,5,1084,99000,99,99000,99,2219715,99,12293048,0,541000,541000,12280605,12280605,541000,541000,0,0,0,0,542,542,541,541,542,542,CONSISTENT
17130,541289,99000,99000,0,0,0,0,0,2219715,99,541190,99,543,543,1084,731,1,1000,537,543,543,543,542,542,24,1,99000,99,99,99,5,1084,5,1084,99000,99,99000,99,2219715,99,12297418,0,541000,541000,12280605,12280605,541000,541000,0,0,0,0,542,542,541,541,731,731,CONSISTENT
17140,541654,99000,99000,0,0,0,0,0,2219715,99,541555,99,544,544,1085,1096,2,0,1063,544,544,544,542,542,0,1,99000,99,99,99,5,1085,5,1085,99000,99,99000,99,2219715,99,12305813,0,542000,542000,12303605,12303605,541000,541000,0,0,0,0,543,543,541,541,1096,1096,CONSISTENT
17150,542015,99000,99000,0,0,0,0,0,2219715,99,541916,99,544,544,1085,1457,2,0,1063,544,544,544,542,542,10,1,99000,99,99,99,5,1085,5,1085,99000,99,99000,99,2219715,99,12314139,0,542000,542000,12303605,12303605,541000,541000,0,0,0,0,543,543,541,541,1460,1461,TORN-PERSISTENT
17160,542354,99000,99000,0,0,0,0,0,2219715,99,542255,99,544,544,1085,1796,2,0,1063,544,544,544,542,542,20,1,99000,99,99,99,5,1085,5,1085,99000,99,99000,99,2219715,99,12321913,0,542000,542000,12303605,12303605,541000,541000,0,0,0,0,543,543,541,541,1798,1798,CONSISTENT
17170,542498,99000,99000,0,0,0,0,0,2219715,99,542399,99,544,544,1086,941,1,1000,829,544,544,544,543,543,28,1,99000,99,99,99,5,1086,5,1086,99000,99,99000,99,2219715,99,12325248,0,542000,542000,12303605,12303605,542000,542000,0,0,0,0,543,543,542,542,941,941,CONSISTENT
17180,542866,99000,99000,0,0,0,0,0,2219715,99,542767,99,545,545,1087,1309,2,0,1022,545,545,545,543,543,6,1,99000,99,99,99,5,1087,5,1087,99000,99,99000,99,2219715,99,12333735,0,543000,543000,12326605,12326605,542000,542000,0,0,0,0,544,544,542,542,1311,1311,CONSISTENT
17190,543194,99000,99000,0,0,0,0,0,2219715,99,543095,99,545,545,1088,638,1,1000,630,545,545,545,544,544,18,1,99000,99,99,99,5,1088,5,1088,99000,99,99000,99,2219715,99,12341279,0,543000,543000,12326605,12326605,543000,543000,0,0,0,0,544,544,543,543,638,638,CONSISTENT
17200,543434,99000,99000,0,0,0,0,0,2219715,99,543335,99,545,545,1088,878,1,1000,630,545,545,545,544,544,28,1,99000,99,99,99,5,1088,5,1088,99000,99,99000,99,2219715,99,12346799,0,543000,543000,12326605,12326605,543000,543000,0,0,0,0,544,544,543,543,878,878,CONSISTENT
17210,543803,99000,99000,0,0,0,0,0,2219715,99,543704,99,546,546,1089,1247,2,0,1021,546,546,546,544,544,6,1,99000,99,99,99,5,1089,5,1089,99000,99,99000,99,2219715,99,12355286,0,544000,544000,12349605,12349605,543000,543000,0,0,0,0,545,545,543,543,1249,1249,CONSISTENT
17220,543989,99000,99000,0,0,0,0,0,2219715,99,543890,99,546,546,1090,434,1,1000,427,546,546,546,545,545,14,1,99000,99,99,99,5,1090,5,1090,99000,99,99000,99,2219715,99,12359587,0,544000,544000,12349605,12349605,544000,544000,0,0,0,0,545,545,544,544,434,434,CONSISTENT
17230,544326,99000,99000,0,0,0,0,0,2219715,99,544227,99,546,546,1090,771,1,1000,427,546,546,546,545,545,24,1,99000,99,99,99,5,1090,5,1090,99000,99,99000,99,2219715,99,12367361,0,544000,544000,12349605,12349605,544000,544000,0,0,0,0,545,545,544,544,773,773,CONSISTENT
17240,544684,99000,99000,0,0,0,0,0,2219715,99,544585,99,547,547,1091,1129,2,0,1022,547,547,547,545,545,2,1,99000,99,99,99,5,1091,5,1091,99000,99,99000,99,2219715,99,12375572,0,545000,545000,12372605,12372605,544000,544000,0,0,0,0,546,546,544,544,1133,1133,CONSISTENT
17250,545047,99000,99000,0,0,0,0,0,2219715,99,544948,99,547,547,1091,1492,2,0,1022,547,547,547,545,545,12,1,99000,99,99,99,5,1091,5,1091,99000,99,99000,99,2219715,99,12383921,0,545000,545000,12372605,12372605,544000,544000,0,0,0,0,546,546,544,544,1494,1494,CONSISTENT
17260,545292,99000,99000,0,0,0,0,0,2219715,99,545193,99,547,547,1092,738,1,1000,732,547,547,547,546,546,22,1,99000,99,99,99,5,1092,5,1092,99000,99,99000,99,2219715,99,12389579,0,545000,545000,12372605,12372605,545000,545000,0,0,0,0,546,546,545,545,738,738,CONSISTENT
17270,545594,99000,99000,0,0,0,0,0,2219715,99,545495,99,547,547,1092,1040,2,1000,732,547,548,547,546,546,32,1,99000,99,99,99,5,1092,5,1092,99000,99,99000,99,2219715,99,12396525,0,546000,546000,12395605,12395605,545000,545000,0,0,0,0,547,547,545,545,1041,1041,CONSISTENT
17280,545917,99000,99000,0,0,0,0,0,2219715,99,545818,99,548,548,1093,1363,2,0,1046,548,548,548,546,546,8,1,99000,99,99,99,5,1093,5,1093,99000,99,99000,99,2219715,99,12403954,0,546000,546000,12395605,12395605,545000,545000,0,0,0,0,547,547,545,545,1366,1367,TORN-PERSISTENT
17290,546105,99000,99000,0,0,0,0,0,2219715,99,546006,99,548,548,1094,552,1,1000,526,548,548,548,547,547,18,1,99000,99,99,99,5,1094,5,1094,99000,99,99000,99,2219715,99,12408301,0,546000,546000,12395605,12395605,546000,546000,0,0,0,0,547,547,546,546,552,552,CONSISTENT
17300,546470,99000,99000,0,0,0,0,0,2219715,99,546371,99,548,548,1094,917,1,1000,526,548,548,548,547,547,28,1,99000,99,99,99,5,1094,5,1094,99000,99,99000,99,2219715,99,12416696,0,546000,546000,12395605,12395605,546000,546000,0,0,0,0,547,547,546,546,917,917,CONSISTENT
17310,546835,99000,99000,0,0,0,0,0,2219715,99,546736,99,549,549,1095,1282,2,0,1026,549,549,549,547,547,6,1,99000,99,99,99,5,1095,5,1095,99000,99,99000,99,2219715,99,12425091,0,547000,547000,12418605,12418605,546000,546000,0,0,0,0,548,548,546,546,1285,1287,TORN-PERSISTENT
17320,547212,99000,99000,0,0,0,0,0,2219715,99,547113,99,549,549,1095,1659,2,0,1026,549,549,549,547,547,16,1,99000,99,99,99,5,1095,5,1095,99000,99,99000,99,2219715,99,12433762,0,547000,547000,12418605,12418605,546000,546000,0,0,0,0,548,548,546,546,1661,1661,CONSISTENT
17330,547387,99000,99000,0,0,0,0,0,2219715,99,547288,99,549,549,1096,835,1,1000,826,549,549,549,548,548,26,1,99000,99,99,99,5,1096,5,1096,99000,99,99000,99,2219715,99,12437810,0,547000,547000,12418605,12418605,547000,547000,0,0,0,0,548,548,547,547,835,835,CONSISTENT
17340,547738,99000,99000,0,0,0,0,0,2219715,99,547639,99,550,550,1097,1186,2,0,1019,550,550,550,548,548,4,1,99000,99,99,99,5,1097,5,1097,99000,99,99000,99,2219715,99,12445883,0,548000,548000,12441605,12441605,547000,547000,0,0,0,0,549,549,547,547,1189,1190,TORN-PERSISTENT
17350,548113,99000,99000,0,0,0,0,0,2219715,99,548014,99,550,550,1097,1561,2,0,1019,550,550,550,548,548,14,1,99000,99,99,99,5,1097,5,1097,99000,99,99000,99,2219715,99,12454508,0,548000,548000,12441605,12441605,547000,547000,0,0,0,0,549,549,547,547,1562,1562,CONSISTENT
17360,548302,99000,99000,0,0,0,0,0,2219715,99,548203,99,550,550,1098,751,1,1000,652,550,550,550,549,549,24,1,99000,99,99,99,5,1098,5,1098,99000,99,99000,99,2219715,99,12458878,0,548000,548000,12441605,12441605,548000,548000,0,0,0,0,549,549,548,548,751,751,CONSISTENT
17370,548667,99000,99000,0,0,0,0,0,2219715,99,548568,99,551,551,1099,1116,2,0,1033,551,551,551,549,549,2,1,99000,99,99,99,5,1099,5,1099,99000,99,99000,99,2219715,99,12467273,0,549000,549000,12464605,12464605,548000,548000,0,0,0,0,550,550,548,548,1116,1116,CONSISTENT
17380,548991,99000,99000,0,0,0,0,0,2219715,99,548892,99,551,551,1099,1440,2,0,1033,551,551,551,549,549,10,1,99000,99,99,99,5,1099,5,1099,99000,99,99000,99,2219715,99,12474725,0,549000,549000,12464605,12464605,548000,548000,0,0,0,0,550,550,548,548,1442,1442,CONSISTENT
17390,549178,99000,99000,0,0,0,0,0,2219715,99,549079,99,551,551,1100,628,1,1000,453,551,551,551,550,550,20,1,99000,99,99,99,5,1100,5,1100,99000,99,99000,99,2219715,99,12479049,0,549000,549000,12464605,12464605,549000,549000,0,0,0,0,550,550,549,549,628,628,CONSISTENT
17400,549529,99000,99000,0,0,0,0,0,2219715,99,549430,99,551,551,1100,979,1,1000,453,551,551,551,550,550,30,1,99000,99,99,99,5,1100,5,1100,99000,99,99000,99,2219715,99,12487122,0,549000,549000,12464605,12464605,549000,549000,0,0,0,0,550,550,549,549,979,979,CONSISTENT
17410,549776,99000,99000,0,0,0,0,0,2219715,99,549677,99,552,552,1101,1226,2,0,1060,552,552,552,550,550,4,1,99000,99,99,99,5,1101,5,1101,99000,99,99000,99,2219715,99,12492803,0,550000,550000,12487605,12487605,549000,549000,0,0,0,0,551,551,549,549,1229,1231,TORN-PERSISTENT
17420,550104,99000,99000,0,0,0,0,0,2219715,99,550005,99,552,552,1102,555,1,1000,552,552,552,552,551,551,14,1,99000,99,99,99,5,1102,5,1102,99000,99,99000,99,2219715,99,12500370,0,550000,550000,12487605,12487605,550000,550000,0,0,0,0,551,551,550,550,555,555,CONSISTENT
17430,550279,99000,99000,0,0,0,0,0,2219715,99,550180,99,552,552,1102,730,1,1000,552,552,552,552,551,551,22,1,99000,99,99,99,5,1102,5,1102,99000,99,99000,99,2219715,99,12504395,0,550000,550000,12487605,12487605,550000,550000,0,0,0,0,551,551,550,550,731,731,CONSISTENT
17440,550612,99000,99000,0,0,0,0,0,2219715,99,550513,99,553,553,1103,1063,2,0,1004,553,553,553,551,551,0,1,99000,99,99,99,5,1103,5,1103,99000,99,99000,99,2219715,99,12512054,0,551000,551000,12510605,12510605,550000,550000,0,0,0,0,552,552,550,550,1066,1066,CONSISTENT
17450,550948,99000,99000,0,0,0,0,0,2219715,99,550849,99,553,553,1103,1399,2,0,1004,553,553,553,551,551,12,1,99000,99,99,99,5,1103,5,1103,99000,99,99000,99,2219715,99,12519782,0,551000,551000,12510605,12510605,550000,550000,0,0,0,0,552,552,550,550,1402,1402,CONSISTENT
17460,551295,99000,99000,0,0,0,0,0,2219715,99,551196,99,553,553,1103,1746,2,0,1004,553,553,553,551,551,22,1,99000,99,99,99,5,1103,5,1103,99000,99,99000,99,2219715,99,12527763,0,551000,551000,12510605,12510605,550000,550000,0,0,0,0,552,552,550,550,1748,1748,CONSISTENT
17471,551487,99000,99000,0,0,0,0,0,2219715,99,551388,99,553,553,1104,939,1,1000,771,553,553,553,552,552,32,1,99000,99,99,99,5,1104,5,1104,99000,99,99000,99,2219715,99,12532202,0,551000,551000,12510605,12510605,551000,551000,0,0,0,0,552,552,551,551,944,944,CONSISTENT
17480,551808,99000,99000,0,0,0,0,0,2219715,99,551709,99,554,554,1105,1260,2,0,1053,554,554,554,552,552,4,1,99000,99,99,99,5,1105,5,1105,99000,99,99000,99,2219715,99,12539585,0,552000,552000,12533605,12533605,551000,551000,0,0,0,0,553,553,551,551,1263,1263,CONSISTENT
17490,552119,99000,99000,0,0,0,0,0,2219715,99,552020,99,554,554,1106,572,1,1000,554,554,554,554,553,553,16,1,99000,99,99,99,5,1106,5,1106,99000,99,99000,99,2219715,99,12546784,0,552000,552000,12533605,12533605,552000,552000,0,0,0,0,553,553,552,552,573,573,CONSISTENT
17500,552348,99000,99000,0,0,0,0,0,2219715,99,552249,99,554,554,1106,801,1,1000,554,554,554,554,553,553,24,1,99000,99,99,99,5,1106,5,1106,99000,99,99000,99,2219715,99,12552028,0,552000,552000,12533605,12533605,552000,552000,0,0,0,0,553,553,552,552,804,805,TORN-PERSISTENT
17510,552695,99000,99000,0,0,0,0,0,2219715,99,552596,99,555,555,1107,1148,2,0,1021,555,555,555,553,553,2,1,99000,99,99,99,5,1107,5,1107,99000,99,99000,99,2219715,99,12560009,0,553000,553000,12556605,12556605,552000,552000,0,0,0,0,554,554,552,552,1148,1148,CONSISTENT
17520,552982,99000,99000,0,0,0,0,0,2219715,99,552883,99,555,555,1107,1435,2,0,1021,555,555,555,553,553,12,1,99000,99,99,99,5,1107,5,1107,99000,99,99000,99,2219715,99,12566610,0,553000,553000,12556605,12556605,552000,552000,0,0,0,0,554,554,552,552,1436,1436,CONSISTENT
17530,553228,99000,99000,0,0,0,0,0,2219715,99,553129,99,555,555,1108,682,1,1000,678,555,555,555,554,554,22,1,99000,99,99,99,5,1108,5,1108,99000,99,99000,99,2219715,99,12572291,0,553000,553000,12556605,12556605,553000,553000,0,0,0,0,554,554,553,553,682,682,CONSISTENT
17540,553422,99000,99000,0,0,0,0,0,2219715,99,553323,99,555,555,1108,876,1,1000,678,555,555,555,554,554,32,1,99000,99,99,99,5,1108,5,1108,99000,99,99000,99,2219715,99,12576776,0,553000,553000,12556605,12556605,553000,553000,0,0,0,0,554,554,553,553,878,878,CONSISTENT
17550,553706,99000,99000,0,0,0,0,0,2219715,99,553607,99,556,556,1109,1160,2,0,1014,556,556,556,554,554,4,1,99000,99,99,99,5,1109,5,1109,99000,99,99000,99,2219715,99,12583285,0,554000,554000,12579605,12579605,553000,553000,0,0,0,0,555,555,553,553,1160,1160,CONSISTENT
17560,553976,99000,99000,0,0,0,0,0,2219715,99,553877,99,556,556,1109,1430,2,0,1014,556,556,556,554,554,14,1,99000,99,99,99,5,1109,5,1109,99000,99,99000,99,2219715,99,12589495,0,554000,554000,12579605,12579605,553000,553000,0,0,0,0,555,555,553,553,1430,1430,CONSISTENT
17570,554118,99000,99000,0,0,0,0,0,2219715,99,554019,99,556,556,1110,573,1,1000,561,556,556,556,555,555,23,1,99000,99,99,99,5,1110,5,1110,99000,99,99000,99,2219715,99,12592784,0,554000,554000,12579605,12579605,554000,554000,0,0,0,0,555,555,554,554,573,573,CONSISTENT
17580,554298,99000,99000,0,0,0,0,0,2219715,99,554199,99,556,556,1110,753,1,1000,561,556,556,556,555,555,33,1,99000,99,99,99,5,1110,5,1110,99000,99,99000,99,2219715,99,12596924,0,554000,554000,12579605,12579605,554000,554000,0,0,0,0,555,555,554,554,753,753,CONSISTENT
17590,554560,99000,99000,0,0,0,0,0,2219715,99,554461,99,557,557,1111,1015,2,0,1010,557,557,557,555,555,0,1,99000,99,99,99,5,1111,5,1111,99000,99,99000,99,2219715,99,12602950,0,555000,555000,12602605,12602605,554000,554000,0,0,0,0,556,556,554,554,1015,1015,CONSISTENT
17600,554815,99000,99000,0,0,0,0,0,2219715,99,554716,99,557,557,1111,1270,2,0,1010,557,557,557,555,555,10,1,99000,99,99,99,5,1111,5,1111,99000,99,99000,99,2219715,99,12608815,0,555000,555000,12602605,12602605,554000,554000,0,0,0,0,556,556,554,554,1272,1272,CONSISTENT
17610,555008,99000,99000,0,0,0,0,0,2219715,99,554909,99,557,557,1112,464,1,1000,459,557,557,557,556,556,20,1,99000,99,99,99,5,1112,5,1112,99000,99,99000,99,2219715,99,12613277,0,555000,555000,12602605,12602605,555000,555000,0,0,0,0,556,556,555,555,464,464,CONSISTENT
17620,555195,99000,99000,0,0,0,0,0,2219715,99,555096,99,557,557,1112,651,1,1000,459,557,557,557,556,556,28,1,99000,99,99,99,5,1112,5,1112,99000,99,99000,99,2219715,99,12617578,0,555000,555000,12602605,12602605,555000,555000,0,0,0,0,556,556,555,555,651,651,CONSISTENT
17630,555457,99000,99000,0,0,0,0,0,2219715,99,555358,99,557,557,1112,913,1,1000,459,557,557,557,556,556,38,1,99000,99,99,99,5,1112,5,1112,99000,99,99000,99,2219715,99,12623604,0,555000,555000,12602605,12602605,555000,555000,0,0,0,0,556,556,555,555,914,914,CONSISTENT
17640,555727,99000,99000,0,0,0,0,0,2219715,99,555628,99,558,558,1113,1183,2,0,1036,558,558,558,556,556,4,1,99000,99,99,99,5,1113,5,1113,99000,99,99000,99,2219715,99,12629837,0,556000,556000,12625605,12625605,555000,555000,0,0,0,0,557,557,555,555,1187,1187,CONSISTENT
17650,555913,99000,99000,0,0,0,0,0,2219715,99,555814,99,558,558,1114,370,1,1000,362,558,558,558,557,557,14,1,99000,99,99,99,5,1114,5,1114,99000,99,99000,99,2219715,99,12634115,0,556000,556000,12625605,12625605,556000,556000,0,0,0,0,557,557,556,556,370,370,CONSISTENT
17660,556140,99000,99000,0,0,0,0,0,2219715,99,556041,99,558,558,1114,597,1,1000,362,558,558,558,557,557,24,1,99000,99,99,99,5,1114,5,1114,99000,99,99000,99,2219715,99,12639359,0,556000,556000,12625605,12625605,556000,556000,0,0,0,0,557,557,556,556,599,599,CONSISTENT
17670,556414,99000,99000,0,0,0,0,0,2219715,99,556315,99,558,558,1114,871,1,1000,362,558,558,558,557,557,34,1,99000,99,99,99,5,1114,5,1114,99000,99,99000,99,2219715,99,12645638,0,556000,556000,12625605,12625605,556000,556000,0,0,0,0,557,557,556,556,875,875,CONSISTENT
17680,556702,99000,99000,0,0,0,0,0,2219715,99,556603,99,559,559,1115,1159,2,0,1022,559,559,559,557,557,4,1,99000,99,99,99,5,1115,5,1115,99000,99,99000,99,2219715,99,12652262,0,557000,557000,12648605,12648605,556000,556000,0,0,0,0,558,558,556,556,1162,1162,CONSISTENT
17690,556852,99000,99000,0,0,0,0,0,2219715,99,556753,99,559,559,1116,310,1,1000,308,559,559,559,558,558,14,1,99000,99,99,99,5,1116,5,1116,99000,99,99000,99,2219715,99,12655735,0,557000,557000,12648605,12648605,557000,557000,0,0,0,0,558,558,557,557,310,310,CONSISTENT
17700,557087,99000,99000,0,0,0,0,0,2219715,99,556988,99,559,559,1116,545,1,1000,308,559,559,559,558,558,24,1,99000,99,99,99,5,1116,5,1116,99000,99,99000,99,2219715,99,12661140,0,557000,557000,12648605,12648605,557000,557000,0,0,0,0,558,558,557,557,546,547,TORN-PERSISTENT
17710,557270,99000,99000,0,0,0,0,0,2219715,99,557171,99,559,559,1116,728,1,1000,308,559,559,559,558,558,33,1,99000,99,99,99,5,1116,5,1116,99000,99,99000,99,2219715,99,12665349,0,557000,557000,12648605,12648605,557000,557000,0,0,0,0,558,558,557,557,728,728,CONSISTENT
17720,557536,99000,99000,0,0,0,0,0,2219715,99,557437,99,559,559,1116,994,1,1000,308,559,559,559,558,558,45,1,99000,99,99,99,5,1116,5,1116,99000,99,99000,99,2219715,99,12671467,0,557000,557000,12648605,12648605,557000,557000,0,0,0,0,558,558,557,557,999,999,CONSISTENT
17730,557824,99000,99000,0,0,0,0,0,2219715,99,557725,99,560,560,1117,1282,2,0,1045,560,560,560,558,558,8,1,99000,99,99,99,5,1117,5,1117,99000,99,99000,99,2219715,99,12678091,0,558000,558000,12671605,12671605,557000,557000,0,0,0,0,559,559,557,557,1284,1284,CONSISTENT
17740,557960,99000,99000,0,0,0,0,0,2219715,99,557861,99,560,560,1118,419,1,1000,414,560,560,560,559,559,16,1,99000,99,99,99,5,1118,5,1118,99000,99,99000,99,2219715,99,12681242,0,558000,558000,12671605,12671605,558000,558000,0,0,0,0,559,559,558,558,419,419,CONSISTENT
17750,558203,99000,99000,0,0,0,0,0,2219715,99,558104,99,560,560,1118,662,1,1000,414,560,560,560,559,559,26,1,99000,99,99,99,5,1118,5,1118,99000,99,99000,99,2219715,99,12686831,0,558000,558000,12671605,12671605,558000,558000,0,0,0,0,559,559,558,558,662,662,CONSISTENT
17760,558468,99000,99000,0,0,0,0,0,2219715,99,558369,99,560,560,1118,927,1,1000,414,560,560,560,559,559,36,1,99000,99,99,99,5,1118,5,1118,99000,99,99000,99,2219715,99,12692926,0,558000,558000,12671605,12671605,558000,558000,0,0,0,0,559,559,558,558,931,931,CONSISTENT
17770,558765,99000,99000,0,0,0,0,0,2219715,99,558666,99,561,561,1119,1224,2,0,1048,561,561,561,559,559,4,1,99000,99,99,99,5,1119,5,1119,99000,99,99000,99,2219715,99,12699757,0,559000,559000,12694605,12694605,558000,558000,0,0,0,0,560,560,558,558,1224,1224,CONSISTENT
17781,559016,99000,99000,0,0,0,0,0,2219715,99,558917,99,561,561,1119,1475,2,0,1048,561,561,561,559,559,14,1,99000,99,99,99,5,1119,5,1119,99000,99,99000,99,2219715,99,12705530,0,559000,559000,12694605,12694605,558000,558000,0,0,0,0,560,560,558,558,1475,1475,CONSISTENT
17790,559181,99000,99000,0,0,0,0,0,2219715,99,559082,99,561,561,1120,641,1,1000,635,561,561,561,560,560,24,1,99000,99,99,99,5,1120,5,1120,99000,99,99000,99,2219715,99,12709348,0,559000,559000,12694605,12694605,559000,559000,0,0,0,0,560,560,559,559,641,641,CONSISTENT
17800,559418,99000,99000,0,0,0,0,0,2219715,99,559319,99,561,561,1120,878,1,1000,635,561,561,561,560,560,34,1,99000,99,99,99,5,1120,5,1120,99000,99,99000,99,2219715,99,12714799,0,559000,559000,12694605,12694605,559000,559000,0,0,0,0,560,560,559,559,879,879,CONSISTENT
17810,559707,99000,99000,0,0,0,0,0,2219715,99,559608,99,562,562,1121,1167,2,0,1023,562,562,562,560,560,4,1,99000,99,99,99,5,1121,5,1121,99000,99,99000,99,2219715,99,12721446,0,560000,560000,12717605,12717605,559000,559000,0,0,0,0,561,561,559,559,1169,1169,CONSISTENT
17820,559987,99000,99000,0,0,0,0,0,2219715,99,559888,99,562,562,1121,1447,2,0,1023,562,562,562,560,560,14,1,99000,99,99,99,5,1121,5,1121,99000,99,99000,99,2219715,99,12727886,0,560000,560000,12717605,12717605,559000,559000,0,0,0,0,561,561,559,559,1447,1447,CONSISTENT
17830,560143,99000,99000,0,0,0,0,0,2219715,99,560044,99,562,562,1122,604,1,1000,598,562,562,562,561,561,24,1,99000,99,99,99,5,1122,5,1122,99000,99,99000,99,2219715,99,12731497,0,560000,560000,12717605,12717605,560000,560000,0,0,0,0,561,561,560,560,604,604,CONSISTENT
17840,560467,99000,99000,0,0,0,0,0,2219715,99,560368,99,562,562,1122,928,1,1000,598,562,562,562,561,561,34,1,99000,99,99,99,5,1122,5,1122,99000,99,99000,99,2219715,99,12738949,0,560000,560000,12717605,12717605,560000,560000,0,0,0,0,561,561,560,560,930,931,TORN-PERSISTENT
17850,560846,99000,99000,0,0,0,0,0,2219715,99,560747,99,563,563,1123,1307,2,0,1071,563,563,563,561,561,6,1,99000,99,99,99,5,1123,5,1123,99000,99,99000,99,2219715,99,12747666,0,561000,561000,12740605,12740605,560000,560000,0,0,0,0,562,562,560,560,1307,1307,CONSISTENT
17860,561057,99000,99000,0,0,0,0,0,2219715,99,560958,99,563,563,1124,519,1,1000,504,563,563,563,562,562,16,1,99000,99,99,99,5,1124,5,1124,99000,99,99000,99,2219715,99,12752542,0,561000,561000,12740605,12740605,561000,561000,0,0,0,0,562,562,561,561,519,519,CONSISTENT
17870,561429,99000,99000,0,0,0,0,0,2219715,99,561330,99,563,563,1124,891,1,1000,504,563,563,563,562,562,26,1,99000,99,99,99,5,1124,5,1124,99000,99,99000,99,2219715,99,12761144,0,561000,561000,12740605,12740605,561000,561000,0,0,0,0,562,562,561,561,893,893,CONSISTENT
17880,561768,99000,99000,0,0,0,0,0,2219715,99,561669,99,564,564,1125,1230,2,0,1015,564,564,564,562,562,4,1,99000,99,99,99,5,1125,5,1125,99000,99,99000,99,2219715,99,12768895,0,562000,562000,12763605,12763605,561000,561000,0,0,0,0,563,563,561,561,1232,1234,TORN-PERSISTENT
17890,562160,99000,99000,0,0,0,0,0,2219715,99,562061,99,564,564,1125,1622,2,0,1015,564,564,564,562,562,16,1,99000,99,99,99,5,1125,5,1125,99000,99,99000,99,2219715,99,12777911,0,562000,562000,12763605,12763605,561000,561000,0,0,0,0,563,563,561,561,1624,1624,CONSISTENT
17900,562365,99000,99000,0,0,0,0,0,2219715,99,562266,99,564,564,1126,828,1,1000,812,564,564,564,563,563,26,1,99000,99,99,99,5,1126,5,1126,99000,99,99000,99,2219715,99,12782649,0,562000,562000,12763605,12763605,562000,562000,0,0,0,0,563,563,562,562,828,828,CONSISTENT
17910,562724,99000,99000,0,0,0,0,0,2219715,99,562625,99,565,565,1127,1187,2,0,1045,565,565,565,563,563,4,1,99000,99,99,99,5,1127,5,1127,99000,99,99000,99,2219715,99,12790906,0,563000,563000,12786605,12786605,562000,562000,0,0,0,0,564,564,562,562,1189,1189,CONSISTENT
17920,563100,99000,99000,0,0,0,0,0,2219715,99,563001,99,565,565,1127,1563,2,0,1045,565,565,565,563,563,12,1,99000,99,99,99,5,1127,5,1127,99000,99,99000,99,2219715,99,12799600,0,563000,563000,12786605,12786605,562000,562000,0,0,0,0,564,564,562,562,1565,1565,CONSISTENT
17930,563254,99000,99000,0,0,0,0,0,2219715,99,563155,99,565,565,1128,718,1,1000,629,565,565,565,564,564,22,1,99000,99,99,99,5,1128,5,1128,99000,99,99000,99,2219715,99,12803119,0,563000,563000,12786605,12786605,563000,563000,0,0,0,0,564,564,563,563,720,722,TORN-PERSISTENT
17940,563622,99000,99000,0,0,0,0,0,2219715,99,563523,99,566,566,1129,1086,2,0,1048,566,566,566,564,564,0,1,99000,99,99,99,5,1129,5,1129,99000,99,99000,99,2219715,99,12811606,0,564000,564000,12809605,12809605,563000,563000,0,0,0,0,565,565,563,563,1088,1088,CONSISTENT
17950,563990,99000,99000,0,0,0,0,0,2219715,99,563891,99,566,566,1129,1454,2,0,1048,566,566,566,564,564,10,1,99000,99,99,99,5,1129,5,1129,99000,99,99000,99,2219715,99,12820047,0,564000,564000,12809605,12809605,563000,563000,0,0,0,0,565,565,563,563,1458,1458,CONSISTENT
17960,564180,99000,99000,0,0,0,0,0,2219715,99,564081,99,566,566,1130,645,1,1000,471,566,566,566,565,565,20,1,99000,99,99,99,5,1130,5,1130,99000,99,99000,99,2219715,99,12824440,0,564000,564000,12809605,12809605,564000,564000,0,0,0,0,565,565,564,564,647,647,CONSISTENT
17970,564500,99000,99000,0,0,0,0,0,2219715,99,564401,99,566,566,1130,965,1,1000,471,566,566,566,565,565,32,1,99000,99,99,99,5,1130,5,1130,99000,99,99000,99,2219715,99,12831800,0,564000,564000,12809605,12809605,564000,564000,0,0,0,0,565,565,564,564,965,965,CONSISTENT
17980,564787,99000,99000,0,0,0,0,0,2219715,99,564688,99,567,567,1131,1252,2,0,1031,567,567,567,565,565,6,1,99000,99,99,99,5,1131,5,1131,99000,99,99000,99,2219715,99,12838424,0,565000,565000,12832605,12832605,564000,564000,0,0,0,0,566,566,564,564,1255,1255,CONSISTENT
17990,565099,99000,99000,0,0,0,0,0,2219715,99,565000,99,567,567,1131,1564,2,0,1031,567,567,567,565,565,16,1,99000,99,99,99,5,1131,5,1131,99000,99,99000,99,2219715,99,12845577,0,565000,565000,12832605,12832605,564000,564000,0,0,0,0,566,566,564,564,1564,1564,CONSISTENT
18000,565285,99000,99000,0,0,0,0,0,2219715,99,565186,99,567,567,1132,751,1,1000,743,567,567,567,566,566,26,1,99000,99,99,99,5,1132,5,1132,99000,99,99000,99,2219715,99,12849878,0,565000,565000,12832605,12832605,565000,565000,0,0,0,0,566,566,565,565,751,751,CONSISTENT
18010,565522,99000,99000,0,0,0,0,0,2219715,99,565423,99,567,567,1132,988,1,1000,743,567,567,567,566,566,36,1,99000,99,99,99,5,1132,5,1132,99000,99,99000,99,2219715,99,12855329,0,565000,565000,12832605,12832605,565000,565000,0,0,0,0,566,566,565,565,989,991,TORN-PERSISTENT
18020,565890,99000,99000,0,0,0,0,0,2219715,99,565791,99,568,568,1133,1356,2,0,1021,568,568,568,566,566,8,1,99000,99,99,99,5,1133,5,1133,99000,99,99000,99,2219715,99,12863793,0,566000,566000,12855605,12855605,565000,565000,0,0,0,0,567,567,565,565,1357,1357,CONSISTENT
18030,566212,99000,99000,0,0,0,0,0,2219715,99,566113,99,568,568,1133,1678,2,0,1021,568,568,568,566,566,18,1,99000,99,99,99,5,1133,5,1133,99000,99,99000,99,2219715,99,12871222,0,566000,566000,12855605,12855605,565000,565000,0,0,0,0,567,567,565,565,1681,1682,TORN-PERSISTENT
18040,566390,99000,99000,0,0,0,0,0,2219715,99,566291,99,568,568,1134,857,1,1000,748,568,568,568,567,567,28,1,99000,99,99,99,5,1134,5,1134,99000,99,99000,99,2219715,99,12875339,0,566000,566000,12855605,12855605,566000,566000,0,0,0,0,567,567,566,566,860,860,CONSISTENT
18050,566723,99000,99000,0,0,0,0,0,2219715,99,566624,99,569,569,1135,1190,2,0,1037,569,569,569,567,567,4,1,99000,99,99,99,5,1135,5,1135,99000,99,99000,99,2219715,99,12882998,0,567000,567000,12878605,12878605,566000,566000,0,0,0,0,568,568,566,566,1192,1192,CONSISTENT
18060,567054,99000,99000,0,0,0,0,0,2219715,99,566955,99,569,569,1135,1521,2,0,1037,569,569,569,567,567,14,1,99000,99,99,99,5,1135,5,1135,99000,99,99000,99,2219715,99,12890611,0,567000,567000,12878605,12878605,566000,566000,0,0,0,0,568,568,566,566,1525,1525,CONSISTENT
18070,567208,99000,99000,0,0,0,0,0,2219715,99,567109,99,569,569,1136,676,1,1000,614,569,569,569,568,568,22,1,99000,99,99,99,5,1136,5,1136,99000,99,99000,99,2219715,99,12894153,0,567000,567000,12878605,12878605,567000,567000,0,0,0,0,568,568,567,567,678,678,CONSISTENT
18080,567544,99000,99000,0,0,0,0,0,2219715,99,567445,99,569,569,1136,1012,2,1000,614,569,570,569,568,568,32,1,99000,99,99,99,5,1136,5,1136,99000,99,99000,99,2219715,99,12901881,0,568000,568000,12901605,12901605,567000,567000,0,0,0,0,569,569,567,567,1012,1012,CONSISTENT
18090,567894,99000,99000,0,0,0,0,0,2219715,99,567795,99,570,570,1137,1362,2,0,1018,570,570,570,568,568,8,1,99000,99,99,99,5,1137,5,1137,99000,99,99000,99,2219715,99,12909977,0,568000,568000,12901605,12901605,567000,567000,0,0,0,0,569,569,567,567,1364,1364,CONSISTENT
18100,568111,99000,99000,0,0,0,0,0,2219715,99,568012,99,570,570,1138,580,1,1000,574,570,570,570,569,569,20,1,99000,99,99,99,5,1138,5,1138,99000,99,99000,99,2219715,99,12914945,0,568000,568000,12901605,12901605,568000,568000,0,0,0,0,569,569,568,568,580,580,CONSISTENT
18110,568437,99000,99000,0,0,0,0,0,2219715,99,568338,99,570,570,1138,906,1,1000,574,570,570,570,569,569,30,1,99000,99,99,99,5,1138,5,1138,99000,99,99000,99,2219715,99,12922443,0,568000,568000,12901605,12901605,568000,568000,0,0,0,0,569,569,568,568,906,906,CONSISTENT
18120,568769,99000,99000,0,0,0,0,0,2219715,99,568670,99,571,571,1139,1238,2,0,1047,571,571,571,569,569,4,1,99000,99,99,99,5,1139,5,1139,99000,99,99000,99,2219715,99,12930079,0,569000,569000,12924605,12924605,568000,568000,0,0,0,0,570,570,568,568,1239,1239,CONSISTENT
18130,569145,99000,99000,0,0,0,0,0,2219715,99,569046,99,571,571,1139,1614,2,0,1047,571,571,571,569,569,14,1,99000,99,99,99,5,1139,5,1139,99000,99,99000,99,2219715,99,12938727,0,569000,569000,12924605,12924605,568000,568000,0,0,0,0,570,570,568,568,1614,1614,CONSISTENT
18140,569411,99000,99000,0,0,0,0,0,2219715,99,569312,99,571,571,1140,881,1,1000,869,571,571,571,570,570,24,1,99000,99,99,99,5,1140,5,1140,99000,99,99000,99,2219715,99,12944868,0,569000,569000,12924605,12924605,569000,569000,0,0,0,0,570,570,569,569,881,881,CONSISTENT
18150,569724,99000,99000,0,0,0,0,0,2219715,99,569625,99,572,572,1141,1194,2,0,1004,572,572,572,570,570,4,1,99000,99,99,99,5,1141,5,1141,99000,99,99000,99,2219715,99,12952067,0,570000,570000,12947605,12947605,569000,569000,0,0,0,0,571,571,569,569,1195,1197,TORN-PERSISTENT
18160,570071,99000,99000,0,0,0,0,0,2219715,99,569972,99,572,572,1141,1541,2,0,1004,572,572,572,570,570,14,1,99000,99,99,99,5,1141,5,1141,99000,99,99000,99,2219715,99,12960048,0,570000,570000,12947605,12947605,569000,569000,0,0,0,0,571,571,569,569,1542,1542,CONSISTENT
18170,570199,99000,99000,0,0,0,0,0,2219715,99,570100,99,572,572,1142,670,1,1000,653,572,572,572,571,571,24,1,99000,99,99,99,5,1142,5,1142,99000,99,99000,99,2219715,99,12963015,0,570000,570000,12947605,12947605,570000,570000,0,0,0,0,571,571,570,570,670,670,CONSISTENT
18180,570559,99000,99000,0,0,0,0,0,2219715,99,570460,99,572,572,1142,1030,2,1000,653,572,573,572,571,571,34,1,99000,99,99,99,5,1142,5,1142,99000,99,99000,99,2219715,99,12971295,0,571000,571000,12970605,12970605,570000,570000,0,0,0,0,572,572,570,570,1032,1032,CONSISTENT
18190,570913,99000,99000,0,0,0,0,0,2219715,99,570814,99,573,573,1143,1384,2,0,1068,573,573,573,571,571,8,1,99000,99,99,99,5,1143,5,1143,99000,99,99000,99,2219715,99,12979437,0,571000,571000,12970605,12970605,570000,570000,0,0,0,0,572,572,570,570,1386,1386,CONSISTENT
18200,571089,99000,99000,0,0,0,0,0,2219715,99,570990,99,573,573,1144,561,1,1000,441,573,573,573,572,572,18,1,99000,99,99,99,5,1144,5,1144,99000,99,99000,99,2219715,99,12983531,0,571000,571000,12970605,12970605,571000,571000,0,0,0,0,572,572,571,571,563,563,CONSISTENT
18210,571421,99000,99000,0,0,0,0,0,2219715,99,571322,99,573,573,1144,893,1,1000,441,573,573,573,572,572,28,1,99000,99,99,99,5,1144,5,1144,99000,99,99000,99,2219715,99,12991144,0,571000,571000,12970605,12970605,571000,571000,0,0,0,0,572,572,571,571,895,895,CONSISTENT
18220,571708,99000,99000,0,0,0,0,0,2219715,99,571609,99,574,574,1145,1180,2,0,1040,574,574,574,572,572,4,1,99000,99,99,99,5,1145,5,1145,99000,99,99000,99,2219715,99,12997745,0,572000,572000,12993605,12993605,571000,571000,0,0,0,0,573,573,571,571,1181,1182,TORN-PERSISTENT
18230,572025,99000,99000,0,0,0,0,0,2219715,99,571926,99,574,574,1145,1497,2,0,1040,574,574,574,572,572,14,1,99000,99,99,99,5,1145,5,1145,99000,99,99000,99,2219715,99,13005059,0,572000,572000,12993605,12993605,571000,571000,0,0,0,0,573,573,571,571,1499,1499,CONSISTENT
18240,572217,99000,99000,0,0,0,0,0,2219715,99,572118,99,574,574,1146,690,1,1000,582,574,574,574,573,573,24,1,99000,99,99,99,5,1146,5,1146,99000,99,99000,99,2219715,99,13009475,0,572000,572000,12993605,12993605,572000,572000,0,0,0,0,573,573,572,572,690,690,CONSISTENT
18250,572557,99000,99000,0,0,0,0,0,2219715,99,572458,99,575,575,1147,1030,2,0,1005,575,575,575,573,573,0,1,99000,99,99,99,5,1147,5,1147,99000,99,99000,99,2219715,99,13017295,0,573000,573000,13016605,13016605,572000,572000,0,0,0,0,574,574,572,572,1034,1034,CONSISTENT
18260,572857,99000,99000,0,0,0,0,0,2219715,99,572758,99,575,575,1147,1330,2,0,1005,575,575,575,573,573,8,1,99000,99,99,99,5,1147,5,1147,99000,99,99000,99,2219715,99,13024218,0,573000,573000,13016605,13016605,572000,572000,0,0,0,0,574,574,572,572,1331,1331,CONSISTENT
18270,573180,99000,99000,0,0,0,0,0,2219715,99,573081,99,575,575,1147,1653,2,0,1005,575,575,575,573,573,19,1,99000,99,99,99,5,1147,5,1147,99000,99,99000,99,2219715,99,13031624,0,573000,573000,13016605,13016605,572000,572000,0,0,0,0,574,574,572,572,1654,1654,CONSISTENT
18280,573345,99000,99000,0,0,0,0,0,2219715,99,573246,99,575,575,1148,819,1,1000,788,575,575,575,574,574,29,1,99000,99,99,99,5,1148,5,1148,99000,99,99000,99,2219715,99,13035465,0,573000,573000,13016605,13016605,573000,573000,0,0,0,0,574,574,573,573,821,821,CONSISTENT
18290,573693,99000,99000,0,0,0,0,0,2219715,99,573594,99,576,576,1149,1167,2,0,1044,576,576,576,574,574,2,1,99000,99,99,99,5,1149,5,1149,99000,99,99000,99,2219715,99,13043446,0,574000,574000,13039605,13039605,573000,573000,0,0,0,0,575,575,573,573,1171,1171,CONSISTENT
18300,574009,99000,99000,0,0,0,0,0,2219715,99,573910,99,576,576,1149,1483,2,0,1044,576,576,576,574,574,12,1,99000,99,99,99,5,1149,5,1149,99000,99,99000,99,2219715,99,13050714,0,574000,574000,13039605,13039605,573000,573000,0,0,0,0,575,575,573,573,1483,1483,CONSISTENT
18311,574099,99000,99000,0,0,0,0,0,2219715,99,574000,99,576,576,1150,574,1,1000,484,576,576,576,575,575,22,1,99000,99,99,99,5,1150,5,1150,99000,99,99000,99,2219715,99,13052830,0,574000,574000,13039605,13039605,574000,574000,0,0,0,0,575,575,574,574,575,575,CONSISTENT
18320,574406,99000,99000,0,0,0,0,0,2219715,99,574307,99,576,576,1150,881,1,1000,484,576,576,576,575,575,32,1,99000,99,99,99,5,1150,5,1150,99000,99,99000,99,2219715,99,13059868,0,574000,574000,13039605,13039605,574000,574000,0,0,0,0,575,575,574,574,882,884,TORN-PERSISTENT
18330,574744,99000,99000,0,0,0,0,0,2219715,99,574645,99,577,577,1151,1219,2,0,1064,577,577,577,575,575,4,1,99000,99,99,99,5,1151,5,1151,99000,99,99000,99,2219715,99,13067665,0,575000,575000,13062605,13062605,574000,574000,0,0,0,0,576,576,574,574,1220,1220,CONSISTENT
18340,575075,99000,99000,0,0,0,0,0,2219715,99,574976,99,577,577,1151,1550,2,0,1064,577,577,577,575,575,14,1,99000,99,99,99,5,1151,5,1151,99000,99,99000,99,2219715,99,13075255,0,575000,575000,13062605,13062605,574000,574000,0,0,0,0,576,576,574,574,1551,1551,CONSISTENT
18350,575235,99000,99000,0,0,0,0,0,2219715,99,575136,99,577,577,1152,711,1,1000,613,577,577,577,576,576,24,1,99000,99,99,99,5,1152,5,1152,99000,99,99000,99,2219715,99,13078958,0,575000,575000,13062605,13062605,575000,575000,0,0,0,0,576,576,575,575,713,714,TORN-PERSISTENT
18360,575506,99000,99000,0,0,0,0,0,2219715,99,575407,99,577,577,1152,982,1,1000,613,577,577,577,576,576,34,1,99000,99,99,99,5,1152,5,1152,99000,99,99000,99,2219715,99,13085191,0,575000,575000,13062605,13062605,575000,575000,0,0,0,0,576,576,575,575,982,982,CONSISTENT
18370,575760,99000,99000,0,0,0,0,0,2219715,99,575661,99,578,578,1153,1236,2,0,1028,578,578,578,576,576,6,1,99000,99,99,99,5,1153,5,1153,99000,99,99000,99,2219715,99,13091033,0,576000,576000,13085605,13085605,575000,575000,0,0,0,0,577,577,575,575,1236,1236,CONSISTENT
18380,576034,99000,99000,0,0,0,0,0,2219715,99,575935,99,578,578,1153,1510,2,0,1028,578,578,578,576,576,16,1,99000,99,99,99,5,1153,5,1153,99000,99,99000,99,2219715,99,13097335,0,576000,576000,13085605,13085605,575000,575000,0,0,0,0,577,577,575,575,1511,1511,CONSISTENT
18390,576157,99000,99000,0,0,0,0,0,2219715,99,576058,99,578,578,1154,634,1,1000,605,578,578,578,577,577,26,1,99000,99,99,99,5,1154,5,1154,99000,99,99000,99,2219715,99,13100187,0,576000,576000,13085605,13085605,576000,576000,0,0,0,0,577,577,576,576,636,638,TORN-PERSISTENT
18400,576405,99000,99000,0,0,0,0,0,2219715,99,576306,99,578,578,1154,882,1,1000,605,578,578,578,577,577,36,1,99000,99,99,99,5,1154,5,1154,99000,99,99000,99,2219715,99,13105891,0,576000,576000,13085605,13085605,576000,576000,0,0,0,0,577,577,576,576,883,883,CONSISTENT
18410,576619,99000,99000,0,0,0,0,0,2219715,99,576520,99,579,579,1155,1096,2,0,1037,579,579,579,577,577,2,1,99000,99,99,99,5,1155,5,1155,99000,99,99000,99,2219715,99,13110813,0,577000,577000,13108605,13108605,576000,576000,0,0,0,0,578,578,576,576,1096,1096,CONSISTENT
18420,576868,99000,99000,0,0,0,0,0,2219715,99,576769,99,579,579,1155,1345,2,0,1037,579,579,579,577,577,12,1,99000,99,99,99,5,1155,5,1155,99000,99,99000,99,2219715,99,13116563,0,577000,577000,13108605,13108605,576000,576000,0,0,0,0,578,578,576,576,1346,1346,CONSISTENT
18430,577020,99000,99000,0,0,0,0,0,2219715,99,576921,99,579,579,1156,498,1,1000,492,579,579,579,578,578,22,1,99000,99,99,99,5,1156,5,1156,99000,99,99000,99,2219715,99,13120059,0,577000,577000,13108605,13108605,577000,577000,0,0,0,0,578,578,577,577,498,498,CONSISTENT
18440,577248,99000,99000,0,0,0,0,0,2219715,99,577149,99,579,579,1156,726,1,1000,492,579,579,579,578,578,32,1,99000,99,99,99,5,1156,5,1156,99000,99,99000,99,2219715,99,13125303,0,577000,577000,13108605,13108605,577000,577000,0,0,0,0,578,578,577,577,726,726,CONSISTENT
18450,577506,99000,99000,0,0,0,0,0,2219715,99,577407,99,579,579,1156,984,1,1000,492,579,579,579,578,578,42,1,99000,99,99,99,5,1156,5,1156,99000,99,99000,99,2219715,99,13131260,0,577000,577000,13108605,13108605,577000,577000,0,0,0,0,578,578,577,577,987,988,TORN-PERSISTENT
18460,577753,99000,99000,0,0,0,0,0,2219715,99,577654,99,580,580,1157,1231,2,0,1002,580,580,580,578,578,8,1,99000,99,99,99,5,1157,5,1157,99000,99,99000,99,2219715,99,13136918,0,578000,578000,13131605,13131605,577000,577000,0,0,0,0,579,579,577,577,1233,1234,TORN-PERSISTENT
18470,577943,99000,99000,0,0,0,0,0,2219715,99,577844,99,580,580,1158,422,1,1000,414,580,580,580,579,579,18,1,99000,99,99,99,5,1158,5,1158,99000,99,99000,99,2219715,99,13141311,0,578000,578000,13131605,13131605,578000,578000,0,0,0,0,579,579,578,578,422,422,CONSISTENT
18480,578173,99000,99000,0,0,0,0,0,2219715,99,578074,99,580,580,1158,652,1,1000,414,580,580,580,579,579,26,1,99000,99,99,99,5,1158,5,1158,99000,99,99000,99,2219715,99,13146624,0,578000,578000,13131605,13131605,578000,578000,0,0,0,0,579,579,578,578,657,657,CONSISTENT
18490,578460,99000,99000,0,0,0,0,0,2219715,99,578361,99,580,580,1158,939,1,1000,414,580,580,580,579,579,38,1,99000,99,99,99,5,1158,5,1158,99000,99,99000,99,2219715,99,13153202,0,578000,578000,13131605,13131605,578000,578000,0,0,0,0,579,579,578,578,942,943,TORN-PERSISTENT
18500,578764,99000,99000,0,0,0,0,0,2219715,99,578665,99,581,581,1159,1243,2,0,1048,581,581,581,579,579,4,1,99000,99,99,99,5,1159,5,1159,99000,99,99000,99,2219715,99,13160194,0,579000,579000,13154605,13154605,578000,578000,0,0,0,0,580,580,578,578,1243,1243,CONSISTENT
18510,578996,99000,99000,0,0,0,0,0,2219715,99,578897,99,581,581,1160,476,1,1000,466,581,581,581,580,580,14,1,99000,99,99,99,5,1160,5,1160,99000,99,99000,99,2219715,99,13165553,0,579000,579000,13154605,13154605,579000,579000,0,0,0,0,580,580,579,579,476,476,CONSISTENT
18520,579311,99000,99000,0,0,0,0,0,2219715,99,579212,99,581,581,1160,791,1,1000,466,581,581,581,580,580,24,1,99000,99,99,99,5,1160,5,1160,99000,99,99000,99,2219715,99,13172798,0,579000,579000,13154605,13154605,579000,579000,0,0,0,0,580,580,579,579,791,791,CONSISTENT
18530,579682,99000,99000,0,0,0,0,0,2219715,99,579583,99,582,582,1161,1162,2,0,1021,582,582,582,580,580,2,1,99000,99,99,99,5,1161,5,1161,99000,99,99000,99,2219715,99,13181331,0,580000,580000,13177605,13177605,579000,579000,0,0,0,0,581,581,579,579,1162,1162,CONSISTENT
18540,580053,99000,99000,0,0,0,0,0,2219715,99,579954,99,582,582,1161,1533,2,0,1021,582,582,582,580,580,12,1,99000,99,99,99,5,1161,5,1161,99000,99,99000,99,2219715,99,13189887,0,580000,580000,13177605,13177605,579000,579000,0,0,0,0,581,581,579,579,1536,1536,CONSISTENT
18550,580274,99000,99000,0,0,0,0,0,2219715,99,580175,99,582,582,1162,755,1,1000,749,582,582,582,581,581,22,1,99000,99,99,99,5,1162,5,1162,99000,99,99000,99,2219715,99,13194970,0,580000,580000,13177605,13177605,580000,580000,0,0,0,0,581,581,580,580,755,755,CONSISTENT
18560,580560,99000,99000,0,0,0,0,0,2219715,99,580461,99,583,583,1163,1041,2,0,1019,583,583,583,581,581,0,1,99000,99,99,99,5,1163,5,1163,99000,99,99000,99,2219715,99,13201548,0,581000,581000,13200605,13200605,580000,580000,0,0,0,0,582,582,580,580,1041,1041,CONSISTENT
18570,580902,99000,99000,0,0,0,0,0,2219715,99,580803,99,583,583,1163,1383,2,0,1019,583,583,583,581,581,10,1,99000,99,99,99,5,1163,5,1163,99000,99,99000,99,2219715,99,13209414,0,581000,581000,13200605,13200605,580000,580000,0,0,0,0,582,582,580,580,1385,1385,CONSISTENT
18580,581109,99000,99000,0,0,0,0,0,2219715,99,581010,99,583,583,1164,591,1,1000,561,583,583,583,582,582,20,1,99000,99,99,99,5,1164,5,1164,99000,99,99000,99,2219715,99,13214198,0,581000,581000,13200605,13200605,581000,581000,0,0,0,0,582,582,581,581,591,591,CONSISTENT
18590,581476,99000,99000,0,0,0,0,0,2219715,99,581377,99,583,583,1164,958,1,1000,561,583,583,583,582,582,30,1,99000,99,99,99,5,1164,5,1164,99000,99,99000,99,2219715,99,13222639,0,581000,581000,13200605,13200605,581000,581000,0,0,0,0,582,582,581,581,958,958,CONSISTENT
18600,581837,99000,99000,0,0,0,0,0,2219715,99,581738,99,584,584,1165,1319,2,0,1056,584,584,584,582,582,6,1,99000,99,99,99,5,1165,5,1165,99000,99,99000,99,2219715,99,13230942,0,582000,582000,13223605,13223605,581000,581000,0,0,0,0,583,583,581,581,1319,1319,CONSISTENT
18610,582061,99000,99000,0,0,0,0,0,2219715,99,581962,99,584,584,1165,1543,2,0,1056,584,584,584,582,582,16,1,99000,99,99,99,5,1165,5,1165,99000,99,99000,99,2219715,99,13236117,0,582000,582000,13223605,13223605,581000,581000,0,0,0,0,583,583,581,581,1545,1545,CONSISTENT
18620,582240,99000,99000,0,0,0,0,0,2219715,99,582141,99,584,584,1166,723,1,1000,671,584,584,584,583,583,24,1,99000,99,99,99,5,1166,5,1166,99000,99,99000,99,2219715,99,13240234,0,582000,582000,13223605,13223605,582000,582000,0,0,0,0,583,583,582,582,726,727,TORN-PERSISTENT
18630,582579,99000,99000,0,0,0,0,0,2219715,99,582480,99,585,585,1167,1062,2,0,1001,585,585,585,583,583,2,1,99000,99,99,99,5,1167,5,1167,99000,99,99000,99,2219715,99,13248031,0,583000,583000,13246605,13246605,582000,582000,0,0,0,0,584,584,582,582,1062,1062,CONSISTENT
18640,582885,99000,99000,0,0,0,0,0,2219715,99,582786,99,585,585,1167,1368,2,0,1001,585,585,585,583,583,12,1,99000,99,99,99,5,1167,5,1167,99000,99,99000,99,2219715,99,13255115,0,583000,583000,13246605,13246605,582000,582000,0,0,0,0,584,584,582,582,1370,1370,CONSISTENT
18650,583018,99000,99000,0,0,0,0,0,2219715,99,582919,99,585,585,1168,502,1,1000,424,585,585,585,584,584,20,1,99000,99,99,99,5,1168,5,1168,99000,99,99000,99,2219715,99,13258151,0,583000,583000,13246605,13246605,583000,583000,0,0,0,0,584,584,583,583,502,502,CONSISTENT
18660,583327,99000,99000,0,0,0,0,0,2219715,99,583228,99,585,585,1168,811,1,1000,424,585,585,585,584,584,30,1,99000,99,99,99,5,1168,5,1168,99000,99,99000,99,2219715,99,13265281,0,583000,583000,13246605,13246605,583000,583000,0,0,0,0,584,584,583,583,812,812,CONSISTENT
18670,583683,99000,99000,0,0,0,0,0,2219715,99,583584,99,586,586,1169,1167,2,0,1025,586,586,586,584,584,2,1,99000,99,99,99,5,1169,5,1169,99000,99,99000,99,2219715,99,13273469,0,584000,584000,13269605,13269605,583000,583000,0,0,0,0,585,585,583,583,1168,1168,CONSISTENT
18680,584052,99000,99000,0,0,0,0,0,2219715,99,583953,99,586,586,1169,1536,2,0,1025,586,586,586,584,584,12,1,99000,99,99,99,5,1169,5,1169,99000,99,99000,99,2219715,99,13281979,0,584000,584000,13269605,13269605,583000,583000,0,0,0,0,585,585,583,583,1542,1544,TORN-PERSISTENT
18690,584296,99000,99000,0,0,0,0,0,2219715,99,584197,99,586,586,1170,781,1,1000,775,586,586,586,585,585,22,1,99000,99,99,99,5,1170,5,1170,99000,99,99000,99,2219715,99,13287568,0,584000,584000,13269605,13269605,584000,584000,0,0,0,0,585,585,584,584,781,781,CONSISTENT
18700,584527,99000,99000,0,0,0,0,0,2219715,99,584428,99,586,586,1170,1012,2,1000,775,586,587,586,585,585,32,1,99000,99,99,99,5,1170,5,1170,99000,99,99000,99,2219715,99,13292881,0,585000,585000,13292605,13292605,584000,584000,0,0,0,0,586,586,584,584,1014,1015,TORN-PERSISTENT
18710,584890,99000,99000,0,0,0,0,0,2219715,99,584791,99,587,587,1171,1375,2,0,1047,587,587,587,585,585,8,1,99000,99,99,99,5,1171,5,1171,99000,99,99000,99,2219715,99,13301230,0,585000,585000,13292605,13292605,584000,584000,0,0,0,0,586,586,584,584,1379,1379,CONSISTENT
18720,585101,99000,99000,0,0,0,0,0,2219715,99,585002,99,587,587,1172,587,1,1000,575,587,587,587,586,586,18,1,99000,99,99,99,5,1172,5,1172,99000,99,99000,99,2219715,99,13306106,0,585000,585000,13292605,13292605,585000,585000,0,0,0,0,586,586,585,585,587,587,CONSISTENT
18730,585401,99000,99000,0,0,0,0,0,2219715,99,585302,99,587,587,1172,887,1,1000,575,587,587,587,586,586,28,1,99000,99,99,99,5,1172,5,1172,99000,99,99000,99,2219715,99,13313006,0,585000,585000,13292605,13292605,585000,585000,0,0,0,0,586,586,585,585,887,887,CONSISTENT
18740,585765,99000,99000,0,0,0,0,0,2219715,99,585666,99,588,588,1173,1251,2,0,1068,588,588,588,586,586,4,1,99000,99,99,99,5,1173,5,1173,99000,99,99000,99,2219715,99,13321401,0,586000,586000,13315605,13315605,585000,585000,0,0,0,0,587,587,585,585,1252,1252,CONSISTENT
18750,586128,99000,99000,0,0,0,0,0,2219715,99,586029,99,588,588,1173,1614,2,0,1068,588,588,588,586,586,14,1,99000,99,99,99,5,1173,5,1173,99000,99,99000,99,2219715,99,13329727,0,586000,586000,13315605,13315605,585000,585000,0,0,0,0,587,587,585,585,1614,1614,CONSISTENT
18760,586384,99000,99000,0,0,0,0,0,2219715,99,586285,99,588,588,1174,871,1,1000,865,588,588,588,587,587,24,1,99000,99,99,99,5,1174,5,1174,99000,99,99000,99,2219715,99,13335638,0,586000,586000,13315605,13315605,586000,586000,0,0,0,0,587,587,586,586,871,871,CONSISTENT
18770,586669,99000,99000,0,0,0,0,0,2219715,99,586570,99,589,589,1175,1156,2,0,1059,589,589,589,587,587,2,1,99000,99,99,99,5,1175,5,1175,99000,99,99000,99,2219715,99,13342193,0,587000,587000,13338605,13338605,586000,586000,0,0,0,0,588,588,586,586,1159,1159,CONSISTENT
18780,587000,99000,99000,0,0,0,0,0,2219715,99,586901,99,589,589,1175,1487,2,0,1059,589,589,589,587,587,10,1,99000,99,99,99,5,1175,5,1175,99000,99,99000,99,2219715,99,13349806,0,587000,587000,13338605,13338605,586000,586000,0,0,0,0,588,588,586,586,1487,1487,CONSISTENT
18790,587236,99000,99000,0,0,0,0,0,2219715,99,587137,99,589,589,1176,724,1,1000,721,589,589,589,588,588,22,1,99000,99,99,99,5,1176,5,1176,99000,99,99000,99,2219715,99,13355257,0,587000,587000,13338605,13338605,587000,587000,0,0,0,0,588,588,587,587,724,724,CONSISTENT
18800,587541,99000,99000,0,0,0,0,0,2219715,99,587442,99,590,590,1177,1029,2,0,1021,590,590,590,588,588,0,1,99000,99,99,99,5,1177,5,1177,99000,99,99000,99,2219715,99,13362272,0,588000,588000,13361605,13361605,587000,587000,0,0,0,0,589,589,587,587,1031,1031,CONSISTENT
18810,587911,99000,99000,0,0,0,0,0,2219715,99,587812,99,590,590,1177,1399,2,0,1021,590,590,590,588,588,10,1,99000,99,99,99,5,1177,5,1177,99000,99,99000,99,2219715,99,13370782,0,588000,588000,13361605,13361605,587000,587000,0,0,0,0,589,589,587,587,1403,1403,CONSISTENT
18820,588109,99000,99000,0,0,0,0,0,2219715,99,588010,99,590,590,1178,598,1,1000,554,590,590,590,589,589,20,1,99000,99,99,99,5,1178,5,1178,99000,99,99000,99,2219715,99,13375359,0,588000,588000,13361605,13361605,588000,588000,0,0,0,0,589,589,588,588,599,600,TORN-PERSISTENT
18830,588434,99000,99000,0,0,0,0,0,2219715,99,588335,99,590,590,1178,923,1,1000,554,590,590,590,589,589,28,1,99000,99,99,99,5,1178,5,1178,99000,99,99000,99,2219715,99,13382857,0,588000,588000,13361605,13361605,588000,588000,0,0,0,0,589,589,588,588,924,924,CONSISTENT
18840,588793,99000,99000,0,0,0,0,0,2219715,99,588694,99,591,591,1179,1282,2,0,1023,591,591,591,589,589,6,1,99000,99,99,99,5,1179,5,1179,99000,99,99000,99,2219715,99,13391091,0,589000,589000,13384605,13384605,588000,588000,0,0,0,0,590,590,588,588,1282,1282,CONSISTENT
18850,589159,99000,99000,0,0,0,0,0,2219715,99,589060,99,591,591,1179,1648,2,0,1023,591,591,591,589,589,16,1,99000,99,99,99,5,1179,5,1179,99000,99,99000,99,2219715,99,13399509,0,589000,589000,13384605,13384605,588000,588000,0,0,0,0,590,590,588,588,1650,1651,TORN-PERSISTENT
18860,589337,99000,99000,0,0,0,0,0,2219715,99,589238,99,591,591,1180,827,1,1000,815,591,591,591,590,590,26,1,99000,99,99,99,5,1180,5,1180,99000,99,99000,99,2219715,99,13403649,0,589000,589000,13384605,13384605,589000,589000,0,0,0,0,590,590,589,589,828,828,CONSISTENT
18870,589678,99000,99000,0,0,0,0,0,2219715,99,589579,99,592,592,1181,1168,2,0,1052,592,592,592,590,590,2,1,99000,99,99,99,5,1181,5,1181,99000,99,99000,99,2219715,99,13411469,0,590000,590000,13407605,13407605,589000,589000,0,0,0,0,591,591,589,589,1171,1171,CONSISTENT
18880,590015,99000,99000,0,0,0,0,0,2219715,99,589916,99,592,592,1181,1505,2,0,1052,592,592,592,590,590,14,1,99000,99,99,99,5,1181,5,1181,99000,99,99000,99,2219715,99,13419220,0,590000,590000,13407605,13407605,589000,589000,0,0,0,0,591,591,589,589,1506,1508,TORN-PERSISTENT
18890,590153,99000,99000,0,0,0,0,0,2219715,99,590054,99,592,592,1182,644,1,1000,552,592,592,592,591,591,22,1,99000,99,99,99,5,1182,5,1182,99000,99,99000,99,2219715,99,13422417,0,590000,590000,13407605,13407605,590000,590000,0,0,0,0,591,591,590,590,647,647,CONSISTENT
18900,590495,99000,99000,0,0,0,0,0,2219715,99,590396,99,592,592,1182,986,1,1000,552,592,592,592,591,591,32,1,99000,99,99,99,5,1182,5,1182,99000,99,99000,99,2219715,99,13430283,0,590000,590000,13407605,13407605,590000,590000,0,0,0,0,591,591,590,590,987,987,CONSISTENT
18910,590748,99000,99000,0,0,0,0,0,2219715,99,590649,99,593,593,1183,1239,2,0,1060,593,593,593,591,591,4,1,99000,99,99,99,5,1183,5,1183,99000,99,99000,99,2219715,99,13436102,0,591000,591000,13430605,13430605,590000,590000,0,0,0,0,592,592,590,590,1241,1241,CONSISTENT
18920,591097,99000,99000,0,0,0,0,0,2219715,99,590998,99,593,593,1183,1588,2,0,1060,593,593,593,591,591,14,1,99000,99,99,99,5,1183,5,1183,99000,99,99000,99,2219715,99,13444129,0,591000,591000,13430605,13430605,590000,590000,0,0,0,0,592,592,590,590,1588,1588,CONSISTENT
18930,591249,99000,99000,0,0,0,0,0,2219715,99,591150,99,593,593,1184,741,1,1000,641,593,593,593,592,592,24,1,99000,99,99,99,5,1184,5,1184,99000,99,99000,99,2219715,99,13447648,0,591000,591000,13430605,13430605,591000,591000,0,0,0,0,592,592,591,591,741,741,CONSISTENT
18940,591617,99000,99000,0,0,0,0,0,2219715,99,591518,99,594,594,1185,1109,2,0,1023,594,594,594,592,592,2,1,99000,99,99,99,5,1185,5,1185,99000,99,99000,99,2219715,99,13456135,0,592000,592000,13453605,13453605,591000,591000,0,0,0,0,593,593,591,591,1112,1112,CONSISTENT
18950,591978,99000,99000,0,0,0,0,0,2219715,99,591879,99,594,594,1185,1470,2,0,1023,594,594,594,592,592,12,1,99000,99,99,99,5,1185,5,1185,99000,99,99000,99,2219715,99,13464415,0,592000,592000,13453605,13453605,591000,591000,0,0,0,0,593,593,591,591,1470,1470,CONSISTENT
18960,592216,99000,99000,0,0,0,0,0,2219715,99,592117,99,594,594,1186,709,1,1000,704,594,594,594,593,593,22,1,99000,99,99,99,5,1186,5,1186,99000,99,99000,99,2219715,99,13469912,0,592000,592000,13453605,13453605,592000,592000,0,0,0,0,593,593,592,592,709,709,CONSISTENT
18970,592487,99000,99000,0,0,0,0,0,2219715,99,592388,99,594,594,1186,980,1,1000,704,594,594,594,593,593,32,1,99000,99,99,99,5,1186,5,1186,99000,99,99000,99,2219715,99,13476145,0,592000,592000,13453605,13453605,592000,592000,0,0,0,0,593,593,592,592,980,980,CONSISTENT
18980,592828,99000,99000,0,0,0,0,0,2219715,99,592729,99,595,595,1187,1321,2,0,1041,595,595,595,593,593,8,1,99000,99,99,99,5,1187,5,1187,99000,99,99000,99,2219715,99,13483988,0,593000,593000,13476605,13476605,592000,592000,0,0,0,0,594,594,592,592,1321,1321,CONSISTENT
18990,593110,99000,99000,0,0,0,0,0,2219715,99,593011,99,595,595,1187,1603,2,0,1041,595,595,595,593,593,16,1,99000,99,99,99,5,1187,5,1187,99000,99,99000,99,2219715,99,13490474,0,593000,593000,13476605,13476605,592000,592000,0,0,0,0,594,594,592,592,1607,1608,TORN-PERSISTENT
19000,593288,99000,99000,0,0,0,0,0,2219715,99,593189,99,595,595,1188,782,1,1000,611,595,595,595,594,594,26,1,99000,99,99,99,5,1188,5,1188,99000,99,99000,99,2219715,99,13494614,0,593000,593000,13476605,13476605,593000,593000,0,0,0,0,594,594,593,593,783,783,CONSISTENT
19010,593617,99000,99000,0,0,0,0,0,2219715,99,593518,99,596,596,1189,1111,2,0,1040,596,596,596,594,594,2,1,99000,99,99,99,5,1189,5,1189,99000,99,99000,99,2219715,99,13502158,0,594000,594000,13499605,13499605,593000,593000,0,0,0,0,595,595,593,593,1111,1111,CONSISTENT
19020,593949,99000,99000,0,0,0,0,0,2219715,99,593850,99,596,596,1189,1443,2,0,1040,596,596,596,594,594,12,1,99000,99,99,99,5,1189,5,1189,99000,99,99000,99,2219715,99,13509794,0,594000,594000,13499605,13499605,593000,593000,0,0,0,0,595,595,593,593,1447,1448,TORN-PERSISTENT
19030,594252,99000,99000,0,0,0,0,0,2219715,99,594153,99,596,596,1190,747,1,1000,744,596,596,596,595,595,21,1,99000,99,99,99,5,1190,5,1190,99000,99,99000,99,2219715,99,13516786,0,594000,594000,13499605,13499605,594000,594000,0,0,0,0,595,595,594,594,748,748,CONSISTENT
19040,594432,99000,99000,0,0,0,0,0,2219715,99,594333,99,596,596,1190,927,1,1000,744,596,596,596,595,595,30,1,99000,99,99,99,5,1190,5,1190,99000,99,99000,99,2219715,99,13520926,0,594000,594000,13499605,13499605,594000,594000,0,0,0,0,595,595,594,594,928,928,CONSISTENT
19050,594757,99000,99000,0,0,0,0,0,2219715,99,594658,99,597,597,1191,1252,2,0,1016,597,597,597,595,595,6,1,99000,99,99,99,5,1191,5,1191,99000,99,99000,99,2219715,99,13528401,0,595000,595000,13522605,13522605,594000,594000,0,0,0,0,596,596,594,594,1252,1252,CONSISTENT
19060,595043,99000,99000,0,0,0,0,0,2219715,99,594944,99,597,597,1192,539,1,1000,532,597,597,597,596,596,16,1,99000,99,99,99,5,1192,5,1192,99000,99,99000,99,2219715,99,13535002,0,595000,595000,13522605,13522605,595000,595000,0,0,0,0,596,596,595,595,539,539,CONSISTENT
19070,595271,99000,99000,0,0,0,0,0,2219715,99,595172,99,597,597,1192,767,1,1000,532,597,597,597,596,596,26,1,99000,99,99,99,5,1192,5,1192,99000,99,99000,99,2219715,99,13540246,0,595000,595000,13522605,13522605,595000,595000,0,0,0,0,596,596,595,595,767,767,CONSISTENT
19080,595546,99000,99000,0,0,0,0,0,2219715,99,595447,99,598,598,1193,1042,2,0,1023,598,598,598,596,596,0,1,99000,99,99,99,5,1193,5,1193,99000,99,99000,99,2219715,99,13546571,0,596000,596000,13545605,13545605,595000,595000,0,0,0,0,597,597,595,595,1042,1042,CONSISTENT
19090,595779,99000,99000,0,0,0,0,0,2219715,99,595680,99,598,598,1193,1275,2,0,1023,598,598,598,596,596,10,1,99000,99,99,99,5,1193,5,1193,99000,99,99000,99,2219715,99,13551930,0,596000,596000,13545605,13545605,595000,595000,0,0,0,0,597,597,595,595,1276,1276,CONSISTENT
19100,596015,99000,99000,0,0,0,0,0,2219715,99,595916,99,598,598,1193,1511,2,0,1023,598,598,598,596,596,20,1,99000,99,99,99,5,1193,5,1193,99000,99,99000,99,2219715,99,13557358,0,596000,596000,13545605,13545605,595000,595000,0,0,0,0,597,597,595,595,1511,1511,CONSISTENT
19110,596135,99000,99000,0,0,0,0,0,2219715,99,596036,99,598,598,1194,632,1,1000,520,598,598,598,597,597,30,1,99000,99,99,99,5,1194,5,1194,99000,99,99000,99,2219715,99,13560141,0,596000,596000,13545605,13545605,596000,596000,0,0,0,0,597,597,596,596,632,632,CONSISTENT
19120,596331,99000,99000,0,0,0,0,0,2219715,99,596232,99,598,598,1194,829,1,1000,520,598,598,598,597,597,38,1,99000,99,99,99,5,1194,5,1194,99000,99,99000,99,2219715,99,13564672,0,596000,596000,13545605,13545605,596000,596000,0,0,0,0,597,597,596,596,829,829,CONSISTENT
19130,596570,99000,99000,0,0,0,0,0,2219715,99,596471,99,599,599,1195,1067,2,0,1016,599,599,599,597,597,2,1,99000,99,99,99,5,1195,5,1195,99000,99,99000,99,2219715,99,13570146,0,597000,597000,13568605,13568605,596000,596000,0,0,0,0,598,598,596,596,1070,1070,CONSISTENT
19140,596818,99000,99000,0,0,0,0,0,2219715,99,596719,99,599,599,1195,1315,2,0,1016,599,599,599,597,597,12,1,99000,99,99,99,5,1195,5,1195,99000,99,99000,99,2219715,99,13575873,0,597000,597000,13568605,13568605,596000,596000,0,0,0,0,598,598,596,596,1316,1316,CONSISTENT
19150,596941,99000,99000,0,0,0,0,0,2219715,99,596842,99,599,599,1196,439,1,1000,392,599,599,599,598,598,22,1,99000,99,99,99,5,1196,5,1196,99000,99,99000,99,2219715,99,13578725,0,597000,597000,13568605,13568605,597000,597000,0,0,0,0,598,598,597,597,441,441,CONSISTENT
19160,597196,99000,99000,0,0,0,0,0,2219715,99,597097,99,599,599,1196,694,1,1000,392,599,599,599,598,598,32,1,99000,99,99,99,5,1196,5,1196,99000,99,99000,99,2219715,99,13584567,0,597000,597000,13568605,13568605,597000,597000,0,0,0,0,598,598,597,597,694,694,CONSISTENT
19170,597411,99000,99000,0,0,0,0,0,2219715,99,597312,99,599,599,1196,909,1,1000,392,599,599,599,598,598,40,1,99000,99,99,99,5,1196,5,1196,99000,99,99000,99,2219715,99,13589512,0,597000,597000,13568605,13568605,597000,597000,0,0,0,0,598,598,597,597,910,912,TORN-PERSISTENT
19180,597655,99000,99000,0,0,0,0,0,2219715,99,597556,99,600,600,1197,1153,2,0,1033,600,600,600,598,598,4,1,99000,99,99,99,5,1197,5,1197,99000,99,99000,99,2219715,99,13595124,0,598000,598000,13591605,13591605,597000,597000,0,0,0,0,599,599,597,597,1153,1153,CONSISTENT
19190,597779,99000,99000,0,0,0,0,0,2219715,99,597680,99,600,600,1198,278,1,1000,269,600,600,600,599,599,14,1,99000,99,99,99,5,1198,5,1198,99000,99,99000,99,2219715,99,13598022,0,598000,598000,13591605,13591605,598000,598000,0,0,0,0,599,599,598,598,282,282,CONSISTENT
19200,598026,99000,99000,0,0,0,0,0,2219715,99,597927,99,600,600,1198,525,1,1000,269,600,600,600,599,599,24,1,99000,99,99,99,5,1198,5,1198,99000,99,99000,99,2219715,99,13603680,0,598000,598000,13591605,13591605,598000,598000,0,0,0,0,599,599,598,598,525,525,CONSISTENT
19211,598189,99000,99000,0,0,0,0,0,2219715,99,598090,99,600,600,1198,688,1,1000,269,600,600,600,599,599,34,1,99000,99,99,99,5,1198,5,1198,99000,99,99000,99,2219715,99,13607429,0,598000,598000,13591605,13591605,598000,598000,0,0,0,0,599,599,598,598,690,690,CONSISTENT
19220,598423,99000,99000,0,0,0,0,0,2219715,99,598324,99,600,600,1198,922,1,1000,269,600,600,600,599,599,44,1,99000,99,99,99,5,1198,5,1198,99000,99,99000,99,2219715,99,13612811,0,598000,598000,13591605,13591605,598000,598000,0,0,0,0,599,599,598,598,922,922,CONSISTENT
19230,598661,99000,99000,0,0,0,0,0,2219715,99,598562,99,601,601,1199,1160,2,0,1011,601,601,601,599,599,6,1,99000,99,99,99,5,1199,5,1199,99000,99,99000,99,2219715,99,13618285,0,599000,599000,13614605,13614605,598000,598000,0,0,0,0,600,600,598,598,1160,1160,CONSISTENT
19240,598808,99000,99000,0,0,0,0,0,2219715,99,598709,99,601,601,1200,308,1,1000,303,601,601,601,600,600,16,1,99000,99,99,99,5,1200,5,1200,99000,99,99000,99,2219715,99,13621689,0,599000,599000,13614605,13614605,599000,599000,0,0,0,0,600,600,599,599,308,308,CONSISTENT
19250,599010,99000,99000,0,0,0,0,0,2219715,99,598911,99,601,601,1200,510,1,1000,303,601,601,601,600,600,24,1,99000,99,99,99,5,1200,5,1200,99000,99,99000,99,2219715,99,13626335,0,599000,599000,13614605,13614605,599000,599000,0,0,0,0,600,600,599,599,512,512,CONSISTENT
19260,599194,99000,99000,0,0,0,0,0,2219715,99,599095,99,601,601,1200,694,1,1000,303,601,601,601,600,600,34,1,99000,99,99,99,5,1200,5,1200,99000,99,99000,99,2219715,99,13630590,0,599000,599000,13614605,13614605,599000,599000,0,0,0,0,600,600,599,599,695,695,CONSISTENT
19270,599446,99000,99000,0,0,0,0,0,2219715,99,599347,99,601,601,1200,946,1,1000,303,601,601,601,600,600,44,1,99000,99,99,99,5,1200,5,1200,99000,99,99000,99,2219715,99,13636363,0,599000,599000,13614605,13614605,599000,599000,0,0,0,0,600,600,599,599,946,946,CONSISTENT
19280,599700,99000,99000,0,0,0,0,0,2219715,99,599601,99,602,602,1201,1200,2,0,1002,602,602,602,600,600,6,1,99000,99,99,99,5,1201,5,1201,99000,99,99000,99,2219715,99,13642205,0,600000,600000,13637605,13637605,599000,599000,0,0,0,0,601,601,599,599,1203,1204,TORN-PERSISTENT
19290,599956,99000,99000,0,0,0,0,0,2219715,99,599857,99,602,602,1202,457,1,1000,450,602,602,602,601,601,16,1,99000,99,99,99,5,1202,5,1202,99000,99,99000,99,2219715,99,13648116,0,600000,600000,13637605,13637605,600000,600000,0,0,0,0,601,601,600,600,457,457,CONSISTENT
19300,600103,99000,99000,0,0,0,0,0,2219715,99,600004,99,602,602,1202,604,1,1000,450,602,602,602,601,601,28,1,99000,99,99,99,5,1202,5,1202,99000,99,99000,99,2219715,99,13651497,0,600000,600000,13637605,13637605,600000,600000,0,0,0,0,601,601,600,600,607,608,TORN-PERSISTENT
19310,600317,99000,99000,0,0,0,0,0,2219715,99,600218,99,602,602,1202,818,1,1000,450,602,602,602,601,601,36,1,99000,99,99,99,5,1202,5,1202,99000,99,99000,99,2219715,99,13656419,0,600000,600000,13637605,13637605,600000,600000,0,0,0,0,601,601,600,600,818,818,CONSISTENT
19320,600574,99000,99000,0,0,0,0,0,2219715,99,600475,99,603,603,1203,1075,2,0,1011,603,603,603,601,601,2,1,99000,99,99,99,5,1203,5,1203,99000,99,99000,99,2219715,99,13662330,0,601000,601000,13660605,13660605,600000,600000,0,0,0,0,602,602,600,600,1075,1075,CONSISTENT
19330,600795,99000,99000,0,0,0,0,0,2219715,99,600696,99,603,603,1204,297,1,1000,292,603,603,603,602,602,12,1,99000,99,99,99,5,1204,5,1204,99000,99,99000,99,2219715,99,13667436,0,601000,601000,13660605,13660605,601000,601000,0,0,0,0,602,602,601,601,298,298,CONSISTENT
19340,600951,99000,99000,0,0,0,0,0,2219715,99,600852,99,603,603,1204,453,1,1000,292,603,603,603,602,602,22,1,99000,99,99,99,5,1204,5,1204,99000,99,99000,99,2219715,99,13671024,0,601000,601000,13660605,13660605,601000,601000,0,0,0,0,602,602,601,601,453,453,CONSISTENT
19350,601180,99000,99000,0,0,0,0,0,2219715,99,601081,99,603,603,1204,682,1,1000,292,603,603,603,602,602,32,1,99000,99,99,99,5,1204,5,1204,99000,99,99000,99,2219715,99,13676291,0,601000,601000,13660605,13660605,601000,601000,0,0,0,0,602,602,601,601,682,682,CONSISTENT
19360,601434,99000,99000,0,0,0,0,0,2219715,99,601335,99,603,603,1204,936,1,1000,292,603,603,603,602,602,42,1,99000,99,99,99,5,1204,5,1204,99000,99,99000,99,2219715,99,13682133,0,601000,601000,13660605,13660605,601000,601000,0,0,0,0,602,602,601,601,940,940,CONSISTENT
19370,601687,99000,99000,0,0,0,0,0,2219715,99,601588,99,604,604,1205,1189,2,0,1024,604,604,604,602,602,6,1,99000,99,99,99,5,1205,5,1205,99000,99,99000,99,2219715,99,13687952,0,602000,602000,13683605,13683605,601000,601000,0,0,0,0,603,603,601,601,1189,1189,CONSISTENT
19380,601943,99000,99000,0,0,0,0,0,2219715,99,601844,99,604,604,1205,1445,2,0,1024,604,604,604,602,602,16,1,99000,99,99,99,5,1205,5,1205,99000,99,99000,99,2219715,99,13693840,0,602000,602000,13683605,13683605,601000,601000,0,0,0,0,603,603,601,601,1445,1445,CONSISTENT
19390,602085,99000,99000,0,0,0,0,0,2219715,99,601986,99,604,604,1206,588,1,1000,513,604,604,604,603,603,26,1,99000,99,99,99,5,1206,5,1206,99000,99,99000,99,2219715,99,13697129,0,602000,602000,13683605,13683605,602000,602000,0,0,0,0,603,603,602,602,588,588,CONSISTENT
19400,602333,99000,99000,0,0,0,0,0,2219715,99,602234,99,604,604,1206,836,1,1000,513,604,604,604,603,603,34,1,99000,99,99,99,5,1206,5,1206,99000,99,99000,99,2219715,99,13702833,0,602000,602000,13683605,13683605,602000,602000,0,0,0,0,603,603,602,602,836,836,CONSISTENT
19410,602607,99000,99000,0,0,0,0,0,2219715,99,602508,99,605,605,1207,1110,2,0,1015,605,605,605,603,603,2,1,99000,99,99,99,5,1207,5,1207,99000,99,99000,99,2219715,99,13709135,0,603000,603000,13706605,13706605,602000,602000,0,0,0,0,604,604,602,602,1112,1113,TORN-PERSISTENT
19420,602885,99000,99000,0,0,0,0,0,2219715,99,602786,99,605,605,1207,1388,2,0,1015,605,605,605,603,603,12,1,99000,99,99,99,5,1207,5,1207,99000,99,99000,99,2219715,99,13715529,0,603000,603000,13706605,13706605,602000,602000,0,0,0,0,604,604,602,602,1391,1391,CONSISTENT
19430,603016,99000,99000,0,0,0,0,0,2219715,99,602917,99,605,605,1208,520,1,1000,474,605,605,605,604,604,22,1,99000,99,99,99,5,1208,5,1208,99000,99,99000,99,2219715,99,13718565,0,603000,603000,13706605,13706605,603000,603000,0,0,0,0,604,604,603,603,521,521,CONSISTENT
19440,603237,99000,99000,0,0,0,0,0,2219715,99,603138,99,605,605,1208,741,1,1000,474,605,605,605,604,604,34,1,99000,99,99,99,5,1208,5,1208,99000,99,99000,99,2219715,99,13723648,0,603000,603000,13706605,13706605,603000,603000,0,0,0,0,604,604,603,603,742,742,CONSISTENT
19450,603463,99000,99000,0,0,0,0,0,2219715,99,603364,99,605,605,1208,967,1,1000,474,605,605,605,604,604,42,1,99000,99,99,99,5,1208,5,1208,99000,99,99000,99,2219715,99,13728846,0,603000,603000,13706605,13706605,603000,603000,0,0,0,0,604,604,603,603,969,969,CONSISTENT
19460,603717,99000,99000,0,0,0,0,0,2219715,99,603618,99,606,606,1209,1221,2,0,1071,606,606,606,604,604,6,1,99000,99,99,99,5,1209,5,1209,99000,99,99000,99,2219715,99,13734711,0,604000,604000,13729605,13729605,603000,603000,0,0,0,0,605,605,603,603,1223,1223,CONSISTENT
19470,603872,99000,99000,0,0,0,0,0,2219715,99,603773,99,606,606,1210,377,1,1000,369,606,606,606,605,605,16,1,99000,99,99,99,5,1210,5,1210,99000,99,99000,99,2219715,99,13738276,0,604000,604000,13729605,13729605,604000,604000,0,0,0,0,605,605,604,604,377,377,CONSISTENT
19480,604118,99000,99000,0,0,0,0,0,2219715,99,604019,99,606,606,1210,623,1,1000,369,606,606,606,605,605,26,1,99000,99,99,99,5,1210,5,1210,99000,99,99000,99,2219715,99,13743957,0,604000,604000,13729605,13729605,604000,604000,0,0,0,0,605,605,604,604,624,624,CONSISTENT
19490,604348,99000,99000,0,0,0,0,0,2219715,99,604249,99,606,606,1210,853,1,1000,369,606,606,606,605,605,36,1,99000,99,99,99,5,1210,5,1210,99000,99,99000,99,2219715,99,13749224,0,604000,604000,13729605,13729605,604000,604000,0,0,0,0,605,605,604,604,854,854,CONSISTENT
19500,604569,99000,99000,0,0,0,0,0,2219715,99,604470,99,607,607,1211,1074,2,0,1023,607,607,607,605,605,2,1,99000,99,99,99,5,1211,5,1211,99000,99,99000,99,2219715,99,13754307,0,605000,605000,13752605,13752605,604000,604000,0,0,0,0,606,606,604,604,1074,1074,CONSISTENT
19510,604733,99000,99000,0,0,0,0,0,2219715,99,604634,99,607,607,1211,1238,2,0,1023,607,607,607,605,605,11,1,99000,99,99,99,5,1211,5,1211,99000,99,99000,99,2219715,99,13758079,0,605000,605000,13752605,13752605,604000,604000,0,0,0,0,606,606,604,604,1238,1238,CONSISTENT
19520,604883,99000,99000,0,0,0,0,0,2219715,99,604784,99,607,607,1212,389,1,1000,383,607,607,607,606,606,21,1,99000,99,99,99,5,1212,5,1212,99000,99,99000,99,2219715,99,13761552,0,605000,605000,13752605,13752605,605000,605000,0,0,0,0,606,606,605,605,389,389,CONSISTENT
19530,605096,99000,99000,0,0,0,0,0,2219715,99,604997,99,607,607,1212,602,1,1000,383,607,607,607,606,606,30,1,99000,99,99,99,5,1212,5,1212,99000,99,99000,99,2219715,99,13766474,0,605000,605000,13752605,13752605,605000,605000,0,0,0,0,606,606,605,605,603,603,CONSISTENT
19540,605349,99000,99000,0,0,0,0,0,2219715,99,605250,99,607,607,1212,855,1,1000,383,607,607,607,606,606,42,1,99000,99,99,99,5,1212,5,1212,99000,99,99000,99,2219715,99,13772270,0,605000,605000,13752605,13752605,605000,605000,0,0,0,0,606,606,605,605,855,855,CONSISTENT
19550,605549,99000,99000,0,0,0,0,0,2219715,99,605450,99,608,608,1213,1055,2,0,1023,608,608,608,606,606,0,1,99000,99,99,99,5,1213,5,1213,99000,99,99000,99,2219715,99,13776870,0,606000,606000,13775605,13775605,605000,605000,0,0,0,0,607,607,605,605,1055,1055,CONSISTENT
19560,605803,99000,99000,0,0,0,0,0,2219715,99,605704,99,608,608,1213,1309,2,0,1023,608,608,608,606,606,10,1,99000,99,99,99,5,1213,5,1213,99000,99,99000,99,2219715,99,13782712,0,606000,606000,13775605,13775605,605000,605000,0,0,0,0,607,607,605,605,1309,1309,CONSISTENT
19570,605945,99000,99000,0,0,0,0,0,2219715,99,605846,99,608,608,1214,452,1,1000,448,608,608,608,607,607,20,1,99000,99,99,99,5,1214,5,1214,99000,99,99000,99,2219715,99,13786001,0,606000,606000,13775605,13775605,606000,606000,0,0,0,0,607,607,606,606,452,452,CONSISTENT
19580,606160,99000,99000,0,0,0,0,0,2219715,99,606061,99,608,608,1214,667,1,1000,448,608,608,608,607,607,30,1,99000,99,99,99,5,1214,5,1214,99000,99,99000,99,2219715,99,13790946,0,606000,606000,13775605,13775605,606000,606000,0,0,0,0,607,607,606,606,670,670,CONSISTENT
19590,606416,99000,99000,0,0,0,0,0,2219715,99,606317,99,608,608,1214,923,1,1000,448,608,608,608,607,607,40,1,99000,99,99,99,5,1214,5,1214,99000,99,99000,99,2219715,99,13796834,0,606000,606000,13775605,13775605,606000,606000,0,0,0,0,607,607,606,606,923,923,CONSISTENT
19600,606621,99000,99000,0,0,0,0,0,2219715,99,606522,99,609,609,1215,1128,2,0,1029,609,609,609,607,607,4,1,99000,99,99,99,5,1215,5,1215,99000,99,99000,99,2219715,99,13801549,0,607000,607000,13798605,13798605,606000,606000,0,0,0,0,608,608,606,606,1129,1129,CONSISTENT
19610,606859,99000,99000,0,0,0,0,0,2219715,99,606760,99,609,609,1215,1366,2,0,1029,609,609,609,607,607,14,1,99000,99,99,99,5,1215,5,1215,99000,99,99000,99,2219715,99,13807023,0,607000,607000,13798605,13798605,606000,606000,0,0,0,0,608,608,606,606,1367,1367,CONSISTENT
19620,606993,99000,99000,0,0,0,0,0,2219715,99,606894,99,609,609,1216,501,1,1000,396,609,609,609,608,608,24,1,99000,99,99,99,5,1216,5,1216,99000,99,99000,99,2219715,99,13810128,0,607000,607000,13798605,13798605,607000,607000,0,0,0,0,608,608,607,607,501,501,CONSISTENT
19630,607226,99000,99000,0,0,0,0,0,2219715,99,607127,99,609,609,1216,734,1,1000,396,609,609,609,608,608,34,1,99000,99,99,99,5,1216,5,1216,99000,99,99000,99,2219715,99,13815487,0,607000,607000,13798605,13798605,607000,607000,0,0,0,0,608,608,607,607,736,736,CONSISTENT
19640,607478,99000,99000,0,0,0,0,0,2219715,99,607379,99,609,609,1216,986,1,1000,396,609,609,609,608,608,44,1,99000,99,99,99,5,1216,5,1216,99000,99,99000,99,2219715,99,13821283,0,607000,607000,13798605,13798605,607000,607000,0,0,0,0,608,608,607,607,986,986,CONSISTENT
19650,607696,99000,99000,0,0,0,0,0,2219715,99,607597,99,610,610,1217,1204,2,0,1010,610,610,610,608,608,8,1,99000,99,99,99,5,1217,5,1217,99000,99,99000,99,2219715,99,13826297,0,608000,608000,13821605,13821605,607000,607000,0,0,0,0,609,609,607,607,1204,1204,CONSISTENT
19660,607864,99000,99000,0,0,0,0,0,2219715,99,607765,99,610,610,1218,373,1,1000,365,610,610,610,609,609,18,1,99000,99,99,99,5,1218,5,1218,99000,99,99000,99,2219715,99,13830184,0,608000,608000,13821605,13821605,608000,608000,0,0,0,0,609,609,608,608,373,373,CONSISTENT
19670,608066,99000,99000,0,0,0,0,0,2219715,99,607967,99,610,610,1218,575,1,1000,365,610,610,610,609,609,26,1,99000,99,99,99,5,1218,5,1218,99000,99,99000,99,2219715,99,13834830,0,608000,608000,13821605,13821605,608000,608000,0,0,0,0,609,609,608,608,577,577,CONSISTENT
19680,608303,99000,99000,0,0,0,0,0,2219715,99,608204,99,610,610,1218,812,1,1000,365,610,610,610,609,609,36,1,99000,99,99,99,5,1218,5,1218,99000,99,99000,99,2219715,99,13840281,0,608000,608000,13821605,13821605,608000,608000,0,0,0,0,609,609,608,608,813,813,CONSISTENT
19690,608541,99000,99000,0,0,0,0,0,2219715,99,608442,99,611,611,1219,1050,2,0,1003,611,611,611,609,609,2,1,99000,99,99,99,5,1219,5,1219,99000,99,99000,99,2219715,99,13845755,0,609000,609000,13844605,13844605,608000,608000,0,0,0,0,610,610,608,608,1050,1050,CONSISTENT
19700,608770,99000,99000,0,0,0,0,0,2219715,99,608671,99,611,611,1219,1279,2,0,1003,611,611,611,609,609,10,1,99000,99,99,99,5,1219,5,1219,99000,99,99000,99,2219715,99,13851045,0,609000,609000,13844605,13844605,608000,608000,0,0,0,0,610,610,608,608,1280,1280,CONSISTENT
19710,608927,99000,99000,0,0,0,0,0,2219715,99,608828,99,611,611,1220,437,1,1000,417,611,611,611,610,610,20,1,99000,99,99,99,5,1220,5,1220,99000,99,99000,99,2219715,99,13854656,0,609000,609000,13844605,13844605,609000,609000,0,0,0,0,610,610,609,609,437,437,CONSISTENT
19720,609150,99000,99000,0,0,0,0,0,2219715,99,609051,99,611,611,1220,660,1,1000,417,611,611,611,610,610,30,1,99000,99,99,99,5,1220,5,1220,99000,99,99000,99,2219715,99,13859808,0,609000,609000,13844605,13844605,609000,609000,0,0,0,0,610,610,609,609,661,661,CONSISTENT
19730,609393,99000,99000,0,0,0,0,0,2219715,99,609294,99,611,611,1220,903,1,1000,417,611,611,611,610,610,40,1,99000,99,99,99,5,1220,5,1220,99000,99,99000,99,2219715,99,13865374,0,609000,609000,13844605,13844605,609000,609000,0,0,0,0,610,610,609,609,906,907,TORN-PERSISTENT
19740,609679,99000,99000,0,0,0,0,0,2219715,99,609580,99,612,612,1221,1189,2,0,1044,612,612,612,610,610,4,1,99000,99,99,99,5,1221,5,1221,99000,99,99000,99,2219715,99,13871952,0,610000,610000,13867605,13867605,609000,609000,0,0,0,0,611,611,609,609,1193,1193,CONSISTENT
19750,609875,99000,99000,0,0,0,0,0,2219715,99,609776,99,612,612,1222,386,1,1000,377,612,612,612,611,611,14,1,99000,99,99,99,5,1222,5,1222,99000,99,99000,99,2219715,99,13876483,0,610000,610000,13867605,13867605,610000,610000,0,0,0,0,611,611,610,610,386,386,CONSISTENT
19760,610109,99000,99000,0,0,0,0,0,2219715,99,610010,99,612,612,1222,620,1,1000,377,612,612,612,611,611,24,1,99000,99,99,99,5,1222,5,1222,99000,99,99000,99,2219715,99,13881865,0,610000,610000,13867605,13867605,610000,610000,0,0,0,0,611,611,610,610,621,621,CONSISTENT
19770,610384,99000,99000,0,0,0,0,0,2219715,99,610285,99,612,612,1222,895,1,1000,377,612,612,612,611,611,34,1,99000,99,99,99,5,1222,5,1222,99000,99,99000,99,2219715,99,13888190,0,610000,610000,13867605,13867605,610000,610000,0,0,0,0,611,611,610,610,898,898,CONSISTENT
19780,610725,99000,99000,0,0,0,0,0,2219715,99,610626,99,613,613,1223,1236,2,0,1004,613,613,613,611,611,6,1,99000,99,99,99,5,1223,5,1223,99000,99,99000,99,2219715,99,13896056,0,611000,611000,13890605,13890605,610000,610000,0,0,0,0,612,612,610,610,1239,1239,CONSISTENT
19790,610926,99000,99000,0,0,0,0,0,2219715,99,610827,99,613,613,1224,438,1,1000,434,613,613,613,612,612,16,1,99000,99,99,99,5,1224,5,1224,99000,99,99000,99,2219715,99,13900679,0,611000,611000,13890605,13890605,611000,611000,0,0,0,0,612,612,611,611,438,438,CONSISTENT
19800,611180,99000,99000,0,0,0,0,0,2219715,99,611081,99,613,613,1224,692,1,1000,434,613,613,613,612,612,26,1,99000,99,99,99,5,1224,5,1224,99000,99,99000,99,2219715,99,13906544,0,611000,611000,13890605,13890605,611000,611000,0,0,0,0,612,612,611,611,696,696,CONSISTENT
19810,611365,99000,99000,0,0,0,0,0,2219715,99,611266,99,613,613,1224,877,1,1000,434,613,613,613,612,612,34,1,99000,99,99,99,5,1224,5,1224,99000,99,99000,99,2219715,99,13910799,0,611000,611000,13890605,13890605,611000,611000,0,0,0,0,612,612,611,611,878,878,CONSISTENT
19820,611613,99000,99000,0,0,0,0,0,2219715,99,611514,99,614,614,1225,1125,2,0,1004,614,614,614,612,612,4,1,99000,99,99,99,5,1225,5,1225,99000,99,99000,99,2219715,99,13916480,0,612000,612000,13913605,13913605,611000,611000,0,0,0,0,613,613,611,611,1126,1128,TORN-PERSISTENT
19830,611943,99000,99000,0,0,0,0,0,2219715,99,611844,99,614,614,1225,1455,2,0,1004,614,614,614,612,612,14,1,99000,99,99,99,5,1225,5,1225,99000,99,99000,99,2219715,99,13924070,0,612000,612000,13913605,13913605,611000,611000,0,0,0,0,613,613,611,611,1456,1456,CONSISTENT
19840,612138,99000,99000,0,0,0,0,0,2219715,99,612039,99,614,614,1226,651,1,1000,651,614,614,614,613,613,22,1,99000,99,99,99,5,1226,5,1226,99000,99,99000,99,2219715,99,13928578,0,612000,612000,13913605,13913605,612000,612000,0,0,0,0,613,613,612,612,651,651,CONSISTENT
19850,612405,99000,99000,0,0,0,0,0,2219715,99,612306,99,614,614,1226,918,1,1000,651,614,614,614,613,613,32,1,99000,99,99,99,5,1226,5,1226,99000,99,99000,99,2219715,99,13934719,0,612000,612000,13913605,13913605,612000,612000,0,0,0,0,613,613,612,612,919,919,CONSISTENT
19860,612776,99000,99000,0,0,0,0,0,2219715,99,612677,99,615,615,1227,1289,2,0,1001,615,615,615,613,613,6,1,99000,99,99,99,5,1227,5,1227,99000,99,99000,99,2219715,99,13943275,0,613000,613000,13936605,13936605,612000,612000,0,0,0,0,614,614,612,612,1290,1290,CONSISTENT
19870,613029,99000,99000,0,0,0,0,0,2219715,99,612930,99,615,615,1228,543,1,1000,539,615,615,615,614,614,16,1,99000,99,99,99,5,1228,5,1228,99000,99,99000,99,2219715,99,13949094,0,613000,613000,13936605,13936605,613000,613000,0,0,0,0,614,614,613,613,543,543,CONSISTENT
19880,613255,99000,99000,0,0,0,0,0,2219715,99,613156,99,615,615,1228,769,1,1000,539,615,615,615,614,614,26,1,99000,99,99,99,5,1228,5,1228,99000,99,99000,99,2219715,99,13954315,0,613000,613000,13936605,13936605,613000,613000,0,0,0,0,614,614,613,613,770,770,CONSISTENT
19890,613582,99000,99000,0,0,0,0,0,2219715,99,613483,99,616,616,1229,1096,2,0,1006,616,616,616,614,614,2,1,99000,99,99,99,5,1229,5,1229,99000,99,99000,99,2219715,99,13961813,0,614000,614000,13959605,13959605,613000,613000,0,0,0,0,615,615,613,613,1099,1099,CONSISTENT
19900,613959,99000,99000,0,0,0,0,0,2219715,99,613860,99,616,616,1229,1473,2,0,1006,616,616,616,614,614,12,1,99000,99,99,99,5,1229,5,1229,99000,99,99000,99,2219715,99,13970484,0,614000,614000,13959605,13959605,613000,613000,0,0,0,0,615,615,613,613,1473,1473,CONSISTENT
19910,614140,99000,99000,0,0,0,0,0,2219715,99,614041,99,616,616,1230,655,1,1000,631,616,616,616,615,615,22,1,99000,99,99,99,5,1230,5,1230,99000,99,99000,99,2219715,99,13974670,0,614000,614000,13959605,13959605,614000,614000,0,0,0,0,615,615,614,614,658,658,CONSISTENT
19920,614508,99000,99000,0,0,0,0,0,2219715,99,614409,99,616,616,1230,1023,2,1000,631,616,617,616,615,615,32,1,99000,99,99,99,5,1230,5,1230,99000,99,99000,99,2219715,99,13983134,0,615000,615000,13982605,13982605,614000,614000,0,0,0,0,616,616,614,614,1024,1024,CONSISTENT
19930,614871,99000,99000,0,0,0,0,0,2219715,99,614772,99,617,617,1231,1386,2,0,1059,617,617,617,615,615,8,1,99000,99,99,99,5,1231,5,1231,99000,99,99000,99,2219715,99,13991483,0,615000,615000,13982605,13982605,614000,614000,0,0,0,0,616,616,614,614,1388,1388,CONSISTENT
19940,615239,99000,99000,0,0,0,0,0,2219715,99,615140,99,617,617,1231,1754,2,0,1059,617,617,617,615,615,18,1,99000,99,99,99,5,1231,5,1231,99000,99,99000,99,2219715,99,13999947,0,615000,615000,13982605,13982605,614000,614000,0,0,0,0,616,616,614,614,1756,1756,CONSISTENT
19950,615393,99000,99000,0,0,0,0,0,2219715,99,615294,99,617,617,1232,909,1,1000,843,617,617,617,616,616,26,1,99000,99,99,99,5,1232,5,1232,99000,99,99000,99,2219715,99,14003535,0,615000,615000,13982605,13982605,615000,615000,0,0,0,0,616,616,615,615,912,914,TORN-PERSISTENT
19960,615761,99000,99000,0,0,0,0,0,2219715,99,615662,99,618,618,1233,1277,2,0,1068,618,618,618,616,616,4,1,99000,99,99,99,5,1233,5,1233,99000,99,99000,99,2219715,99,14011976,0,616000,616000,14005605,14005605,615000,615000,0,0,0,0,617,617,615,615,1278,1279,TORN-PERSISTENT
19970,616120,99000,99000,0,0,0,0,0,2219715,99,616021,99,618,618,1233,1636,2,0,1068,618,618,618,616,616,16,1,99000,99,99,99,5,1233,5,1233,99000,99,99000,99,2219715,99,14020233,0,616000,616000,14005605,14005605,615000,615000,0,0,0,0,617,617,615,615,1637,1637,CONSISTENT
19980,616306,99000,99000,0,0,0,0,0,2219715,99,616207,99,618,618,1234,823,1,1000,642,618,618,618,617,617,26,1,99000,99,99,99,5,1234,5,1234,99000,99,99000,99,2219715,99,14024534,0,616000,616000,14005605,14005605,616000,616000,0,0,0,0,617,617,616,616,824,825,TORN-PERSISTENT
19991,616668,99000,99000,0,0,0,0,0,2219715,99,616569,99,619,619,1235,1185,2,0,1018,619,619,619,617,617,4,1,99000,99,99,99,5,1235,5,1235,99000,99,99000,99,2219715,99,14032883,0,617000,617000,14028605,14028605,616000,616000,0,0,0,0,618,618,616,616,1189,1189,CONSISTENT
20000,617000,99000,99000,0,0,0,0,0,2219715,99,616901,99,619,619,1235,1517,2,0,1018,619,619,619,617,617,12,1,99000,99,99,99,5,1235,5,1235,99000,99,99000,99,2219715,99,14040496,0,617000,617000,14028605,14028605,616000,616000,0,0,0,0,618,618,616,616,1517,1517,CONSISTENT
20010,617286,99000,99000,0,0,0,0,0,2219715,99,617187,99,619,619,1236,804,1,1000,799,619,619,619,618,618,22,1,99000,99,99,99,5,1236,5,1236,99000,99,99000,99,2219715,99,14047097,0,617000,617000,14028605,14028605,617000,617000,0,0,0,0,618,618,617,617,804,804,CONSISTENT
20020,617446,99000,99000,0,0,0,0,0,2219715,99,617347,99,619,619,1236,964,1,1000,799,619,619,619,618,618,32,1,99000,99,99,99,5,1236,5,1236,99000,99,99000,99,2219715,99,14050823,0,617000,617000,14028605,14028605,617000,617000,0,0,0,0,618,618,617,617,967,967,CONSISTENT
20030,617686,99000,99000,0,0,0,0,0,2219715,99,617587,99,620,620,1237,1204,2,0,1038,620,620,620,618,618,6,1,99000,99,99,99,5,1237,5,1237,99000,99,99000,99,2219715,99,14056297,0,618000,618000,14051605,14051605,617000,617000,0,0,0,0,619,619,617,617,1204,1204,CONSISTENT
20040,617905,99000,99000,0,0,0,0,0,2219715,99,617806,99,620,620,1238,424,1,1000,420,620,620,620,619,619,16,1,99000,99,99,99,5,1238,5,1238,99000,99,99000,99,2219715,99,14061357,0,618000,618000,14051605,14051605,618000,618000,0,0,0,0,619,619,618,618,424,424,CONSISTENT
20050,618041,99000,99000,0,0,0,0,0,2219715,99,617942,99,620,620,1238,560,1,1000,420,620,620,620,619,619,26,1,99000,99,99,99,5,1238,5,1238,99000,99,99000,99,2219715,99,14064485,0,618000,618000,14051605,14051605,618000,618000,0,0,0,0,619,619,618,618,563,564,TORN-PERSISTENT
20060,618307,99000,99000,0,0,0,0,0,2219715,99,618208,99,620,620,1238,826,1,1000,420,620,620,620,619,619,36,1,99000,99,99,99,5,1238,5,1238,99000,99,99000,99,2219715,99,14070603,0,618000,618000,14051605,14051605,618000,618000,0,0,0,0,619,619,618,618,826,826,CONSISTENT
20070,618637,99000,99000,0,0,0,0,0,2219715,99,618538,99,621,621,1239,1156,2,0,1048,621,621,621,619,619,2,1,99000,99,99,99,5,1239,5,1239,99000,99,99000,99,2219715,99,14078193,0,619000,619000,14074605,14074605,618000,618000,0,0,0,0,620,620,618,618,1156,1156,CONSISTENT
20080,618887,99000,99000,0,0,0,0,0,2219715,99,618788,99,621,621,1239,1406,2,0,1048,621,621,621,619,619,12,1,99000,99,99,99,5,1239,5,1239,99000,99,99000,99,2219715,99,14083943,0,619000,619000,14074605,14074605,618000,618000,0,0,0,0,620,620,618,618,1406,1406,CONSISTENT
20090,618998,99000,99000,0,0,0,0,0,2219715,99,618899,99,621,621,1240,518,1,1000,440,621,621,621,620,620,20,1,99000,99,99,99,5,1240,5,1240,99000,99,99000,99,2219715,99,14086519,0,619000,619000,14074605,14074605,619000,619000,0,0,0,0,620,620,619,619,518,518,CONSISTENT
20100,619277,99000,99000,0,0,0,0,0,2219715,99,619178,99,621,621,1240,797,1,1000,440,621,621,621,620,620,30,1,99000,99,99,99,5,1240,5,1240,99000,99,99000,99,2219715,99,14092936,0,619000,619000,14074605,14074605,619000,619000,0,0,0,0,620,620,619,619,797,797,CONSISTENT
20110,619473,99000,99000,0,0,0,0,0,2219715,99,619374,99,621,621,1240,993,1,1000,440,621,621,621,620,620,42,1,99000,99,99,99,5,1240,5,1240,99000,99,99000,99,2219715,99,14097444,0,619000,619000,14074605,14074605,619000,619000,0,0,0,0,620,620,619,619,993,993,CONSISTENT
20120,619742,99000,99000,0,0,0,0,0,2219715,99,619643,99,622,622,1241,1262,2,0,1025,622,622,622,620,620,8,1,99000,99,99,99,5,1241,5,1241,99000,99,99000,99,2219715,99,14103654,0,620000,620000,14097605,14097605,619000,619000,0,0,0,0,621,621,619,619,1263,1263,CONSISTENT
20130,619989,99000,99000,0,0,0,0,0,2219715,99,619890,99,622,622,1241,1509,2,0,1025,622,622,622,620,620,18,1,99000,99,99,99,5,1241,5,1241,99000,99,99000,99,2219715,99,14109312,0,620000,620000,14097605,14097605,619000,619000,0,0,0,0,621,621,619,619,1509,1509,CONSISTENT
20140,620081,99000,99000,0,0,0,0,0,2219715,99,619982,99,622,622,1242,602,1,1000,579,622,622,622,621,621,28,1,99000,99,99,99,5,1242,5,1242,99000,99,99000,99,2219715,99,14111451,0,620000,620000,14097605,14097605,620000,620000,0,0,0,0,621,621,620,620,604,606,TORN-PERSISTENT
20150,620358,99000,99000,0,0,0,0,0,2219715,99,620259,99,622,622,1242,880,1,1000,579,622,622,622,621,621,38,1,99000,99,99,99,5,1242,5,1242,99000,99,99000,99,2219715,99,14117845,0,620000,620000,14097605,14097605,620000,620000,0,0,0,0,621,621,620,620,881,881,CONSISTENT
20160,620632,99000,99000,0,0,0,0,0,2219715,99,620533,99,623,623,1243,1153,2,0,1050,623,623,623,621,621,2,1,99000,99,99,99,5,1243,5,1243,99000,99,99000,99,2219715,99,14124124,0,621000,621000,14120605,14120605,620000,620000,0,0,0,0,622,622,620,620,1156,1156,CONSISTENT
20170,620892,99000,99000,0,0,0,0,0,2219715,99,620793,99,623,623,1243,1413,2,0,1050,623,623,623,621,621,12,1,99000,99,99,99,5,1243,5,1243,99000,99,99000,99,2219715,99,14130104,0,621000,621000,14120605,14120605,620000,620000,0,0,0,0,622,622,620,620,1414,1414,CONSISTENT
20180,621041,99000,99000,0,0,0,0,0,2219715,99,620942,99,623,623,1244,563,1,1000,537,623,623,623,622,622,24,1,99000,99,99,99,5,1244,5,1244,99000,99,99000,99,2219715,99,14133577,0,621000,621000,14120605,14120605,621000,621000,0,0,0,0,622,622,621,621,565,565,CONSISTENT
20190,621296,99000,99000,0,0,0,0,0,2219715,99,621197,99,623,623,1244,818,1,1000,537,623,623,623,622,622,32,1,99000,99,99,99,5,1244,5,1244,99000,99,99000,99,2219715,99,14139419,0,621000,621000,14120605,14120605,621000,621000,0,0,0,0,622,622,621,621,820,820,CONSISTENT
20200,621563,99000,99000,0,0,0,0,0,2219715,99,621464,99,624,624,1245,1085,2,0,1048,624,624,624,622,622,0,1,99000,99,99,99,5,1245,5,1245,99000,99,99000,99,2219715,99,14145560,0,622000,622000,14143605,14143605,621000,621000,0,0,0,0,623,623,621,621,1090,1090,CONSISTENT
20210,621802,99000,99000,0,0,0,0,0,2219715,99,621703,99,624,624,1245,1324,2,0,1048,624,624,624,622,622,10,1,99000,99,99,99,5,1245,5,1245,99000,99,99000,99,2219715,99,14151057,0,622000,622000,14143605,14143605,621000,621000,0,0,0,0,623,623,621,621,1325,1325,CONSISTENT
20220,621944,99000,99000,0,0,0,0,0,2219715,99,621845,99,624,624,1246,467,1,1000,458,624,624,624,623,623,20,1,99000,99,99,99,5,1246,5,1246,99000,99,99000,99,2219715,99,14154346,0,622000,622000,14143605,14143605,622000,622000,0,0,0,0,623,623,622,622,468,468,CONSISTENT
20231,622191,99000,99000,0,0,0,0,0,2219715,99,622092,99,624,624,1246,714,1,1000,458,624,624,624,623,623,30,1,99000,99,99,99,5,1246,5,1246,99000,99,99000,99,2219715,99,14160027,0,622000,622000,14143605,14143605,622000,622000,0,0,0,0,623,623,622,622,715,715,CONSISTENT
20240,622406,99000,99000,0,0,0,0,0,2219715,99,622307,99,624,624,1246,929,1,1000,458,624,624,624,623,623,41,1,99000,99,99,99,5,1246,5,1246,99000,99,99000,99,2219715,99,14164972,0,622000,622000,14143605,14143605,622000,622000,0,0,0,0,623,623,622,622,931,931,CONSISTENT
20250,622655,99000,99000,0,0,0,0,0,2219715,99,622556,99,625,625,1247,1178,2,0,1012,625,625,625,623,623,6,1,99000,99,99,99,5,1247,5,1247,99000,99,99000,99,2219715,99,14170722,0,623000,623000,14166605,14166605,622000,622000,0,0,0,0,624,624,622,622,1181,1181,CONSISTENT
20260,622833,99000,99000,0,0,0,0,0,2219715,99,622734,99,625,625,1248,357,1,1000,352,625,625,625,624,624,16,1,99000,99,99,99,5,1248,5,1248,99000,99,99000,99,2219715,99,14174816,0,623000,623000,14166605,14166605,623000,623000,0,0,0,0,624,624,623,623,357,357,CONSISTENT
20270,623014,99000,99000,0,0,0,0,0,2219715,99,622915,99,625,625,1248,538,1,1000,352,625,625,625,624,624,26,1,99000,99,99,99,5,1248,5,1248,99000,99,99000,99,2219715,99,14178979,0,623000,623000,14166605,14166605,623000,623000,0,0,0,0,624,624,623,623,539,539,CONSISTENT
20280,623218,99000,99000,0,0,0,0,0,2219715,99,623119,99,625,625,1248,742,1,1000,352,625,625,625,624,624,36,1,99000,99,99,99,5,1248,5,1248,99000,99,99000,99,2219715,99,14183694,0,623000,623000,14166605,14166605,623000,623000,0,0,0,0,624,624,623,623,744,744,CONSISTENT
20290,623448,99000,99000,0,0,0,0,0,2219715,99,623349,99,625,625,1248,972,1,1000,352,625,625,625,624,624,46,1,99000,99,99,99,5,1248,5,1248,99000,99,99000,99,2219715,99,14188984,0,623000,623000,14166605,14166605,623000,623000,0,0,0,0,624,624,623,623,973,973,CONSISTENT
20300,623672,99000,99000,0,0,0,0,0,2219715,99,623573,99,626,626,1249,1196,2,0,1074,626,626,626,624,624,4,1,99000,99,99,99,5,1249,5,1249,99000,99,99000,99,2219715,99,14194113,0,624000,624000,14189605,14189605,623000,623000,0,0,0,0,625,625,623,623,1196,1196,CONSISTENT
20310,623919,99000,99000,0,0,0,0,0,2219715,99,623820,99,626,626,1249,1443,2,0,1074,626,626,626,624,624,14,1,99000,99,99,99,5,1249,5,1249,99000,99,99000,99,2219715,99,14199794,0,624000,624000,14189605,14189605,623000,623000,0,0,0,0,625,625,623,623,1443,1443,CONSISTENT
20320,624039,99000,99000,0,0,0,0,0,2219715,99,623940,99,626,626,1250,564,1,1000,484,626,626,626,625,625,24,1,99000,99,99,99,5,1250,5,1250,99000,99,99000,99,2219715,99,14202577,0,624000,624000,14189605,14189605,624000,624000,0,0,0,0,625,625,624,624,566,567,TORN-PERSISTENT
20330,624262,99000,99000,0,0,0,0,0,2219715,99,624163,99,626,626,1250,787,1,1000,484,626,626,626,625,625,34,1,99000,99,99,99,5,1250,5,1250,99000,99,99000,99,2219715,99,14207706,0,624000,624000,14189605,14189605,624000,624000,0,0,0,0,625,625,624,624,788,790,TORN-PERSISTENT
20340,624503,99000,99000,0,0,0,0,0,2219715,99,624404,99,627,627,1251,1028,2,0,1004,627,627,627,625,625,0,1,99000,99,99,99,5,1251,5,1251,99000,99,99000,99,2219715,99,14213249,0,625000,625000,14212605,14212605,624000,624000,0,0,0,0,626,626,624,624,1028,1028,CONSISTENT
20350,624728,99000,99000,0,0,0,0,0,2219715,99,624629,99,627,627,1251,1253,2,0,1004,627,627,627,625,625,10,1,99000,99,99,99,5,1251,5,1251,99000,99,99000,99,2219715,99,14218470,0,625000,625000,14212605,14212605,624000,624000,0,0,0,0,626,626,624,624,1255,1255,CONSISTENT
20360,624854,99000,99000,0,0,0,0,0,2219715,99,624755,99,627,627,1252,380,1,1000,330,627,627,627,626,626,20,1,99000,99,99,99,5,1252,5,1252,99000,99,99000,99,2219715,99,14221345,0,625000,625000,14212605,14212605,625000,625000,0,0,0,0,626,626,625,625,382,383,TORN-PERSISTENT
20370,625084,99000,99000,0,0,0,0,0,2219715,99,624985,99,627,627,1252,610,1,1000,330,627,627,627,626,626,30,1,99000,99,99,99,5,1252,5,1252,99000,99,99000,99,2219715,99,14226635,0,625000,625000,14212605,14212605,625000,625000,0,0,0,0,626,626,625,625,610,610,CONSISTENT
20380,625294,99000,99000,0,0,0,0,0,2219715,99,625195,99,627,627,1252,820,1,1000,330,627,627,627,626,626,40,1,99000,99,99,99,5,1252,5,1252,99000,99,99000,99,2219715,99,14231465,0,625000,625000,14212605,14212605,625000,625000,0,0,0,0,626,626,625,625,822,822,CONSISTENT
20390,625531,99000,99000,0,0,0,0,0,2219715,99,625432,99,628,628,1253,1057,2,0,1008,628,628,628,626,626,2,1,99000,99,99,99,5,1253,5,1253,99000,99,99000,99,2219715,99,14236939,0,626000,626000,14235605,14235605,625000,625000,0,0,0,0,627,627,625,625,1058,1058,CONSISTENT
20400,625745,99000,99000,0,0,0,0,0,2219715,99,625646,99,628,628,1253,1271,2,0,1008,628,628,628,626,626,12,1,99000,99,99,99,5,1253,5,1253,99000,99,99000,99,2219715,99,14241838,0,626000,626000,14235605,14235605,625000,625000,0,0,0,0,627,627,625,625,1271,1271,CONSISTENT
20410,625792,99000,99000,0,0,0,0,0,2219715,99,625693,99,628,628,1254,319,1,1000,282,628,628,628,627,627,21,1,99000,99,99,99,5,1254,5,1254,99000,99,99000,99,2219715,99,14242965,0,626000,626000,14235605,14235605,626000,626000,0,0,0,0,627,627,626,626,321,321,CONSISTENT
20420,626012,99000,99000,0,0,0,0,0,2219715,99,625913,99,628,628,1254,539,1,1000,282,628,628,628,627,627,31,1,99000,99,99,99,5,1254,5,1254,99000,99,99000,99,2219715,99,14248002,0,626000,626000,14235605,14235605,626000,626000,0,0,0,0,627,627,626,626,539,539,CONSISTENT
20430,626247,99000,99000,0,0,0,0,0,2219715,99,626148,99,628,628,1254,774,1,1000,282,628,628,628,627,627,41,1,99000,99,99,99,5,1254,5,1254,99000,99,99000,99,2219715,99,14253430,0,626000,626000,14235605,14235605,626000,626000,0,0,0,0,627,627,626,626,776,776,CONSISTENT
20440,626488,99000,99000,0,0,0,0,0,2219715,99,626389,99,628,628,1254,1015,2,1000,282,628,629,628,627,627,50,1,99000,99,99,99,5,1254,5,1254,99000,99,99000,99,2219715,99,14258973,0,627000,627000,14258605,14258605,626000,626000,0,0,0,0,628,628,626,626,1016,1016,CONSISTENT
20450,626707,99000,99000,0,0,0,0,0,2219715,99,626608,99,629,629,1255,1234,2,0,1023,629,629,629,627,627,8,1,99000,99,99,99,5,1255,5,1255,99000,99,99000,99,2219715,99,14263987,0,627000,627000,14258605,14258605,626000,626000,0,0,0,0,628,628,626,626,1236,1237,TORN-PERSISTENT
20460,626871,99000,99000,0,0,0,0,0,2219715,99,626772,99,629,629,1256,399,1,1000,386,629,629,629,628,628,20,1,99000,99,99,99,5,1256,5,1256,99000,99,99000,99,2219715,99,14267782,0,627000,627000,14258605,14258605,627000,627000,0,0,0,0,628,628,627,627,399,399,CONSISTENT
20470,627099,99000,99000,0,0,0,0,0,2219715,99,627000,99,629,629,1256,627,1,1000,386,629,629,629,628,628,28,1,99000,99,99,99,5,1256,5,1256,99000,99,99000,99,2219715,99,14273026,0,627000,627000,14258605,14258605,627000,627000,0,0,0,0,628,628,627,627,628,628,CONSISTENT
20480,627385,99000,99000,0,0,0,0,0,2219715,99,627286,99,629,629,1256,913,1,1000,386,629,629,629,628,628,38,1,99000,99,99,99,5,1256,5,1256,99000,99,99000,99,2219715,99,14279604,0,627000,627000,14258605,14258605,627000,627000,0,0,0,0,628,628,627,627,916,916,CONSISTENT
20490,627670,99000,99000,0,0,0,0,0,2219715,99,627571,99,630,630,1257,1198,2,0,1045,630,630,630,628,628,4,1,99000,99,99,99,5,1257,5,1257,99000,99,99000,99,2219715,99,14286159,0,628000,628000,14281605,14281605,627000,627000,0,0,0,0,629,629,627,627,1198,1198,CONSISTENT
20500,627906,99000,99000,0,0,0,0,0,2219715,99,627807,99,630,630,1258,435,1,1000,427,630,630,630,629,629,14,1,99000,99,99,99,5,1258,5,1258,99000,99,99000,99,2219715,99,14291610,0,628000,628000,14281605,14281605,628000,628000,0,0,0,0,629,629,628,628,435,435,CONSISTENT
20510,628185,99000,99000,0,0,0,0,0,2219715,99,628086,99,630,630,1258,714,1,1000,427,630,630,630,629,629,24,1,99000,99,99,99,5,1258,5,1258,99000,99,99000,99,2219715,99,14298050,0,628000,628000,14281605,14281605,628000,628000,0,0,0,0,629,629,628,628,716,716,CONSISTENT
20521,628499,99000,99000,0,0,0,0,0,2219715,99,628400,99,630,630,1258,1028,2,1000,427,630,631,630,629,629,34,1,99000,99,99,99,5,1258,5,1258,99000,99,99000,99,2219715,99,14305249,0,629000,629000,14304605,14304605,628000,628000,0,0,0,0,630,630,628,628,1031,1033,TORN-PERSISTENT
20530,628806,99000,99000,0,0,0,0,0,2219715,99,628707,99,631,631,1259,1335,2,0,1057,631,631,631,629,629,8,1,99000,99,99,99,5,1259,5,1259,99000,99,99000,99,2219715,99,14312310,0,629000,629000,14304605,14304605,628000,628000,0,0,0,0,630,630,628,628,1335,1335,CONSISTENT
20540,628998,99000,99000,0,0,0,0,0,2219715,99,628899,99,631,631,1260,528,1,1000,521,631,631,631,630,630,18,1,99000,99,99,99,5,1260,5,1260,99000,99,99000,99,2219715,99,14316749,0,629000,629000,14304605,14304605,629000,629000,0,0,0,0,630,630,629,629,528,528,CONSISTENT
20550,629246,99000,99000,0,0,0,0,0,2219715,99,629147,99,631,631,1260,776,1,1000,521,631,631,631,630,630,28,1,99000,99,99,99,5,1260,5,1260,99000,99,99000,99,2219715,99,14322476,0,629000,629000,14304605,14304605,629000,629000,0,0,0,0,630,630,629,629,777,777,CONSISTENT
20560,629474,99000,99000,0,0,0,0,0,2219715,99,629375,99,631,631,1260,1004,2,1000,521,631,632,631,630,630,38,1,99000,99,99,99,5,1260,5,1260,99000,99,99000,99,2219715,99,14327720,0,630000,630000,14327605,14327605,629000,629000,0,0,0,0,631,631,629,629,1005,1005,CONSISTENT
20570,629640,99000,99000,0,0,0,0,0,2219715,99,629541,99,632,632,1261,1170,2,0,1026,632,632,632,630,630,8,1,99000,99,99,99,5,1261,5,1261,99000,99,99000,99,2219715,99,14331515,0,630000,630000,14327605,14327605,629000,629000,0,0,0,0,631,631,629,629,1172,1172,CONSISTENT
20580,629800,99000,99000,0,0,0,0,0,2219715,99,629701,99,632,632,1262,331,1,1000,329,632,632,632,631,631,18,1,99000,99,99,99,5,1262,5,1262,99000,99,99000,99,2219715,99,14335218,0,630000,630000,14327605,14327605,630000,630000,0,0,0,0,631,631,630,630,331,331,CONSISTENT
20590,629908,99000,99000,0,0,0,0,0,2219715,99,629809,99,632,632,1262,439,1,1000,329,632,632,632,631,631,27,1,99000,99,99,99,5,1262,5,1262,99000,99,99000,99,2219715,99,14337702,0,630000,630000,14327605,14327605,630000,630000,0,0,0,0,631,631,630,630,439,439,CONSISTENT
20600,630147,99000,99000,0,0,0,0,0,2219715,99,630048,99,632,632,1262,678,1,1000,329,632,632,632,631,631,37,1,99000,99,99,99,5,1262,5,1262,99000,99,99000,99,2219715,99,14343199,0,630000,630000,14327605,14327605,630000,630000,0,0,0,0,631,631,630,630,681,681,CONSISTENT
20610,630427,99000,99000,0,0,0,0,0,2219715,99,630328,99,632,632,1262,958,1,1000,329,632,632,632,631,631,47,1,99000,99,99,99,5,1262,5,1262,99000,99,99000,99,2219715,99,14349639,0,630000,630000,14327605,14327605,630000,630000,0,0,0,0,631,631,630,630,961,961,CONSISTENT
20620,630712,99000,99000,0,0,0,0,0,2219715,99,630613,99,633,633,1263,1243,2,0,1031,633,633,633,631,631,6,1,99000,99,99,99,5,1263,5,1263,99000,99,99000,99,2219715,99,14356217,0,631000,631000,14350605,14350605,630000,630000,0,0,0,0,632,632,630,630,1244,1244,CONSISTENT
20630,630994,99000,99000,0,0,0,0,0,2219715,99,630895,99,633,633,1263,1525,2,0,1031,633,633,633,631,631,16,1,99000,99,99,99,5,1263,5,1263,99000,99,99000,99,2219715,99,14362703,0,631000,631000,14350605,14350605,630000,630000,0,0,0,0,632,632,630,630,1527,1528,TORN-PERSISTENT
20640,631094,99000,99000,0,0,0,0,0,2219715,99,630995,99,633,633,1264,626,1,1000,622,633,633,633,632,632,26,1,99000,99,99,99,5,1264,5,1264,99000,99,99000,99,2219715,99,14365003,0,631000,631000,14350605,14350605,631000,631000,0,0,0,0,632,632,631,631,626,626,CONSISTENT
20650,631383,99000,99000,0,0,0,0,0,2219715,99,631284,99,633,633,1264,915,1,1000,622,633,633,633,632,632,36,1,99000,99,99,99,5,1264,5,1264,99000,99,99000,99,2219715,99,14371673,0,631000,631000,14350605,14350605,631000,631000,0,0,0,0,632,632,631,631,916,916,CONSISTENT
20660,631679,99000,99000,0,0,0,0,0,2219715,99,631580,99,634,634,1265,1211,2,0,1032,634,634,634,632,632,6,1,99000,99,99,99,5,1265,5,1265,99000,99,99000,99,2219715,99,14378458,0,632000,632000,14373605,14373605,631000,631000,0,0,0,0,633,633,631,631,1212,1212,CONSISTENT
20670,631980,99000,99000,0,0,0,0,0,2219715,99,631881,99,634,634,1265,1512,2,0,1032,634,634,634,632,632,16,1,99000,99,99,99,5,1265,5,1265,99000,99,99000,99,2219715,99,14385381,0,632000,632000,14373605,14373605,631000,631000,0,0,0,0,633,633,631,631,1512,1512,CONSISTENT
20680,632205,99000,99000,0,0,0,0,0,2219715,99,632106,99,634,634,1266,738,1,1000,731,634,634,634,633,633,26,1,99000,99,99,99,5,1266,5,1266,99000,99,99000,99,2219715,99,14390579,0,632000,632000,14373605,14373605,632000,632000,0,0,0,0,633,633,632,632,738,738,CONSISTENT
20690,632410,99000,99000,0,0,0,0,0,2219715,99,632311,99,634,634,1266,943,1,1000,731,634,634,634,633,633,34,1,99000,99,99,99,5,1266,5,1266,99000,99,99000,99,2219715,99,14395317,0,632000,632000,14373605,14373605,632000,632000,0,0,0,0,633,633,632,632,948,948,CONSISTENT
20700,632679,99000,99000,0,0,0,0,0,2219715,99,632580,99,635,635,1267,1212,2,0,1062,635,635,635,633,633,6,1,99000,99,99,99,5,1267,5,1267,99000,99,99000,99,2219715,99,14401504,0,633000,633000,14396605,14396605,632000,632000,0,0,0,0,634,634,632,632,1215,1215,CONSISTENT
20710,632745,99000,99000,0,0,0,0,0,2219715,99,632646,99,635,635,1268,279,1,1000,234,635,635,635,634,634,15,1,99000,99,99,99,5,1268,5,1268,99000,99,99000,99,2219715,99,14403022,0,633000,633000,14396605,14396605,633000,633000,0,0,0,0,634,634,633,633,279,279,CONSISTENT
20720,633025,99000,99000,0,0,0,0,0,2219715,99,632926,99,635,635,1268,559,1,1000,234,635,635,635,634,634,26,1,99000,99,99,99,5,1268,5,1268,99000,99,99000,99,2219715,99,14409462,0,633000,633000,14396605,14396605,633000,633000,0,0,0,0,634,634,633,633,559,559,CONSISTENT
20730,633310,99000,99000,0,0,0,0,0,2219715,99,633211,99,635,635,1268,844,1,1000,234,635,635,635,634,634,36,1,99000,99,99,99,5,1268,5,1268,99000,99,99000,99,2219715,99,14416017,0,633000,633000,14396605,14396605,633000,633000,0,0,0,0,634,634,633,633,845,845,CONSISTENT
20740,633572,99000,99000,0,0,0,0,0,2219715,99,633473,99,636,636,1269,1106,2,0,1015,636,636,636,634,634,2,1,99000,99,99,99,5,1269,5,1269,99000,99,99000,99,2219715,99,14422043,0,634000,634000,14419605,14419605,633000,633000,0,0,0,0,635,635,633,633,1106,1106,CONSISTENT
20750,633828,99000,99000,0,0,0,0,0,2219715,99,633729,99,636,636,1269,1362,2,0,1015,636,636,636,634,634,12,1,99000,99,99,99,5,1269,5,1269,99000,99,99000,99,2219715,99,14427931,0,634000,634000,14419605,14419605,633000,633000,0,0,0,0,635,635,633,633,1364,1364,CONSISTENT
20760,634009,99000,99000,0,0,0,0,0,2219715,99,633910,99,636,636,1270,544,1,1000,538,636,636,636,635,635,22,1,99000,99,99,99,5,1270,5,1270,99000,99,99000,99,2219715,99,14432117,0,634000,634000,14419605,14419605,634000,634000,0,0,0,0,635,635,634,634,544,544,CONSISTENT
20770,634170,99000,99000,0,0,0,0,0,2219715,99,634071,99,636,636,1270,705,1,1000,538,636,636,636,635,635,32,1,99000,99,99,99,5,1270,5,1270,99000,99,99000,99,2219715,99,14435820,0,634000,634000,14419605,14419605,634000,634000,0,0,0,0,635,635,634,634,709,709,CONSISTENT
20780,634386,99000,99000,0,0,0,0,0,2219715,99,634287,99,636,636,1270,921,1,1000,538,636,636,636,635,635,42,1,99000,99,99,99,5,1270,5,1270,99000,99,99000,99,2219715,99,14440788,0,634000,634000,14419605,14419605,634000,634000,0,0,0,0,635,635,634,634,921,921,CONSISTENT
20790,634595,99000,99000,0,0,0,0,0,2219715,99,634496,99,637,637,1271,1130,2,0,1028,637,637,637,635,635,4,1,99000,99,99,99,5,1271,5,1271,99000,99,99000,99,2219715,99,14445595,0,635000,635000,14442605,14442605,634000,634000,0,0,0,0,636,636,634,634,1130,1130,CONSISTENT
20800,634822,99000,99000,0,0,0,0,0,2219715,99,634723,99,637,637,1271,1357,2,0,1028,637,637,637,635,635,14,1,99000,99,99,99,5,1271,5,1271,99000,99,99000,99,2219715,99,14450816,0,635000,635000,14442605,14442605,634000,634000,0,0,0,0,636,636,634,634,1358,1358,CONSISTENT
20810,634931,99000,99000,0,0,0,0,0,2219715,99,634832,99,637,637,1272,467,1,1000,372,637,637,637,636,636,24,1,99000,99,99,99,5,1272,5,1272,99000,99,99000,99,2219715,99,14453346,0,635000,635000,14442605,14442605,635000,635000,0,0,0,0,636,636,635,635,467,467,CONSISTENT
20820,635155,99000,99000,0,0,0,0,0,2219715,99,635056,99,637,637,1272,691,1,1000,372,637,637,637,636,636,34,1,99000,99,99,99,5,1272,5,1272,99000,99,99000,99,2219715,99,14458498,0,635000,635000,14442605,14442605,635000,635000,0,0,0,0,636,636,635,635,691,691,CONSISTENT
20830,635355,99000,99000,0,0,0,0,0,2219715,99,635256,99,637,637,1272,891,1,1000,372,637,637,637,636,636,44,1,99000,99,99,99,5,1272,5,1272,99000,99,99000,99,2219715,99,14463098,0,635000,635000,14442605,14442605,635000,635000,0,0,0,0,636,636,635,635,893,893,CONSISTENT
20840,635592,99000,99000,0,0,0,0,0,2219715,99,635493,99,638,638,1273,1128,2,0,1017,638,638,638,636,636,4,1,99000,99,99,99,5,1273,5,1273,99000,99,99000,99,2219715,99,14468572,0,636000,636000,14465605,14465605,635000,635000,0,0,0,0,637,637,635,635,1130,1130,CONSISTENT
20850,635824,99000,99000,0,0,0,0,0,2219715,99,635725,99,638,638,1273,1360,2,0,1017,638,638,638,636,636,14,1,99000,99,99,99,5,1273,5,1273,99000,99,99000,99,2219715,99,14473885,0,636000,636000,14465605,14465605,635000,635000,0,0,0,0,637,637,635,635,1360,1360,CONSISTENT
20860,635935,99000,99000,0,0,0,0,0,2219715,99,635836,99,638,638,1274,472,1,1000,450,638,638,638,637,637,24,1,99000,99,99,99,5,1274,5,1274,99000,99,99000,99,2219715,99,14476461,0,636000,636000,14465605,14465605,636000,636000,0,0,0,0,637,637,636,636,472,472,CONSISTENT
20870,636098,99000,99000,0,0,0,0,0,2219715,99,635999,99,638,638,1274,635,1,1000,450,638,638,638,637,637,33,1,99000,99,99,99,5,1274,5,1274,99000,99,99000,99,2219715,99,14480210,0,636000,636000,14465605,14465605,636000,636000,0,0,0,0,637,637,636,636,637,637,CONSISTENT
20880,636286,99000,99000,0,0,0,0,0,2219715,99,636187,99,638,638,1274,823,1,1000,450,638,638,638,637,637,43,1,99000,99,99,99,5,1274,5,1274,99000,99,99000,99,2219715,99,14484534,0,636000,636000,14465605,14465605,636000,636000,0,0,0,0,637,637,636,636,823,823,CONSISTENT
20890,636503,99000,99000,0,0,0,0,0,2219715,99,636404,99,639,639,1275,1040,2,0,1006,639,639,639,637,637,0,1,99000,99,99,99,5,1275,5,1275,99000,99,99000,99,2219715,99,14489525,0,637000,637000,14488605,14488605,636000,636000,0,0,0,0,638,638,636,636,1041,1041,CONSISTENT
20900,636696,99000,99000,0,0,0,0,0,2219715,99,636597,99,639,639,1275,1233,2,0,1006,639,639,639,637,637,10,1,99000,99,99,99,5,1275,5,1275,99000,99,99000,99,2219715,99,14493964,0,637000,637000,14488605,14488605,636000,636000,0,0,0,0,638,638,636,636,1233,1233,CONSISTENT
20910,636860,99000,99000,0,0,0,0,0,2219715,99,636761,99,639,639,1276,398,1,1000,394,639,639,639,638,638,22,1,99000,99,99,99,5,1276,5,1276,99000,99,99000,99,2219715,99,14497759,0,637000,637000,14488605,14488605,637000,637000,0,0,0,0,638,638,637,637,398,398,CONSISTENT
20920,637000,99000,99000,0,0,0,0,0,2219715,99,636901,99,639,639,1276,538,1,1000,394,639,639,639,638,638,30,1,99000,99,99,99,5,1276,5,1276,99000,99,99000,99,2219715,99,14500979,0,637000,637000,14488605,14488605,637000,637000,0,0,0,0,638,638,637,637,538,538,CONSISTENT
20930,637192,99000,99000,0,0,0,0,0,2219715,99,637093,99,639,639,1276,730,1,1000,394,639,639,639,638,638,41,1,99000,99,99,99,5,1276,5,1276,99000,99,99000,99,2219715,99,14505395,0,637000,637000,14488605,14488605,637000,637000,0,0,0,0,638,638,637,637,731,731,CONSISTENT
20940,637386,99000,99000,0,0,0,0,0,2219715,99,637287,99,639,639,1276,924,1,1000,394,639,639,639,638,638,51,1,99000,99,99,99,5,1276,5,1276,99000,99,99000,99,2219715,99,14509857,0,637000,637000,14488605,14488605,637000,637000,0,0,0,0,638,638,637,637,924,924,CONSISTENT
20950,637576,99000,99000,0,0,0,0,0,2219715,99,637477,99,640,640,1277,1114,2,0,1027,640,640,640,638,638,4,1,99000,99,99,99,5,1277,5,1277,99000,99,99000,99,2219715,99,14514227,0,638000,638000,14511605,14511605,637000,637000,0,0,0,0,639,639,637,637,1114,1114,CONSISTENT
20960,637747,99000,99000,0,0,0,0,0,2219715,99,637648,99,640,640,1277,1285,2,0,1027,640,640,640,638,638,14,1,99000,99,99,99,5,1277,5,1277,99000,99,99000,99,2219715,99,14518160,0,638000,638000,14511605,14511605,637000,637000,0,0,0,0,639,639,637,637,1285,1285,CONSISTENT
20970,637854,99000,99000,0,0,0,0,0,2219715,99,637755,99,640,640,1278,393,1,1000,301,640,640,640,639,639,24,1,99000,99,99,99,5,1278,5,1278,99000,99,99000,99,2219715,99,14520667,0,638000,638000,14511605,14511605,638000,638000,0,0,0,0,639,639,638,638,396,396,CONSISTENT
20980,638049,99000,99000,0,0,0,0,0,2219715,99,637950,99,640,640,1278,588,1,1000,301,640,640,640,639,639,34,1,99000,99,99,99,5,1278,5,1278,99000,99,99000,99,2219715,99,14525152,0,638000,638000,14511605,14511605,638000,638000,0,0,0,0,639,639,638,638,590,590,CONSISTENT
20990,638281,99000,99000,0,0,0,0,0,2219715,99,638182,99,640,640,1278,820,1,1000,301,640,640,640,639,639,44,1,99000,99,99,99,5,1278,5,1278,99000,99,99000,99,2219715,99,14530465,0,638000,638000,14511605,14511605,638000,638000,0,0,0,0,639,639,638,638,820,820,CONSISTENT
21000,638517,99000,99000,0,0,0,0,0,2219715,99,638418,99,641,641,1279,1056,2,0,1014,641,641,641,639,639,0,1,99000,99,99,99,5,1279,5,1279,99000,99,99000,99,2219715,99,14535893,0,639000,639000,14534605,14534605,638000,638000,0,0,0,0,640,640,638,638,1056,1056,CONSISTENT
21010,638652,99000,99000,0,0,0,0,0,2219715,99,638553,99,641,641,1279,1191,2,0,1014,641,641,641,639,639,10,1,99000,99,99,99,5,1279,5,1279,99000,99,99000,99,2219715,99,14539021,0,639000,639000,14534605,14534605,638000,638000,0,0,0,0,640,640,638,638,1194,1194,CONSISTENT
21020,638777,99000,99000,0,0,0,0,0,2219715,99,638678,99,641,641,1280,317,1,1000,265,641,641,641,640,640,20,1,99000,99,99,99,5,1280,5,1280,99000,99,99000,99,2219715,99,14541896,0,639000,639000,14534605,14534605,639000,639000,0,0,0,0,640,640,639,639,317,317,CONSISTENT
21030,639016,99000,99000,0,0,0,0,0,2219715,99,638917,99,641,641,1280,556,1,1000,265,641,641,641,640,640,30,1,99000,99,99,99,5,1280,5,1280,99000,99,99000,99,2219715,99,14547393,0,639000,639000,14534605,14534605,639000,639000,0,0,0,0,640,640,639,639,557,557,CONSISTENT
21040,639233,99000,99000,0,0,0,0,0,2219715,99,639134,99,641,641,1280,773,1,1000,265,641,641,641,640,640,40,1,99000,99,99,99,5,1280,5,1280,99000,99,99000,99,2219715,99,14552384,0,639000,639000,14534605,14534605,639000,639000,0,0,0,0,640,640,639,639,775,775,CONSISTENT
21050,639462,99000,99000,0,0,0,0,0,2219715,99,639363,99,641,641,1280,1002,2,1000,265,641,642,641,640,640,50,1,99000,99,99,99,5,1280,5,1280,99000,99,99000,99,2219715,99,14557651,0,640000,640000,14557605,14557605,639000,639000,0,0,0,0,641,641,639,639,1002,1002,CONSISTENT
21060,639676,99000,99000,0,0,0,0,0,2219715,99,639577,99,642,642,1281,1216,2,0,1019,642,642,642,640,640,8,1,99000,99,99,99,5,1281,5,1281,99000,99,99000,99,2219715,99,14562573,0,640000,640000,14557605,14557605,639000,639000,0,0,0,0,641,641,639,639,1216,1216,CONSISTENT
21070,639853,99000,99000,0,0,0,0,0,2219715,99,639754,99,642,642,1282,394,1,1000,378,642,642,642,641,641,16,1,99000,99,99,99,5,1282,5,1282,99000,99,99000,99,2219715,99,14566667,0,640000,640000,14557605,14557605,640000,640000,0,0,0,0,641,641,640,640,394,394,CONSISTENT
21080,640022,99000,99000,0,0,0,0,0,2219715,99,639923,99,642,642,1282,563,1,1000,378,642,642,642,641,641,26,1,99000,99,99,99,5,1282,5,1282,99000,99,99000,99,2219715,99,14570554,0,640000,640000,14557605,14557605,640000,640000,0,0,0,0,641,641,640,640,563,563,CONSISTENT
21090,640244,99000,99000,0,0,0,0,0,2219715,99,640145,99,642,642,1282,785,1,1000,378,642,642,642,641,641,36,1,99000,99,99,99,5,1282,5,1282,99000,99,99000,99,2219715,99,14575660,0,640000,640000,14557605,14557605,640000,640000,0,0,0,0,641,641,640,640,786,787,TORN-PERSISTENT
21100,640443,99000,99000,0,0,0,0,0,2219715,99,640344,99,642,642,1282,984,1,1000,378,642,642,642,641,641,46,1,99000,99,99,99,5,1282,5,1282,99000,99,99000,99,2219715,99,14580237,0,640000,640000,14557605,14557605,640000,640000,0,0,0,0,641,641,640,640,985,985,CONSISTENT
21110,640655,99000,99000,0,0,0,0,0,2219715,99,640556,99,643,643,1283,1196,2,0,1003,643,643,643,641,641,8,1,99000,99,99,99,5,1283,5,1283,99000,99,99000,99,2219715,99,14585113,0,641000,641000,14580605,14580605,640000,640000,0,0,0,0,642,642,640,640,1196,1196,CONSISTENT
21120,640870,99000,99000,0,0,0,0,0,2219715,99,640771,99,643,643,1283,1411,2,0,1003,643,643,643,641,641,18,1,99000,99,99,99,5,1283,5,1283,99000,99,99000,99,2219715,99,14590058,0,641000,641000,14580605,14580605,640000,640000,0,0,0,0,642,642,640,640,1411,1411,CONSISTENT
21130,640972,99000,99000,0,0,0,0,0,2219715,99,640873,99,643,643,1284,514,1,1000,449,643,643,643,642,642,28,1,99000,99,99,99,5,1284,5,1284,99000,99,99000,99,2219715,99,14592427,0,641000,641000,14580605,14580605,641000,641000,0,0,0,0,642,642,641,641,515,515,CONSISTENT
21140,641184,99000,99000,0,0,0,0,0,2219715,99,641085,99,643,643,1284,726,1,1000,449,643,643,643,642,642,39,1,99000,99,99,99,5,1284,5,1284,99000,99,99000,99,2219715,99,14597303,0,641000,641000,14580605,14580605,641000,641000,0,0,0,0,642,642,641,641,726,726,CONSISTENT
21150,641375,99000,99000,0,0,0,0,0,2219715,99,641276,99,643,643,1284,917,1,1000,449,643,643,643,642,642,49,1,99000,99,99,99,5,1284,5,1284,99000,99,99000,99,2219715,99,14601696,0,641000,641000,14580605,14580605,641000,641000,0,0,0,0,642,642,641,641,917,917,CONSISTENT
21160,641575,99000,99000,0,0,0,0,0,2219715,99,641476,99,644,644,1285,1117,2,0,1032,644,644,644,642,642,4,1,99000,99,99,99,5,1285,5,1285,99000,99,99000,99,2219715,99,14606296,0,642000,642000,14603605,14603605,641000,641000,0,0,0,0,643,643,641,641,1118,1119,TORN-PERSISTENT
21170,641783,99000,99000,0,0,0,0,0,2219715,99,641684,99,644,644,1285,1325,2,0,1032,644,644,644,642,642,14,1,99000,99,99,99,5,1285,5,1285,99000,99,99000,99,2219715,99,14611080,0,642000,642000,14603605,14603605,641000,641000,0,0,0,0,643,643,641,641,1326,1326,CONSISTENT
21180,641889,99000,99000,0,0,0,0,0,2219715,99,641790,99,644,644,1286,432,1,1000,398,644,644,644,643,643,24,1,99000,99,99,99,5,1286,5,1286,99000,99,99000,99,2219715,99,14613541,0,642000,642000,14603605,14603605,642000,642000,0,0,0,0,643,643,642,642,432,432,CONSISTENT
21190,642091,99000,99000,0,0,0,0,0,2219715,99,641992,99,644,644,1286,634,1,1000,398,644,644,644,643,643,34,1,99000,99,99,99,5,1286,5,1286,99000,99,99000,99,2219715,99,14618187,0,642000,642000,14603605,14603605,642000,642000,0,0,0,0,643,643,642,642,637,637,CONSISTENT
21200,642287,99000,99000,0,0,0,0,0,2219715,99,642188,99,644,644,1286,830,1,1000,398,644,644,644,643,643,44,1,99000,99,99,99,5,1286,5,1286,99000,99,99000,99,2219715,99,14622695,0,642000,642000,14603605,14603605,642000,642000,0,0,0,0,643,643,642,642,831,832,TORN-PERSISTENT
21210,642572,99000,99000,0,0,0,0,0,2219715,99,642473,99,645,645,1287,1115,2,0,1003,645,645,645,643,643,2,1,99000,99,99,99,5,1287,5,1287,99000,99,99000,99,2219715,99,14629250,0,643000,643000,14626605,14626605,642000,642000,0,0,0,0,644,644,642,642,1119,1120,TORN-PERSISTENT
21220,642854,99000,99000,0,0,0,0,0,2219715,99,642755,99,645,645,1287,1397,2,0,1003,645,645,645,643,643,14,1,99000,99,99,99,5,1287,5,1287,99000,99,99000,99,2219715,99,14635736,0,643000,643000,14626605,14626605,642000,642000,0,0,0,0,644,644,642,642,1400,1400,CONSISTENT
21230,643025,99000,99000,0,0,0,0,0,2219715,99,642926,99,645,645,1288,569,1,1000,566,645,645,645,644,644,22,1,99000,99,99,99,5,1288,5,1288,99000,99,99000,99,2219715,99,14639692,0,643000,643000,14626605,14626605,643000,643000,0,0,0,0,644,644,643,643,569,569,CONSISTENT
21240,643237,99000,99000,0,0,0,0,0,2219715,99,643138,99,645,645,1288,781,1,1000,566,645,645,645,644,644,32,1,99000,99,99,99,5,1288,5,1288,99000,99,99000,99,2219715,99,14644568,0,643000,643000,14626605,14626605,643000,643000,0,0,0,0,644,644,643,643,782,782,CONSISTENT
21250,643506,99000,99000,0,0,0,0,0,2219715,99,643407,99,645,645,1288,1050,2,1000,566,645,646,645,644,644,42,1,99000,99,99,99,5,1288,5,1288,99000,99,99000,99,2219715,99,14650755,0,644000,644000,14649605,14649605,643000,643000,0,0,0,0,645,645,643,643,1052,1052,CONSISTENT
21260,643795,99000,99000,0,0,0,0,0,2219715,99,643696,99,646,646,1289,1339,2,0,1060,646,646,646,644,644,8,1,99000,99,99,99,5,1289,5,1289,99000,99,99000,99,2219715,99,14657425,0,644000,644000,14649605,14649605,643000,643000,0,0,0,0,645,645,643,643,1340,1340,CONSISTENT
21270,644010,99000,99000,0,0,0,0,0,2219715,99,643911,99,646,646,1290,555,1,1000,551,646,646,646,645,645,18,1,99000,99,99,99,5,1290,5,1290,99000,99,99000,99,2219715,99,14662370,0,644000,644000,14649605,14649605,644000,644000,0,0,0,0,645,645,644,644,555,555,CONSISTENT
21280,644205,99000,99000,0,0,0,0,0,2219715,99,644106,99,646,646,1290,750,1,1000,551,646,646,646,645,645,29,1,99000,99,99,99,5,1290,5,1290,99000,99,99000,99,2219715,99,14666855,0,644000,644000,14649605,14649605,644000,644000,0,0,0,0,645,645,644,644,750,750,CONSISTENT
21290,644493,99000,99000,0,0,0,0,0,2219715,99,644394,99,647,647,1291,1038,2,0,1026,647,647,647,645,645,0,1,99000,99,99,99,5,1291,5,1291,99000,99,99000,99,2219715,99,14673479,0,645000,645000,14672605,14672605,644000,644000,0,0,0,0,646,646,644,644,1038,1038,CONSISTENT
21300,644786,99000,99000,0,0,0,0,0,2219715,99,644687,99,647,647,1291,1331,2,0,1026,647,647,647,645,645,10,1,99000,99,99,99,5,1291,5,1291,99000,99,99000,99,2219715,99,14680218,0,645000,645000,14672605,14672605,644000,644000,0,0,0,0,646,646,644,644,1331,1331,CONSISTENT
21310,644872,99000,99000,0,0,0,0,0,2219715,99,644773,99,647,647,1292,418,1,1000,411,647,647,647,646,646,19,1,99000,99,99,99,5,1292,5,1292,99000,99,99000,99,2219715,99,14682219,0,645000,645000,14672605,14672605,645000,645000,0,0,0,0,646,646,645,645,418,418,CONSISTENT
21320,645138,99000,99000,0,0,0,0,0,2219715,99,645039,99,647,647,1292,684,1,1000,411,647,647,647,646,646,29,1,99000,99,99,99,5,1292,5,1292,99000,99,99000,99,2219715,99,14688337,0,645000,645000,14672605,14672605,645000,645000,0,0,0,0,646,646,645,645,685,685,CONSISTENT
21330,645414,99000,99000,0,0,0,0,0,2219715,99,645315,99,647,647,1292,960,1,1000,411,647,647,647,646,646,39,1,99000,99,99,99,5,1292,5,1292,99000,99,99000,99,2219715,99,14694708,0,645000,645000,14672605,14672605,645000,645000,0,0,0,0,646,646,645,645,964,964,CONSISTENT
21340,645708,99000,99000,0,0,0,0,0,2219715,99,645609,99,648,648,1293,1254,2,0,1010,648,648,648,646,646,8,1,99000,99,99,99,5,1293,5,1293,99000,99,99000,99,2219715,99,14701447,0,646000,646000,14695605,14695605,645000,645000,0,0,0,0,647,647,645,645,1254,1254,CONSISTENT
21350,645974,99000,99000,0,0,0,0,0,2219715,99,645875,99,648,648,1294,521,1,1000,516,648,648,648,647,647,17,1,99000,99,99,99,5,1294,5,1294,99000,99,99000,99,2219715,99,14707588,0,646000,646000,14695605,14695605,646000,646000,0,0,0,0,647,647,646,646,521,521,CONSISTENT
21360,646150,99000,99000,0,0,0,0,0,2219715,99,646051,99,648,648,1294,697,1,1000,516,648,648,648,647,647,26,1,99000,99,99,99,5,1294,5,1294,99000,99,99000,99,2219715,99,14711659,0,646000,646000,14695605,14695605,646000,646000,0,0,0,0,647,647,646,646,699,699,CONSISTENT
21370,646442,99000,99000,0,0,0,0,0,2219715,99,646343,99,648,648,1294,989,1,1000,516,648,648,648,647,647,38,1,99000,99,99,99,5,1294,5,1294,99000,99,99000,99,2219715,99,14718352,0,646000,646000,14695605,14695605,646000,646000,0,0,0,0,647,647,646,646,992,993,TORN-PERSISTENT
21380,646703,99000,99000,0,0,0,0,0,2219715,99,646604,99,649,649,1295,1250,2,0,1046,649,649,649,647,647,6,1,99000,99,99,99,5,1295,5,1295,99000,99,99000,99,2219715,99,14724355,0,647000,647000,14718605,14718605,646000,646000,0,0,0,0,648,648,646,646,1251,1251,CONSISTENT
21390,646991,99000,99000,0,0,0,0,0,2219715,99,646892,99,649,649,1295,1538,2,0,1046,649,649,649,647,647,16,1,99000,99,99,99,5,1295,5,1295,99000,99,99000,99,2219715,99,14731002,0,647000,647000,14718605,14718605,646000,646000,0,0,0,0,648,648,646,646,1539,1539,CONSISTENT
21400,647131,99000,99000,0,0,0,0,0,2219715,99,647032,99,649,649,1296,679,1,1000,611,649,649,649,648,648,26,1,99000,99,99,99,5,1296,5,1296,99000,99,99000,99,2219715,99,14734222,0,647000,647000,14718605,14718605,647000,647000,0,0,0,0,648,648,647,647,679,679,CONSISTENT
21410,647372,99000,99000,0,0,0,0,0,2219715,99,647273,99,649,649,1296,920,1,1000,611,649,649,649,648,648,36,1,99000,99,99,99,5,1296,5,1296,99000,99,99000,99,2219715,99,14739788,0,647000,647000,14718605,14718605,647000,647000,0,0,0,0,648,648,647,647,923,923,CONSISTENT
21420,647595,99000,99000,0,0,0,0,0,2219715,99,647496,99,650,650,1297,1143,2,0,1035,650,650,650,648,648,4,1,99000,99,99,99,5,1297,5,1297,99000,99,99000,99,2219715,99,14744894,0,648000,648000,14741605,14741605,647000,647000,0,0,0,0,649,649,647,647,1145,1145,CONSISTENT
21430,647832,99000,99000,0,0,0,0,0,2219715,99,647733,99,650,650,1297,1380,2,0,1035,650,650,650,648,648,14,1,99000,99,99,99,5,1297,5,1297,99000,99,99000,99,2219715,99,14750345,0,648000,648000,14741605,14741605,647000,647000,0,0,0,0,649,649,647,647,1380,1380,CONSISTENT
21440,647944,99000,99000,0,0,0,0,0,2219715,99,647845,99,650,650,1298,493,1,1000,468,650,650,650,649,649,24,1,99000,99,99,99,5,1298,5,1298,99000,99,99000,99,2219715,99,14752944,0,648000,648000,14741605,14741605,648000,648000,0,0,0,0,649,649,648,648,494,496,TORN-PERSISTENT
21450,648228,99000,99000,0,0,0,0,0,2219715,99,648129,99,650,650,1298,777,1,1000,468,650,650,650,649,649,34,1,99000,99,99,99,5,1298,5,1298,99000,99,99000,99,2219715,99,14759476,0,648000,648000,14741605,14741605,648000,648000,0,0,0,0,649,649,648,648,779,779,CONSISTENT
21460,648454,99000,99000,0,0,0,0,0,2219715,99,648355,99,651,651,1299,1003,2,0,1001,651,651,651,649,649,0,1,99000,99,99,99,5,1299,5,1299,99000,99,99000,99,2219715,99,14764674,0,649000,649000,14764605,14764605,648000,648000,0,0,0,0,650,650,648,648,1007,1007,CONSISTENT
21470,648751,99000,99000,0,0,0,0,0,2219715,99,648652,99,651,651,1299,1300,2,0,1001,651,651,651,649,649,10,1,99000,99,99,99,5,1299,5,1299,99000,99,99000,99,2219715,99,14771505,0,649000,649000,14764605,14764605,648000,648000,0,0,0,0,650,650,648,648,1301,1301,CONSISTENT
21480,648909,99000,99000,0,0,0,0,0,2219715,99,648810,99,651,651,1300,459,1,1000,405,651,651,651,650,650,20,1,99000,99,99,99,5,1300,5,1300,99000,99,99000,99,2219715,99,14775185,0,649000,649000,14764605,14764605,649000,649000,0,0,0,0,650,650,649,649,460,460,CONSISTENT
21490,649203,99000,99000,0,0,0,0,0,2219715,99,649104,99,651,651,1300,753,1,1000,405,651,651,651,650,650,29,1,99000,99,99,99,5,1300,5,1300,99000,99,99000,99,2219715,99,14781947,0,649000,649000,14764605,14764605,649000,649000,0,0,0,0,650,650,649,649,754,754,CONSISTENT
21500,649501,99000,99000,0,0,0,0,0,2219715,99,649402,99,651,651,1300,1051,2,1000,405,651,652,651,650,650,39,1,99000,99,99,99,5,1300,5,1300,99000,99,99000,99,2219715,99,14788778,0,650000,650000,14787605,14787605,649000,649000,0,0,0,0,651,651,649,649,1051,1051,CONSISTENT
21510,649761,99000,99000,0,0,0,0,0,2219715,99,649662,99,652,652,1301,1311,2,0,1055,652,652,652,650,650,8,1,99000,99,99,99,5,1301,5,1301,99000,99,99000,99,2219715,99,14794758,0,650000,650000,14787605,14787605,649000,649000,0,0,0,0,651,651,649,649,1315,1315,CONSISTENT
21520,649911,99000,99000,0,0,0,0,0,2219715,99,649812,99,652,652,1302,462,1,1000,353,652,652,652,651,651,18,1,99000,99,99,99,5,1302,5,1302,99000,99,99000,99,2219715,99,14798231,0,650000,650000,14787605,14787605,650000,650000,0,0,0,0,651,651,650,650,465,465,CONSISTENT
21530,650181,99000,99000,0,0,0,0,0,2219715,99,650082,99,652,652,1302,732,1,1000,353,652,652,652,651,651,28,1,99000,99,99,99,5,1302,5,1302,99000,99,99000,99,2219715,99,14804441,0,650000,650000,14787605,14787605,650000,650000,0,0,0,0,651,651,650,650,732,732,CONSISTENT
21540,650472,99000,99000,0,0,0,0,0,2219715,99,650373,99,652,652,1302,1023,2,1000,353,652,653,652,651,651,38,1,99000,99,99,99,5,1302,5,1302,99000,99,99000,99,2219715,99,14811157,0,651000,651000,14810605,14810605,650000,650000,0,0,0,0,652,652,650,650,1024,1024,CONSISTENT
21550,650746,99000,99000,0,0,0,0,0,2219715,99,650647,99,653,653,1303,1297,2,0,1032,653,653,653,651,651,8,1,99000,99,99,99,5,1303,5,1303,99000,99,99000,99,2219715,99,14817436,0,651000,651000,14810605,14810605,650000,650000,0,0,0,0,652,652,650,650,1297,1297,CONSISTENT
21560,650855,99000,99000,0,0,0,0,0,2219715,99,650756,99,653,653,1304,407,1,1000,320,653,653,653,652,652,18,1,99000,99,99,99,5,1304,5,1304,99000,99,99000,99,2219715,99,14819966,0,651000,651000,14810605,14810605,651000,651000,0,0,0,0,652,652,651,651,408,408,CONSISTENT
21570,651137,99000,99000,0,0,0,0,0,2219715,99,651038,99,653,653,1304,689,1,1000,320,653,653,653,652,652,28,1,99000,99,99,99,5,1304,5,1304,99000,99,99000,99,2219715,99,14826475,0,651000,651000,14810605,14810605,651000,651000,0,0,0,0,652,652,651,651,691,691,CONSISTENT
21580,651417,99000,99000,0,0,0,0,0,2219715,99,651318,99,653,653,1304,969,1,1000,320,653,653,653,652,652,38,1,99000,99,99,99,5,1304,5,1304,99000,99,99000,99,2219715,99,14832892,0,651000,651000,14810605,14810605,651000,651000,0,0,0,0,652,652,651,651,969,969,CONSISTENT
21590,651689,99000,99000,0,0,0,0,0,2219715,99,651590,99,654,654,1305,1241,2,0,1008,654,654,654,652,652,8,1,99000,99,99,99,5,1305,5,1305,99000,99,99000,99,2219715,99,14839171,0,652000,652000,14833605,14833605,651000,651000,0,0,0,0,653,653,651,651,1244,1245,TORN-PERSISTENT
21600,651837,99000,99000,0,0,0,0,0,2219715,99,651738,99,654,654,1306,390,1,1000,252,654,654,654,653,653,18,1,99000,99,99,99,5,1306,5,1306,99000,99,99000,99,2219715,99,14842575,0,652000,652000,14833605,14833605,652000,652000,0,0,0,0,653,653,652,652,390,390,CONSISTENT
21610,652008,99000,99000,0,0,0,0,0,2219715,99,651909,99,654,654,1306,561,1,1000,252,654,654,654,653,653,27,1,99000,99,99,99,5,1306,5,1306,99000,99,99000,99,2219715,99,14846508,0,652000,652000,14833605,14833605,652000,652000,0,0,0,0,653,653,652,652,561,561,CONSISTENT
21620,652292,99000,99000,0,0,0,0,0,2219715,99,652193,99,654,654,1306,845,1,1000,252,654,654,654,653,653,37,1,99000,99,99,99,5,1306,5,1306,99000,99,99000,99,2219715,99,14853040,0,652000,652000,14833605,14833605,652000,652000,0,0,0,0,653,653,652,652,845,845,CONSISTENT
21630,652564,99000,99000,0,0,0,0,0,2219715,99,652465,99,655,655,1307,1117,2,0,1013,655,655,655,653,653,2,1,99000,99,99,99,5,1307,5,1307,99000,99,99000,99,2219715,99,14859319,0,653000,653000,14856605,14856605,652000,652000,0,0,0,0,654,654,652,652,1120,1120,CONSISTENT
21640,652846,99000,99000,0,0,0,0,0,2219715,99,652747,99,655,655,1307,1399,2,0,1013,655,655,655,653,653,14,1,99000,99,99,99,5,1307,5,1307,99000,99,99000,99,2219715,99,14865782,0,653000,653000,14856605,14856605,652000,652000,0,0,0,0,654,654,652,652,1400,1400,CONSISTENT
21650,652965,99000,99000,0,0,0,0,0,2219715,99,652866,99,655,655,1308,519,1,1000,471,655,655,655,654,654,22,1,99000,99,99,99,5,1308,5,1308,99000,99,99000,99,2219715,99,14868565,0,653000,653000,14856605,14856605,653000,653000,0,0,0,0,654,654,653,653,520,520,CONSISTENT
21660,653197,99000,99000,0,0,0,0,0,2219715,99,653098,99,655,655,1308,751,1,1000,471,655,655,655,654,654,32,1,99000,99,99,99,5,1308,5,1308,99000,99,99000,99,2219715,99,14873878,0,653000,653000,14856605,14856605,653000,653000,0,0,0,0,654,654,653,653,751,751,CONSISTENT
21670,653424,99000,99000,0,0,0,0,0,2219715,99,653325,99,655,655,1308,978,1,1000,471,655,655,655,654,654,42,1,99000,99,99,99,5,1308,5,1308,99000,99,99000,99,2219715,99,14879099,0,653000,653000,14856605,14856605,653000,653000,0,0,0,0,654,654,653,653,978,978,CONSISTENT
21680,653659,99000,99000,0,0,0,0,0,2219715,99,653560,99,656,656,1309,1213,2,0,1050,656,656,656,654,654,6,1,99000,99,99,99,5,1309,5,1309,99000,99,99000,99,2219715,99,14884504,0,654000,654000,14879605,14879605,653000,653000,0,0,0,0,655,655,653,653,1213,1213,CONSISTENT
21690,653789,99000,99000,0,0,0,0,0,2219715,99,653690,99,656,656,1310,344,1,1000,288,656,656,656,655,655,16,1,99000,99,99,99,5,1310,5,1310,99000,99,99000,99,2219715,99,14887540,0,654000,654000,14879605,14879605,654000,654000,0,0,0,0,655,655,654,654,345,345,CONSISTENT
21700,654038,99000,99000,0,0,0,0,0,2219715,99,653939,99,656,656,1310,593,1,1000,288,656,656,656,655,655,27,1,99000,99,99,99,5,1310,5,1310,99000,99,99000,99,2219715,99,14893267,0,654000,654000,14879605,14879605,654000,654000,0,0,0,0,655,655,654,654,595,595,CONSISTENT
21711,654327,99000,99000,0,0,0,0,0,2219715,99,654228,99,656,656,1310,882,1,1000,288,656,656,656,655,655,37,1,99000,99,99,99,5,1310,5,1310,99000,99,99000,99,2219715,99,14899891,0,654000,654000,14879605,14879605,654000,654000,0,0,0,0,655,655,654,654,883,883,CONSISTENT
21720,654571,99000,99000,0,0,0,0,0,2219715,99,654472,99,657,657,1311,1126,2,0,1014,657,657,657,655,655,4,1,99000,99,99,99,5,1311,5,1311,99000,99,99000,99,2219715,99,14905503,0,655000,655000,14902605,14902605,654000,654000,0,0,0,0,656,656,654,654,1126,1126,CONSISTENT
21730,654851,99000,99000,0,0,0,0,0,2219715,99,654752,99,657,657,1311,1406,2,0,1014,657,657,657,655,655,14,1,99000,99,99,99,5,1311,5,1311,99000,99,99000,99,2219715,99,14911943,0,655000,655000,14902605,14902605,654000,654000,0,0,0,0,656,656,654,654,1406,1406,CONSISTENT
21740,655028,99000,99000,0,0,0,0,0,2219715,99,654929,99,657,657,1312,584,1,1000,580,657,657,657,656,656,24,1,99000,99,99,99,5,1312,5,1312,99000,99,99000,99,2219715,99,14916037,0,655000,655000,14902605,14902605,655000,655000,0,0,0,0,656,656,655,655,584,584,CONSISTENT
21750,655275,99000,99000,0,0,0,0,0,2219715,99,655176,99,657,657,1312,831,1,1000,580,657,657,657,656,656,34,1,99000,99,99,99,5,1312,5,1312,99000,99,99000,99,2219715,99,14921718,0,655000,655000,14902605,14902605,655000,655000,0,0,0,0,656,656,655,655,831,831,CONSISTENT
21760,655522,99000,99000,0,0,0,0,0,2219715,99,655423,99,658,658,1313,1078,2,0,1026,658,658,658,656,656,0,1,99000,99,99,99,5,1313,5,1313,99000,99,99000,99,2219715,99,14927399,0,656000,656000,14925605,14925605,655000,655000,0,0,0,0,657,657,655,655,1078,1078,CONSISTENT
21770,655805,99000,99000,0,0,0,0,0,2219715,99,655706,99,658,658,1313,1361,2,0,1026,658,658,658,656,656,10,1,99000,99,99,99,5,1313,5,1313,99000,99,99000,99,2219715,99,14933931,0,656000,656000,14925605,14925605,655000,655000,0,0,0,0,657,657,655,655,1364,1364,CONSISTENT
21780,655972,99000,99000,0,0,0,0,0,2219715,99,655873,99,658,658,1314,529,1,1000,511,658,658,658,657,657,20,1,99000,99,99,99,5,1314,5,1314,99000,99,99000,99,2219715,99,14937772,0,656000,656000,14925605,14925605,656000,656000,0,0,0,0,657,657,656,656,529,529,CONSISTENT
21790,656249,99000,99000,0,0,0,0,0,2219715,99,656150,99,658,658,1314,806,1,1000,511,658,658,658,657,657,30,1,99000,99,99,99,5,1314,5,1314,99000,99,99000,99,2219715,99,14944143,0,656000,656000,14925605,14925605,656000,656000,0,0,0,0,657,657,656,656,806,806,CONSISTENT
21800,656531,99000,99000,0,0,0,0,0,2219715,99,656432,99,659,659,1315,1088,2,0,1039,659,659,659,657,657,0,1,99000,99,99,99,5,1315,5,1315,99000,99,99000,99,2219715,99,14950629,0,657000,657000,14948605,14948605,656000,656000,0,0,0,0,658,658,656,656,1088,1088,CONSISTENT
21810,656816,99000,99000,0,0,0,0,0,2219715,99,656717,99,659,659,1315,1373,2,0,1039,659,659,659,657,657,10,1,99000,99,99,99,5,1315,5,1315,99000,99,99000,99,2219715,99,14957184,0,657000,657000,14948605,14948605,656000,656000,0,0,0,0,658,658,656,656,1373,1373,CONSISTENT
21820,657045,99000,99000,0,0,0,0,0,2219715,99,656946,99,659,659,1316,603,1,1000,593,659,659,659,658,658,20,1,99000,99,99,99,5,1316,5,1316,99000,99,99000,99,2219715,99,14962474,0,657000,657000,14948605,14948605,657000,657000,0,0,0,0,658,658,657,657,603,603,CONSISTENT
21830,657210,99000,99000,0,0,0,0,0,2219715,99,657111,99,659,659,1316,768,1,1000,593,659,659,659,658,658,30,1,99000,99,99,99,5,1316,5,1316,99000,99,99000,99,2219715,99,14966269,0,657000,657000,14948605,14948605,657000,657000,0,0,0,0,658,658,657,657,768,768,CONSISTENT
21840,657499,99000,99000,0,0,0,0,0,2219715,99,657400,99,660,660,1317,1057,2,0,1041,660,660,660,658,658,0,1,99000,99,99,99,5,1317,5,1317,99000,99,99000,99,2219715,99,14972916,0,658000,658000,14971605,14971605,657000,657000,0,0,0,0,659,659,657,657,1058,1059,TORN-PERSISTENT
21850,657782,99000,99000,0,0,0,0,0,2219715,99,657683,99,660,660,1317,1340,2,0,1041,660,660,660,658,658,10,1,99000,99,99,99,5,1317,5,1317,99000,99,99000,99,2219715,99,14979448,0,658000,658000,14971605,14971605,657000,657000,0,0,0,0,659,659,657,657,1341,1341,CONSISTENT
21860,657971,99000,99000,0,0,0,0,0,2219715,99,657872,99,660,660,1318,530,1,1000,522,660,660,660,659,659,20,1,99000,99,99,99,5,1318,5,1318,99000,99,99000,99,2219715,99,14983795,0,658000,658000,14971605,14971605,658000,658000,0,0,0,0,659,659,658,658,530,530,CONSISTENT
21870,658133,99000,99000,0,0,0,0,0,2219715,99,658034,99,660,660,1318,692,1,1000,522,660,660,660,659,659,30,1,99000,99,99,99,5,1318,5,1318,99000,99,99000,99,2219715,99,14987544,0,658000,658000,14971605,14971605,658000,658000,0,0,0,0,659,659,658,658,695,695,CONSISTENT
21880,658354,99000,99000,0,0,0,0,0,2219715,99,658255,99,660,660,1318,913,1,1000,522,660,660,660,659,659,40,1,99000,99,99,99,5,1318,5,1318,99000,99,99000,99,2219715,99,14992604,0,658000,658000,14971605,14971605,658000,658000,0,0,0,0,659,659,658,658,913,913,CONSISTENT
21891,658595,99000,99000,0,0,0,0,0,2219715,99,658496,99,661,661,1319,1154,2,0,1034,661,661,661,659,659,4,1,99000,99,99,99,5,1319,5,1319,99000,99,99000,99,2219715,99,14998147,0,659000,659000,14994605,14994605,658000,658000,0,0,0,0,660,660,658,658,1155,1155,CONSISTENT
21900,658778,99000,99000,0,0,0,0,0,2219715,99,658679,99,661,661,1320,338,1,1000,331,661,661,661,660,660,14,1,99000,99,99,99,5,1320,5,1320,99000,99,99000,99,2219715,99,15002379,0,659000,659000,14994605,14994605,659000,659000,0,0,0,0,660,660,659,659,338,338,CONSISTENT
21910,658905,99000,99000,0,0,0,0,0,2219715,99,658806,99,661,661,1320,465,1,1000,331,661,661,661,660,660,22,1,99000,99,99,99,5,1320,5,1320,99000,99,99000,99,2219715,99,15005300,0,659000,659000,14994605,14994605,659000,659000,0,0,0,0,660,660,659,659,466,466,CONSISTENT
21920,659137,99000,99000,0,0,0,0,0,2219715,99,659038,99,661,661,1320,697,1,1000,331,661,661,661,660,660,32,1,99000,99,99,99,5,1320,5,1320,99000,99,99000,99,2219715,99,15010636,0,659000,659000,14994605,14994605,659000,659000,0,0,0,0,660,660,659,659,697,697,CONSISTENT
21930,659383,99000,99000,0,0,0,0,0,2219715,99,659284,99,661,661,1320,943,1,1000,331,661,661,661,660,660,44,1,99000,99,99,99,5,1320,5,1320,99000,99,99000,99,2219715,99,15016294,0,659000,659000,14994605,14994605,659000,659000,0,0,0,0,660,660,659,659,944,944,CONSISTENT
21941,659638,99000,99000,0,0,0,0,0,2219715,99,659539,99,662,662,1321,1198,2,0,1042,662,662,662,660,660,6,1,99000,99,99,99,5,1321,5,1321,99000,99,99000,99,2219715,99,15022159,0,660000,660000,15017605,15017605,659000,659000,0,0,0,0,661,661,659,659,1199,1199,CONSISTENT
21950,659833,99000,99000,0,0,0,0,0,2219715,99,659734,99,662,662,1321,1393,2,0,1042,662,662,662,660,660,14,1,99000,99,99,99,5,1321,5,1321,99000,99,99000,99,2219715,99,15026644,0,660000,660000,15017605,15017605,659000,659000,0,0,0,0,661,661,659,659,1393,1393,CONSISTENT
21960,659937,99000,99000,0,0,0,0,0,2219715,99,659838,99,662,662,1322,498,1,1000,406,662,662,662,661,661,24,1,99000,99,99,99,5,1322,5,1322,99000,99,99000,99,2219715,99,15029059,0,660000,660000,15017605,15017605,660000,660000,0,0,0,0,661,661,660,660,498,498,CONSISTENT
21970,660146,99000,99000,0,0,0,0,0,2219715,99,660047,99,662,662,1322,707,1,1000,406,662,662,662,661,661,34,1,99000,99,99,99,5,1322,5,1322,99000,99,99000,99,2219715,99,15033866,0,660000,660000,15017605,15017605,660000,660000,0,0,0,0,661,661,660,660,707,707,CONSISTENT
21980,660382,99000,99000,0,0,0,0,0,2219715,99,660283,99,662,662,1322,943,1,1000,406,662,662,662,661,661,45,1,99000,99,99,99,5,1322,5,1322,99000,99,99000,99,2219715,99,15039294,0,660000,660000,15017605,15017605,660000,660000,0,0,0,0,661,661,660,660,943,943,CONSISTENT
21991,660615,99000,99000,0,0,0,0,0,2219715,99,660516,99,663,663,1323,1176,2,0,1010,663,663,663,661,661,6,1,99000,99,99,99,5,1323,5,1323,99000,99,99000,99,2219715,99,15044653,0,661000,661000,15040605,15040605,660000,660000,0,0,0,0,662,662,660,660,1176,1176,CONSISTENT
22000,660839,99000,99000,0,0,0,0,0,2219715,99,660740,99,663,663,1323,1400,2,0,1010,663,663,663,661,661,16,1,99000,99,99,99,5,1323,5,1323,99000,99,99000,99,2219715,99,15049805,0,661000,661000,15040605,15040605,660000,660000,0,0,0,0,662,662,660,660,1400,1400,CONSISTENT
22010,660967,99000,99000,0,0,0,0,0,2219715,99,660868,99,663,663,1324,529,1,1000,468,663,663,663,662,662,26,1,99000,99,99,99,5,1324,5,1324,99000,99,99000,99,2219715,99,15052772,0,661000,661000,15040605,15040605,661000,661000,0,0,0,0,662,662,661,661,531,531,CONSISTENT
22020,661223,99000,99000,0,0,0,0,0,2219715,99,661124,99,663,663,1324,785,1,1000,468,663,663,663,662,662,36,1,99000,99,99,99,5,1324,5,1324,99000,99,99000,99,2219715,99,15058683,0,661000,661000,15040605,15040605,661000,661000,0,0,0,0,662,662,661,661,788,788,CONSISTENT
22030,661465,99000,99000,0,0,0,0,0,2219715,99,661366,99,664,664,1325,1027,2,0,1004,664,664,664,662,662,0,1,99000,99,99,99,5,1325,5,1325,99000,99,99000,99,2219715,99,15064226,0,662000,662000,15063605,15063605,661000,661000,0,0,0,0,663,663,661,661,1028,1028,CONSISTENT
22040,661697,99000,99000,0,0,0,0,0,2219715,99,661598,99,664,664,1325,1259,2,0,1004,664,664,664,662,662,10,1,99000,99,99,99,5,1325,5,1325,99000,99,99000,99,2219715,99,15069562,0,662000,662000,15063605,15063605,661000,661000,0,0,0,0,663,663,661,661,1260,1262,TORN-PERSISTENT
22050,661823,99000,99000,0,0,0,0,0,2219715,99,661724,99,664,664,1326,386,1,1000,354,664,664,664,663,663,18,1,99000,99,99,99,5,1326,5,1326,99000,99,99000,99,2219715,99,15072506,0,662000,662000,15063605,15063605,662000,662000,0,0,0,0,663,663,662,662,387,387,CONSISTENT
22060,662075,99000,99000,0,0,0,0,0,2219715,99,661976,99,664,664,1326,638,1,1000,354,664,664,664,663,663,28,1,99000,99,99,99,5,1326,5,1326,99000,99,99000,99,2219715,99,15078302,0,662000,662000,15063605,15063605,662000,662000,0,0,0,0,663,663,662,662,640,640,CONSISTENT
22070,662326,99000,99000,0,0,0,0,0,2219715,99,662227,99,664,664,1326,889,1,1000,354,664,664,664,663,663,38,1,99000,99,99,99,5,1326,5,1326,99000,99,99000,99,2219715,99,15084075,0,662000,662000,15063605,15063605,662000,662000,0,0,0,0,663,663,662,662,891,891,CONSISTENT
22080,662589,99000,99000,0,0,0,0,0,2219715,99,662490,99,665,665,1327,1152,2,0,1001,665,665,665,663,663,4,1,99000,99,99,99,5,1327,5,1327,99000,99,99000,99,2219715,99,15090124,0,663000,663000,15086605,15086605,662000,662000,0,0,0,0,664,664,662,662,1153,1153,CONSISTENT
22091,662798,99000,99000,0,0,0,0,0,2219715,99,662699,99,665,665,1328,362,1,1000,354,665,665,665,664,664,16,1,99000,99,99,99,5,1328,5,1328,99000,99,99000,99,2219715,99,15094931,0,663000,663000,15086605,15086605,663000,663000,0,0,0,0,664,664,663,663,362,362,CONSISTENT
22100,662941,99000,99000,0,0,0,0,0,2219715,99,662842,99,665,665,1328,505,1,1000,354,665,665,665,664,664,24,1,99000,99,99,99,5,1328,5,1328,99000,99,99000,99,2219715,99,15098243,0,663000,663000,15086605,15086605,663000,663000,0,0,0,0,664,664,663,663,506,506,CONSISTENT
22110,663211,99000,99000,0,0,0,0,0,2219715,99,663112,99,665,665,1328,775,1,1000,354,665,665,665,664,664,34,1,99000,99,99,99,5,1328,5,1328,99000,99,99000,99,2219715,99,15104430,0,663000,663000,15086605,15086605,663000,663000,0,0,0,0,664,664,663,663,778,778,CONSISTENT
22120,663480,99000,99000,0,0,0,0,0,2219715,99,663381,99,666,666,1329,1044,2,0,1018,666,666,666,664,664,0,1,99000,99,99,99,5,1329,5,1329,99000,99,99000,99,2219715,99,15110617,0,664000,664000,15109605,15109605,663000,663000,0,0,0,0,665,665,663,663,1048,1048,CONSISTENT
22130,663734,99000,99000,0,0,0,0,0,2219715,99,663635,99,666,666,1329,1298,2,0,1018,666,666,666,664,664,10,1,99000,99,99,99,5,1329,5,1329,99000,99,99000,99,2219715,99,15116459,0,664000,664000,15109605,15109605,663000,663000,0,0,0,0,665,665,663,663,1300,1300,CONSISTENT
22140,663918,99000,99000,0,0,0,0,0,2219715,99,663819,99,666,666,1330,483,1,1000,478,666,666,666,665,665,20,1,99000,99,99,99,5,1330,5,1330,99000,99,99000,99,2219715,99,15120714,0,664000,664000,15109605,15109605,664000,664000,0,0,0,0,665,665,664,664,483,483,CONSISTENT
22150,664097,99000,99000,0,0,0,0,0,2219715,99,663998,99,666,666,1330,662,1,1000,478,666,666,666,665,665,30,1,99000,99,99,99,5,1330,5,1330,99000,99,99000,99,2219715,99,15124854,0,664000,664000,15109605,15109605,664000,664000,0,0,0,0,665,665,664,664,663,663,CONSISTENT
22160,664349,99000,99000,0,0,0,0,0,2219715,99,664250,99,666,666,1330,914,1,1000,478,666,666,666,665,665,40,1,99000,99,99,99,5,1330,5,1330,99000,99,99000,99,2219715,99,15130627,0,664000,664000,15109605,15109605,664000,664000,0,0,0,0,665,665,664,664,915,917,TORN-PERSISTENT
22170,664614,99000,99000,0,0,0,0,0,2219715,99,664515,99,667,667,1331,1179,2,0,1004,667,667,667,665,665,6,1,99000,99,99,99,5,1331,5,1331,99000,99,99000,99,2219715,99,15136745,0,665000,665000,15132605,15132605,664000,664000,0,0,0,0,666,666,664,664,1181,1181,CONSISTENT
22180,664822,99000,99000,0,0,0,0,0,2219715,99,664723,99,667,667,1332,388,1,1000,383,667,667,667,666,666,16,1,99000,99,99,99,5,1332,5,1332,99000,99,99000,99,2219715,99,15141529,0,665000,665000,15132605,15132605,665000,665000,0,0,0,0,666,666,665,665,388,388,CONSISTENT
22190,665003,99000,99000,0,0,0,0,0,2219715,99,664904,99,667,667,1332,569,1,1000,383,667,667,667,666,666,24,1,99000,99,99,99,5,1332,5,1332,99000,99,99000,99,2219715,99,15145692,0,665000,665000,15132605,15132605,665000,665000,0,0,0,0,666,666,665,665,570,570,CONSISTENT
22200,665293,99000,99000,0,0,0,0,0,2219715,99,665194,99,667,667,1332,859,1,1000,383,667,667,667,666,666,35,1,99000,99,99,99,5,1332,5,1332,99000,99,99000,99,2219715,99,15152362,0,665000,665000,15132605,15132605,665000,665000,0,0,0,0,666,666,665,665,860,861,TORN-PERSISTENT
22210,665492,99000,99000,0,0,0,0,0,2219715,99,665393,99,668,668,1333,1058,2,0,1036,668,668,668,666,666,0,1,99000,99,99,99,5,1333,5,1333,99000,99,99000,99,2219715,99,15156939,0,666000,666000,15155605,15155605,665000,665000,0,0,0,0,667,667,665,665,1059,1059,CONSISTENT
22220,665767,99000,99000,0,0,0,0,0,2219715,99,665668,99,668,668,1333,1333,2,0,1036,668,668,668,666,666,10,1,99000,99,99,99,5,1333,5,1333,99000,99,99000,99,2219715,99,15163287,0,666000,666000,15155605,15155605,665000,665000,0,0,0,0,667,667,665,665,1335,1335,CONSISTENT
22231,665979,99000,99000,0,0,0,0,0,2219715,99,665880,99,668,668,1334,546,1,1000,537,668,668,668,667,667,20,1,99000,99,99,99,5,1334,5,1334,99000,99,99000,99,2219715,99,15168163,0,666000,666000,15155605,15155605,666000,666000,0,0,0,0,667,667,666,666,546,546,CONSISTENT
22240,666117,99000,99000,0,0,0,0,0,2219715,99,666018,99,668,668,1334,684,1,1000,537,668,668,668,667,667,30,1,99000,99,99,99,5,1334,5,1334,99000,99,99000,99,2219715,99,15171337,0,666000,666000,15155605,15155605,666000,666000,0,0,0,0,667,667,666,666,686,686,CONSISTENT
22250,666362,99000,99000,0,0,0,0,0,2219715,99,666263,99,668,668,1334,929,1,1000,537,668,668,668,667,667,40,1,99000,99,99,99,5,1334,5,1334,99000,99,99000,99,2219715,99,15176995,0,666000,666000,15155605,15155605,666000,666000,0,0,0,0,667,667,666,666,930,930,CONSISTENT
22260,666599,99000,99000,0,0,0,0,0,2219715,99,666500,99,669,669,1335,1166,2,0,1035,669,669,669,667,667,4,1,99000,99,99,99,5,1335,5,1335,99000,99,99000,99,2219715,99,15182446,0,667000,667000,15178605,15178605,666000,666000,0,0,0,0,668,668,666,666,1167,1167,CONSISTENT
22270,666804,99000,99000,0,0,0,0,0,2219715,99,666705,99,669,669,1336,372,1,1000,359,669,669,669,668,668,14,1,99000,99,99,99,5,1336,5,1336,99000,99,99000,99,2219715,99,15187161,0,667000,667000,15178605,15178605,667000,667000,0,0,0,0,668,668,667,667,372,372,CONSISTENT
22280,667009,99000,99000,0,0,0,0,0,2219715,99,666910,99,669,669,1336,577,1,1000,359,669,669,669,668,668,26,1,99000,99,99,99,5,1336,5,1336,99000,99,99000,99,2219715,99,15191899,0,667000,667000,15178605,15178605,667000,667000,0,0,0,0,668,668,667,667,580,580,CONSISTENT
22290,667269,99000,99000,0,0,0,0,0,2219715,99,667170,99,669,669,1336,837,1,1000,359,669,669,669,668,668,34,1,99000,99,99,99,5,1336,5,1336,99000,99,99000,99,2219715,99,15197856,0,667000,667000,15178605,15178605,667000,667000,0,0,0,0,668,668,667,667,837,837,CONSISTENT
22300,667534,99000,99000,0,0,0,0,0,2219715,99,667435,99,670,670,1337,1102,2,0,1020,670,670,670,668,668,2,1,99000,99,99,99,5,1337,5,1337,99000,99,99000,99,2219715,99,15203951,0,668000,668000,15201605,15201605,667000,667000,0,0,0,0,669,669,667,667,1104,1104,CONSISTENT
22310,667814,99000,99000,0,0,0,0,0,2219715,99,667715,99,670,670,1337,1382,2,0,1020,670,670,670,668,668,12,1,99000,99,99,99,5,1337,5,1337,99000,99,99000,99,2219715,99,15210414,0,668000,668000,15201605,15201605,667000,667000,0,0,0,0,669,669,667,667,1385,1386,TORN-PERSISTENT
22320,667958,99000,99000,0,0,0,0,0,2219715,99,667859,99,670,670,1338,527,1,1000,399,670,670,670,669,669,22,1,99000,99,99,99,5,1338,5,1338,99000,99,99000,99,2219715,99,15213749,0,668000,668000,15201605,15201605,668000,668000,0,0,0,0,669,669,668,668,530,530,CONSISTENT
22330,668236,99000,99000,0,0,0,0,0,2219715,99,668137,99,670,670,1338,805,1,1000,399,670,670,670,669,669,32,1,99000,99,99,99,5,1338,5,1338,99000,99,99000,99,2219715,99,15220120,0,668000,668000,15201605,15201605,668000,668000,0,0,0,0,669,669,668,668,807,807,CONSISTENT
22340,668494,99000,99000,0,0,0,0,0,2219715,99,668395,99,671,671,1339,1063,2,0,1052,671,671,671,669,669,0,1,99000,99,99,99,5,1339,5,1339,99000,99,99000,99,2219715,99,15226077,0,669000,669000,15224605,15224605,668000,668000,0,0,0,0,670,670,668,668,1064,1064,CONSISTENT
22350,668751,99000,99000,0,0,0,0,0,2219715,99,668652,99,671,671,1339,1320,2,0,1052,671,671,671,669,669,10,1,99000,99,99,99,5,1339,5,1339,99000,99,99000,99,2219715,99,15231965,0,669000,669000,15224605,15224605,668000,668000,0,0,0,0,670,670,668,668,1322,1322,CONSISTENT
22360,669038,99000,99000,0,0,0,0,0,2219715,99,668939,99,671,671,1339,1607,2,0,1052,671,671,671,669,669,20,1,99000,99,99,99,5,1339,5,1339,99000,99,99000,99,2219715,99,15238566,0,669000,669000,15224605,15224605,668000,668000,0,0,0,0,670,670,668,668,1610,1610,CONSISTENT
22370,669175,99000,99000,0,0,0,0,0,2219715,99,669076,99,671,671,1340,745,1,1000,622,671,671,671,670,670,30,1,99000,99,99,99,5,1340,5,1340,99000,99,99000,99,2219715,99,15241740,0,669000,669000,15224605,15224605,669000,669000,0,0,0,0,670,670,669,669,746,746,CONSISTENT
22380,669418,99000,99000,0,0,0,0,0,2219715,99,669319,99,671,671,1340,988,1,1000,622,671,671,671,670,670,40,1,99000,99,99,99,5,1340,5,1340,99000,99,99000,99,2219715,99,15247329,0,669000,669000,15224605,15224605,669000,669000,0,0,0,0,670,670,669,669,993,994,TORN-PERSISTENT
22390,669689,99000,99000,0,0,0,0,0,2219715,99,669590,99,672,672,1341,1259,2,0,1034,672,672,672,670,670,8,1,99000,99,99,99,5,1341,5,1341,99000,99,99000,99,2219715,99,15253562,0,670000,670000,15247605,15247605,669000,669000,0,0,0,0,671,671,669,669,1259,1259,CONSISTENT
22400,669955,99000,99000,0,0,0,0,0,2219715,99,669856,99,672,672,1341,1525,2,0,1034,672,672,672,670,670,16,1,99000,99,99,99,5,1341,5,1341,99000,99,99000,99,2219715,99,15259680,0,670000,670000,15247605,15247605,669000,669000,0,0,0,0,671,671,669,669,1525,1525,CONSISTENT
22410,670094,99000,99000,0,0,0,0,0,2219715,99,669995,99,672,672,1342,665,1,1000,612,672,672,672,671,671,26,1,99000,99,99,99,5,1342,5,1342,99000,99,99000,99,2219715,99,15262900,0,670000,670000,15247605,15247605,670000,670000,0,0,0,0,671,671,670,670,667,667,CONSISTENT
22420,670304,99000,99000,0,0,0,0,0,2219715,99,670205,99,672,672,1342,875,1,1000,612,672,672,672,671,671,36,1,99000,99,99,99,5,1342,5,1342,99000,99,99000,99,2219715,99,15267730,0,670000,670000,15247605,15247605,670000,670000,0,0,0,0,671,671,670,670,876,877,TORN-PERSISTENT
22430,670546,99000,99000,0,0,0,0,0,2219715,99,670447,99,673,673,1343,1117,2,0,1042,673,673,673,671,671,1,1,99000,99,99,99,5,1343,5,1343,99000,99,99000,99,2219715,99,15273296,0,671000,671000,15270605,15270605,670000,670000,0,0,0,0,672,672,670,670,1117,1117,CONSISTENT
22440,670802,99000,99000,0,0,0,0,0,2219715,99,670703,99,673,673,1343,1373,2,0,1042,673,673,673,671,671,12,1,99000,99,99,99,5,1343,5,1343,99000,99,99000,99,2219715,99,15279184,0,671000,671000,15270605,15270605,670000,670000,0,0,0,0,672,672,670,670,1373,1373,CONSISTENT
22450,670961,99000,99000,0,0,0,0,0,2219715,99,670862,99,673,673,1344,533,1,1000,509,673,673,673,672,672,22,1,99000,99,99,99,5,1344,5,1344,99000,99,99000,99,2219715,99,15282887,0,671000,671000,15270605,15270605,671000,671000,0,0,0,0,672,672,671,671,534,534,CONSISTENT
22460,671209,99000,99000,0,0,0,0,0,2219715,99,671110,99,673,673,1344,781,1,1000,509,673,673,673,672,672,32,1,99000,99,99,99,5,1344,5,1344,99000,99,99000,99,2219715,99,15288568,0,671000,671000,15270605,15270605,671000,671000,0,0,0,0,672,672,671,671,783,783,CONSISTENT
22470,671411,99000,99000,0,0,0,0,0,2219715,99,671312,99,673,673,1344,983,1,1000,509,673,673,673,672,672,43,1,99000,99,99,99,5,1344,5,1344,99000,99,99000,99,2219715,99,15293237,0,671000,671000,15270605,15270605,671000,671000,0,0,0,0,672,672,671,671,985,985,CONSISTENT
22480,671648,99000,99000,0,0,0,0,0,2219715,99,671549,99,674,674,1345,1220,2,0,1029,674,674,674,672,672,8,1,99000,99,99,99,5,1345,5,1345,99000,99,99000,99,2219715,99,15298665,0,672000,672000,15293605,15293605,671000,671000,0,0,0,0,673,673,671,671,1221,1221,CONSISTENT
22490,671753,99000,99000,0,0,0,0,0,2219715,99,671654,99,674,674,1346,326,1,1000,317,674,674,674,673,673,18,1,99000,99,99,99,5,1346,5,1346,99000,99,99000,99,2219715,99,15301103,0,672000,672000,15293605,15293605,672000,672000,0,0,0,0,673,673,672,672,326,326,CONSISTENT
22500,671983,99000,99000,0,0,0,0,0,2219715,99,671884,99,674,674,1346,556,1,1000,317,674,674,674,673,673,28,1,99000,99,99,99,5,1346,5,1346,99000,99,99000,99,2219715,99,15306393,0,672000,672000,15293605,15293605,672000,672000,0,0,0,0,673,673,672,672,557,557,CONSISTENT
22511,672160,99000,99000,0,0,0,0,0,2219715,99,672061,99,674,674,1346,733,1,1000,317,674,674,674,673,673,37,1,99000,99,99,99,5,1346,5,1346,99000,99,99000,99,2219715,99,15310464,0,672000,672000,15293605,15293605,672000,672000,0,0,0,0,673,673,672,672,735,736,TORN-PERSISTENT
22520,672351,99000,99000,0,0,0,0,0,2219715,99,672252,99,674,674,1346,924,1,1000,317,674,674,674,673,673,47,1,99000,99,99,99,5,1346,5,1346,99000,99,99000,99,2219715,99,15314857,0,672000,672000,15293605,15293605,672000,672000,0,0,0,0,673,673,672,672,926,926,CONSISTENT
22530,672561,99000,99000,0,0,0,0,0,2219715,99,672462,99,675,675,1347,1134,2,0,1028,675,675,675,673,673,4,1,99000,99,99,99,5,1347,5,1347,99000,99,99000,99,2219715,99,15319687,0,673000,673000,15316605,15316605,672000,672000,0,0,0,0,674,674,672,672,1134,1134,CONSISTENT
22540,672796,99000,99000,0,0,0,0,0,2219715,99,672697,99,675,675,1347,1369,2,0,1028,675,675,675,673,673,12,1,99000,99,99,99,5,1347,5,1347,99000,99,99000,99,2219715,99,15325092,0,673000,673000,15316605,15316605,672000,672000,0,0,0,0,674,674,672,672,1371,1371,CONSISTENT
22550,672936,99000,99000,0,0,0,0,0,2219715,99,672837,99,675,675,1348,510,1,1000,503,675,675,675,674,674,24,1,99000,99,99,99,5,1348,5,1348,99000,99,99000,99,2219715,99,15328335,0,673000,673000,15316605,15316605,673000,673000,0,0,0,0,674,674,673,673,510,510,CONSISTENT
22560,673125,99000,99000,0,0,0,0,0,2219715,99,673026,99,675,675,1348,699,1,1000,503,675,675,675,674,674,32,1,99000,99,99,99,5,1348,5,1348,99000,99,99000,99,2219715,99,15332682,0,673000,673000,15316605,15316605,673000,673000,0,0,0,0,674,674,673,673,702,702,CONSISTENT
22570,673347,99000,99000,0,0,0,0,0,2219715,99,673248,99,675,675,1348,921,1,1000,503,675,675,675,674,674,42,1,99000,99,99,99,5,1348,5,1348,99000,99,99000,99,2219715,99,15337788,0,673000,673000,15316605,15316605,673000,673000,0,0,0,0,674,674,673,673,922,922,CONSISTENT
22580,673621,99000,99000,0,0,0,0,0,2219715,99,673522,99,676,676,1349,1195,2,0,1041,676,676,676,674,674,4,1,99000,99,99,99,5,1349,5,1349,99000,99,99000,99,2219715,99,15344090,0,674000,674000,15339605,15339605,673000,673000,0,0,0,0,675,675,673,673,1195,1195,CONSISTENT
22590,673848,99000,99000,0,0,0,0,0,2219715,99,673749,99,676,676,1350,423,1,1000,416,676,676,676,675,675,14,1,99000,99,99,99,5,1350,5,1350,99000,99,99000,99,2219715,99,15349334,0,674000,674000,15339605,15339605,674000,674000,0,0,0,0,675,675,674,674,423,423,CONSISTENT
22600,673997,99000,99000,0,0,0,0,0,2219715,99,673898,99,676,676,1350,572,1,1000,416,676,676,676,675,675,24,1,99000,99,99,99,5,1350,5,1350,99000,99,99000,99,2219715,99,15352761,0,674000,674000,15339605,15339605,674000,674000,0,0,0,0,675,675,674,674,574,574,CONSISTENT
22610,674212,99000,99000,0,0,0,0,0,2219715,99,674113,99,676,676,1350,787,1,1000,416,676,676,676,675,675,35,1,99000,99,99,99,5,1350,5,1350,99000,99,99000,99,2219715,99,15357706,0,674000,674000,15339605,15339605,674000,674000,0,0,0,0,675,675,674,674,788,788,CONSISTENT
22620,674476,99000,99000,0,0,0,0,0,2219715,99,674377,99,677,677,1351,1051,2,0,1040,677,677,677,675,675,0,1,99000,99,99,99,5,1351,5,1351,99000,99,99000,99,2219715,99,15363778,0,675000,675000,15362605,15362605,674000,674000,0,0,0,0,676,676,674,674,1054,1056,TORN-PERSISTENT
22630,674747,99000,99000,0,0,0,0,0,2219715,99,674648,99,677,677,1351,1322,2,0,1040,677,677,677,675,675,10,1,99000,99,99,99,5,1351,5,1351,99000,99,99000,99,2219715,99,15370011,0,675000,675000,15362605,15362605,674000,674000,0,0,0,0,676,676,674,674,1323,1324,TORN-PERSISTENT
22640,675035,99000,99000,0,0,0,0,0,2219715,99,674936,99,677,677,1351,1610,2,0,1040,677,677,677,675,675,20,1,99000,99,99,99,5,1351,5,1351,99000,99,99000,99,2219715,99,15376635,0,675000,675000,15362605,15362605,674000,674000,0,0,0,0,676,676,674,674,1610,1610,CONSISTENT
22650,675135,99000,99000,0,0,0,0,0,2219715,99,675036,99,677,677,1352,711,1,1000,621,677,677,677,676,676,30,1,99000,99,99,99,5,1352,5,1352,99000,99,99000,99,2219715,99,15378958,0,675000,675000,15362605,15362605,675000,675000,0,0,0,0,676,676,675,675,711,711,CONSISTENT
22660,675339,99000,99000,0,0,0,0,0,2219715,99,675240,99,677,677,1352,915,1,1000,621,677,677,677,676,676,40,1,99000,99,99,99,5,1352,5,1352,99000,99,99000,99,2219715,99,15383650,0,675000,675000,15362605,15362605,675000,675000,0,0,0,0,676,676,675,675,917,917,CONSISTENT
22670,675555,99000,99000,0,0,0,0,0,2219715,99,675456,99,678,678,1353,1131,2,0,1041,678,678,678,676,676,4,1,99000,99,99,99,5,1353,5,1353,99000,99,99000,99,2219715,99,15388641,0,676000,676000,15385605,15385605,675000,675000,0,0,0,0,677,677,675,675,1132,1132,CONSISTENT
22680,675762,99000,99000,0,0,0,0,0,2219715,99,675663,99,678,678,1353,1338,2,0,1041,678,678,678,676,676,13,1,99000,99,99,99,5,1353,5,1353,99000,99,99000,99,2219715,99,15393379,0,676000,676000,15385605,15385605,675000,675000,0,0,0,0,677,677,675,675,1338,1338,CONSISTENT
22690,675865,99000,99000,0,0,0,0,0,2219715,99,675766,99,678,678,1354,442,1,1000,360,678,678,678,677,677,23,1,99000,99,99,99,5,1354,5,1354,99000,99,99000,99,2219715,99,15395771,0,676000,676000,15385605,15385605,676000,676000,0,0,0,0,677,677,676,676,442,442,CONSISTENT
22700,676140,99000,99000,0,0,0,0,0,2219715,99,676041,99,678,678,1354,717,1,1000,360,678,678,678,677,677,33,1,99000,99,99,99,5,1354,5,1354,99000,99,99000,99,2219715,99,15402096,0,676000,676000,15385605,15385605,676000,676000,0,0,0,0,677,677,676,676,719,721,TORN-PERSISTENT
22710,676400,99000,99000,0,0,0,0,0,2219715,99,676301,99,678,678,1354,977,1,1000,360,678,678,678,677,677,43,1,99000,99,99,99,5,1354,5,1354,99000,99,99000,99,2219715,99,15408076,0,676000,676000,15385605,15385605,676000,676000,0,0,0,0,677,677,676,676,981,981,CONSISTENT
22721,676615,99000,99000,0,0,0,0,0,2219715,99,676516,99,679,679,1355,1192,2,0,1011,679,679,679,677,677,6,1,99000,99,99,99,5,1355,5,1355,99000,99,99000,99,2219715,99,15413021,0,677000,677000,15408605,15408605,676000,676000,0,0,0,0,678,678,676,676,1193,1193,CONSISTENT
22730,676733,99000,99000,0,0,0,0,0,2219715,99,676634,99,679,679,1356,311,1,1000,303,679,679,679,678,678,16,1,99000,99,99,99,5,1356,5,1356,99000,99,99000,99,2219715,99,15415758,0,677000,677000,15408605,15408605,677000,677000,0,0,0,0,678,678,677,677,311,311,CONSISTENT
22740,677021,99000,99000,0,0,0,0,0,2219715,99,676922,99,679,679,1356,599,1,1000,303,679,679,679,678,678,26,1,99000,99,99,99,5,1356,5,1356,99000,99,99000,99,2219715,99,15422382,0,677000,677000,15408605,15408605,677000,677000,0,0,0,0,678,678,677,677,604,604,CONSISTENT
22750,677334,99000,99000,0,0,0,0,0,2219715,99,677235,99,679,679,1356,912,1,1000,303,679,679,679,678,678,37,1,99000,99,99,99,5,1356,5,1356,99000,99,99000,99,2219715,99,15429581,0,677000,677000,15408605,15408605,677000,677000,0,0,0,0,678,678,677,677,912,912,CONSISTENT
22760,677612,99000,99000,0,0,0,0,0,2219715,99,677513,99,680,680,1357,1190,2,0,1006,680,680,680,678,678,6,1,99000,99,99,99,5,1357,5,1357,99000,99,99000,99,2219715,99,15435998,0,678000,678000,15431605,15431605,677000,677000,0,0,0,0,679,679,677,677,1194,1195,TORN-PERSISTENT
22770,677869,99000,99000,0,0,0,0,0,2219715,99,677770,99,680,680,1357,1447,2,0,1006,680,680,680,678,678,14,1,99000,99,99,99,5,1357,5,1357,99000,99,99000,99,2219715,99,15441886,0,678000,678000,15431605,15431605,677000,677000,0,0,0,0,679,679,677,677,1447,1447,CONSISTENT
22780,678015,99000,99000,0,0,0,0,0,2219715,99,677916,99,680,680,1358,594,1,1000,583,680,680,680,679,679,24,1,99000,99,99,99,5,1358,5,1358,99000,99,99000,99,2219715,99,15445267,0,678000,678000,15431605,15431605,678000,678000,0,0,0,0,679,679,678,678,594,594,CONSISTENT
22790,678279,99000,99000,0,0,0,0,0,2219715,99,678180,99,680,680,1358,858,1,1000,583,680,680,680,679,679,36,1,99000,99,99,99,5,1358,5,1358,99000,99,99000,99,2219715,99,15451339,0,678000,678000,15431605,15431605,678000,678000,0,0,0,0,679,679,678,678,860,862,TORN-PERSISTENT
22800,678570,99000,99000,0,0,0,0,0,2219715,99,678471,99,681,681,1359,1149,2,0,1027,681,681,681,679,679,4,1,99000,99,99,99,5,1359,5,1359,99000,99,99000,99,2219715,99,15458032,0,679000,679000,15454605,15454605,678000,678000,0,0,0,0,680,680,678,678,1149,1149,CONSISTENT
22810,678760,99000,99000,0,0,0,0,0,2219715,99,678661,99,681,681,1359,1339,2,0,1027,681,681,681,679,679,13,1,99000,99,99,99,5,1359,5,1359,99000,99,99000,99,2219715,99,15462425,0,679000,679000,15454605,15454605,678000,678000,0,0,0,0,680,680,678,678,1342,1342,CONSISTENT
22820,678981,99000,99000,0,0,0,0,0,2219715,99,678882,99,681,681,1360,561,1,1000,558,681,681,681,680,680,22,1,99000,99,99,99,5,1360,5,1360,99000,99,99000,99,2219715,99,15467508,0,679000,679000,15454605,15454605,679000,679000,0,0,0,0,680,680,679,679,561,561,CONSISTENT
22830,679171,99000,99000,0,0,0,0,0,2219715,99,679072,99,681,681,1360,751,1,1000,558,681,681,681,680,680,32,1,99000,99,99,99,5,1360,5,1360,99000,99,99000,99,2219715,99,15471878,0,679000,679000,15454605,15454605,679000,679000,0,0,0,0,680,680,679,679,753,754,TORN-PERSISTENT
22840,679479,99000,99000,0,0,0,0,0,2219715,99,679380,99,682,682,1361,1059,2,0,1009,682,682,682,680,680,0,1,99000,99,99,99,5,1361,5,1361,99000,99,99000,99,2219715,99,15478985,0,680000,680000,15477605,15477605,679000,679000,0,0,0,0,681,681,679,679,1061,1061,CONSISTENT
22850,679803,99000,99000,0,0,0,0,0,2219715,99,679704,99,682,682,1361,1383,2,0,1009,682,682,682,680,680,10,1,99000,99,99,99,5,1361,5,1361,99000,99,99000,99,2219715,99,15486414,0,680000,680000,15477605,15477605,679000,679000,0,0,0,0,681,681,679,679,1384,1384,CONSISTENT
22860,680141,99000,99000,0,0,0,0,0,2219715,99,680042,99,682,682,1361,1721,2,0,1009,682,682,682,680,680,20,1,99000,99,99,99,5,1361,5,1361,99000,99,99000,99,2219715,99,15494188,0,680000,680000,15477605,15477605,679000,679000,0,0,0,0,681,681,679,679,1721,1721,CONSISTENT
22870,680265,99000,99000,0,0,0,0,0,2219715,99,680166,99,682,682,1362,846,1,1000,728,682,682,682,681,681,30,1,99000,99,99,99,5,1362,5,1362,99000,99,99000,99,2219715,99,15497109,0,680000,680000,15477605,15477605,680000,680000,0,0,0,0,681,681,680,680,849,849,CONSISTENT
22880,680599,99000,99000,0,0,0,0,0,2219715,99,680500,99,683,683,1363,1180,2,0,1071,683,683,683,681,681,2,1,99000,99,99,99,5,1363,5,1363,99000,99,99000,99,2219715,99,15504745,0,681000,681000,15500605,15500605,680000,680000,0,0,0,0,682,682,680,680,1181,1181,CONSISTENT
22890,680888,99000,99000,0,0,0,0,0,2219715,99,680789,99,683,683,1364,470,1,1000,467,683,683,683,682,682,13,1,99000,99,99,99,5,1364,5,1364,99000,99,99000,99,2219715,99,15511415,0,681000,681000,15500605,15500605,681000,681000,0,0,0,0,682,682,681,681,470,470,CONSISTENT
22900,681086,99000,99000,0,0,0,0,0,2219715,99,680987,99,683,683,1364,668,1,1000,467,683,683,683,682,682,23,1,99000,99,99,99,5,1364,5,1364,99000,99,99000,99,2219715,99,15515969,0,681000,681000,15500605,15500605,681000,681000,0,0,0,0,682,682,681,681,668,668,CONSISTENT
22910,681412,99000,99000,0,0,0,0,0,2219715,99,681313,99,683,683,1364,994,1,1000,467,683,683,683,682,682,33,1,99000,99,99,99,5,1364,5,1364,99000,99,99000,99,2219715,99,15523490,0,681000,681000,15500605,15500605,681000,681000,0,0,0,0,682,682,681,681,995,995,CONSISTENT
22920,681673,99000,99000,0,0,0,0,0,2219715,99,681574,99,684,684,1365,1255,2,0,1033,684,684,684,682,682,6,1,99000,99,99,99,5,1365,5,1365,99000,99,99000,99,2219715,99,15529470,0,682000,682000,15523605,15523605,681000,681000,0,0,0,0,683,683,681,681,1257,1257,CONSISTENT
22930,681967,99000,99000,0,0,0,0,0,2219715,99,681868,99,684,684,1366,550,1,1000,550,684,684,684,683,683,18,1,99000,99,99,99,5,1366,5,1366,99000,99,99000,99,2219715,99,15536255,0,682000,682000,15523605,15523605,682000,682000,0,0,0,0,683,683,682,682,550,550,CONSISTENT
22940,682119,99000,99000,0,0,0,0,0,2219715,99,682020,99,684,684,1366,702,1,1000,550,684,684,684,683,683,28,1,99000,99,99,99,5,1366,5,1366,99000,99,99000,99,2219715,99,15539751,0,682000,682000,15523605,15523605,682000,682000,0,0,0,0,683,683,682,682,707,707,CONSISTENT
22950,682379,99000,99000,0,0,0,0,0,2219715,99,682280,99,684,684,1366,962,1,1000,550,684,684,684,683,683,38,1,99000,99,99,99,5,1366,5,1366,99000,99,99000,99,2219715,99,15545731,0,682000,682000,15523605,15523605,682000,682000,0,0,0,0,683,683,682,682,963,964,TORN-PERSISTENT
22960,682648,99000,99000,0,0,0,0,0,2219715,99,682549,99,685,685,1367,1231,2,0,1082,685,685,685,683,683,4,1,99000,99,99,99,5,1367,5,1367,99000,99,99000,99,2219715,99,15551918,0,683000,683000,15546605,15546605,682000,682000,0,0,0,0,684,684,682,682,1232,1232,CONSISTENT
22970,682851,99000,99000,0,0,0,0,0,2219715,99,682752,99,685,685,1367,1434,2,0,1082,685,685,685,683,683,14,1,99000,99,99,99,5,1367,5,1367,99000,99,99000,99,2219715,99,15556587,0,683000,683000,15546605,15546605,682000,682000,0,0,0,0,684,684,682,682,1434,1434,CONSISTENT
22980,682970,99000,99000,0,0,0,0,0,2219715,99,682871,99,685,685,1368,554,1,1000,457,685,685,685,684,684,24,1,99000,99,99,99,5,1368,5,1368,99000,99,99000,99,2219715,99,15559347,0,683000,683000,15546605,15546605,683000,683000,0,0,0,0,684,684,683,683,554,554,CONSISTENT
22990,683206,99000,99000,0,0,0,0,0,2219715,99,683107,99,685,685,1368,790,1,1000,457,685,685,685,684,684,34,1,99000,99,99,99,5,1368,5,1368,99000,99,99000,99,2219715,99,15564798,0,683000,683000,15546605,15546605,683000,683000,0,0,0,0,684,684,683,683,793,793,CONSISTENT
23000,683471,99000,99000,0,0,0,0,0,2219715,99,683372,99,686,686,1369,1055,2,0,1008,686,686,686,684,684,0,1,99000,99,99,99,5,1369,5,1369,99000,99,99000,99,2219715,99,15570870,0,684000,684000,15569605,15569605,683000,683000,0,0,0,0,685,685,683,683,1055,1055,CONSISTENT
23010,683733,99000,99000,0,0,0,0,0,2219715,99,683634,99,686,686,1369,1317,2,0,1008,686,686,686,684,684,10,1,99000,99,99,99,5,1369,5,1369,99000,99,99000,99,2219715,99,15576896,0,684000,684000,15569605,15569605,683000,683000,0,0,0,0,685,685,683,683,1317,1317,CONSISTENT
23020,683883,99000,99000,0,0,0,0,0,2219715,99,683784,99,686,686,1370,468,1,1000,461,686,686,686,685,685,20,1,99000,99,99,99,5,1370,5,1370,99000,99,99000,99,2219715,99,15580369,0,684000,684000,15569605,15569605,684000,684000,0,0,0,0,685,685,684,684,468,468,CONSISTENT
23030,684054,99000,99000,0,0,0,0,0,2219715,99,683955,99,686,686,1370,639,1,1000,461,686,686,686,685,685,31,1,99000,99,99,99,5,1370,5,1370,99000,99,99000,99,2219715,99,15584325,0,684000,684000,15569605,15569605,684000,684000,0,0,0,0,685,685,684,684,641,641,CONSISTENT
23040,684301,99000,99000,0,0,0,0,0,2219715,99,684202,99,686,686,1370,886,1,1000,461,686,686,686,685,685,41,1,99000,99,99,99,5,1370,5,1370,99000,99,99000,99,2219715,99,15590006,0,684000,684000,15569605,15569605,684000,684000,0,0,0,0,685,685,684,684,887,887,CONSISTENT
23050,684552,99000,99000,0,0,0,0,0,2219715,99,684453,99,687,687,1371,1137,2,0,1021,687,687,687,685,685,4,1,99000,99,99,99,5,1371,5,1371,99000,99,99000,99,2219715,99,15595756,0,685000,685000,15592605,15592605,684000,684000,0,0,0,0,686,686,684,684,1138,1138,CONSISTENT
23061,684798,99000,99000,0,0,0,0,0,2219715,99,684699,99,687,687,1371,1383,2,0,1021,687,687,687,685,685,14,1,99000,99,99,99,5,1371,5,1371,99000,99,99000,99,2219715,99,15601437,0,685000,685000,15592605,15592605,684000,684000,0,0,0,0,686,686,684,684,1384,1384,CONSISTENT
23070,684897,99000,99000,0,0,0,0,0,2219715,99,684798,99,687,687,1372,483,1,1000,438,687,687,687,686,686,22,1,99000,99,99,99,5,1372,5,1372,99000,99,99000,99,2219715,99,15603737,0,685000,685000,15592605,15592605,685000,685000,0,0,0,0,686,686,685,685,485,486,TORN-PERSISTENT
23080,685120,99000,99000,0,0,0,0,0,2219715,99,685021,99,687,687,1372,706,1,1000,438,687,687,687,686,686,32,1,99000,99,99,99,5,1372,5,1372,99000,99,99000,99,2219715,99,15608843,0,685000,685000,15592605,15592605,685000,685000,0,0,0,0,686,686,685,685,708,708,CONSISTENT
23090,685397,99000,99000,0,0,0,0,0,2219715,99,685298,99,687,687,1372,983,1,1000,438,687,687,687,686,686,44,1,99000,99,99,99,5,1372,5,1372,99000,99,99000,99,2219715,99,15615237,0,685000,685000,15592605,15592605,685000,685000,0,0,0,0,686,686,685,685,986,987,TORN-PERSISTENT
23100,685667,99000,99000,0,0,0,0,0,2219715,99,685568,99,688,688,1373,1253,2,0,1104,688,688,688,686,686,4,1,99000,99,99,99,5,1373,5,1373,99000,99,99000,99,2219715,99,15621424,0,686000,686000,15615605,15615605,685000,685000,0,0,0,0,687,687,685,685,1253,1253,CONSISTENT
23110,685818,99000,99000,0,0,0,0,0,2219715,99,685719,99,688,688,1373,1404,2,0,1104,688,688,688,686,686,14,1,99000,99,99,99,5,1373,5,1373,99000,99,99000,99,2219715,99,15624897,0,686000,686000,15615605,15615605,685000,685000,0,0,0,0,687,687,685,685,1404,1404,CONSISTENT
23120,685954,99000,99000,0,0,0,0,0,2219715,99,685855,99,688,688,1374,541,1,1000,478,688,688,688,687,687,24,1,99000,99,99,99,5,1374,5,1374,99000,99,99000,99,2219715,99,15628048,0,686000,686000,15615605,15615605,686000,686000,0,0,0,0,687,687,686,686,544,544,CONSISTENT
23130,686248,99000,99000,0,0,0,0,0,2219715,99,686149,99,688,688,1374,835,1,1000,478,688,688,688,687,687,34,1,99000,99,99,99,5,1374,5,1374,99000,99,99000,99,2219715,99,15634833,0,686000,686000,15615605,15615605,686000,686000,0,0,0,0,687,687,686,686,836,836,CONSISTENT
23140,686590,99000,99000,0,0,0,0,0,2219715,99,686491,99,689,689,1375,1177,2,0,1033,689,689,689,687,687,4,1,99000,99,99,99,5,1375,5,1375,99000,99,99000,99,2219715,99,15642676,0,687000,687000,15638605,15638605,686000,686000,0,0,0,0,688,688,686,686,1181,1181,CONSISTENT
23150,686933,99000,99000,0,0,0,0,0,2219715,99,686834,99,689,689,1375,1520,2,0,1033,689,689,689,687,687,14,1,99000,99,99,99,5,1375,5,1375,99000,99,99000,99,2219715,99,15650565,0,687000,687000,15638605,15638605,686000,686000,0,0,0,0,688,688,686,686,1521,1522,TORN-PERSISTENT
23160,687083,99000,99000,0,0,0,0,0,2219715,99,686984,99,689,689,1376,671,1,1000,552,689,689,689,688,688,22,1,99000,99,99,99,5,1376,5,1376,99000,99,99000,99,2219715,99,15654038,0,687000,687000,15638605,15638605,687000,687000,0,0,0,0,688,688,687,687,673,674,TORN-PERSISTENT
23170,687423,99000,99000,0,0,0,0,0,2219715,99,687324,99,689,689,1376,1011,2,1000,552,689,690,689,688,688,32,1,99000,99,99,99,5,1376,5,1376,99000,99,99000,99,2219715,99,15661858,0,688000,688000,15661605,15661605,687000,687000,0,0,0,0,689,689,687,687,1011,1011,CONSISTENT
23180,687788,99000,99000,0,0,0,0,0,2219715,99,687689,99,690,690,1377,1376,2,0,1034,690,690,690,688,688,8,1,99000,99,99,99,5,1377,5,1377,99000,99,99000,99,2219715,99,15670276,0,688000,688000,15661605,15661605,687000,687000,0,0,0,0,689,689,687,687,1377,1377,CONSISTENT
23190,688148,99000,99000,0,0,0,0,0,2219715,99,688049,99,690,690,1377,1736,2,0,1034,690,690,690,688,688,18,1,99000,99,99,99,5,1377,5,1377,99000,99,99000,99,2219715,99,15678556,0,688000,688000,15661605,15661605,687000,687000,0,0,0,0,689,689,687,687,1737,1737,CONSISTENT
23200,688328,99000,99000,0,0,0,0,0,2219715,99,688229,99,690,690,1378,917,1,1000,742,690,690,690,689,689,28,1,99000,99,99,99,5,1378,5,1378,99000,99,99000,99,2219715,99,15682719,0,688000,688000,15661605,15661605,688000,688000,0,0,0,0,689,689,688,688,920,921,TORN-PERSISTENT
23210,688643,99000,99000,0,0,0,0,0,2219715,99,688544,99,691,691,1379,1232,2,0,1063,691,691,691,689,689,4,1,99000,99,99,99,5,1379,5,1379,99000,99,99000,99,2219715,99,15689941,0,689000,689000,15684605,15684605,688000,688000,0,0,0,0,690,690,688,688,1233,1233,CONSISTENT
23220,688904,99000,99000,0,0,0,0,0,2219715,99,688805,99,691,691,1380,494,1,1000,484,691,691,691,690,690,14,1,99000,99,99,99,5,1380,5,1380,99000,99,99000,99,2219715,99,15695967,0,689000,689000,15684605,15684605,689000,689000,0,0,0,0,690,690,689,689,494,494,CONSISTENT
23230,689171,99000,99000,0,0,0,0,0,2219715,99,689072,99,691,691,1380,761,1,1000,484,691,691,691,690,690,24,1,99000,99,99,99,5,1380,5,1380,99000,99,99000,99,2219715,99,15702108,0,689000,689000,15684605,15684605,689000,689000,0,0,0,0,690,690,689,689,765,765,CONSISTENT
23240,689500,99000,99000,0,0,0,0,0,2219715,99,689401,99,692,692,1381,1090,2,0,1015,692,692,692,690,690,2,1,99000,99,99,99,5,1381,5,1381,99000,99,99000,99,2219715,99,15709698,0,690000,690000,15707605,15707605,689000,689000,0,0,0,0,691,691,689,689,1093,1093,CONSISTENT
23250,689818,99000,99000,0,0,0,0,0,2219715,99,689719,99,692,692,1381,1408,2,0,1015,692,692,692,690,690,12,1,99000,99,99,99,5,1381,5,1381,99000,99,99000,99,2219715,99,15717012,0,690000,690000,15707605,15707605,689000,689000,0,0,0,0,691,691,689,689,1409,1409,CONSISTENT
23261,689989,99000,99000,0,0,0,0,0,2219715,99,689890,99,692,692,1382,580,1,1000,573,692,692,692,691,691,22,1,99000,99,99,99,5,1382,5,1382,99000,99,99000,99,2219715,99,15720945,0,690000,690000,15707605,15707605,690000,690000,0,0,0,0,691,691,690,690,581,581,CONSISTENT
23270,690292,99000,99000,0,0,0,0,0,2219715,99,690193,99,692,692,1382,883,1,1000,573,692,692,692,691,691,30,1,99000,99,99,99,5,1382,5,1382,99000,99,99000,99,2219715,99,15727937,0,690000,690000,15707605,15707605,690000,690000,0,0,0,0,691,691,690,690,887,887,CONSISTENT
23280,690642,99000,99000,0,0,0,0,0,2219715,99,690543,99,693,693,1383,1233,2,0,1026,693,693,693,691,691,4,1,99000,99,99,99,5,1383,5,1383,99000,99,99000,99,2219715,99,15735964,0,691000,691000,15730605,15730605,690000,690000,0,0,0,0,692,692,690,690,1234,1234,CONSISTENT
23290,690990,99000,99000,0,0,0,0,0,2219715,99,690891,99,693,693,1383,1581,2,0,1026,693,693,693,691,691,16,1,99000,99,99,99,5,1383,5,1383,99000,99,99000,99,2219715,99,15743991,0,691000,691000,15730605,15730605,690000,690000,0,0,0,0,692,692,690,690,1585,1585,CONSISTENT
23300,691172,99000,99000,0,0,0,0,0,2219715,99,691073,99,693,693,1384,764,1,1000,741,693,693,693,692,692,24,1,99000,99,99,99,5,1384,5,1384,99000,99,99000,99,2219715,99,15748200,0,691000,691000,15730605,15730605,691000,691000,0,0,0,0,692,692,691,691,767,767,CONSISTENT
23311,691520,99000,99000,0,0,0,0,0,2219715,99,691421,99,694,694,1385,1112,2,0,1053,694,694,694,692,692,0,1,99000,99,99,99,5,1385,5,1385,99000,99,99000,99,2219715,99,15756181,0,692000,692000,15753605,15753605,691000,691000,0,0,0,0,693,693,691,691,1113,1113,CONSISTENT
23320,691844,99000,99000,0,0,0,0,0,2219715,99,691745,99,694,694,1385,1436,2,0,1053,694,694,694,692,692,10,1,99000,99,99,99,5,1385,5,1385,99000,99,99000,99,2219715,99,15763633,0,692000,692000,15753605,15753605,691000,691000,0,0,0,0,693,693,691,691,1439,1439,CONSISTENT
23330,692015,99000,99000,0,0,0,0,0,2219715,99,691916,99,694,694,1386,608,1,1000,499,694,694,694,693,693,20,1,99000,99,99,99,5,1386,5,1386,99000,99,99000,99,2219715,99,15767612,0,692000,692000,15753605,15753605,692000,692000,0,0,0,0,693,693,692,692,610,610,CONSISTENT
23340,692354,99000,99000,0,0,0,0,0,2219715,99,692255,99,694,694,1386,947,1,1000,499,694,694,694,693,693,30,1,99000,99,99,99,5,1386,5,1386,99000,99,99000,99,2219715,99,15775386,0,692000,692000,15753605,15753605,692000,692000,0,0,0,0,693,693,692,692,950,950,CONSISTENT
23350,692708,99000,99000,0,0,0,0,0,2219715,99,692609,99,695,695,1387,1301,2,0,1043,695,695,695,693,693,6,1,99000,99,99,99,5,1387,5,1387,99000,99,99000,99,2219715,99,15783528,0,693000,693000,15776605,15776605,692000,692000,0,0,0,0,694,694,692,692,1301,1301,CONSISTENT
23360,693052,99000,99000,0,0,0,0,0,2219715,99,692953,99,695,695,1387,1645,2,0,1043,695,695,695,693,693,16,1,99000,99,99,99,5,1387,5,1387,99000,99,99000,99,2219715,99,15791440,0,693000,693000,15776605,15776605,692000,692000,0,0,0,0,694,694,692,692,1646,1646,CONSISTENT
23370,693200,99000,99000,0,0,0,0,0,2219715,99,693101,99,695,695,1388,794,1,1000,654,695,695,695,694,694,26,1,99000,99,99,99,5,1388,5,1388,99000,99,99000,99,2219715,99,15794867,0,693000,693000,15776605,15776605,693000,693000,0,0,0,0,694,694,693,693,795,796,TORN-PERSISTENT
23380,693556,99000,99000,0,0,0,0,0,2219715,99,693457,99,696,696,1389,1150,2,0,1011,696,696,696,694,694,2,1,99000,99,99,99,5,1389,5,1389,99000,99,99000,99,2219715,99,15803101,0,694000,694000,15799605,15799605,693000,693000,0,0,0,0,695,695,693,693,1152,1152,CONSISTENT
23390,693903,99000,99000,0,0,0,0,0,2219715,99,693804,99,696,696,1389,1497,2,0,1011,696,696,696,694,694,14,1,99000,99,99,99,5,1389,5,1389,99000,99,99000,99,2219715,99,15811036,0,694000,694000,15799605,15799605,693000,693000,0,0,0,0,695,695,693,693,1498,1498,CONSISTENT
23400,694092,99000,99000,0,0,0,0,0,2219715,99,693993,99,696,696,1390,687,1,1000,679,696,696,696,695,695,24,1,99000,99,99,99,5,1390,5,1390,99000,99,99000,99,2219715,99,15815406,0,694000,694000,15799605,15799605,694000,694000,0,0,0,0,695,695,694,694,687,687,CONSISTENT
23410,694328,99000,99000,0,0,0,0,0,2219715,99,694229,99,696,696,1390,923,1,1000,679,696,696,696,695,695,33,1,99000,99,99,99,5,1390,5,1390,99000,99,99000,99,2219715,99,15820834,0,694000,694000,15799605,15799605,694000,694000,0,0,0,0,695,695,694,694,923,923,CONSISTENT
23420,694674,99000,99000,0,0,0,0,0,2219715,99,694575,99,697,697,1391,1269,2,0,1032,697,697,697,695,695,6,1,99000,99,99,99,5,1391,5,1391,99000,99,99000,99,2219715,99,15828792,0,695000,695000,15822605,15822605,694000,694000,0,0,0,0,696,696,694,694,1269,1269,CONSISTENT
23430,694960,99000,99000,0,0,0,0,0,2219715,99,694861,99,697,697,1391,1555,2,0,1032,697,697,697,695,695,16,1,99000,99,99,99,5,1391,5,1391,99000,99,99000,99,2219715,99,15835370,0,695000,695000,15822605,15822605,694000,694000,0,0,0,0,696,696,694,694,1555,1555,CONSISTENT
23440,695131,99000,99000,0,0,0,0,0,2219715,99,695032,99,697,697,1392,727,1,1000,701,697,697,697,696,696,26,1,99000,99,99,99,5,1392,5,1392,99000,99,99000,99,2219715,99,15839326,0,695000,695000,15822605,15822605,695000,695000,0,0,0,0,696,696,695,695,729,729,CONSISTENT
23450,695413,99000,99000,0,0,0,0,0,2219715,99,695314,99,697,697,1392,1009,2,1000,701,697,698,697,696,696,34,1,99000,99,99,99,5,1392,5,1392,99000,99,99000,99,2219715,99,15845812,0,696000,696000,15845605,15845605,695000,695000,0,0,0,0,697,697,695,695,1012,1013,TORN-PERSISTENT
23460,695717,99000,99000,0,0,0,0,0,2219715,99,695618,99,698,698,1393,1313,2,0,1013,698,698,698,696,696,10,1,99000,99,99,99,5,1393,5,1393,99000,99,99000,99,2219715,99,15852804,0,696000,696000,15845605,15845605,695000,695000,0,0,0,0,697,697,695,695,1315,1316,TORN-PERSISTENT
23470,695855,99000,99000,0,0,0,0,0,2219715,99,695756,99,698,698,1394,452,1,1000,383,698,698,698,697,697,18,1,99000,99,99,99,5,1394,5,1394,99000,99,99000,99,2219715,99,15856001,0,696000,696000,15845605,15845605,696000,696000,0,0,0,0,697,697,696,696,454,454,CONSISTENT
23480,696194,99000,99000,0,0,0,0,0,2219715,99,696095,99,698,698,1394,791,1,1000,383,698,698,698,697,697,28,1,99000,99,99,99,5,1394,5,1394,99000,99,99000,99,2219715,99,15863798,0,696000,696000,15845605,15845605,696000,696000,0,0,0,0,697,697,696,696,794,794,CONSISTENT
23490,696523,99000,99000,0,0,0,0,0,2219715,99,696424,99,699,699,1395,1120,2,0,1065,699,699,699,697,697,0,1,99000,99,99,99,5,1395,5,1395,99000,99,99000,99,2219715,99,15871365,0,697000,697000,15868605,15868605,696000,696000,0,0,0,0,698,698,696,696,1120,1120,CONSISTENT
23500,696849,99000,99000,0,0,0,0,0,2219715,99,696750,99,699,699,1395,1446,2,0,1065,699,699,699,697,697,10,1,99000,99,99,99,5,1395,5,1395,99000,99,99000,99,2219715,99,15878863,0,697000,697000,15868605,15868605,696000,696000,0,0,0,0,698,698,696,696,1449,1449,CONSISTENT
23510,697011,99000,99000,0,0,0,0,0,2219715,99,696912,99,699,699,1396,609,1,1000,518,699,699,699,698,698,20,1,99000,99,99,99,5,1396,5,1396,99000,99,99000,99,2219715,99,15882612,0,697000,697000,15868605,15868605,697000,697000,0,0,0,0,698,698,697,697,609,609,CONSISTENT
23520,697312,99000,99000,0,0,0,0,0,2219715,99,697213,99,699,699,1396,910,1,1000,518,699,699,699,698,698,30,1,99000,99,99,99,5,1396,5,1396,99000,99,99000,99,2219715,99,15889535,0,697000,697000,15868605,15868605,697000,697000,0,0,0,0,698,698,697,697,912,912,CONSISTENT
23530,697647,99000,99000,0,0,0,0,0,2219715,99,697548,99,700,700,1397,1245,2,0,1030,700,700,700,698,698,6,1,99000,99,99,99,5,1397,5,1397,99000,99,99000,99,2219715,99,15897240,0,698000,698000,15891605,15891605,697000,697000,0,0,0,0,699,699,697,697,1245,1245,CONSISTENT
23540,697962,99000,99000,0,0,0,0,0,2219715,99,697863,99,700,700,1397,1560,2,0,1030,700,700,700,698,698,16,1,99000,99,99,99,5,1397,5,1397,99000,99,99000,99,2219715,99,15904485,0,698000,698000,15891605,15891605,697000,697000,0,0,0,0,699,699,697,697,1561,1561,CONSISTENT
23550,698133,99000,99000,0,0,0,0,0,2219715,99,698034,99,700,700,1398,732,1,1000,611,700,700,700,699,699,26,1,99000,99,99,99,5,1398,5,1398,99000,99,99000,99,2219715,99,15908441,0,698000,698000,15891605,15891605,698000,698000,0,0,0,0,699,699,698,698,733,733,CONSISTENT
23561,698462,99000,99000,0,0,0,0,0,2219715,99,698363,99,701,701,1399,1061,2,0,1033,701,701,701,699,699,0,1,99000,99,99,99,5,1399,5,1399,99000,99,99000,99,2219715,99,15916008,0,699000,699000,15914605,15914605,698000,698000,0,0,0,0,700,700,698,698,1061,1061,CONSISTENT
23570,698770,99000,99000,0,0,0,0,0,2219715,99,698671,99,701,701,1399,1369,2,0,1033,701,701,701,699,699,8,1,99000,99,99,99,5,1399,5,1399,99000,99,99000,99,2219715,99,15923092,0,699000,699000,15914605,15914605,698000,698000,0,0,0,0,700,700,698,698,1370,1370,CONSISTENT
23580,699101,99000,99000,0,0,0,0,0,2219715,99,699002,99,701,701,1399,1700,2,0,1033,701,701,701,699,699,20,1,99000,99,99,99,5,1399,5,1399,99000,99,99000,99,2219715,99,15930705,0,699000,699000,15914605,15914605,698000,698000,0,0,0,0,700,700,698,698,1701,1702,TORN-PERSISTENT
23590,699286,99000,99000,0,0,0,0,0,2219715,99,699187,99,701,701,1400,886,1,1000,737,701,701,701,700,700,28,1,99000,99,99,99,5,1400,5,1400,99000,99,99000,99,2219715,99,15934983,0,699000,699000,15914605,15914605,699000,699000,0,0,0,0,700,700,699,699,886,886,CONSISTENT
23600,699619,99000,99000,0,0,0,0,0,2219715,99,699520,99,702,702,1401,1219,2,0,1030,702,702,702,700,700,4,1,99000,99,99,99,5,1401,5,1401,99000,99,99000,99,2219715,99,15942642,0,700000,700000,15937605,15937605,699000,699000,0,0,0,0,701,701,699,699,1219,1219,CONSISTENT
23610,699845,99000,99000,0,0,0,0,0,2219715,99,699746,99,702,702,1402,446,1,1000,442,702,702,702,701,701,14,1,99000,99,99,99,5,1402,5,1402,99000,99,99000,99,2219715,99,15947863,0,700000,700000,15937605,15937605,700000,700000,0,0,0,0,701,701,700,700,446,446,CONSISTENT
23620,700081,99000,99000,0,0,0,0,0,2219715,99,699982,99,702,702,1402,682,1,1000,442,702,702,702,701,701,24,1,99000,99,99,99,5,1402,5,1402,99000,99,99000,99,2219715,99,15953291,0,700000,700000,15937605,15937605,700000,700000,0,0,0,0,701,701,700,700,682,682,CONSISTENT
23630,700407,99000,99000,0,0,0,0,0,2219715,99,700308,99,702,702,1402,1008,2,1000,442,702,703,702,701,701,34,1,99000,99,99,99,5,1402,5,1402,99000,99,99000,99,2219715,99,15960789,0,701000,701000,15960605,15960605,700000,700000,0,0,0,0,702,702,700,700,1011,1011,CONSISTENT
23640,700737,99000,99000,0,0,0,0,0,2219715,99,700638,99,703,703,1403,1338,2,0,1033,703,703,703,701,701,8,1,99000,99,99,99,5,1403,5,1403,99000,99,99000,99,2219715,99,15968402,0,701000,701000,15960605,15960605,700000,700000,0,0,0,0,702,702,700,700,1339,1339,CONSISTENT
23650,700944,99000,99000,0,0,0,0,0,2219715,99,700845,99,703,703,1404,546,1,1000,542,703,703,703,702,702,18,1,99000,99,99,99,5,1404,5,1404,99000,99,99000,99,2219715,99,15973163,0,701000,701000,15960605,15960605,701000,701000,0,0,0,0,702,702,701,701,546,546,CONSISTENT
23660,701185,99000,99000,0,0,0,0,0,2219715,99,701086,99,703,703,1404,787,1,1000,542,703,703,703,702,702,27,1,99000,99,99,99,5,1404,5,1404,99000,99,99000,99,2219715,99,15978706,0,701000,701000,15960605,15960605,701000,701000,0,0,0,0,702,702,701,701,787,787,CONSISTENT
23670,701516,99000,99000,0,0,0,0,0,2219715,99,701417,99,704,704,1405,1118,2,0,1060,704,704,704,702,702,0,1,99000,99,99,99,5,1405,5,1405,99000,99,99000,99,2219715,99,15986319,0,702000,702000,15983605,15983605,701000,701000,0,0,0,0,703,703,701,701,1119,1121,TORN-PERSISTENT
23680,701842,99000,99000,0,0,0,0,0,2219715,99,701743,99,704,704,1405,1444,2,0,1060,704,704,704,702,702,12,1,99000,99,99,99,5,1405,5,1405,99000,99,99000,99,2219715,99,15993817,0,702000,702000,15983605,15983605,701000,701000,0,0,0,0,703,703,701,701,1445,1447,TORN-PERSISTENT
23690,702010,99000,99000,0,0,0,0,0,2219715,99,701911,99,704,704,1406,613,1,1000,608,704,704,704,703,703,22,1,99000,99,99,99,5,1406,5,1406,99000,99,99000,99,2219715,99,15997750,0,702000,702000,15983605,15983605,702000,702000,0,0,0,0,703,703,702,702,615,615,CONSISTENT
23700,702291,99000,99000,0,0,0,0,0,2219715,99,702192,99,704,704,1406,894,1,1000,608,704,704,704,703,703,30,1,99000,99,99,99,5,1406,5,1406,99000,99,99000,99,2219715,99,16004167,0,702000,702000,15983605,15983605,702000,702000,0,0,0,0,703,703,702,702,897,898,TORN-PERSISTENT
23710,702535,99000,99000,0,0,0,0,0,2219715,99,702436,99,705,705,1407,1138,2,0,1054,705,705,705,703,703,2,1,99000,99,99,99,5,1407,5,1407,99000,99,99000,99,2219715,99,16009779,0,703000,703000,16006605,16006605,702000,702000,0,0,0,0,704,704,702,702,1139,1139,CONSISTENT
23720,702848,99000,99000,0,0,0,0,0,2219715,99,702749,99,705,705,1407,1451,2,0,1054,705,705,705,703,703,12,1,99000,99,99,99,5,1407,5,1407,99000,99,99000,99,2219715,99,16016978,0,703000,703000,16006605,16006605,702000,702000,0,0,0,0,704,704,702,702,1456,1456,CONSISTENT
23730,703002,99000,99000,0,0,0,0,0,2219715,99,702903,99,705,705,1408,606,1,1000,484,705,705,705,704,704,22,1,99000,99,99,99,5,1408,5,1408,99000,99,99000,99,2219715,99,16020543,0,703000,703000,16006605,16006605,703000,703000,0,0,0,0,704,704,703,703,608,608,CONSISTENT
23740,703246,99000,99000,0,0,0,0,0,2219715,99,703147,99,705,705,1408,850,1,1000,484,705,705,705,704,704,30,1,99000,99,99,99,5,1408,5,1408,99000,99,99000,99,2219715,99,16026178,0,703000,703000,16006605,16006605,703000,703000,0,0,0,0,704,704,703,703,854,854,CONSISTENT
23750,703535,99000,99000,0,0,0,0,0,2219715,99,703436,99,706,706,1409,1139,2,0,1039,706,706,706,704,704,2,1,99000,99,99,99,5,1409,5,1409,99000,99,99000,99,2219715,99,16032848,0,704000,704000,16029605,16029605,703000,703000,0,0,0,0,705,705,703,703,1142,1142,CONSISTENT
23760,703822,99000,99000,0,0,0,0,0,2219715,99,703723,99,706,706,1409,1426,2,0,1039,706,706,706,704,704,12,1,99000,99,99,99,5,1409,5,1409,99000,99,99000,99,2219715,99,16039403,0,704000,704000,16029605,16029605,703000,703000,0,0,0,0,705,705,703,703,1427,1427,CONSISTENT
23770,703982,99000,99000,0,0,0,0,0,2219715,99,703883,99,706,706,1410,587,1,1000,459,706,706,706,705,705,22,1,99000,99,99,99,5,1410,5,1410,99000,99,99000,99,2219715,99,16043106,0,704000,704000,16029605,16029605,704000,704000,0,0,0,0,705,705,704,704,587,587,CONSISTENT
23780,704267,99000,99000,0,0,0,0,0,2219715,99,704168,99,706,706,1410,872,1,1000,459,706,706,706,705,705,32,1,99000,99,99,99,5,1410,5,1410,99000,99,99000,99,2219715,99,16049661,0,704000,704000,16029605,16029605,704000,704000,0,0,0,0,705,705,704,704,873,873,CONSISTENT
23790,704536,99000,99000,0,0,0,0,0,2219715,99,704437,99,707,707,1411,1141,2,0,1041,707,707,707,705,705,2,1,99000,99,99,99,5,1411,5,1411,99000,99,99000,99,2219715,99,16055848,0,705000,705000,16052605,16052605,704000,704000,0,0,0,0,706,706,704,704,1143,1144,TORN-PERSISTENT
23800,704864,99000,99000,0,0,0,0,0,2219715,99,704765,99,707,707,1411,1469,2,0,1041,707,707,707,705,705,12,1,99000,99,99,99,5,1411,5,1411,99000,99,99000,99,2219715,99,16063415,0,705000,705000,16052605,16052605,704000,704000,0,0,0,0,706,706,704,704,1472,1472,CONSISTENT
23810,705025,99000,99000,0,0,0,0,0,2219715,99,704926,99,707,707,1412,631,1,1000,497,707,707,707,706,706,22,1,99000,99,99,99,5,1412,5,1412,99000,99,99000,99,2219715,99,16067118,0,705000,705000,16052605,16052605,705000,705000,0,0,0,0,706,706,705,705,632,632,CONSISTENT
23820,705341,99000,99000,0,0,0,0,0,2219715,99,705242,99,707,707,1412,947,1,1000,497,707,707,707,706,706,32,1,99000,99,99,99,5,1412,5,1412,99000,99,99000,99,2219715,99,16074386,0,705000,705000,16052605,16052605,705000,705000,0,0,0,0,706,706,705,705,947,947,CONSISTENT
23830,705661,99000,99000,0,0,0,0,0,2219715,99,705562,99,708,708,1413,1267,2,0,1045,708,708,708,706,706,6,1,99000,99,99,99,5,1413,5,1413,99000,99,99000,99,2219715,99,16081746,0,706000,706000,16075605,16075605,705000,705000,0,0,0,0,707,707,705,705,1268,1268,CONSISTENT
23840,705935,99000,99000,0,0,0,0,0,2219715,99,705836,99,708,708,1414,542,1,1000,536,708,708,708,707,707,16,1,99000,99,99,99,5,1414,5,1414,99000,99,99000,99,2219715,99,16088071,0,706000,706000,16075605,16075605,706000,706000,0,0,0,0,707,707,706,706,542,542,CONSISTENT
23850,706095,99000,99000,0,0,0,0,0,2219715,99,705996,99,708,708,1414,702,1,1000,536,708,708,708,707,707,26,1,99000,99,99,99,5,1414,5,1414,99000,99,99000,99,2219715,99,16091751,0,706000,706000,16075605,16075605,706000,706000,0,0,0,0,707,707,706,706,704,704,CONSISTENT
23860,706375,99000,99000,0,0,0,0,0,2219715,99,706276,99,708,708,1414,982,1,1000,536,708,708,708,707,707,36,1,99000,99,99,99,5,1414,5,1414,99000,99,99000,99,2219715,99,16098214,0,706000,706000,16075605,16075605,706000,706000,0,0,0,0,707,707,706,706,983,983,CONSISTENT
23870,706637,99000,99000,0,0,0,0,0,2219715,99,706538,99,709,709,1415,1244,2,0,1099,709,709,709,707,707,4,1,99000,99,99,99,5,1415,5,1415,99000,99,99000,99,2219715,99,16104217,0,707000,707000,16098605,16098605,706000,706000,0,0,0,0,708,708,706,706,1246,1246,CONSISTENT
23880,706873,99000,99000,0,0,0,0,0,2219715,99,706774,99,709,709,1416,481,1,1000,468,709,709,709,708,708,14,1,99000,99,99,99,5,1416,5,1416,99000,99,99000,99,2219715,99,16109668,0,707000,707000,16098605,16098605,707000,707000,0,0,0,0,708,708,707,707,481,481,CONSISTENT
23890,706985,99000,99000,0,0,0,0,0,2219715,99,706886,99,709,709,1416,593,1,1000,468,709,709,709,708,708,24,1,99000,99,99,99,5,1416,5,1416,99000,99,99000,99,2219715,99,16112244,0,707000,707000,16098605,16098605,707000,707000,0,0,0,0,708,708,707,707,595,595,CONSISTENT
23900,707259,99000,99000,0,0,0,0,0,2219715,99,707160,99,709,709,1416,867,1,1000,468,709,709,709,708,708,34,1,99000,99,99,99,5,1416,5,1416,99000,99,99000,99,2219715,99,16118569,0,707000,707000,16098605,16098605,707000,707000,0,0,0,0,708,708,707,707,868,868,CONSISTENT
23910,707509,99000,99000,0,0,0,0,0,2219715,99,707410,99,710,710,1417,1117,2,0,1026,710,710,710,708,708,2,1,99000,99,99,99,5,1417,5,1417,99000,99,99000,99,2219715,99,16124296,0,708000,708000,16121605,16121605,707000,707000,0,0,0,0,709,709,707,707,1118,1118,CONSISTENT
23920,707746,99000,99000,0,0,0,0,0,2219715,99,707647,99,710,710,1418,355,1,1000,346,710,710,710,709,709,12,1,99000,99,99,99,5,1418,5,1418,99000,99,99000,99,2219715,99,16129770,0,708000,708000,16121605,16121605,708000,708000,0,0,0,0,709,709,708,708,355,355,CONSISTENT
23930,707921,99000,99000,0,0,0,0,0,2219715,99,707822,99,710,710,1418,530,1,1000,346,710,710,710,709,709,22,1,99000,99,99,99,5,1418,5,1418,99000,99,99000,99,2219715,99,16133795,0,708000,708000,16121605,16121605,708000,708000,0,0,0,0,709,709,708,708,531,531,CONSISTENT
23940,708176,99000,99000,0,0,0,0,0,2219715,99,708077,99,710,710,1418,785,1,1000,346,710,710,710,709,709,32,1,99000,99,99,99,5,1418,5,1418,99000,99,99000,99,2219715,99,16139683,0,708000,708000,16121605,16121605,708000,708000,0,0,0,0,709,709,708,708,787,787,CONSISTENT
23950,708458,99000,99000,0,0,0,0,0,2219715,99,708359,99,711,711,1419,1067,2,0,1004,711,711,711,709,709,2,1,99000,99,99,99,5,1419,5,1419,99000,99,99000,99,2219715,99,16146146,0,709000,709000,16144605,16144605,708000,708000,0,0,0,0,710,710,708,708,1067,1067,CONSISTENT
23960,708702,99000,99000,0,0,0,0,0,2219715,99,708603,99,711,711,1419,1311,2,0,1004,711,711,711,709,709,12,1,99000,99,99,99,5,1419,5,1419,99000,99,99000,99,2219715,99,16151758,0,709000,709000,16144605,16144605,708000,708000,0,0,0,0,710,710,708,708,1312,1312,CONSISTENT
23970,708913,99000,99000,0,0,0,0,0,2219715,99,708814,99,711,711,1419,1522,2,0,1004,711,711,711,709,709,22,1,99000,99,99,99,5,1419,5,1419,99000,99,99000,99,2219715,99,16156634,0,709000,709000,16144605,16144605,708000,708000,0,0,0,0,710,710,708,708,1524,1524,CONSISTENT
23980,709044,99000,99000,0,0,0,0,0,2219715,99,708945,99,711,711,1420,654,1,1000,576,711,711,711,710,710,30,1,99000,99,99,99,5,1420,5,1420,99000,99,99000,99,2219715,99,16159647,0,709000,709000,16144605,16144605,709000,709000,0,0,0,0,710,710,709,709,656,656,CONSISTENT
23990,709313,99000,99000,0,0,0,0,0,2219715,99,709214,99,711,711,1420,923,1,1000,576,711,711,711,710,710,40,1,99000,99,99,99,5,1420,5,1420,99000,99,99000,99,2219715,99,16165834,0,709000,709000,16144605,16144605,709000,709000,0,0,0,0,710,710,709,709,925,926,TORN-PERSISTENT
24000,709591,99000,99000,0,0,0,0,0,2219715,99,709492,99,712,712,1421,1201,2,0,1032,712,712,712,710,710,6,1,99000,99,99,99,5,1421,5,1421,99000,99,99000,99,2219715,99,16172228,0,710000,710000,16167605,16167605,709000,709000,0,0,0,0,711,711,709,709,1204,1204,CONSISTENT
24010,709797,99000,99000,0,0,0,0,0,2219715,99,709698,99,712,712,1421,1407,2,0,1032,712,712,712,710,710,14,1,99000,99,99,99,5,1421,5,1421,99000,99,99000,99,2219715,99,16176989,0,710000,710000,16167605,16167605,709000,709000,0,0,0,0,711,711,709,709,1410,1410,CONSISTENT
24020,709942,99000,99000,0,0,0,0,0,2219715,99,709843,99,712,712,1422,553,1,1000,411,712,712,712,711,711,26,1,99000,99,99,99,5,1422,5,1422,99000,99,99000,99,2219715,99,16180324,0,710000,710000,16167605,16167605,710000,710000,0,0,0,0,711,711,710,710,555,555,CONSISTENT
24030,710159,99000,99000,0,0,0,0,0,2219715,99,710060,99,712,712,1422,770,1,1000,411,712,712,712,711,711,34,1,99000,99,99,99,5,1422,5,1422,99000,99,99000,99,2219715,99,16185315,0,710000,710000,16167605,16167605,710000,710000,0,0,0,0,711,711,710,710,772,772,CONSISTENT
24040,710442,99000,99000,0,0,0,0,0,2219715,99,710343,99,713,713,1423,1053,2,0,1012,713,713,713,711,711,0,1,99000,99,99,99,5,1423,5,1423,99000,99,99000,99,2219715,99,16191824,0,711000,711000,16190605,16190605,710000,710000,0,0,0,0,712,712,710,710,1054,1054,CONSISTENT
24050,710715,99000,99000,0,0,0,0,0,2219715,99,710616,99,713,713,1424,327,1,1000,324,713,713,713,712,712,11,1,99000,99,99,99,5,1424,5,1424,99000,99,99000,99,2219715,99,16198126,0,711000,711000,16190605,16190605,711000,711000,0,0,0,0,712,712,711,711,327,327,CONSISTENT
24060,710856,99000,99000,0,0,0,0,0,2219715,99,710757,99,713,713,1424,468,1,1000,324,713,713,713,712,712,20,1,99000,99,99,99,5,1424,5,1424,99000,99,99000,99,2219715,99,16201369,0,711000,711000,16190605,16190605,711000,711000,0,0,0,0,712,712,711,711,470,472,TORN-PERSISTENT
24071,711143,99000,99000,0,0,0,0,0,2219715,99,711044,99,713,713,1424,755,1,1000,324,713,713,713,712,712,30,1,99000,99,99,99,5,1424,5,1424,99000,99,99000,99,2219715,99,16207970,0,711000,711000,16190605,16190605,711000,711000,0,0,0,0,712,712,711,711,757,758,TORN-PERSISTENT
24080,711387,99000,99000,0,0,0,0,0,2219715,99,711288,99,713,713,1424,999,1,1000,324,713,713,713,712,712,40,1,99000,99,99,99,5,1424,5,1424,99000,99,99000,99,2219715,99,16213582,0,711000,711000,16190605,16190605,711000,711000,0,0,0,0,712,712,711,711,999,999,CONSISTENT
24090,711609,99000,99000,0,0,0,0,0,2219715,99,711510,99,714,714,1425,1221,2,0,1032,714,714,714,712,712,8,1,99000,99,99,99,5,1425,5,1425,99000,99,99000,99,2219715,99,16218688,0,712000,712000,16213605,16213605,711000,711000,0,0,0,0,713,713,711,711,1223,1223,CONSISTENT
24100,711861,99000,99000,0,0,0,0,0,2219715,99,711762,99,714,714,1425,1473,2,0,1032,714,714,714,712,712,18,1,99000,99,99,99,5,1425,5,1425,99000,99,99000,99,2219715,99,16224484,0,712000,712000,16213605,16213605,711000,711000,0,0,0,0,713,713,711,711,1473,1473,CONSISTENT
24110,711985,99000,99000,0,0,0,0,0,2219715,99,711886,99,714,714,1426,598,1,1000,503,714,714,714,713,713,28,1,99000,99,99,99,5,1426,5,1426,99000,99,99000,99,2219715,99,16227359,0,712000,712000,16213605,16213605,712000,712000,0,0,0,0,713,713,712,712,598,598,CONSISTENT
24120,712262,99000,99000,0,0,0,0,0,2219715,99,712163,99,714,714,1426,875,1,1000,503,714,714,714,713,713,38,1,99000,99,99,99,5,1426,5,1426,99000,99,99000,99,2219715,99,16233730,0,712000,712000,16213605,16213605,712000,712000,0,0,0,0,713,713,712,712,875,875,CONSISTENT
24130,712524,99000,99000,0,0,0,0,0,2219715,99,712425,99,715,715,1427,1137,2,0,1012,715,715,715,713,713,4,1,99000,99,99,99,5,1427,5,1427,99000,99,99000,99,2219715,99,16239756,0,713000,713000,16236605,16236605,712000,712000,0,0,0,0,714,714,712,712,1137,1137,CONSISTENT
24140,712791,99000,99000,0,0,0,0,0,2219715,99,712692,99,715,715,1427,1404,2,0,1012,715,715,715,713,713,14,1,99000,99,99,99,5,1427,5,1427,99000,99,99000,99,2219715,99,16245897,0,713000,713000,16236605,16236605,712000,712000,0,0,0,0,714,714,712,712,1406,1407,TORN-PERSISTENT
24150,712912,99000,99000,0,0,0,0,0,2219715,99,712813,99,715,715,1428,526,1,1000,486,715,715,715,714,714,22,1,99000,99,99,99,5,1428,5,1428,99000,99,99000,99,2219715,99,16248726,0,713000,713000,16236605,16236605,713000,713000,0,0,0,0,714,714,713,713,527,527,CONSISTENT
24160,713145,99000,99000,0,0,0,0,0,2219715,99,713046,99,715,715,1428,759,1,1000,486,715,715,715,714,714,33,1,99000,99,99,99,5,1428,5,1428,99000,99,99000,99,2219715,99,16254062,0,713000,713000,16236605,16236605,713000,713000,0,0,0,0,714,714,713,713,759,759,CONSISTENT
24170,713389,99000,99000,0,0,0,0,0,2219715,99,713290,99,715,715,1428,1003,2,1000,486,715,716,715,714,714,43,1,99000,99,99,99,5,1428,5,1428,99000,99,99000,99,2219715,99,16259697,0,714000,714000,16259605,16259605,713000,713000,0,0,0,0,715,715,713,713,1004,1004,CONSISTENT
24180,713669,99000,99000,0,0,0,0,0,2219715,99,713570,99,716,716,1429,1283,2,0,1021,716,716,716,714,714,8,1,99000,99,99,99,5,1429,5,1429,99000,99,99000,99,2219715,99,16266114,0,714000,714000,16259605,16259605,713000,713000,0,0,0,0,715,715,713,713,1284,1284,CONSISTENT
24190,713815,99000,99000,0,0,0,0,0,2219715,99,713716,99,716,716,1430,430,1,1000,388,716,716,716,715,715,18,1,99000,99,99,99,5,1430,5,1430,99000,99,99000,99,2219715,99,16269495,0,714000,714000,16259605,16259605,714000,714000,0,0,0,0,715,715,714,714,431,431,CONSISTENT
24200,714098,99000,99000,0,0,0,0,0,2219715,99,713999,99,716,716,1430,713,1,1000,388,716,716,716,715,715,28,1,99000,99,99,99,5,1430,5,1430,99000,99,99000,99,2219715,99,16276004,0,714000,714000,16259605,16259605,714000,714000,0,0,0,0,715,715,714,714,714,714,CONSISTENT
24210,714383,99000,99000,0,0,0,0,0,2219715,99,714284,99,716,716,1430,998,1,1000,388,716,716,716,715,715,38,1,99000,99,99,99,5,1430,5,1430,99000,99,99000,99,2219715,99,16282559,0,714000,714000,16259605,16259605,714000,714000,0,0,0,0,715,715,714,714,999,999,CONSISTENT
24220,714641,99000,99000,0,0,0,0,0,2219715,99,714542,99,717,717,1431,1256,2,0,1093,717,717,717,715,715,4,1,99000,99,99,99,5,1431,5,1431,99000,99,99000,99,2219715,99,16288493,0,715000,715000,16282605,16282605,714000,714000,0,0,0,0,716,716,714,714,1257,1257,CONSISTENT
24230,714781,99000,99000,0,0,0,0,0,2219715,99,714682,99,717,717,1432,397,1,1000,359,717,717,717,716,716,14,1,99000,99,99,99,5,1432,5,1432,99000,99,99000,99,2219715,99,16291759,0,715000,715000,16282605,16282605,715000,715000,0,0,0,0,716,716,715,715,399,400,TORN-PERSISTENT
24240,715071,99000,99000,0,0,0,0,0,2219715,99,714972,99,717,717,1432,687,1,1000,359,717,717,717,716,716,26,1,99000,99,99,99,5,1432,5,1432,99000,99,99000,99,2219715,99,16298406,0,715000,715000,16282605,16282605,715000,715000,0,0,0,0,716,716,715,715,687,687,CONSISTENT
24250,715365,99000,99000,0,0,0,0,0,2219715,99,715266,99,717,717,1432,981,1,1000,359,717,717,717,716,716,36,1,99000,99,99,99,5,1432,5,1432,99000,99,99000,99,2219715,99,16305168,0,715000,715000,16282605,16282605,715000,715000,0,0,0,0,716,716,715,715,981,981,CONSISTENT
24260,715647,99000,99000,0,0,0,0,0,2219715,99,715548,99,718,718,1433,1263,2,0,1027,718,718,718,716,716,8,1,99000,99,99,99,5,1433,5,1433,99000,99,99000,99,2219715,99,16311677,0,716000,716000,16305605,16305605,715000,715000,0,0,0,0,717,717,715,715,1265,1265,CONSISTENT
24270,715776,99000,99000,0,0,0,0,0,2219715,99,715677,99,718,718,1434,393,1,1000,337,718,718,718,717,717,16,1,99000,99,99,99,5,1434,5,1434,99000,99,99000,99,2219715,99,16314644,0,716000,716000,16305605,16305605,716000,716000,0,0,0,0,717,717,716,716,393,393,CONSISTENT
24280,716069,99000,99000,0,0,0,0,0,2219715,99,715970,99,718,718,1434,686,1,1000,337,718,718,718,717,717,26,1,99000,99,99,99,5,1434,5,1434,99000,99,99000,99,2219715,99,16321383,0,716000,716000,16305605,16305605,716000,716000,0,0,0,0,717,717,716,716,688,688,CONSISTENT
24290,716343,99000,99000,0,0,0,0,0,2219715,99,716244,99,718,718,1434,960,1,1000,337,718,718,718,717,717,37,1,99000,99,99,99,5,1434,5,1434,99000,99,99000,99,2219715,99,16327685,0,716000,716000,16305605,16305605,716000,716000,0,0,0,0,717,717,716,716,960,960,CONSISTENT
24300,716606,99000,99000,0,0,0,0,0,2219715,99,716507,99,719,719,1435,1223,2,0,1031,719,719,719,717,717,6,1,99000,99,99,99,5,1435,5,1435,99000,99,99000,99,2219715,99,16333734,0,717000,717000,16328605,16328605,716000,716000,0,0,0,0,718,718,716,716,1224,1224,CONSISTENT
24310,716714,99000,99000,0,0,0,0,0,2219715,99,716615,99,719,719,1436,332,1,1000,327,719,719,719,718,718,16,1,99000,99,99,99,5,1436,5,1436,99000,99,99000,99,2219715,99,16336241,0,717000,717000,16328605,16328605,717000,717000,0,0,0,0,718,718,717,717,332,332,CONSISTENT
24320,716943,99000,99000,0,0,0,0,0,2219715,99,716844,99,719,719,1436,561,1,1000,327,719,719,719,718,718,26,1,99000,99,99,99,5,1436,5,1436,99000,99,99000,99,2219715,99,16341508,0,717000,717000,16328605,16328605,717000,717000,0,0,0,0,718,718,717,717,564,564,CONSISTENT
24330,717189,99000,99000,0,0,0,0,0,2219715,99,717090,99,719,719,1436,807,1,1000,327,719,719,719,718,718,36,1,99000,99,99,99,5,1436,5,1436,99000,99,99000,99,2219715,99,16347166,0,717000,717000,16328605,16328605,717000,717000,0,0,0,0,718,718,717,717,809,809,CONSISTENT
24340,717462,99000,99000,0,0,0,0,0,2219715,99,717363,99,720,720,1437,1080,2,0,1020,720,720,720,718,718,2,1,99000,99,99,99,5,1437,5,1437,99000,99,99000,99,2219715,99,16353445,0,718000,718000,16351605,16351605,717000,717000,0,0,0,0,719,719,717,717,1083,1084,TORN-PERSISTENT
24350,717731,99000,99000,0,0,0,0,0,2219715,99,717632,99,720,720,1437,1349,2,0,1020,720,720,720,718,718,12,1,99000,99,99,99,5,1437,5,1437,99000,99,99000,99,2219715,99,16359632,0,718000,718000,16351605,16351605,717000,717000,0,0,0,0,719,719,717,717,1349,1349,CONSISTENT
24360,717943,99000,99000,0,0,0,0,0,2219715,99,717844,99,720,720,1438,562,1,1000,556,720,720,720,719,719,21,1,99000,99,99,99,5,1438,5,1438,99000,99,99000,99,2219715,99,16364531,0,718000,718000,16351605,16351605,718000,718000,0,0,0,0,719,719,718,718,562,562,CONSISTENT
24370,718158,99000,99000,0,0,0,0,0,2219715,99,718059,99,720,720,1438,777,1,1000,556,720,720,720,719,719,31,1,99000,99,99,99,5,1438,5,1438,99000,99,99000,99,2219715,99,16369476,0,718000,718000,16351605,16351605,718000,718000,0,0,0,0,719,719,718,718,777,777,CONSISTENT
24380,718417,99000,99000,0,0,0,0,0,2219715,99,718318,99,721,721,1439,1036,2,0,1009,721,721,721,719,719,0,1,99000,99,99,99,5,1439,5,1439,99000,99,99000,99,2219715,99,16375433,0,719000,719000,16374605,16374605,718000,718000,0,0,0,0,720,720,718,718,1036,1036,CONSISTENT
24390,718686,99000,99000,0,0,0,0,0,2219715,99,718587,99,721,721,1439,1305,2,0,1009,721,721,721,719,719,10,1,99000,99,99,99,5,1439,5,1439,99000,99,99000,99,2219715,99,16381620,0,719000,719000,16374605,16374605,718000,718000,0,0,0,0,720,720,718,718,1305,1305,CONSISTENT
24400,718961,99000,99000,0,0,0,0,0,2219715,99,718862,99,721,721,1440,581,1,1000,574,721,721,721,720,720,20,1,99000,99,99,99,5,1440,5,1440,99000,99,99000,99,2219715,99,16387968,0,719000,719000,16374605,16374605,719000,719000,0,0,0,0,720,720,719,719,581,581,CONSISTENT
24410,719121,99000,99000,0,0,0,0,0,2219715,99,719022,99,721,721,1440,741,1,1000,574,721,721,721,720,720,30,1,99000,99,99,99,5,1440,5,1440,99000,99,99000,99,2219715,99,16391648,0,719000,719000,16374605,16374605,719000,719000,0,0,0,0,720,720,719,719,743,743,CONSISTENT
24420,719382,99000,99000,0,0,0,0,0,2219715,99,719283,99,721,721,1440,1002,2,1000,574,721,722,721,720,720,40,1,99000,99,99,99,5,1440,5,1440,99000,99,99000,99,2219715,99,16397674,0,720000,720000,16397605,16397605,719000,719000,0,0,0,0,721,721,719,719,1004,1004,CONSISTENT
24430,719628,99000,99000,0,0,0,0,0,2219715,99,719529,99,722,722,1441,1248,2,0,1088,722,722,722,720,720,4,1,99000,99,99,99,5,1441,5,1441,99000,99,99000,99,2219715,99,16403355,0,720000,720000,16397605,16397605,719000,719000,0,0,0,0,721,721,719,719,1250,1250,CONSISTENT
24440,719849,99000,99000,0,0,0,0,0,2219715,99,719750,99,722,722,1441,1469,2,0,1088,722,722,722,720,720,16,1,99000,99,99,99,5,1441,5,1441,99000,99,99000,99,2219715,99,16408392,0,720000,720000,16397605,16397605,719000,719000,0,0,0,0,721,721,719,719,1470,1470,CONSISTENT
24450,719960,99000,99000,0,0,0,0,0,2219715,99,719861,99,722,722,1442,581,1,1000,471,722,722,722,721,721,26,1,99000,99,99,99,5,1442,5,1442,99000,99,99000,99,2219715,99,16410968,0,720000,720000,16397605,16397605,720000,720000,0,0,0,0,721,721,720,720,581,581,CONSISTENT
24460,720175,99000,99000,0,0,0,0,0,2219715,99,720076,99,722,722,1442,796,1,1000,471,722,722,722,721,721,36,1,99000,99,99,99,5,1442,5,1442,99000,99,99000,99,2219715,99,16415913,0,720000,720000,16397605,16397605,720000,720000,0,0,0,0,721,721,720,720,797,797,CONSISTENT
24470,720366,99000,99000,0,0,0,0,0,2219715,99,720267,99,722,722,1442,987,1,1000,471,722,722,722,721,721,46,1,99000,99,99,99,5,1442,5,1442,99000,99,99000,99,2219715,99,16420329,0,720000,720000,16397605,16397605,720000,720000,0,0,0,0,721,721,720,720,989,989,CONSISTENT
24480,720568,99000,99000,0,0,0,0,0,2219715,99,720469,99,723,723,1443,1189,2,0,1032,723,723,723,721,721,8,1,99000,99,99,99,5,1443,5,1443,99000,99,99000,99,2219715,99,16424975,0,721000,721000,16420605,16420605,720000,720000,0,0,0,0,722,722,720,720,1190,1190,CONSISTENT
24490,720771,99000,99000,0,0,0,0,0,2219715,99,720672,99,723,723,1443,1392,2,0,1032,723,723,723,721,721,18,1,99000,99,99,99,5,1443,5,1443,99000,99,99000,99,2219715,99,16429621,0,721000,721000,16420605,16420605,720000,720000,0,0,0,0,722,722,720,720,1392,1392,CONSISTENT
24500,720856,99000,99000,0,0,0,0,0,2219715,99,720757,99,723,723,1444,478,1,1000,438,723,723,723,722,722,26,1,99000,99,99,99,5,1444,5,1444,99000,99,99000,99,2219715,99,16431622,0,721000,721000,16420605,16420605,721000,721000,0,0,0,0,722,722,721,721,479,479,CONSISTENT
24510,721064,99000,99000,0,0,0,0,0,2219715,99,720965,99,723,723,1444,686,1,1000,438,723,723,723,722,722,36,1,99000,99,99,99,5,1444,5,1444,99000,99,99000,99,2219715,99,16436383,0,721000,721000,16420605,16420605,721000,721000,0,0,0,0,722,722,721,721,686,686,CONSISTENT
24520,721325,99000,99000,0,0,0,0,0,2219715,99,721226,99,723,723,1444,947,1,1000,438,723,723,723,722,722,46,1,99000,99,99,99,5,1444,5,1444,99000,99,99000,99,2219715,99,16442432,0,721000,721000,16420605,16420605,721000,721000,0,0,0,0,722,722,721,721,950,950,CONSISTENT
24530,721593,99000,99000,0,0,0,0,0,2219715,99,721494,99,724,724,1445,1215,2,0,1016,724,724,724,722,722,6,1,99000,99,99,99,5,1445,5,1445,99000,99,99000,99,2219715,99,16448550,0,722000,722000,16443605,16443605,721000,721000,0,0,0,0,723,723,721,721,1216,1216,CONSISTENT
24540,721870,99000,99000,0,0,0,0,0,2219715,99,721771,99,724,724,1445,1492,2,0,1016,724,724,724,722,722,16,1,99000,99,99,99,5,1445,5,1445,99000,99,99000,99,2219715,99,16454944,0,722000,722000,16443605,16443605,721000,721000,0,0,0,0,723,723,721,721,1494,1495,TORN-PERSISTENT
24550,722020,99000,99000,0,0,0,0,0,2219715,99,721921,99,724,724,1446,643,1,1000,637,724,724,724,723,723,26,1,99000,99,99,99,5,1446,5,1446,99000,99,99000,99,2219715,99,16458394,0,722000,722000,16443605,16443605,722000,722000,0,0,0,0,723,723,722,722,643,643,CONSISTENT
24560,722250,99000,99000,0,0,0,0,0,2219715,99,722151,99,724,724,1446,873,1,1000,637,724,724,724,723,723,36,1,99000,99,99,99,5,1446,5,1446,99000,99,99000,99,2219715,99,16463684,0,722000,722000,16443605,16443605,722000,722000,0,0,0,0,723,723,722,722,876,877,TORN-PERSISTENT
24570,722532,99000,99000,0,0,0,0,0,2219715,99,722433,99,725,725,1447,1155,2,0,1041,725,725,725,723,723,4,1,99000,99,99,99,5,1447,5,1447,99000,99,99000,99,2219715,99,16470170,0,723000,723000,16466605,16466605,722000,722000,0,0,0,0,724,724,722,722,1159,1159,CONSISTENT
24580,722809,99000,99000,0,0,0,0,0,2219715,99,722710,99,725,725,1447,1432,2,0,1041,725,725,725,723,723,14,1,99000,99,99,99,5,1447,5,1447,99000,99,99000,99,2219715,99,16476541,0,723000,723000,16466605,16466605,722000,722000,0,0,0,0,724,724,722,722,1432,1432,CONSISTENT
24590,723005,99000,99000,0,0,0,0,0,2219715,99,722906,99,725,725,1448,629,1,1000,622,725,725,725,724,724,24,1,99000,99,99,99,5,1448,5,1448,99000,99,99000,99,2219715,99,16481072,0,723000,723000,16466605,16466605,723000,723000,0,0,0,0,724,724,723,723,629,629,CONSISTENT
24600,723218,99000,99000,0,0,0,0,0,2219715,99,723119,99,725,725,1448,842,1,1000,622,725,725,725,724,724,34,1,99000,99,99,99,5,1448,5,1448,99000,99,99000,99,2219715,99,16485971,0,723000,723000,16466605,16466605,723000,723000,0,0,0,0,724,724,723,723,842,842,CONSISTENT
24610,723413,99000,99000,0,0,0,0,0,2219715,99,723314,99,725,725,1448,1037,2,1000,622,725,726,725,724,724,43,1,99000,99,99,99,5,1448,5,1448,99000,99,99000,99,2219715,99,16490456,0,724000,724000,16489605,16489605,723000,723000,0,0,0,0,725,725,723,723,1038,1038,CONSISTENT
24620,723662,99000,99000,0,0,0,0,0,2219715,99,723563,99,726,726,1449,1286,2,0,1053,726,726,726,724,724,8,1,99000,99,99,99,5,1449,5,1449,99000,99,99000,99,2219715,99,16496183,0,724000,724000,16489605,16489605,723000,723000,0,0,0,0,725,725,723,723,1290,1291,TORN-PERSISTENT
24630,723813,99000,99000,0,0,0,0,0,2219715,99,723714,99,726,726,1450,438,1,1000,420,726,726,726,725,725,18,1,99000,99,99,99,5,1450,5,1450,99000,99,99000,99,2219715,99,16499679,0,724000,724000,16489605,16489605,724000,724000,0,0,0,0,725,725,724,724,438,438,CONSISTENT
24640,724097,99000,99000,0,0,0,0,0,2219715,99,723998,99,726,726,1450,722,1,1000,420,726,726,726,725,725,26,1,99000,99,99,99,5,1450,5,1450,99000,99,99000,99,2219715,99,16506211,0,724000,724000,16489605,16489605,724000,724000,0,0,0,0,725,725,724,724,723,723,CONSISTENT
24650,724373,99000,99000,0,0,0,0,0,2219715,99,724274,99,726,726,1450,998,1,1000,420,726,726,726,725,725,36,1,99000,99,99,99,5,1450,5,1450,99000,99,99000,99,2219715,99,16512559,0,724000,724000,16489605,16489605,724000,724000,0,0,0,0,725,725,724,724,998,998,CONSISTENT
24660,724654,99000,99000,0,0,0,0,0,2219715,99,724555,99,727,727,1451,1279,2,0,1055,727,727,727,725,725,6,1,99000,99,99,99,5,1451,5,1451,99000,99,99000,99,2219715,99,16519022,0,725000,725000,16512605,16512605,724000,724000,0,0,0,0,726,726,724,724,1279,1279,CONSISTENT
24670,724798,99000,99000,0,0,0,0,0,2219715,99,724699,99,727,727,1452,424,1,1000,416,727,727,727,726,726,16,1,99000,99,99,99,5,1452,5,1452,99000,99,99000,99,2219715,99,16522357,0,725000,725000,16512605,16512605,725000,725000,0,0,0,0,726,726,725,725,424,424,CONSISTENT
24680,725052,99000,99000,0,0,0,0,0,2219715,99,724953,99,727,727,1452,678,1,1000,416,727,727,727,726,726,26,1,99000,99,99,99,5,1452,5,1452,99000,99,99000,99,2219715,99,16528199,0,725000,725000,16512605,16512605,725000,725000,0,0,0,0,726,726,725,725,678,678,CONSISTENT
24690,725341,99000,99000,0,0,0,0,0,2219715,99,725242,99,727,727,1452,967,1,1000,416,727,727,727,726,726,36,1,99000,99,99,99,5,1452,5,1452,99000,99,99000,99,2219715,99,16534846,0,725000,725000,16512605,16512605,725000,725000,0,0,0,0,726,726,725,725,967,967,CONSISTENT
24700,725621,99000,99000,0,0,0,0,0,2219715,99,725522,99,728,728,1453,1247,2,0,1037,728,728,728,726,726,6,1,99000,99,99,99,5,1453,5,1453,99000,99,99000,99,2219715,99,16541309,0,726000,726000,16535605,16535605,725000,725000,0,0,0,0,727,727,725,725,1250,1250,CONSISTENT
24710,725784,99000,99000,0,0,0,0,0,2219715,99,725685,99,728,728,1454,411,1,1000,402,728,728,728,727,727,16,1,99000,99,99,99,5,1454,5,1454,99000,99,99000,99,2219715,99,16545058,0,726000,726000,16535605,16535605,726000,726000,0,0,0,0,727,727,726,726,411,411,CONSISTENT
24720,726037,99000,99000,0,0,0,0,0,2219715,99,725938,99,728,728,1454,664,1,1000,402,728,728,728,727,727,26,1,99000,99,99,99,5,1454,5,1454,99000,99,99000,99,2219715,99,16550877,0,726000,726000,16535605,16535605,726000,726000,0,0,0,0,727,727,726,726,665,665,CONSISTENT
24730,726283,99000,99000,0,0,0,0,0,2219715,99,726184,99,728,728,1454,910,1,1000,402,728,728,728,727,727,36,1,99000,99,99,99,5,1454,5,1454,99000,99,99000,99,2219715,99,16556535,0,726000,726000,16535605,16535605,726000,726000,0,0,0,0,727,727,726,726,910,910,CONSISTENT
24740,726560,99000,99000,0,0,0,0,0,2219715,99,726461,99,729,729,1455,1187,2,0,1015,729,729,729,727,727,6,1,99000,99,99,99,5,1455,5,1455,99000,99,99000,99,2219715,99,16562906,0,727000,727000,16558605,16558605,726000,726000,0,0,0,0,728,728,726,726,1188,1188,CONSISTENT
24750,726780,99000,99000,0,0,0,0,0,2219715,99,726681,99,729,729,1456,408,1,1000,398,729,729,729,728,728,16,1,99000,99,99,99,5,1456,5,1456,99000,99,99000,99,2219715,99,16567989,0,727000,727000,16558605,16558605,727000,727000,0,0,0,0,728,728,727,727,408,408,CONSISTENT
24760,726973,99000,99000,0,0,0,0,0,2219715,99,726874,99,729,729,1456,601,1,1000,398,729,729,729,728,728,26,1,99000,99,99,99,5,1456,5,1456,99000,99,99000,99,2219715,99,16572428,0,727000,727000,16558605,16558605,727000,727000,0,0,0,0,728,728,727,727,603,603,CONSISTENT
24770,727243,99000,99000,0,0,0,0,0,2219715,99,727144,99,729,729,1456,871,1,1000,398,729,729,729,728,728,36,1,99000,99,99,99,5,1456,5,1456,99000,99,99000,99,2219715,99,16578638,0,727000,727000,16558605,16558605,727000,727000,0,0,0,0,728,728,727,727,871,871,CONSISTENT
24780,727456,99000,99000,0,0,0,0,0,2219715,99,727357,99,730,730,1457,1084,2,0,1024,730,730,730,728,728,2,1,99000,99,99,99,5,1457,5,1457,99000,99,99000,99,2219715,99,16583560,0,728000,728000,16581605,16581605,727000,727000,0,0,0,0,729,729,727,727,1085,1085,CONSISTENT
24790,727708,99000,99000,0,0,0,0,0,2219715,99,727609,99,730,730,1457,1336,2,0,1024,730,730,730,728,728,12,1,99000,99,99,99,5,1457,5,1457,99000,99,99000,99,2219715,99,16589333,0,728000,728000,16581605,16581605,727000,727000,0,0,0,0,729,729,727,727,1336,1336,CONSISTENT
24800,727854,99000,99000,0,0,0,0,0,2219715,99,727755,99,730,730,1458,483,1,1000,453,730,730,730,729,729,22,1,99000,99,99,99,5,1458,5,1458,99000,99,99000,99,2219715,99,16592714,0,728000,728000,16581605,16581605,728000,728000,0,0,0,0,729,729,728,728,483,483,CONSISTENT
24810,728099,99000,99000,0,0,0,0,0,2219715,99,728000,99,730,730,1458,728,1,1000,453,730,730,730,729,729,32,1,99000,99,99,99,5,1458,5,1458,99000,99,99000,99,2219715,99,16598349,0,728000,728000,16581605,16581605,728000,728000,0,0,0,0,729,729,728,728,728,728,CONSISTENT
24820,728364,99000,99000,0,0,0,0,0,2219715,99,728265,99,730,730,1458,993,1,1000,453,730,730,730,729,729,42,1,99000,99,99,99,5,1458,5,1458,99000,99,99000,99,2219715,99,16604467,0,728000,728000,16581605,16581605,728000,728000,0,0,0,0,729,729,728,728,994,994,CONSISTENT
24830,728606,99000,99000,0,0,0,0,0,2219715,99,728507,99,731,731,1459,1235,2,0,1009,731,731,731,729,729,8,1,99000,99,99,99,5,1459,5,1459,99000,99,99000,99,2219715,99,16610033,0,729000,729000,16604605,16604605,728000,728000,0,0,0,0,730,730,728,728,1237,1237,CONSISTENT
24840,728880,99000,99000,0,0,0,0,0,2219715,99,728781,99,731,731,1459,1509,2,0,1009,731,731,731,729,729,18,1,99000,99,99,99,5,1459,5,1459,99000,99,99000,99,2219715,99,16616312,0,729000,729000,16604605,16604605,728000,728000,0,0,0,0,730,730,728,728,1510,1510,CONSISTENT
24850,729036,99000,99000,0,0,0,0,0,2219715,99,728937,99,731,731,1460,666,1,1000,552,731,731,731,730,730,27,1,99000,99,99,99,5,1460,5,1460,99000,99,99000,99,2219715,99,16619923,0,729000,729000,16604605,16604605,729000,729000,0,0,0,0,730,730,729,729,666,666,CONSISTENT
24860,729325,99000,99000,0,0,0,0,0,2219715,99,729226,99,731,731,1460,955,1,1000,552,731,731,731,730,730,39,1,99000,99,99,99,5,1460,5,1460,99000,99,99000,99,2219715,99,16626570,0,729000,729000,16604605,16604605,729000,729000,0,0,0,0,730,730,729,729,955,955,CONSISTENT
24870,729607,99000,99000,0,0,0,0,0,2219715,99,729508,99,732,732,1461,1237,2,0,1006,732,732,732,730,730,8,1,99000,99,99,99,5,1461,5,1461,99000,99,99000,99,2219715,99,16633056,0,730000,730000,16627605,16627605,729000,729000,0,0,0,0,731,731,729,729,1238,1238,CONSISTENT
24880,729868,99000,99000,0,0,0,0,0,2219715,99,729769,99,732,732,1461,1498,2,0,1006,732,732,732,730,730,16,1,99000,99,99,99,5,1461,5,1461,99000,99,99000,99,2219715,99,16639059,0,730000,730000,16627605,16627605,729000,729000,0,0,0,0,731,731,729,729,1498,1498,CONSISTENT
24890,730004,99000,99000,0,0,0,0,0,2219715,99,729905,99,732,732,1462,635,1,1000,548,732,732,732,731,731,26,1,99000,99,99,99,5,1462,5,1462,99000,99,99000,99,2219715,99,16642210,0,730000,730000,16627605,16627605,730000,730000,0,0,0,0,731,731,730,730,635,635,CONSISTENT
24900,730276,99000,99000,0,0,0,0,0,2219715,99,730177,99,732,732,1462,907,1,1000,548,732,732,732,731,731,36,1,99000,99,99,99,5,1462,5,1462,99000,99,99000,99,2219715,99,16648466,0,730000,730000,16627605,16627605,730000,730000,0,0,0,0,731,731,730,730,907,907,CONSISTENT
24910,730442,99000,99000,0,0,0,0,0,2219715,99,730343,99,733,733,1463,1073,2,0,1049,733,733,733,731,731,0,1,99000,99,99,99,5,1463,5,1463,99000,99,99000,99,2219715,99,16652284,0,731000,731000,16650605,16650605,730000,730000,0,0,0,0,732,732,730,730,1073,1073,CONSISTENT
24920,730698,99000,99000,0,0,0,0,0,2219715,99,730599,99,733,733,1463,1329,2,0,1049,733,733,733,731,731,10,1,99000,99,99,99,5,1463,5,1463,99000,99,99000,99,2219715,99,16658172,0,731000,731000,16650605,16650605,730000,730000,0,0,0,0,732,732,730,730,1329,1329,CONSISTENT
24930,730815,99000,99000,0,0,0,0,0,2219715,99,730716,99,733,733,1464,447,1,1000,439,733,733,733,732,732,18,1,99000,99,99,99,5,1464,5,1464,99000,99,99000,99,2219715,99,16660886,0,731000,731000,16650605,16650605,731000,731000,0,0,0,0,732,732,731,731,447,447,CONSISTENT
24940,731066,99000,99000,0,0,0,0,0,2219715,99,730967,99,733,733,1464,699,1,1000,439,733,733,733,732,732,29,1,99000,99,99,99,5,1464,5,1464,99000,99,99000,99,2219715,99,16666682,0,731000,731000,16650605,16650605,731000,731000,0,0,0,0,732,732,731,731,701,702,TORN-PERSISTENT
24950,731338,99000,99000,0,0,0,0,0,2219715,99,731239,99,733,733,1464,970,1,1000,439,733,733,733,732,732,39,1,99000,99,99,99,5,1464,5,1464,99000,99,99000,99,2219715,99,16672915,0,731000,731000,16650605,16650605,731000,731000,0,0,0,0,732,732,731,731,970,970,CONSISTENT
24960,731600,99000,99000,0,0,0,0,0,2219715,99,731501,99,734,734,1465,1232,2,0,1032,734,734,734,732,732,6,1,99000,99,99,99,5,1465,5,1465,99000,99,99000,99,2219715,99,16678941,0,732000,732000,16673605,16673605,731000,731000,0,0,0,0,733,733,731,731,1234,1234,CONSISTENT
24970,731895,99000,99000,0,0,0,0,0,2219715,99,731796,99,734,734,1465,1527,2,0,1032,734,734,734,732,732,18,1,99000,99,99,99,5,1465,5,1465,99000,99,99000,99,2219715,99,16685726,0,732000,732000,16673605,16673605,731000,731000,0,0,0,0,733,733,731,731,1527,1527,CONSISTENT
24980,732012,99000,99000,0,0,0,0,0,2219715,99,731913,99,734,734,1466,645,1,1000,627,734,734,734,733,733,26,1,99000,99,99,99,5,1466,5,1466,99000,99,99000,99,2219715,99,16688440,0,732000,732000,16673605,16673605,732000,732000,0,0,0,0,733,733,732,732,645,645,CONSISTENT
24990,732289,99000,99000,0,0,0,0,0,2219715,99,732190,99,734,734,1466,922,1,1000,627,734,734,734,733,733,36,1,99000,99,99,99,5,1466,5,1466,99000,99,99000,99,2219715,99,16694811,0,732000,732000,16673605,16673605,732000,732000,0,0,0,0,733,733,732,732,923,924,TORN-PERSISTENT
25000,732570,99000,99000,0,0,0,0,0,2219715,99,732471,99,735,735,1467,1203,2,0,1019,735,735,735,733,733,6,1,99000,99,99,99,5,1467,5,1467,99000,99,99000,99,2219715,99,16701274,0,733000,733000,16696605,16696605,732000,732000,0,0,0,0,734,734,732,732,1203,1203,CONSISTENT
25010,732854,99000,99000,0,0,0,0,0,2219715,99,732755,99,735,735,1467,1487,2,0,1019,735,735,735,733,733,16,1,99000,99,99,99,5,1467,5,1467,99000,99,99000,99,2219715,99,16707806,0,733000,733000,16696605,16696605,732000,732000,0,0,0,0,734,734,732,732,1488,1488,CONSISTENT
25020,733010,99000,99000,0,0,0,0,0,2219715,99,732911,99,735,735,1468,644,1,1000,621,735,735,735,734,734,26,1,99000,99,99,99,5,1468,5,1468,99000,99,99000,99,2219715,99,16711417,0,733000,733000,16696605,16696605,733000,733000,0,0,0,0,734,734,733,733,646,646,CONSISTENT
25030,733264,99000,99000,0,0,0,0,0,2219715,99,733165,99,735,735,1468,898,1,1000,621,735,735,735,734,734,36,1,99000,99,99,99,5,1468,5,1468,99000,99,99000,99,2219715,99,16717259,0,733000,733000,16696605,16696605,733000,733000,0,0,0,0,734,734,733,733,900,900,CONSISTENT
25040,733550,99000,99000,0,0,0,0,0,2219715,99,733451,99,736,736,1469,1184,2,0,1009,736,736,736,734,734,6,1,99000,99,99,99,5,1469,5,1469,99000,99,99000,99,2219715,99,16723860,0,734000,734000,16719605,16719605,733000,733000,0,0,0,0,735,735,733,733,1185,1185,CONSISTENT
25050,733828,99000,99000,0,0,0,0,0,2219715,99,733729,99,736,736,1469,1462,2,0,1009,736,736,736,734,734,16,1,99000,99,99,99,5,1469,5,1469,99000,99,99000,99,2219715,99,16730231,0,734000,734000,16719605,16719605,733000,733000,0,0,0,0,735,735,733,733,1462,1462,CONSISTENT
25060,733968,99000,99000,0,0,0,0,0,2219715,99,733869,99,736,736,1470,603,1,1000,545,736,736,736,735,735,25,1,99000,99,99,99,5,1470,5,1470,99000,99,99000,99,2219715,99,16733474,0,734000,734000,16719605,16719605,734000,734000,0,0,0,0,735,735,734,734,606,606,CONSISTENT
25070,734200,99000,99000,0,0,0,0,0,2219715,99,734101,99,736,736,1470,835,1,1000,545,736,736,736,735,735,35,1,99000,99,99,99,5,1470,5,1470,99000,99,99000,99,2219715,99,16738833,0,734000,734000,16719605,16719605,734000,734000,0,0,0,0,735,735,734,734,837,837,CONSISTENT
25080,734468,99000,99000,0,0,0,0,0,2219715,99,734369,99,737,737,1471,1103,2,0,1024,737,737,737,735,735,2,1,99000,99,99,99,5,1471,5,1471,99000,99,99000,99,2219715,99,16744997,0,735000,735000,16742605,16742605,734000,734000,0,0,0,0,736,736,734,734,1104,1104,CONSISTENT
25090,734724,99000,99000,0,0,0,0,0,2219715,99,734625,99,737,737,1471,1359,2,0,1024,737,737,737,735,735,12,1,99000,99,99,99,5,1471,5,1471,99000,99,99000,99,2219715,99,16750885,0,735000,735000,16742605,16742605,734000,734000,0,0,0,0,736,736,734,734,1360,1360,CONSISTENT
25100,734998,99000,99000,0,0,0,0,0,2219715,99,734899,99,737,737,1472,634,1,1000,629,737,737,737,736,736,23,1,99000,99,99,99,5,1472,5,1472,99000,99,99000,99,2219715,99,16757187,0,735000,735000,16742605,16742605,735000,735000,0,0,0,0,736,736,735,735,634,634,CONSISTENT
25110,735148,99000,99000,0,0,0,0,0,2219715,99,735049,99,737,737,1472,784,1,1000,629,737,737,737,736,736,32,1,99000,99,99,99,5,1472,5,1472,99000,99,99000,99,2219715,99,16760637,0,735000,735000,16742605,16742605,735000,735000,0,0,0,0,736,736,735,735,785,785,CONSISTENT
25120,735362,99000,99000,0,0,0,0,0,2219715,99,735263,99,737,737,1472,998,1,1000,629,737,737,737,736,736,42,1,99000,99,99,99,5,1472,5,1472,99000,99,99000,99,2219715,99,16765559,0,735000,735000,16742605,16742605,735000,735000,0,0,0,0,736,736,735,735,1000,1000,CONSISTENT
25130,735615,99000,99000,0,0,0,0,0,2219715,99,735516,99,738,738,1473,1251,2,0,1101,738,738,738,736,736,6,1,99000,99,99,99,5,1473,5,1473,99000,99,99000,99,2219715,99,16771378,0,736000,736000,16765605,16765605,735000,735000,0,0,0,0,737,737,735,735,1251,1251,CONSISTENT
25140,735865,99000,99000,0,0,0,0,0,2219715,99,735766,99,738,738,1473,1501,2,0,1101,738,738,738,736,736,16,1,99000,99,99,99,5,1473,5,1473,99000,99,99000,99,2219715,99,16777128,0,736000,736000,16765605,16765605,735000,735000,0,0,0,0,737,737,735,735,1501,1501,CONSISTENT
25150,736001,99000,99000,0,0,0,0,0,2219715,99,735902,99,738,738,1474,638,1,1000,527,738,738,738,737,737,26,1,99000,99,99,99,5,1474,5,1474,99000,99,99000,99,2219715,99,16780279,0,736000,736000,16765605,16765605,736000,736000,0,0,0,0,737,737,736,736,638,638,CONSISTENT
25160,736266,99000,99000,0,0,0,0,0,2219715,99,736167,99,738,738,1474,903,1,1000,527,738,738,738,737,737,36,1,99000,99,99,99,5,1474,5,1474,99000,99,99000,99,2219715,99,16786374,0,736000,736000,16765605,16765605,736000,736000,0,0,0,0,737,737,736,736,904,904,CONSISTENT
25170,736490,99000,99000,0,0,0,0,0,2219715,99,736391,99,739,739,1475,1127,2,0,1038,739,739,739,737,737,2,1,99000,99,99,99,5,1475,5,1475,99000,99,99000,99,2219715,99,16791526,0,737000,737000,16788605,16788605,736000,736000,0,0,0,0,738,738,736,736,1130,1130,CONSISTENT
25180,736737,99000,99000,0,0,0,0,0,2219715,99,736638,99,739,739,1475,1374,2,0,1038,739,739,739,737,737,12,1,99000,99,99,99,5,1475,5,1475,99000,99,99000,99,2219715,99,16797207,0,737000,737000,16788605,16788605,736000,736000,0,0,0,0,738,738,736,736,1376,1376,CONSISTENT
25190,736873,99000,99000,0,0,0,0,0,2219715,99,736774,99,739,739,1476,511,1,1000,461,739,739,739,738,738,22,1,99000,99,99,99,5,1476,5,1476,99000,99,99000,99,2219715,99,16800358,0,737000,737000,16788605,16788605,737000,737000,0,0,0,0,738,738,737,737,514,514,CONSISTENT
25200,737115,99000,99000,0,0,0,0,0,2219715,99,737016,99,739,739,1476,753,1,1000,461,739,739,739,738,738,33,1,99000,99,99,99,5,1476,5,1476,99000,99,99000,99,2219715,99,16805924,0,737000,737000,16788605,16788605,737000,737000,0,0,0,0,738,738,737,737,753,753,CONSISTENT
25210,737276,99000,99000,0,0,0,0,0,2219715,99,737177,99,739,739,1476,914,1,1000,461,739,739,739,738,738,43,1,99000,99,99,99,5,1476,5,1476,99000,99,99000,99,2219715,99,16809650,0,737000,737000,16788605,16788605,737000,737000,0,0,0,0,738,738,737,737,915,915,CONSISTENT
25220,737557,99000,99000,0,0,0,0,0,2219715,99,737458,99,740,740,1477,1195,2,0,1024,740,740,740,738,738,6,1,99000,99,99,99,5,1477,5,1477,99000,99,99000,99,2219715,99,16816113,0,738000,738000,16811605,16811605,737000,737000,0,0,0,0,739,739,737,737,1197,1197,CONSISTENT
25230,737839,99000,99000,0,0,0,0,0,2219715,99,737740,99,740,740,1477,1477,2,0,1024,740,740,740,738,738,16,1,99000,99,99,99,5,1477,5,1477,99000,99,99000,99,2219715,99,16822576,0,738000,738000,16811605,16811605,737000,737000,0,0,0,0,739,739,737,737,1477,1477,CONSISTENT
25240,737975,99000,99000,0,0,0,0,0,2219715,99,737876,99,740,740,1478,614,1,1000,607,740,740,740,739,739,26,1,99000,99,99,99,5,1478,5,1478,99000,99,99000,99,2219715,99,16825727,0,738000,738000,16811605,16811605,738000,738000,0,0,0,0,739,739,738,738,615,615,CONSISTENT
25250,738230,99000,99000,0,0,0,0,0,2219715,99,738131,99,740,740,1478,869,1,1000,607,740,740,740,739,739,36,1,99000,99,99,99,5,1478,5,1478,99000,99,99000,99,2219715,99,16831592,0,738000,738000,16811605,16811605,738000,738000,0,0,0,0,739,739,738,738,869,869,CONSISTENT
25261,738481,99000,99000,0,0,0,0,0,2219715,99,738382,99,741,741,1479,1120,2,0,1004,741,741,741,739,739,4,1,99000,99,99,99,5,1479,5,1479,99000,99,99000,99,2219715,99,16837388,0,739000,739000,16834605,16834605,738000,738000,0,0,0,0,740,740,738,738,1121,1121,CONSISTENT
25270,738698,99000,99000,0,0,0,0,0,2219715,99,738599,99,741,741,1479,1337,2,0,1004,741,741,741,739,739,13,1,99000,99,99,99,5,1479,5,1479,99000,99,99000,99,2219715,99,16842356,0,739000,739000,16834605,16834605,738000,738000,0,0,0,0,740,740,738,738,1337,1337,CONSISTENT
25280,738848,99000,99000,0,0,0,0,0,2219715,99,738749,99,741,741,1480,488,1,1000,478,741,741,741,740,740,23,1,99000,99,99,99,5,1480,5,1480,99000,99,99000,99,2219715,99,16845829,0,739000,739000,16834605,16834605,739000,739000,0,0,0,0,740,740,739,739,488,488,CONSISTENT
25290,739098,99000,99000,0,0,0,0,0,2219715,99,738999,99,741,741,1480,738,1,1000,478,741,741,741,740,740,33,1,99000,99,99,99,5,1480,5,1480,99000,99,99000,99,2219715,99,16851579,0,739000,739000,16834605,16834605,739000,739000,0,0,0,0,740,740,739,739,740,740,CONSISTENT
25300,739376,99000,99000,0,0,0,0,0,2219715,99,739277,99,741,741,1480,1016,2,1000,478,741,742,741,740,740,43,1,99000,99,99,99,5,1480,5,1480,99000,99,99000,99,2219715,99,16857973,0,740000,740000,16857605,16857605,739000,739000,0,0,0,0,741,741,739,739,1017,1017,CONSISTENT
25310,739616,99000,99000,0,0,0,0,0,2219715,99,739517,99,742,742,1481,1256,2,0,1027,742,742,742,740,740,8,1,99000,99,99,99,5,1481,5,1481,99000,99,99000,99,2219715,99,16863516,0,740000,740000,16857605,16857605,739000,739000,0,0,0,0,741,741,739,739,1257,1257,CONSISTENT
25320,739820,99000,99000,0,0,0,0,0,2219715,99,739721,99,742,742,1482,461,1,1000,457,742,742,742,741,741,18,1,99000,99,99,99,5,1482,5,1482,99000,99,99000,99,2219715,99,16868208,0,740000,740000,16857605,16857605,740000,740000,0,0,0,0,741,741,740,740,461,461,CONSISTENT
25330,740008,99000,99000,0,0,0,0,0,2219715,99,739909,99,742,742,1482,649,1,1000,457,742,742,742,741,741,28,1,99000,99,99,99,5,1482,5,1482,99000,99,99000,99,2219715,99,16872532,0,740000,740000,16857605,16857605,740000,740000,0,0,0,0,741,741,740,740,649,649,CONSISTENT
25340,740271,99000,99000,0,0,0,0,0,2219715,99,740172,99,742,742,1482,912,1,1000,457,742,742,742,741,741,39,1,99000,99,99,99,5,1482,5,1482,99000,99,99000,99,2219715,99,16878581,0,740000,740000,16857605,16857605,740000,740000,0,0,0,0,741,741,740,740,914,915,TORN-PERSISTENT
25350,740530,99000,99000,0,0,0,0,0,2219715,99,740431,99,743,743,1483,1171,2,0,1008,743,743,743,741,741,6,1,99000,99,99,99,5,1483,5,1483,99000,99,99000,99,2219715,99,16884538,0,741000,741000,16880605,16880605,740000,740000,0,0,0,0,742,742,740,740,1171,1171,CONSISTENT
25360,740723,99000,99000,0,0,0,0,0,2219715,99,740624,99,743,743,1484,365,1,1000,358,743,743,743,742,742,14,1,99000,99,99,99,5,1484,5,1484,99000,99,99000,99,2219715,99,16889000,0,741000,741000,16880605,16880605,741000,741000,0,0,0,0,742,742,741,741,365,365,CONSISTENT
25370,740912,99000,99000,0,0,0,0,0,2219715,99,740813,99,743,743,1484,554,1,1000,358,743,743,743,742,742,24,1,99000,99,99,99,5,1484,5,1484,99000,99,99000,99,2219715,99,16893347,0,741000,741000,16880605,16880605,741000,741000,0,0,0,0,742,742,741,741,554,554,CONSISTENT
25380,741169,99000,99000,0,0,0,0,0,2219715,99,741070,99,743,743,1484,811,1,1000,358,743,743,743,742,742,36,1,99000,99,99,99,5,1484,5,1484,99000,99,99000,99,2219715,99,16899258,0,741000,741000,16880605,16880605,741000,741000,0,0,0,0,742,742,741,741,813,814,TORN-PERSISTENT
25390,741438,99000,99000,0,0,0,0,0,2219715,99,741339,99,744,744,1485,1080,2,0,1020,744,744,744,742,742,2,1,99000,99,99,99,5,1485,5,1485,99000,99,99000,99,2219715,99,16905445,0,742000,742000,16903605,16903605,741000,741000,0,0,0,0,743,743,741,741,1081,1081,CONSISTENT
25400,741713,99000,99000,0,0,0,0,0,2219715,99,741614,99,744,744,1485,1355,2,0,1020,744,744,744,742,742,12,1,99000,99,99,99,5,1485,5,1485,99000,99,99000,99,2219715,99,16911816,0,742000,742000,16903605,16903605,741000,741000,0,0,0,0,743,743,741,741,1358,1358,CONSISTENT
25410,741941,99000,99000,0,0,0,0,0,2219715,99,741842,99,744,744,1486,584,1,1000,576,744,744,744,743,743,21,1,99000,99,99,99,5,1486,5,1486,99000,99,99000,99,2219715,99,16917037,0,742000,742000,16903605,16903605,742000,742000,0,0,0,0,743,743,742,742,584,584,CONSISTENT
25420,742097,99000,99000,0,0,0,0,0,2219715,99,741998,99,744,744,1486,740,1,1000,576,744,744,744,743,743,31,1,99000,99,99,99,5,1486,5,1486,99000,99,99000,99,2219715,99,16920625,0,742000,742000,16903605,16903605,742000,742000,0,0,0,0,743,743,742,742,742,743,TORN-PERSISTENT
25430,742364,99000,99000,0,0,0,0,0,2219715,99,742265,99,744,744,1486,1007,2,1000,576,744,745,744,743,743,41,1,99000,99,99,99,5,1486,5,1486,99000,99,99000,99,2219715,99,16926766,0,743000,743000,16926605,16926605,742000,742000,0,0,0,0,744,744,742,742,1007,1007,CONSISTENT
25440,742550,99000,99000,0,0,0,0,0,2219715,99,742451,99,745,745,1488,194,1,1000,189,745,745,745,744,744,8,1,99000,99,99,99,5,1488,5,1488,99000,99,99000,99,2219715,99,16931067,0,743000,743000,16926605,16926605,743000,743000,0,0,0,0,744,744,743,743,194,194,CONSISTENT
25451,742763,99000,99000,0,0,0,0,0,2219715,99,742664,99,745,745,1488,407,1,1000,189,745,745,745,744,744,18,1,99000,99,99,99,5,1488,5,1488,99000,99,99000,99,2219715,99,16935966,0,743000,743000,16926605,16926605,743000,743000,0,0,0,0,744,744,743,743,410,410,CONSISTENT
25460,742986,99000,99000,0,0,0,0,0,2219715,99,742887,99,745,745,1488,630,1,1000,189,745,745,745,744,744,28,1,99000,99,99,99,5,1488,5,1488,99000,99,99000,99,2219715,99,16941095,0,743000,743000,16926605,16926605,743000,743000,0,0,0,0,744,744,743,743,634,634,CONSISTENT
25470,743238,99000,99000,0,0,0,0,0,2219715,99,743139,99,745,745,1488,882,1,1000,189,745,745,745,744,744,38,1,99000,99,99,99,5,1488,5,1488,99000,99,99000,99,2219715,99,16946891,0,743000,743000,16926605,16926605,743000,743000,0,0,0,0,744,744,743,743,882,882,CONSISTENT
25480,743483,99000,99000,0,0,0,0,0,2219715,99,743384,99,746,746,1489,1127,2,0,1034,746,746,746,744,744,4,1,99000,99,99,99,5,1489,5,1489,99000,99,99000,99,2219715,99,16952549,0,744000,744000,16949605,16949605,743000,743000,0,0,0,0,745,745,743,743,1128,1128,CONSISTENT
25490,743733,99000,99000,0,0,0,0,0,2219715,99,743634,99,746,746,1489,1377,2,0,1034,746,746,746,744,744,14,1,99000,99,99,99,5,1489,5,1489,99000,99,99000,99,2219715,99,16958276,0,744000,744000,16949605,16949605,743000,743000,0,0,0,0,745,745,743,743,1377,1377,CONSISTENT
25500,743850,99000,99000,0,0,0,0,0,2219715,99,743751,99,746,746,1490,495,1,1000,388,746,746,746,745,745,22,1,99000,99,99,99,5,1490,5,1490,99000,99,99000,99,2219715,99,16961013,0,744000,744000,16949605,16949605,744000,744000,0,0,0,0,745,745,744,744,496,496,CONSISTENT
25510,744028,99000,99000,0,0,0,0,0,2219715,99,743929,99,746,746,1490,673,1,1000,388,746,746,746,745,745,33,1,99000,99,99,99,5,1490,5,1490,99000,99,99000,99,2219715,99,16965084,0,744000,744000,16949605,16949605,744000,744000,0,0,0,0,745,745,744,744,673,673,CONSISTENT
25520,744304,99000,99000,0,0,0,0,0,2219715,99,744205,99,746,746,1490,949,1,1000,388,746,746,746,745,745,43,1,99000,99,99,99,5,1490,5,1490,99000,99,99000,99,2219715,99,16971432,0,744000,744000,16949605,16949605,744000,744000,0,0,0,0,745,745,744,744,951,952,TORN-PERSISTENT
25530,744566,99000,99000,0,0,0,0,0,2219715,99,744467,99,747,747,1491,1211,2,0,1043,747,747,747,745,745,6,1,99000,99,99,99,5,1491,5,1491,99000,99,99000,99,2219715,99,16977481,0,745000,745000,16972605,16972605,744000,744000,0,0,0,0,746,746,744,744,1212,1212,CONSISTENT
25541,744822,99000,99000,0,0,0,0,0,2219715,99,744723,99,747,747,1491,1468,2,0,1043,747,747,747,745,745,16,1,99000,99,99,99,5,1491,5,1491,99000,99,99000,99,2219715,99,16983369,0,745000,745000,16972605,16972605,744000,744000,0,0,0,0,746,746,744,744,1471,1471,CONSISTENT
25550,744936,99000,99000,0,0,0,0,0,2219715,99,744837,99,747,747,1492,582,1,1000,516,747,747,747,746,746,24,1,99000,99,99,99,5,1492,5,1492,99000,99,99000,99,2219715,99,16985991,0,745000,745000,16972605,16972605,745000,745000,0,0,0,0,746,746,745,745,583,583,CONSISTENT
25560,745190,99000,99000,0,0,0,0,0,2219715,99,745091,99,747,747,1492,836,1,1000,516,747,747,747,746,746,34,1,99000,99,99,99,5,1492,5,1492,99000,99,99000,99,2219715,99,16991833,0,745000,745000,16972605,16972605,745000,745000,0,0,0,0,746,746,745,745,837,837,CONSISTENT
25570,745453,99000,99000,0,0,0,0,0,2219715,99,745354,99,748,748,1493,1099,2,0,1008,748,748,748,746,746,2,1,99000,99,99,99,5,1493,5,1493,99000,99,99000,99,2219715,99,16997905,0,746000,746000,16995605,16995605,745000,745000,0,0,0,0,747,747,745,745,1100,1100,CONSISTENT
25580,745717,99000,99000,0,0,0,0,0,2219715,99,745618,99,748,748,1493,1363,2,0,1008,748,748,748,746,746,12,1,99000,99,99,99,5,1493,5,1493,99000,99,99000,99,2219715,99,17003954,0,746000,746000,16995605,16995605,745000,745000,0,0,0,0,747,747,745,745,1363,1363,CONSISTENT
25590,745808,99000,99000,0,0,0,0,0,2219715,99,745709,99,748,748,1494,455,1,1000,415,748,748,748,747,747,22,1,99000,99,99,99,5,1494,5,1494,99000,99,99000,99,2219715,99,17006070,0,746000,746000,16995605,16995605,746000,746000,0,0,0,0,747,747,746,746,455,455,CONSISTENT
25600,746022,99000,99000,0,0,0,0,0,2219715,99,745923,99,748,748,1494,669,1,1000,415,748,748,748,747,747,32,1,99000,99,99,99,5,1494,5,1494,99000,99,99000,99,2219715,99,17011015,0,746000,746000,16995605,16995605,746000,746000,0,0,0,0,747,747,746,746,670,670,CONSISTENT
25610,746243,99000,99000,0,0,0,0,0,2219715,99,746144,99,748,748,1494,890,1,1000,415,748,748,748,747,747,42,1,99000,99,99,99,5,1494,5,1494,99000,99,99000,99,2219715,99,17016075,0,746000,746000,16995605,16995605,746000,746000,0,0,0,0,747,747,746,746,890,890,CONSISTENT
25620,746480,99000,99000,0,0,0,0,0,2219715,99,746381,99,749,749,1495,1127,2,0,1023,749,749,749,747,747,4,1,99000,99,99,99,5,1495,5,1495,99000,99,99000,99,2219715,99,17021526,0,747000,747000,17018605,17018605,746000,746000,0,0,0,0,748,748,746,746,1127,1127,CONSISTENT
25630,746732,99000,99000,0,0,0,0,0,2219715,99,746633,99,749,749,1495,1379,2,0,1023,749,749,749,747,747,14,1,99000,99,99,99,5,1495,5,1495,99000,99,99000,99,2219715,99,17027322,0,747000,747000,17018605,17018605,746000,746000,0,0,0,0,748,748,746,746,1381,1381,CONSISTENT
25640,746835,99000,99000,0,0,0,0,0,2219715,99,746736,99,749,749,1496,483,1,1000,479,749,749,749,748,748,22,1,99000,99,99,99,5,1496,5,1496,99000,99,99000,99,2219715,99,17029714,0,747000,747000,17018605,17018605,747000,747000,0,0,0,0,748,748,747,747,483,483,CONSISTENT
25650,747070,99000,99000,0,0,0,0,0,2219715,99,746971,99,749,749,1496,718,1,1000,479,749,749,749,748,748,34,1,99000,99,99,99,5,1496,5,1496,99000,99,99000,99,2219715,99,17035119,0,747000,747000,17018605,17018605,747000,747000,0,0,0,0,748,748,747,747,718,718,CONSISTENT
25660,747292,99000,99000,0,0,0,0,0,2219715,99,747193,99,749,749,1496,940,1,1000,479,749,749,749,748,748,44,1,99000,99,99,99,5,1496,5,1496,99000,99,99000,99,2219715,99,17040248,0,747000,747000,17018605,17018605,747000,747000,0,0,0,0,748,748,747,747,944,944,CONSISTENT
25670,747506,99000,99000,0,0,0,0,0,2219715,99,747407,99,750,750,1497,1154,2,0,1029,750,750,750,748,748,6,1,99000,99,99,99,5,1497,5,1497,99000,99,99000,99,2219715,99,17045147,0,748000,748000,17041605,17041605,747000,747000,0,0,0,0,749,749,747,747,1154,1154,CONSISTENT
25680,747653,99000,99000,0,0,0,0,0,2219715,99,747554,99,750,750,1498,302,1,1000,296,750,750,750,749,749,16,1,99000,99,99,99,5,1498,5,1498,99000,99,99000,99,2219715,99,17048551,0,748000,748000,17041605,17041605,748000,748000,0,0,0,0,749,749,748,748,302,302,CONSISTENT
25690,747832,99000,99000,0,0,0,0,0,2219715,99,747733,99,750,750,1498,481,1,1000,296,750,750,750,749,749,25,1,99000,99,99,99,5,1498,5,1498,99000,99,99000,99,2219715,99,17052668,0,748000,748000,17041605,17041605,748000,748000,0,0,0,0,749,749,748,748,481,481,CONSISTENT
25700,748080,99000,99000,0,0,0,0,0,2219715,99,747981,99,750,750,1498,729,1,1000,296,750,750,750,749,749,35,1,99000,99,99,99,5,1498,5,1498,99000,99,99000,99,2219715,99,17058372,0,748000,748000,17041605,17041605,748000,748000,0,0,0,0,749,749,748,748,732,733,TORN-PERSISTENT
25710,748324,99000,99000,0,0,0,0,0,2219715,99,748225,99,750,750,1498,973,1,1000,296,750,750,750,749,749,45,1,99000,99,99,99,5,1498,5,1498,99000,99,99000,99,2219715,99,17063984,0,748000,748000,17041605,17041605,748000,748000,0,0,0,0,749,749,748,748,974,974,CONSISTENT
25720,748572,99000,99000,0,0,0,0,0,2219715,99,748473,99,751,751,1499,1221,2,0,1031,751,751,751,749,749,6,1,99000,99,99,99,5,1499,5,1499,99000,99,99000,99,2219715,99,17069688,0,749000,749000,17064605,17064605,748000,748000,0,0,0,0,750,750,748,748,1224,1224,CONSISTENT
25730,748747,99000,99000,0,0,0,0,0,2219715,99,748648,99,751,751,1500,397,1,1000,392,751,751,751,750,750,16,1,99000,99,99,99,5,1500,5,1500,99000,99,99000,99,2219715,99,17073736,0,749000,749000,17064605,17064605,749000,749000,0,0,0,0,750,750,749,749,397,397,CONSISTENT
25740,748960,99000,99000,0,0,0,0,0,2219715,99,748861,99,751,751,1500,610,1,1000,392,751,751,751,750,750,26,1,99000,99,99,99,5,1500,5,1500,99000,99,99000,99,2219715,99,17078635,0,749000,749000,17064605,17064605,749000,749000,0,0,0,0,750,750,749,749,611,611,CONSISTENT
25750,749233,99000,99000,0,0,0,0,0,2219715,99,749134,99,751,751,1500,883,1,1000,392,751,751,751,750,750,36,1,99000,99,99,99,5,1500,5,1500,99000,99,99000,99,2219715,99,17084937,0,749000,749000,17064605,17064605,749000,749000,0,0,0,0,750,750,749,749,884,884,CONSISTENT
25760,749509,99000,99000,0,0,0,0,0,2219715,99,749410,99,752,752,1501,1159,2,0,1036,752,752,752,750,750,4,1,99000,99,99,99,5,1501,5,1501,99000,99,99000,99,2219715,99,17091262,0,750000,750000,17087605,17087605,749000,749000,0,0,0,0,751,751,749,749,1160,1160,CONSISTENT
25770,749796,99000,99000,0,0,0,0,0,2219715,99,749697,99,752,752,1501,1446,2,0,1036,752,752,752,750,750,14,1,99000,99,99,99,5,1501,5,1501,99000,99,99000,99,2219715,99,17097863,0,750000,750000,17087605,17087605,749000,749000,0,0,0,0,751,751,749,749,1446,1446,CONSISTENT
25780,749942,99000,99000,0,0,0,0,0,2219715,99,749843,99,752,752,1502,593,1,1000,460,752,752,752,751,751,24,1,99000,99,99,99,5,1502,5,1502,99000,99,99000,99,2219715,99,17101244,0,750000,750000,17087605,17087605,750000,750000,0,0,0,0,751,751,750,750,593,593,CONSISTENT
25790,750189,99000,99000,0,0,0,0,0,2219715,99,750090,99,752,752,1502,840,1,1000,460,752,752,752,751,751,32,1,99000,99,99,99,5,1502,5,1502,99000,99,99000,99,2219715,99,17106925,0,750000,750000,17087605,17087605,750000,750000,0,0,0,0,751,751,750,750,841,841,CONSISTENT
25800,750466,99000,99000,0,0,0,0,0,2219715,99,750367,99,753,753,1503,1117,2,0,1001,753,753,753,751,751,4,1,99000,99,99,99,5,1503,5,1503,99000,99,99000,99,2219715,99,17113296,0,751000,751000,17110605,17110605,750000,750000,0,0,0,0,752,752,750,750,1119,1119,CONSISTENT
25810,750656,99000,99000,0,0,0,0,0,2219715,99,750557,99,753,753,1503,1307,2,0,1001,753,753,753,751,751,14,1,99000,99,99,99,5,1503,5,1503,99000,99,99000,99,2219715,99,17117712,0,751000,751000,17110605,17110605,750000,750000,0,0,0,0,752,752,750,750,1309,1309,CONSISTENT
25820,750854,99000,99000,0,0,0,0,0,2219715,99,750755,99,753,753,1504,506,1,1000,504,753,753,753,752,752,24,1,99000,99,99,99,5,1504,5,1504,99000,99,99000,99,2219715,99,17122243,0,751000,751000,17110605,17110605,751000,751000,0,0,0,0,752,752,751,751,506,506,CONSISTENT
25830,751070,99000,99000,0,0,0,0,0,2219715,99,750971,99,753,753,1504,722,1,1000,504,753,753,753,752,752,33,1,99000,99,99,99,5,1504,5,1504,99000,99,99000,99,2219715,99,17127234,0,751000,751000,17110605,17110605,751000,751000,0,0,0,0,752,752,751,751,726,726,CONSISTENT
25840,751324,99000,99000,0,0,0,0,0,2219715,99,751225,99,753,753,1504,976,1,1000,504,753,753,753,752,752,43,1,99000,99,99,99,5,1504,5,1504,99000,99,99000,99,2219715,99,17133053,0,751000,751000,17110605,17110605,751000,751000,0,0,0,0,752,752,751,751,978,978,CONSISTENT
25850,751592,99000,99000,0,0,0,0,0,2219715,99,751493,99,754,754,1505,1244,2,0,1009,754,754,754,752,752,8,1,99000,99,99,99,5,1505,5,1505,99000,99,99000,99,2219715,99,17139240,0,752000,752000,17133605,17133605,751000,751000,0,0,0,0,753,753,751,751,1247,1247,CONSISTENT
25860,751860,99000,99000,0,0,0,0,0,2219715,99,751761,99,754,754,1506,513,1,1000,507,754,754,754,753,753,18,1,99000,99,99,99,5,1506,5,1506,99000,99,99000,99,2219715,99,17145404,0,752000,752000,17133605,17133605,752000,752000,0,0,0,0,753,753,752,752,513,513,CONSISTENT
25870,752026,99000,99000,0,0,0,0,0,2219715,99,751927,99,754,754,1506,679,1,1000,507,754,754,754,753,753,28,1,99000,99,99,99,5,1506,5,1506,99000,99,99000,99,2219715,99,17149222,0,752000,752000,17133605,17133605,752000,752000,0,0,0,0,753,753,752,752,681,682,TORN-PERSISTENT
25880,752305,99000,99000,0,0,0,0,0,2219715,99,752206,99,754,754,1506,958,1,1000,507,754,754,754,753,753,38,1,99000,99,99,99,5,1506,5,1506,99000,99,99000,99,2219715,99,17155639,0,752000,752000,17133605,17133605,752000,752000,0,0,0,0,753,753,752,752,960,960,CONSISTENT
25890,752557,99000,99000,0,0,0,0,0,2219715,99,752458,99,755,755,1507,1210,2,0,1026,755,755,755,753,753,6,1,99000,99,99,99,5,1507,5,1507,99000,99,99000,99,2219715,99,17161435,0,753000,753000,17156605,17156605,752000,752000,0,0,0,0,754,754,752,752,1211,1211,CONSISTENT
25900,752829,99000,99000,0,0,0,0,0,2219715,99,752730,99,755,755,1508,483,1,1000,483,755,755,755,754,754,16,1,99000,99,99,99,5,1508,5,1508,99000,99,99000,99,2219715,99,17167714,0,753000,753000,17156605,17156605,753000,753000,0,0,0,0,754,754,753,753,485,486,TORN-PERSISTENT
25910,752971,99000,99000,0,0,0,0,0,2219715,99,752872,99,755,755,1508,625,1,1000,483,755,755,755,754,754,26,1,99000,99,99,99,5,1508,5,1508,99000,99,99000,99,2219715,99,17170980,0,753000,753000,17156605,17156605,753000,753000,0,0,0,0,754,754,753,753,626,626,CONSISTENT
25920,753253,99000,99000,0,0,0,0,0,2219715,99,753154,99,755,755,1508,907,1,1000,483,755,755,755,754,754,36,1,99000,99,99,99,5,1508,5,1508,99000,99,99000,99,2219715,99,17177466,0,753000,753000,17156605,17156605,753000,753000,0,0,0,0,754,754,753,753,909,909,CONSISTENT
25930,753535,99000,99000,0,0,0,0,0,2219715,99,753436,99,756,756,1509,1189,2,0,1007,756,756,756,754,754,6,1,99000,99,99,99,5,1509,5,1509,99000,99,99000,99,2219715,99,17183975,0,754000,754000,17179605,17179605,753000,753000,0,0,0,0,755,755,753,753,1191,1193,TORN-PERSISTENT
25940,753793,99000,99000,0,0,0,0,0,2219715,99,753694,99,756,756,1509,1447,2,0,1007,756,756,756,754,754,14,1,99000,99,99,99,5,1509,5,1509,99000,99,99000,99,2219715,99,17189886,0,754000,754000,17179605,17179605,753000,753000,0,0,0,0,755,755,753,753,1448,1448,CONSISTENT
25950,753938,99000,99000,0,0,0,0,0,2219715,99,753839,99,756,756,1510,593,1,1000,466,756,756,756,755,755,24,1,99000,99,99,99,5,1510,5,1510,99000,99,99000,99,2219715,99,17193244,0,754000,754000,17179605,17179605,754000,754000,0,0,0,0,755,755,754,754,595,595,CONSISTENT
25960,754220,99000,99000,0,0,0,0,0,2219715,99,754121,99,756,756,1510,875,1,1000,466,756,756,756,755,755,36,1,99000,99,99,99,5,1510,5,1510,99000,99,99000,99,2219715,99,17199730,0,754000,754000,17179605,17179605,754000,754000,0,0,0,0,755,755,754,754,876,876,CONSISTENT
25970,754501,99000,99000,0,0,0,0,0,2219715,99,754402,99,757,757,1511,1156,2,0,1055,757,757,757,755,755,2,1,99000,99,99,99,5,1511,5,1511,99000,99,99000,99,2219715,99,17206193,0,755000,755000,17202605,17202605,754000,754000,0,0,0,0,756,756,754,754,1159,1159,CONSISTENT
25980,754778,99000,99000,0,0,0,0,0,2219715,99,754679,99,757,757,1511,1433,2,0,1055,757,757,757,755,755,12,1,99000,99,99,99,5,1511,5,1511,99000,99,99000,99,2219715,99,17212587,0,755000,755000,17202605,17202605,754000,754000,0,0,0,0,756,756,754,754,1434,1434,CONSISTENT
25990,754905,99000,99000,0,0,0,0,0,2219715,99,754806,99,757,757,1512,561,1,1000,443,757,757,757,756,756,22,1,99000,99,99,99,5,1512,5,1512,99000,99,99000,99,2219715,99,17215531,0,755000,755000,17202605,17202605,755000,755000,0,0,0,0,756,756,755,755,563,564,TORN-PERSISTENT
26000,755199,99000,99000,0,0,0,0,0,2219715,99,755100,99,757,757,1512,856,1,1000,443,757,757,757,756,756,32,1,99000,99,99,99,5,1512,5,1512,99000,99,99000,99,2219715,99,17222293,0,755000,755000,17202605,17202605,755000,755000,0,0,0,0,756,756,755,755,859,860,TORN-PERSISTENT
26010,755478,99000,99000,0,0,0,0,0,2219715,99,755379,99,758,758,1513,1134,2,0,1049,758,758,758,756,756,2,1,99000,99,99,99,5,1513,5,1513,99000,99,99000,99,2219715,99,17228687,0,756000,756000,17225605,17225605,755000,755000,0,0,0,0,757,757,755,755,1136,1136,CONSISTENT
26020,755754,99000,99000,0,0,0,0,0,2219715,99,755655,99,758,758,1513,1410,2,0,1049,758,758,758,756,756,12,1,99000,99,99,99,5,1513,5,1513,99000,99,99000,99,2219715,99,17235035,0,756000,756000,17225605,17225605,755000,755000,0,0,0,0,757,757,755,755,1413,1413,CONSISTENT
26030,755891,99000,99000,0,0,0,0,0,2219715,99,755792,99,758,758,1514,548,1,1000,436,758,758,758,757,757,22,1,99000,99,99,99,5,1514,5,1514,99000,99,99000,99,2219715,99,17238209,0,756000,756000,17225605,17225605,756000,756000,0,0,0,0,757,757,756,756,548,548,CONSISTENT
26040,756135,99000,99000,0,0,0,0,0,2219715,99,756036,99,758,758,1514,792,1,1000,436,758,758,758,757,757,31,1,99000,99,99,99,5,1514,5,1514,99000,99,99000,99,2219715,99,17243821,0,756000,756000,17225605,17225605,756000,756000,0,0,0,0,757,757,756,756,792,792,CONSISTENT
26050,756402,99000,99000,0,0,0,0,0,2219715,99,756303,99,759,759,1515,1060,2,0,1009,759,759,759,757,757,0,1,99000,99,99,99,5,1515,5,1515,99000,99,99000,99,2219715,99,17249985,0,757000,757000,17248605,17248605,756000,756000,0,0,0,0,758,758,756,756,1060,1060,CONSISTENT
26060,756692,99000,99000,0,0,0,0,0,2219715,99,756593,99,759,759,1515,1349,2,0,1009,759,759,759,757,757,10,1,99000,99,99,99,5,1515,5,1515,99000,99,99000,99,2219715,99,17256632,0,757000,757000,17248605,17248605,756000,756000,0,0,0,0,758,758,756,756,1349,1349,CONSISTENT
26070,756838,99000,99000,0,0,0,0,0,2219715,99,756739,99,759,759,1516,496,1,1000,374,759,759,759,758,758,20,1,99000,99,99,99,5,1516,5,1516,99000,99,99000,99,2219715,99,17260036,0,757000,757000,17248605,17248605,757000,757000,0,0,0,0,758,758,757,757,498,498,CONSISTENT
26080,757131,99000,99000,0,0,0,0,0,2219715,99,757032,99,759,759,1516,789,1,1000,374,759,759,759,758,758,32,1,99000,99,99,99,5,1516,5,1516,99000,99,99000,99,2219715,99,17266752,0,757000,757000,17248605,17248605,757000,757000,0,0,0,0,758,758,757,757,791,792,TORN-PERSISTENT
26090,757379,99000,99000,0,0,0,0,0,2219715,99,757280,99,759,759,1516,1037,2,1000,374,759,760,759,758,758,40,1,99000,99,99,99,5,1516,5,1516,99000,99,99000,99,2219715,99,17272456,0,758000,758000,17271605,17271605,757000,757000,0,0,0,0,759,759,757,757,1038,1039,TORN-PERSISTENT
26100,757650,99000,99000,0,0,0,0,0,2219715,99,757551,99,760,760,1517,1308,2,0,1047,760,760,760,758,758,8,1,99000,99,99,99,5,1517,5,1517,99000,99,99000,99,2219715,99,17278712,0,758000,758000,17271605,17271605,757000,757000,0,0,0,0,759,759,757,757,1310,1310,CONSISTENT
26110,757698,99000,99000,0,0,0,0,0,2219715,99,757599,99,760,760,1518,357,1,1000,323,760,760,760,759,759,18,1,99000,99,99,99,5,1518,5,1518,99000,99,99000,99,2219715,99,17279816,0,758000,758000,17271605,17271605,758000,758000,0,0,0,0,759,759,758,758,357,357,CONSISTENT
26120,757951,99000,99000,0,0,0,0,0,2219715,99,757852,99,760,760,1518,610,1,1000,323,760,760,760,759,759,28,1,99000,99,99,99,5,1518,5,1518,99000,99,99000,99,2219715,99,17285658,0,758000,758000,17271605,17271605,758000,758000,0,0,0,0,759,759,758,758,611,611,CONSISTENT
26130,758209,99000,99000,0,0,0,0,0,2219715,99,758110,99,760,760,1518,868,1,1000,323,760,760,760,759,759,38,1,99000,99,99,99,5,1518,5,1518,99000,99,99000,99,2219715,99,17291569,0,758000,758000,17271605,17271605,758000,758000,0,0,0,0,759,759,758,758,869,869,CONSISTENT
26140,758449,99000,99000,0,0,0,0,0,2219715,99,758350,99,761,761,1519,1108,2,0,1044,761,761,761,759,759,2,1,99000,99,99,99,5,1519,5,1519,99000,99,99000,99,2219715,99,17297089,0,759000,759000,17294605,17294605,758000,758000,0,0,0,0,760,760,758,758,1110,1110,CONSISTENT
26150,758721,99000,99000,0,0,0,0,0,2219715,99,758622,99,761,761,1519,1380,2,0,1044,761,761,761,759,759,12,1,99000,99,99,99,5,1519,5,1519,99000,99,99000,99,2219715,99,17303345,0,759000,759000,17294605,17294605,758000,758000,0,0,0,0,760,760,758,758,1383,1384,TORN-PERSISTENT
26160,758855,99000,99000,0,0,0,0,0,2219715,99,758756,99,761,761,1520,515,1,1000,450,761,761,761,760,760,22,1,99000,99,99,99,5,1520,5,1520,99000,99,99000,99,2219715,99,17306450,0,759000,759000,17294605,17294605,759000,759000,0,0,0,0,760,760,759,759,516,516,CONSISTENT
26170,759096,99000,99000,0,0,0,0,0,2219715,99,758997,99,761,761,1520,756,1,1000,450,761,761,761,760,760,32,1,99000,99,99,99,5,1520,5,1520,99000,99,99000,99,2219715,99,17312016,0,759000,759000,17294605,17294605,759000,759000,0,0,0,0,760,760,759,759,760,760,CONSISTENT
26180,759356,99000,99000,0,0,0,0,0,2219715,99,759257,99,762,762,1521,1016,2,0,1006,762,762,762,760,760,0,1,99000,99,99,99,5,1521,5,1521,99000,99,99000,99,2219715,99,17317973,0,760000,760000,17317605,17317605,759000,759000,0,0,0,0,761,761,759,759,1016,1016,CONSISTENT
26190,759577,99000,99000,0,0,0,0,0,2219715,99,759478,99,762,762,1521,1237,2,0,1006,762,762,762,760,760,8,1,99000,99,99,99,5,1521,5,1521,99000,99,99000,99,2219715,99,17323056,0,760000,760000,17317605,17317605,759000,759000,0,0,0,0,761,761,759,759,1237,1237,CONSISTENT
26200,759706,99000,99000,0,0,0,0,0,2219715,99,759607,99,762,762,1522,367,1,1000,342,762,762,762,761,761,18,1,99000,99,99,99,5,1522,5,1522,99000,99,99000,99,2219715,99,17326046,0,760000,760000,17317605,17317605,760000,760000,0,0,0,0,761,761,760,760,371,371,CONSISTENT
26210,759944,99000,99000,0,0,0,0,0,2219715,99,759845,99,762,762,1522,605,1,1000,342,762,762,762,761,761,28,1,99000,99,99,99,5,1522,5,1522,99000,99,99000,99,2219715,99,17331520,0,760000,760000,17317605,17317605,760000,760000,0,0,0,0,761,761,760,760,606,608,TORN-PERSISTENT
26220,760198,99000,99000,0,0,0,0,0,2219715,99,760099,99,762,762,1522,859,1,1000,342,762,762,762,761,761,40,1,99000,99,99,99,5,1522,5,1522,99000,99,99000,99,2219715,99,17337362,0,760000,760000,17317605,17317605,760000,760000,0,0,0,0,761,761,760,760,861,862,TORN-PERSISTENT
26230,760443,99000,99000,0,0,0,0,0,2219715,99,760344,99,763,763,1523,1104,2,0,1020,763,763,763,761,761,2,1,99000,99,99,99,5,1523,5,1523,99000,99,99000,99,2219715,99,17343020,0,761000,761000,17340605,17340605,760000,760000,0,0,0,0,762,762,760,760,1108,1108,CONSISTENT
26240,760708,99000,99000,0,0,0,0,0,2219715,99,760609,99,763,763,1523,1369,2,0,1020,763,763,763,761,761,12,1,99000,99,99,99,5,1523,5,1523,99000,99,99000,99,2219715,99,17349092,0,761000,761000,17340605,17340605,760000,760000,0,0,0,0,762,762,760,760,1372,1372,CONSISTENT
26250,760842,99000,99000,0,0,0,0,0,2219715,99,760743,99,763,763,1524,504,1,1000,492,763,763,763,762,762,23,1,99000,99,99,99,5,1524,5,1524,99000,99,99000,99,2219715,99,17352197,0,761000,761000,17340605,17340605,761000,761000,0,0,0,0,762,762,761,761,506,506,CONSISTENT
26260,761090,99000,99000,0,0,0,0,0,2219715,99,760991,99,763,763,1524,752,1,1000,492,763,763,763,762,762,33,1,99000,99,99,99,5,1524,5,1524,99000,99,99000,99,2219715,99,17357901,0,761000,761000,17340605,17340605,761000,761000,0,0,0,0,762,762,761,761,753,753,CONSISTENT
26270,761366,99000,99000,0,0,0,0,0,2219715,99,761267,99,764,764,1525,1028,2,0,1008,764,764,764,762,762,0,1,99000,99,99,99,5,1525,5,1525,99000,99,99000,99,2219715,99,17364249,0,762000,762000,17363605,17363605,761000,761000,0,0,0,0,763,763,761,761,1028,1028,CONSISTENT
26280,761614,99000,99000,0,0,0,0,0,2219715,99,761515,99,764,764,1525,1276,2,0,1008,764,764,764,762,762,10,1,99000,99,99,99,5,1525,5,1525,99000,99,99000,99,2219715,99,17369976,0,762000,762000,17363605,17363605,761000,761000,0,0,0,0,763,763,761,761,1280,1280,CONSISTENT
26290,761765,99000,99000,0,0,0,0,0,2219715,99,761666,99,764,764,1526,428,1,1000,420,764,764,764,763,763,20,1,99000,99,99,99,5,1526,5,1526,99000,99,99000,99,2219715,99,17373449,0,762000,762000,17363605,17363605,762000,762000,0,0,0,0,763,763,762,762,430,430,CONSISTENT
26300,762030,99000,99000,0,0,0,0,0,2219715,99,761931,99,764,764,1526,693,1,1000,420,764,764,764,763,763,30,1,99000,99,99,99,5,1526,5,1526,99000,99,99000,99,2219715,99,17379544,0,762000,762000,17363605,17363605,762000,762000,0,0,0,0,763,763,762,762,693,693,CONSISTENT
26310,762258,99000,99000,0,0,0,0,0,2219715,99,762159,99,764,764,1526,921,1,1000,420,764,764,764,763,763,40,1,99000,99,99,99,5,1526,5,1526,99000,99,99000,99,2219715,99,17384788,0,762000,762000,17363605,17363605,762000,762000,0,0,0,0,763,763,762,762,921,921,CONSISTENT
26320,762508,99000,99000,0,0,0,0,0,2219715,99,762409,99,765,765,1527,1171,2,0,1080,765,765,765,763,763,2,1,99000,99,99,99,5,1527,5,1527,99000,99,99000,99,2219715,99,17390561,0,763000,763000,17386605,17386605,762000,762000,0,0,0,0,764,764,762,762,1174,1175,TORN-PERSISTENT
26330,762743,99000,99000,0,0,0,0,0,2219715,99,762644,99,765,765,1527,1406,2,0,1080,765,765,765,763,763,12,1,99000,99,99,99,5,1527,5,1527,99000,99,99000,99,2219715,99,17395966,0,763000,763000,17386605,17386605,762000,762000,0,0,0,0,764,764,762,762,1407,1407,CONSISTENT
26340,762948,99000,99000,0,0,0,0,0,2219715,99,762849,99,765,765,1528,612,1,1000,606,765,765,765,764,764,22,1,99000,99,99,99,5,1528,5,1528,99000,99,99000,99,2219715,99,17400681,0,763000,763000,17386605,17386605,763000,763000,0,0,0,0,764,764,763,763,612,612,CONSISTENT
26350,763176,99000,99000,0,0,0,0,0,2219715,99,763077,99,765,765,1528,840,1,1000,606,765,765,765,764,764,32,1,99000,99,99,99,5,1528,5,1528,99000,99,99000,99,2219715,99,17405948,0,763000,763000,17386605,17386605,763000,763000,0,0,0,0,764,764,763,763,842,842,CONSISTENT
26360,763453,99000,99000,0,0,0,0,0,2219715,99,763354,99,766,766,1529,1117,2,0,1031,766,766,766,764,764,2,1,99000,99,99,99,5,1529,5,1529,99000,99,99000,99,2219715,99,17412296,0,764000,764000,17409605,17409605,763000,763000,0,0,0,0,765,765,763,763,1118,1118,CONSISTENT
26370,763721,99000,99000,0,0,0,0,0,2219715,99,763622,99,766,766,1529,1385,2,0,1031,766,766,766,764,764,12,1,99000,99,99,99,5,1529,5,1529,99000,99,99000,99,2219715,99,17418460,0,764000,764000,17409605,17409605,763000,763000,0,0,0,0,765,765,763,763,1388,1388,CONSISTENT
26380,763879,99000,99000,0,0,0,0,0,2219715,99,763780,99,766,766,1530,544,1,1000,532,766,766,766,765,765,22,1,99000,99,99,99,5,1530,5,1530,99000,99,99000,99,2219715,99,17422117,0,764000,764000,17409605,17409605,764000,764000,0,0,0,0,765,765,764,764,544,544,CONSISTENT
26390,764123,99000,99000,0,0,0,0,0,2219715,99,764024,99,766,766,1530,788,1,1000,532,766,766,766,765,765,31,1,99000,99,99,99,5,1530,5,1530,99000,99,99000,99,2219715,99,17427729,0,764000,764000,17409605,17409605,764000,764000,0,0,0,0,765,765,764,764,791,791,CONSISTENT
26400,764402,99000,99000,0,0,0,0,0,2219715,99,764303,99,767,767,1531,1067,2,0,1011,767,767,767,765,765,2,1,99000,99,99,99,5,1531,5,1531,99000,99,99000,99,2219715,99,17434146,0,765000,765000,17432605,17432605,764000,764000,0,0,0,0,766,766,764,764,1067,1067,CONSISTENT
26410,764599,99000,99000,0,0,0,0,0,2219715,99,764500,99,767,767,1531,1264,2,0,1011,767,767,767,765,765,12,1,99000,99,99,99,5,1531,5,1531,99000,99,99000,99,2219715,99,17438677,0,765000,765000,17432605,17432605,764000,764000,0,0,0,0,766,766,764,764,1264,1264,CONSISTENT
26420,764769,99000,99000,0,0,0,0,0,2219715,99,764670,99,767,767,1532,435,1,1000,425,767,767,767,766,766,22,1,99000,99,99,99,5,1532,5,1532,99000,99,99000,99,2219715,99,17442610,0,765000,765000,17432605,17432605,765000,765000,0,0,0,0,766,766,765,765,435,435,CONSISTENT
26430,764978,99000,99000,0,0,0,0,0,2219715,99,764879,99,767,767,1532,644,1,1000,425,767,767,767,766,766,30,1,99000,99,99,99,5,1532,5,1532,99000,99,99000,99,2219715,99,17447417,0,765000,765000,17432605,17432605,765000,765000,0,0,0,0,766,766,765,765,646,647,TORN-PERSISTENT
26440,765264,99000,99000,0,0,0,0,0,2219715,99,765165,99,767,767,1532,930,1,1000,425,767,767,767,766,766,40,1,99000,99,99,99,5,1532,5,1532,99000,99,99000,99,2219715,99,17453995,0,765000,765000,17432605,17432605,765000,765000,0,0,0,0,766,766,765,765,930,930,CONSISTENT
26450,765470,99000,99000,0,0,0,0,0,2219715,99,765371,99,768,768,1533,1136,2,0,1036,768,768,768,766,766,4,1,99000,99,99,99,5,1533,5,1533,99000,99,99000,99,2219715,99,17458733,0,766000,766000,17455605,17455605,765000,765000,0,0,0,0,767,767,765,765,1136,1136,CONSISTENT
26460,765611,99000,99000,0,0,0,0,0,2219715,99,765512,99,768,768,1534,278,1,1000,275,768,768,768,767,767,15,1,99000,99,99,99,5,1534,5,1534,99000,99,99000,99,2219715,99,17461999,0,766000,766000,17455605,17455605,766000,766000,0,0,0,0,767,767,766,766,278,278,CONSISTENT
26470,765804,99000,99000,0,0,0,0,0,2219715,99,765705,99,768,768,1534,471,1,1000,275,768,768,768,767,767,25,1,99000,99,99,99,5,1534,5,1534,99000,99,99000,99,2219715,99,17466461,0,766000,766000,17455605,17455605,766000,766000,0,0,0,0,767,767,766,766,474,474,CONSISTENT
26480,766032,99000,99000,0,0,0,0,0,2219715,99,765933,99,768,768,1534,699,1,1000,275,768,768,768,767,767,33,1,99000,99,99,99,5,1534,5,1534,99000,99,99000,99,2219715,99,17471682,0,766000,766000,17455605,17455605,766000,766000,0,0,0,0,767,767,766,766,699,699,CONSISTENT
26490,766290,99000,99000,0,0,0,0,0,2219715,99,766191,99,768,768,1534,957,1,1000,275,768,768,768,767,767,45,1,99000,99,99,99,5,1534,5,1534,99000,99,99000,99,2219715,99,17477616,0,766000,766000,17455605,17455605,766000,766000,0,0,0,0,767,767,766,766,957,957,CONSISTENT
26500,766532,99000,99000,0,0,0,0,0,2219715,99,766433,99,769,769,1535,1199,2,0,1047,769,769,769,767,767,6,1,99000,99,99,99,5,1535,5,1535,99000,99,99000,99,2219715,99,17483228,0,767000,767000,17478605,17478605,766000,766000,0,0,0,0,768,768,766,766,1201,1201,CONSISTENT
26510,766717,99000,99000,0,0,0,0,0,2219715,99,766618,99,769,769,1536,385,1,1000,378,769,769,769,768,768,16,1,99000,99,99,99,5,1536,5,1536,99000,99,99000,99,2219715,99,17487460,0,767000,767000,17478605,17478605,767000,767000,0,0,0,0,768,768,767,767,385,385,CONSISTENT
26520,766825,99000,99000,0,0,0,0,0,2219715,99,766726,99,769,769,1536,493,1,1000,378,769,769,769,768,768,26,1,99000,99,99,99,5,1536,5,1536,99000,99,99000,99,2219715,99,17489967,0,767000,767000,17478605,17478605,767000,767000,0,0,0,0,768,768,767,767,495,495,CONSISTENT
26530,766993,99000,99000,0,0,0,0,0,2219715,99,766894,99,769,769,1536,661,1,1000,378,769,769,769,768,768,35,1,99000,99,99,99,5,1536,5,1536,99000,99,99000,99,2219715,99,17493808,0,767000,767000,17478605,17478605,767000,767000,0,0,0,0,768,768,767,767,661,661,CONSISTENT
26540,767211,99000,99000,0,0,0,0,0,2219715,99,767112,99,769,769,1536,879,1,1000,378,769,769,769,768,768,45,1,99000,99,99,99,5,1536,5,1536,99000,99,99000,99,2219715,99,17498822,0,767000,767000,17478605,17478605,767000,767000,0,0,0,0,768,768,767,767,881,882,TORN-PERSISTENT
26550,767428,99000,99000,0,0,0,0,0,2219715,99,767329,99,770,770,1537,1096,2,0,1033,770,770,770,768,768,2,1,99000,99,99,99,5,1537,5,1537,99000,99,99000,99,2219715,99,17503813,0,768000,768000,17501605,17501605,767000,767000,0,0,0,0,769,769,767,767,1097,1098,TORN-PERSISTENT
26560,767627,99000,99000,0,0,0,0,0,2219715,99,767528,99,770,770,1537,1295,2,0,1033,770,770,770,768,768,12,1,99000,99,99,99,5,1537,5,1537,99000,99,99000,99,2219715,99,17508390,0,768000,768000,17501605,17501605,767000,767000,0,0,0,0,769,769,767,767,1297,1297,CONSISTENT
26570,767689,99000,99000,0,0,0,0,0,2219715,99,767590,99,770,770,1538,358,1,1000,322,770,770,770,769,769,22,1,99000,99,99,99,5,1538,5,1538,99000,99,99000,99,2219715,99,17509839,0,768000,768000,17501605,17501605,768000,768000,0,0,0,0,769,769,768,768,360,360,CONSISTENT
26580,767869,99000,99000,0,0,0,0,0,2219715,99,767770,99,770,770,1538,538,1,1000,322,770,770,770,769,769,32,1,99000,99,99,99,5,1538,5,1538,99000,99,99000,99,2219715,99,17513979,0,768000,768000,17501605,17501605,768000,768000,0,0,0,0,769,769,768,768,538,538,CONSISTENT
26590,768069,99000,99000,0,0,0,0,0,2219715,99,767970,99,770,770,1538,738,1,1000,322,770,770,770,769,769,42,1,99000,99,99,99,5,1538,5,1538,99000,99,99000,99,2219715,99,17518579,0,768000,768000,17501605,17501605,768000,768000,0,0,0,0,769,769,768,768,738,738,CONSISTENT
26600,768279,99000,99000,0,0,0,0,0,2219715,99,768180,99,770,770,1538,948,1,1000,322,770,770,770,769,769,53,1,99000,99,99,99,5,1538,5,1538,99000,99,99000,99,2219715,99,17523409,0,768000,768000,17501605,17501605,768000,768000,0,0,0,0,769,769,768,768,949,949,CONSISTENT
26610,768458,99000,99000,0,0,0,0,0,2219715,99,768359,99,771,771,1539,1127,2,0,1022,771,771,771,769,769,6,1,99000,99,99,99,5,1539,5,1539,99000,99,99000,99,2219715,99,17527526,0,769000,769000,17524605,17524605,768000,768000,0,0,0,0,770,770,768,768,1129,1130,TORN-PERSISTENT
26620,768548,99000,99000,0,0,0,0,0,2219715,99,768449,99,771,771,1540,218,1,1000,173,771,771,771,770,770,14,1,99000,99,99,99,5,1540,5,1540,99000,99,99000,99,2219715,99,17529619,0,769000,769000,17524605,17524605,769000,769000,0,0,0,0,770,770,769,769,219,219,CONSISTENT
26630,768760,99000,99000,0,0,0,0,0,2219715,99,768661,99,771,771,1540,431,1,1000,173,771,771,771,770,770,24,1,99000,99,99,99,5,1540,5,1540,99000,99,99000,99,2219715,99,17534518,0,769000,769000,17524605,17524605,769000,769000,0,0,0,0,770,770,769,769,433,433,CONSISTENT
26640,768978,99000,99000,0,0,0,0,0,2219715,99,768879,99,771,771,1540,648,1,1000,173,771,771,771,770,770,36,1,99000,99,99,99,5,1540,5,1540,99000,99,99000,99,2219715,99,17539509,0,769000,769000,17524605,17524605,769000,769000,0,0,0,0,770,770,769,769,650,650,CONSISTENT
26650,769188,99000,99000,0,0,0,0,0,2219715,99,769089,99,771,771,1540,858,1,1000,173,771,771,771,770,770,46,1,99000,99,99,99,5,1540,5,1540,99000,99,99000,99,2219715,99,17544339,0,769000,769000,17524605,17524605,769000,769000,0,0,0,0,770,770,769,769,858,858,CONSISTENT
26660,769384,99000,99000,0,0,0,0,0,2219715,99,769285,99,772,772,1541,1054,2,0,1016,772,772,772,770,770,0,1,99000,99,99,99,5,1541,5,1541,99000,99,99000,99,2219715,99,17548870,0,770000,770000,17547605,17547605,769000,769000,0,0,0,0,771,771,769,769,1056,1056,CONSISTENT
26670,769594,99000,99000,0,0,0,0,0,2219715,99,769495,99,772,772,1541,1264,2,0,1016,772,772,772,770,770,11,1,99000,99,99,99,5,1541,5,1541,99000,99,99000,99,2219715,99,17553677,0,770000,770000,17547605,17547605,769000,769000,0,0,0,0,771,771,769,769,1265,1265,CONSISTENT
26680,769738,99000,99000,0,0,0,0,0,2219715,99,769639,99,772,772,1542,409,1,1000,402,772,772,772,771,771,21,1,99000,99,99,99,5,1542,5,1542,99000,99,99000,99,2219715,99,17557012,0,770000,770000,17547605,17547605,770000,770000,0,0,0,0,771,771,770,770,409,409,CONSISTENT
26690,769917,99000,99000,0,0,0,0,0,2219715,99,769818,99,772,772,1542,588,1,1000,402,772,772,772,771,771,31,1,99000,99,99,99,5,1542,5,1542,99000,99,99000,99,2219715,99,17561129,0,770000,770000,17547605,17547605,770000,770000,0,0,0,0,771,771,770,770,588,588,CONSISTENT
26700,770103,99000,99000,0,0,0,0,0,2219715,99,770004,99,772,772,1542,774,1,1000,402,772,772,772,771,771,41,1,99000,99,99,99,5,1542,5,1542,99000,99,99000,99,2219715,99,17565407,0,770000,770000,17547605,17547605,770000,770000,0,0,0,0,771,771,770,770,776,776,CONSISTENT
26710,770252,99000,99000,0,0,0,0,0,2219715,99,770153,99,772,772,1542,923,1,1000,402,772,772,772,771,771,50,1,99000,99,99,99,5,1542,5,1542,99000,99,99000,99,2219715,99,17568857,0,770000,770000,17547605,17547605,770000,770000,0,0,0,0,771,771,770,770,924,924,CONSISTENT
26720,770414,99000,99000,0,0,0,0,0,2219715,99,770315,99,773,773,1543,1085,2,0,1014,773,773,773,771,771,6,1,99000,99,99,99,5,1543,5,1543,99000,99,99000,99,2219715,99,17572583,0,771000,771000,17570605,17570605,770000,770000,0,0,0,0,772,772,770,770,1086,1086,CONSISTENT
26730,770512,99000,99000,0,0,0,0,0,2219715,99,770413,99,773,773,1544,184,1,1000,174,773,773,773,772,772,14,1,99000,99,99,99,5,1544,5,1544,99000,99,99000,99,2219715,99,17574837,0,771000,771000,17570605,17570605,771000,771000,0,0,0,0,772,772,771,771,184,184,CONSISTENT
26740,770703,99000,99000,0,0,0,0,0,2219715,99,770604,99,773,773,1544,375,1,1000,174,773,773,773,772,772,25,1,99000,99,99,99,5,1544,5,1544,99000,99,99000,99,2219715,99,17579230,0,771000,771000,17570605,17570605,771000,771000,0,0,0,0,772,772,771,771,375,375,CONSISTENT
26750,770913,99000,99000,0,0,0,0,0,2219715,99,770814,99,773,773,1544,585,1,1000,174,773,773,773,772,772,35,1,99000,99,99,99,5,1544,5,1544,99000,99,99000,99,2219715,99,17584060,0,771000,771000,17570605,17570605,771000,771000,0,0,0,0,772,772,771,771,585,585,CONSISTENT
26760,771142,99000,99000,0,0,0,0,0,2219715,99,771043,99,773,773,1544,814,1,1000,174,773,773,773,772,772,45,1,99000,99,99,99,5,1544,5,1544,99000,99,99000,99,2219715,99,17589350,0,771000,771000,17570605,17570605,771000,771000,0,0,0,0,772,772,771,771,816,816,CONSISTENT
26770,771370,99000,99000,0,0,0,0,0,2219715,99,771271,99,774,774,1545,1042,2,0,1020,774,774,774,772,772,0,1,99000,99,99,99,5,1545,5,1545,99000,99,99000,99,2219715,99,17594571,0,772000,772000,17593605,17593605,771000,771000,0,0,0,0,773,773,771,771,1043,1043,CONSISTENT
26780,771589,99000,99000,0,0,0,0,0,2219715,99,771490,99,774,774,1545,1261,2,0,1020,774,774,774,772,772,10,1,99000,99,99,99,5,1545,5,1545,99000,99,99000,99,2219715,99,17599608,0,772000,772000,17593605,17593605,771000,771000,0,0,0,0,773,773,771,771,1261,1261,CONSISTENT
26790,771780,99000,99000,0,0,0,0,0,2219715,99,771681,99,774,774,1545,1452,2,0,1020,774,774,774,772,772,20,1,99000,99,99,99,5,1545,5,1545,99000,99,99000,99,2219715,99,17604001,0,772000,772000,17593605,17593605,771000,771000,0,0,0,0,773,773,771,771,1452,1452,CONSISTENT
26800,771871,99000,99000,0,0,0,0,0,2219715,99,771772,99,774,774,1546,544,1,1000,457,774,774,774,773,773,30,1,99000,99,99,99,5,1546,5,1546,99000,99,99000,99,2219715,99,17606117,0,772000,772000,17593605,17593605,772000,772000,0,0,0,0,773,773,772,772,547,547,CONSISTENT
26810,772066,99000,99000,0,0,0,0,0,2219715,99,771967,99,774,774,1546,739,1,1000,457,774,774,774,773,773,39,1,99000,99,99,99,5,1546,5,1546,99000,99,99000,99,2219715,99,17610602,0,772000,772000,17593605,17593605,772000,772000,0,0,0,0,773,773,772,772,740,740,CONSISTENT
26820,772272,99000,99000,0,0,0,0,0,2219715,99,772173,99,774,774,1546,945,1,1000,457,774,774,774,773,773,49,1,99000,99,99,99,5,1546,5,1546,99000,99,99000,99,2219715,99,17615340,0,772000,772000,17593605,17593605,772000,772000,0,0,0,0,773,773,772,772,945,945,CONSISTENT
26831,772426,99000,99000,0,0,0,0,0,2219715,99,772327,99,775,775,1547,1099,2,0,1018,775,775,775,773,773,4,1,99000,99,99,99,5,1547,5,1547,99000,99,99000,99,2219715,99,17618882,0,773000,773000,17616605,17616605,772000,772000,0,0,0,0,774,774,772,772,1099,1099,CONSISTENT
26840,772615,99000,99000,0,0,0,0,0,2219715,99,772516,99,775,775,1548,289,1,1000,282,775,775,775,774,774,14,1,99000,99,99,99,5,1548,5,1548,99000,99,99000,99,2219715,99,17623252,0,773000,773000,17616605,17616605,773000,773000,0,0,0,0,774,774,773,773,290,290,CONSISTENT
26850,772729,99000,99000,0,0,0,0,0,2219715,99,772630,99,775,775,1548,403,1,1000,282,775,775,775,774,774,24,1,99000,99,99,99,5,1548,5,1548,99000,99,99000,99,2219715,99,17625874,0,773000,773000,17616605,17616605,773000,773000,0,0,0,0,774,774,773,773,403,403,CONSISTENT
26860,772952,99000,99000,0,0,0,0,0,2219715,99,772853,99,775,775,1548,626,1,1000,282,775,775,775,774,774,34,1,99000,99,99,99,5,1548,5,1548,99000,99,99000,99,2219715,99,17631003,0,773000,773000,17616605,17616605,773000,773000,0,0,0,0,774,774,773,773,630,630,CONSISTENT
26870,773187,99000,99000,0,0,0,0,0,2219715,99,773088,99,775,775,1548,861,1,1000,282,775,775,775,774,774,44,1,99000,99,99,99,5,1548,5,1548,99000,99,99000,99,2219715,99,17636431,0,773000,773000,17616605,17616605,773000,773000,0,0,0,0,774,774,773,773,864,864,CONSISTENT
26880,773407,99000,99000,0,0,0,0,0,2219715,99,773308,99,776,776,1549,1081,2,0,1044,776,776,776,774,774,0,1,99000,99,99,99,5,1549,5,1549,99000,99,99000,99,2219715,99,17641468,0,774000,774000,17639605,17639605,773000,773000,0,0,0,0,775,775,773,773,1083,1083,CONSISTENT
26890,773643,99000,99000,0,0,0,0,0,2219715,99,773544,99,776,776,1549,1317,2,0,1044,776,776,776,774,774,10,1,99000,99,99,99,5,1549,5,1549,99000,99,99000,99,2219715,99,17646919,0,774000,774000,17639605,17639605,773000,773000,0,0,0,0,775,775,773,773,1319,1319,CONSISTENT
26900,773775,99000,99000,0,0,0,0,0,2219715,99,773676,99,776,776,1550,450,1,1000,374,776,776,776,775,775,20,1,99000,99,99,99,5,1550,5,1550,99000,99,99000,99,2219715,99,17649955,0,774000,774000,17639605,17639605,774000,774000,0,0,0,0,775,775,774,774,450,450,CONSISTENT
26910,774012,99000,99000,0,0,0,0,0,2219715,99,773913,99,776,776,1550,688,1,1000,374,776,776,776,775,775,32,1,99000,99,99,99,5,1550,5,1550,99000,99,99000,99,2219715,99,17655429,0,774000,774000,17639605,17639605,774000,774000,0,0,0,0,775,775,774,774,688,688,CONSISTENT
26920,774258,99000,99000,0,0,0,0,0,2219715,99,774159,99,776,776,1550,933,1,1000,374,776,776,776,775,775,42,1,99000,99,99,99,5,1550,5,1550,99000,99,99000,99,2219715,99,17661064,0,774000,774000,17639605,17639605,774000,774000,0,0,0,0,775,775,774,774,935,935,CONSISTENT
26930,774472,99000,99000,0,0,0,0,0,2219715,99,774373,99,777,777,1551,1147,2,0,1020,777,777,777,775,775,4,1,99000,99,99,99,5,1551,5,1551,99000,99,99000,99,2219715,99,17666032,0,775000,775000,17662605,17662605,774000,774000,0,0,0,0,776,776,774,774,1151,1153,TORN-PERSISTENT
26940,774713,99000,99000,0,0,0,0,0,2219715,99,774614,99,777,777,1551,1388,2,0,1020,777,777,777,775,775,14,1,99000,99,99,99,5,1551,5,1551,99000,99,99000,99,2219715,99,17671529,0,775000,775000,17662605,17662605,774000,774000,0,0,0,0,776,776,774,774,1389,1389,CONSISTENT
26950,774837,99000,99000,0,0,0,0,0,2219715,99,774738,99,777,777,1552,513,1,1000,506,777,777,777,776,776,25,1,99000,99,99,99,5,1552,5,1552,99000,99,99000,99,2219715,99,17674404,0,775000,775000,17662605,17662605,775000,775000,0,0,0,0,776,776,775,775,513,513,CONSISTENT
26960,775083,99000,99000,0,0,0,0,0,2219715,99,774984,99,777,777,1552,759,1,1000,506,777,777,777,776,776,35,1,99000,99,99,99,5,1552,5,1552,99000,99,99000,99,2219715,99,17680062,0,775000,775000,17662605,17662605,775000,775000,0,0,0,0,776,776,775,775,760,760,CONSISTENT
26970,775327,99000,99000,0,0,0,0,0,2219715,99,775228,99,777,777,1552,1003,2,1000,506,777,778,777,776,776,45,1,99000,99,99,99,5,1552,5,1552,99000,99,99000,99,2219715,99,17685674,0,776000,776000,17685605,17685605,775000,775000,0,0,0,0,777,777,775,775,1005,1005,CONSISTENT
26980,775549,99000,99000,0,0,0,0,0,2219715,99,775450,99,778,778,1553,1225,2,0,1024,778,778,778,776,776,8,1,99000,99,99,99,5,1553,5,1553,99000,99,99000,99,2219715,99,17690780,0,776000,776000,17685605,17685605,775000,775000,0,0,0,0,777,777,775,775,1228,1228,CONSISTENT
26990,775682,99000,99000,0,0,0,0,0,2219715,99,775583,99,778,778,1554,359,1,1000,350,778,778,778,777,777,18,1,99000,99,99,99,5,1554,5,1554,99000,99,99000,99,2219715,99,17693862,0,776000,776000,17685605,17685605,776000,776000,0,0,0,0,777,777,776,776,359,359,CONSISTENT
27000,775921,99000,99000,0,0,0,0,0,2219715,99,775822,99,778,778,1554,598,1,1000,350,778,778,778,777,777,28,1,99000,99,99,99,5,1554,5,1554,99000,99,99000,99,2219715,99,17699382,0,776000,776000,17685605,17685605,776000,776000,0,0,0,0,777,777,776,776,600,601,TORN-PERSISTENT
27010,776078,99000,99000,0,0,0,0,0,2219715,99,775979,99,778,778,1554,755,1,1000,350,778,778,778,777,777,36,1,99000,99,99,99,5,1554,5,1554,99000,99,99000,99,2219715,99,17702970,0,776000,776000,17685605,17685605,776000,776000,0,0,0,0,777,777,776,776,756,756,CONSISTENT
27020,776304,99000,99000,0,0,0,0,0,2219715,99,776205,99,778,778,1554,981,1,1000,350,778,778,778,777,777,47,1,99000,99,99,99,5,1554,5,1554,99000,99,99000,99,2219715,99,17708168,0,776000,776000,17685605,17685605,776000,776000,0,0,0,0,777,777,776,776,983,983,CONSISTENT
27030,776523,99000,99000,0,0,0,0,0,2219715,99,776424,99,779,779,1555,1200,2,0,1003,779,779,779,777,777,8,1,99000,99,99,99,5,1555,5,1555,99000,99,99000,99,2219715,99,17713205,0,777000,777000,17708605,17708605,776000,776000,0,0,0,0,778,778,776,776,1201,1201,CONSISTENT
27040,776685,99000,99000,0,0,0,0,0,2219715,99,776586,99,779,779,1556,363,1,1000,346,779,779,779,778,778,18,1,99000,99,99,99,5,1556,5,1556,99000,99,99000,99,2219715,99,17716954,0,777000,777000,17708605,17708605,777000,777000,0,0,0,0,778,778,777,777,363,363,CONSISTENT
27050,776887,99000,99000,0,0,0,0,0,2219715,99,776788,99,779,779,1556,565,1,1000,346,779,779,779,778,778,28,1,99000,99,99,99,5,1556,5,1556,99000,99,99000,99,2219715,99,17721600,0,777000,777000,17708605,17708605,777000,777000,0,0,0,0,778,778,777,777,566,566,CONSISTENT
27060,777120,99000,99000,0,0,0,0,0,2219715,99,777021,99,779,779,1556,798,1,1000,346,779,779,779,778,778,38,1,99000,99,99,99,5,1556,5,1556,99000,99,99000,99,2219715,99,17726959,0,777000,777000,17708605,17708605,777000,777000,0,0,0,0,778,778,777,777,798,798,CONSISTENT
27070,777344,99000,99000,0,0,0,0,0,2219715,99,777245,99,780,780,1557,1022,2,0,1005,780,780,780,778,778,0,1,99000,99,99,99,5,1557,5,1557,99000,99,99000,99,2219715,99,17732111,0,778000,778000,17731605,17731605,777000,777000,0,0,0,0,779,779,777,777,1024,1024,CONSISTENT
27080,777550,99000,99000,0,0,0,0,0,2219715,99,777451,99,780,780,1557,1228,2,0,1005,780,780,780,778,778,8,1,99000,99,99,99,5,1557,5,1557,99000,99,99000,99,2219715,99,17736849,0,778000,778000,17731605,17731605,777000,777000,0,0,0,0,779,779,777,777,1228,1228,CONSISTENT
27090,777758,99000,99000,0,0,0,0,0,2219715,99,777659,99,780,780,1558,437,1,1000,431,780,780,780,779,779,19,1,99000,99,99,99,5,1558,5,1558,99000,99,99000,99,2219715,99,17741656,0,778000,778000,17731605,17731605,778000,778000,0,0,0,0,779,779,778,778,437,437,CONSISTENT
27100,777893,99000,99000,0,0,0,0,0,2219715,99,777794,99,780,780,1558,572,1,1000,431,780,780,780,779,779,29,1,99000,99,99,99,5,1558,5,1558,99000,99,99000,99,2219715,99,17744761,0,778000,778000,17731605,17731605,778000,778000,0,0,0,0,779,779,778,778,573,573,CONSISTENT
27110,778114,99000,99000,0,0,0,0,0,2219715,99,778015,99,780,780,1558,793,1,1000,431,780,780,780,779,779,39,1,99000,99,99,99,5,1558,5,1558,99000,99,99000,99,2219715,99,17749844,0,778000,778000,17731605,17731605,778000,778000,0,0,0,0,779,779,778,778,794,794,CONSISTENT
27120,778308,99000,99000,0,0,0,0,0,2219715,99,778209,99,780,780,1558,987,1,1000,431,780,780,780,779,779,49,1,99000,99,99,99,5,1558,5,1558,99000,99,99000,99,2219715,99,17754306,0,778000,778000,17731605,17731605,778000,778000,0,0,0,0,779,779,778,778,988,989,TORN-PERSISTENT
27130,778520,99000,99000,0,0,0,0,0,2219715,99,778421,99,781,781,1559,1199,2,0,1002,781,781,781,779,779,8,1,99000,99,99,99,5,1559,5,1559,99000,99,99000,99,2219715,99,17759205,0,779000,779000,17754605,17754605,778000,778000,0,0,0,0,780,780,778,778,1200,1200,CONSISTENT
27140,778702,99000,99000,0,0,0,0,0,2219715,99,778603,99,781,781,1559,1382,2,0,1002,781,781,781,779,779,18,1,99000,99,99,99,5,1559,5,1559,99000,99,99000,99,2219715,99,17763414,0,779000,779000,17754605,17754605,778000,778000,0,0,0,0,780,780,778,778,1384,1384,CONSISTENT
27150,778810,99000,99000,0,0,0,0,0,2219715,99,778711,99,781,781,1560,490,1,1000,388,781,781,781,780,780,28,1,99000,99,99,99,5,1560,5,1560,99000,99,99000,99,2219715,99,17765875,0,779000,779000,17754605,17754605,779000,779000,0,0,0,0,780,780,779,779,493,493,CONSISTENT
27160,779009,99000,99000,0,0,0,0,0,2219715,99,778910,99,781,781,1560,689,1,1000,388,781,781,781,780,780,39,1,99000,99,99,99,5,1560,5,1560,99000,99,99000,99,2219715,99,17770452,0,779000,779000,17754605,17754605,779000,779000,0,0,0,0,780,780,779,779,691,692,TORN-PERSISTENT
27170,779204,99000,99000,0,0,0,0,0,2219715,99,779105,99,781,781,1560,884,1,1000,388,781,781,781,780,780,47,1,99000,99,99,99,5,1560,5,1560,99000,99,99000,99,2219715,99,17774937,0,779000,779000,17754605,17754605,779000,779000,0,0,0,0,780,780,779,779,885,886,TORN-PERSISTENT
27180,779419,99000,99000,0,0,0,0,0,2219715,99,779320,99,782,782,1561,1099,2,0,1021,782,782,782,780,780,2,1,99000,99,99,99,5,1561,5,1561,99000,99,99000,99,2219715,99,17779882,0,780000,780000,17777605,17777605,779000,779000,0,0,0,0,781,781,779,779,1100,1100,CONSISTENT
27190,779629,99000,99000,0,0,0,0,0,2219715,99,779530,99,782,782,1562,310,1,1000,304,782,782,782,781,781,13,1,99000,99,99,99,5,1562,5,1562,99000,99,99000,99,2219715,99,17784735,0,780000,780000,17777605,17777605,780000,780000,0,0,0,0,781,781,780,780,310,310,CONSISTENT
27200,779743,99000,99000,0,0,0,0,0,2219715,99,779644,99,782,782,1562,424,1,1000,304,782,782,782,781,781,22,1,99000,99,99,99,5,1562,5,1562,99000,99,99000,99,2219715,99,17787357,0,780000,780000,17777605,17777605,780000,780000,0,0,0,0,781,781,780,780,425,425,CONSISTENT
27211,779926,99000,99000,0,0,0,0,0,2219715,99,779827,99,782,782,1562,607,1,1000,304,782,782,782,781,781,34,1,99000,99,99,99,5,1562,5,1562,99000,99,99000,99,2219715,99,17791589,0,780000,780000,17777605,17777605,780000,780000,0,0,0,0,781,781,780,780,608,608,CONSISTENT
27220,780112,99000,99000,0,0,0,0,0,2219715,99,780013,99,782,782,1562,793,1,1000,304,782,782,782,781,781,42,1,99000,99,99,99,5,1562,5,1562,99000,99,99000,99,2219715,99,17795844,0,780000,780000,17777605,17777605,780000,780000,0,0,0,0,781,781,780,780,794,794,CONSISTENT
27230,780329,99000,99000,0,0,0,0,0,2219715,99,780230,99,782,782,1562,1010,2,1000,304,782,783,782,781,781,53,1,99000,99,99,99,5,1562,5,1562,99000,99,99000,99,2219715,99,17800835,0,781000,781000,17800605,17800605,780000,780000,0,0,0,0,782,782,780,780,1010,1010,CONSISTENT
27240,780535,99000,99000,0,0,0,0,0,2219715,99,780436,99,783,783,1563,1216,2,0,1045,783,783,783,781,781,8,1,99000,99,99,99,5,1563,5,1563,99000,99,99000,99,2219715,99,17805573,0,781000,781000,17800605,17800605,780000,780000,0,0,0,0,782,782,780,780,1216,1216,CONSISTENT
27250,780651,99000,99000,0,0,0,0,0,2219715,99,780552,99,783,783,1564,333,1,1000,228,783,783,783,782,782,18,1,99000,99,99,99,5,1564,5,1564,99000,99,99000,99,2219715,99,17808264,0,781000,781000,17800605,17800605,781000,781000,0,0,0,0,782,782,781,781,333,333,CONSISTENT
27261,780873,99000,99000,0,0,0,0,0,2219715,99,780774,99,783,783,1564,555,1,1000,228,783,783,783,782,782,28,1,99000,99,99,99,5,1564,5,1564,99000,99,99000,99,2219715,99,17813370,0,781000,781000,17800605,17800605,781000,781000,0,0,0,0,782,782,781,781,558,558,CONSISTENT
27270,781067,99000,99000,0,0,0,0,0,2219715,99,780968,99,783,783,1564,749,1,1000,228,783,783,783,782,782,38,1,99000,99,99,99,5,1564,5,1564,99000,99,99000,99,2219715,99,17817832,0,781000,781000,17800605,17800605,781000,781000,0,0,0,0,782,782,781,781,751,752,TORN-PERSISTENT
27280,781290,99000,99000,0,0,0,0,0,2219715,99,781191,99,783,783,1564,972,1,1000,228,783,783,783,782,782,48,1,99000,99,99,99,5,1564,5,1564,99000,99,99000,99,2219715,99,17822961,0,781000,781000,17800605,17800605,781000,781000,0,0,0,0,782,782,781,781,973,973,CONSISTENT
27290,781504,99000,99000,0,0,0,0,0,2219715,99,781405,99,784,784,1565,1186,2,0,1003,784,784,784,782,782,8,1,99000,99,99,99,5,1565,5,1565,99000,99,99000,99,2219715,99,17827883,0,782000,782000,17823605,17823605,781000,781000,0,0,0,0,783,783,781,781,1186,1186,CONSISTENT
27300,781727,99000,99000,0,0,0,0,0,2219715,99,781628,99,784,784,1565,1409,2,0,1003,784,784,784,782,782,17,1,99000,99,99,99,5,1565,5,1565,99000,99,99000,99,2219715,99,17833035,0,782000,782000,17823605,17823605,781000,781000,0,0,0,0,783,783,781,781,1410,1410,CONSISTENT
27310,781745,99000,99000,0,0,0,0,0,2219715,99,781646,99,784,784,1566,428,1,1000,415,784,784,784,783,783,26,1,99000,99,99,99,5,1566,5,1566,99000,99,99000,99,2219715,99,17833449,0,782000,782000,17823605,17823605,782000,782000,0,0,0,0,783,783,782,782,428,428,CONSISTENT
27320,781967,99000,99000,0,0,0,0,0,2219715,99,781868,99,784,784,1566,650,1,1000,415,784,784,784,783,783,36,1,99000,99,99,99,5,1566,5,1566,99000,99,99000,99,2219715,99,17838578,0,782000,782000,17823605,17823605,782000,782000,0,0,0,0,783,783,782,782,651,651,CONSISTENT
27330,782161,99000,99000,0,0,0,0,0,2219715,99,782062,99,784,784,1566,844,1,1000,415,784,784,784,783,783,46,1,99000,99,99,99,5,1566,5,1566,99000,99,99000,99,2219715,99,17843017,0,782000,782000,17823605,17823605,782000,782000,0,0,0,0,783,783,782,782,845,845,CONSISTENT
27340,782374,99000,99000,0,0,0,0,0,2219715,99,782275,99,785,785,1567,1057,2,0,1016,785,785,785,783,783,0,1,99000,99,99,99,5,1567,5,1567,99000,99,99000,99,2219715,99,17847916,0,783000,783000,17846605,17846605,782000,782000,0,0,0,0,784,784,782,782,1058,1059,TORN-PERSISTENT
27350,782589,99000,99000,0,0,0,0,0,2219715,99,782490,99,785,785,1567,1272,2,0,1016,785,785,785,783,783,12,1,99000,99,99,99,5,1567,5,1567,99000,99,99000,99,2219715,99,17852861,0,783000,783000,17846605,17846605,782000,782000,0,0,0,0,784,784,782,782,1274,1274,CONSISTENT
27360,782681,99000,99000,0,0,0,0,0,2219715,99,782582,99,785,785,1568,365,1,1000,277,785,785,785,784,784,20,1,99000,99,99,99,5,1568,5,1568,99000,99,99000,99,2219715,99,17855023,0,783000,783000,17846605,17846605,783000,783000,0,0,0,0,784,784,783,783,366,366,CONSISTENT
27370,782902,99000,99000,0,0,0,0,0,2219715,99,782803,99,785,785,1568,586,1,1000,277,785,785,785,784,784,30,1,99000,99,99,99,5,1568,5,1568,99000,99,99000,99,2219715,99,17860083,0,783000,783000,17846605,17846605,783000,783000,0,0,0,0,784,784,783,783,586,586,CONSISTENT
27380,783123,99000,99000,0,0,0,0,0,2219715,99,783024,99,785,785,1568,807,1,1000,277,785,785,785,784,784,40,1,99000,99,99,99,5,1568,5,1568,99000,99,99000,99,2219715,99,17865189,0,783000,783000,17846605,17846605,783000,783000,0,0,0,0,784,784,783,783,808,808,CONSISTENT
27390,783344,99000,99000,0,0,0,0,0,2219715,99,783245,99,786,786,1569,1028,2,0,1011,786,786,786,784,784,0,1,99000,99,99,99,5,1569,5,1569,99000,99,99000,99,2219715,99,17870249,0,784000,784000,17869605,17869605,783000,783000,0,0,0,0,785,785,783,783,1028,1028,CONSISTENT
27400,783550,99000,99000,0,0,0,0,0,2219715,99,783451,99,786,786,1569,1234,2,0,1011,786,786,786,784,784,10,1,99000,99,99,99,5,1569,5,1569,99000,99,99000,99,2219715,99,17874987,0,784000,784000,17869605,17869605,783000,783000,0,0,0,0,785,785,783,783,1234,1234,CONSISTENT
27410,783638,99000,99000,0,0,0,0,0,2219715,99,783539,99,786,786,1570,324,1,1000,254,786,786,786,785,785,20,1,99000,99,99,99,5,1570,5,1570,99000,99,99000,99,2219715,99,17877057,0,784000,784000,17869605,17869605,784000,784000,0,0,0,0,785,785,784,784,324,324,CONSISTENT
27420,783842,99000,99000,0,0,0,0,0,2219715,99,783743,99,786,786,1570,527,1,1000,254,786,786,786,785,785,30,1,99000,99,99,99,5,1570,5,1570,99000,99,99000,99,2219715,99,17881726,0,784000,784000,17869605,17869605,784000,784000,0,0,0,0,785,785,784,784,528,528,CONSISTENT
27430,784066,99000,99000,0,0,0,0,0,2219715,99,783967,99,786,786,1570,751,1,1000,254,786,786,786,785,785,40,1,99000,99,99,99,5,1570,5,1570,99000,99,99000,99,2219715,99,17886901,0,784000,784000,17869605,17869605,784000,784000,0,0,0,0,785,785,784,784,752,752,CONSISTENT
27440,784275,99000,99000,0,0,0,0,0,2219715,99,784176,99,786,786,1570,960,1,1000,254,786,786,786,785,785,49,1,99000,99,99,99,5,1570,5,1570,99000,99,99000,99,2219715,99,17891685,0,784000,784000,17869605,17869605,784000,784000,0,0,0,0,785,785,784,784,960,960,CONSISTENT
27450,784493,99000,99000,0,0,0,0,0,2219715,99,784394,99,787,787,1571,1178,2,0,1016,787,787,787,785,785,6,1,99000,99,99,99,5,1571,5,1571,99000,99,99000,99,2219715,99,17896699,0,785000,785000,17892605,17892605,784000,784000,0,0,0,0,786,786,784,784,1178,1178,CONSISTENT
27460,784682,99000,99000,0,0,0,0,0,2219715,99,784583,99,787,787,1571,1367,2,0,1016,787,787,787,785,785,16,1,99000,99,99,99,5,1571,5,1571,99000,99,99000,99,2219715,99,17901046,0,785000,785000,17892605,17892605,784000,784000,0,0,0,0,786,786,784,784,1367,1367,CONSISTENT
27470,784781,99000,99000,0,0,0,0,0,2219715,99,784682,99,787,787,1572,467,1,1000,445,787,787,787,786,786,26,1,99000,99,99,99,5,1572,5,1572,99000,99,99000,99,2219715,99,17903346,0,785000,785000,17892605,17892605,785000,785000,0,0,0,0,786,786,785,785,467,467,CONSISTENT
27480,784980,99000,99000,0,0,0,0,0,2219715,99,784881,99,787,787,1572,666,1,1000,445,787,787,787,786,786,36,1,99000,99,99,99,5,1572,5,1572,99000,99,99000,99,2219715,99,17907923,0,785000,785000,17892605,17892605,785000,785000,0,0,0,0,786,786,785,785,667,667,CONSISTENT
27490,785198,99000,99000,0,0,0,0,0,2219715,99,785099,99,787,787,1572,884,1,1000,445,787,787,787,786,786,46,1,99000,99,99,99,5,1572,5,1572,99000,99,99000,99,2219715,99,17912937,0,785000,785000,17892605,17892605,785000,785000,0,0,0,0,786,786,785,785,885,885,CONSISTENT
27500,785418,99000,99000,0,0,0,0,0,2219715,99,785319,99,788,788,1573,1104,2,0,1028,788,788,788,786,786,2,1,99000,99,99,99,5,1573,5,1573,99000,99,99000,99,2219715,99,17918020,0,786000,786000,17915605,17915605,785000,785000,0,0,0,0,787,787,785,785,1105,1105,CONSISTENT
27510,785613,99000,99000,0,0,0,0,0,2219715,99,785514,99,788,788,1573,1299,2,0,1028,788,788,788,786,786,10,1,99000,99,99,99,5,1573,5,1573,99000,99,99000,99,2219715,99,17922482,0,786000,786000,17915605,17915605,785000,785000,0,0,0,0,787,787,785,785,1299,1299,CONSISTENT
27520,785724,99000,99000,0,0,0,0,0,2219715,99,785625,99,788,788,1574,411,1,1000,409,788,788,788,787,787,20,1,99000,99,99,99,5,1574,5,1574,99000,99,99000,99,2219715,99,17925058,0,786000,786000,17915605,17915605,786000,786000,0,0,0,0,787,787,786,786,411,411,CONSISTENT
27530,785931,99000,99000,0,0,0,0,0,2219715,99,785832,99,788,788,1574,618,1,1000,409,788,788,788,787,787,32,1,99000,99,99,99,5,1574,5,1574,99000,99,99000,99,2219715,99,17929819,0,786000,786000,17915605,17915605,786000,786000,0,0,0,0,787,787,786,786,618,618,CONSISTENT
27540,786140,99000,99000,0,0,0,0,0,2219715,99,786041,99,788,788,1574,827,1,1000,409,788,788,788,787,787,41,1,99000,99,99,99,5,1574,5,1574,99000,99,99000,99,2219715,99,17934626,0,786000,786000,17915605,17915605,786000,786000,0,0,0,0,787,787,786,786,828,828,CONSISTENT
27550,786331,99000,99000,0,0,0,0,0,2219715,99,786232,99,789,789,1575,1018,2,0,1013,789,789,789,787,787,0,1,99000,99,99,99,5,1575,5,1575,99000,99,99000,99,2219715,99,17939019,0,787000,787000,17938605,17938605,786000,786000,0,0,0,0,788,788,786,786,1019,1019,CONSISTENT
27560,786530,99000,99000,0,0,0,0,0,2219715,99,786431,99,789,789,1575,1217,2,0,1013,789,789,789,787,787,8,1,99000,99,99,99,5,1575,5,1575,99000,99,99000,99,2219715,99,17943596,0,787000,787000,17938605,17938605,786000,786000,0,0,0,0,788,788,786,786,1217,1217,CONSISTENT
27570,786622,99000,99000,0,0,0,0,0,2219715,99,786523,99,789,789,1576,310,1,1000,303,789,789,789,788,788,18,1,99000,99,99,99,5,1576,5,1576,99000,99,99000,99,2219715,99,17945735,0,787000,787000,17938605,17938605,787000,787000,0,0,0,0,788,788,787,787,310,310,CONSISTENT
27580,786825,99000,99000,0,0,0,0,0,2219715,99,786726,99,789,789,1576,513,1,1000,303,789,789,789,788,788,29,1,99000,99,99,99,5,1576,5,1576,99000,99,99000,99,2219715,99,17950404,0,787000,787000,17938605,17938605,787000,787000,0,0,0,0,788,788,787,787,513,513,CONSISTENT
27590,787019,99000,99000,0,0,0,0,0,2219715,99,786920,99,789,789,1576,707,1,1000,303,789,789,789,788,788,39,1,99000,99,99,99,5,1576,5,1576,99000,99,99000,99,2219715,99,17954866,0,787000,787000,17938605,17938605,787000,787000,0,0,0,0,788,788,787,787,707,707,CONSISTENT
27600,787164,99000,99000,0,0,0,0,0,2219715,99,787065,99,789,789,1576,852,1,1000,303,789,789,789,788,788,49,1,99000,99,99,99,5,1576,5,1576,99000,99,99000,99,2219715,99,17958201,0,787000,787000,17938605,17938605,787000,787000,0,0,0,0,788,788,787,787,853,854,TORN-PERSISTENT
27610,787256,99000,99000,0,0,0,0,0,2219715,99,787157,99,789,789,1576,944,1,1000,303,789,789,789,788,788,58,1,99000,99,99,99,5,1576,5,1576,99000,99,99000,99,2219715,99,17960317,0,787000,787000,17938605,17938605,787000,787000,0,0,0,0,788,788,787,787,944,944,CONSISTENT
27620,787487,99000,99000,0,0,0,0,0,2219715,99,787388,99,790,790,1577,1175,2,0,1024,790,790,790,788,788,4,1,99000,99,99,99,5,1577,5,1577,99000,99,99000,99,2219715,99,17965630,0,788000,788000,17961605,17961605,787000,787000,0,0,0,0,789,789,787,787,1177,1177,CONSISTENT
27630,787650,99000,99000,0,0,0,0,0,2219715,99,787551,99,790,790,1578,339,1,1000,329,790,790,790,789,789,14,1,99000,99,99,99,5,1578,5,1578,99000,99,99000,99,2219715,99,17969402,0,788000,788000,17961605,17961605,788000,788000,0,0,0,0,789,789,788,788,339,339,CONSISTENT
27640,787990,99000,99000,0,0,0,0,0,2219715,99,787891,99,790,790,1578,679,1,1000,329,790,790,790,789,789,24,1,99000,99,99,99,5,1578,5,1578,99000,99,99000,99,2219715,99,17977222,0,788000,788000,17961605,17961605,788000,788000,0,0,0,0,789,789,788,788,680,680,CONSISTENT
27650,788286,99000,99000,0,0,0,0,0,2219715,99,788187,99,790,790,1578,975,1,1000,329,790,790,790,789,789,35,1,99000,99,99,99,5,1578,5,1578,99000,99,99000,99,2219715,99,17984030,0,788000,788000,17961605,17961605,788000,788000,0,0,0,0,789,789,788,788,976,976,CONSISTENT
27660,788613,99000,99000,0,0,0,0,0,2219715,99,788514,99,791,791,1579,1302,2,0,1033,791,791,791,789,789,8,1,99000,99,99,99,5,1579,5,1579,99000,99,99000,99,2219715,99,17991574,0,789000,789000,17984605,17984605,788000,788000,0,0,0,0,790,790,788,788,1306,1306,CONSISTENT
27670,788793,99000,99000,0,0,0,0,0,2219715,99,788694,99,791,791,1580,483,1,1000,462,791,791,791,790,790,18,1,99000,99,99,99,5,1580,5,1580,99000,99,99000,99,2219715,99,17995714,0,789000,789000,17984605,17984605,789000,789000,0,0,0,0,790,790,789,789,486,488,TORN-PERSISTENT
27680,789131,99000,99000,0,0,0,0,0,2219715,99,789032,99,791,791,1580,821,1,1000,462,791,791,791,790,790,28,1,99000,99,99,99,5,1580,5,1580,99000,99,99000,99,2219715,99,18003511,0,789000,789000,17984605,17984605,789000,789000,0,0,0,0,790,790,789,789,825,826,TORN-PERSISTENT
27690,789420,99000,99000,0,0,0,0,0,2219715,99,789321,99,792,792,1581,1110,2,0,1046,792,792,792,790,790,2,1,99000,99,99,99,5,1581,5,1581,99000,99,99000,99,2219715,99,18010158,0,790000,790000,18007605,18007605,789000,789000,0,0,0,0,791,791,789,789,1112,1112,CONSISTENT
27700,789671,99000,99000,0,0,0,0,0,2219715,99,789572,99,792,792,1581,1361,2,0,1046,792,792,792,790,790,10,1,99000,99,99,99,5,1581,5,1581,99000,99,99000,99,2219715,99,18015931,0,790000,790000,18007605,18007605,789000,789000,0,0,0,0,791,791,789,789,1364,1364,CONSISTENT
27710,789839,99000,99000,0,0,0,0,0,2219715,99,789740,99,792,792,1582,530,1,1000,506,792,792,792,791,791,22,1,99000,99,99,99,5,1582,5,1582,99000,99,99000,99,2219715,99,18019795,0,790000,790000,18007605,18007605,790000,790000,0,0,0,0,791,791,790,790,531,531,CONSISTENT
27720,790171,99000,99000,0,0,0,0,0,2219715,99,790072,99,792,792,1582,862,1,1000,506,792,792,792,791,791,31,1,99000,99,99,99,5,1582,5,1582,99000,99,99000,99,2219715,99,18027431,0,790000,790000,18007605,18007605,790000,790000,0,0,0,0,791,791,790,790,862,862,CONSISTENT
27730,790498,99000,99000,0,0,0,0,0,2219715,99,790399,99,793,793,1583,1189,2,0,1014,793,793,793,791,791,4,1,99000,99,99,99,5,1583,5,1583,99000,99,99000,99,2219715,99,18034975,0,791000,791000,18030605,18030605,790000,790000,0,0,0,0,792,792,790,790,1191,1191,CONSISTENT
27740,790825,99000,99000,0,0,0,0,0,2219715,99,790726,99,793,793,1583,1516,2,0,1014,793,793,793,791,791,14,1,99000,99,99,99,5,1583,5,1583,99000,99,99000,99,2219715,99,18042496,0,791000,791000,18030605,18030605,790000,790000,0,0,0,0,792,792,790,790,1520,1520,CONSISTENT
27750,790957,99000,99000,0,0,0,0,0,2219715,99,790858,99,793,793,1584,649,1,1000,631,793,793,793,792,792,24,1,99000,99,99,99,5,1584,5,1584,99000,99,99000,99,2219715,99,18045532,0,791000,791000,18030605,18030605,791000,791000,0,0,0,0,792,792,791,791,650,650,CONSISTENT
27760,791255,99000,99000,0,0,0,0,0,2219715,99,791156,99,793,793,1584,947,1,1000,631,793,793,793,792,792,34,1,99000,99,99,99,5,1584,5,1584,99000,99,99000,99,2219715,99,18052386,0,791000,791000,18030605,18030605,791000,791000,0,0,0,0,792,792,791,791,947,947,CONSISTENT
27770,791570,99000,99000,0,0,0,0,0,2219715,99,791471,99,794,794,1585,1262,2,0,1037,794,794,794,792,792,6,1,99000,99,99,99,5,1585,5,1585,99000,99,99000,99,2219715,99,18059631,0,792000,792000,18053605,18053605,791000,791000,0,0,0,0,793,793,791,791,1262,1262,CONSISTENT
27780,791897,99000,99000,0,0,0,0,0,2219715,99,791798,99,794,794,1585,1589,2,0,1037,794,794,794,792,792,16,1,99000,99,99,99,5,1585,5,1585,99000,99,99000,99,2219715,99,18067175,0,792000,792000,18053605,18053605,791000,791000,0,0,0,0,793,793,791,791,1590,1590,CONSISTENT
27790,792079,99000,99000,0,0,0,0,0,2219715,99,791980,99,794,794,1586,772,1,1000,712,794,794,794,793,793,26,1,99000,99,99,99,5,1586,5,1586,99000,99,99000,99,2219715,99,18071361,0,792000,792000,18053605,18053605,792000,792000,0,0,0,0,793,793,792,792,774,776,TORN-PERSISTENT
27800,792378,99000,99000,0,0,0,0,0,2219715,99,792279,99,795,795,1587,1071,2,0,1011,795,795,795,793,793,0,1,99000,99,99,99,5,1587,5,1587,99000,99,99000,99,2219715,99,18078261,0,793000,793000,18076605,18076605,792000,792000,0,0,0,0,794,794,792,792,1073,1074,TORN-PERSISTENT
27810,792712,99000,99000,0,0,0,0,0,2219715,99,792613,99,795,795,1587,1405,2,0,1011,795,795,795,793,793,10,1,99000,99,99,99,5,1587,5,1587,99000,99,99000,99,2219715,99,18085920,0,793000,793000,18076605,18076605,792000,792000,0,0,0,0,794,794,792,792,1408,1408,CONSISTENT
27820,792892,99000,99000,0,0,0,0,0,2219715,99,792793,99,795,795,1588,586,1,1000,450,795,795,795,794,794,22,1,99000,99,99,99,5,1588,5,1588,99000,99,99000,99,2219715,99,18090083,0,793000,793000,18076605,18076605,793000,793000,0,0,0,0,794,794,793,793,587,587,CONSISTENT
27830,793212,99000,99000,0,0,0,0,0,2219715,99,793113,99,795,795,1588,906,1,1000,450,795,795,795,794,794,32,1,99000,99,99,99,5,1588,5,1588,99000,99,99000,99,2219715,99,18097443,0,793000,793000,18076605,18076605,793000,793000,0,0,0,0,794,794,793,793,906,906,CONSISTENT
27840,793529,99000,99000,0,0,0,0,0,2219715,99,793430,99,796,796,1589,1223,2,0,1017,796,796,796,794,794,6,1,99000,99,99,99,5,1589,5,1589,99000,99,99000,99,2219715,99,18104734,0,794000,794000,18099605,18099605,793000,793000,0,0,0,0,795,795,793,793,1223,1223,CONSISTENT
27851,793871,99000,99000,0,0,0,0,0,2219715,99,793772,99,796,796,1589,1565,2,0,1017,796,796,796,794,794,14,1,99000,99,99,99,5,1589,5,1589,99000,99,99000,99,2219715,99,18112646,0,794000,794000,18099605,18099605,793000,793000,0,0,0,0,795,795,793,793,1568,1568,CONSISTENT
27860,794001,99000,99000,0,0,0,0,0,2219715,99,793902,99,796,796,1590,696,1,1000,595,796,796,796,795,795,25,1,99000,99,99,99,5,1590,5,1590,99000,99,99000,99,2219715,99,18115613,0,794000,794000,18099605,18099605,794000,794000,0,0,0,0,795,795,794,794,700,700,CONSISTENT
27870,794328,99000,99000,0,0,0,0,0,2219715,99,794229,99,797,797,1591,1023,2,0,1004,797,797,797,795,795,0,1,99000,99,99,99,5,1591,5,1591,99000,99,99000,99,2219715,99,18123157,0,795000,795000,18122605,18122605,794000,794000,0,0,0,0,796,796,794,794,1026,1026,CONSISTENT
27880,794662,99000,99000,0,0,0,0,0,2219715,99,794563,99,797,797,1591,1357,2,0,1004,797,797,797,795,795,10,1,99000,99,99,99,5,1591,5,1591,99000,99,99000,99,2219715,99,18130862,0,795000,795000,18122605,18122605,794000,794000,0,0,0,0,796,796,794,794,1359,1359,CONSISTENT
27890,794972,99000,99000,0,0,0,0,0,2219715,99,794873,99,797,797,1591,1667,2,0,1004,797,797,797,795,795,20,1,99000,99,99,99,5,1591,5,1591,99000,99,99000,99,2219715,99,18137946,0,795000,795000,18122605,18122605,794000,794000,0,0,0,0,796,796,794,794,1667,1667,CONSISTENT
27900,795126,99000,99000,0,0,0,0,0,2219715,99,795027,99,797,797,1592,822,1,1000,669,797,797,797,796,796,30,1,99000,99,99,99,5,1592,5,1592,99000,99,99000,99,2219715,99,18141511,0,795000,795000,18122605,18122605,795000,795000,0,0,0,0,796,796,795,795,822,822,CONSISTENT
27910,795291,99000,99000,0,0,0,0,0,2219715,99,795192,99,797,797,1592,987,1,1000,669,797,797,797,796,796,38,1,99000,99,99,99,5,1592,5,1592,99000,99,99000,99,2219715,99,18145329,0,795000,795000,18122605,18122605,795000,795000,0,0,0,0,796,796,795,795,988,988,CONSISTENT
27920,795602,99000,99000,0,0,0,0,0,2219715,99,795503,99,798,798,1593,1298,2,0,1063,798,798,798,796,796,6,1,99000,99,99,99,5,1593,5,1593,99000,99,99000,99,2219715,99,18152482,0,796000,796000,18145605,18145605,795000,795000,0,0,0,0,797,797,795,795,1299,1299,CONSISTENT
27930,795889,99000,99000,0,0,0,0,0,2219715,99,795790,99,798,798,1594,586,1,1000,573,798,798,798,797,797,17,1,99000,99,99,99,5,1594,5,1594,99000,99,99000,99,2219715,99,18159083,0,796000,796000,18145605,18145605,796000,796000,0,0,0,0,797,797,796,796,586,586,CONSISTENT
27940,796071,99000,99000,0,0,0,0,0,2219715,99,795972,99,798,798,1594,768,1,1000,573,798,798,798,797,797,27,1,99000,99,99,99,5,1594,5,1594,99000,99,99000,99,2219715,99,18163269,0,796000,796000,18145605,18145605,796000,796000,0,0,0,0,797,797,796,796,770,770,CONSISTENT
27950,796385,99000,99000,0,0,0,0,0,2219715,99,796286,99,799,799,1595,1082,2,0,1052,799,799,799,797,797,0,1,99000,99,99,99,5,1595,5,1595,99000,99,99000,99,2219715,99,18170491,0,797000,797000,18168605,18168605,796000,796000,0,0,0,0,798,798,796,796,1082,1082,CONSISTENT
27960,796679,99000,99000,0,0,0,0,0,2219715,99,796580,99,799,799,1595,1376,2,0,1052,799,799,799,797,797,10,1,99000,99,99,99,5,1595,5,1595,99000,99,99000,99,2219715,99,18177299,0,797000,797000,18168605,18168605,796000,796000,0,0,0,0,798,798,796,796,1380,1381,TORN-PERSISTENT
27970,797017,99000,99000,0,0,0,0,0,2219715,99,796918,99,799,799,1595,1714,2,0,1052,799,799,799,797,797,20,1,99000,99,99,99,5,1595,5,1595,99000,99,99000,99,2219715,99,18185027,0,797000,797000,18168605,18168605,796000,796000,0,0,0,0,798,798,796,796,1714,1714,CONSISTENT
27980,797188,99000,99000,0,0,0,0,0,2219715,99,797089,99,799,799,1596,886,1,1000,724,799,799,799,798,798,30,1,99000,99,99,99,5,1596,5,1596,99000,99,99000,99,2219715,99,18189006,0,797000,797000,18168605,18168605,797000,797000,0,0,0,0,798,798,797,797,887,887,CONSISTENT
27990,797519,99000,99000,0,0,0,0,0,2219715,99,797420,99,800,800,1597,1217,2,0,1007,800,800,800,798,798,6,1,99000,99,99,99,5,1597,5,1597,99000,99,99000,99,2219715,99,18196619,0,798000,798000,18191605,18191605,797000,797000,0,0,0,0,799,799,797,797,1219,1219,CONSISTENT
28000,797717,99000,99000,0,0,0,0,0,2219715,99,797618,99,800,800,1598,416,1,1000,408,800,800,800,799,799,15,1,99000,99,99,99,5,1598,5,1598,99000,99,99000,99,2219715,99,18201173,0,798000,798000,18191605,18191605,798000,798000,0,0,0,0,799,799,798,798,416,416,CONSISTENT
28010,797973,99000,99000,0,0,0,0,0,2219715,99,797874,99,800,800,1598,672,1,1000,408,800,800,800,799,799,27,1,99000,99,99,99,5,1598,5,1598,99000,99,99000,99,2219715,99,18207061,0,798000,798000,18191605,18191605,798000,798000,0,0,0,0,799,799,798,798,674,674,CONSISTENT
28020,798239,99000,99000,0,0,0,0,0,2219715,99,798140,99,800,800,1598,938,1,1000,408,800,800,800,799,799,35,1,99000,99,99,99,5,1598,5,1598,99000,99,99000,99,2219715,99,18213179,0,798000,798000,18191605,18191605,798000,798000,0,0,0,0,799,799,798,798,938,938,CONSISTENT
28030,798522,99000,99000,0,0,0,0,0,2219715,99,798423,99,801,801,1599,1221,2,0,1018,801,801,801,799,799,6,1,99000,99,99,99,5,1599,5,1599,99000,99,99000,99,2219715,99,18219688,0,799000,799000,18214605,18214605,798000,798000,0,0,0,0,800,800,798,798,1224,1225,TORN-PERSISTENT
28040,798706,99000,99000,0,0,0,0,0,2219715,99,798607,99,801,801,1600,406,1,1000,395,801,801,801,800,800,16,1,99000,99,99,99,5,1600,5,1600,99000,99,99000,99,2219715,99,18223943,0,799000,799000,18214605,18214605,799000,799000,0,0,0,0,800,800,799,799,406,406,CONSISTENT
28050,798995,99000,99000,0,0,0,0,0,2219715,99,798896,99,801,801,1600,695,1,1000,395,801,801,801,800,800,26,1,99000,99,99,99,5,1600,5,1600,99000,99,99000,99,2219715,99,18230636,0,799000,799000,18214605,18214605,799000,799000,0,0,0,0,800,800,799,799,698,698,CONSISTENT
28060,799250,99000,99000,0,0,0,0,0,2219715,99,799151,99,801,801,1600,950,1,1000,395,801,801,801,800,800,36,1,99000,99,99,99,5,1600,5,1600,99000,99,99000,99,2219715,99,18236455,0,799000,799000,18214605,18214605,799000,799000,0,0,0,0,800,800,799,799,952,953,TORN-PERSISTENT
28070,799462,99000,99000,0,0,0,0,0,2219715,99,799363,99,802,802,1601,1162,2,0,1022,802,802,802,800,800,6,1,99000,99,99,99,5,1601,5,1601,99000,99,99000,99,2219715,99,18241354,0,800000,800000,18237605,18237605,799000,799000,0,0,0,0,801,801,799,799,1163,1163,CONSISTENT
28080,799648,99000,99000,0,0,0,0,0,2219715,99,799549,99,802,802,1602,349,1,1000,344,802,802,802,801,801,16,1,99000,99,99,99,5,1602,5,1602,99000,99,99000,99,2219715,99,18245632,0,800000,800000,18237605,18237605,800000,800000,0,0,0,0,801,801,800,800,349,349,CONSISTENT
28090,799844,99000,99000,0,0,0,0,0,2219715,99,799745,99,802,802,1602,545,1,1000,344,802,802,802,801,801,26,1,99000,99,99,99,5,1602,5,1602,99000,99,99000,99,2219715,99,18250140,0,800000,800000,18237605,18237605,800000,800000,0,0,0,0,801,801,800,800,545,545,CONSISTENT
28100,800134,99000,99000,0,0,0,0,0,2219715,99,800035,99,802,802,1602,835,1,1000,344,802,802,802,801,801,36,1,99000,99,99,99,5,1602,5,1602,99000,99,99000,99,2219715,99,18256810,0,800000,800000,18237605,18237605,800000,800000,0,0,0,0,801,801,800,800,835,835,CONSISTENT
28110,800428,99000,99000,0,0,0,0,0,2219715,99,800329,99,803,803,1603,1129,2,0,1008,803,803,803,801,801,2,1,99000,99,99,99,5,1603,5,1603,99000,99,99000,99,2219715,99,18263572,0,801000,801000,18260605,18260605,800000,800000,0,0,0,0,802,802,800,800,1129,1129,CONSISTENT
28120,800672,99000,99000,0,0,0,0,0,2219715,99,800573,99,803,803,1604,374,1,1000,371,803,803,803,802,802,14,1,99000,99,99,99,5,1604,5,1604,99000,99,99000,99,2219715,99,18269207,0,801000,801000,18260605,18260605,801000,801000,0,0,0,0,802,802,801,801,374,374,CONSISTENT
28130,800938,99000,99000,0,0,0,0,0,2219715,99,800839,99,803,803,1604,640,1,1000,371,803,803,803,802,802,24,1,99000,99,99,99,5,1604,5,1604,99000,99,99000,99,2219715,99,18275371,0,801000,801000,18260605,18260605,801000,801000,0,0,0,0,802,802,801,801,643,643,CONSISTENT
28140,801306,99000,99000,0,0,0,0,0,2219715,99,801207,99,803,803,1604,1008,2,1000,371,803,804,803,802,802,33,1,99000,99,99,99,5,1604,5,1604,99000,99,99000,99,2219715,99,18283789,0,802000,802000,18283605,18283605,801000,801000,0,0,0,0,803,803,801,801,1011,1011,CONSISTENT
28150,801665,99000,99000,0,0,0,0,0,2219715,99,801566,99,804,804,1605,1367,2,0,1028,804,804,804,802,802,8,1,99000,99,99,99,5,1605,5,1605,99000,99,99000,99,2219715,99,18292069,0,802000,802000,18283605,18283605,801000,801000,0,0,0,0,803,803,801,801,1369,1369,CONSISTENT
28160,801843,99000,99000,0,0,0,0,0,2219715,99,801744,99,804,804,1606,546,1,1000,516,804,804,804,803,803,18,1,99000,99,99,99,5,1606,5,1606,99000,99,99000,99,2219715,99,18296163,0,802000,802000,18283605,18283605,802000,802000,0,0,0,0,803,803,802,802,546,546,CONSISTENT
28170,802157,99000,99000,0,0,0,0,0,2219715,99,802058,99,804,804,1606,860,1,1000,516,804,804,804,803,803,28,1,99000,99,99,99,5,1606,5,1606,99000,99,99000,99,2219715,99,18303385,0,802000,802000,18283605,18283605,802000,802000,0,0,0,0,803,803,802,802,861,861,CONSISTENT
28180,802500,99000,99000,0,0,0,0,0,2219715,99,802401,99,805,805,1607,1203,2,0,1032,805,805,805,803,803,4,1,99000,99,99,99,5,1607,5,1607,99000,99,99000,99,2219715,99,18311274,0,803000,803000,18306605,18306605,802000,802000,0,0,0,0,804,804,802,802,1203,1203,CONSISTENT
28190,802854,99000,99000,0,0,0,0,0,2219715,99,802755,99,805,805,1607,1557,2,0,1032,805,805,805,803,803,14,1,99000,99,99,99,5,1607,5,1607,99000,99,99000,99,2219715,99,18319416,0,803000,803000,18306605,18306605,802000,802000,0,0,0,0,804,804,802,802,1557,1557,CONSISTENT
28200,803048,99000,99000,0,0,0,0,0,2219715,99,802949,99,805,805,1608,752,1,1000,689,805,805,805,804,804,24,1,99000,99,99,99,5,1608,5,1608,99000,99,99000,99,2219715,99,18323901,0,803000,803000,18306605,18306605,803000,803000,0,0,0,0,804,804,803,803,752,752,CONSISTENT
28210,803297,99000,99000,0,0,0,0,0,2219715,99,803198,99,805,805,1608,1001,2,1000,689,805,806,805,804,804,34,1,99000,99,99,99,5,1608,5,1608,99000,99,99000,99,2219715,99,18329628,0,804000,804000,18329605,18329605,803000,803000,0,0,0,0,805,805,803,803,1001,1001,CONSISTENT
28220,803640,99000,99000,0,0,0,0,0,2219715,99,803541,99,806,806,1609,1344,2,0,1026,806,806,806,804,804,8,1,99000,99,99,99,5,1609,5,1609,99000,99,99000,99,2219715,99,18337517,0,804000,804000,18329605,18329605,803000,803000,0,0,0,0,805,805,803,803,1345,1347,TORN-PERSISTENT
28230,803969,99000,99000,0,0,0,0,0,2219715,99,803870,99,806,806,1609,1673,2,0,1026,806,806,806,804,804,18,1,99000,99,99,99,5,1609,5,1609,99000,99,99000,99,2219715,99,18345107,0,804000,804000,18329605,18329605,803000,803000,0,0,0,0,805,805,803,803,1674,1674,CONSISTENT
28240,804151,99000,99000,0,0,0,0,0,2219715,99,804052,99,806,806,1610,856,1,1000,750,806,806,806,805,805,28,1,99000,99,99,99,5,1610,5,1610,99000,99,99000,99,2219715,99,18349293,0,804000,804000,18329605,18329605,804000,804000,0,0,0,0,805,805,804,804,856,856,CONSISTENT
28250,804505,99000,99000,0,0,0,0,0,2219715,99,804406,99,807,807,1611,1210,2,0,1039,807,807,807,805,805,4,1,99000,99,99,99,5,1611,5,1611,99000,99,99000,99,2219715,99,18357435,0,805000,805000,18352605,18352605,804000,804000,0,0,0,0,806,806,804,804,1210,1210,CONSISTENT
28260,804780,99000,99000,0,0,0,0,0,2219715,99,804681,99,807,807,1612,486,1,1000,480,807,807,807,806,806,14,1,99000,99,99,99,5,1612,5,1612,99000,99,99000,99,2219715,99,18363783,0,805000,805000,18352605,18352605,805000,805000,0,0,0,0,806,806,805,805,486,486,CONSISTENT
28270,805053,99000,99000,0,0,0,0,0,2219715,99,804954,99,807,807,1612,759,1,1000,480,807,807,807,806,806,24,1,99000,99,99,99,5,1612,5,1612,99000,99,99000,99,2219715,99,18370062,0,805000,805000,18352605,18352605,805000,805000,0,0,0,0,806,806,805,805,759,759,CONSISTENT
28281,805407,99000,99000,0,0,0,0,0,2219715,99,805308,99,808,808,1613,1113,2,0,1020,808,808,808,806,806,2,1,99000,99,99,99,5,1613,5,1613,99000,99,99000,99,2219715,99,18378204,0,806000,806000,18375605,18375605,805000,805000,0,0,0,0,807,807,805,805,1114,1115,TORN-PERSISTENT
28290,805732,99000,99000,0,0,0,0,0,2219715,99,805633,99,808,808,1613,1438,2,0,1020,808,808,808,806,806,10,1,99000,99,99,99,5,1613,5,1613,99000,99,99000,99,2219715,99,18385702,0,806000,806000,18375605,18375605,805000,805000,0,0,0,0,807,807,805,805,1439,1439,CONSISTENT
28300,805971,99000,99000,0,0,0,0,0,2219715,99,805872,99,808,808,1614,678,1,1000,672,808,808,808,807,807,20,1,99000,99,99,99,5,1614,5,1614,99000,99,99000,99,2219715,99,18391199,0,806000,806000,18375605,18375605,806000,806000,0,0,0,0,807,807,806,806,678,678,CONSISTENT
28310,806246,99000,99000,0,0,0,0,0,2219715,99,806147,99,808,808,1614,953,1,1000,672,808,808,808,807,807,32,1,99000,99,99,99,5,1614,5,1614,99000,99,99000,99,2219715,99,18397547,0,806000,806000,18375605,18375605,806000,806000,0,0,0,0,807,807,806,806,954,954,CONSISTENT
28320,806590,99000,99000,0,0,0,0,0,2219715,99,806491,99,809,809,1615,1297,2,0,1025,809,809,809,807,807,6,1,99000,99,99,99,5,1615,5,1615,99000,99,99000,99,2219715,99,18405436,0,807000,807000,18398605,18398605,806000,806000,0,0,0,0,808,808,806,806,1297,1297,CONSISTENT
28330,806822,99000,99000,0,0,0,0,0,2219715,99,806723,99,809,809,1616,530,1,1000,523,809,809,809,808,808,18,1,99000,99,99,99,5,1616,5,1616,99000,99,99000,99,2219715,99,18410795,0,807000,807000,18398605,18398605,807000,807000,0,0,0,0,808,808,807,807,530,530,CONSISTENT
28340,807072,99000,99000,0,0,0,0,0,2219715,99,806973,99,809,809,1616,780,1,1000,523,809,809,809,808,808,26,1,99000,99,99,99,5,1616,5,1616,99000,99,99000,99,2219715,99,18416591,0,807000,807000,18398605,18398605,807000,807000,0,0,0,0,808,808,807,807,783,783,CONSISTENT
28350,807429,99000,99000,0,0,0,0,0,2219715,99,807330,99,810,810,1617,1137,2,0,1041,810,810,810,808,808,2,1,99000,99,99,99,5,1617,5,1617,99000,99,99000,99,2219715,99,18424756,0,808000,808000,18421605,18421605,807000,807000,0,0,0,0,809,809,807,807,1139,1141,TORN-PERSISTENT
28360,807778,99000,99000,0,0,0,0,0,2219715,99,807679,99,810,810,1617,1486,2,0,1041,810,810,810,808,808,12,1,99000,99,99,99,5,1617,5,1617,99000,99,99000,99,2219715,99,18432783,0,808000,808000,18421605,18421605,807000,807000,0,0,0,0,809,809,807,807,1486,1486,CONSISTENT
28370,807953,99000,99000,0,0,0,0,0,2219715,99,807854,99,810,810,1618,662,1,1000,541,810,810,810,809,809,22,1,99000,99,99,99,5,1618,5,1618,99000,99,99000,99,2219715,99,18436831,0,808000,808000,18421605,18421605,808000,808000,0,0,0,0,809,809,808,808,662,662,CONSISTENT
28380,808306,99000,99000,0,0,0,0,0,2219715,99,808207,99,810,810,1618,1015,2,1000,541,810,811,810,809,809,32,1,99000,99,99,99,5,1618,5,1618,99000,99,99000,99,2219715,99,18444973,0,809000,809000,18444605,18444605,808000,808000,0,0,0,0,810,810,808,808,1016,1016,CONSISTENT
28390,808650,99000,99000,0,0,0,0,0,2219715,99,808551,99,811,811,1619,1359,2,0,1040,811,811,811,809,809,8,1,99000,99,99,99,5,1619,5,1619,99000,99,99000,99,2219715,99,18452862,0,809000,809000,18444605,18444605,808000,808000,0,0,0,0,810,810,808,808,1359,1359,CONSISTENT
28400,808954,99000,99000,0,0,0,0,0,2219715,99,808855,99,811,811,1619,1663,2,0,1040,811,811,811,809,809,18,1,99000,99,99,99,5,1619,5,1619,99000,99,99000,99,2219715,99,18459877,0,809000,809000,18444605,18444605,808000,808000,0,0,0,0,810,810,808,808,1666,1666,CONSISTENT
28410,809137,99000,99000,0,0,0,0,0,2219715,99,809038,99,811,811,1620,847,1,1000,727,811,811,811,810,810,28,1,99000,99,99,99,5,1620,5,1620,99000,99,99000,99,2219715,99,18464109,0,809000,809000,18444605,18444605,809000,809000,0,0,0,0,810,810,809,809,850,850,CONSISTENT
28420,809485,99000,99000,0,0,0,0,0,2219715,99,809386,99,812,812,1621,1195,2,0,1054,812,812,812,810,810,2,1,99000,99,99,99,5,1621,5,1621,99000,99,99000,99,2219715,99,18472090,0,810000,810000,18467605,18467605,809000,809000,0,0,0,0,811,811,809,809,1195,1195,CONSISTENT
28430,809831,99000,99000,0,0,0,0,0,2219715,99,809732,99,812,812,1622,542,1,1000,533,812,812,812,811,811,14,1,99000,99,99,99,5,1622,5,1622,99000,99,99000,99,2219715,99,18480071,0,810000,810000,18467605,18467605,810000,810000,0,0,0,0,811,811,810,810,542,542,CONSISTENT
28440,810052,99000,99000,0,0,0,0,0,2219715,99,809953,99,812,812,1622,763,1,1000,533,812,812,812,811,811,24,1,99000,99,99,99,5,1622,5,1622,99000,99,99000,99,2219715,99,18485154,0,810000,810000,18467605,18467605,810000,810000,0,0,0,0,811,811,810,810,765,766,TORN-PERSISTENT
28450,810380,99000,99000,0,0,0,0,0,2219715,99,810281,99,813,813,1623,1091,2,0,1035,813,813,813,811,811,0,1,99000,99,99,99,5,1623,5,1623,99000,99,99000,99,2219715,99,18492698,0,811000,811000,18490605,18490605,810000,810000,0,0,0,0,812,812,810,810,1092,1092,CONSISTENT
28460,810711,99000,99000,0,0,0,0,0,2219715,99,810612,99,813,813,1623,1422,2,0,1035,813,813,813,811,811,10,1,99000,99,99,99,5,1623,5,1623,99000,99,99000,99,2219715,99,18500334,0,811000,811000,18490605,18490605,810000,810000,0,0,0,0,812,812,810,810,1424,1424,CONSISTENT
28470,810946,99000,99000,0,0,0,0,0,2219715,99,810847,99,813,813,1624,658,1,1000,648,813,813,813,812,812,20,1,99000,99,99,99,5,1624,5,1624,99000,99,99000,99,2219715,99,18505739,0,811000,811000,18490605,18490605,811000,811000,0,0,0,0,812,812,811,811,658,658,CONSISTENT
28480,811201,99000,99000,0,0,0,0,0,2219715,99,811102,99,813,813,1624,913,1,1000,648,813,813,813,812,812,30,1,99000,99,99,99,5,1624,5,1624,99000,99,99000,99,2219715,99,18511627,0,811000,811000,18490605,18490605,811000,811000,0,0,0,0,812,812,811,811,916,917,TORN-PERSISTENT
28490,811538,99000,99000,0,0,0,0,0,2219715,99,811439,99,814,814,1625,1250,2,0,1080,814,814,814,812,812,4,1,99000,99,99,99,5,1625,5,1625,99000,99,99000,99,2219715,99,18519355,0,812000,812000,18513605,18513605,811000,811000,0,0,0,0,813,813,811,811,1250,1250,CONSISTENT
28500,811868,99000,99000,0,0,0,0,0,2219715,99,811769,99,814,814,1625,1580,2,0,1080,814,814,814,812,812,14,1,99000,99,99,99,5,1625,5,1625,99000,99,99000,99,2219715,99,18526945,0,812000,812000,18513605,18513605,811000,811000,0,0,0,0,813,813,811,811,1583,1583,CONSISTENT
28510,811946,99000,99000,0,0,0,0,0,2219715,99,811847,99,814,814,1626,659,1,1000,650,814,814,814,813,813,23,1,99000,99,99,99,5,1626,5,1626,99000,99,99000,99,2219715,99,18528762,0,812000,812000,18513605,18513605,812000,812000,0,0,0,0,813,813,812,812,661,661,CONSISTENT
28520,812283,99000,99000,0,0,0,0,0,2219715,99,812184,99,814,814,1626,996,1,1000,650,814,814,814,813,813,33,1,99000,99,99,99,5,1626,5,1626,99000,99,99000,99,2219715,99,18536559,0,812000,812000,18513605,18513605,812000,812000,0,0,0,0,813,813,812,812,1000,1000,CONSISTENT
28530,812614,99000,99000,0,0,0,0,0,2219715,99,812515,99,815,815,1627,1327,2,0,1065,815,815,815,813,813,6,1,99000,99,99,99,5,1627,5,1627,99000,99,99000,99,2219715,99,18544126,0,813000,813000,18536605,18536605,812000,812000,0,0,0,0,814,814,812,812,1328,1328,CONSISTENT
28540,812954,99000,99000,0,0,0,0,0,2219715,99,812855,99,815,815,1627,1667,2,0,1065,815,815,815,813,813,18,1,99000,99,99,99,5,1627,5,1627,99000,99,99000,99,2219715,99,18551946,0,813000,813000,18536605,18536605,812000,812000,0,0,0,0,814,814,812,812,1669,1670,TORN-PERSISTENT
28550,813108,99000,99000,0,0,0,0,0,2219715,99,813009,99,815,815,1628,822,1,1000,730,815,815,815,814,814,26,1,99000,99,99,99,5,1628,5,1628,99000,99,99000,99,2219715,99,18555511,0,813000,813000,18536605,18536605,813000,813000,0,0,0,0,814,814,813,813,823,823,CONSISTENT
28560,813447,99000,99000,0,0,0,0,0,2219715,99,813348,99,816,816,1629,1161,2,0,1021,816,816,816,814,814,4,1,99000,99,99,99,5,1629,5,1629,99000,99,99000,99,2219715,99,18563308,0,814000,814000,18559605,18559605,813000,813000,0,0,0,0,815,815,813,813,1164,1164,CONSISTENT
28570,813785,99000,99000,0,0,0,0,0,2219715,99,813686,99,816,816,1630,500,1,1000,492,816,816,816,815,815,14,1,99000,99,99,99,5,1630,5,1630,99000,99,99000,99,2219715,99,18571105,0,814000,814000,18559605,18559605,814000,814000,0,0,0,0,815,815,814,814,500,500,CONSISTENT
28580,813986,99000,99000,0,0,0,0,0,2219715,99,813887,99,816,816,1630,701,1,1000,492,816,816,816,815,815,24,1,99000,99,99,99,5,1630,5,1630,99000,99,99000,99,2219715,99,18575728,0,814000,814000,18559605,18559605,814000,814000,0,0,0,0,815,815,814,814,703,704,TORN-PERSISTENT
28590,814329,99000,99000,0,0,0,0,0,2219715,99,814230,99,817,817,1631,1044,2,0,1015,817,817,817,815,815,0,1,99000,99,99,99,5,1631,5,1631,99000,99,99000,99,2219715,99,18583617,0,815000,815000,18582605,18582605,814000,814000,0,0,0,0,816,816,814,814,1047,1047,CONSISTENT
28600,814657,99000,99000,0,0,0,0,0,2219715,99,814558,99,817,817,1631,1372,2,0,1015,817,817,817,815,815,10,1,99000,99,99,99,5,1631,5,1631,99000,99,99000,99,2219715,99,18591161,0,815000,815000,18582605,18582605,814000,814000,0,0,0,0,816,816,814,814,1373,1373,CONSISTENT
28610,814959,99000,99000,0,0,0,0,0,2219715,99,814860,99,817,817,1632,675,1,1000,665,817,817,817,816,816,20,1,99000,99,99,99,5,1632,5,1632,99000,99,99000,99,2219715,99,18598130,0,815000,815000,18582605,18582605,815000,815000,0,0,0,0,816,816,815,815,675,675,CONSISTENT
28620,815196,99000,99000,0,0,0,0,0,2219715,99,815097,99,817,817,1632,912,1,1000,665,817,817,817,816,816,30,1,99000,99,99,99,5,1632,5,1632,99000,99,99000,99,2219715,99,18603581,0,815000,815000,18582605,18582605,815000,815000,0,0,0,0,816,816,815,815,912,912,CONSISTENT
28630,815529,99000,99000,0,0,0,0,0,2219715,99,815430,99,818,818,1633,1245,2,0,1052,818,818,818,816,816,4,1,99000,99,99,99,5,1633,5,1633,99000,99,99000,99,2219715,99,18611240,0,816000,816000,18605605,18605605,815000,815000,0,0,0,0,817,817,815,815,1245,1245,CONSISTENT
28640,815890,99000,99000,0,0,0,0,0,2219715,99,815791,99,818,818,1633,1606,2,0,1052,818,818,818,816,816,14,1,99000,99,99,99,5,1633,5,1633,99000,99,99000,99,2219715,99,18619566,0,816000,816000,18605605,18605605,816000,816000,0,0,0,0,817,817,816,816,608,608,CONSISTENT
28650,816076,99000,99000,0,0,0,0,0,2219715,99,815977,99,818,818,1634,793,1,1000,607,818,818,818,817,817,26,1,99000,99,99,99,5,1634,5,1634,99000,99,99000,99,2219715,99,18623844,0,816000,816000,18605605,18605605,816000,816000,0,0,0,0,817,817,816,816,793,793,CONSISTENT
28660,816382,99000,99000,0,0,0,0,0,2219715,99,816283,99,819,819,1635,1099,2,0,1058,819,819,819,817,817,0,1,99000,99,99,99,5,1635,5,1635,99000,99,99000,99,2219715,99,18630882,0,817000,817000,18628605,18628605,816000,816000,0,0,0,0,818,818,816,816,1101,1101,CONSISTENT
28670,816724,99000,99000,0,0,0,0,0,2219715,99,816625,99,819,819,1635,1441,2,0,1058,819,819,819,817,817,10,1,99000,99,99,99,5,1635,5,1635,99000,99,99000,99,2219715,99,18638748,0,817000,817000,18628605,18628605,816000,816000,0,0,0,0,818,818,816,816,1441,1441,CONSISTENT
28680,816907,99000,99000,0,0,0,0,0,2219715,99,816808,99,819,819,1636,625,1,1000,533,819,819,819,818,818,20,1,99000,99,99,99,5,1636,5,1636,99000,99,99000,99,2219715,99,18643026,0,817000,817000,18628605,18628605,817000,817000,0,0,0,0,818,818,817,817,629,631,TORN-PERSISTENT
28690,817250,99000,99000,0,0,0,0,0,2219715,99,817151,99,819,819,1636,968,1,1000,533,819,819,819,818,818,30,1,99000,99,99,99,5,1636,5,1636,99000,99,99000,99,2219715,99,18650869,0,817000,817000,18628605,18628605,817000,817000,0,0,0,0,818,818,817,817,972,972,CONSISTENT
28700,817600,99000,99000,0,0,0,0,0,2219715,99,817501,99,820,820,1637,1318,2,0,1076,820,820,820,818,818,6,1,99000,99,99,99,5,1637,5,1637,99000,99,99000,99,2219715,99,18658919,0,818000,818000,18651605,18651605,817000,817000,0,0,0,0,819,819,817,817,1318,1318,CONSISTENT
28710,817913,99000,99000,0,0,0,0,0,2219715,99,817814,99,820,820,1637,1631,2,0,1076,820,820,820,818,818,16,1,99000,99,99,99,5,1637,5,1637,99000,99,99000,99,2219715,99,18666118,0,818000,818000,18651605,18651605,817000,817000,0,0,0,0,819,819,817,817,1634,1634,CONSISTENT
28720,818077,99000,99000,0,0,0,0,0,2219715,99,817978,99,820,820,1638,796,1,1000,684,820,820,820,819,819,26,1,99000,99,99,99,5,1638,5,1638,99000,99,99000,99,2219715,99,18669936,0,818000,818000,18651605,18651605,818000,818000,0,0,0,0,819,819,818,818,799,799,CONSISTENT
28730,818426,99000,99000,0,0,0,0,0,2219715,99,818327,99,821,821,1639,1145,2,0,1056,821,821,821,819,819,2,1,99000,99,99,99,5,1639,5,1639,99000,99,99000,99,2219715,99,18677940,0,819000,819000,18674605,18674605,818000,818000,0,0,0,0,820,820,818,818,1148,1148,CONSISTENT
28740,818778,99000,99000,0,0,0,0,0,2219715,99,818679,99,821,821,1639,1497,2,0,1056,821,821,821,819,819,12,1,99000,99,99,99,5,1639,5,1639,99000,99,99000,99,2219715,99,18686036,0,819000,819000,18674605,18674605,818000,818000,0,0,0,0,820,820,818,818,1497,1497,CONSISTENT
28750,818995,99000,99000,0,0,0,0,0,2219715,99,818896,99,821,821,1640,715,1,1000,705,821,821,821,820,820,22,1,99000,99,99,99,5,1640,5,1640,99000,99,99000,99,2219715,99,18691050,0,819000,819000,18674605,18674605,819000,819000,0,0,0,0,820,820,819,819,715,715,CONSISTENT
28760,819271,99000,99000,0,0,0,0,0,2219715,99,819172,99,821,821,1640,991,1,1000,705,821,821,821,820,820,30,1,99000,99,99,99,5,1640,5,1640,99000,99,99000,99,2219715,99,18697421,0,819000,819000,18674605,18674605,819000,819000,0,0,0,0,820,820,819,819,992,992,CONSISTENT
28770,819591,99000,99000,0,0,0,0,0,2219715,99,819492,99,822,822,1641,1311,2,0,1164,822,822,822,820,820,4,1,99000,99,99,99,5,1641,5,1641,99000,99,99000,99,2219715,99,18704758,0,820000,820000,18697605,18697605,819000,819000,0,0,0,0,821,821,819,819,1312,1312,CONSISTENT
28780,819810,99000,99000,0,0,0,0,0,2219715,99,819711,99,822,822,1642,531,1,1000,526,822,822,822,821,821,14,1,99000,99,99,99,5,1642,5,1642,99000,99,99000,99,2219715,99,18709818,0,820000,820000,18697605,18697605,820000,820000,0,0,0,0,821,821,820,820,531,531,CONSISTENT
28790,820109,99000,99000,0,0,0,0,0,2219715,99,820010,99,822,822,1642,830,1,1000,526,822,822,822,821,821,24,1,99000,99,99,99,5,1642,5,1642,99000,99,99000,99,2219715,99,18716718,0,820000,820000,18697605,18697605,820000,820000,0,0,0,0,821,821,820,820,834,835,TORN-PERSISTENT
28800,820434,99000,99000,0,0,0,0,0,2219715,99,820335,99,823,823,1643,1155,2,0,1041,823,823,823,821,821,2,1,99000,99,99,99,5,1643,5,1643,99000,99,99000,99,2219715,99,18724193,0,821000,821000,18720605,18720605,820000,820000,0,0,0,0,822,822,820,820,1159,1159,CONSISTENT
