elapsed_secs,topgun_or_prune_passes_total,topgun_or_prune_considered_total,topgun_or_prune_dropped_total,topgun_or_prune_matched_nothing_total,topgun_or_prune_absent_total,topgun_or_prune_restored_read_error_total,topgun_or_prune_restored_evicted_total,topgun_or_prune_restored_write_error_total,topgun_or_prune_bytes_freed_total,topgun_or_prune_epochs_drained_total,topgun_or_prune_empty_drains_total,topgun_or_prune_nonempty_drains_total,topgun_or_prune_lwm_advances_total,topgun_or_prune_lwm_epochs_advanced_total,topgun_or_prune_split_recomputes_total,topgun_or_prune_indexed_refs,topgun_or_prune_indexed_epochs,topgun_or_prune_eligible_refs,topgun_or_prune_ineligible_refs,topgun_or_prune_split_computed_epoch,topgun_or_prune_current_epoch,topgun_or_prune_low_water_mark,topgun_or_prune_durable_epoch_watermark,topgun_or_prune_last_drained_epoch,topgun_or_prune_lwm_stall_seconds,topgun_or_prune_tracked_claims,topgun_or_prune_drain_refs_sum,topgun_or_prune_drain_refs_count,topgun_or_prune_drain_epochs_sum,topgun_or_prune_drain_epochs_count,topgun_or_prune_claim_span_epochs_sum,topgun_or_prune_claim_span_epochs_count,topgun_or_prune_claim_lag_epochs_sum,topgun_or_prune_claim_lag_epochs_count,topgun_or_prune_epoch_considered_sum,topgun_or_prune_epoch_considered_count,topgun_or_prune_epoch_dropped_sum,topgun_or_prune_epoch_dropped_count,topgun_or_prune_epoch_bytes_freed_sum,topgun_or_prune_epoch_bytes_freed_count,topgun_ormap_tombstone_bytes_total,topgun_or_prune_drain_refs_p50,topgun_or_prune_stamped_refs_total_a,topgun_or_prune_stamped_refs_total_b,topgun_or_prune_stamped_bytes_total_a,topgun_or_prune_stamped_bytes_total_b,topgun_or_prune_drained_refs_total_a,topgun_or_prune_drained_refs_total_b,topgun_or_prune_restored_refs_total_a,topgun_or_prune_restored_refs_total_b,topgun_or_prune_rebuild_cleared_refs_total_a,topgun_or_prune_rebuild_cleared_refs_total_b,topgun_or_prune_epochs_entered_total_a,topgun_or_prune_epochs_entered_total_b,topgun_or_prune_epochs_exited_total_a,topgun_or_prune_epochs_exited_total_b,topgun_or_prune_indexed_refs_a,topgun_or_prune_indexed_refs_b,o0_tear_class
10,386,0,0,0,0,0,0,0,0,0,386,0,2,2,2,386,1,0,65,2,2,2,0,0,8,1,0,0,0,0,0,2,0,2,0,0,0,0,0,0,7540,0,0,0,0,0,0,0,0,0,0,0,1,1,0,0,390,390,CONSISTENT
20,783,0,0,0,0,0,0,0,0,0,783,0,2,2,2,783,1,0,65,2,2,2,0,0,18,1,0,0,0,0,0,2,0,2,0,0,0,0,0,0,15480,0,0,0,0,0,0,0,0,0,0,0,1,1,0,0,783,783,CONSISTENT
31,1187,0,0,0,0,0,0,0,0,0,1187,0,3,3,3,1187,2,0,1002,3,3,3,0,0,4,1,0,0,0,0,0,3,0,3,0,0,0,0,0,0,23560,0,1000,1000,19820,19820,0,0,0,0,0,0,2,2,0,0,1187,1187,CONSISTENT
40,1536,0,0,0,0,0,0,0,0,0,1536,0,3,3,3,1536,2,0,1002,3,3,3,0,0,12,1,0,0,0,0,0,3,0,3,0,0,0,0,0,0,30611,0,1000,1000,19820,19820,0,0,0,0,0,0,2,2,0,0,1537,1537,CONSISTENT
50,1849,1000,1000,0,0,0,0,0,19820,1,1848,1,3,3,4,849,1,1000,690,3,3,3,2,2,22,1,1000,1,1,1,0,4,0,4,1000,1,1000,1,19820,1,37184,999.9447405703887,1000,1000,19820,19820,1000,1000,0,0,0,0,2,2,1,1,851,851,CONSISTENT
60,2243,1000,1000,0,0,0,0,0,19820,1,2242,1,4,4,5,1243,2,0,1007,4,4,4,2,2,6,1,1000,1,1,1,0,5,0,5,1000,1,1000,1,19820,1,45458,999.9447405703887,2000,2000,40355,40355,1000,1000,0,0,0,0,3,3,1,1,1244,1244,CONSISTENT
70,2629,1000,1000,0,0,0,0,0,19820,1,2628,1,4,4,5,1629,2,0,1007,4,4,4,2,2,14,1,1000,1,1,1,0,5,0,5,1000,1,1000,1,19820,1,53564,999.9447405703887,2000,2000,40355,40355,1000,1000,0,0,0,0,3,3,1,1,1630,1630,CONSISTENT
80,2956,1000,1000,0,0,0,0,0,19820,1,2955,1,4,4,6,957,1,1000,949,4,4,4,3,3,24,1,1000,1,1,1,0,6,0,6,1000,1,1000,1,19820,1,60452,999.9447405703887,2000,2000,40355,40355,2000,2000,0,0,0,0,3,3,2,2,957,957,CONSISTENT
90,3251,2000,2000,0,0,0,0,0,40355,2,3249,2,5,5,7,1251,2,0,1039,5,5,5,3,3,4,1,2000,2,2,2,0,7,0,7,2000,2,2000,2,40355,2,66626,999.9447405703887,3000,3000,61355,61355,2000,2000,0,0,0,0,4,4,2,2,1251,1251,CONSISTENT
100,3552,2000,2000,0,0,0,0,0,40355,2,3550,2,5,5,8,553,1,1000,540,5,5,5,4,4,14,1,2000,2,2,2,0,8,0,8,2000,2,2000,2,40355,2,72968,999.9447405703887,3000,3000,61355,61355,3000,3000,0,0,0,0,4,4,3,3,553,553,CONSISTENT
110,3893,3000,3000,0,0,0,0,0,61355,3,3890,3,5,5,8,893,1,1000,540,5,5,5,4,4,26,1,3000,3,3,3,0,8,0,8,3000,3,3000,3,61355,3,80108,999.9447405703887,3000,3000,61355,61355,3000,3000,0,0,0,0,4,4,3,3,895,896,TORN-PERSISTENT
120,4236,3000,3000,0,0,0,0,0,61355,3,4233,3,6,6,9,1236,2,0,1045,6,6,6,4,4,4,1,3000,3,3,3,0,9,0,9,3000,3,3000,3,61355,3,87311,999.9447405703887,4000,4000,82355,82355,3000,3000,0,0,0,0,5,5,3,3,1237,1237,CONSISTENT
130,4608,3000,3000,0,0,0,0,0,61355,3,4605,3,6,6,9,1608,2,0,1045,6,6,6,4,4,14,1,3000,3,3,3,0,9,0,9,3000,3,3000,3,61355,3,95123,999.9447405703887,4000,4000,82355,82355,3000,3000,0,0,0,0,5,5,3,3,1608,1608,CONSISTENT
140,4870,4000,4000,0,0,0,0,0,82355,4,4866,4,6,6,10,870,1,1000,849,6,6,6,5,5,24,1,4000,4,4,4,0,10,0,10,4000,4,4000,4,82355,4,100625,999.9447405703887,4000,4000,82355,82355,4000,4000,0,0,0,0,5,5,4,4,870,870,CONSISTENT
150,5254,4000,4000,0,0,0,0,0,82355,4,5250,4,7,7,11,1254,2,0,1031,7,7,7,5,5,6,1,4000,4,4,4,0,11,0,11,4000,4,4000,4,82355,4,108689,999.9447405703887,5000,5000,103355,103355,4000,4000,0,0,0,0,6,6,4,4,1254,1254,CONSISTENT
160,5605,4000,4000,0,0,0,0,0,82355,4,5601,4,7,7,11,1605,2,0,1031,7,7,7,5,5,14,1,4000,4,4,4,0,11,0,11,4000,4,4000,4,82355,4,116060,999.9447405703887,5000,5000,103355,103355,4000,4000,0,0,0,0,6,6,4,4,1608,1608,CONSISTENT
170,5993,4000,4000,0,0,0,0,0,82355,4,5989,4,7,7,11,1993,2,0,1031,7,7,7,5,5,24,1,4000,4,4,4,0,11,0,11,4000,4,4000,4,82355,4,124229,999.9447405703887,5000,5000,103355,103355,4000,4000,0,0,0,0,6,6,4,4,1994,1994,CONSISTENT
180,6263,5000,5000,0,0,0,0,0,103355,5,6258,5,8,8,13,1263,2,1000,1054,8,8,8,6,6,8,1,5000,5,5,5,0,13,0,13,5000,5,5000,5,103355,5,129878,999.9447405703887,6000,6000,124355,124355,5000,5000,0,0,0,0,7,7,5,5,1263,1263,CONSISTENT
190,6608,5000,5000,0,0,0,0,0,103355,5,6603,5,8,8,13,1608,2,1000,1054,8,8,8,6,6,18,1,5000,5,5,5,0,13,0,13,5000,5,5000,5,103355,5,137123,999.9447405703887,6000,6000,124355,124355,5000,5000,0,0,0,0,7,7,5,5,1609,1609,CONSISTENT
200,6845,6000,6000,0,0,0,0,0,124355,6,6839,6,8,8,14,845,1,1000,617,8,8,8,7,7,28,1,6000,6,6,6,0,14,0,14,6000,6,6000,6,124355,6,142100,999.9447405703887,6000,6000,124355,124355,6000,6000,0,0,0,0,7,7,6,6,847,849,TORN-PERSISTENT
210,7231,6000,6000,0,0,0,0,0,124355,6,7225,6,9,9,15,1231,2,0,1022,9,9,9,7,7,4,1,6000,6,6,6,0,15,0,15,6000,6,6000,6,124355,6,150227,999.9447405703887,7000,7000,145355,145355,6000,6000,0,0,0,0,8,8,6,6,1234,1234,CONSISTENT
220,7612,6000,6000,0,0,0,0,0,124355,6,7606,6,9,9,15,1612,2,0,1022,9,9,9,7,7,14,1,6000,6,6,6,0,15,0,15,6000,6,6000,6,124355,6,158207,999.9447405703887,7000,7000,145355,145355,6000,6000,0,0,0,0,8,8,6,6,1612,1612,CONSISTENT
230,7847,6000,6000,0,0,0,0,0,124355,6,7841,6,9,9,16,848,1,1000,843,9,9,9,8,8,24,1,6000,6,6,6,0,16,0,16,6000,6,6000,6,124355,6,163163,999.9447405703887,7000,7000,145355,145355,7000,7000,0,0,0,0,8,8,7,7,848,848,CONSISTENT
240,8203,7000,7000,0,0,0,0,0,145355,7,8196,7,10,10,17,1203,2,0,1006,10,10,10,8,8,4,1,7000,7,7,7,0,17,0,17,7000,7,7000,7,145355,7,170618,999.9447405703887,8000,8000,166355,166355,7000,7000,0,0,0,0,9,9,7,7,1204,1204,CONSISTENT
250,8586,7000,7000,0,0,0,0,0,145355,7,8579,7,10,10,17,1586,2,0,1006,10,10,10,8,8,14,1,7000,7,7,7,0,17,0,17,7000,7,7000,7,145355,7,178661,999.9447405703887,8000,8000,166355,166355,7000,7000,0,0,0,0,9,9,7,7,1589,1589,CONSISTENT
260,8975,7000,7000,0,0,0,0,0,145355,7,8968,7,10,10,17,1975,2,0,1006,10,10,10,8,8,24,1,7000,7,7,7,0,17,0,17,7000,7,7000,7,145355,7,186830,999.9447405703887,8000,8000,166355,166355,7000,7000,0,0,0,0,9,9,7,7,1976,1976,CONSISTENT
270,9174,8000,8000,0,0,0,0,0,166355,8,9166,8,11,11,19,1174,2,0,1045,11,11,11,9,9,6,1,8000,8,8,8,1,19,1,19,8000,8,8000,8,166355,8,191009,999.9447405703887,9000,9000,187355,187355,8000,8000,0,0,0,0,10,10,8,8,1178,1179,TORN-PERSISTENT
280,9552,8000,8000,0,0,0,0,0,166355,8,9544,8,11,11,19,1552,2,0,1045,11,11,11,9,9,16,1,8000,8,8,8,1,19,1,19,8000,8,8000,8,166355,8,198947,999.9447405703887,9000,9000,187355,187355,8000,8000,0,0,0,0,10,10,8,8,1553,1553,CONSISTENT
290,9795,9000,9000,0,0,0,0,0,187355,9,9786,9,11,11,20,795,1,1000,591,11,11,11,10,10,26,1,9000,9,9,9,1,20,1,20,9000,9,9000,9,187355,9,204050,999.9447405703887,9000,9000,187355,187355,9000,9000,0,0,0,0,10,10,9,9,796,796,CONSISTENT
300,10168,9000,9000,0,0,0,0,0,187355,9,10159,9,12,12,21,1168,2,0,1051,12,12,12,10,10,2,1,9000,9,9,9,1,21,1,21,9000,9,9000,9,187355,9,211883,999.9447405703887,10000,10000,208355,208355,9000,9000,0,0,0,0,11,11,9,9,1168,1168,CONSISTENT
310,10414,9000,9000,0,0,0,0,0,187355,9,10405,9,12,12,21,1414,2,0,1051,12,12,12,10,10,12,1,9000,9,9,9,1,21,1,21,9000,9,9000,9,187355,9,217049,999.9447405703887,10000,10000,208355,208355,9000,9000,0,0,0,0,11,11,9,9,1414,1414,CONSISTENT
320,10655,10000,10000,0,0,0,0,0,208355,10,10645,10,12,12,22,655,1,1000,608,12,12,12,11,11,22,1,10000,10,10,10,1,22,1,22,10000,10,10000,10,208355,10,222131,999.9447405703887,10000,10000,208355,208355,10000,10000,0,0,0,0,11,11,10,10,657,657,CONSISTENT
330,11034,10000,10000,0,0,0,0,0,208355,10,11024,10,12,12,22,1034,2,1000,608,12,13,12,11,11,32,1,10000,10,10,10,1,22,1,22,10000,10,10000,10,208355,10,230069,999.9447405703887,11000,11000,229355,229355,10000,10000,0,0,0,0,12,12,10,10,1037,1037,CONSISTENT
340,11380,10000,10000,0,0,0,0,0,208355,10,11370,10,13,13,23,1380,2,0,1065,13,13,13,11,11,8,1,10000,10,10,10,1,23,1,23,10000,10,10000,10,208355,10,237335,999.9447405703887,11000,11000,229355,229355,10000,10000,0,0,0,0,12,12,10,10,1385,1385,CONSISTENT
350,11754,10000,10000,0,0,0,0,0,208355,10,11744,10,13,13,23,1754,2,0,1065,13,13,13,11,11,18,1,10000,10,10,10,1,23,1,23,10000,10,10000,10,208355,10,245189,999.9447405703887,11000,11000,229355,229355,10000,10000,0,0,0,0,12,12,10,10,1754,1754,CONSISTENT
360,11987,11000,11000,0,0,0,0,0,229355,11,11976,11,13,13,24,987,1,1000,814,13,13,13,12,12,28,1,11000,11,11,11,1,24,1,24,11000,11,11000,11,229355,11,250082,999.9447405703887,11000,11000,229355,229355,11000,11000,0,0,0,0,12,12,11,11,990,991,TORN-PERSISTENT
370,12328,11000,11000,0,0,0,0,0,229355,11,12317,11,14,14,25,1328,2,0,1031,14,14,14,12,12,8,1,11000,11,11,11,1,25,1,25,11000,11,11000,11,229355,11,257243,999.9447405703887,12000,12000,250355,250355,11000,11000,0,0,0,0,13,13,11,11,1330,1330,CONSISTENT
380,12708,11000,11000,0,0,0,0,0,229355,11,12697,11,14,14,25,1708,2,0,1031,14,14,14,12,12,18,1,11000,11,11,11,1,25,1,25,11000,11,11000,11,229355,11,265223,999.9447405703887,12000,12000,250355,250355,11000,11000,0,0,0,0,13,13,11,11,1711,1711,CONSISTENT
390,13007,11000,11000,0,0,0,0,0,229355,11,12996,11,15,15,27,1008,2,0,1008,15,15,15,13,13,0,1,11000,11,11,11,2,27,2,27,11000,11,11000,11,229355,11,271523,999.9447405703887,13000,13000,271355,271355,12000,12000,0,0,0,0,14,14,12,12,1008,1008,CONSISTENT
400,13335,12000,12000,0,0,0,0,0,250355,12,13323,12,15,15,27,1335,2,0,1008,15,15,15,13,13,10,1,12000,12,12,12,2,27,2,27,12000,12,12000,12,250355,12,278390,999.9447405703887,13000,13000,271355,271355,12000,12000,0,0,0,0,14,14,12,12,1339,1340,TORN-PERSISTENT
410,13543,12000,12000,0,0,0,0,0,250355,12,13531,12,15,15,28,544,1,1000,539,15,15,15,14,14,20,1,12000,12,12,12,2,28,2,28,12000,12,12000,12,250355,12,282779,999.9447405703887,13000,13000,271355,271355,13000,13000,0,0,0,0,14,14,13,13,544,544,CONSISTENT
420,13921,13000,13000,0,0,0,0,0,271355,13,13908,13,15,15,28,921,1,1000,539,15,15,15,14,14,30,1,13000,13,13,13,2,28,2,28,13000,13,13000,13,271355,13,290696,999.9447405703887,13000,13000,271355,271355,13000,13000,0,0,0,0,14,14,13,13,924,925,TORN-PERSISTENT
430,14301,13000,13000,0,0,0,0,0,271355,13,14288,13,16,16,29,1301,2,0,1047,16,16,16,14,14,6,1,13000,13,13,13,2,29,2,29,13000,13,13000,13,271355,13,298676,999.9447405703887,14000,14000,292355,292355,13000,13000,0,0,0,0,15,15,13,13,1303,1303,CONSISTENT
440,14650,13000,13000,0,0,0,0,0,271355,13,14637,13,16,16,29,1650,2,0,1047,16,16,16,14,14,16,1,13000,13,13,13,2,29,2,29,13000,13,13000,13,271355,13,306006,999.9447405703887,14000,14000,292355,292355,13000,13000,0,0,0,0,15,15,13,13,1651,1651,CONSISTENT
450,14876,14000,14000,0,0,0,0,0,292355,14,14862,14,16,16,30,876,1,1000,717,16,16,16,15,15,26,1,14000,14,14,14,2,30,2,30,14000,14,14000,14,292355,14,310978,999.9447405703887,14000,14000,292355,292355,14000,14000,0,0,0,0,15,15,14,14,878,880,TORN-PERSISTENT
460,15258,14000,14000,0,0,0,0,0,292355,14,15244,14,17,17,31,1258,2,0,1013,17,17,17,15,15,6,1,14000,14,14,14,2,31,2,31,14000,14,14000,14,292355,14,319404,999.9447405703887,15000,15000,313706,313706,14000,14000,0,0,0,0,16,16,14,14,1262,1262,CONSISTENT
470,15605,14000,14000,0,0,0,0,0,292355,14,15591,14,17,17,31,1605,2,0,1013,17,17,17,15,15,14,1,14000,14,14,14,2,31,2,31,14000,14,14000,14,292355,14,327060,999.9447405703887,15000,15000,313706,313706,14000,14000,0,0,0,0,16,16,14,14,1611,1611,CONSISTENT
480,15883,14000,14000,0,0,0,0,0,292355,14,15869,14,17,17,32,884,1,1000,865,17,17,17,16,16,26,1,14000,14,14,14,2,32,2,32,14000,14,14000,14,292355,14,333154,999.9447405703887,15000,15000,313706,313706,15000,15000,0,0,0,0,16,16,15,15,884,884,CONSISTENT
490,16223,15000,15000,0,0,0,0,0,313706,15,16208,15,18,18,33,1223,2,0,1050,18,18,18,16,16,4,1,15000,15,15,15,2,33,2,33,15000,15,15000,15,313706,15,340612,999.9447405703887,16000,16000,335706,335706,15000,15000,0,0,0,0,17,17,15,15,1225,1226,TORN-PERSISTENT
501,16607,15000,15000,0,0,0,0,0,313706,15,16592,15,18,18,33,1607,2,0,1050,18,18,18,16,16,14,1,15000,15,15,15,2,33,2,33,15000,15,15000,15,313706,15,349060,999.9447405703887,16000,16000,335706,335706,15000,15000,0,0,0,0,17,17,15,15,1607,1607,CONSISTENT
510,16948,15000,15000,0,0,0,0,0,313706,15,16933,15,18,18,33,1948,2,0,1050,18,18,18,16,16,22,1,15000,15,15,15,2,33,2,33,15000,15,15000,15,313706,15,356562,999.9447405703887,16000,16000,335706,335706,15000,15000,0,0,0,0,17,17,15,15,1948,1948,CONSISTENT
520,17192,16000,16000,0,0,0,0,0,335706,16,17176,16,19,19,35,1192,2,0,1013,19,19,19,17,17,8,1,16000,16,16,16,3,35,3,35,16000,16,16000,16,335706,16,361930,999.9447405703887,17000,17000,357706,357706,16000,16000,0,0,0,0,18,18,16,16,1192,1192,CONSISTENT
530,17560,16000,16000,0,0,0,0,0,335706,16,17544,16,19,19,36,561,1,1000,558,19,19,19,18,18,18,1,16000,16,16,16,3,36,3,36,16000,16,16000,16,335706,16,370048,999.9447405703887,17000,17000,357706,357706,17000,17000,0,0,0,0,18,18,17,17,561,561,CONSISTENT
540,17763,17000,17000,0,0,0,0,0,357706,17,17746,17,19,19,36,763,1,1000,558,19,19,19,18,18,26,1,17000,17,17,17,3,36,3,36,17000,17,17000,17,357706,17,374492,999.9447405703887,17000,17000,357706,357706,17000,17000,0,0,0,0,18,18,17,17,763,763,CONSISTENT
550,18145,17000,17000,0,0,0,0,0,357706,17,18128,17,20,20,37,1145,2,0,1071,20,20,20,18,18,0,1,17000,17,17,17,3,37,3,37,17000,17,17000,17,357706,17,382896,999.9447405703887,18000,18000,379706,379706,17000,17000,0,0,0,0,19,19,17,17,1146,1146,CONSISTENT
560,18522,17000,17000,0,0,0,0,0,357706,17,18505,17,20,20,37,1522,2,0,1071,20,20,20,18,18,12,1,17000,17,17,17,3,37,3,37,17000,17,17000,17,357706,17,391212,999.9447405703887,18000,18000,379706,379706,17000,17000,0,0,0,0,19,19,17,17,1523,1523,CONSISTENT
570,18754,18000,18000,0,0,0,0,0,379706,18,18736,18,20,20,38,754,1,1000,722,20,20,20,19,19,22,1,18000,18,18,18,3,38,3,38,18000,18,18000,18,379706,18,396294,999.9447405703887,18000,18000,379706,379706,18000,18000,0,0,0,0,19,19,18,18,756,756,CONSISTENT
580,19108,18000,18000,0,0,0,0,0,379706,18,19090,18,21,21,39,1108,2,0,1049,21,21,21,19,19,0,1,18000,18,18,18,3,39,3,39,18000,18,18000,18,379706,18,404082,999.9447405703887,19000,19000,401706,401706,18000,18000,0,0,0,0,20,20,18,18,1109,1109,CONSISTENT
590,19494,18000,18000,0,0,0,0,0,379706,18,19476,18,21,21,39,1494,2,0,1049,21,21,21,19,19,10,1,18000,18,18,18,3,39,3,39,18000,18,18000,18,379706,18,412596,999.9447405703887,19000,19000,401706,401706,18000,18000,0,0,0,0,20,20,18,18,1496,1497,TORN-PERSISTENT
600,19880,18000,18000,0,0,0,0,0,379706,18,19862,18,21,21,39,1880,2,0,1049,21,21,21,19,19,20,1,18000,18,18,18,3,39,3,39,18000,18,18000,18,379706,18,421066,999.9447405703887,19000,19000,401706,401706,18000,18000,0,0,0,0,20,20,18,18,1880,1880,CONSISTENT
610,20004,19000,19000,0,0,0,0,0,401706,19,19985,19,21,21,40,1004,2,1000,881,21,22,21,20,20,30,1,19000,19,19,19,3,40,3,40,19000,19,19000,19,401706,19,423794,999.9447405703887,20000,20000,423706,423706,19000,19000,0,0,0,0,21,21,19,19,1004,1004,CONSISTENT
620,20369,19000,19000,0,0,0,0,0,401706,19,20350,19,22,22,41,1369,2,0,1029,22,22,22,20,20,8,1,19000,19,19,19,3,41,3,41,19000,19,19000,19,401706,19,431824,999.9447405703887,20000,20000,423706,423706,19000,19000,0,0,0,0,21,21,19,19,1370,1370,CONSISTENT
630,20767,19000,19000,0,0,0,0,0,401706,19,20748,19,22,22,41,1767,2,0,1029,22,22,22,20,20,18,1,19000,19,19,19,3,41,3,41,19000,19,19000,19,401706,19,440580,999.9447405703887,20000,20000,423706,423706,19000,19000,0,0,0,0,21,21,19,19,1767,1767,CONSISTENT
640,21003,20000,20000,0,0,0,0,0,423706,20,20983,20,22,22,42,1003,2,1000,780,22,23,22,21,21,28,1,20000,20,20,20,3,42,3,42,20000,20,20000,20,423706,20,445772,999.9447405703887,21000,21000,445706,445706,20000,20000,0,0,0,0,22,22,20,20,1007,1008,TORN-PERSISTENT
650,21382,20000,20000,0,0,0,0,0,423706,20,21362,20,23,23,43,1382,2,0,1047,23,23,23,21,21,8,1,20000,20,20,20,3,43,3,43,20000,20,20000,20,423706,20,454110,999.9447405703887,21000,21000,445706,445706,20000,20000,0,0,0,0,22,22,20,20,1385,1385,CONSISTENT
660,21726,20000,20000,0,0,0,0,0,423706,20,21706,20,23,23,43,1726,2,0,1047,23,23,23,21,21,17,1,20000,20,20,20,3,43,3,43,20000,20,20000,20,423706,20,461700,999.9447405703887,21000,21000,445706,445706,20000,20000,0,0,0,0,22,22,20,20,1730,1730,CONSISTENT
670,21966,20000,20000,0,0,0,0,0,423706,20,21946,20,23,23,44,967,1,1000,957,23,23,23,22,22,27,1,20000,20,20,20,3,44,3,44,20000,20,20000,20,423706,20,466980,999.9447405703887,21000,21000,445706,445706,21000,21000,0,0,0,0,22,22,21,21,967,967,CONSISTENT
680,22346,21000,21000,0,0,0,0,0,445706,21,22325,21,24,24,45,1346,2,0,1007,24,24,24,22,22,8,1,21000,21,21,21,3,45,3,45,21000,21,21000,21,445706,21,475318,999.9447405703887,22000,22000,467706,467706,21000,21000,0,0,0,0,23,23,21,21,1348,1348,CONSISTENT
690,22586,22000,22000,0,0,0,0,0,467706,22,22564,22,24,24,46,586,1,1000,449,24,24,24,23,23,18,1,22000,22,22,22,3,46,3,46,22000,22,22000,22,467706,22,480620,999.9447405703887,22000,22000,467706,467706,22000,22000,0,0,0,0,23,23,22,22,587,587,CONSISTENT
700,22983,22000,22000,0,0,0,0,0,467706,22,22961,22,24,24,46,983,1,1000,449,24,24,24,23,23,28,1,22000,22,22,22,3,46,3,46,22000,22,22000,22,467706,22,489332,999.9447405703887,22000,22000,467706,467706,22000,22000,0,0,0,0,23,23,22,22,986,986,CONSISTENT
710,23343,22000,22000,0,0,0,0,0,467706,22,23321,22,25,25,47,1343,2,0,1097,25,25,25,23,23,6,1,22000,22,22,22,3,47,3,47,22000,22,22000,22,467706,22,497252,999.9447405703887,23000,23000,489706,489706,22000,22000,0,0,0,0,24,24,22,22,1344,1345,TORN-PERSISTENT
720,23749,22000,22000,0,0,0,0,0,467706,22,23727,22,25,25,47,1749,2,0,1097,25,25,25,23,23,16,1,22000,22,22,22,3,47,3,47,22000,22,22000,22,467706,22,506184,999.9447405703887,23000,23000,489706,489706,22000,22000,0,0,0,0,24,24,22,22,1749,1749,CONSISTENT
730,24053,22000,22000,0,0,0,0,0,467706,22,24031,22,26,26,49,1054,2,1000,1048,26,26,26,24,24,2,1,22000,22,22,22,3,49,3,49,22000,22,22000,22,467706,22,512894,999.9447405703887,24000,24000,511706,511706,23000,23000,0,0,0,0,25,25,23,23,1054,1054,CONSISTENT
740,24373,23000,23000,0,0,0,0,0,489706,23,24350,23,26,26,49,1373,2,1000,1048,26,26,26,24,24,12,1,23000,23,23,23,3,49,3,49,23000,23,23000,23,489706,23,519934,999.9447405703887,24000,24000,511706,511706,23000,23000,0,0,0,0,25,25,23,23,1376,1376,CONSISTENT
750,24732,23000,23000,0,0,0,0,0,489706,23,24709,23,26,26,50,733,1,1000,730,26,26,26,25,25,22,1,23000,23,23,23,3,50,3,50,23000,23,23000,23,489706,23,527832,999.9447405703887,24000,24000,511706,511706,24000,24000,0,0,0,0,25,25,24,24,733,733,CONSISTENT
760,24969,24000,24000,0,0,0,0,0,511706,24,24945,24,26,26,50,969,1,1000,730,26,26,26,25,25,32,1,24000,24,24,24,3,50,3,50,24000,24,24000,24,511706,24,533046,999.9447405703887,24000,24000,511706,511706,24000,24000,0,0,0,0,25,25,24,24,970,970,CONSISTENT
770,25371,24000,24000,0,0,0,0,0,511706,24,25347,24,27,27,51,1371,2,0,1030,27,27,27,25,25,8,1,24000,24,24,24,3,51,3,51,24000,24,24000,24,511706,24,541868,999.9447405703887,25000,25000,533706,533706,24000,24000,0,0,0,0,26,26,24,24,1376,1376,CONSISTENT
780,25768,24000,24000,0,0,0,0,0,511706,24,25744,24,27,27,51,1768,2,0,1030,27,27,27,25,25,18,1,24000,24,24,24,3,51,3,51,24000,24,24000,24,511706,24,550602,999.9447405703887,25000,25000,533706,533706,24000,24000,0,0,0,0,26,26,24,24,1768,1768,CONSISTENT
790,25966,25000,25000,0,0,0,0,0,533706,25,25941,25,27,27,52,966,1,1000,879,27,27,27,26,26,28,1,25000,25,25,25,3,52,3,52,25000,25,25000,25,533706,25,554980,999.9447405703887,25000,25000,533706,533706,25000,25000,0,0,0,0,26,26,25,25,968,968,CONSISTENT
800,26368,25000,25000,0,0,0,0,0,533706,25,26343,25,28,28,53,1368,2,0,1045,28,28,28,26,26,8,1,25000,25,25,25,3,53,3,53,25000,25,25000,25,533706,25,563802,999.9447405703887,26000,26000,555706,555706,25000,25000,0,0,0,0,27,27,25,25,1370,1370,CONSISTENT
810,26769,25000,25000,0,0,0,0,0,533706,25,26744,25,28,28,53,1769,2,0,1045,28,28,28,26,26,18,1,25000,25,25,25,3,53,3,53,25000,25,25000,25,533706,25,572624,999.9447405703887,26000,26000,555706,555706,25000,25000,0,0,0,0,27,27,25,25,1773,1773,CONSISTENT
820,27002,26000,26000,0,0,0,0,0,555706,26,26976,26,28,28,54,1002,2,1000,954,28,29,28,27,27,28,1,26000,26,26,26,3,54,3,54,26000,26,26000,26,555706,26,577750,999.9447405703887,27000,27000,577706,577706,26000,26000,0,0,0,0,28,28,26,26,1002,1002,CONSISTENT
830,27348,26000,26000,0,0,0,0,0,555706,26,27322,26,29,29,55,1348,2,0,1057,29,29,29,27,27,6,1,26000,26,26,26,3,55,3,55,26000,26,26000,26,555706,26,585362,999.9447405703887,27000,27000,577706,577706,26000,26000,0,0,0,0,28,28,26,26,1349,1349,CONSISTENT
840,27740,26000,26000,0,0,0,0,0,555706,26,27714,26,29,29,55,1740,2,0,1057,29,29,29,27,27,18,1,26000,26,26,26,3,55,3,55,26000,26,26000,26,555706,26,594008,999.9447405703887,27000,27000,577706,577706,26000,26000,0,0,0,0,28,28,26,26,1744,1744,CONSISTENT
850,27968,26000,26000,0,0,0,0,0,555706,26,27942,26,29,29,56,969,1,1000,957,29,29,29,28,28,28,1,26000,26,26,26,3,56,3,56,26000,26,26000,26,555706,26,599024,999.9447405703887,27000,27000,577706,577706,27000,27000,0,0,0,0,28,28,27,27,969,969,CONSISTENT
860,28353,27000,27000,0,0,0,0,0,577706,27,28326,27,30,30,57,1353,2,0,1036,30,30,30,28,28,8,1,27000,27,27,27,3,57,3,57,27000,27,27000,27,577706,27,607472,999.9447405703887,28000,28000,599706,599706,27000,27000,0,0,0,0,29,29,27,27,1353,1353,CONSISTENT
871,28597,27000,27000,0,0,0,0,0,577706,27,28570,27,30,30,58,598,1,1000,594,30,30,30,29,29,18,1,27000,27,27,27,3,58,3,58,27000,27,27000,27,577706,27,612862,999.9447405703887,28000,28000,599706,599706,28000,28000,0,0,0,0,29,29,28,28,598,598,CONSISTENT
880,28912,28000,28000,0,0,0,0,0,599706,28,28884,28,30,30,58,912,1,1000,594,30,30,30,29,29,26,1,28000,28,28,28,3,58,3,58,28000,28,28000,28,599706,28,619770,999.9447405703887,28000,28000,599706,599706,28000,28000,0,0,0,0,29,29,28,28,914,914,CONSISTENT
890,29302,28000,28000,0,0,0,0,0,599706,28,29274,28,31,31,59,1302,2,0,1070,31,31,31,29,29,6,1,28000,28,28,28,3,59,3,59,28000,28,28000,28,599706,28,628394,999.9447405703887,29000,29000,621706,621706,28000,28000,0,0,0,0,30,30,28,28,1306,1306,CONSISTENT
900,29683,28000,28000,0,0,0,0,0,599706,28,29655,28,31,31,59,1683,2,0,1070,31,31,31,29,29,14,1,28000,28,28,28,3,59,3,59,28000,28,28000,28,599706,28,636732,999.9447405703887,29000,29000,621706,621706,28000,28000,0,0,0,0,30,30,28,28,1683,1683,CONSISTENT
910,29784,28000,28000,0,0,0,0,0,599706,28,29756,28,31,31,60,785,1,1000,684,31,31,31,30,30,24,1,28000,28,28,28,3,60,3,60,28000,28,28000,28,599706,28,638976,999.9447405703887,29000,29000,621706,621706,29000,29000,0,0,0,0,30,30,29,29,787,787,CONSISTENT
920,30133,28000,28000,0,0,0,0,0,599706,28,30105,28,32,32,61,1134,2,0,1035,32,32,32,30,30,2,1,28000,28,28,28,3,61,3,61,28000,28,28000,28,599706,28,646654,999.9447405703887,30000,30000,643706,643706,29000,29000,0,0,0,0,31,31,29,29,1137,1137,CONSISTENT
930,30521,28000,28000,0,0,0,0,0,599706,28,30493,28,32,32,61,1522,2,0,1035,32,32,32,30,30,12,1,28000,28,28,28,3,61,3,61,28000,28,28000,28,599706,28,655190,0,30000,30000,643706,643706,29000,29000,0,0,0,0,31,31,29,29,1522,1522,CONSISTENT
940,30722,28000,28000,0,0,0,0,0,599706,28,30694,28,32,32,62,724,1,1000,631,32,32,32,31,31,22,1,28000,28,28,28,3,62,3,62,28000,28,28000,28,599706,28,659634,0,30000,30000,643706,643706,30000,30000,0,0,0,0,31,31,30,30,725,725,CONSISTENT
950,31077,28000,28000,0,0,0,0,0,599706,28,31049,28,33,33,63,1079,2,0,1061,33,33,33,31,31,0,1,28000,28,28,28,3,63,3,63,28000,28,28000,28,599706,28,667444,0,31000,31000,665706,665706,30000,30000,0,0,0,0,32,32,30,30,1079,1079,CONSISTENT
960,31466,28000,28000,0,0,0,0,0,599706,28,31438,28,33,33,63,1468,2,0,1061,33,33,33,31,31,10,1,28000,28,28,28,3,63,3,63,28000,28,28000,28,599706,28,676002,0,31000,31000,665706,665706,30000,30000,0,0,0,0,32,32,30,30,1470,1470,CONSISTENT
970,31714,28000,28000,0,0,0,0,0,599706,28,31686,28,33,33,64,717,1,1000,712,33,33,33,32,32,20,1,28000,28,28,28,3,64,3,64,28000,28,28000,28,599706,28,681480,0,31000,31000,665706,665706,31000,31000,0,0,0,0,32,32,31,31,717,717,CONSISTENT
980,32069,29000,29000,0,0,0,0,0,621706,29,32040,29,34,34,65,1071,2,0,1030,34,34,34,32,32,0,1,29000,29,29,29,3,65,3,65,29000,29,29000,29,621706,29,689268,999.9447405703887,32000,32000,687706,687706,31000,31000,0,0,0,0,33,33,31,31,1072,1072,CONSISTENT
990,32465,29000,29000,0,0,0,0,0,621706,29,32436,29,34,34,65,1467,2,0,1030,34,34,34,32,32,10,1,29000,29,29,29,3,65,3,65,29000,29,29000,29,621706,29,698024,999.9447405703887,32000,32000,687706,687706,31000,31000,0,0,0,0,33,33,31,31,1469,1469,CONSISTENT
1000,32808,29000,29000,0,0,0,0,0,621706,29,32779,29,34,34,66,811,1,1000,806,34,34,34,33,33,20,1,29000,29,29,29,3,66,3,66,29000,29,29000,29,621706,29,705570,999.9447405703887,32000,32000,687706,687706,32000,32000,0,0,0,0,33,33,32,32,812,812,CONSISTENT
1010,33034,30000,30000,0,0,0,0,0,643706,30,33004,30,35,35,67,1036,2,0,1010,35,35,35,33,33,0,1,30000,30,30,30,3,67,3,67,30000,30,30000,30,643706,30,710498,999.9447405703887,33000,33000,709706,709706,32000,32000,0,0,0,0,34,34,32,32,1036,1036,CONSISTENT
1020,33422,30000,30000,0,0,0,0,0,643706,30,33392,30,35,35,67,1424,2,0,1010,35,35,35,33,33,10,1,30000,30,30,30,3,67,3,67,30000,30,30000,30,643706,30,719034,999.9447405703887,33000,33000,709706,709706,32000,32000,0,0,0,0,34,34,32,32,1425,1426,TORN-PERSISTENT
1030,33765,30000,30000,0,0,0,0,0,643706,30,33735,30,35,35,67,1767,2,0,1010,35,35,35,33,33,20,1,30000,30,30,30,3,67,3,67,30000,30,30000,30,643706,30,726602,999.9447405703887,33000,33000,709706,709706,32000,32000,0,0,0,0,34,34,32,32,1770,1770,CONSISTENT
1040,33975,30000,30000,0,0,0,0,0,643706,30,33945,30,35,35,68,978,1,1000,895,35,35,35,34,34,30,1,30000,30,30,30,3,68,3,68,30000,30,30000,30,643706,30,731244,999.9447405703887,33000,33000,709706,709706,33000,33000,0,0,0,0,34,34,33,33,979,979,CONSISTENT
1050,34364,30000,30000,0,0,0,0,0,643706,30,34334,30,36,36,69,1367,2,0,1035,36,36,36,34,34,8,1,30000,30,30,30,3,69,3,69,30000,30,30000,30,643706,30,739780,999.9447405703887,34000,34000,731706,731706,33000,33000,0,0,0,0,35,35,33,33,1371,1371,CONSISTENT
1060,34756,30000,30000,0,0,0,0,0,643706,30,34726,30,36,36,69,1759,2,0,1035,36,36,36,34,34,18,1,30000,30,30,30,3,69,3,69,30000,30,30000,30,643706,30,748404,0,34000,34000,731706,731706,33000,33000,0,0,0,0,35,35,33,33,1763,1763,CONSISTENT
1070,34955,30000,30000,0,0,0,0,0,643706,30,34925,30,36,36,70,959,1,1000,956,36,36,36,35,35,28,1,30000,30,30,30,3,70,3,70,30000,30,30000,30,643706,30,752804,0,34000,34000,731706,731706,34000,34000,0,0,0,0,35,35,34,34,959,959,CONSISTENT
1080,35311,30000,30000,0,0,0,0,0,643706,30,35281,30,37,37,71,1315,2,0,1073,37,37,37,35,35,6,1,30000,30,30,30,3,71,3,71,30000,30,30000,30,643706,30,760636,0,35000,35000,753706,753706,34000,34000,0,0,0,0,36,36,34,34,1318,1318,CONSISTENT
1090,35695,30000,30000,0,0,0,0,0,643706,30,35665,30,37,37,71,1699,2,0,1073,37,37,37,35,35,16,1,30000,30,30,30,3,71,3,71,30000,30,30000,30,643706,30,769084,0,35000,35000,753706,753706,34000,34000,0,0,0,0,36,36,34,34,1702,1702,CONSISTENT
1100,35866,30000,30000,0,0,0,0,0,643706,30,35836,30,37,37,72,871,1,1000,720,37,37,37,36,36,24,1,30000,30,30,30,3,72,3,72,30000,30,30000,30,643706,30,772868,0,35000,35000,753706,753706,35000,35000,0,0,0,0,36,36,35,35,872,872,CONSISTENT
1110,36244,30000,30000,0,0,0,0,0,643706,30,36214,30,38,38,73,1249,2,0,1018,38,38,38,36,36,6,1,30000,30,30,30,3,73,3,73,30000,30,30000,30,643706,30,781184,0,36000,36000,775706,775706,35000,35000,0,0,0,0,37,37,35,35,1252,1252,CONSISTENT
1120,36630,30000,30000,0,0,0,0,0,643706,30,36600,30,38,38,73,1635,2,0,1018,38,38,38,36,36,16,1,30000,30,30,30,3,73,3,73,30000,30,30000,30,643706,30,789676,0,36000,36000,775706,775706,35000,35000,0,0,0,0,37,37,35,35,1635,1635,CONSISTENT
1130,36970,30000,30000,0,0,0,0,0,643706,30,36940,30,38,38,73,1975,2,0,1018,38,38,38,36,36,24,1,30000,30,30,30,3,73,3,73,30000,30,30000,30,643706,30,797156,0,36000,36000,775706,775706,35000,35000,0,0,0,0,37,37,35,35,1977,1978,TORN-PERSISTENT
1140,37172,30000,30000,0,0,0,0,0,643706,30,37142,30,39,39,75,1178,2,1000,1069,39,39,39,37,37,6,1,30000,30,30,30,3,75,3,75,30000,30,30000,30,643706,30,801622,0,37000,37000,797706,797706,36000,36000,0,0,0,0,38,38,36,36,1179,1179,CONSISTENT
1150,37520,30000,30000,0,0,0,0,0,643706,30,37490,30,39,39,76,527,1,1000,512,39,39,39,38,38,18,1,30000,30,30,30,3,76,3,76,30000,30,30000,30,643706,30,809300,0,37000,37000,797706,797706,37000,37000,0,0,0,0,38,38,37,37,528,528,CONSISTENT
1160,37771,30000,30000,0,0,0,0,0,643706,30,37741,30,39,39,76,779,1,1000,512,39,39,39,38,38,28,1,30000,30,30,30,3,76,3,76,30000,30,30000,30,643706,30,814844,0,37000,37000,797706,797706,37000,37000,0,0,0,0,38,38,37,37,780,780,CONSISTENT
1170,38121,30000,30000,0,0,0,0,0,643706,30,38091,30,40,40,77,1128,2,0,1062,40,40,40,38,38,0,1,30000,30,30,30,3,77,3,77,30000,30,30000,30,643706,30,822522,0,38000,38000,819706,819706,37000,37000,0,0,0,0,39,39,37,37,1128,1128,CONSISTENT
1180,38501,30000,30000,0,0,0,0,0,643706,30,38471,30,40,40,77,1508,2,0,1062,40,40,40,38,38,12,1,30000,30,30,30,3,77,3,77,30000,30,30000,30,643706,30,830882,0,38000,38000,819706,819706,37000,37000,0,0,0,0,39,39,37,37,1509,1509,CONSISTENT
1190,38707,30000,30000,0,0,0,0,0,643706,30,38677,30,40,40,78,715,1,1000,605,40,40,40,39,39,20,1,30000,30,30,30,3,78,3,78,30000,30,30000,30,643706,30,835436,0,38000,38000,819706,819706,38000,38000,0,0,0,0,39,39,38,38,715,715,CONSISTENT
1200,39057,30000,30000,0,0,0,0,0,643706,30,39027,30,41,41,79,1065,2,0,1018,41,41,41,39,39,0,1,30000,30,30,30,3,79,3,79,30000,30,30000,30,643706,30,843158,0,39000,39000,841706,841706,38000,38000,0,0,0,0,40,40,38,38,1069,1070,TORN-PERSISTENT
1210,39328,30000,30000,0,0,0,0,0,643706,30,39298,30,41,41,79,1336,2,0,1018,41,41,41,39,39,10,1,30000,30,30,30,3,79,3,79,30000,30,30000,30,643706,30,849098,0,39000,39000,841706,841706,38000,38000,0,0,0,0,40,40,38,38,1336,1336,CONSISTENT
1220,39522,30000,30000,0,0,0,0,0,643706,30,39492,30,41,41,80,531,1,1000,457,41,41,41,40,40,20,1,30000,30,30,30,3,80,3,80,30000,30,30000,30,643706,30,853388,0,39000,39000,841706,841706,39000,39000,0,0,0,0,40,40,39,39,532,532,CONSISTENT
1230,39905,30000,30000,0,0,0,0,0,643706,30,39875,30,41,41,80,914,1,1000,457,41,41,41,40,40,30,1,30000,30,30,30,3,80,3,80,30000,30,30000,30,643706,30,861858,0,39000,39000,841706,841706,39000,39000,0,0,0,0,40,40,39,39,917,917,CONSISTENT
1240,40259,30000,30000,0,0,0,0,0,643706,30,40229,30,42,42,81,1268,2,0,1013,42,42,42,40,40,6,1,30000,30,30,30,3,81,3,81,30000,30,30000,30,643706,30,869602,0,40000,40000,863706,863706,39000,39000,0,0,0,0,41,41,39,39,1270,1270,CONSISTENT
1250,40642,30000,30000,0,0,0,0,0,643706,30,40612,30,42,42,81,1651,2,0,1013,42,42,42,40,40,16,1,30000,30,30,30,3,81,3,81,30000,30,30000,30,643706,30,878028,0,40000,40000,863706,863706,39000,39000,0,0,0,0,41,41,39,39,1654,1654,CONSISTENT
1260,41027,30000,30000,0,0,0,0,0,643706,30,40997,30,42,42,81,2036,3,0,1013,42,43,42,40,40,26,1,30000,30,30,30,3,81,3,81,30000,30,30000,30,643706,30,886498,0,41000,41000,885706,885706,39000,39000,0,0,0,0,42,42,39,39,2036,2036,CONSISTENT
1270,41231,30000,30000,0,0,0,0,0,643706,30,41201,30,43,43,83,1241,2,0,1046,43,43,43,41,41,6,1,30000,30,30,30,4,83,4,83,30000,30,30000,30,643706,30,891008,0,41000,41000,885706,885706,40000,40000,0,0,0,0,42,42,40,40,1241,1241,CONSISTENT
1280,41547,30000,30000,0,0,0,0,0,643706,30,41517,30,43,43,84,558,1,1000,555,43,43,43,42,42,16,1,30000,30,30,30,4,84,4,84,30000,30,30000,30,643706,30,897982,0,41000,41000,885706,885706,41000,41000,0,0,0,0,42,42,41,41,558,558,CONSISTENT
1290,41770,30000,30000,0,0,0,0,0,643706,30,41740,30,43,43,84,781,1,1000,555,43,43,43,42,42,26,1,30000,30,30,30,4,84,4,84,30000,30,30000,30,643706,30,902888,0,41000,41000,885706,885706,41000,41000,0,0,0,0,42,42,41,41,782,782,CONSISTENT
1300,42161,30000,30000,0,0,0,0,0,643706,30,42131,30,44,44,85,1172,2,0,1049,44,44,44,42,42,2,1,30000,30,30,30,4,85,4,85,30000,30,30000,30,643706,30,911490,0,42000,42000,907706,907706,41000,41000,0,0,0,0,43,43,41,41,1173,1173,CONSISTENT
1310,42504,30000,30000,0,0,0,0,0,643706,30,42474,30,44,44,85,1515,2,0,1049,44,44,44,42,42,12,1,30000,30,30,30,4,85,4,85,30000,30,30000,30,643706,30,919058,0,42000,42000,907706,907706,41000,41000,0,0,0,0,43,43,41,41,1518,1518,CONSISTENT
1320,42722,31000,31000,0,0,0,0,0,665706,31,42691,31,44,44,86,733,1,1000,638,44,44,44,43,43,22,1,31000,31,31,31,4,86,4,86,31000,31,31000,31,665706,31,923832,999.9447405703887,42000,42000,907706,907706,42000,42000,0,0,0,0,43,43,42,42,734,734,CONSISTENT
1330,43111,31000,31000,0,0,0,0,0,665706,31,43080,31,45,45,87,1122,2,0,1003,45,45,45,43,43,2,1,31000,31,31,31,4,87,4,87,31000,31,31000,31,665706,31,932390,999.9447405703887,43000,43000,929706,929706,42000,42000,0,0,0,0,44,44,42,42,1122,1122,CONSISTENT
1340,43458,31000,31000,0,0,0,0,0,665706,31,43427,31,45,45,87,1469,2,0,1003,45,45,45,43,43,12,1,31000,31,31,31,4,87,4,87,31000,31,31000,31,665706,31,940024,999.9447405703887,43000,43000,929706,929706,42000,42000,0,0,0,0,44,44,42,42,1469,1469,CONSISTENT
1350,43660,31000,31000,0,0,0,0,0,665706,31,43629,31,45,45,88,672,1,1000,668,45,45,45,44,44,22,1,31000,31,31,31,4,88,4,88,31000,31,31000,31,665706,31,944490,999.9447405703887,43000,43000,929706,929706,43000,43000,0,0,0,0,44,44,43,43,675,675,CONSISTENT
1360,44045,31000,31000,0,0,0,0,0,665706,31,44014,31,46,46,89,1057,2,0,1032,46,46,46,44,44,0,1,31000,31,31,31,4,89,4,89,31000,31,31000,31,665706,31,952960,999.9447405703887,44000,44000,951706,951706,43000,43000,0,0,0,0,45,45,43,43,1060,1060,CONSISTENT
1370,44427,31000,31000,0,0,0,0,0,665706,31,44396,31,46,46,89,1439,2,0,1032,46,46,46,44,44,10,1,31000,31,31,31,4,89,4,89,31000,31,31000,31,665706,31,961386,999.9447405703887,44000,44000,951706,951706,43000,43000,0,0,0,0,45,45,43,43,1442,1442,CONSISTENT
1380,44710,31000,31000,0,0,0,0,0,665706,31,44679,31,46,46,90,723,1,1000,712,46,46,46,45,45,20,1,31000,31,31,31,4,90,4,90,31000,31,31000,31,665706,31,967612,0,44000,44000,951706,951706,44000,44000,0,0,0,0,45,45,44,44,723,723,CONSISTENT
1390,44988,31000,31000,0,0,0,0,0,665706,31,44957,31,46,46,90,1001,2,1000,712,46,47,46,45,45,30,1,31000,31,31,31,4,90,4,90,31000,31,31000,31,665706,31,973728,0,45000,45000,973706,973706,44000,44000,0,0,0,0,46,46,44,44,1004,1004,CONSISTENT
1400,45382,31000,31000,0,0,0,0,0,665706,31,45351,31,47,47,91,1395,2,0,1066,47,47,47,45,45,8,1,31000,31,31,31,4,91,4,91,31000,31,31000,31,665706,31,982396,0,45000,45000,973706,973706,44000,44000,0,0,0,0,46,46,44,44,1396,1396,CONSISTENT
1410,45724,31000,31000,0,0,0,0,0,665706,31,45693,31,47,47,91,1737,2,0,1066,47,47,47,45,45,16,1,31000,31,31,31,4,91,4,91,31000,31,31000,31,665706,31,989920,0,45000,45000,973706,973706,44000,44000,0,0,0,0,46,46,44,44,1738,1738,CONSISTENT
1420,45924,31000,31000,0,0,0,0,0,665706,31,45893,31,47,47,92,938,1,1000,750,47,47,47,46,46,28,1,31000,31,31,31,4,92,4,92,31000,31,31000,31,665706,31,994342,0,45000,45000,973706,973706,45000,45000,0,0,0,0,46,46,45,45,939,939,CONSISTENT
1430,46311,31000,31000,0,0,0,0,0,665706,31,46280,31,48,48,93,1325,2,0,1014,48,48,48,46,46,8,1,31000,31,31,31,4,93,4,93,31000,31,31000,31,665706,31,1002856,0,46000,46000,995706,995706,45000,45000,0,0,0,0,47,47,45,45,1327,1327,CONSISTENT
1440,46700,31000,31000,0,0,0,0,0,665706,31,46669,31,48,48,93,1714,2,0,1014,48,48,48,46,46,18,1,31000,31,31,31,4,93,4,93,31000,31,31000,31,665706,31,1011436,0,46000,46000,995706,995706,45000,45000,0,0,0,0,47,47,45,45,1718,1718,CONSISTENT
1450,46866,31000,31000,0,0,0,0,0,665706,31,46835,31,48,48,94,881,1,1000,779,48,48,48,47,47,26,1,31000,31,31,31,4,94,4,94,31000,31,31000,31,665706,31,1015088,0,46000,46000,995706,995706,46000,46000,0,0,0,0,47,47,46,46,883,883,CONSISTENT
1460,47250,31000,31000,0,0,0,0,0,665706,31,47219,31,49,49,95,1265,2,0,1036,49,49,49,47,47,6,1,31000,31,31,31,4,95,4,95,31000,31,31000,31,665706,31,1023536,0,47000,47000,1017706,1017706,46000,46000,0,0,0,0,48,48,46,46,1267,1270,TORN-PERSISTENT
1470,47631,31000,31000,0,0,0,0,0,665706,31,47600,31,49,49,95,1646,2,0,1036,49,49,49,47,47,14,1,31000,31,31,31,4,95,4,95,31000,31,31000,31,665706,31,1031918,0,47000,47000,1017706,1017706,46000,46000,0,0,0,0,48,48,46,46,1647,1647,CONSISTENT
1480,47823,31000,31000,0,0,0,0,0,665706,31,47792,31,49,49,96,839,1,1000,836,49,49,49,48,48,24,1,31000,31,31,31,4,96,4,96,31000,31,31000,31,665706,31,1036164,0,47000,47000,1017706,1017706,47000,47000,0,0,0,0,48,48,47,47,839,839,CONSISTENT
1490,48169,31000,31000,0,0,0,0,0,665706,31,48138,31,50,50,97,1185,2,0,1053,50,50,50,48,48,2,1,31000,31,31,31,4,97,4,97,31000,31,31000,31,665706,31,1043776,0,48000,48000,1039706,1039706,47000,47000,0,0,0,0,49,49,47,47,1187,1187,CONSISTENT
1500,48549,31000,31000,0,0,0,0,0,665706,31,48518,31,50,50,97,1565,2,0,1053,50,50,50,48,48,12,1,31000,31,31,31,4,97,4,97,31000,31,31000,31,665706,31,1052136,0,48000,48000,1039706,1039706,47000,47000,0,0,0,0,49,49,47,47,1565,1565,CONSISTENT
1510,48651,31000,31000,0,0,0,0,0,665706,31,48620,31,50,50,98,668,1,1000,650,50,50,50,49,49,22,1,31000,31,31,31,4,98,4,98,31000,31,31000,31,665706,31,1054402,0,48000,48000,1039706,1039706,48000,48000,0,0,0,0,49,49,48,48,670,671,TORN-PERSISTENT
1520,49004,31000,31000,0,0,0,0,0,665706,31,48973,31,50,50,98,1021,2,1000,650,50,51,50,49,49,32,1,31000,31,31,31,4,98,4,98,31000,31,31000,31,665706,31,1062168,0,49000,49000,1061706,1061706,48000,48000,0,0,0,0,50,50,48,48,1021,1021,CONSISTENT
1530,49386,31000,31000,0,0,0,0,0,665706,31,49355,31,51,51,99,1403,2,0,1070,51,51,51,49,49,8,1,31000,31,31,31,4,99,4,99,31000,31,31000,31,665706,31,1070572,0,49000,49000,1061706,1061706,48000,48000,0,0,0,0,50,50,48,48,1408,1408,CONSISTENT
1540,49666,31000,31000,0,0,0,0,0,665706,31,49635,31,51,51,100,684,1,1000,677,51,51,51,50,50,18,1,31000,31,31,31,4,100,4,100,31000,31,31000,31,665706,31,1076754,0,49000,49000,1061706,1061706,49000,49000,0,0,0,0,50,50,49,49,684,684,CONSISTENT
1550,49994,32000,32000,0,0,0,0,0,687706,32,49962,32,51,51,100,1011,2,1000,677,51,52,51,50,50,28,1,32000,32,32,32,4,100,4,100,32000,32,32000,32,687706,32,1083948,999.9447405703887,50000,50000,1083706,1083706,49000,49000,0,0,0,0,51,51,49,49,1014,1014,CONSISTENT
1560,50352,32000,32000,0,0,0,0,0,687706,32,50320,32,52,52,101,1369,2,0,1041,52,52,52,50,50,8,1,32000,32,32,32,4,101,4,101,32000,32,32000,32,687706,32,1091824,999.9447405703887,50000,50000,1083706,1083706,49000,49000,0,0,0,0,51,51,49,49,1369,1369,CONSISTENT
1570,50678,32000,32000,0,0,0,0,0,687706,32,50646,32,52,52,102,696,1,1000,693,52,52,52,51,51,18,1,32000,32,32,32,4,102,4,102,32000,32,32000,32,687706,32,1099018,999.9447405703887,50000,50000,1083706,1083706,50000,50000,0,0,0,0,51,51,50,50,696,696,CONSISTENT
1580,50956,33000,33000,0,0,0,0,0,709706,33,50923,33,52,52,102,973,1,1000,693,52,52,52,51,51,28,1,33000,33,33,33,4,102,4,102,33000,33,33000,33,709706,33,1105134,999.9447405703887,50000,50000,1083706,1083706,50000,50000,0,0,0,0,51,51,50,50,974,974,CONSISTENT
1590,51351,33000,33000,0,0,0,0,0,709706,33,51318,33,53,53,103,1368,2,0,1014,53,53,53,51,51,8,1,33000,33,33,33,4,103,4,103,33000,33,33000,33,709706,33,1113802,999.9447405703887,51000,51000,1105706,1105706,50000,50000,0,0,0,0,52,52,50,50,1371,1371,CONSISTENT
1600,51688,33000,33000,0,0,0,0,0,709706,33,51655,33,53,53,104,706,1,1000,698,53,53,53,52,52,18,1,33000,33,33,33,4,104,4,104,33000,33,33000,33,709706,33,1121238,999.9447405703887,51000,51000,1105706,1105706,51000,51000,0,0,0,0,52,52,51,51,707,707,CONSISTENT
1610,51916,34000,34000,0,0,0,0,0,731706,34,51882,34,53,53,104,933,1,1000,698,53,53,53,52,52,28,1,34000,34,34,34,4,104,4,104,34000,34,34000,34,731706,34,1126232,999.9447405703887,51000,51000,1105706,1105706,51000,51000,0,0,0,0,52,52,51,51,934,934,CONSISTENT
1620,52304,34000,34000,0,0,0,0,0,731706,34,52270,34,54,54,105,1321,2,0,1064,54,54,54,52,52,6,1,34000,34,34,34,4,105,4,105,34000,34,34000,34,731706,34,1134768,999.9447405703887,52000,52000,1127706,1127706,51000,51000,0,0,0,0,53,53,51,51,1321,1321,CONSISTENT
1630,52686,34000,34000,0,0,0,0,0,731706,34,52652,34,54,54,105,1703,2,0,1064,54,54,54,52,52,16,1,34000,34,34,34,4,105,4,105,34000,34,34000,34,731706,34,1143172,999.9447405703887,52000,52000,1127706,1127706,51000,51000,0,0,0,0,53,53,51,51,1705,1707,TORN-PERSISTENT
1640,52855,34000,34000,0,0,0,0,0,731706,34,52821,34,54,54,106,873,1,1000,733,54,54,54,53,53,26,1,34000,34,34,34,4,106,4,106,34000,34,34000,34,731706,34,1146934,999.9447405703887,52000,52000,1127706,1127706,52000,52000,0,0,0,0,53,53,52,52,874,874,CONSISTENT
1650,53245,34000,34000,0,0,0,0,0,731706,34,53211,34,55,55,107,1263,2,0,1019,55,55,55,53,53,6,1,34000,34,34,34,4,107,4,107,34000,34,34000,34,731706,34,1155514,999.9447405703887,53000,53000,1149706,1149706,52000,52000,0,0,0,0,54,54,52,52,1264,1264,CONSISTENT
1660,53635,34000,34000,0,0,0,0,0,731706,34,53601,34,55,55,107,1653,2,0,1019,55,55,55,53,53,16,1,34000,34,34,34,4,107,4,107,34000,34,34000,34,731706,34,1164072,999.9447405703887,53000,53000,1149706,1149706,52000,52000,0,0,0,0,54,54,52,52,1653,1653,CONSISTENT
1670,53839,34000,34000,0,0,0,0,0,731706,34,53805,34,55,55,108,858,1,1000,765,55,55,55,54,54,26,1,34000,34,34,34,4,108,4,108,34000,34,34000,34,731706,34,1168582,0,53000,53000,1149706,1149706,53000,53000,0,0,0,0,54,54,53,53,859,859,CONSISTENT
1680,54193,34000,34000,0,0,0,0,0,731706,34,54159,34,56,56,109,1212,2,0,1049,56,56,56,54,54,4,1,34000,34,34,34,4,109,4,109,34000,34,34000,34,731706,34,1176370,0,54000,54000,1171706,1171706,53000,53000,0,0,0,0,55,55,53,53,1212,1212,CONSISTENT
1690,54581,34000,34000,0,0,0,0,0,731706,34,54547,34,56,56,109,1600,2,0,1049,56,56,56,54,54,14,1,34000,34,34,34,4,109,4,109,34000,34,34000,34,731706,34,1184906,0,54000,54000,1171706,1171706,53000,53000,0,0,0,0,55,55,53,53,1602,1602,CONSISTENT
1700,54785,34000,34000,0,0,0,0,0,731706,34,54751,34,56,56,110,805,1,1000,772,56,56,56,55,55,24,1,34000,34,34,34,4,110,4,110,34000,34,34000,34,731706,34,1189416,0,54000,54000,1171706,1171706,54000,54000,0,0,0,0,55,55,54,54,805,805,CONSISTENT
1710,55168,34000,34000,0,0,0,0,0,731706,34,55134,34,57,57,111,1188,2,0,1014,57,57,57,55,55,4,1,34000,34,34,34,4,111,4,111,34000,34,34000,34,731706,34,1197842,0,55000,55000,1193706,1193706,54000,54000,0,0,0,0,56,56,54,54,1189,1189,CONSISTENT
1720,55518,34000,34000,0,0,0,0,0,731706,34,55484,34,57,57,111,1538,2,0,1014,57,57,57,55,55,12,1,34000,34,34,34,4,111,4,111,34000,34,34000,34,731706,34,1205542,0,55000,55000,1193706,1193706,54000,54000,0,0,0,0,56,56,54,54,1538,1538,CONSISTENT
1730,55781,34000,34000,0,0,0,0,0,731706,34,55747,34,57,57,112,802,1,1000,793,57,57,57,56,56,24,1,34000,34,34,34,4,112,4,112,34000,34,34000,34,731706,34,1211350,0,55000,55000,1193706,1193706,55000,55000,0,0,0,0,56,56,55,55,802,802,CONSISTENT
1740,56111,34000,34000,0,0,0,0,0,731706,34,56077,34,58,58,113,1132,2,0,1040,58,58,58,56,56,2,1,34000,34,34,34,4,113,4,113,34000,34,34000,34,731706,34,1218610,0,56000,56000,1215706,1215706,55000,55000,0,0,0,0,57,57,55,55,1134,1134,CONSISTENT
1750,56502,34000,34000,0,0,0,0,0,731706,34,56468,34,58,58,113,1523,2,0,1040,58,58,58,56,56,12,1,34000,34,34,34,4,113,4,113,34000,34,34000,34,731706,34,1227212,0,56000,56000,1215706,1215706,55000,55000,0,0,0,0,57,57,55,55,1525,1525,CONSISTENT
1760,56799,34000,34000,0,0,0,0,0,731706,34,56765,34,58,58,114,821,1,1000,815,58,58,58,57,57,20,1,34000,34,34,34,4,114,4,114,34000,34,34000,34,731706,34,1233768,0,56000,56000,1215706,1215706,56000,56000,0,0,0,0,57,57,56,56,821,821,CONSISTENT
1770,57054,34000,34000,0,0,0,0,0,731706,34,57020,34,59,59,115,1076,2,0,1007,59,59,59,57,57,0,1,34000,34,34,34,4,115,4,115,34000,34,34000,34,731706,34,1239378,0,57000,57000,1237706,1237706,56000,56000,0,0,0,0,58,58,56,56,1081,1081,CONSISTENT
1780,57446,34000,34000,0,0,0,0,0,731706,34,57412,34,59,59,115,1468,2,0,1007,59,59,59,57,57,12,1,34000,34,34,34,4,115,4,115,34000,34,34000,34,731706,34,1248002,0,57000,57000,1237706,1237706,56000,56000,0,0,0,0,58,58,56,56,1471,1473,TORN-PERSISTENT
1790,57808,34000,34000,0,0,0,0,0,731706,34,57774,34,59,59,116,831,1,1000,820,59,59,59,58,58,22,1,34000,34,34,34,4,116,4,116,34000,34,34000,34,731706,34,1255988,0,57000,57000,1237706,1237706,57000,57000,0,0,0,0,58,58,57,57,831,831,CONSISTENT
1800,58013,34000,34000,0,0,0,0,0,731706,34,57979,34,59,59,116,1036,2,1000,820,59,60,59,58,58,30,1,34000,34,34,34,4,116,4,116,34000,34,34000,34,731706,34,1260498,0,58000,58000,1259706,1259706,57000,57000,0,0,0,0,59,59,57,57,1038,1038,CONSISTENT
1810,58285,34000,34000,0,0,0,0,0,731706,34,58251,34,60,60,117,1308,2,0,1044,60,60,60,58,58,6,1,34000,34,34,34,4,117,4,117,34000,34,34000,34,731706,34,1266504,0,58000,58000,1259706,1259706,57000,57000,0,0,0,0,59,59,57,57,1309,1309,CONSISTENT
1820,58595,34000,34000,0,0,0,0,0,731706,34,58561,34,60,60,118,619,1,1000,613,60,60,60,59,59,16,1,34000,34,34,34,4,118,4,118,34000,34,34000,34,731706,34,1273324,0,58000,58000,1259706,1259706,58000,58000,0,0,0,0,59,59,58,58,619,619,CONSISTENT
1830,58869,34000,34000,0,0,0,0,0,731706,34,58835,34,60,60,118,893,1,1000,613,60,60,60,59,59,26,1,34000,34,34,34,4,118,4,118,34000,34,34000,34,731706,34,1279352,0,58000,58000,1259706,1259706,58000,58000,0,0,0,0,59,59,58,58,894,894,CONSISTENT
1840,59222,34000,34000,0,0,0,0,0,731706,34,59188,34,61,61,119,1246,2,0,1073,61,61,61,59,59,4,1,34000,34,34,34,4,119,4,119,34000,34,34000,34,731706,34,1287118,0,59000,59000,1281706,1281706,58000,58000,0,0,0,0,60,60,58,58,1249,1250,TORN-PERSISTENT
1850,59610,34000,34000,0,0,0,0,0,731706,34,59576,34,61,61,120,635,1,1000,631,61,61,61,60,60,14,1,34000,34,34,34,4,120,4,120,34000,34,34000,34,731706,34,1295676,0,59000,59000,1281706,1281706,59000,59000,0,0,0,0,60,60,59,59,635,635,CONSISTENT
1860,59815,34000,34000,0,0,0,0,0,731706,34,59781,34,61,61,120,840,1,1000,631,61,61,61,60,60,24,1,34000,34,34,34,4,120,4,120,34000,34,34000,34,731706,34,1300208,0,59000,59000,1281706,1281706,59000,59000,0,0,0,0,60,60,59,59,843,843,CONSISTENT
1870,60177,34000,34000,0,0,0,0,0,731706,34,60143,34,62,62,121,1202,2,0,1029,62,62,62,60,60,4,1,34000,34,34,34,4,121,4,121,34000,34,34000,34,731706,34,1308150,0,60000,60000,1303706,1303706,59000,59000,0,0,0,0,61,61,59,59,1204,1204,CONSISTENT
1880,60574,34000,34000,0,0,0,0,0,731706,34,60540,34,62,62,121,1599,2,0,1029,62,62,62,60,60,14,1,34000,34,34,34,4,121,4,121,34000,34,34000,34,731706,34,1316884,0,60000,60000,1303706,1303706,59000,59000,0,0,0,0,61,61,59,59,1599,1599,CONSISTENT
1890,60776,34000,34000,0,0,0,0,0,731706,34,60742,34,62,62,122,802,1,1000,642,62,62,62,61,61,24,1,34000,34,34,34,4,122,4,122,34000,34,34000,34,731706,34,1321350,0,60000,60000,1303706,1303706,60000,60000,0,0,0,0,61,61,60,60,805,805,CONSISTENT
1900,61163,34000,34000,0,0,0,0,0,731706,34,61129,34,63,63,123,1189,2,0,1002,63,63,63,61,61,4,1,34000,34,34,34,4,123,4,123,34000,34,34000,34,731706,34,1329886,0,61000,61000,1325706,1325706,60000,60000,0,0,0,0,62,62,60,60,1191,1191,CONSISTENT
1910,61514,34000,34000,0,0,0,0,0,731706,34,61480,34,63,63,123,1540,2,0,1002,63,63,63,61,61,14,1,34000,34,34,34,4,123,4,123,34000,34,34000,34,731706,34,1337586,0,61000,61000,1325706,1325706,60000,60000,0,0,0,0,62,62,60,60,1540,1540,CONSISTENT
1920,61711,34000,34000,0,0,0,0,0,731706,34,61677,34,63,63,124,738,1,1000,671,63,63,63,62,62,24,1,34000,34,34,34,4,124,4,124,34000,34,34000,34,731706,34,1341942,0,61000,61000,1325706,1325706,61000,61000,0,0,0,0,62,62,61,61,738,738,CONSISTENT
1930,62104,34000,34000,0,0,0,0,0,731706,34,62070,34,64,64,125,1131,2,0,1029,64,64,64,62,62,2,1,34000,34,34,34,4,125,4,125,34000,34,34000,34,731706,34,1350588,0,62000,62000,1347706,1347706,61000,61000,0,0,0,0,63,63,61,61,1131,1131,CONSISTENT
1940,62486,34000,34000,0,0,0,0,0,731706,34,62452,34,64,64,125,1513,2,0,1029,64,64,64,62,62,12,1,34000,34,34,34,4,125,4,125,34000,34,34000,34,731706,34,1359014,0,62000,62000,1347706,1347706,61000,61000,0,0,0,0,63,63,61,61,1514,1514,CONSISTENT
1950,62676,34000,34000,0,0,0,0,0,731706,34,62642,34,64,64,126,704,1,1000,699,64,64,64,63,63,22,1,34000,34,34,34,4,126,4,126,34000,34,34000,34,731706,34,1363194,0,62000,62000,1347706,1347706,62000,62000,0,0,0,0,63,63,62,62,704,704,CONSISTENT
1960,63031,34000,34000,0,0,0,0,0,731706,34,62997,34,65,65,127,1059,2,0,1046,65,65,65,63,63,0,1,34000,34,34,34,4,127,4,127,34000,34,34000,34,731706,34,1371004,0,63000,63000,1369706,1369706,62000,62000,0,0,0,0,64,64,62,62,1059,1059,CONSISTENT
1970,63422,34000,34000,0,0,0,0,0,731706,34,63388,34,65,65,127,1450,2,0,1046,65,65,65,63,63,10,1,34000,34,34,34,4,127,4,127,34000,34,34000,34,731706,34,1379628,0,63000,63000,1369706,1369706,62000,62000,0,0,0,0,64,64,62,62,1453,1453,CONSISTENT
1980,63734,34000,34000,0,0,0,0,0,731706,34,63700,34,65,65,128,763,1,1000,745,65,65,65,64,64,20,1,34000,34,34,34,4,128,4,128,34000,34,34000,34,731706,34,1386492,0,63000,63000,1369706,1369706,63000,63000,0,0,0,0,64,64,63,63,763,763,CONSISTENT
1990,63980,34000,34000,0,0,0,0,0,731706,34,63946,34,65,65,128,1009,2,1000,745,65,66,65,64,64,28,1,34000,34,34,34,4,128,4,128,34000,34,34000,34,731706,34,1391904,0,64000,64000,1391706,1391706,63000,63000,0,0,0,0,65,65,63,63,1011,1011,CONSISTENT
2000,64370,34000,34000,0,0,0,0,0,731706,34,64336,34,66,66,129,1399,2,0,1015,66,66,66,64,64,10,1,34000,34,34,34,4,129,4,129,34000,34,34000,34,731706,34,1400484,0,64000,64000,1391706,1391706,63000,63000,0,0,0,0,65,65,63,63,1402,1402,CONSISTENT
2010,64756,34000,34000,0,0,0,0,0,731706,34,64722,34,66,66,129,1785,2,0,1015,66,66,66,64,64,20,1,34000,34,34,34,4,129,4,129,34000,34,34000,34,731706,34,1408976,0,64000,64000,1391706,1391706,64000,64000,0,0,0,0,65,65,64,64,786,786,CONSISTENT
2020,64954,34000,34000,0,0,0,0,0,731706,34,64920,34,66,66,130,984,1,1000,786,66,66,66,65,65,30,1,34000,34,34,34,4,130,4,130,34000,34,34000,34,731706,34,1413354,0,64000,64000,1391706,1391706,64000,64000,0,0,0,0,65,65,64,64,986,986,CONSISTENT
2030,65309,34000,34000,0,0,0,0,0,731706,34,65275,34,67,67,131,1339,2,0,1039,67,67,67,65,65,6,1,34000,34,34,34,4,131,4,131,34000,34,34000,34,731706,34,1421186,0,65000,65000,1413706,1413706,64000,64000,0,0,0,0,66,66,64,64,1341,1342,TORN-PERSISTENT
2040,65686,34000,34000,0,0,0,0,0,731706,34,65652,34,67,67,131,1716,2,0,1039,67,67,67,65,65,16,1,34000,34,34,34,4,131,4,131,34000,34,34000,34,731706,34,1429458,0,65000,65000,1413706,1413706,64000,64000,0,0,0,0,66,66,64,64,1716,1716,CONSISTENT
2050,65882,34000,34000,0,0,0,0,0,731706,34,65848,34,67,67,132,913,1,1000,814,67,67,67,66,66,28,1,34000,34,34,34,4,132,4,132,34000,34,34000,34,731706,34,1433792,0,65000,65000,1413706,1413706,65000,65000,0,0,0,0,66,66,65,65,913,913,CONSISTENT
2060,66268,34000,34000,0,0,0,0,0,731706,34,66234,34,68,68,133,1299,2,0,1059,68,68,68,66,66,6,1,34000,34,34,34,4,133,4,133,34000,34,34000,34,731706,34,1442284,0,66000,66000,1435706,1435706,65000,65000,0,0,0,0,67,67,65,65,1300,1300,CONSISTENT
2070,66606,34000,34000,0,0,0,0,0,731706,34,66572,34,68,68,133,1637,2,0,1059,68,68,68,66,66,14,1,34000,34,34,34,4,133,4,133,34000,34,34000,34,731706,34,1449742,0,66000,66000,1435706,1435706,65000,65000,0,0,0,0,67,67,65,65,1639,1639,CONSISTENT
2080,66802,34000,34000,0,0,0,0,0,731706,34,66768,34,68,68,134,834,1,1000,803,68,68,68,67,67,24,1,34000,34,34,34,4,134,4,134,34000,34,34000,34,731706,34,1454054,0,66000,66000,1435706,1435706,66000,66000,0,0,0,0,67,67,66,66,836,836,CONSISTENT
2090,67179,34000,34000,0,0,0,0,0,731706,34,67145,34,69,69,135,1211,2,0,1060,69,69,69,67,67,4,1,34000,34,34,34,4,135,4,135,34000,34,34000,34,731706,34,1462348,0,67000,67000,1457706,1457706,66000,66000,0,0,0,0,68,68,66,66,1213,1213,CONSISTENT
2100,67525,34000,34000,0,0,0,0,0,731706,34,67491,34,69,69,135,1557,2,0,1060,69,69,69,67,67,12,1,34000,34,34,34,4,135,4,135,34000,34,34000,34,731706,34,1469960,0,67000,67000,1457706,1457706,66000,66000,0,0,0,0,68,68,66,66,1557,1557,CONSISTENT
2110,67595,34000,34000,0,0,0,0,0,731706,34,67561,34,69,69,136,628,1,1000,597,69,69,69,68,68,23,1,34000,34,34,34,4,136,4,136,34000,34,34000,34,731706,34,1471522,0,67000,67000,1457706,1457706,67000,67000,0,0,0,0,68,68,67,67,630,631,TORN-PERSISTENT
2120,67982,34000,34000,0,0,0,0,0,731706,34,67948,34,69,69,136,1015,2,1000,597,69,70,69,68,68,33,1,34000,34,34,34,4,136,4,136,34000,34,34000,34,731706,34,1480036,0,68000,68000,1479706,1479706,67000,67000,0,0,0,0,69,69,67,67,1016,1016,CONSISTENT
2130,68366,34000,34000,0,0,0,0,0,731706,34,68332,34,70,70,137,1399,2,0,1065,70,70,70,68,68,8,1,34000,34,34,34,4,137,4,137,34000,34,34000,34,731706,34,1488484,0,68000,68000,1479706,1479706,67000,67000,0,0,0,0,69,69,67,67,1401,1401,CONSISTENT
2140,68592,34000,34000,0,0,0,0,0,731706,34,68558,34,70,70,138,626,1,1000,617,70,70,70,69,69,18,1,34000,34,34,34,4,138,4,138,34000,34,34000,34,731706,34,1493478,0,68000,68000,1479706,1479706,68000,68000,0,0,0,0,69,69,68,68,626,626,CONSISTENT
2150,68903,34000,34000,0,0,0,0,0,731706,34,68869,34,70,70,138,937,1,1000,617,70,70,70,69,69,28,1,34000,34,34,34,4,138,4,138,34000,34,34000,34,731706,34,1500364,0,68000,68000,1479706,1479706,68000,68000,0,0,0,0,69,69,68,68,939,939,CONSISTENT
2160,69293,34000,34000,0,0,0,0,0,731706,34,69259,34,71,71,139,1327,2,0,1001,71,71,71,69,69,8,1,34000,34,34,34,4,139,4,139,34000,34,34000,34,731706,34,1508900,0,69000,69000,1501706,1501706,68000,68000,0,0,0,0,70,70,68,68,1329,1330,TORN-PERSISTENT
2170,69611,34000,34000,0,0,0,0,0,731706,34,69577,34,71,71,140,646,1,1000,639,71,71,71,70,70,18,1,34000,34,34,34,4,140,4,140,34000,34,34000,34,731706,34,1515918,0,69000,69000,1501706,1501706,69000,69000,0,0,0,0,70,70,69,69,646,646,CONSISTENT
2180,69876,34000,34000,0,0,0,0,0,731706,34,69842,34,71,71,140,911,1,1000,639,71,71,71,70,70,28,1,34000,34,34,34,4,140,4,140,34000,34,34000,34,731706,34,1521748,0,69000,69000,1501706,1501706,69000,69000,0,0,0,0,70,70,69,69,912,913,TORN-PERSISTENT
2190,70226,34000,34000,0,0,0,0,0,731706,34,70192,34,72,72,141,1261,2,0,1029,72,72,72,70,70,6,1,34000,34,34,34,4,141,4,141,34000,34,34000,34,731706,34,1529448,0,70000,70000,1523706,1523706,69000,69000,0,0,0,0,71,71,69,69,1261,1261,CONSISTENT
2200,70605,34000,34000,0,0,0,0,0,731706,34,70571,34,72,72,141,1640,2,0,1029,72,72,72,70,70,16,1,34000,34,34,34,4,141,4,141,34000,34,34000,34,731706,34,1537786,0,70000,70000,1523706,1523706,69000,69000,0,0,0,0,71,71,69,69,1642,1642,CONSISTENT
2210,70804,34000,34000,0,0,0,0,0,731706,34,70770,34,72,72,142,840,1,1000,659,72,72,72,71,71,26,1,34000,34,34,34,4,142,4,142,34000,34,34000,34,731706,34,1542208,0,70000,70000,1523706,1523706,70000,70000,0,0,0,0,71,71,70,70,841,841,CONSISTENT
2220,71193,34000,34000,0,0,0,0,0,731706,34,71159,34,73,73,143,1229,2,0,1047,73,73,73,71,71,4,1,34000,34,34,34,4,143,4,143,34000,34,34000,34,731706,34,1550744,0,71000,71000,1545706,1545706,70000,70000,0,0,0,0,72,72,70,70,1230,1231,TORN-PERSISTENT
2230,71529,34000,34000,0,0,0,0,0,731706,34,71495,34,73,73,143,1565,2,0,1047,73,73,73,71,71,14,1,34000,34,34,34,4,143,4,143,34000,34,34000,34,731706,34,1558158,0,71000,71000,1545706,1545706,70000,70000,0,0,0,0,72,72,70,70,1566,1566,CONSISTENT
2240,71727,34000,34000,0,0,0,0,0,731706,34,71693,34,73,73,144,764,1,1000,641,73,73,73,72,72,24,1,34000,34,34,34,4,144,4,144,34000,34,34000,34,731706,34,1562514,0,71000,71000,1545706,1545706,71000,71000,0,0,0,0,72,72,71,71,768,769,TORN-PERSISTENT
2250,72107,34000,34000,0,0,0,0,0,731706,34,72073,34,74,74,145,1144,2,0,1055,74,74,74,72,72,2,1,34000,34,34,34,4,145,4,145,34000,34,34000,34,731706,34,1570874,0,72000,72000,1567706,1567706,71000,71000,0,0,0,0,73,73,71,71,1145,1145,CONSISTENT
2260,72491,34000,34000,0,0,0,0,0,731706,34,72457,34,74,74,145,1528,2,0,1055,74,74,74,72,72,12,1,34000,34,34,34,4,145,4,145,34000,34,34000,34,731706,34,1579322,0,72000,72000,1567706,1567706,71000,71000,0,0,0,0,73,73,71,71,1529,1529,CONSISTENT
2270,72649,34000,34000,0,0,0,0,0,731706,34,72615,34,74,74,146,687,1,1000,633,74,74,74,73,73,20,1,34000,34,34,34,4,146,4,146,34000,34,34000,34,731706,34,1582842,0,72000,72000,1567706,1567706,72000,72000,0,0,0,0,73,73,72,72,690,690,CONSISTENT
2280,73038,34000,34000,0,0,0,0,0,731706,34,73004,34,75,75,147,1076,2,0,1071,75,75,75,73,73,0,1,34000,34,34,34,4,147,4,147,34000,34,34000,34,731706,34,1591400,0,73000,73000,1589706,1589706,72000,72000,0,0,0,0,74,74,72,72,1077,1077,CONSISTENT
2290,73419,34000,34000,0,0,0,0,0,731706,34,73385,34,75,75,147,1457,2,0,1071,75,75,75,73,73,10,1,34000,34,34,34,4,147,4,147,34000,34,34000,34,731706,34,1599760,0,73000,73000,1589706,1589706,72000,72000,0,0,0,0,74,74,72,72,1459,1459,CONSISTENT
2300,73586,34000,34000,0,0,0,0,0,731706,34,73552,34,75,75,148,625,1,1000,609,75,75,75,74,74,18,1,34000,34,34,34,4,148,4,148,34000,34,34000,34,731706,34,1603478,0,73000,73000,1589706,1589706,73000,73000,0,0,0,0,74,74,73,73,626,626,CONSISTENT
2310,73964,34000,34000,0,0,0,0,0,731706,34,73930,34,75,75,148,1003,2,1000,609,75,76,75,74,74,28,1,34000,34,34,34,4,148,4,148,34000,34,34000,34,731706,34,1611772,0,74000,74000,1611706,1611706,73000,73000,0,0,0,0,75,75,73,73,1003,1003,CONSISTENT
2320,74338,34000,34000,0,0,0,0,0,731706,34,74304,34,76,76,149,1377,2,0,1092,76,76,76,74,74,6,1,34000,34,34,34,4,149,4,149,34000,34,34000,34,731706,34,1620000,0,74000,74000,1611706,1611706,73000,73000,0,0,0,0,75,75,73,73,1378,1379,TORN-PERSISTENT
2330,74577,34000,34000,0,0,0,0,0,731706,34,74543,34,76,76,150,617,1,1000,611,76,76,76,75,75,18,1,34000,34,34,34,4,150,4,150,34000,34,34000,34,731706,34,1625280,0,74000,74000,1611706,1611706,74000,74000,0,0,0,0,75,75,74,74,617,617,CONSISTENT
2340,74872,34000,34000,0,0,0,0,0,731706,34,74838,34,76,76,150,912,1,1000,611,76,76,76,75,75,26,1,34000,34,34,34,4,150,4,150,34000,34,34000,34,731706,34,1631770,0,74000,74000,1611706,1611706,74000,74000,0,0,0,0,75,75,74,74,913,913,CONSISTENT
2350,75250,34000,34000,0,0,0,0,0,731706,34,75216,34,77,77,151,1290,2,0,1008,77,77,77,75,75,6,1,34000,34,34,34,4,151,4,151,34000,34,34000,34,731706,34,1640108,0,75000,75000,1633706,1633706,74000,74000,0,0,0,0,76,76,74,74,1291,1291,CONSISTENT
2360,75576,34000,34000,0,0,0,0,0,731706,34,75542,34,77,77,152,617,1,1000,611,77,77,77,76,76,16,1,34000,34,34,34,4,152,4,152,34000,34,34000,34,731706,34,1647280,0,75000,75000,1633706,1633706,75000,75000,0,0,0,0,76,76,75,75,617,617,CONSISTENT
2370,75824,34000,34000,0,0,0,0,0,731706,34,75790,34,77,77,152,865,1,1000,611,77,77,77,76,76,28,1,34000,34,34,34,4,152,4,152,34000,34,34000,34,731706,34,1652736,0,75000,75000,1633706,1633706,75000,75000,0,0,0,0,76,76,75,75,865,865,CONSISTENT
2380,76160,34000,34000,0,0,0,0,0,731706,34,76126,34,78,78,153,1201,2,0,1006,78,78,78,76,76,4,1,34000,34,34,34,4,153,4,153,34000,34,34000,34,731706,34,1660128,0,76000,76000,1655706,1655706,75000,75000,0,0,0,0,77,77,75,75,1204,1204,CONSISTENT
2390,76535,34000,34000,0,0,0,0,0,731706,34,76501,34,78,78,153,1576,2,0,1006,78,78,78,76,76,14,1,34000,34,34,34,4,153,4,153,34000,34,34000,34,731706,34,1668378,0,76000,76000,1655706,1655706,75000,75000,0,0,0,0,77,77,75,75,1577,1577,CONSISTENT
2400,76734,34000,34000,0,0,0,0,0,731706,34,76700,34,78,78,154,776,1,1000,602,78,78,78,77,77,24,1,34000,34,34,34,4,154,4,154,34000,34,34000,34,731706,34,1672778,0,76000,76000,1655706,1655706,76000,76000,0,0,0,0,77,77,76,76,776,776,CONSISTENT
2410,77007,34000,34000,0,0,0,0,0,731706,34,76973,34,79,79,155,1049,2,0,1001,79,79,79,77,77,0,1,34000,34,34,34,4,155,4,155,34000,34,34000,34,731706,34,1678784,0,77000,77000,1677706,1677706,76000,76000,0,0,0,0,78,78,76,76,1050,1050,CONSISTENT
2421,77386,34000,34000,0,0,0,0,0,731706,34,77352,34,79,79,155,1428,2,0,1001,79,79,79,77,77,10,1,34000,34,34,34,4,155,4,155,34000,34,34000,34,731706,34,1687122,0,77000,77000,1677706,1677706,76000,76000,0,0,0,0,78,78,76,76,1428,1428,CONSISTENT
2430,77731,34000,34000,0,0,0,0,0,731706,34,77697,34,79,79,155,1773,2,0,1001,79,79,79,77,77,20,1,34000,34,34,34,4,155,4,155,34000,34,34000,34,731706,34,1694712,0,77000,77000,1677706,1677706,76000,76000,0,0,0,0,78,78,76,76,1775,1775,CONSISTENT
2440,77925,34000,34000,0,0,0,0,0,731706,34,77891,34,79,79,156,968,1,1000,922,79,79,79,78,78,30,1,34000,34,34,34,4,156,4,156,34000,34,34000,34,731706,34,1699002,0,77000,77000,1677706,1677706,77000,77000,0,0,0,0,78,78,77,77,971,971,CONSISTENT
2450,78306,34000,34000,0,0,0,0,0,731706,34,78272,34,80,80,157,1349,2,0,1007,80,80,80,78,78,8,1,34000,34,34,34,4,157,4,157,34000,34,34000,34,731706,34,1707406,0,78000,78000,1699706,1699706,77000,77000,0,0,0,0,79,79,77,77,1350,1350,CONSISTENT
2460,78481,34000,34000,0,0,0,0,0,731706,34,78447,34,80,80,158,525,1,1000,518,80,80,80,79,79,18,1,34000,34,34,34,4,158,4,158,34000,34,34000,34,731706,34,1711256,0,78000,78000,1699706,1699706,78000,78000,0,0,0,0,79,79,78,78,525,525,CONSISTENT
2470,78854,34000,34000,0,0,0,0,0,731706,34,78820,34,80,80,158,898,1,1000,518,80,80,80,79,79,28,1,34000,34,34,34,4,158,4,158,34000,34,34000,34,731706,34,1719506,0,78000,78000,1699706,1699706,78000,78000,0,0,0,0,79,79,78,78,901,901,CONSISTENT
2480,79234,34000,34000,0,0,0,0,0,731706,34,79200,34,81,81,159,1278,2,0,1026,81,81,81,79,79,6,1,34000,34,34,34,4,159,4,159,34000,34,34000,34,731706,34,1727822,0,79000,79000,1721706,1721706,78000,78000,0,0,0,0,80,80,78,78,1279,1279,CONSISTENT
2490,79620,34000,34000,0,0,0,0,0,731706,34,79586,34,81,81,159,1664,2,0,1026,81,81,81,79,79,16,1,34000,34,34,34,4,159,4,159,34000,34,34000,34,731706,34,1736314,0,79000,79000,1721706,1721706,78000,78000,0,0,0,0,80,80,78,78,1664,1664,CONSISTENT
2500,79878,34000,34000,0,0,0,0,0,731706,34,79844,34,81,81,160,923,1,1000,916,81,81,81,80,80,26,1,34000,34,34,34,4,160,4,160,34000,34,34000,34,731706,34,1742012,0,79000,79000,1721706,1721706,79000,79000,0,0,0,0,80,80,79,79,923,923,CONSISTENT
2510,80163,34000,34000,0,0,0,0,0,731706,34,80129,34,82,82,161,1208,2,0,1042,82,82,82,80,80,4,1,34000,34,34,34,4,161,4,161,34000,34,34000,34,731706,34,1748282,0,80000,80000,1743706,1743706,79000,79000,0,0,0,0,81,81,79,79,1208,1208,CONSISTENT
2520,80540,34000,34000,0,0,0,0,0,731706,34,80506,34,82,82,161,1585,2,0,1042,82,82,82,80,80,14,1,34000,34,34,34,4,161,4,161,34000,34,34000,34,731706,34,1756576,0,80000,80000,1743706,1743706,79000,79000,0,0,0,0,81,81,79,79,1587,1587,CONSISTENT
2530,80828,34000,34000,0,0,0,0,0,731706,34,80794,34,82,82,162,874,1,1000,868,82,82,82,81,81,24,1,34000,34,34,34,4,162,4,162,34000,34,34000,34,731706,34,1762934,0,80000,80000,1743706,1743706,80000,80000,0,0,0,0,81,81,80,80,874,874,CONSISTENT
2540,81081,34000,34000,0,0,0,0,0,731706,34,81047,34,83,83,163,1127,2,0,1019,83,83,83,81,81,2,1,34000,34,34,34,4,163,4,163,34000,34,34000,34,731706,34,1768500,0,81000,81000,1765706,1765706,80000,80000,0,0,0,0,82,82,80,80,1129,1130,TORN-PERSISTENT
2550,81428,34000,34000,0,0,0,0,0,731706,34,81394,34,83,83,163,1474,2,0,1019,83,83,83,81,81,12,1,34000,34,34,34,4,163,4,163,34000,34,34000,34,731706,34,1776134,0,81000,81000,1765706,1765706,80000,80000,0,0,0,0,82,82,80,80,1477,1477,CONSISTENT
2560,81807,34000,34000,0,0,0,0,0,731706,34,81773,34,83,83,163,1853,2,0,1019,83,83,83,81,81,22,1,34000,34,34,34,4,163,4,163,34000,34,34000,34,731706,34,1784472,0,81000,81000,1765706,1765706,80000,80000,0,0,0,0,82,82,80,80,1858,1859,TORN-PERSISTENT
2570,82011,34000,34000,0,0,0,0,0,731706,34,81977,34,84,84,165,1058,2,0,1030,84,84,84,82,82,0,1,34000,34,34,34,4,165,4,165,34000,34,34000,34,731706,34,1788982,0,82000,82000,1787706,1787706,81000,81000,0,0,0,0,83,83,81,81,1059,1059,CONSISTENT
2580,82365,34000,34000,0,0,0,0,0,731706,34,82331,34,84,84,165,1412,2,0,1030,84,84,84,82,82,8,1,34000,34,34,34,4,165,4,165,34000,34,34000,34,731706,34,1796770,0,82000,82000,1787706,1787706,81000,81000,0,0,0,0,83,83,81,81,1413,1415,TORN-PERSISTENT
2590,82747,34000,34000,0,0,0,0,0,731706,34,82713,34,84,84,165,1794,2,0,1030,84,84,84,82,82,20,1,34000,34,34,34,4,165,4,165,34000,34,34000,34,731706,34,1805174,0,82000,82000,1787706,1787706,81000,81000,0,0,0,0,83,83,81,81,1797,1797,CONSISTENT
2600,82947,34000,34000,0,0,0,0,0,731706,34,82913,34,84,84,166,995,1,1000,825,84,84,84,83,83,30,1,34000,34,34,34,4,166,4,166,34000,34,34000,34,731706,34,1809596,0,82000,82000,1787706,1787706,82000,82000,0,0,0,0,83,83,82,82,996,996,CONSISTENT
2610,83332,34000,34000,0,0,0,0,0,731706,34,83298,34,85,85,167,1380,2,0,1062,85,85,85,83,83,8,1,34000,34,34,34,4,167,4,167,34000,34,34000,34,731706,34,1818066,0,83000,83000,1809706,1809706,82000,82000,0,0,0,0,84,84,82,82,1383,1383,CONSISTENT
2620,83670,34000,34000,0,0,0,0,0,731706,34,83636,34,85,85,167,1718,2,0,1062,85,85,85,83,83,16,1,34000,34,34,34,4,167,4,167,34000,34,34000,34,731706,34,1825502,0,83000,83000,1809706,1809706,82000,82000,0,0,0,0,84,84,82,82,1718,1718,CONSISTENT
2630,83869,34000,34000,0,0,0,0,0,731706,34,83835,34,85,85,168,918,1,1000,815,85,85,85,84,84,26,1,34000,34,34,34,4,168,4,168,34000,34,34000,34,731706,34,1829902,0,83000,83000,1809706,1809706,83000,83000,0,0,0,0,84,84,83,83,920,923,TORN-PERSISTENT
2640,84257,34000,34000,0,0,0,0,0,731706,34,84223,34,86,86,169,1306,2,0,1071,86,86,86,84,84,6,1,34000,34,34,34,4,169,4,169,34000,34,34000,34,731706,34,1838460,0,84000,84000,1831706,1831706,83000,83000,0,0,0,0,85,85,83,83,1307,1307,CONSISTENT
2650,84640,34000,34000,0,0,0,0,0,731706,34,84606,34,86,86,169,1689,2,0,1071,86,86,86,84,84,16,1,34000,34,34,34,4,169,4,169,34000,34,34000,34,731706,34,1846864,0,84000,84000,1831706,1831706,83000,83000,0,0,0,0,85,85,83,83,1689,1689,CONSISTENT
2660,84802,34000,34000,0,0,0,0,0,731706,34,84768,34,86,86,170,852,1,1000,789,86,86,86,85,85,24,1,34000,34,34,34,4,170,4,170,34000,34,34000,34,731706,34,1850450,0,84000,84000,1831706,1831706,84000,84000,0,0,0,0,85,85,84,84,854,854,CONSISTENT
2670,85184,34000,34000,0,0,0,0,0,731706,34,85150,34,87,87,171,1234,2,0,1019,87,87,87,85,85,4,1,34000,34,34,34,4,171,4,171,34000,34,34000,34,731706,34,1858854,0,85000,85000,1853706,1853706,84000,84000,0,0,0,0,86,86,84,84,1236,1236,CONSISTENT
2680,85558,34000,34000,0,0,0,0,0,731706,34,85524,34,87,87,171,1608,2,0,1019,87,87,87,85,85,14,1,34000,34,34,34,4,171,4,171,34000,34,34000,34,731706,34,1867082,0,85000,85000,1853706,1853706,84000,84000,0,0,0,0,86,86,84,84,1609,1609,CONSISTENT
2690,85760,34000,34000,0,0,0,0,0,731706,34,85726,34,87,87,172,811,1,1000,774,87,87,87,86,86,26,1,34000,34,34,34,4,172,4,172,34000,34,34000,34,731706,34,1871570,0,85000,85000,1853706,1853706,85000,85000,0,0,0,0,86,86,85,85,814,814,CONSISTENT
2700,86108,34000,34000,0,0,0,0,0,731706,34,86074,34,88,88,173,1159,2,0,1030,88,88,88,86,86,2,1,34000,34,34,34,4,173,4,173,34000,34,34000,34,731706,34,1879204,0,86000,86000,1875706,1875706,85000,85000,0,0,0,0,87,87,85,85,1159,1159,CONSISTENT
2710,86379,34000,34000,0,0,0,0,0,731706,34,86345,34,88,88,173,1430,2,0,1030,88,88,88,86,86,12,1,34000,34,34,34,4,173,4,173,34000,34,34000,34,731706,34,1885166,0,86000,86000,1875706,1875706,85000,85000,0,0,0,0,87,87,85,85,1432,1432,CONSISTENT
2720,86574,34000,34000,0,0,0,0,0,731706,34,86540,34,88,88,174,626,1,1000,552,88,88,88,87,87,22,1,34000,34,34,34,4,174,4,174,34000,34,34000,34,731706,34,1889478,0,86000,86000,1875706,1875706,86000,86000,0,0,0,0,87,87,86,86,628,628,CONSISTENT
2730,86947,34000,34000,0,0,0,0,0,731706,34,86913,34,88,88,174,999,1,1000,552,88,88,88,87,87,32,1,34000,34,34,34,4,174,4,174,34000,34,34000,34,731706,34,1897684,0,87000,87000,1897706,1897706,86000,86000,0,0,0,0,88,88,86,86,1001,1001,CONSISTENT
2740,87289,34000,34000,0,0,0,0,0,731706,34,87255,34,89,89,175,1341,2,0,1107,89,89,89,87,87,6,1,34000,34,34,34,4,175,4,175,34000,34,34000,34,731706,34,1905208,0,87000,87000,1897706,1897706,86000,86000,0,0,0,0,88,88,86,86,1343,1343,CONSISTENT
2750,87666,34000,34000,0,0,0,0,0,731706,34,87632,34,89,89,175,1718,2,0,1107,89,89,89,87,87,16,1,34000,34,34,34,4,175,4,175,34000,34,34000,34,731706,34,1913502,0,87000,87000,1897706,1897706,86000,86000,0,0,0,0,88,88,86,86,1719,1719,CONSISTENT
2760,87992,34000,34000,0,0,0,0,0,731706,34,87958,34,90,90,177,1045,2,0,1045,90,90,90,88,88,0,1,34000,34,34,34,5,177,5,177,34000,34,34000,34,731706,34,1920696,0,88000,88000,1919706,1919706,87000,87000,0,0,0,0,89,89,87,87,1045,1045,CONSISTENT
2770,88203,34000,34000,0,0,0,0,0,731706,34,88169,34,90,90,177,1256,2,0,1045,90,90,90,88,88,10,1,34000,34,34,34,5,177,5,177,34000,34,34000,34,731706,34,1925360,0,88000,88000,1919706,1919706,87000,87000,0,0,0,0,89,89,87,87,1260,1260,CONSISTENT
2780,88430,34000,34000,0,0,0,0,0,731706,34,88396,34,90,90,178,484,1,1000,477,90,90,90,89,89,20,1,34000,34,34,34,5,178,5,178,34000,34,34000,34,731706,34,1930354,0,88000,88000,1919706,1919706,88000,88000,0,0,0,0,89,89,88,88,484,484,CONSISTENT
2790,88779,34000,34000,0,0,0,0,0,731706,34,88745,34,90,90,178,834,1,1000,477,90,90,90,89,89,30,1,34000,34,34,34,5,178,5,178,34000,34,34000,34,731706,34,1938054,0,88000,88000,1919706,1919706,88000,88000,0,0,0,0,89,89,88,88,835,835,CONSISTENT
2800,89153,34000,34000,0,0,0,0,0,731706,34,89119,34,91,91,179,1207,2,0,1021,91,91,91,89,89,4,1,34000,34,34,34,5,179,5,179,34000,34,34000,34,731706,34,1946304,0,89000,89000,1941706,1941706,88000,88000,0,0,0,0,90,90,88,88,1209,1209,CONSISTENT
2810,89493,34000,34000,0,0,0,0,0,731706,34,89459,34,91,91,179,1547,2,0,1021,91,91,91,89,89,14,1,34000,34,34,34,5,179,5,179,34000,34,34000,34,731706,34,1953740,0,89000,89000,1941706,1941706,88000,88000,0,0,0,0,90,90,88,88,1550,1550,CONSISTENT
2820,89873,34000,34000,0,0,0,0,0,731706,34,89839,34,91,91,179,1927,2,0,1021,91,91,91,89,89,24,1,34000,34,34,34,5,179,5,179,34000,34,34000,34,731706,34,1962100,0,89000,89000,1941706,1941706,88000,88000,0,0,0,0,90,90,88,88,1927,1927,CONSISTENT
2830,90069,34000,34000,0,0,0,0,0,731706,34,90035,34,92,92,181,1124,2,0,1022,92,92,92,90,90,6,1,34000,34,34,34,6,181,6,181,34000,34,34000,34,731706,34,1966434,0,90000,90000,1963706,1963706,89000,89000,0,0,0,0,91,91,89,89,1124,1124,CONSISTENT
2840,90370,34000,34000,0,0,0,0,0,731706,34,90336,34,92,92,182,426,1,1000,420,92,92,92,91,91,16,1,34000,34,34,34,6,182,6,182,34000,34,34000,34,731706,34,1973078,0,90000,90000,1963706,1963706,90000,90000,0,0,0,0,91,91,90,90,426,426,CONSISTENT
2850,90609,34000,34000,0,0,0,0,0,731706,34,90575,34,92,92,182,665,1,1000,420,92,92,92,91,91,26,1,34000,34,34,34,6,182,6,182,34000,34,34000,34,731706,34,1978336,0,90000,90000,1963706,1963706,90000,90000,0,0,0,0,91,91,90,90,667,667,CONSISTENT
2860,90979,34000,34000,0,0,0,0,0,731706,34,90945,34,93,93,183,1035,2,0,1023,93,93,93,91,91,0,1,34000,34,34,34,6,183,6,183,34000,34,34000,34,731706,34,1986476,0,91000,91000,1985706,1985706,90000,90000,0,0,0,0,92,92,90,90,1037,1038,TORN-PERSISTENT
2870,91360,34000,34000,0,0,0,0,0,731706,34,91326,34,93,93,183,1416,2,0,1023,93,93,93,91,91,10,1,34000,34,34,34,6,183,6,183,34000,34,34000,34,731706,34,1994858,0,91000,91000,1985706,1985706,90000,90000,0,0,0,0,92,92,90,90,1416,1416,CONSISTENT
2880,91735,34000,34000,0,0,0,0,0,731706,34,91701,34,93,93,183,1791,2,0,1023,93,93,93,91,91,20,1,34000,34,34,34,6,183,6,183,34000,34,34000,34,731706,34,2003108,0,91000,91000,1985706,1985706,90000,90000,0,0,0,0,92,92,90,90,1792,1792,CONSISTENT
2890,91901,34000,34000,0,0,0,0,0,731706,34,91867,34,93,93,184,958,1,1000,942,93,93,93,92,92,28,1,34000,34,34,34,6,184,6,184,34000,34,34000,34,731706,34,2006782,0,91000,91000,1985706,1985706,91000,91000,0,0,0,0,92,92,91,91,958,958,CONSISTENT
2900,92276,34000,34000,0,0,0,0,0,731706,34,92242,34,94,94,185,1333,2,0,1036,94,94,94,92,92,8,1,34000,34,34,34,6,185,6,185,34000,34,34000,34,731706,34,2015032,0,92000,92000,2007706,2007706,91000,91000,0,0,0,0,93,93,91,91,1335,1335,CONSISTENT
2910,92651,34000,34000,0,0,0,0,0,731706,34,92617,34,94,94,185,1708,2,0,1036,94,94,94,92,92,18,1,34000,34,34,34,6,185,6,185,34000,34,34000,34,731706,34,2023282,0,92000,92000,2007706,2007706,91000,91000,0,0,0,0,93,93,91,91,1710,1711,TORN-PERSISTENT
2920,92811,34000,34000,0,0,0,0,0,731706,34,92777,34,94,94,186,869,1,1000,802,94,94,94,93,93,26,1,34000,34,34,34,6,186,6,186,34000,34,34000,34,731706,34,2026824,0,92000,92000,2007706,2007706,92000,92000,0,0,0,0,93,93,92,92,871,871,CONSISTENT
2930,93188,34000,34000,0,0,0,0,0,731706,34,93154,34,95,95,187,1246,2,0,1036,95,95,95,93,93,4,1,34000,34,34,34,6,187,6,187,34000,34,34000,34,731706,34,2035118,0,93000,93000,2029706,2029706,92000,92000,0,0,0,0,94,94,92,92,1249,1250,TORN-PERSISTENT
2940,93571,34000,34000,0,0,0,0,0,731706,34,93537,34,95,95,187,1629,2,0,1036,95,95,95,93,93,14,1,34000,34,34,34,6,187,6,187,34000,34,34000,34,731706,34,2043544,0,93000,93000,2029706,2029706,92000,92000,0,0,0,0,94,94,92,92,1631,1631,CONSISTENT
2950,93794,34000,34000,0,0,0,0,0,731706,34,93760,34,95,95,188,853,1,1000,849,95,95,95,94,94,26,1,34000,34,34,34,6,188,6,188,34000,34,34000,34,731706,34,2048472,0,93000,93000,2029706,2029706,93000,93000,0,0,0,0,94,94,93,93,853,853,CONSISTENT
2960,94105,34000,34000,0,0,0,0,0,731706,34,94071,34,96,96,189,1164,2,0,1047,96,96,96,94,94,2,1,34000,34,34,34,6,189,6,189,34000,34,34000,34,731706,34,2055314,0,94000,94000,2051706,2051706,93000,93000,0,0,0,0,95,95,93,93,1168,1168,CONSISTENT
2970,94491,34000,34000,0,0,0,0,0,731706,34,94457,34,96,96,189,1550,2,0,1047,96,96,96,94,94,12,1,34000,34,34,34,6,189,6,189,34000,34,34000,34,731706,34,2063806,0,94000,94000,2051706,2051706,93000,93000,0,0,0,0,95,95,93,93,1551,1551,CONSISTENT
2980,94742,34000,34000,0,0,0,0,0,731706,34,94708,34,96,96,190,802,1,1000,796,96,96,96,95,95,22,1,34000,34,34,34,6,190,6,190,34000,34,34000,34,731706,34,2069350,0,94000,94000,2051706,2051706,94000,94000,0,0,0,0,95,95,94,94,802,802,CONSISTENT
2990,95062,34000,34000,0,0,0,0,0,731706,34,95028,34,97,97,191,1122,2,0,1043,97,97,97,95,95,2,1,34000,34,34,34,6,191,6,191,34000,34,34000,34,731706,34,2076412,0,95000,95000,2073706,2073706,94000,94000,0,0,0,0,96,96,94,94,1125,1125,CONSISTENT
3000,95407,34000,34000,0,0,0,0,0,731706,34,95373,34,97,97,191,1467,2,0,1043,97,97,97,95,95,10,1,34000,34,34,34,6,191,6,191,34000,34,34000,34,731706,34,2083980,0,95000,95000,2073706,2073706,94000,94000,0,0,0,0,96,96,94,94,1469,1469,CONSISTENT
3010,95522,34000,34000,0,0,0,0,0,731706,34,95488,34,97,97,192,583,1,1000,573,97,97,97,96,96,20,1,34000,34,34,34,6,192,6,192,34000,34,34000,34,731706,34,2086532,0,95000,95000,2073706,2073706,95000,95000,0,0,0,0,96,96,95,95,583,583,CONSISTENT
3020,95871,34000,34000,0,0,0,0,0,731706,34,95837,34,97,97,192,932,1,1000,573,97,97,97,96,96,30,1,34000,34,34,34,6,192,6,192,34000,34,34000,34,731706,34,2094210,0,95000,95000,2073706,2073706,95000,95000,0,0,0,0,96,96,95,95,932,932,CONSISTENT
3030,96250,34000,34000,0,0,0,0,0,731706,34,96216,34,98,98,193,1311,2,0,1044,98,98,98,96,96,6,1,34000,34,34,34,6,193,6,193,34000,34,34000,34,731706,34,2102548,0,96000,96000,2095706,2095706,95000,95000,0,0,0,0,97,97,95,95,1313,1314,TORN-PERSISTENT
3040,96495,34000,34000,0,0,0,0,0,731706,34,96461,34,98,98,194,557,1,1000,549,98,98,98,97,97,16,1,34000,34,34,34,6,194,6,194,34000,34,34000,34,731706,34,2107960,0,96000,96000,2095706,2095706,96000,96000,0,0,0,0,97,97,96,96,557,557,CONSISTENT
3050,96782,34000,34000,0,0,0,0,0,731706,34,96748,34,98,98,194,844,1,1000,549,98,98,98,97,97,26,1,34000,34,34,34,6,194,6,194,34000,34,34000,34,731706,34,2114274,0,96000,96000,2095706,2095706,96000,96000,0,0,0,0,97,97,96,96,845,845,CONSISTENT
3060,97165,34000,34000,0,0,0,0,0,731706,34,97131,34,99,99,195,1227,2,0,1043,99,99,99,97,97,4,1,34000,34,34,34,6,195,6,195,34000,34,34000,34,731706,34,2122700,0,97000,97000,2117706,2117706,96000,96000,0,0,0,0,98,98,96,96,1229,1229,CONSISTENT
3070,97505,34000,34000,0,0,0,0,0,731706,34,97471,34,99,99,195,1567,2,0,1043,99,99,99,97,97,14,1,34000,34,34,34,6,195,6,195,34000,34,34000,34,731706,34,2130202,0,97000,97000,2117706,2117706,96000,96000,0,0,0,0,98,98,96,96,1568,1568,CONSISTENT
3080,97796,34000,34000,0,0,0,0,0,731706,34,97762,34,99,99,196,859,1,1000,856,99,99,99,98,98,24,1,34000,34,34,34,6,196,6,196,34000,34,34000,34,731706,34,2136604,0,97000,97000,2117706,2117706,97000,97000,0,0,0,0,98,98,97,97,859,859,CONSISTENT
3090,98082,34000,34000,0,0,0,0,0,731706,34,98048,34,100,100,197,1145,2,0,1049,100,100,100,98,98,2,1,34000,34,34,34,6,197,6,197,34000,34,34000,34,731706,34,2142896,0,98000,98000,2139706,2139706,97000,97000,0,0,0,0,99,99,97,97,1148,1148,CONSISTENT
3100,98466,34000,34000,0,0,0,0,0,731706,34,98432,34,100,100,197,1529,2,0,1049,100,100,100,98,98,12,1,34000,34,34,34,6,197,6,197,34000,34,34000,34,731706,34,2151344,0,98000,98000,2139706,2139706,97000,97000,0,0,0,0,99,99,97,97,1529,1529,CONSISTENT
3110,98808,34000,34000,0,0,0,0,0,731706,34,98774,34,100,100,197,1871,2,0,1049,100,100,100,98,98,22,1,34000,34,34,34,6,197,6,197,34000,34,34000,34,731706,34,2158868,0,98000,98000,2139706,2139706,97000,97000,0,0,0,0,99,99,97,97,1872,1873,TORN-PERSISTENT
3120,99011,34000,34000,0,0,0,0,0,731706,34,98977,34,101,101,199,1075,2,0,1058,101,101,101,99,99,0,1,34000,34,34,34,6,199,6,199,34000,34,34000,34,731706,34,2163356,0,99000,99000,2161706,2161706,98000,98000,0,0,0,0,100,100,98,98,1078,1080,TORN-PERSISTENT
3130,99396,34000,34000,0,0,0,0,0,731706,34,99362,34,101,101,199,1460,2,0,1058,101,101,101,99,99,10,1,34000,34,34,34,6,199,6,199,34000,34,34000,34,731706,34,2171826,0,99000,99000,2161706,2161706,98000,98000,0,0,0,0,100,100,98,98,1461,1461,CONSISTENT
3140,99742,34000,34000,0,0,0,0,0,731706,34,99708,34,101,101,199,1806,2,0,1058,101,101,101,99,99,18,1,34000,34,34,34,6,199,6,199,34000,34,34000,34,731706,34,2179438,0,99000,99000,2161706,2161706,98000,98000,0,0,0,0,100,100,98,98,1807,1807,CONSISTENT
3150,99933,34000,34000,0,0,0,0,0,731706,34,99899,34,101,101,200,998,1,1000,957,101,101,101,100,100,30,1,34000,34,34,34,6,200,6,200,34000,34,34000,34,731706,34,2183706,0,100000,100000,2183706,2183706,99000,99000,0,0,0,0,101,101,99,99,1002,1002,CONSISTENT
3160,100319,34000,34000,0,0,0,0,0,731706,34,100285,34,102,102,201,1384,2,0,1152,102,102,102,100,100,6,1,34000,34,34,34,6,201,6,201,34000,34,34000,34,731706,34,2192154,0,100000,100000,2183706,2183706,99000,99000,0,0,0,0,101,101,99,99,1386,1386,CONSISTENT
3170,100515,34000,34000,0,0,0,0,0,731706,34,100481,34,102,102,202,581,1,1000,533,102,102,102,101,101,16,1,34000,34,34,34,6,202,6,202,34000,34,34000,34,731706,34,2196488,0,100000,100000,2183706,2183706,100000,100000,0,0,0,0,101,101,100,100,583,583,CONSISTENT
3180,100860,34000,34000,0,0,0,0,0,731706,34,100826,34,102,102,202,926,1,1000,533,102,102,102,101,101,24,1,34000,34,34,34,6,202,6,202,34000,34,34000,34,731706,34,2204100,0,100000,100000,2183706,2183706,100000,100000,0,0,0,0,101,101,100,100,930,930,CONSISTENT
3190,101237,34000,34000,0,0,0,0,0,731706,34,101203,34,103,103,203,1303,2,0,1005,103,103,103,101,101,8,1,34000,34,34,34,6,203,6,203,34000,34,34000,34,731706,34,2212372,0,101000,101000,2205706,2205706,100000,100000,0,0,0,0,102,102,100,100,1303,1303,CONSISTENT
3200,101619,34000,34000,0,0,0,0,0,731706,34,101585,34,103,103,203,1685,2,0,1005,103,103,103,101,101,18,1,34000,34,34,34,6,203,6,203,34000,34,34000,34,731706,34,2220776,0,101000,101000,2205706,2205706,100000,100000,0,0,0,0,102,102,100,100,1685,1685,CONSISTENT
3211,101819,34000,34000,0,0,0,0,0,731706,34,101785,34,103,103,204,886,1,1000,874,103,103,103,102,102,28,1,34000,34,34,34,6,204,6,204,34000,34,34000,34,731706,34,2225198,0,101000,101000,2205706,2205706,101000,101000,0,0,0,0,102,102,101,101,886,886,CONSISTENT
3220,102160,34000,34000,0,0,0,0,0,731706,34,102126,34,104,104,205,1227,2,0,1012,104,104,104,102,102,4,1,34000,34,34,34,6,205,6,205,34000,34,34000,34,731706,34,2232700,0,102000,102000,2227706,2227706,101000,101000,0,0,0,0,103,103,101,101,1227,1227,CONSISTENT
3230,102543,34000,34000,0,0,0,0,0,731706,34,102509,34,104,104,205,1610,2,0,1012,104,104,104,102,102,14,1,34000,34,34,34,6,205,6,205,34000,34,34000,34,731706,34,2241126,0,102000,102000,2227706,2227706,101000,101000,0,0,0,0,103,103,101,101,1611,1611,CONSISTENT
3240,102752,34000,34000,0,0,0,0,0,731706,34,102718,34,104,104,206,820,1,1000,802,104,104,104,103,103,26,1,34000,34,34,34,6,206,6,206,34000,34,34000,34,731706,34,2245746,0,102000,102000,2227706,2227706,102000,102000,0,0,0,0,103,103,102,102,822,822,CONSISTENT
3250,103088,34000,34000,0,0,0,0,0,731706,34,103054,34,105,105,207,1156,2,0,1038,105,105,105,103,103,2,1,34000,34,34,34,6,207,6,207,34000,34,34000,34,731706,34,2253138,0,103000,103000,2249706,2249706,102000,102000,0,0,0,0,104,104,102,102,1156,1156,CONSISTENT
3260,103467,34000,34000,0,0,0,0,0,731706,34,103433,34,105,105,207,1535,2,0,1038,105,105,105,103,103,12,1,34000,34,34,34,6,207,6,207,34000,34,34000,34,731706,34,2261520,0,103000,103000,2249706,2249706,102000,102000,0,0,0,0,104,104,102,102,1537,1537,CONSISTENT
3270,103699,34000,34000,0,0,0,0,0,731706,34,103665,34,105,105,208,768,1,1000,765,105,105,105,104,104,22,1,34000,34,34,34,6,208,6,208,34000,34,34000,34,731706,34,2266602,0,103000,103000,2249706,2249706,103000,103000,0,0,0,0,104,104,103,103,768,768,CONSISTENT
3280,104036,34000,34000,0,0,0,0,0,731706,34,104002,34,106,106,209,1105,2,0,1028,106,106,106,104,104,2,1,34000,34,34,34,6,209,6,209,34000,34,34000,34,731706,34,2274016,0,104000,104000,2271706,2271706,103000,103000,0,0,0,0,105,105,103,103,1106,1106,CONSISTENT
3290,104383,34000,34000,0,0,0,0,0,731706,34,104349,34,106,106,209,1452,2,0,1028,106,106,106,104,104,10,1,34000,34,34,34,6,209,6,209,34000,34,34000,34,731706,34,2281650,0,104000,104000,2271706,2271706,103000,103000,0,0,0,0,105,105,103,103,1455,1455,CONSISTENT
3300,104641,34000,34000,0,0,0,0,0,731706,34,104607,34,106,106,210,711,1,1000,704,106,106,106,105,105,20,1,34000,34,34,34,6,210,6,210,34000,34,34000,34,731706,34,2287348,0,104000,104000,2271706,2271706,104000,104000,0,0,0,0,105,105,104,104,711,711,CONSISTENT
3310,104900,34000,34000,0,0,0,0,0,731706,34,104866,34,106,106,210,970,1,1000,704,106,106,106,105,105,30,1,34000,34,34,34,6,210,6,210,34000,34,34000,34,731706,34,2293046,0,104000,104000,2271706,2271706,104000,104000,0,0,0,0,105,105,104,104,970,970,CONSISTENT
3320,105235,34000,34000,0,0,0,0,0,731706,34,105201,34,107,107,211,1305,2,0,1070,107,107,107,105,105,6,1,34000,34,34,34,6,211,6,211,34000,34,34000,34,731706,34,2300416,0,105000,105000,2293706,2293706,104000,104000,0,0,0,0,106,106,104,104,1306,1306,CONSISTENT
3330,105496,34000,34000,0,0,0,0,0,731706,34,105462,34,107,107,212,567,1,1000,553,107,107,107,106,106,16,1,34000,34,34,34,6,212,6,212,34000,34,34000,34,731706,34,2306180,0,105000,105000,2293706,2293706,105000,105000,0,0,0,0,106,106,105,105,567,567,CONSISTENT
3340,105806,34000,34000,0,0,0,0,0,731706,34,105772,34,107,107,212,877,1,1000,553,107,107,107,106,106,26,1,34000,34,34,34,6,212,6,212,34000,34,34000,34,731706,34,2313000,0,105000,105000,2293706,2293706,105000,105000,0,0,0,0,106,106,105,105,879,882,TORN-PERSISTENT
3350,106191,34000,34000,0,0,0,0,0,731706,34,106157,34,108,108,213,1262,2,0,1063,108,108,108,106,106,4,1,34000,34,34,34,6,213,6,213,34000,34,34000,34,731706,34,2321492,0,106000,106000,2315706,2315706,105000,105000,0,0,0,0,107,107,105,105,1264,1264,CONSISTENT
3360,106540,34000,34000,0,0,0,0,0,731706,34,106506,34,108,108,213,1611,2,0,1063,108,108,108,106,106,14,1,34000,34,34,34,6,213,6,213,34000,34,34000,34,731706,34,2329148,0,106000,106000,2315706,2315706,105000,105000,0,0,0,0,107,107,105,105,1614,1616,TORN-PERSISTENT
3370,106920,34000,34000,0,0,0,0,0,731706,34,106886,34,108,108,213,1991,2,0,1063,108,108,108,106,106,24,1,34000,34,34,34,6,213,6,213,34000,34,34000,34,731706,34,2337508,0,106000,106000,2315706,2315706,105000,105000,0,0,0,0,107,107,105,105,1993,1994,TORN-PERSISTENT
3380,107116,34000,34000,0,0,0,0,0,731706,34,107082,34,109,109,215,1188,2,0,1041,109,109,109,107,107,8,1,34000,34,34,34,7,215,7,215,34000,34,34000,34,731706,34,2341842,0,107000,107000,2337706,2337706,106000,106000,0,0,0,0,108,108,106,106,1191,1191,CONSISTENT
3390,107402,34000,34000,0,0,0,0,0,731706,34,107368,34,109,109,216,475,1,1000,469,109,109,109,108,108,18,1,34000,34,34,34,7,216,7,216,34000,34,34000,34,731706,34,2348156,0,107000,107000,2337706,2337706,107000,107000,0,0,0,0,108,108,107,107,475,475,CONSISTENT
3400,107661,34000,34000,0,0,0,0,0,731706,34,107627,34,109,109,216,734,1,1000,469,109,109,109,108,108,28,1,34000,34,34,34,7,216,7,216,34000,34,34000,34,731706,34,2353854,0,107000,107000,2337706,2337706,107000,107000,0,0,0,0,108,108,107,107,734,734,CONSISTENT
3410,108040,34000,34000,0,0,0,0,0,731706,34,108006,34,110,110,217,1113,2,0,1012,110,110,110,108,108,2,1,34000,34,34,34,7,217,7,217,34000,34,34000,34,731706,34,2362192,0,108000,108000,2359706,2359706,107000,107000,0,0,0,0,109,109,107,107,1113,1113,CONSISTENT
3420,108420,34000,34000,0,0,0,0,0,731706,34,108386,34,110,110,217,1493,2,0,1012,110,110,110,108,108,12,1,34000,34,34,34,7,217,7,217,34000,34,34000,34,731706,34,2370552,0,108000,108000,2359706,2359706,107000,107000,0,0,0,0,109,109,107,107,1496,1497,TORN-PERSISTENT
3430,108766,34000,34000,0,0,0,0,0,731706,34,108732,34,110,110,217,1839,2,0,1012,110,110,110,108,108,22,1,34000,34,34,34,7,217,7,217,34000,34,34000,34,731706,34,2378164,0,108000,108000,2359706,2359706,107000,107000,0,0,0,0,109,109,107,107,1840,1840,CONSISTENT
3440,108962,34000,34000,0,0,0,0,0,731706,34,108928,34,111,111,219,1036,2,0,1027,111,111,111,109,109,0,1,34000,34,34,34,7,219,7,219,34000,34,34000,34,731706,34,2382520,0,109000,109000,2381706,2381706,108000,108000,0,0,0,0,110,110,108,108,1038,1038,CONSISTENT
3450,109347,34000,34000,0,0,0,0,0,731706,34,109313,34,111,111,219,1421,2,0,1027,111,111,111,109,109,10,1,34000,34,34,34,7,219,7,219,34000,34,34000,34,731706,34,2390968,0,109000,109000,2381706,2381706,108000,108000,0,0,0,0,110,110,108,108,1424,1424,CONSISTENT
3460,109656,34000,34000,0,0,0,0,0,731706,34,109622,34,111,111,220,731,1,1000,725,111,111,111,110,110,20,1,34000,34,34,34,7,220,7,220,34000,34,34000,34,731706,34,2397788,0,109000,109000,2381706,2381706,109000,109000,0,0,0,0,110,110,109,109,731,731,CONSISTENT
3470,109882,34000,34000,0,0,0,0,0,731706,34,109848,34,111,111,220,957,1,1000,725,111,111,111,110,110,28,1,34000,34,34,34,7,220,7,220,34000,34,34000,34,731706,34,2402760,0,109000,109000,2381706,2381706,109000,109000,0,0,0,0,110,110,109,109,960,960,CONSISTENT
3480,110263,34000,34000,0,0,0,0,0,731706,34,110229,34,112,112,221,1338,2,0,1033,112,112,112,110,110,8,1,34000,34,34,34,7,221,7,221,34000,34,34000,34,731706,34,2411142,0,110000,110000,2403706,2403706,109000,109000,0,0,0,0,111,111,109,109,1341,1343,TORN-PERSISTENT
3490,110638,34000,34000,0,0,0,0,0,731706,34,110604,34,112,112,221,1713,2,0,1033,112,112,112,110,110,18,1,34000,34,34,34,7,221,7,221,34000,34,34000,34,731706,34,2419392,0,110000,110000,2403706,2403706,109000,109000,0,0,0,0,111,111,109,109,1718,1718,CONSISTENT
3501,110842,34000,34000,0,0,0,0,0,731706,34,110808,34,112,112,222,918,1,1000,827,112,112,112,111,111,28,1,34000,34,34,34,7,222,7,222,34000,34,34000,34,731706,34,2423902,0,110000,110000,2403706,2403706,110000,110000,0,0,0,0,111,111,110,110,921,921,CONSISTENT
3510,111190,34000,34000,0,0,0,0,0,731706,34,111156,34,113,113,223,1266,2,0,1045,113,113,113,111,111,4,1,34000,34,34,34,7,223,7,223,34000,34,34000,34,731706,34,2431580,0,111000,111000,2425706,2425706,110000,110000,0,0,0,0,112,112,110,110,1269,1269,CONSISTENT
3520,111571,34000,34000,0,0,0,0,0,731706,34,111537,34,113,113,223,1647,2,0,1045,113,113,113,111,111,16,1,34000,34,34,34,7,223,7,223,34000,34,34000,34,731706,34,2439940,0,111000,111000,2425706,2425706,110000,110000,0,0,0,0,112,112,110,110,1651,1651,CONSISTENT
3530,111767,34000,34000,0,0,0,0,0,731706,34,111733,34,113,113,224,844,1,1000,775,113,113,113,112,112,26,1,34000,34,34,34,7,224,7,224,34000,34,34000,34,731706,34,2444274,0,111000,111000,2425706,2425706,111000,111000,0,0,0,0,112,112,111,111,845,846,TORN-PERSISTENT
3540,112118,34000,34000,0,0,0,0,0,731706,34,112084,34,114,114,225,1195,2,0,1055,114,114,114,112,112,2,1,34000,34,34,34,7,225,7,225,34000,34,34000,34,731706,34,2451996,0,112000,112000,2447706,2447706,111000,111000,0,0,0,0,113,113,111,111,1196,1196,CONSISTENT
3550,112499,34000,34000,0,0,0,0,0,731706,34,112465,34,114,114,225,1576,2,0,1055,114,114,114,112,112,12,1,34000,34,34,34,7,225,7,225,34000,34,34000,34,731706,34,2460378,0,112000,112000,2447706,2447706,111000,111000,0,0,0,0,113,113,111,111,1578,1578,CONSISTENT
3560,112695,34000,34000,0,0,0,0,0,731706,34,112661,34,114,114,226,773,1,1000,705,114,114,114,113,113,24,1,34000,34,34,34,7,226,7,226,34000,34,34000,34,731706,34,2464712,0,112000,112000,2447706,2447706,112000,112000,0,0,0,0,113,113,112,112,773,773,CONSISTENT
3570,113073,34000,34000,0,0,0,0,0,731706,34,113039,34,115,115,227,1151,2,0,1061,115,115,115,113,113,0,1,34000,34,34,34,7,227,7,227,34000,34,34000,34,731706,34,2473028,0,113000,113000,2469706,2469706,112000,112000,0,0,0,0,114,114,112,112,1154,1155,TORN-PERSISTENT
3580,113420,34000,34000,0,0,0,0,0,731706,34,113386,34,115,115,227,1498,2,0,1061,115,115,115,113,113,10,1,34000,34,34,34,7,227,7,227,34000,34,34000,34,731706,34,2480662,0,113000,113000,2469706,2469706,112000,112000,0,0,0,0,114,114,112,112,1501,1501,CONSISTENT
3590,113618,34000,34000,0,0,0,0,0,731706,34,113584,34,115,115,228,697,1,1000,646,115,115,115,114,114,20,1,34000,34,34,34,7,228,7,228,34000,34,34000,34,731706,34,2485062,0,113000,113000,2469706,2469706,113000,113000,0,0,0,0,114,114,113,113,698,698,CONSISTENT
3600,113989,34000,34000,0,0,0,0,0,731706,34,113955,34,116,116,229,1068,2,0,1006,116,116,116,114,114,0,1,34000,34,34,34,7,229,7,229,34000,34,34000,34,731706,34,2493202,0,114000,114000,2491706,2491706,113000,113000,0,0,0,0,115,115,113,113,1068,1068,CONSISTENT
3610,114229,34000,34000,0,0,0,0,0,731706,34,114195,34,116,116,229,1308,2,0,1006,116,116,116,114,114,10,1,34000,34,34,34,7,229,7,229,34000,34,34000,34,731706,34,2498482,0,114000,114000,2491706,2491706,113000,113000,0,0,0,0,115,115,113,113,1309,1309,CONSISTENT
3620,114428,34000,34000,0,0,0,0,0,731706,34,114394,34,116,116,230,508,1,1000,370,116,116,116,115,115,20,1,34000,34,34,34,7,230,7,230,34000,34,34000,34,731706,34,2502882,0,114000,114000,2491706,2491706,114000,114000,0,0,0,0,115,115,114,114,508,508,CONSISTENT
3630,114797,34000,34000,0,0,0,0,0,731706,34,114763,34,116,116,230,877,1,1000,370,116,116,116,115,115,30,1,34000,34,34,34,7,230,7,230,34000,34,34000,34,731706,34,2511000,0,114000,114000,2491706,2491706,114000,114000,0,0,0,0,115,115,114,114,877,877,CONSISTENT
3640,115182,34000,34000,0,0,0,0,0,731706,34,115148,34,117,117,231,1262,2,0,1064,117,117,117,115,115,4,1,34000,34,34,34,7,231,7,231,34000,34,34000,34,731706,34,2519470,0,115000,115000,2513706,2513706,114000,114000,0,0,0,0,116,116,114,114,1262,1262,CONSISTENT
3650,115512,34000,34000,0,0,0,0,0,731706,34,115478,34,117,117,231,1592,2,0,1064,117,117,117,115,115,14,1,34000,34,34,34,7,231,7,231,34000,34,34000,34,731706,34,2526730,0,115000,115000,2513706,2513706,114000,114000,0,0,0,0,116,116,114,114,1594,1594,CONSISTENT
3660,115774,34000,34000,0,0,0,0,0,731706,34,115740,34,117,117,232,855,1,1000,852,117,117,117,116,116,24,1,34000,34,34,34,7,232,7,232,34000,34,34000,34,731706,34,2532516,0,115000,115000,2513706,2513706,115000,115000,0,0,0,0,116,116,115,115,855,855,CONSISTENT
3670,116098,34000,34000,0,0,0,0,0,731706,34,116064,34,118,118,233,1179,2,0,1004,118,118,118,116,116,4,1,34000,34,34,34,7,233,7,233,34000,34,34000,34,731706,34,2539644,0,116000,116000,2535706,2535706,115000,115000,0,0,0,0,117,117,115,115,1183,1183,CONSISTENT
3680,116307,34000,34000,0,0,0,0,0,731706,34,116273,34,118,118,234,389,1,1000,381,118,118,118,117,117,14,1,34000,34,34,34,7,234,7,234,34000,34,34000,34,731706,34,2544264,0,116000,116000,2535706,2535706,116000,116000,0,0,0,0,117,117,116,116,389,389,CONSISTENT
3690,116643,34000,34000,0,0,0,0,0,731706,34,116609,34,118,118,234,725,1,1000,381,118,118,118,117,117,24,1,34000,34,34,34,7,234,7,234,34000,34,34000,34,731706,34,2551700,0,116000,116000,2535706,2535706,116000,116000,0,0,0,0,117,117,116,116,728,728,CONSISTENT
3700,117025,34000,34000,0,0,0,0,0,731706,34,116991,34,119,119,235,1107,2,0,1013,119,119,119,117,117,2,1,34000,34,34,34,7,235,7,235,34000,34,34000,34,731706,34,2560060,0,117000,117000,2557706,2557706,116000,116000,0,0,0,0,118,118,116,116,1107,1107,CONSISTENT
3710,117408,34000,34000,0,0,0,0,0,731706,34,117374,34,119,119,235,1490,2,0,1013,119,119,119,117,117,12,1,34000,34,34,34,7,235,7,235,34000,34,34000,34,731706,34,2568486,0,117000,117000,2557706,2557706,116000,116000,0,0,0,0,118,118,116,116,1493,1493,CONSISTENT
3720,117644,34000,34000,0,0,0,0,0,731706,34,117610,34,119,119,236,727,1,1000,723,119,119,119,118,118,20,1,34000,34,34,34,7,236,7,236,34000,34,34000,34,731706,34,2573700,0,117000,117000,2557706,2557706,117000,117000,0,0,0,0,118,118,117,117,727,727,CONSISTENT
3730,117954,34000,34000,0,0,0,0,0,731706,34,117920,34,120,120,237,1037,2,0,1035,120,120,120,118,118,0,1,34000,34,34,34,7,237,7,237,34000,34,34000,34,731706,34,2580520,0,118000,118000,2579706,2579706,117000,117000,0,0,0,0,119,119,117,117,1039,1039,CONSISTENT
3740,118336,34000,34000,0,0,0,0,0,731706,34,118302,34,120,120,237,1419,2,0,1035,120,120,120,118,118,10,1,34000,34,34,34,7,237,7,237,34000,34,34000,34,731706,34,2588924,0,118000,118000,2579706,2579706,117000,117000,0,0,0,0,119,119,117,117,1421,1422,TORN-PERSISTENT
3750,118582,34000,34000,0,0,0,0,0,731706,34,118548,34,120,120,238,666,1,1000,661,120,120,120,119,119,20,1,34000,34,34,34,7,238,7,238,34000,34,34000,34,731706,34,2594358,0,118000,118000,2579706,2579706,118000,118000,0,0,0,0,119,119,118,118,666,666,CONSISTENT
3760,118872,34000,34000,0,0,0,0,0,731706,34,118838,34,120,120,238,956,1,1000,661,120,120,120,119,119,28,1,34000,34,34,34,7,238,7,238,34000,34,34000,34,731706,34,2600738,0,118000,118000,2579706,2579706,118000,118000,0,0,0,0,119,119,118,118,958,958,CONSISTENT
3770,119256,34000,34000,0,0,0,0,0,731706,34,119222,34,121,121,239,1340,2,0,1041,121,121,121,119,119,8,1,34000,34,34,34,7,239,7,239,34000,34,34000,34,731706,34,2609186,0,119000,119000,2601706,2601706,118000,118000,0,0,0,0,120,120,118,118,1343,1343,CONSISTENT
3780,119519,34000,34000,0,0,0,0,0,731706,34,119485,34,121,121,240,604,1,1000,591,121,121,121,120,120,18,1,34000,34,34,34,7,240,7,240,34000,34,34000,34,731706,34,2614994,0,119000,119000,2601706,2601706,119000,119000,0,0,0,0,120,120,119,119,604,604,CONSISTENT
3790,119834,34000,34000,0,0,0,0,0,731706,34,119800,34,121,121,240,919,1,1000,591,121,121,121,120,120,28,1,34000,34,34,34,7,240,7,240,34000,34,34000,34,731706,34,2621924,0,119000,119000,2601706,2601706,119000,119000,0,0,0,0,120,120,119,119,920,920,CONSISTENT
3800,120178,34000,34000,0,0,0,0,0,731706,34,120144,34,122,122,241,1263,2,0,1058,122,122,122,120,120,4,1,34000,34,34,34,7,241,7,241,34000,34,34000,34,731706,34,2629514,0,120000,120000,2623706,2623706,119000,119000,0,0,0,0,121,121,119,119,1265,1265,CONSISTENT
3810,120460,34000,34000,0,0,0,0,0,731706,34,120426,34,122,122,242,546,1,1000,542,122,122,122,121,121,14,1,34000,34,34,34,7,242,7,242,34000,34,34000,34,731706,34,2635718,0,120000,120000,2623706,2623706,120000,120000,0,0,0,0,121,121,120,120,546,546,CONSISTENT
3820,120748,34000,34000,0,0,0,0,0,731706,34,120714,34,122,122,242,834,1,1000,542,122,122,122,121,121,26,1,34000,34,34,34,7,242,7,242,34000,34,34000,34,731706,34,2642054,0,120000,120000,2623706,2623706,120000,120000,0,0,0,0,121,121,120,120,835,835,CONSISTENT
3830,121090,34000,34000,0,0,0,0,0,731706,34,121056,34,123,123,243,1176,2,0,1051,123,123,123,121,121,2,1,34000,34,34,34,7,243,7,243,34000,34,34000,34,731706,34,2649578,0,121000,121000,2645706,2645706,120000,120000,0,0,0,0,122,122,120,120,1176,1176,CONSISTENT
3840,121466,34000,34000,0,0,0,0,0,731706,34,121432,34,123,123,243,1552,2,0,1051,123,123,123,121,121,12,1,34000,34,34,34,7,243,7,243,34000,34,34000,34,731706,34,2657850,0,121000,121000,2645706,2645706,120000,120000,0,0,0,0,122,122,120,120,1555,1556,TORN-PERSISTENT
3850,121845,34000,34000,0,0,0,0,0,731706,34,121811,34,123,123,243,1931,2,0,1051,123,123,123,121,121,22,1,34000,34,34,34,7,243,7,243,34000,34,34000,34,731706,34,2666188,0,121000,121000,2645706,2645706,120000,120000,0,0,0,0,122,122,120,120,1933,1934,TORN-PERSISTENT
3860,122044,34000,34000,0,0,0,0,0,731706,34,122010,34,124,124,245,1131,2,0,1051,124,124,124,122,122,2,1,34000,34,34,34,7,245,7,245,34000,34,34000,34,731706,34,2670588,0,122000,122000,2667706,2667706,121000,121000,0,0,0,0,123,123,121,121,1131,1131,CONSISTENT
3870,122313,34000,34000,0,0,0,0,0,731706,34,122279,34,124,124,246,401,1,1000,392,124,124,124,123,123,10,1,34000,34,34,34,7,246,7,246,34000,34,34000,34,731706,34,2676528,0,122000,122000,2667706,2667706,122000,122000,0,0,0,0,123,123,122,122,401,401,CONSISTENT
3880,122587,34000,34000,0,0,0,0,0,731706,34,122553,34,124,124,246,675,1,1000,392,124,124,124,123,123,20,1,34000,34,34,34,7,246,7,246,34000,34,34000,34,731706,34,2682556,0,122000,122000,2667706,2667706,122000,122000,0,0,0,0,123,123,122,122,676,676,CONSISTENT
3890,122965,34000,34000,0,0,0,0,0,731706,34,122931,34,124,124,246,1053,2,1000,392,124,125,124,123,123,30,1,34000,34,34,34,7,246,7,246,34000,34,34000,34,731706,34,2690872,0,123000,123000,2689706,2689706,122000,122000,0,0,0,0,124,124,122,122,1056,1056,CONSISTENT
3900,123329,34000,34000,0,0,0,0,0,731706,34,123295,34,125,125,247,1417,2,0,1064,125,125,125,123,123,8,1,34000,34,34,34,7,247,7,247,34000,34,34000,34,731706,34,2698880,0,123000,123000,2689706,2689706,122000,122000,0,0,0,0,124,124,122,122,1417,1417,CONSISTENT
3910,123576,34000,34000,0,0,0,0,0,731706,34,123542,34,125,125,247,1664,2,0,1064,125,125,125,123,123,18,1,34000,34,34,34,7,247,7,247,34000,34,34000,34,731706,34,2704314,0,123000,123000,2689706,2689706,122000,122000,0,0,0,0,124,124,122,122,1665,1665,CONSISTENT
3920,123780,34000,34000,0,0,0,0,0,731706,34,123746,34,125,125,248,869,1,1000,667,125,125,125,124,124,28,1,34000,34,34,34,7,248,7,248,34000,34,34000,34,731706,34,2708824,0,123000,123000,2689706,2689706,123000,123000,0,0,0,0,124,124,123,123,873,873,CONSISTENT
3930,124162,34000,34000,0,0,0,0,0,731706,34,124128,34,126,126,249,1251,2,0,1067,126,126,126,124,124,4,1,34000,34,34,34,7,249,7,249,34000,34,34000,34,731706,34,2717228,0,124000,124000,2711706,2711706,123000,123000,0,0,0,0,125,125,123,123,1251,1251,CONSISTENT
3940,124504,34000,34000,0,0,0,0,0,731706,34,124470,34,126,126,249,1593,2,0,1067,126,126,126,124,124,14,1,34000,34,34,34,7,249,7,249,34000,34,34000,34,731706,34,2724752,0,124000,124000,2711706,2711706,123000,123000,0,0,0,0,125,125,123,123,1596,1596,CONSISTENT
3950,124703,34000,34000,0,0,0,0,0,731706,34,124669,34,126,126,250,793,1,1000,604,126,126,126,125,125,24,1,34000,34,34,34,7,250,7,250,34000,34,34000,34,731706,34,2729174,0,124000,124000,2711706,2711706,124000,124000,0,0,0,0,125,125,124,124,796,796,CONSISTENT
3960,125080,34000,34000,0,0,0,0,0,731706,34,125046,34,127,127,251,1170,2,0,1073,127,127,127,125,125,2,1,34000,34,34,34,7,251,7,251,34000,34,34000,34,731706,34,2737446,0,125000,125000,2733706,2733706,124000,124000,0,0,0,0,126,126,124,124,1170,1170,CONSISTENT
3970,125457,34000,34000,0,0,0,0,0,731706,34,125423,34,127,127,252,548,1,1000,540,127,127,127,126,126,12,1,34000,34,34,34,7,252,7,252,34000,34,34000,34,731706,34,2745762,0,125000,125000,2733706,2733706,125000,125000,0,0,0,0,126,126,125,125,548,548,CONSISTENT
3980,125625,34000,34000,0,0,0,0,0,731706,34,125591,34,127,127,252,716,1,1000,540,127,127,127,126,126,22,1,34000,34,34,34,7,252,7,252,34000,34,34000,34,731706,34,2749458,0,125000,125000,2733706,2733706,125000,125000,0,0,0,0,126,126,125,125,717,717,CONSISTENT
3990,126004,34000,34000,0,0,0,0,0,731706,34,125970,34,128,128,253,1095,2,0,1006,128,128,128,126,126,2,1,34000,34,34,34,7,253,7,253,34000,34,34000,34,731706,34,2757796,0,126000,126000,2755706,2755706,125000,125000,0,0,0,0,127,127,125,125,1095,1095,CONSISTENT
4000,126383,34000,34000,0,0,0,0,0,731706,34,126349,34,128,128,253,1474,2,0,1006,128,128,128,126,126,12,1,34000,34,34,34,7,253,7,253,34000,34,34000,34,731706,34,2766134,0,126000,126000,2755706,2755706,125000,125000,0,0,0,0,127,127,125,125,1474,1474,CONSISTENT
4010,126595,34000,34000,0,0,0,0,0,731706,34,126561,34,128,128,254,687,1,1000,671,128,128,128,127,127,22,1,34000,34,34,34,7,254,7,254,34000,34,34000,34,731706,34,2770820,0,126000,126000,2755706,2755706,126000,126000,0,0,0,0,127,127,126,126,687,687,CONSISTENT
4020,126924,34000,34000,0,0,0,0,0,731706,34,126890,34,128,128,254,1016,2,1000,671,128,129,128,127,127,30,1,34000,34,34,34,7,254,7,254,34000,34,34000,34,731706,34,2778080,0,127000,127000,2777706,2777706,126000,126000,0,0,0,0,128,128,126,126,1020,1021,TORN-PERSISTENT
4030,127316,34000,34000,0,0,0,0,0,731706,34,127282,34,129,129,255,1408,2,0,1023,129,129,129,127,127,10,1,34000,34,34,34,7,255,7,255,34000,34,34000,34,731706,34,2786704,0,127000,127000,2777706,2777706,126000,126000,0,0,0,0,128,128,126,126,1411,1412,TORN-PERSISTENT
4040,127709,34000,34000,0,0,0,0,0,731706,34,127675,34,129,129,255,1801,2,0,1023,129,129,129,127,127,20,1,34000,34,34,34,7,255,7,255,34000,34,34000,34,731706,34,2795328,0,127000,127000,2777706,2777706,126000,126000,0,0,0,0,128,128,126,126,1802,1802,CONSISTENT
4050,127908,34000,34000,0,0,0,0,0,731706,34,127874,34,129,129,256,1001,2,1000,968,129,130,129,128,128,30,1,34000,34,34,34,7,256,7,256,34000,34,34000,34,731706,34,2799728,0,128000,128000,2799706,2799706,127000,127000,0,0,0,0,129,129,127,127,1002,1002,CONSISTENT
4060,128267,34000,34000,0,0,0,0,0,731706,34,128233,34,130,130,257,1360,2,0,1058,130,130,130,128,128,6,1,34000,34,34,34,7,257,7,257,34000,34,34000,34,731706,34,2807626,0,128000,128000,2799706,2799706,127000,127000,0,0,0,0,129,129,127,127,1362,1363,TORN-PERSISTENT
4070,128626,34000,34000,0,0,0,0,0,731706,34,128592,34,130,130,258,720,1,1000,715,130,130,130,129,129,17,1,34000,34,34,34,7,258,7,258,34000,34,34000,34,731706,34,2815546,0,128000,128000,2799706,2799706,128000,128000,0,0,0,0,129,129,128,128,720,720,CONSISTENT
4080,128853,34000,34000,0,0,0,0,0,731706,34,128819,34,130,130,258,947,1,1000,715,130,130,130,129,129,28,1,34000,34,34,34,7,258,7,258,34000,34,34000,34,731706,34,2820540,0,128000,128000,2799706,2799706,128000,128000,0,0,0,0,129,129,128,128,950,950,CONSISTENT
4090,129249,34000,34000,0,0,0,0,0,731706,34,129215,34,131,131,259,1343,2,0,1025,131,131,131,129,129,8,1,34000,34,34,34,7,259,7,259,34000,34,34000,34,731706,34,2829252,0,129000,129000,2821706,2821706,128000,128000,0,0,0,0,130,130,128,128,1346,1347,TORN-PERSISTENT
4101,129635,34000,34000,0,0,0,0,0,731706,34,129601,34,131,131,259,1729,2,0,1025,131,131,131,129,129,18,1,34000,34,34,34,7,259,7,259,34000,34,34000,34,731706,34,2837766,0,129000,129000,2821706,2821706,128000,128000,0,0,0,0,130,130,128,128,1732,1732,CONSISTENT
4110,129801,34000,34000,0,0,0,0,0,731706,34,129767,34,131,131,260,896,1,1000,849,131,131,131,130,130,26,1,34000,34,34,34,7,260,7,260,34000,34,34000,34,731706,34,2841440,0,129000,129000,2821706,2821706,129000,129000,0,0,0,0,130,130,129,129,897,897,CONSISTENT
4120,130194,34000,34000,0,0,0,0,0,731706,34,130160,34,132,132,261,1289,2,0,1062,132,132,132,130,130,4,1,34000,34,34,34,7,261,7,261,34000,34,34000,34,731706,34,2850064,0,130000,130000,2843706,2843706,129000,129000,0,0,0,0,131,131,129,129,1290,1291,TORN-PERSISTENT
4130,130578,34000,34000,0,0,0,0,0,731706,34,130544,34,132,132,261,1673,2,0,1062,132,132,132,130,130,14,1,34000,34,34,34,7,261,7,261,34000,34,34000,34,731706,34,2858534,0,130000,130000,2843706,2843706,129000,129000,0,0,0,0,131,131,129,129,1676,1676,CONSISTENT
4140,130784,34000,34000,0,0,0,0,0,731706,34,130750,34,132,132,262,880,1,1000,794,132,132,132,131,131,26,1,34000,34,34,34,7,262,7,262,34000,34,34000,34,731706,34,2863066,0,130000,130000,2843706,2843706,130000,130000,0,0,0,0,131,131,130,130,881,881,CONSISTENT
4150,131143,34000,34000,0,0,0,0,0,731706,34,131109,34,133,133,263,1239,2,0,1031,133,133,133,131,131,4,1,34000,34,34,34,7,263,7,263,34000,34,34000,34,731706,34,2870964,0,131000,131000,2865706,2865706,130000,130000,0,0,0,0,132,132,130,130,1240,1240,CONSISTENT
4160,131525,34000,34000,0,0,0,0,0,731706,34,131491,34,133,133,263,1621,2,0,1031,133,133,133,131,131,14,1,34000,34,34,34,7,263,7,263,34000,34,34000,34,731706,34,2879368,0,131000,131000,2865706,2865706,130000,130000,0,0,0,0,132,132,130,130,1623,1623,CONSISTENT
4170,131722,34000,34000,0,0,0,0,0,731706,34,131688,34,133,133,264,819,1,1000,740,133,133,133,132,132,24,1,34000,34,34,34,7,264,7,264,34000,34,34000,34,731706,34,2883724,0,131000,131000,2865706,2865706,131000,131000,0,0,0,0,132,132,131,131,822,822,CONSISTENT
4180,132120,34000,34000,0,0,0,0,0,731706,34,132086,34,134,134,265,1217,2,0,1060,134,134,134,132,132,4,1,34000,34,34,34,7,265,7,265,34000,34,34000,34,731706,34,2892480,0,132000,132000,2887706,2887706,131000,131000,0,0,0,0,133,133,131,131,1217,1217,CONSISTENT
4190,132466,34000,34000,0,0,0,0,0,731706,34,132432,34,134,134,265,1563,2,0,1060,134,134,134,132,132,12,1,34000,34,34,34,7,265,7,265,34000,34,34000,34,731706,34,2900092,0,132000,132000,2887706,2887706,131000,131000,0,0,0,0,133,133,131,131,1566,1566,CONSISTENT
4200,132671,34000,34000,0,0,0,0,0,731706,34,132637,34,134,134,266,769,1,1000,700,134,134,134,133,133,22,1,34000,34,34,34,7,266,7,266,34000,34,34000,34,731706,34,2904624,0,132000,132000,2887706,2887706,132000,132000,0,0,0,0,133,133,132,132,772,773,TORN-PERSISTENT
4210,132949,34000,34000,0,0,0,0,0,731706,34,132915,34,135,135,267,1047,2,0,1015,135,135,135,133,133,0,1,34000,34,34,34,7,267,7,267,34000,34,34000,34,731706,34,2910740,0,133000,133000,2909706,2909706,132000,132000,0,0,0,0,134,134,132,132,1048,1048,CONSISTENT
4220,133340,34000,34000,0,0,0,0,0,731706,34,133306,34,135,135,267,1438,2,0,1015,135,135,135,133,133,10,1,34000,34,34,34,7,267,7,267,34000,34,34000,34,731706,34,2919342,0,133000,133000,2909706,2909706,132000,132000,0,0,0,0,134,134,132,132,1438,1438,CONSISTENT
4231,133727,34000,34000,0,0,0,0,0,731706,34,133693,34,135,135,267,1825,2,0,1015,135,135,135,133,133,20,1,34000,34,34,34,7,267,7,267,34000,34,34000,34,731706,34,2927900,0,133000,133000,2909706,2909706,132000,132000,0,0,0,0,134,134,132,132,1831,1831,CONSISTENT
4240,133893,34000,34000,0,0,0,0,0,731706,34,133859,34,135,135,268,992,1,1000,980,135,135,135,134,134,30,1,34000,34,34,34,7,268,7,268,34000,34,34000,34,731706,34,2931552,0,133000,133000,2909706,2909706,133000,133000,0,0,0,0,134,134,133,133,993,993,CONSISTENT
4250,134287,34000,34000,0,0,0,0,0,731706,34,134253,34,136,136,269,1386,2,0,1050,136,136,136,134,134,8,1,34000,34,34,34,7,269,7,269,34000,34,34000,34,731706,34,2940198,0,134000,134000,2931706,2931706,133000,133000,0,0,0,0,135,135,133,133,1386,1386,CONSISTENT
4260,134517,34000,34000,0,0,0,0,0,731706,34,134483,34,136,136,270,617,1,1000,611,136,136,136,135,135,18,1,34000,34,34,34,7,270,7,270,34000,34,34000,34,731706,34,2945280,0,134000,134000,2931706,2931706,134000,134000,0,0,0,0,135,135,134,134,617,617,CONSISTENT
4270,134874,34000,34000,0,0,0,0,0,731706,34,134840,34,136,136,270,974,1,1000,611,136,136,136,135,135,28,1,34000,34,34,34,7,270,7,270,34000,34,34000,34,731706,34,2953134,0,134000,134000,2931706,2931706,134000,134000,0,0,0,0,135,135,134,134,976,976,CONSISTENT
4280,135231,34000,34000,0,0,0,0,0,731706,34,135197,34,137,137,271,1331,2,0,1098,137,137,137,135,135,6,1,34000,34,34,34,7,271,7,271,34000,34,34000,34,731706,34,2960988,0,135000,135000,2953706,2953706,134000,134000,0,0,0,0,136,136,134,134,1335,1336,TORN-PERSISTENT
4290,135621,34000,34000,0,0,0,0,0,731706,34,135587,34,137,137,271,1721,2,0,1098,137,137,137,135,135,16,1,34000,34,34,34,7,271,7,271,34000,34,34000,34,731706,34,2969568,0,135000,135000,2953706,2953706,134000,134000,0,0,0,0,136,136,134,134,1724,1724,CONSISTENT
4300,135823,34000,34000,0,0,0,0,0,731706,34,135789,34,137,137,272,924,1,1000,889,137,137,137,136,136,26,1,34000,34,34,34,7,272,7,272,34000,34,34000,34,731706,34,2974034,0,135000,135000,2953706,2953706,135000,135000,0,0,0,0,136,136,135,135,926,927,TORN-PERSISTENT
4310,136222,34000,34000,0,0,0,0,0,731706,34,136188,34,138,138,273,1323,2,0,1063,138,138,138,136,136,6,1,34000,34,34,34,7,273,7,273,34000,34,34000,34,731706,34,2982812,0,136000,136000,2975706,2975706,135000,135000,0,0,0,0,137,137,135,135,1326,1327,TORN-PERSISTENT
4320,136463,34000,34000,0,0,0,0,0,731706,34,136429,34,138,138,274,565,1,1000,557,138,138,138,137,137,16,1,34000,34,34,34,7,274,7,274,34000,34,34000,34,731706,34,2988136,0,136000,136000,2975706,2975706,136000,136000,0,0,0,0,137,137,136,136,565,565,CONSISTENT
4330,136767,34000,34000,0,0,0,0,0,731706,34,136733,34,138,138,274,869,1,1000,557,138,138,138,137,137,26,1,34000,34,34,34,7,274,7,274,34000,34,34000,34,731706,34,2994824,0,136000,136000,2975706,2975706,136000,136000,0,0,0,0,137,137,136,136,870,870,CONSISTENT
4340,137162,34000,34000,0,0,0,0,0,731706,34,137128,34,139,139,275,1264,2,0,1012,139,139,139,137,137,6,1,34000,34,34,34,7,275,7,275,34000,34,34000,34,731706,34,3003514,0,137000,137000,2997706,2997706,136000,136000,0,0,0,0,138,138,136,136,1265,1265,CONSISTENT
4350,137545,34000,34000,0,0,0,0,0,731706,34,137511,34,139,139,275,1647,2,0,1012,139,139,139,137,137,16,1,34000,34,34,34,7,275,7,275,34000,34,34000,34,731706,34,3011962,0,137000,137000,2997706,2997706,136000,136000,0,0,0,0,138,138,136,136,1649,1649,CONSISTENT
4360,137707,34000,34000,0,0,0,0,0,731706,34,137673,34,139,139,276,810,1,1000,775,139,139,139,138,138,24,1,34000,34,34,34,7,276,7,276,34000,34,34000,34,731706,34,3015526,0,137000,137000,2997706,2997706,137000,137000,0,0,0,0,138,138,137,137,811,811,CONSISTENT
4370,138099,34000,34000,0,0,0,0,0,731706,34,138065,34,140,140,277,1202,2,0,1044,140,140,140,138,138,4,1,34000,34,34,34,7,277,7,277,34000,34,34000,34,731706,34,3024150,0,138000,138000,3019706,3019706,137000,137000,0,0,0,0,139,139,137,137,1202,1202,CONSISTENT
4380,138481,34000,34000,0,0,0,0,0,731706,34,138447,34,140,140,277,1584,2,0,1044,140,140,140,138,138,14,1,34000,34,34,34,7,277,7,277,34000,34,34000,34,731706,34,3032554,0,138000,138000,3019706,3019706,137000,137000,0,0,0,0,139,139,137,137,1588,1588,CONSISTENT
4390,138685,34000,34000,0,0,0,0,0,731706,34,138651,34,140,140,278,789,1,1000,736,140,140,140,139,139,24,1,34000,34,34,34,7,278,7,278,34000,34,34000,34,731706,34,3037064,0,138000,138000,3019706,3019706,138000,138000,0,0,0,0,139,139,138,138,790,790,CONSISTENT
4400,139033,34000,34000,0,0,0,0,0,731706,34,138999,34,141,141,279,1137,2,0,1068,141,141,141,139,139,0,1,34000,34,34,34,7,279,7,279,34000,34,34000,34,731706,34,3044742,0,139000,139000,3041706,3041706,138000,138000,0,0,0,0,140,140,138,138,1139,1139,CONSISTENT
4410,139411,34000,34000,0,0,0,0,0,731706,34,139377,34,141,141,279,1515,2,0,1068,141,141,141,139,139,10,1,34000,34,34,34,7,279,7,279,34000,34,34000,34,731706,34,3053080,0,139000,139000,3041706,3041706,138000,138000,0,0,0,0,140,140,138,138,1519,1519,CONSISTENT
4420,139613,34000,34000,0,0,0,0,0,731706,34,139579,34,141,141,280,718,1,1000,692,141,141,141,140,140,20,1,34000,34,34,34,7,280,7,280,34000,34,34000,34,731706,34,3057524,0,139000,139000,3041706,3041706,139000,139000,0,0,0,0,140,140,139,139,719,719,CONSISTENT
4430,140003,34000,34000,0,0,0,0,0,731706,34,139969,34,142,142,281,1108,2,0,1021,142,142,142,140,140,2,1,34000,34,34,34,7,281,7,281,34000,34,34000,34,731706,34,3066082,0,140000,140000,3063706,3063706,139000,139000,0,0,0,0,141,141,139,139,1109,1109,CONSISTENT
4440,140343,34000,34000,0,0,0,0,0,731706,34,140309,34,142,142,281,1448,2,0,1021,142,142,142,140,140,10,1,34000,34,34,34,7,281,7,281,34000,34,34000,34,731706,34,3073562,0,140000,140000,3063706,3063706,139000,139000,0,0,0,0,141,141,139,139,1448,1448,CONSISTENT
4450,140550,34000,34000,0,0,0,0,0,731706,34,140516,34,142,142,282,656,1,1000,621,142,142,142,141,141,20,1,34000,34,34,34,7,282,7,282,34000,34,34000,34,731706,34,3078138,0,140000,140000,3063706,3063706,140000,140000,0,0,0,0,141,141,140,140,657,657,CONSISTENT
4460,140937,34000,34000,0,0,0,0,0,731706,34,140903,34,142,142,282,1043,2,1000,621,142,143,142,141,141,30,1,34000,34,34,34,7,282,7,282,34000,34,34000,34,731706,34,3086652,0,141000,141000,3085706,3085706,140000,140000,0,0,0,0,142,142,140,140,1045,1046,TORN-PERSISTENT
4470,141284,34000,34000,0,0,0,0,0,731706,34,141250,34,143,143,283,1390,2,0,1045,143,143,143,141,141,8,1,34000,34,34,34,7,283,7,283,34000,34,34000,34,731706,34,3094286,0,141000,141000,3085706,3085706,140000,140000,0,0,0,0,142,142,140,140,1394,1394,CONSISTENT
4480,141490,34000,34000,0,0,0,0,0,731706,34,141456,34,143,143,284,597,1,1000,562,143,143,143,142,142,18,1,34000,34,34,34,7,284,7,284,34000,34,34000,34,731706,34,3098840,0,141000,141000,3085706,3085706,141000,141000,0,0,0,0,142,142,141,141,601,601,CONSISTENT
4490,141870,34000,34000,0,0,0,0,0,731706,34,141836,34,143,143,284,977,1,1000,562,143,143,143,142,142,28,1,34000,34,34,34,7,284,7,284,34000,34,34000,34,731706,34,3107200,0,141000,141000,3085706,3085706,141000,141000,0,0,0,0,142,142,141,141,977,977,CONSISTENT
4500,142242,34000,34000,0,0,0,0,0,731706,34,142208,34,144,144,285,1349,2,0,1071,144,144,144,142,142,6,1,34000,34,34,34,7,285,7,285,34000,34,34000,34,731706,34,3115384,0,142000,142000,3107706,3107706,141000,141000,0,0,0,0,143,143,141,141,1349,1349,CONSISTENT
4510,142300,34000,34000,0,0,0,0,0,731706,34,142266,34,144,144,286,408,1,1000,351,144,144,144,143,143,16,1,34000,34,34,34,7,286,7,286,34000,34,34000,34,731706,34,3116704,0,142000,142000,3107706,3107706,142000,142000,0,0,0,0,143,143,142,142,412,412,CONSISTENT
4520,142698,34000,34000,0,0,0,0,0,731706,34,142664,34,144,144,286,806,1,1000,351,144,144,144,143,143,26,1,34000,34,34,34,7,286,7,286,34000,34,34000,34,731706,34,3125438,0,142000,142000,3107706,3107706,142000,142000,0,0,0,0,143,143,142,142,807,807,CONSISTENT
4530,143079,34000,34000,0,0,0,0,0,731706,34,143045,34,145,145,287,1187,2,0,1075,145,145,145,143,143,2,1,34000,34,34,34,7,287,7,287,34000,34,34000,34,731706,34,3133820,0,143000,143000,3129706,3129706,142000,142000,0,0,0,0,144,144,142,142,1188,1188,CONSISTENT
4540,143432,34000,34000,0,0,0,0,0,731706,34,143398,34,145,145,287,1540,2,0,1075,145,145,145,143,143,12,1,34000,34,34,34,7,287,7,287,34000,34,34000,34,731706,34,3141586,0,143000,143000,3129706,3129706,142000,142000,0,0,0,0,144,144,142,142,1543,1543,CONSISTENT
4550,143708,34000,34000,0,0,0,0,0,731706,34,143674,34,145,145,288,817,1,1000,806,145,145,145,144,144,22,1,34000,34,34,34,7,288,7,288,34000,34,34000,34,731706,34,3147680,0,143000,143000,3129706,3129706,143000,143000,0,0,0,0,144,144,143,143,817,817,CONSISTENT
4560,143947,34000,34000,0,0,0,0,0,731706,34,143913,34,146,146,289,1056,2,0,1034,146,146,146,144,144,0,1,34000,34,34,34,7,289,7,289,34000,34,34000,34,731706,34,3152938,0,144000,144000,3151706,3151706,143000,143000,0,0,0,0,145,145,143,143,1056,1056,CONSISTENT
4570,144327,34000,34000,0,0,0,0,0,731706,34,144293,34,146,146,289,1436,2,0,1034,146,146,146,144,144,10,1,34000,34,34,34,7,289,7,289,34000,34,34000,34,731706,34,3161298,0,144000,144000,3151706,3151706,143000,143000,0,0,0,0,145,145,143,143,1437,1437,CONSISTENT
4580,144634,34000,34000,0,0,0,0,0,731706,34,144600,34,146,146,290,744,1,1000,737,146,146,146,145,145,20,1,34000,34,34,34,7,290,7,290,34000,34,34000,34,731706,34,3168074,0,144000,144000,3151706,3151706,144000,144000,0,0,0,0,145,145,144,144,744,744,CONSISTENT
4590,144868,34000,34000,0,0,0,0,0,731706,34,144834,34,146,146,290,978,1,1000,737,146,146,146,145,145,30,1,34000,34,34,34,7,290,7,290,34000,34,34000,34,731706,34,3173222,0,144000,144000,3151706,3151706,144000,144000,0,0,0,0,145,145,144,144,980,982,TORN-PERSISTENT
4600,145241,34000,34000,0,0,0,0,0,731706,34,145207,34,147,147,291,1352,2,0,1036,147,147,147,145,145,8,1,34000,34,34,34,7,291,7,291,34000,34,34000,34,731706,34,3181450,0,145000,145000,3173706,3173706,144000,144000,0,0,0,0,146,146,144,144,1354,1354,CONSISTENT
4610,145571,34000,34000,0,0,0,0,0,731706,34,145537,34,147,147,292,682,1,1000,678,147,147,147,146,146,18,1,34000,34,34,34,7,292,7,292,34000,34,34000,34,731706,34,3188710,0,145000,145000,3173706,3173706,145000,145000,0,0,0,0,146,146,145,145,682,682,CONSISTENT
4620,145818,34000,34000,0,0,0,0,0,731706,34,145784,34,147,147,292,929,1,1000,678,147,147,147,146,146,28,1,34000,34,34,34,7,292,7,292,34000,34,34000,34,731706,34,3194144,0,145000,145000,3173706,3173706,145000,145000,0,0,0,0,146,146,145,145,930,930,CONSISTENT
4630,146148,34000,34000,0,0,0,0,0,731706,34,146114,34,148,148,293,1259,2,0,1042,148,148,148,146,146,6,1,34000,34,34,34,7,293,7,293,34000,34,34000,34,731706,34,3201571,0,146000,146000,3195706,3195706,145000,145000,0,0,0,0,147,147,145,145,1259,1259,CONSISTENT
4640,146505,34000,34000,0,0,0,0,0,731706,34,146471,34,148,148,294,617,1,1000,611,148,148,148,147,147,16,1,34000,34,34,34,7,294,7,294,34000,34,34000,34,731706,34,3209805,0,146000,146000,3195706,3195706,146000,146000,0,0,0,0,147,147,146,146,617,617,CONSISTENT
4650,146720,34000,34000,0,0,0,0,0,731706,34,146686,34,148,148,294,832,1,1000,611,148,148,148,147,147,26,1,34000,34,34,34,7,294,7,294,34000,34,34000,34,731706,34,3214750,0,146000,146000,3195706,3195706,146000,146000,0,0,0,0,147,147,146,146,832,832,CONSISTENT
4660,147093,34000,34000,0,0,0,0,0,731706,34,147059,34,149,149,295,1205,2,0,1033,149,149,149,147,147,4,1,34000,34,34,34,7,295,7,295,34000,34,34000,34,731706,34,3223329,0,147000,147000,3218614,3218614,146000,146000,0,0,0,0,148,148,146,146,1208,1208,CONSISTENT
4670,147434,34000,34000,0,0,0,0,0,731706,34,147400,34,149,149,295,1546,2,0,1033,149,149,149,147,147,14,1,34000,34,34,34,7,295,7,295,34000,34,34000,34,731706,34,3231172,0,147000,147000,3218614,3218614,146000,146000,0,0,0,0,148,148,146,146,1546,1546,CONSISTENT
4680,147628,34000,34000,0,0,0,0,0,731706,34,147594,34,149,149,296,741,1,1000,583,149,149,149,148,148,24,1,34000,34,34,34,7,296,7,296,34000,34,34000,34,731706,34,3235657,0,147000,147000,3218614,3218614,147000,147000,0,0,0,0,148,148,147,147,741,741,CONSISTENT
4690,147993,34000,34000,0,0,0,0,0,731706,34,147959,34,150,150,297,1106,2,0,1020,150,150,150,148,148,2,1,34000,34,34,34,7,297,7,297,34000,34,34000,34,731706,34,3244052,0,148000,148000,3241614,3241614,147000,147000,0,0,0,0,149,149,147,147,1106,1106,CONSISTENT
4700,148374,34000,34000,0,0,0,0,0,731706,34,148340,34,150,150,297,1487,2,0,1020,150,150,150,148,148,12,1,34000,34,34,34,7,297,7,297,34000,34,34000,34,731706,34,3252815,0,148000,148000,3241614,3241614,147000,147000,0,0,0,0,149,149,147,147,1487,1487,CONSISTENT
4710,148530,34000,34000,0,0,0,0,0,731706,34,148496,34,150,150,298,644,1,1000,508,150,150,150,149,149,20,1,34000,34,34,34,7,298,7,298,34000,34,34000,34,731706,34,3256426,0,148000,148000,3241614,3241614,148000,148000,0,0,0,0,149,149,148,148,647,648,TORN-PERSISTENT
4720,148907,34000,34000,0,0,0,0,0,731706,34,148873,34,150,150,298,1021,2,1000,508,150,151,150,149,149,30,1,34000,34,34,34,7,298,7,298,34000,34,34000,34,731706,34,3265097,0,149000,149000,3264614,3264614,148000,148000,0,0,0,0,150,150,148,148,1023,1023,CONSISTENT
4730,149277,34000,34000,0,0,0,0,0,731706,34,149243,34,151,151,299,1391,2,0,1024,151,151,151,149,149,10,1,34000,34,34,34,7,299,7,299,34000,34,34000,34,731706,34,3273607,0,149000,149000,3264614,3264614,148000,148000,0,0,0,0,150,150,148,148,1394,1394,CONSISTENT
4740,149434,34000,34000,0,0,0,0,0,731706,34,149400,34,151,151,300,549,1,1000,495,151,151,151,150,150,18,1,34000,34,34,34,7,300,7,300,34000,34,34000,34,731706,34,3277241,0,149000,149000,3264614,3264614,149000,149000,0,0,0,0,150,150,149,149,549,549,CONSISTENT
4750,149816,34000,34000,0,0,0,0,0,731706,34,149782,34,151,151,300,931,1,1000,495,151,151,151,150,150,28,1,34000,34,34,34,7,300,7,300,34000,34,34000,34,731706,34,3286027,0,149000,149000,3264614,3264614,149000,149000,0,0,0,0,150,150,149,149,931,931,CONSISTENT
4760,150184,34000,34000,0,0,0,0,0,731706,34,150150,34,152,152,301,1299,2,0,1008,152,152,152,150,150,6,1,34000,34,34,34,7,301,7,301,34000,34,34000,34,731706,34,3294491,0,150000,150000,3287614,3287614,149000,149000,0,0,0,0,151,151,149,149,1300,1300,CONSISTENT
4770,150560,34000,34000,0,0,0,0,0,731706,34,150526,34,152,152,301,1675,2,0,1008,152,152,152,150,150,16,1,34000,34,34,34,7,301,7,301,34000,34,34000,34,731706,34,3303139,0,150000,150000,3287614,3287614,149000,149000,0,0,0,0,151,151,149,149,1677,1677,CONSISTENT
4780,150897,34000,34000,0,0,0,0,0,731706,34,150863,34,152,152,301,2012,3,0,1008,152,153,152,150,150,26,1,34000,34,34,34,7,301,7,301,34000,34,34000,34,731706,34,3310890,0,151000,151000,3310614,3310614,149000,149000,0,0,0,0,152,152,149,149,2014,2015,TORN-PERSISTENT
4790,151091,34000,34000,0,0,0,0,0,731706,34,151057,34,153,153,303,1207,2,1000,1045,153,153,153,151,151,8,1,34000,34,34,34,7,303,7,303,34000,34,34000,34,731706,34,3315375,0,151000,151000,3310614,3310614,150000,150000,0,0,0,0,152,152,150,150,1207,1207,CONSISTENT
4800,151348,34000,34000,0,0,0,0,0,731706,34,151314,34,153,153,304,465,1,1000,456,153,153,153,152,152,18,1,34000,34,34,34,7,304,7,304,34000,34,34000,34,731706,34,3321309,0,151000,151000,3310614,3310614,151000,151000,0,0,0,0,152,152,151,151,465,465,CONSISTENT
4810,151614,34000,34000,0,0,0,0,0,731706,34,151580,34,153,153,304,731,1,1000,456,153,153,153,152,152,28,1,34000,34,34,34,7,304,7,304,34000,34,34000,34,731706,34,3327427,0,151000,151000,3310614,3310614,151000,151000,0,0,0,0,152,152,151,151,732,733,TORN-PERSISTENT
4820,151954,34000,34000,0,0,0,0,0,731706,34,151920,34,154,154,305,1071,2,0,1047,154,154,154,152,152,0,1,34000,34,34,34,7,305,7,305,34000,34,34000,34,731706,34,3335270,0,152000,152000,3333614,3333614,151000,151000,0,0,0,0,153,153,151,151,1072,1072,CONSISTENT
4830,152310,34000,34000,0,0,0,0,0,731706,34,152276,34,154,154,305,1427,2,0,1047,154,154,154,152,152,10,1,34000,34,34,34,7,305,7,305,34000,34,34000,34,731706,34,3343458,0,152000,152000,3333614,3333614,151000,151000,0,0,0,0,153,153,151,151,1428,1428,CONSISTENT
4840,152644,34000,34000,0,0,0,0,0,731706,34,152610,34,154,154,305,1761,2,0,1047,154,154,154,152,152,20,1,34000,34,34,34,7,305,7,305,34000,34,34000,34,731706,34,3351117,0,152000,152000,3333614,3333614,151000,151000,0,0,0,0,153,153,151,151,1764,1764,CONSISTENT
4850,152841,34000,34000,0,0,0,0,0,731706,34,152807,34,154,154,306,959,1,1000,925,154,154,154,153,153,30,1,34000,34,34,34,7,306,7,306,34000,34,34000,34,731706,34,3355671,0,152000,152000,3333614,3333614,152000,152000,0,0,0,0,153,153,152,152,960,960,CONSISTENT
4860,153181,34000,34000,0,0,0,0,0,731706,34,153147,34,155,155,307,1299,2,0,1067,155,155,155,153,153,6,1,34000,34,34,34,7,307,7,307,34000,34,34000,34,731706,34,3363491,0,153000,153000,3356614,3356614,152000,152000,0,0,0,0,154,154,152,152,1300,1300,CONSISTENT
4870,153550,34000,34000,0,0,0,0,0,731706,34,153516,34,155,155,307,1668,2,0,1067,155,155,155,153,153,16,1,34000,34,34,34,7,307,7,307,34000,34,34000,34,731706,34,3371978,0,153000,153000,3356614,3356614,152000,152000,0,0,0,0,154,154,152,152,1673,1673,CONSISTENT
4880,153749,34000,34000,0,0,0,0,0,731706,34,153715,34,155,155,308,868,1,1000,864,155,155,155,154,154,26,1,34000,34,34,34,7,308,7,308,34000,34,34000,34,731706,34,3376578,0,153000,153000,3356614,3356614,153000,153000,0,0,0,0,154,154,153,153,868,868,CONSISTENT
4890,154122,34000,34000,0,0,0,0,0,731706,34,154088,34,156,156,309,1241,2,0,1055,156,156,156,154,154,4,1,34000,34,34,34,7,309,7,309,34000,34,34000,34,731706,34,3385157,0,154000,154000,3379614,3379614,153000,153000,0,0,0,0,155,155,153,153,1243,1246,TORN-PERSISTENT
4900,154462,34000,34000,0,0,0,0,0,731706,34,154428,34,156,156,309,1581,2,0,1055,156,156,156,154,154,14,1,34000,34,34,34,7,309,7,309,34000,34,34000,34,731706,34,3392977,0,154000,154000,3379614,3379614,153000,153000,0,0,0,0,155,155,153,153,1585,1585,CONSISTENT
4910,154712,34000,34000,0,0,0,0,0,731706,34,154678,34,156,156,310,832,1,1000,825,156,156,156,155,155,24,1,34000,34,34,34,7,310,7,310,34000,34,34000,34,731706,34,3398750,0,154000,154000,3379614,3379614,154000,154000,0,0,0,0,155,155,154,154,832,832,CONSISTENT
4920,155035,34000,34000,0,0,0,0,0,731706,34,155001,34,157,157,311,1155,2,0,1061,157,157,157,155,155,2,1,34000,34,34,34,7,311,7,311,34000,34,34000,34,731706,34,3406179,0,155000,155000,3402614,3402614,154000,154000,0,0,0,0,156,156,154,154,1155,1155,CONSISTENT
4930,155413,34000,34000,0,0,0,0,0,731706,34,155379,34,157,157,311,1533,2,0,1061,157,157,157,155,155,12,1,34000,34,34,34,7,311,7,311,34000,34,34000,34,731706,34,3414896,0,155000,155000,3402614,3402614,154000,154000,0,0,0,0,156,156,154,154,1538,1539,TORN-PERSISTENT
4940,155665,34000,34000,0,0,0,0,0,731706,34,155631,34,157,157,312,786,1,1000,780,157,157,157,156,156,22,1,34000,34,34,34,7,312,7,312,34000,34,34000,34,731706,34,3420692,0,155000,155000,3402614,3402614,155000,155000,0,0,0,0,156,156,155,155,786,786,CONSISTENT
4950,155951,34000,34000,0,0,0,0,0,731706,34,155917,34,158,158,313,1072,2,0,1064,158,158,158,156,156,0,1,34000,34,34,34,7,313,7,313,34000,34,34000,34,731706,34,3427270,0,156000,156000,3425614,3425614,155000,155000,0,0,0,0,157,157,155,155,1072,1072,CONSISTENT
4960,156337,34000,34000,0,0,0,0,0,731706,34,156303,34,158,158,313,1458,2,0,1064,158,158,158,156,156,10,1,34000,34,34,34,7,313,7,313,34000,34,34000,34,731706,34,3436148,0,156000,156000,3425614,3425614,155000,155000,0,0,0,0,157,157,155,155,1458,1458,CONSISTENT
4971,156566,34000,34000,0,0,0,0,0,731706,34,156532,34,158,158,314,688,1,1000,682,158,158,158,157,157,20,1,34000,34,34,34,7,314,7,314,34000,34,34000,34,731706,34,3441438,0,156000,156000,3425614,3425614,156000,156000,0,0,0,0,157,157,156,156,688,688,CONSISTENT
4980,156887,34000,34000,0,0,0,0,0,731706,34,156853,34,158,158,314,1009,2,1000,682,158,159,158,157,157,28,1,34000,34,34,34,7,314,7,314,34000,34,34000,34,731706,34,3448821,0,157000,157000,3448614,3448614,156000,156000,0,0,0,0,158,158,156,156,1011,1011,CONSISTENT
4990,157272,34000,34000,0,0,0,0,0,731706,34,157238,34,159,159,315,1394,2,0,1023,159,159,159,157,157,8,1,34000,34,34,34,7,315,7,315,34000,34,34000,34,731706,34,3457699,0,157000,157000,3448614,3448614,156000,156000,0,0,0,0,158,158,156,156,1395,1395,CONSISTENT
5000,157494,34000,34000,0,0,0,0,0,731706,34,157460,34,159,159,316,617,1,1000,610,159,159,159,158,158,20,1,34000,34,34,34,7,316,7,316,34000,34,34000,34,731706,34,3462805,0,157000,157000,3448614,3448614,157000,157000,0,0,0,0,158,158,157,157,617,617,CONSISTENT
5010,157822,34000,34000,0,0,0,0,0,731706,34,157788,34,159,159,316,945,1,1000,610,159,159,159,158,158,28,1,34000,34,34,34,7,316,7,316,34000,34,34000,34,731706,34,3470349,0,157000,157000,3448614,3448614,157000,157000,0,0,0,0,158,158,157,157,946,947,TORN-PERSISTENT
5020,158215,34000,34000,0,0,0,0,0,731706,34,158181,34,160,160,317,1338,2,0,1046,160,160,160,158,158,6,1,34000,34,34,34,7,317,7,317,34000,34,34000,34,731706,34,3479388,0,158000,158000,3471614,3471614,157000,157000,0,0,0,0,159,159,157,157,1339,1339,CONSISTENT
5030,158429,34000,34000,0,0,0,0,0,731706,34,158395,34,160,160,318,553,1,1000,551,160,160,160,159,159,16,1,34000,34,34,34,7,318,7,318,34000,34,34000,34,731706,34,3484333,0,158000,158000,3471614,3471614,158000,158000,0,0,0,0,159,159,158,158,553,553,CONSISTENT
5040,158801,34000,34000,0,0,0,0,0,731706,34,158767,34,160,160,318,925,1,1000,551,160,160,160,159,159,26,1,34000,34,34,34,7,318,7,318,34000,34,34000,34,731706,34,3492889,0,158000,158000,3471614,3471614,158000,158000,0,0,0,0,159,159,158,158,929,929,CONSISTENT
5050,159156,34000,34000,0,0,0,0,0,731706,34,159122,34,161,161,319,1280,2,0,1008,161,161,161,159,159,6,1,34000,34,34,34,7,319,7,319,34000,34,34000,34,731706,34,3501054,0,159000,159000,3494614,3494614,158000,158000,0,0,0,0,160,160,158,158,1281,1281,CONSISTENT
5060,159549,34000,34000,0,0,0,0,0,731706,34,159515,34,161,161,319,1673,2,0,1008,161,161,161,159,159,16,1,34000,34,34,34,7,319,7,319,34000,34,34000,34,731706,34,3510093,0,159000,159000,3494614,3494614,158000,158000,0,0,0,0,160,160,158,158,1673,1673,CONSISTENT
5070,159912,34000,34000,0,0,0,0,0,731706,34,159878,34,161,161,320,1037,2,1000,1025,162,162,161,160,160,26,1,34000,34,34,34,8,320,8,320,34000,34,34000,34,731706,34,3518465,0,160000,160000,3517614,3517614,159000,159000,0,0,0,0,161,161,159,159,1037,1037,CONSISTENT
5080,160138,34000,34000,0,0,0,0,0,731706,34,160104,34,162,162,321,1263,2,0,1037,162,162,162,160,160,8,1,34000,34,34,34,8,321,8,321,34000,34,34000,34,731706,34,3523663,0,160000,160000,3517614,3517614,159000,159000,0,0,0,0,161,161,159,159,1264,1264,CONSISTENT
5090,160318,34000,34000,0,0,0,0,0,731706,34,160284,34,162,162,322,444,1,1000,439,162,162,162,161,161,18,1,34000,34,34,34,8,322,8,322,34000,34,34000,34,731706,34,3527826,0,160000,160000,3517614,3517614,160000,160000,0,0,0,0,161,161,160,160,444,444,CONSISTENT
5100,160691,34000,34000,0,0,0,0,0,731706,34,160657,34,162,162,322,817,1,1000,439,162,162,162,161,161,28,1,34000,34,34,34,8,322,8,322,34000,34,34000,34,731706,34,3536405,0,160000,160000,3517614,3517614,160000,160000,0,0,0,0,161,161,160,160,817,817,CONSISTENT
5110,160965,34000,34000,0,0,0,0,0,731706,34,160931,34,163,163,323,1091,2,0,1052,163,163,163,161,161,0,1,34000,34,34,34,8,323,8,323,34000,34,34000,34,731706,34,3542707,0,161000,161000,3540614,3540614,160000,160000,0,0,0,0,162,162,160,160,1094,1094,CONSISTENT
5120,161354,34000,34000,0,0,0,0,0,731706,34,161320,34,163,163,323,1481,2,0,1052,163,163,163,161,161,10,1,34000,34,34,34,8,323,8,323,34000,34,34000,34,731706,34,3551677,0,161000,161000,3540614,3540614,160000,160000,0,0,0,0,162,162,160,160,1482,1484,TORN-PERSISTENT
5130,161581,34000,34000,0,0,0,0,0,731706,34,161547,34,163,163,324,708,1,1000,699,163,163,163,162,162,20,1,34000,34,34,34,8,324,8,324,34000,34,34000,34,731706,34,3556898,0,161000,161000,3540614,3540614,161000,161000,0,0,0,0,162,162,161,161,708,708,CONSISTENT
5140,161902,34000,34000,0,0,0,0,0,731706,34,161868,34,164,164,325,1029,2,0,1011,164,164,164,162,162,0,1,34000,34,34,34,8,325,8,325,34000,34,34000,34,731706,34,3564304,0,162000,162000,3563614,3563614,161000,161000,0,0,0,0,163,163,161,161,1032,1035,TORN-PERSISTENT
5150,162296,34000,34000,0,0,0,0,0,731706,34,162262,34,164,164,325,1423,2,0,1011,164,164,164,162,162,10,1,34000,34,34,34,8,325,8,325,34000,34,34000,34,731706,34,3573343,0,162000,162000,3563614,3563614,161000,161000,0,0,0,0,163,163,161,161,1423,1423,CONSISTENT
5160,162516,34000,34000,0,0,0,0,0,731706,34,162482,34,164,164,326,644,1,1000,635,164,164,164,163,163,20,1,34000,34,34,34,8,326,8,326,34000,34,34000,34,731706,34,3578426,0,162000,162000,3563614,3563614,162000,162000,0,0,0,0,163,163,162,162,644,644,CONSISTENT
5170,162849,34000,34000,0,0,0,0,0,731706,34,162815,34,164,164,326,977,1,1000,635,164,164,164,163,163,30,1,34000,34,34,34,8,326,8,326,34000,34,34000,34,731706,34,3586108,0,162000,162000,3563614,3563614,162000,162000,0,0,0,0,163,163,162,162,979,979,CONSISTENT
5180,163240,34000,34000,0,0,0,0,0,731706,34,163206,34,165,165,327,1368,2,0,1048,165,165,165,163,163,8,1,34000,34,34,34,8,327,8,327,34000,34,34000,34,731706,34,3595078,0,163000,163000,3586614,3586614,162000,162000,0,0,0,0,164,164,162,162,1369,1370,TORN-PERSISTENT
5190,163446,34000,34000,0,0,0,0,0,731706,34,163412,34,165,165,328,575,1,1000,568,165,165,165,164,164,18,1,34000,34,34,34,8,328,8,328,34000,34,34000,34,731706,34,3599839,0,163000,163000,3586614,3586614,163000,163000,0,0,0,0,164,164,163,163,575,575,CONSISTENT
5200,163818,34000,34000,0,0,0,0,0,731706,34,163784,34,165,165,328,947,1,1000,568,165,165,165,164,164,28,1,34000,34,34,34,8,328,8,328,34000,34,34000,34,731706,34,3608395,0,163000,163000,3586614,3586614,163000,163000,0,0,0,0,164,164,163,163,951,953,TORN-PERSISTENT
5210,164175,34000,34000,0,0,0,0,0,731706,34,164141,34,166,166,329,1304,2,0,1003,166,166,166,164,164,6,1,34000,34,34,34,8,329,8,329,34000,34,34000,34,731706,34,3616606,0,164000,164000,3609614,3609614,163000,163000,0,0,0,0,165,165,163,163,1304,1304,CONSISTENT
5220,164556,34000,34000,0,0,0,0,0,731706,34,164522,34,166,166,329,1685,2,0,1003,166,166,166,164,164,18,1,34000,34,34,34,8,329,8,329,34000,34,34000,34,731706,34,3625369,0,164000,164000,3609614,3609614,163000,163000,0,0,0,0,165,165,163,163,1685,1685,CONSISTENT
5230,164768,34000,34000,0,0,0,0,0,731706,34,164734,34,166,166,330,898,1,1000,717,166,166,166,165,165,28,1,34000,34,34,34,8,330,8,330,34000,34,34000,34,731706,34,3630268,0,164000,164000,3609614,3609614,164000,164000,0,0,0,0,165,165,164,164,901,901,CONSISTENT
5240,165156,34000,34000,0,0,0,0,0,731706,34,165122,34,167,167,331,1286,2,0,1036,167,167,167,165,165,6,1,34000,34,34,34,8,331,8,331,34000,34,34000,34,731706,34,3639192,0,165000,165000,3632614,3632614,164000,164000,0,0,0,0,166,166,164,164,1287,1287,CONSISTENT
5250,165504,34000,34000,0,0,0,0,0,731706,34,165470,34,167,167,331,1634,2,0,1036,167,167,167,165,165,14,1,34000,34,34,34,8,331,8,331,34000,34,34000,34,731706,34,3647196,0,165000,165000,3632614,3632614,164000,164000,0,0,0,0,166,166,164,164,1635,1635,CONSISTENT
5260,165878,34000,34000,0,0,0,0,0,731706,34,165844,34,167,167,332,1009,2,1000,1006,168,168,167,166,166,25,1,34000,34,34,34,9,332,9,332,34000,34,34000,34,731706,34,3655821,0,166000,166000,3655614,3655614,165000,165000,0,0,0,0,167,167,165,165,1009,1009,CONSISTENT
5270,166091,34000,34000,0,0,0,0,0,731706,34,166057,34,168,168,333,1222,2,0,1009,168,168,168,166,166,8,1,34000,34,34,34,9,333,9,333,34000,34,34000,34,731706,34,3660720,0,166000,166000,3655614,3655614,165000,165000,0,0,0,0,167,167,165,165,1223,1223,CONSISTENT
5280,166294,34000,34000,0,0,0,0,0,731706,34,166260,34,168,168,334,426,1,1000,375,168,168,168,167,167,20,1,34000,34,34,34,9,334,9,334,34000,34,34000,34,731706,34,3665435,0,166000,166000,3655614,3655614,166000,166000,0,0,0,0,167,167,166,166,427,427,CONSISTENT
5290,166679,34000,34000,0,0,0,0,0,731706,34,166645,34,168,168,334,811,1,1000,375,168,168,168,167,167,30,1,34000,34,34,34,9,334,9,334,34000,34,34000,34,731706,34,3674267,0,166000,166000,3655614,3655614,166000,166000,0,0,0,0,167,167,166,166,811,811,CONSISTENT
5300,167029,34000,34000,0,0,0,0,0,731706,34,166995,34,169,169,335,1161,2,0,1022,169,169,169,167,167,2,1,34000,34,34,34,9,335,9,335,34000,34,34000,34,731706,34,3682340,0,167000,167000,3678614,3678614,166000,166000,0,0,0,0,168,168,166,166,1163,1163,CONSISTENT
5310,167411,34000,34000,0,0,0,0,0,731706,34,167377,34,169,169,335,1543,2,0,1022,169,169,169,167,167,12,1,34000,34,34,34,9,335,9,335,34000,34,34000,34,731706,34,3691103,0,167000,167000,3678614,3678614,166000,166000,0,0,0,0,168,168,166,166,1543,1543,CONSISTENT
5320,167748,34000,34000,0,0,0,0,0,731706,34,167714,34,169,169,336,881,1,1000,867,169,169,169,168,168,22,1,34000,34,34,34,9,336,9,336,34000,34,34000,34,731706,34,3698877,0,167000,167000,3678614,3678614,167000,167000,0,0,0,0,168,168,167,167,881,881,CONSISTENT
5330,168005,34000,34000,0,0,0,0,0,731706,34,167971,34,170,170,337,1138,2,0,1065,170,170,170,168,168,2,1,34000,34,34,34,9,337,9,337,34000,34,34000,34,731706,34,3704788,0,168000,168000,3701614,3701614,167000,167000,0,0,0,0,169,169,167,167,1138,1138,CONSISTENT
5340,168358,34000,34000,0,0,0,0,0,731706,34,168324,34,170,170,337,1491,2,0,1065,170,170,170,168,168,10,1,34000,34,34,34,9,337,9,337,34000,34,34000,34,731706,34,3712907,0,168000,168000,3701614,3701614,167000,167000,0,0,0,0,169,169,167,167,1496,1496,CONSISTENT
5350,168666,34000,34000,0,0,0,0,0,731706,34,168632,34,170,170,338,800,1,1000,792,170,170,170,169,169,20,1,34000,34,34,34,9,338,9,338,34000,34,34000,34,731706,34,3720014,0,168000,168000,3701614,3701614,168000,168000,0,0,0,0,169,169,168,168,800,800,CONSISTENT
5360,168957,34000,34000,0,0,0,0,0,731706,34,168923,34,171,171,339,1091,2,0,1024,171,171,171,169,169,0,1,34000,34,34,34,9,339,9,339,34000,34,34000,34,731706,34,3726730,0,169000,169000,3724614,3724614,168000,168000,0,0,0,0,170,170,168,168,1092,1092,CONSISTENT
5370,169339,34000,34000,0,0,0,0,0,731706,34,169305,34,171,171,339,1473,2,0,1024,171,171,171,169,169,10,1,34000,34,34,34,9,339,9,339,34000,34,34000,34,731706,34,3735493,0,169000,169000,3724614,3724614,168000,168000,0,0,0,0,170,170,168,168,1473,1473,CONSISTENT
5380,169598,34000,34000,0,0,0,0,0,731706,34,169564,34,171,171,340,733,1,1000,726,171,171,171,170,170,20,1,34000,34,34,34,9,340,9,340,34000,34,34000,34,731706,34,3741473,0,169000,169000,3724614,3724614,169000,169000,0,0,0,0,170,170,169,169,733,733,CONSISTENT
5390,169891,34000,34000,0,0,0,0,0,731706,34,169857,34,171,171,340,1026,2,1000,726,171,172,171,170,170,30,1,34000,34,34,34,9,340,9,340,34000,34,34000,34,731706,34,3748212,0,170000,170000,3747614,3747614,169000,169000,0,0,0,0,171,171,169,169,1028,1028,CONSISTENT
5400,170273,34000,34000,0,0,0,0,0,731706,34,170239,34,172,172,341,1408,2,0,1135,172,172,172,170,170,6,1,34000,34,34,34,9,341,9,341,34000,34,34000,34,731706,34,3756998,0,170000,170000,3747614,3747614,169000,169000,0,0,0,0,171,171,169,169,1408,1408,CONSISTENT
5410,170366,34000,34000,0,0,0,0,0,731706,34,170332,34,172,172,342,502,1,1000,433,172,172,172,171,171,16,1,34000,34,34,34,9,342,9,342,34000,34,34000,34,731706,34,3759160,0,170000,170000,3747614,3747614,170000,170000,0,0,0,0,171,171,170,170,506,506,CONSISTENT
5420,170720,34000,34000,0,0,0,0,0,731706,34,170686,34,172,172,342,856,1,1000,433,172,172,172,171,171,26,1,34000,34,34,34,9,342,9,342,34000,34,34000,34,731706,34,3767302,0,170000,170000,3747614,3747614,170000,170000,0,0,0,0,171,171,170,170,859,860,TORN-PERSISTENT
5430,171109,34000,34000,0,0,0,0,0,731706,34,171075,34,173,173,343,1246,2,0,1058,173,173,173,171,171,3,1,34000,34,34,34,9,343,9,343,34000,34,34000,34,731706,34,3776272,0,171000,171000,3770614,3770614,170000,170000,0,0,0,0,172,172,170,170,1247,1247,CONSISTENT
5440,171499,34000,34000,0,0,0,0,0,731706,34,171465,34,173,173,343,1635,2,0,1058,173,173,173,171,171,14,1,34000,34,34,34,9,343,9,343,34000,34,34000,34,731706,34,3785219,0,171000,171000,3770614,3770614,170000,170000,0,0,0,0,172,172,170,170,1636,1636,CONSISTENT
5450,171771,34000,34000,0,0,0,0,0,731706,34,171737,34,173,173,344,908,1,1000,902,173,173,173,172,172,24,1,34000,34,34,34,9,344,9,344,34000,34,34000,34,731706,34,3791498,0,171000,171000,3770614,3770614,171000,171000,0,0,0,0,172,172,171,171,908,908,CONSISTENT
5460,172048,34000,34000,0,0,0,0,0,731706,34,172014,34,174,174,345,1185,2,0,1014,174,174,174,172,172,4,1,34000,34,34,34,9,345,9,345,34000,34,34000,34,731706,34,3797869,0,172000,172000,3793614,3793614,171000,171000,0,0,0,0,173,173,171,171,1188,1190,TORN-PERSISTENT
5470,172438,34000,34000,0,0,0,0,0,731706,34,172404,34,174,174,345,1575,2,0,1014,174,174,174,172,172,14,1,34000,34,34,34,9,345,9,345,34000,34,34000,34,731706,34,3806839,0,172000,172000,3793614,3793614,171000,171000,0,0,0,0,173,173,171,171,1576,1576,CONSISTENT
5480,172701,34000,34000,0,0,0,0,0,731706,34,172667,34,174,174,346,839,1,1000,838,174,174,174,173,173,24,1,34000,34,34,34,9,346,9,346,34000,34,34000,34,731706,34,3812911,0,172000,172000,3793614,3793614,172000,172000,0,0,0,0,173,173,172,172,839,839,CONSISTENT
5490,173026,34000,34000,0,0,0,0,0,731706,34,172992,34,175,175,347,1164,2,0,1053,175,175,175,173,173,2,1,34000,34,34,34,9,347,9,347,34000,34,34000,34,731706,34,3820386,0,173000,173000,3816614,3816614,172000,172000,0,0,0,0,174,174,172,172,1166,1167,TORN-PERSISTENT
5500,173380,34000,34000,0,0,0,0,0,731706,34,173346,34,175,175,347,1518,2,0,1053,175,175,175,173,173,12,1,34000,34,34,34,9,347,9,347,34000,34,34000,34,731706,34,3828528,0,173000,173000,3816614,3816614,172000,172000,0,0,0,0,174,174,172,172,1520,1521,TORN-PERSISTENT
5510,173648,34000,34000,0,0,0,0,0,731706,34,173614,34,175,175,348,787,1,1000,780,175,175,175,174,174,22,1,34000,34,34,34,9,348,9,348,34000,34,34000,34,731706,34,3834715,0,173000,173000,3816614,3816614,173000,173000,0,0,0,0,174,174,173,173,787,787,CONSISTENT
5520,173970,34000,34000,0,0,0,0,0,731706,34,173936,34,176,176,349,1109,2,0,1009,176,176,176,174,174,2,1,34000,34,34,34,9,349,9,349,34000,34,34000,34,731706,34,3842121,0,174000,174000,3839614,3839614,173000,173000,0,0,0,0,175,175,173,173,1110,1110,CONSISTENT
5530,174358,34000,34000,0,0,0,0,0,731706,34,174324,34,176,176,349,1497,2,0,1009,176,176,176,174,174,12,1,34000,34,34,34,9,349,9,349,34000,34,34000,34,731706,34,3851045,0,174000,174000,3839614,3839614,173000,173000,0,0,0,0,175,175,173,173,1500,1500,CONSISTENT
5540,174581,34000,34000,0,0,0,0,0,731706,34,174547,34,176,176,350,721,1,1000,713,176,176,176,175,175,20,1,34000,34,34,34,9,350,9,350,34000,34,34000,34,731706,34,3856197,0,174000,174000,3839614,3839614,174000,174000,0,0,0,0,175,175,174,174,721,721,CONSISTENT
5550,174912,34000,34000,0,0,0,0,0,731706,34,174878,34,177,177,351,1052,2,0,1049,177,177,177,175,175,0,1,34000,34,34,34,9,351,9,351,34000,34,34000,34,731706,34,3863810,0,175000,175000,3862614,3862614,174000,174000,0,0,0,0,176,176,174,174,1055,1055,CONSISTENT
5560,175303,34000,34000,0,0,0,0,0,731706,34,175269,34,177,177,351,1443,2,0,1049,177,177,177,175,175,10,1,34000,34,34,34,9,351,9,351,34000,34,34000,34,731706,34,3872803,0,175000,175000,3862614,3862614,174000,174000,0,0,0,0,176,176,174,174,1447,1447,CONSISTENT
5570,175504,34000,34000,0,0,0,0,0,731706,34,175470,34,177,177,352,645,1,1000,632,177,177,177,176,176,20,1,34000,34,34,34,9,352,9,352,34000,34,34000,34,731706,34,3877449,0,175000,175000,3862614,3862614,175000,175000,0,0,0,0,176,176,175,175,646,646,CONSISTENT
5580,175854,34000,34000,0,0,0,0,0,731706,34,175820,34,177,177,352,995,1,1000,632,177,177,177,176,176,28,1,34000,34,34,34,9,352,9,352,34000,34,34000,34,731706,34,3885499,0,175000,175000,3862614,3862614,175000,175000,0,0,0,0,176,176,175,175,1000,1000,CONSISTENT
5590,176248,34000,34000,0,0,0,0,0,731706,34,176214,34,178,178,353,1389,2,0,1003,178,178,178,176,176,10,1,34000,34,34,34,9,353,9,353,34000,34,34000,34,731706,34,3894561,0,176000,176000,3885614,3885614,175000,175000,0,0,0,0,177,177,175,175,1389,1389,CONSISTENT
5600,176450,34000,34000,0,0,0,0,0,731706,34,176416,34,178,178,354,592,1,1000,563,178,178,178,177,177,20,1,34000,34,34,34,9,354,9,354,34000,34,34000,34,731706,34,3899230,0,176000,176000,3885614,3885614,176000,176000,0,0,0,0,177,177,176,176,594,594,CONSISTENT
5610,176837,34000,34000,0,0,0,0,0,731706,34,176803,34,178,178,354,979,1,1000,563,178,178,178,177,177,30,1,34000,34,34,34,9,354,9,354,34000,34,34000,34,731706,34,3908131,0,176000,176000,3885614,3885614,176000,176000,0,0,0,0,177,177,176,176,980,980,CONSISTENT
5620,177182,34000,34000,0,0,0,0,0,731706,34,177148,34,179,179,355,1324,2,0,1051,179,179,179,177,177,6,1,34000,34,34,34,9,355,9,355,34000,34,34000,34,731706,34,3916066,0,177000,177000,3908614,3908614,176000,176000,0,0,0,0,178,178,176,176,1324,1324,CONSISTENT
5630,177563,34000,34000,0,0,0,0,0,731706,34,177529,34,179,179,355,1705,2,0,1051,179,179,179,177,177,16,1,34000,34,34,34,9,355,9,355,34000,34,34000,34,731706,34,3924829,0,177000,177000,3908614,3908614,176000,176000,0,0,0,0,178,178,176,176,1708,1708,CONSISTENT
5640,177840,34000,34000,0,0,0,0,0,731706,34,177806,34,179,179,356,983,1,1000,975,179,179,179,178,178,26,1,34000,34,34,34,9,356,9,356,34000,34,34000,34,731706,34,3931223,0,177000,177000,3908614,3908614,177000,177000,0,0,0,0,178,178,177,177,983,983,CONSISTENT
5650,178154,34000,34000,0,0,0,0,0,731706,34,178120,34,180,180,357,1297,2,0,1072,180,180,180,178,178,6,1,34000,34,34,34,9,357,9,357,34000,34,34000,34,731706,34,3938445,0,178000,178000,3931614,3931614,177000,177000,0,0,0,0,179,179,177,177,1301,1301,CONSISTENT
5660,178382,34000,34000,0,0,0,0,0,731706,34,178348,34,180,180,358,526,1,1000,515,180,180,180,179,179,16,1,34000,34,34,34,9,358,9,358,34000,34,34000,34,731706,34,3943712,0,178000,178000,3931614,3931614,178000,178000,0,0,0,0,179,179,178,178,526,526,CONSISTENT
5670,178715,34000,34000,0,0,0,0,0,731706,34,178681,34,180,180,358,859,1,1000,515,180,180,180,179,179,24,1,34000,34,34,34,9,358,9,358,34000,34,34000,34,731706,34,3951371,0,178000,178000,3931614,3931614,178000,178000,0,0,0,0,179,179,178,178,860,860,CONSISTENT
5680,179106,34000,34000,0,0,0,0,0,731706,34,179072,34,181,181,359,1250,2,0,1044,181,181,181,179,179,4,1,34000,34,34,34,9,359,9,359,34000,34,34000,34,731706,34,3960364,0,179000,179000,3954614,3954614,178000,178000,0,0,0,0,180,180,178,178,1250,1250,CONSISTENT
5690,179496,34000,34000,0,0,0,0,0,731706,34,179462,34,181,181,359,1640,2,0,1044,181,181,181,179,179,14,1,34000,34,34,34,9,359,9,359,34000,34,34000,34,731706,34,3969334,0,179000,179000,3954614,3954614,178000,178000,0,0,0,0,180,180,178,178,1640,1640,CONSISTENT
5700,179726,34000,34000,0,0,0,0,0,731706,34,179692,34,181,181,360,871,1,1000,865,181,181,181,180,180,24,1,34000,34,34,34,9,360,9,360,34000,34,34000,34,731706,34,3974647,0,179000,179000,3954614,3954614,179000,179000,0,0,0,0,180,180,179,179,871,871,CONSISTENT
5710,179977,34000,34000,0,0,0,0,0,731706,34,179943,34,182,182,361,1122,2,0,1024,182,182,182,180,180,2,1,34000,34,34,34,9,361,9,361,34000,34,34000,34,731706,34,3980420,0,180000,180000,3977614,3977614,179000,179000,0,0,0,0,181,181,179,179,1127,1127,CONSISTENT
5720,180373,34000,34000,0,0,0,0,0,731706,34,180339,34,182,182,361,1518,2,0,1024,182,182,182,180,180,12,1,34000,34,34,34,9,361,9,361,34000,34,34000,34,731706,34,3989528,0,180000,180000,3977614,3977614,179000,179000,0,0,0,0,181,181,179,179,1518,1518,CONSISTENT
5730,180571,34000,34000,0,0,0,0,0,731706,34,180537,34,182,182,362,717,1,1000,662,182,182,182,181,181,22,1,34000,34,34,34,9,362,9,362,34000,34,34000,34,731706,34,3994105,0,180000,180000,3977614,3977614,180000,180000,0,0,0,0,181,181,180,180,718,718,CONSISTENT
5740,180959,34000,34000,0,0,0,0,0,731706,34,180925,34,183,183,363,1105,2,0,1051,183,183,183,181,181,0,1,34000,34,34,34,9,363,9,363,34000,34,34000,34,731706,34,4003029,0,181000,181000,4000614,4000614,180000,180000,0,0,0,0,182,182,180,180,1105,1105,CONSISTENT
5750,181308,34000,34000,0,0,0,0,0,731706,34,181274,34,183,183,363,1454,2,0,1051,183,183,183,181,181,10,1,34000,34,34,34,9,363,9,363,34000,34,34000,34,731706,34,4011056,0,181000,181000,4000614,4000614,180000,180000,0,0,0,0,182,182,180,180,1454,1454,CONSISTENT
5760,181512,34000,34000,0,0,0,0,0,731706,34,181478,34,183,183,364,659,1,1000,585,183,183,183,182,182,20,1,34000,34,34,34,9,364,9,364,34000,34,34000,34,731706,34,4015794,0,181000,181000,4000614,4000614,181000,181000,0,0,0,0,182,182,181,181,663,663,CONSISTENT
5770,181897,34000,34000,0,0,0,0,0,731706,34,181863,34,184,184,365,1044,2,0,1015,184,184,184,182,182,0,1,34000,34,34,34,9,365,9,365,34000,34,34000,34,731706,34,4024695,0,182000,182000,4023614,4023614,181000,181000,0,0,0,0,183,183,181,181,1049,1050,TORN-PERSISTENT
5780,182291,34000,34000,0,0,0,0,0,731706,34,182257,34,184,184,365,1438,2,0,1015,184,184,184,182,182,10,1,34000,34,34,34,9,365,9,365,34000,34,34000,34,731706,34,4033711,0,182000,182000,4023614,4023614,181000,181000,0,0,0,0,183,183,181,181,1440,1440,CONSISTENT
5790,182600,34000,34000,0,0,0,0,0,731706,34,182566,34,184,184,366,748,1,1000,746,184,184,184,183,183,20,1,34000,34,34,34,9,366,9,366,34000,34,34000,34,731706,34,4040818,0,182000,182000,4023614,4023614,182000,182000,0,0,0,0,183,183,182,182,748,748,CONSISTENT
5800,182841,34000,34000,0,0,0,0,0,731706,34,182807,34,184,184,366,989,1,1000,746,184,184,184,183,183,30,1,34000,34,34,34,9,366,9,366,34000,34,34000,34,731706,34,4046361,0,182000,182000,4023614,4023614,182000,182000,0,0,0,0,183,183,182,182,991,993,TORN-PERSISTENT
5810,183232,34000,34000,0,0,0,0,0,731706,34,183198,34,185,185,367,1380,2,0,1045,185,185,185,183,183,8,1,34000,34,34,34,9,367,9,367,34000,34,34000,34,731706,34,4055354,0,183000,183000,4046614,4046614,182000,182000,0,0,0,0,184,184,182,182,1383,1383,CONSISTENT
5820,183626,34000,34000,0,0,0,0,0,731706,34,183592,34,185,185,367,1774,2,0,1045,185,185,185,183,183,18,1,34000,34,34,34,9,367,9,367,34000,34,34000,34,731706,34,4064416,0,183000,183000,4046614,4046614,182000,182000,0,0,0,0,184,184,182,182,1774,1774,CONSISTENT
5830,183852,34000,34000,0,0,0,0,0,731706,34,183818,34,186,186,369,1001,2,0,1001,186,186,186,184,184,0,1,34000,34,34,34,9,369,9,369,34000,34,34000,34,731706,34,4069637,0,184000,184000,4069614,4069614,183000,183000,0,0,0,0,185,185,183,183,1001,1001,CONSISTENT
5840,184180,34000,34000,0,0,0,0,0,731706,34,184146,34,186,186,369,1329,2,0,1001,186,186,186,184,184,12,1,34000,34,34,34,9,369,9,369,34000,34,34000,34,731706,34,4077227,0,184000,184000,4069614,4069614,183000,183000,0,0,0,0,185,185,183,183,1333,1334,TORN-PERSISTENT
5850,184379,34000,34000,0,0,0,0,0,731706,34,184345,34,186,186,370,529,1,1000,371,186,186,186,185,185,22,1,34000,34,34,34,9,370,9,370,34000,34,34000,34,731706,34,4081781,0,184000,184000,4069614,4069614,184000,184000,0,0,0,0,185,185,184,184,533,533,CONSISTENT
5860,184764,34000,34000,0,0,0,0,0,731706,34,184730,34,186,186,370,914,1,1000,371,186,186,186,185,185,32,1,34000,34,34,34,9,370,9,370,34000,34,34000,34,731706,34,4090659,0,184000,184000,4069614,4069614,184000,184000,0,0,0,0,185,185,184,184,916,916,CONSISTENT
5870,185119,34000,34000,0,0,0,0,0,731706,34,185085,34,187,187,371,1269,2,0,1045,187,187,187,185,185,4,1,34000,34,34,34,9,371,9,371,34000,34,34000,34,731706,34,4098801,0,185000,185000,4092614,4092614,184000,184000,0,0,0,0,186,186,184,184,1271,1271,CONSISTENT
5880,185498,34000,34000,0,0,0,0,0,731706,34,185464,34,187,187,371,1648,2,0,1045,187,187,187,185,185,16,1,34000,34,34,34,9,371,9,371,34000,34,34000,34,731706,34,4107518,0,185000,185000,4092614,4092614,184000,184000,0,0,0,0,186,186,184,184,1651,1651,CONSISTENT
5890,185704,34000,34000,0,0,0,0,0,731706,34,185670,34,187,187,372,855,1,1000,839,187,187,187,186,186,26,1,34000,34,34,34,9,372,9,372,34000,34,34000,34,731706,34,4112279,0,185000,185000,4092614,4092614,185000,185000,0,0,0,0,186,186,185,185,856,857,TORN-PERSISTENT
5900,186096,34000,34000,0,0,0,0,0,731706,34,186062,34,188,188,373,1247,2,0,1011,188,188,188,186,186,6,1,34000,34,34,34,9,373,9,373,34000,34,34000,34,731706,34,4121295,0,186000,186000,4115614,4115614,185000,185000,0,0,0,0,187,187,185,185,1250,1251,TORN-PERSISTENT
5910,186442,34000,34000,0,0,0,0,0,731706,34,186408,34,188,188,373,1593,2,0,1011,188,188,188,186,186,14,1,34000,34,34,34,9,373,9,373,34000,34,34000,34,731706,34,4129253,0,186000,186000,4115614,4115614,185000,185000,0,0,0,0,187,187,185,185,1593,1593,CONSISTENT
5920,186658,34000,34000,0,0,0,0,0,731706,34,186624,34,188,188,374,810,1,1000,673,188,188,188,187,187,24,1,34000,34,34,34,9,374,9,374,34000,34,34000,34,731706,34,4134244,0,186000,186000,4115614,4115614,186000,186000,0,0,0,0,187,187,186,186,810,810,CONSISTENT
5930,187050,34000,34000,0,0,0,0,0,731706,34,187016,34,189,189,375,1202,2,0,1047,189,189,189,187,187,2,1,34000,34,34,34,9,375,9,375,34000,34,34000,34,731706,34,4143260,0,187000,187000,4138614,4138614,186000,186000,0,0,0,0,188,188,186,186,1202,1202,CONSISTENT
5940,187432,34000,34000,0,0,0,0,0,731706,34,187398,34,189,189,375,1584,2,0,1047,189,189,189,187,187,14,1,34000,34,34,34,9,375,9,375,34000,34,34000,34,731706,34,4152046,0,187000,187000,4138614,4138614,186000,186000,0,0,0,0,188,188,186,186,1584,1584,CONSISTENT
5950,187594,34000,34000,0,0,0,0,0,731706,34,187560,34,189,189,376,747,1,1000,684,189,189,189,188,188,22,1,34000,34,34,34,9,376,9,376,34000,34,34000,34,731706,34,4155795,0,187000,187000,4138614,4138614,187000,187000,0,0,0,0,188,188,187,187,747,747,CONSISTENT
5960,187985,34000,34000,0,0,0,0,0,731706,34,187951,34,190,190,377,1138,2,0,1006,190,190,190,188,188,2,1,34000,34,34,34,9,377,9,377,34000,34,34000,34,731706,34,4164788,0,188000,188000,4161614,4161614,187000,187000,0,0,0,0,189,189,187,187,1141,1141,CONSISTENT
5970,188374,34000,34000,0,0,0,0,0,731706,34,188340,34,190,190,377,1527,2,0,1006,190,190,190,188,188,12,1,34000,34,34,34,9,377,9,377,34000,34,34000,34,731706,34,4173735,0,188000,188000,4161614,4161614,187000,187000,0,0,0,0,189,189,187,187,1527,1527,CONSISTENT
5980,188579,34000,34000,0,0,0,0,0,731706,34,188545,34,190,190,378,733,1,1000,608,190,190,190,189,189,22,1,34000,34,34,34,9,378,9,378,34000,34,34000,34,731706,34,4178473,0,188000,188000,4161614,4161614,188000,188000,0,0,0,0,189,189,188,188,736,737,TORN-PERSISTENT
5990,188932,34000,34000,0,0,0,0,0,731706,34,188898,34,191,191,379,1086,2,0,1042,191,191,191,189,189,0,1,34000,34,34,34,9,379,9,379,34000,34,34000,34,731706,34,4186592,0,189000,189000,4184614,4184614,188000,188000,0,0,0,0,190,190,188,188,1087,1087,CONSISTENT
6000,189317,34000,34000,0,0,0,0,0,731706,34,189283,34,191,191,379,1471,2,0,1042,191,191,191,189,189,10,1,34000,34,34,34,9,379,9,379,34000,34,34000,34,731706,34,4195470,0,189000,189000,4184614,4184614,188000,188000,0,0,0,0,190,190,188,188,1472,1472,CONSISTENT
6010,189404,34000,34000,0,0,0,0,0,731706,34,189370,34,191,191,380,559,1,1000,541,191,191,191,190,190,20,1,34000,34,34,34,9,380,9,380,34000,34,34000,34,731706,34,4197471,0,189000,189000,4184614,4184614,189000,189000,0,0,0,0,190,190,189,189,559,559,CONSISTENT
6020,189792,34000,34000,0,0,0,0,0,731706,34,189758,34,191,191,380,947,1,1000,541,191,191,191,190,190,30,1,34000,34,34,34,9,380,9,380,34000,34,34000,34,731706,34,4206418,0,189000,189000,4184614,4184614,189000,189000,0,0,0,0,190,190,189,189,951,951,CONSISTENT
6030,190175,34000,34000,0,0,0,0,0,731706,34,190141,34,192,192,381,1330,2,0,1064,192,192,192,190,190,6,1,34000,34,34,34,9,381,9,381,34000,34,34000,34,731706,34,4215204,0,190000,190000,4207614,4207614,189000,189000,0,0,0,0,191,191,189,189,1330,1330,CONSISTENT
6040,190524,34000,34000,0,0,0,0,0,731706,34,190490,34,192,192,381,1679,2,0,1064,192,192,192,190,190,16,1,34000,34,34,34,9,381,9,381,34000,34,34000,34,731706,34,4223231,0,190000,190000,4207614,4207614,189000,189000,0,0,0,0,191,191,189,189,1682,1682,CONSISTENT
6050,190728,34000,34000,0,0,0,0,0,731706,34,190694,34,192,192,382,884,1,1000,854,192,192,192,191,191,26,1,34000,34,34,34,9,382,9,382,34000,34,34000,34,731706,34,4227946,0,190000,190000,4207614,4207614,190000,190000,0,0,0,0,191,191,190,190,886,887,TORN-PERSISTENT
6060,191116,34000,34000,0,0,0,0,0,731706,34,191082,34,193,193,383,1272,2,0,1014,193,193,193,191,191,6,1,34000,34,34,34,9,383,9,383,34000,34,34000,34,731706,34,4236893,0,191000,191000,4230614,4230614,190000,190000,0,0,0,0,192,192,190,190,1274,1274,CONSISTENT
6070,191509,34000,34000,0,0,0,0,0,731706,34,191475,34,193,193,383,1665,2,0,1014,193,193,193,191,191,16,1,34000,34,34,34,9,383,9,383,34000,34,34000,34,731706,34,4245909,0,191000,191000,4230614,4230614,190000,190000,0,0,0,0,192,192,190,190,1666,1666,CONSISTENT
6080,191675,34000,34000,0,0,0,0,0,731706,34,191641,34,193,193,384,832,1,1000,759,193,193,193,192,192,26,1,34000,34,34,34,9,384,9,384,34000,34,34000,34,731706,34,4249750,0,191000,191000,4230614,4230614,191000,191000,0,0,0,0,192,192,191,191,833,833,CONSISTENT
6090,192067,34000,34000,0,0,0,0,0,731706,34,192033,34,194,194,385,1224,2,0,1050,194,194,194,192,192,4,1,34000,34,34,34,9,385,9,385,34000,34,34000,34,731706,34,4258766,0,192000,192000,4253614,4253614,191000,191000,0,0,0,0,193,193,191,191,1225,1226,TORN-PERSISTENT
6100,192451,34000,34000,0,0,0,0,0,731706,34,192417,34,194,194,385,1608,2,0,1050,194,194,194,192,192,14,1,34000,34,34,34,9,385,9,385,34000,34,34000,34,731706,34,4267598,0,192000,192000,4253614,4253614,191000,191000,0,0,0,0,193,193,191,191,1610,1611,TORN-PERSISTENT
6110,192656,34000,34000,0,0,0,0,0,731706,34,192622,34,194,194,386,814,1,1000,700,194,194,194,193,193,24,1,34000,34,34,34,9,386,9,386,34000,34,34000,34,731706,34,4272336,0,192000,192000,4253614,4253614,192000,192000,0,0,0,0,193,193,192,192,817,817,CONSISTENT
6120,193012,34000,34000,0,0,0,0,0,731706,34,192978,34,195,195,387,1170,2,0,1011,195,195,195,193,193,2,1,34000,34,34,34,9,387,9,387,34000,34,34000,34,731706,34,4280524,0,193000,193000,4276614,4276614,192000,192000,0,0,0,0,194,194,192,192,1170,1170,CONSISTENT
6130,193398,34000,34000,0,0,0,0,0,731706,34,193364,34,195,195,387,1556,2,0,1011,195,195,195,193,193,14,1,34000,34,34,34,9,387,9,387,34000,34,34000,34,731706,34,4289425,0,193000,193000,4276614,4276614,192000,192000,0,0,0,0,194,194,192,192,1558,1558,CONSISTENT
6140,193593,34000,34000,0,0,0,0,0,731706,34,193559,34,195,195,388,752,1,1000,638,195,195,195,194,194,24,1,34000,34,34,34,9,388,9,388,34000,34,34000,34,731706,34,4293933,0,193000,193000,4276614,4276614,193000,193000,0,0,0,0,194,194,193,193,757,757,CONSISTENT
6150,193988,34000,34000,0,0,0,0,0,731706,34,193954,34,196,196,389,1147,2,0,1046,196,196,196,194,194,2,1,34000,34,34,34,9,389,9,389,34000,34,34000,34,731706,34,4302995,0,194000,194000,4299614,4299614,193000,193000,0,0,0,0,195,195,193,193,1151,1151,CONSISTENT
6160,194338,34000,34000,0,0,0,0,0,731706,34,194304,34,196,196,389,1497,2,0,1046,196,196,196,194,194,10,1,34000,34,34,34,9,389,9,389,34000,34,34000,34,731706,34,4311045,0,194000,194000,4299614,4299614,193000,193000,0,0,0,0,195,195,193,193,1497,1497,CONSISTENT
6170,194555,34000,34000,0,0,0,0,0,731706,34,194521,34,196,196,390,715,1,1000,546,196,196,196,195,195,20,1,34000,34,34,34,9,390,9,390,34000,34,34000,34,731706,34,4316059,0,194000,194000,4299614,4299614,194000,194000,0,0,0,0,195,195,194,194,716,716,CONSISTENT
6180,194945,34000,34000,0,0,0,0,0,731706,34,194911,34,197,197,391,1105,2,0,1030,197,197,197,195,195,2,1,34000,34,34,34,9,391,9,391,34000,34,34000,34,731706,34,4325029,0,195000,195000,4322614,4322614,194000,194000,0,0,0,0,196,196,194,194,1105,1105,CONSISTENT
6190,195331,34000,34000,0,0,0,0,0,731706,34,195297,34,197,197,391,1491,2,0,1030,197,197,197,195,195,12,1,34000,34,34,34,9,391,9,391,34000,34,34000,34,731706,34,4333907,0,195000,195000,4322614,4322614,194000,194000,0,0,0,0,196,196,194,194,1494,1494,CONSISTENT
6200,195684,34000,34000,0,0,0,0,0,731706,34,195650,34,197,197,391,1844,2,0,1030,197,197,197,195,195,20,1,34000,34,34,34,9,391,9,391,34000,34,34000,34,731706,34,4342026,0,195000,195000,4322614,4322614,194000,194000,0,0,0,0,196,196,194,194,1847,1847,CONSISTENT
6210,195888,34000,34000,0,0,0,0,0,731706,34,195854,34,197,197,392,1049,2,1000,981,197,198,197,196,196,30,1,34000,34,34,34,9,392,9,392,34000,34,34000,34,731706,34,4346741,0,196000,196000,4345614,4345614,195000,195000,0,0,0,0,197,197,195,195,1051,1051,CONSISTENT
6220,196277,34000,34000,0,0,0,0,0,731706,34,196243,34,198,198,393,1438,2,0,1061,198,198,198,196,196,8,1,34000,34,34,34,9,393,9,393,34000,34,34000,34,731706,34,4355688,0,196000,196000,4345614,4345614,195000,195000,0,0,0,0,197,197,195,195,1438,1438,CONSISTENT
6230,196475,34000,34000,0,0,0,0,0,731706,34,196441,34,198,198,394,637,1,1000,528,198,198,198,197,197,18,1,34000,34,34,34,9,394,9,394,34000,34,34000,34,731706,34,4360288,0,196000,196000,4345614,4345614,196000,196000,0,0,0,0,197,197,196,196,639,639,CONSISTENT
6240,196828,34000,34000,0,0,0,0,0,731706,34,196794,34,198,198,394,990,1,1000,528,198,198,198,197,197,28,1,34000,34,34,34,9,394,9,394,34000,34,34000,34,731706,34,4368384,0,196000,196000,4345614,4345614,196000,196000,0,0,0,0,197,197,196,196,990,990,CONSISTENT
6250,197219,34000,34000,0,0,0,0,0,731706,34,197185,34,199,199,395,1381,2,0,1022,199,199,199,197,197,8,1,34000,34,34,34,9,395,9,395,34000,34,34000,34,731706,34,4377377,0,197000,197000,4368614,4368614,196000,196000,0,0,0,0,198,198,196,196,1382,1383,TORN-PERSISTENT
6260,197601,34000,34000,0,0,0,0,0,731706,34,197567,34,199,199,395,1763,2,0,1022,199,199,199,197,197,18,1,34000,34,34,34,9,395,9,395,34000,34,34000,34,731706,34,4386186,0,197000,197000,4368614,4368614,196000,196000,0,0,0,0,198,198,196,196,1769,1769,CONSISTENT
6270,197803,34000,34000,0,0,0,0,0,731706,34,197769,34,199,199,396,966,1,1000,849,199,199,199,198,198,28,1,34000,34,34,34,9,396,9,396,34000,34,34000,34,731706,34,4390832,0,197000,197000,4368614,4368614,197000,197000,0,0,0,0,198,198,197,197,968,968,CONSISTENT
6280,198157,34000,34000,0,0,0,0,0,731706,34,198123,34,200,200,397,1320,2,0,1050,200,200,200,198,198,6,1,34000,34,34,34,9,397,9,397,34000,34,34000,34,731706,34,4398974,0,198000,198000,4391614,4391614,197000,197000,0,0,0,0,199,199,197,197,1324,1324,CONSISTENT
6290,198552,34000,34000,0,0,0,0,0,731706,34,198518,34,200,200,397,1715,2,0,1050,200,200,200,198,198,16,1,34000,34,34,34,9,397,9,397,34000,34,34000,34,731706,34,4408059,0,198000,198000,4391614,4391614,197000,197000,0,0,0,0,199,199,197,197,1716,1716,CONSISTENT
6300,198745,34000,34000,0,0,0,0,0,731706,34,198711,34,200,200,398,909,1,1000,746,200,200,200,199,199,26,1,34000,34,34,34,9,398,9,398,34000,34,34000,34,731706,34,4412521,0,198000,198000,4391614,4391614,198000,198000,0,0,0,0,199,199,198,198,909,909,CONSISTENT
6310,199025,34000,34000,0,0,0,0,0,731706,34,198991,34,201,201,399,1189,2,0,1075,201,201,201,199,199,2,1,34000,34,34,34,9,399,9,399,34000,34,34000,34,731706,34,4418961,0,199000,199000,4414614,4414614,198000,198000,0,0,0,0,200,200,198,198,1191,1191,CONSISTENT
6320,199380,34000,34000,0,0,0,0,0,731706,34,199346,34,201,201,399,1544,2,0,1075,201,201,201,199,199,12,1,34000,34,34,34,9,399,9,399,34000,34,34000,34,731706,34,4427126,0,199000,199000,4414614,4414614,198000,198000,0,0,0,0,200,200,198,198,1544,1544,CONSISTENT
6330,199767,34000,34000,0,0,0,0,0,731706,34,199733,34,201,201,399,1931,2,0,1075,201,201,201,199,199,22,1,34000,34,34,34,9,399,9,399,34000,34,34000,34,731706,34,4436050,0,199000,199000,4414614,4414614,198000,198000,0,0,0,0,200,200,198,198,1935,1935,CONSISTENT
6340,199971,34000,34000,0,0,0,0,0,731706,34,199937,34,202,202,401,1136,2,0,1035,202,202,202,200,200,2,1,34000,34,34,34,9,401,9,401,34000,34,34000,34,731706,34,4440742,0,200000,200000,4437614,4437614,199000,199000,0,0,0,0,201,201,199,199,1137,1137,CONSISTENT
6350,200349,34000,34000,0,0,0,0,0,731706,34,200315,34,202,202,402,515,1,1000,507,202,202,202,201,201,12,1,34000,34,34,34,9,402,9,402,34000,34,34000,34,731706,34,4449459,0,200000,200000,4437614,4437614,200000,200000,0,0,0,0,201,201,200,200,515,515,CONSISTENT
6360,200560,34000,34000,0,0,0,0,0,731706,34,200526,34,202,202,402,726,1,1000,507,202,202,202,201,201,22,1,34000,34,34,34,9,402,9,402,34000,34,34000,34,731706,34,4454312,0,200000,200000,4437614,4437614,200000,200000,0,0,0,0,201,201,200,200,727,727,CONSISTENT
6370,200910,34000,34000,0,0,0,0,0,731706,34,200876,34,203,203,403,1076,2,0,1061,203,203,203,201,201,0,1,34000,34,34,34,9,403,9,403,34000,34,34000,34,731706,34,4462362,0,201000,201000,4460614,4460614,200000,200000,0,0,0,0,202,202,200,200,1079,1079,CONSISTENT
6380,201304,34000,34000,0,0,0,0,0,731706,34,201270,34,203,203,403,1470,2,0,1061,203,203,203,201,201,10,1,34000,34,34,34,9,403,9,403,34000,34,34000,34,731706,34,4471424,0,201000,201000,4460614,4460614,200000,200000,0,0,0,0,202,202,200,200,1471,1471,CONSISTENT
6390,201652,34000,34000,0,0,0,0,0,731706,34,201618,34,203,203,404,819,1,1000,812,203,203,203,202,202,20,1,34000,34,34,34,9,404,9,404,34000,34,34000,34,731706,34,4479451,0,201000,201000,4460614,4460614,201000,201000,0,0,0,0,202,202,201,201,819,819,CONSISTENT
6400,201891,34000,34000,0,0,0,0,0,731706,34,201857,34,204,204,405,1058,2,0,1035,204,204,204,202,202,0,1,34000,34,34,34,9,405,9,405,34000,34,34000,34,731706,34,4484948,0,202000,202000,4483614,4483614,201000,201000,0,0,0,0,203,203,201,201,1062,1062,CONSISTENT
6410,202246,34000,34000,0,0,0,0,0,731706,34,202212,34,204,204,405,1413,2,0,1035,204,204,204,202,202,8,1,34000,34,34,34,9,405,9,405,34000,34,34000,34,731706,34,4493136,0,202000,202000,4483614,4483614,201000,201000,0,0,0,0,203,203,201,201,1414,1414,CONSISTENT
6420,202563,34000,34000,0,0,0,0,0,731706,34,202529,34,204,204,406,731,1,1000,728,204,204,204,203,203,20,1,34000,34,34,34,9,406,9,406,34000,34,34000,34,731706,34,4500427,0,202000,202000,4483614,4483614,202000,202000,0,0,0,0,203,203,202,202,731,731,CONSISTENT
6430,202831,34000,34000,0,0,0,0,0,731706,34,202797,34,204,204,406,999,1,1000,728,204,204,204,203,203,30,1,34000,34,34,34,9,406,9,406,34000,34,34000,34,731706,34,4506591,0,203000,203000,4506614,4506614,202000,202000,0,0,0,0,204,204,202,202,1003,1003,CONSISTENT
6440,203219,34000,34000,0,0,0,0,0,731706,34,203185,34,205,205,407,1387,2,0,1066,205,205,205,203,203,8,1,34000,34,34,34,9,407,9,407,34000,34,34000,34,731706,34,4515515,0,203000,203000,4506614,4506614,202000,202000,0,0,0,0,204,204,202,202,1388,1388,CONSISTENT
6450,203483,34000,34000,0,0,0,0,0,731706,34,203449,34,205,205,408,652,1,1000,641,205,205,205,204,204,16,1,34000,34,34,34,9,408,9,408,34000,34,34000,34,731706,34,4521610,0,203000,203000,4506614,4506614,203000,203000,0,0,0,0,204,204,203,203,652,652,CONSISTENT
6460,203778,34000,34000,0,0,0,0,0,731706,34,203744,34,205,205,408,947,1,1000,641,205,205,205,204,204,26,1,34000,34,34,34,9,408,9,408,34000,34,34000,34,731706,34,4528395,0,203000,203000,4506614,4506614,203000,203000,0,0,0,0,204,204,203,203,948,948,CONSISTENT
6470,204175,34000,34000,0,0,0,0,0,731706,34,204141,34,206,206,409,1344,2,0,1039,206,206,206,204,204,6,1,34000,34,34,34,9,409,9,409,34000,34,34000,34,731706,34,4537526,0,204000,204000,4529614,4529614,203000,203000,0,0,0,0,205,205,203,203,1347,1347,CONSISTENT
6480,204386,34000,34000,0,0,0,0,0,731706,34,204352,34,206,206,410,556,1,1000,553,206,206,206,205,205,18,1,34000,34,34,34,9,410,9,410,34000,34,34000,34,731706,34,4542402,0,204000,204000,4529614,4529614,204000,204000,0,0,0,0,205,205,204,204,556,556,CONSISTENT
6490,204726,34000,34000,0,0,0,0,0,731706,34,204692,34,206,206,410,896,1,1000,553,206,206,206,205,205,26,1,34000,34,34,34,9,410,9,410,34000,34,34000,34,731706,34,4550222,0,204000,204000,4529614,4529614,204000,204000,0,0,0,0,205,205,204,204,898,899,TORN-PERSISTENT
6500,205120,34000,34000,0,0,0,0,0,731706,34,205086,34,207,207,411,1290,2,0,1072,207,207,207,205,205,4,1,34000,34,34,34,9,411,9,411,34000,34,34000,34,731706,34,4559284,0,205000,205000,4552614,4552614,204000,204000,0,0,0,0,206,206,204,204,1293,1293,CONSISTENT
6510,205326,34000,34000,0,0,0,0,0,731706,34,205292,34,207,207,412,497,1,1000,482,207,207,207,206,206,14,1,34000,34,34,34,9,412,9,412,34000,34,34000,34,731706,34,4564045,0,205000,205000,4552614,4552614,205000,205000,0,0,0,0,206,206,205,205,497,497,CONSISTENT
6520,205709,34000,34000,0,0,0,0,0,731706,34,205675,34,207,207,412,880,1,1000,482,207,207,207,206,206,24,1,34000,34,34,34,9,412,9,412,34000,34,34000,34,731706,34,4572854,0,205000,205000,4552614,4552614,205000,205000,0,0,0,0,206,206,205,205,882,883,TORN-PERSISTENT
6530,206067,34000,34000,0,0,0,0,0,731706,34,206033,34,208,208,413,1238,2,0,1043,208,208,208,206,206,4,1,34000,34,34,34,9,413,9,413,34000,34,34000,34,731706,34,4581111,0,206000,206000,4575614,4575614,205000,205000,0,0,0,0,207,207,205,205,1242,1242,CONSISTENT
6540,206458,34000,34000,0,0,0,0,0,731706,34,206424,34,208,208,413,1629,2,0,1043,208,208,208,206,206,14,1,34000,34,34,34,9,413,9,413,34000,34,34000,34,731706,34,4590081,0,206000,206000,4575614,4575614,205000,205000,0,0,0,0,207,207,205,205,1630,1630,CONSISTENT
6550,206763,34000,34000,0,0,0,0,0,731706,34,206729,34,208,208,414,935,1,1000,928,208,208,208,207,207,24,1,34000,34,34,34,9,414,9,414,34000,34,34000,34,731706,34,4597119,0,206000,206000,4575614,4575614,206000,206000,0,0,0,0,207,207,206,206,935,935,CONSISTENT
6560,207046,34000,34000,0,0,0,0,0,731706,34,207012,34,209,209,415,1218,2,0,1077,209,209,209,207,207,2,1,34000,34,34,34,9,415,9,415,34000,34,34000,34,731706,34,4603628,0,207000,207000,4598614,4598614,206000,206000,0,0,0,0,208,208,206,206,1220,1220,CONSISTENT
6570,207400,34000,34000,0,0,0,0,0,731706,34,207366,34,209,209,415,1572,2,0,1077,209,209,209,207,207,12,1,34000,34,34,34,9,415,9,415,34000,34,34000,34,731706,34,4611770,0,207000,207000,4598614,4598614,206000,206000,0,0,0,0,208,208,206,206,1575,1575,CONSISTENT
6580,207634,34000,34000,0,0,0,0,0,731706,34,207600,34,209,209,416,807,1,1000,803,209,209,209,208,208,22,1,34000,34,34,34,9,416,9,416,34000,34,34000,34,731706,34,4617175,0,207000,207000,4598614,4598614,207000,207000,0,0,0,0,208,208,207,207,807,807,CONSISTENT
6590,207987,34000,34000,0,0,0,0,0,731706,34,207953,34,210,210,417,1160,2,0,1041,210,210,210,208,208,2,1,34000,34,34,34,9,417,9,417,34000,34,34000,34,731706,34,4625294,0,208000,208000,4621614,4621614,207000,207000,0,0,0,0,209,209,207,207,1161,1161,CONSISTENT
6600,208372,34000,34000,0,0,0,0,0,731706,34,208338,34,210,210,417,1545,2,0,1041,210,210,210,208,208,12,1,34000,34,34,34,9,417,9,417,34000,34,34000,34,731706,34,4634149,0,208000,208000,4621614,4621614,207000,207000,0,0,0,0,209,209,207,207,1545,1545,CONSISTENT
6610,208473,34000,34000,0,0,0,0,0,731706,34,208439,34,210,210,418,647,1,1000,546,210,210,210,209,209,22,1,34000,34,34,34,9,418,9,418,34000,34,34000,34,731706,34,4636495,0,208000,208000,4621614,4621614,208000,208000,0,0,0,0,209,209,208,208,650,650,CONSISTENT
6620,208822,34000,34000,0,0,0,0,0,731706,34,208788,34,210,210,418,996,1,1000,546,210,210,210,209,209,32,1,34000,34,34,34,9,418,9,418,34000,34,34000,34,731706,34,4644522,0,208000,208000,4621614,4621614,208000,208000,0,0,0,0,209,209,208,208,997,997,CONSISTENT
6630,209210,34000,34000,0,0,0,0,0,731706,34,209176,34,211,211,419,1384,2,0,1044,211,211,211,209,209,8,1,34000,34,34,34,9,419,9,419,34000,34,34000,34,731706,34,4653446,0,209000,209000,4644614,4644614,208000,208000,0,0,0,0,210,210,208,208,1386,1386,CONSISTENT
6640,209592,34000,34000,0,0,0,0,0,731706,34,209558,34,211,211,419,1766,2,0,1044,211,211,211,209,209,18,1,34000,34,34,34,9,419,9,419,34000,34,34000,34,731706,34,4662232,0,209000,209000,4644614,4644614,208000,208000,0,0,0,0,210,210,208,208,1766,1766,CONSISTENT
6650,209794,34000,34000,0,0,0,0,0,731706,34,209760,34,211,211,420,969,1,1000,934,211,211,211,210,210,28,1,34000,34,34,34,9,420,9,420,34000,34,34000,34,731706,34,4666901,0,209000,209000,4644614,4644614,209000,209000,0,0,0,0,210,210,209,209,973,973,CONSISTENT
6660,210143,34000,34000,0,0,0,0,0,731706,34,210109,34,212,212,421,1318,2,0,1080,212,212,212,210,210,6,1,34000,34,34,34,9,421,9,421,34000,34,34000,34,731706,34,4674928,0,210000,210000,4667614,4667614,209000,209000,0,0,0,0,211,211,209,209,1319,1319,CONSISTENT
6670,210530,34000,34000,0,0,0,0,0,731706,34,210496,34,212,212,421,1705,2,0,1080,212,212,212,210,210,16,1,34000,34,34,34,9,421,9,421,34000,34,34000,34,731706,34,4683829,0,210000,210000,4667614,4667614,209000,209000,0,0,0,0,211,211,209,209,1707,1709,TORN-PERSISTENT
6680,210737,34000,34000,0,0,0,0,0,731706,34,210703,34,212,212,422,913,1,1000,811,212,212,212,211,211,26,1,34000,34,34,34,9,422,9,422,34000,34,34000,34,731706,34,4688613,0,210000,210000,4667614,4667614,210000,210000,0,0,0,0,211,211,210,210,914,914,CONSISTENT
6690,211127,34000,34000,0,0,0,0,0,731706,34,211093,34,213,213,423,1303,2,0,1040,213,213,213,211,211,6,1,34000,34,34,34,9,423,9,423,34000,34,34000,34,731706,34,4697583,0,211000,211000,4690614,4690614,210000,210000,0,0,0,0,212,212,210,210,1306,1306,CONSISTENT
6700,211475,34000,34000,0,0,0,0,0,731706,34,211441,34,213,213,423,1651,2,0,1040,213,213,213,211,211,16,1,34000,34,34,34,9,423,9,423,34000,34,34000,34,731706,34,4705587,0,211000,211000,4690614,4690614,210000,210000,0,0,0,0,212,212,210,210,1654,1655,TORN-PERSISTENT
6710,211683,34000,34000,0,0,0,0,0,731706,34,211649,34,213,213,424,860,1,1000,746,213,213,213,212,212,26,1,34000,34,34,34,9,424,9,424,34000,34,34000,34,731706,34,4710394,0,211000,211000,4690614,4690614,211000,211000,0,0,0,0,212,212,211,211,860,860,CONSISTENT
6720,212069,34000,34000,0,0,0,0,0,731706,34,212035,34,214,214,425,1246,2,0,1070,214,214,214,212,212,4,1,34000,34,34,34,9,425,9,425,34000,34,34000,34,731706,34,4719272,0,212000,212000,4713614,4713614,211000,211000,0,0,0,0,213,213,211,211,1246,1246,CONSISTENT
6730,212456,34000,34000,0,0,0,0,0,731706,34,212422,34,214,214,426,634,1,1000,624,214,214,214,213,213,14,1,34000,34,34,34,9,426,9,426,34000,34,34000,34,731706,34,4728196,0,212000,212000,4713614,4713614,212000,212000,0,0,0,0,213,213,212,212,634,634,CONSISTENT
6741,212673,34000,34000,0,0,0,0,0,731706,34,212639,34,214,214,426,851,1,1000,624,214,214,214,213,213,24,1,34000,34,34,34,9,426,9,426,34000,34,34000,34,731706,34,4733187,0,212000,212000,4713614,4713614,212000,212000,0,0,0,0,213,213,212,212,853,853,CONSISTENT
6750,213020,34000,34000,0,0,0,0,0,731706,34,212986,34,215,215,427,1198,2,0,1049,215,215,215,213,213,2,1,34000,34,34,34,9,427,9,427,34000,34,34000,34,731706,34,4741191,0,213000,213000,4736614,4736614,212000,212000,0,0,0,0,214,214,212,212,1199,1199,CONSISTENT
6760,213365,34000,34000,0,0,0,0,0,731706,34,213331,34,215,215,428,544,1,1000,534,215,215,215,214,214,14,1,34000,34,34,34,9,428,9,428,34000,34,34000,34,731706,34,4749126,0,213000,213000,4736614,4736614,213000,213000,0,0,0,0,214,214,213,213,544,544,CONSISTENT
6770,213622,34000,34000,0,0,0,0,0,731706,34,213588,34,215,215,428,801,1,1000,534,215,215,215,214,214,24,1,34000,34,34,34,9,428,9,428,34000,34,34000,34,731706,34,4755060,0,213000,213000,4736614,4736614,213000,213000,0,0,0,0,214,214,213,213,803,803,CONSISTENT
6780,214009,34000,34000,0,0,0,0,0,731706,34,213975,34,216,216,429,1188,2,0,1016,216,216,216,214,214,4,1,34000,34,34,34,9,429,9,429,34000,34,34000,34,731706,34,4763961,0,214000,214000,4759614,4759614,213000,213000,0,0,0,0,215,215,213,213,1192,1192,CONSISTENT
6790,214365,34000,34000,0,0,0,0,0,731706,34,214331,34,216,216,429,1544,2,0,1016,216,216,216,214,214,12,1,34000,34,34,34,9,429,9,429,34000,34,34000,34,731706,34,4772126,0,214000,214000,4759614,4759614,213000,213000,0,0,0,0,215,215,213,213,1546,1546,CONSISTENT
6800,214724,34000,34000,0,0,0,0,0,731706,34,214690,34,216,216,430,904,1,1000,899,216,216,216,215,215,23,1,34000,34,34,34,9,430,9,430,34000,34,34000,34,731706,34,4780406,0,214000,214000,4759614,4759614,214000,214000,0,0,0,0,215,215,214,214,904,904,CONSISTENT
6810,214958,34000,34000,0,0,0,0,0,731706,34,214924,34,217,217,431,1138,2,0,1065,217,217,217,215,215,2,1,34000,34,34,34,9,431,9,431,34000,34,34000,34,731706,34,4785788,0,215000,215000,4782614,4782614,214000,214000,0,0,0,0,216,216,214,214,1141,1142,TORN-PERSISTENT
6820,215355,34000,34000,0,0,0,0,0,731706,34,215321,34,217,217,431,1535,2,0,1065,217,217,217,215,215,12,1,34000,34,34,34,9,431,9,431,34000,34,34000,34,731706,34,4794919,0,215000,215000,4782614,4782614,214000,214000,0,0,0,0,216,216,214,214,1535,1535,CONSISTENT
6830,215680,34000,34000,0,0,0,0,0,731706,34,215646,34,217,217,432,861,1,1000,855,217,217,217,216,216,20,1,34000,34,34,34,9,432,9,432,34000,34,34000,34,731706,34,4802417,0,215000,215000,4782614,4782614,215000,215000,0,0,0,0,216,216,215,215,861,861,CONSISTENT
6840,215900,34000,34000,0,0,0,0,0,731706,34,215866,34,218,218,433,1081,2,0,1019,218,218,218,216,216,0,1,34000,34,34,34,9,433,9,433,34000,34,34000,34,731706,34,4807477,0,216000,216000,4805614,4805614,215000,215000,0,0,0,0,217,217,215,215,1083,1083,CONSISTENT
6850,216297,34000,34000,0,0,0,0,0,731706,34,216263,34,218,218,433,1478,2,0,1019,218,218,218,216,216,10,1,34000,34,34,34,9,433,9,433,34000,34,34000,34,731706,34,4816608,0,216000,216000,4805614,4805614,215000,215000,0,0,0,0,217,217,215,215,1479,1480,TORN-PERSISTENT
6860,216577,34000,34000,0,0,0,0,0,731706,34,216543,34,218,218,434,759,1,1000,752,218,218,218,217,217,20,1,34000,34,34,34,9,434,9,434,34000,34,34000,34,731706,34,4823071,0,216000,216000,4805614,4805614,216000,216000,0,0,0,0,217,217,216,216,759,759,CONSISTENT
6870,216853,34000,34000,0,0,0,0,0,731706,34,216819,34,218,218,434,1035,2,1000,752,218,219,218,217,217,30,1,34000,34,34,34,9,434,9,434,34000,34,34000,34,731706,34,4829419,0,217000,217000,4828614,4828614,216000,216000,0,0,0,0,218,218,216,216,1038,1038,CONSISTENT
6880,217244,34000,34000,0,0,0,0,0,731706,34,217210,34,219,219,435,1426,2,0,1071,219,219,219,217,217,8,1,34000,34,34,34,9,435,9,435,34000,34,34000,34,731706,34,4838458,0,217000,217000,4828614,4828614,216000,216000,0,0,0,0,218,218,216,216,1430,1430,CONSISTENT
6890,217467,34000,34000,0,0,0,0,0,731706,34,217433,34,219,219,436,650,1,1000,645,219,219,219,218,218,18,1,34000,34,34,34,9,436,9,436,34000,34,34000,34,731706,34,4843564,0,217000,217000,4828614,4828614,217000,217000,0,0,0,0,218,218,217,217,650,650,CONSISTENT
6900,217824,34000,34000,0,0,0,0,0,731706,34,217790,34,219,219,436,1007,2,1000,645,219,220,219,218,218,28,1,34000,34,34,34,9,436,9,436,34000,34,34000,34,731706,34,4851775,0,218000,218000,4851614,4851614,217000,217000,0,0,0,0,219,219,217,217,1007,1007,CONSISTENT
6910,218068,34000,34000,0,0,0,0,0,731706,34,218034,34,220,220,437,1251,2,0,1007,220,220,220,218,218,6,1,34000,34,34,34,9,437,9,437,34000,34,34000,34,731706,34,4857387,0,218000,218000,4851614,4851614,217000,217000,0,0,0,0,219,219,217,217,1251,1251,CONSISTENT
6920,218275,34000,34000,0,0,0,0,0,731706,34,218241,34,220,220,438,459,1,1000,341,220,220,220,219,219,16,1,34000,34,34,34,9,438,9,438,34000,34,34000,34,731706,34,4862171,0,218000,218000,4851614,4851614,218000,218000,0,0,0,0,219,219,218,218,459,459,CONSISTENT
6930,218665,34000,34000,0,0,0,0,0,731706,34,218631,34,220,220,438,849,1,1000,341,220,220,220,219,219,26,1,34000,34,34,34,9,438,9,438,34000,34,34000,34,731706,34,4871141,0,218000,218000,4851614,4851614,218000,218000,0,0,0,0,219,219,218,218,849,849,CONSISTENT
6940,219054,34000,34000,0,0,0,0,0,731706,34,219020,34,221,221,439,1238,2,0,1057,221,221,221,219,219,4,1,34000,34,34,34,9,439,9,439,34000,34,34000,34,731706,34,4880088,0,219000,219000,4874614,4874614,218000,218000,0,0,0,0,220,220,218,218,1239,1239,CONSISTENT
6950,219452,34000,34000,0,0,0,0,0,731706,34,219418,34,221,221,439,1636,2,0,1057,221,221,221,219,219,14,1,34000,34,34,34,9,439,9,439,34000,34,34000,34,731706,34,4889242,0,219000,219000,4874614,4874614,218000,218000,0,0,0,0,220,220,218,218,1636,1636,CONSISTENT
6960,219614,34000,34000,0,0,0,0,0,731706,34,219580,34,221,221,440,799,1,1000,746,221,221,221,220,220,24,1,34000,34,34,34,9,440,9,440,34000,34,34000,34,731706,34,4892991,0,219000,219000,4874614,4874614,219000,219000,0,0,0,0,220,220,219,219,799,799,CONSISTENT
6970,220003,34000,34000,0,0,0,0,0,731706,34,219969,34,222,222,441,1188,2,0,1021,222,222,222,220,220,4,1,34000,34,34,34,9,441,9,441,34000,34,34000,34,731706,34,4901938,0,220000,220000,4897614,4897614,219000,219000,0,0,0,0,221,221,219,219,1189,1189,CONSISTENT
6980,220395,34000,34000,0,0,0,0,0,731706,34,220361,34,222,222,441,1580,2,0,1021,222,222,222,220,220,14,1,34000,34,34,34,9,441,9,441,34000,34,34000,34,731706,34,4910977,0,220000,220000,4897614,4897614,219000,219000,0,0,0,0,221,221,219,219,1585,1585,CONSISTENT
6990,220600,34000,34000,0,0,0,0,0,731706,34,220566,34,222,222,442,786,1,1000,650,222,222,222,221,221,24,1,34000,34,34,34,9,442,9,442,34000,34,34000,34,731706,34,4915692,0,220000,220000,4897614,4897614,220000,220000,0,0,0,0,221,221,220,220,787,787,CONSISTENT
7000,220987,34000,34000,0,0,0,0,0,731706,34,220953,34,223,223,443,1174,2,0,1063,223,223,223,221,221,2,1,34000,34,34,34,9,443,9,443,34000,34,34000,34,731706,34,4924616,0,221000,221000,4920614,4920614,220000,220000,0,0,0,0,222,222,220,220,1176,1176,CONSISTENT
7010,221340,34000,34000,0,0,0,0,0,731706,34,221306,34,223,223,443,1526,2,0,1063,223,223,223,221,221,10,1,34000,34,34,34,9,443,9,443,34000,34,34000,34,731706,34,4932712,0,221000,221000,4920614,4920614,220000,220000,0,0,0,0,222,222,220,220,1530,1532,TORN-PERSISTENT
7020,221544,34000,34000,0,0,0,0,0,731706,34,221510,34,223,223,444,731,1,1000,547,223,223,223,222,222,22,1,34000,34,34,34,9,444,9,444,34000,34,34000,34,731706,34,4937427,0,221000,221000,4920614,4920614,221000,221000,0,0,0,0,222,222,221,221,731,731,CONSISTENT
7030,221940,34000,34000,0,0,0,0,0,731706,34,221906,34,224,224,445,1127,2,0,1034,224,224,224,222,222,2,1,34000,34,34,34,9,445,9,445,34000,34,34000,34,731706,34,4946558,0,222000,222000,4943614,4943614,221000,221000,0,0,0,0,223,223,221,221,1129,1129,CONSISTENT
7040,222335,34000,34000,0,0,0,0,0,731706,34,222301,34,224,224,445,1522,2,0,1034,224,224,224,222,222,12,1,34000,34,34,34,9,445,9,445,34000,34,34000,34,731706,34,4955620,0,222000,222000,4943614,4943614,221000,221000,0,0,0,0,223,223,221,221,1523,1523,CONSISTENT
7050,222680,34000,34000,0,0,0,0,0,731706,34,222646,34,224,224,445,1867,2,0,1034,224,224,224,222,222,20,1,34000,34,34,34,9,445,9,445,34000,34,34000,34,731706,34,4963555,0,222000,222000,4943614,4943614,221000,221000,0,0,0,0,223,223,221,221,1869,1869,CONSISTENT
7060,222885,34000,34000,0,0,0,0,0,731706,34,222851,34,225,225,447,1073,2,0,1070,225,225,225,223,223,0,1,34000,34,34,34,9,447,9,447,34000,34,34000,34,731706,34,4968293,0,223000,223000,4966614,4966614,222000,222000,0,0,0,0,224,224,222,222,1073,1073,CONSISTENT
7070,223265,34000,34000,0,0,0,0,0,731706,34,223231,34,225,225,447,1453,2,0,1070,225,225,225,223,223,10,1,34000,34,34,34,9,447,9,447,34000,34,34000,34,731706,34,4977056,0,223000,223000,4966614,4966614,222000,222000,0,0,0,0,224,224,222,222,1454,1454,CONSISTENT
7080,223649,34000,34000,0,0,0,0,0,731706,34,223615,34,225,225,448,838,1,1000,835,225,225,225,224,224,20,1,34000,34,34,34,9,448,9,448,34000,34,34000,34,731706,34,4985888,0,223000,223000,4966614,4966614,223000,223000,0,0,0,0,224,224,223,223,838,838,CONSISTENT
7090,223824,34000,34000,0,0,0,0,0,731706,34,223790,34,225,225,448,1013,2,1000,835,225,226,225,224,224,28,1,34000,34,34,34,9,448,9,448,34000,34,34000,34,731706,34,4989913,0,224000,224000,4989614,4989614,223000,223000,0,0,0,0,225,225,223,223,1015,1016,TORN-PERSISTENT
7100,224213,34000,34000,0,0,0,0,0,731706,34,224179,34,226,226,449,1402,2,0,1039,226,226,226,224,224,8,1,34000,34,34,34,9,449,9,449,34000,34,34000,34,731706,34,4998860,0,224000,224000,4989614,4989614,223000,223000,0,0,0,0,225,225,223,223,1403,1403,CONSISTENT
7110,224536,34000,34000,0,0,0,0,0,731706,34,224502,34,226,226,450,726,1,1000,715,226,226,226,225,225,18,1,34000,34,34,34,9,450,9,450,34000,34,34000,34,731706,34,5006312,0,224000,224000,4989614,4989614,224000,224000,0,0,0,0,225,225,224,224,726,726,CONSISTENT
7120,224811,34000,34000,0,0,0,0,0,731706,34,224777,34,226,226,450,1001,2,1000,715,226,227,226,225,225,30,1,34000,34,34,34,9,450,9,450,34000,34,34000,34,731706,34,5012637,0,225000,225000,5012614,5012614,224000,224000,0,0,0,0,226,226,224,224,1003,1003,CONSISTENT
7130,225206,34000,34000,0,0,0,0,0,731706,34,225172,34,227,227,451,1396,2,0,1081,227,227,227,225,225,8,1,34000,34,34,34,9,451,9,451,34000,34,34000,34,731706,34,5021722,0,225000,225000,5012614,5012614,224000,224000,0,0,0,0,226,226,224,224,1398,1398,CONSISTENT
7140,225432,34000,34000,0,0,0,0,0,731706,34,225398,34,227,227,452,623,1,1000,617,227,227,227,226,226,16,1,34000,34,34,34,9,452,9,452,34000,34,34000,34,731706,34,5026943,0,225000,225000,5012614,5012614,225000,225000,0,0,0,0,226,226,225,225,623,623,CONSISTENT
7150,225758,34000,34000,0,0,0,0,0,731706,34,225724,34,227,227,452,949,1,1000,617,227,227,227,226,226,26,1,34000,34,34,34,9,452,9,452,34000,34,34000,34,731706,34,5034441,0,225000,225000,5012614,5012614,225000,225000,0,0,0,0,226,226,225,225,949,949,CONSISTENT
7160,226150,34000,34000,0,0,0,0,0,731706,34,226116,34,228,228,453,1341,2,0,1056,228,228,228,226,226,6,1,34000,34,34,34,9,453,9,453,34000,34,34000,34,731706,34,5043457,0,226000,226000,5035614,5035614,225000,225000,0,0,0,0,227,227,225,225,1344,1344,CONSISTENT
7170,226476,34000,34000,0,0,0,0,0,731706,34,226442,34,228,228,454,668,1,1000,660,228,228,228,227,227,16,1,34000,34,34,34,9,454,9,454,34000,34,34000,34,731706,34,5050978,0,226000,226000,5035614,5035614,226000,226000,0,0,0,0,227,227,226,226,668,668,CONSISTENT
7181,226745,34000,34000,0,0,0,0,0,731706,34,226711,34,228,228,454,937,1,1000,660,228,228,228,227,227,26,1,34000,34,34,34,9,454,9,454,34000,34,34000,34,731706,34,5057165,0,226000,226000,5035614,5035614,226000,226000,0,0,0,0,227,227,226,226,939,939,CONSISTENT
7190,227094,34000,34000,0,0,0,0,0,731706,34,227060,34,229,229,455,1286,2,0,1018,229,229,229,227,227,6,1,34000,34,34,34,9,455,9,455,34000,34,34000,34,731706,34,5065192,0,227000,227000,5058614,5058614,226000,226000,0,0,0,0,228,228,226,226,1288,1288,CONSISTENT
7200,227475,34000,34000,0,0,0,0,0,731706,34,227441,34,229,229,455,1667,2,0,1018,229,229,229,227,227,16,1,34000,34,34,34,9,455,9,455,34000,34,34000,34,731706,34,5073955,0,227000,227000,5058614,5058614,226000,226000,0,0,0,0,228,228,226,226,1667,1667,CONSISTENT
7210,227601,34000,34000,0,0,0,0,0,731706,34,227567,34,229,229,456,794,1,1000,789,229,229,229,228,228,26,1,34000,34,34,34,9,456,9,456,34000,34,34000,34,731706,34,5076876,0,227000,227000,5058614,5058614,227000,227000,0,0,0,0,228,228,227,227,794,794,CONSISTENT
7220,227947,34000,34000,0,0,0,0,0,731706,34,227913,34,230,230,457,1140,2,0,1022,230,230,230,228,228,2,1,34000,34,34,34,9,457,9,457,34000,34,34000,34,731706,34,5084834,0,228000,228000,5081614,5081614,227000,227000,0,0,0,0,229,229,227,227,1140,1140,CONSISTENT
7230,228305,34000,34000,0,0,0,0,0,731706,34,228271,34,230,230,457,1498,2,0,1022,230,230,230,228,228,12,1,34000,34,34,34,9,457,9,457,34000,34,34000,34,731706,34,5093068,0,228000,228000,5081614,5081614,227000,227000,0,0,0,0,229,229,227,227,1500,1500,CONSISTENT
7240,228505,34000,34000,0,0,0,0,0,731706,34,228471,34,230,230,458,699,1,1000,675,230,230,230,229,229,22,1,34000,34,34,34,9,458,9,458,34000,34,34000,34,731706,34,5097691,0,228000,228000,5081614,5081614,228000,228000,0,0,0,0,229,229,228,228,701,701,CONSISTENT
7250,228888,34000,34000,0,0,0,0,0,731706,34,228854,34,231,231,459,1082,2,0,1056,231,231,231,229,229,0,1,34000,34,34,34,9,459,9,459,34000,34,34000,34,731706,34,5106500,0,229000,229000,5104614,5104614,228000,228000,0,0,0,0,230,230,228,228,1083,1083,CONSISTENT
7260,229266,34000,34000,0,0,0,0,0,731706,34,229232,34,231,231,459,1460,2,0,1056,231,231,231,229,229,10,1,34000,34,34,34,9,459,9,459,34000,34,34000,34,731706,34,5115194,0,229000,229000,5104614,5104614,228000,228000,0,0,0,0,230,230,228,228,1462,1462,CONSISTENT
7270,229422,34000,34000,0,0,0,0,0,731706,34,229388,34,231,231,460,617,1,1000,582,231,231,231,230,230,20,1,34000,34,34,34,9,460,9,460,34000,34,34000,34,731706,34,5118828,0,229000,229000,5104614,5104614,229000,229000,0,0,0,0,230,230,229,229,621,621,CONSISTENT
7280,229807,34000,34000,0,0,0,0,0,731706,34,229773,34,231,231,460,1002,2,1000,582,231,232,231,230,230,30,1,34000,34,34,34,9,460,9,460,34000,34,34000,34,731706,34,5127660,0,230000,230000,5127614,5127614,229000,229000,0,0,0,0,231,231,229,229,1002,1002,CONSISTENT
7290,230186,34000,34000,0,0,0,0,0,731706,34,230152,34,232,232,461,1381,2,0,1146,232,232,232,230,230,6,1,34000,34,34,34,9,461,9,461,34000,34,34000,34,731706,34,5136377,0,230000,230000,5127614,5127614,229000,229000,0,0,0,0,231,231,229,229,1385,1385,CONSISTENT
7300,230385,34000,34000,0,0,0,0,0,731706,34,230351,34,232,232,462,581,1,1000,547,232,232,232,231,231,16,1,34000,34,34,34,9,462,9,462,34000,34,34000,34,731706,34,5140977,0,230000,230000,5127614,5127614,230000,230000,0,0,0,0,231,231,230,230,581,581,CONSISTENT
7311,230764,34000,34000,0,0,0,0,0,731706,34,230730,34,232,232,462,960,1,1000,547,232,232,232,231,231,26,1,34000,34,34,34,9,462,9,462,34000,34,34000,34,731706,34,5149694,0,230000,230000,5127614,5127614,230000,230000,0,0,0,0,231,231,230,230,961,963,TORN-PERSISTENT
7320,231105,34000,34000,0,0,0,0,0,731706,34,231071,34,233,233,463,1301,2,0,1010,233,233,233,231,231,6,1,34000,34,34,34,9,463,9,463,34000,34,34000,34,731706,34,5157537,0,231000,231000,5150614,5150614,230000,230000,0,0,0,0,232,232,230,230,1303,1303,CONSISTENT
7330,231330,34000,34000,0,0,0,0,0,731706,34,231296,34,233,233,464,527,1,1000,520,233,233,233,232,232,18,1,34000,34,34,34,9,464,9,464,34000,34,34000,34,731706,34,5162735,0,231000,231000,5150614,5150614,231000,231000,0,0,0,0,232,232,231,231,527,527,CONSISTENT
7340,231682,34000,34000,0,0,0,0,0,731706,34,231648,34,233,233,464,879,1,1000,520,233,233,233,232,232,28,1,34000,34,34,34,9,464,9,464,34000,34,34000,34,731706,34,5170831,0,231000,231000,5150614,5150614,231000,231000,0,0,0,0,232,232,231,231,881,882,TORN-PERSISTENT
7351,232062,34000,34000,0,0,0,0,0,731706,34,232028,34,234,234,465,1259,2,0,1013,234,234,234,232,232,6,1,34000,34,34,34,9,465,9,465,34000,34,34000,34,731706,34,5179571,0,232000,232000,5173614,5173614,231000,231000,0,0,0,0,233,233,231,231,1263,1264,TORN-PERSISTENT
7360,232409,34000,34000,0,0,0,0,0,731706,34,232375,34,234,234,465,1606,2,0,1013,234,234,234,232,232,14,1,34000,34,34,34,9,465,9,465,34000,34,34000,34,731706,34,5187552,0,232000,232000,5173614,5173614,231000,231000,0,0,0,0,233,233,231,231,1606,1606,CONSISTENT
7370,232791,34000,34000,0,0,0,0,0,731706,34,232757,34,234,234,465,1988,2,0,1013,234,234,234,232,232,24,1,34000,34,34,34,9,465,9,465,34000,34,34000,34,731706,34,5196338,0,232000,232000,5173614,5173614,231000,231000,0,0,0,0,233,233,231,231,1988,1988,CONSISTENT
7380,232989,34000,34000,0,0,0,0,0,731706,34,232955,34,235,235,467,1187,2,0,1035,235,235,235,233,233,6,1,34000,34,34,34,10,467,10,467,34000,34,34000,34,731706,34,5200915,0,233000,233000,5196614,5196614,232000,232000,0,0,0,0,234,234,232,232,1190,1190,CONSISTENT
7390,233243,34000,34000,0,0,0,0,0,731706,34,233209,34,235,235,468,442,1,1000,437,235,235,235,234,234,18,1,34000,34,34,34,10,468,10,468,34000,34,34000,34,731706,34,5206780,0,233000,233000,5196614,5196614,233000,233000,0,0,0,0,234,234,233,233,442,442,CONSISTENT
7400,233531,34000,34000,0,0,0,0,0,731706,34,233497,34,235,235,468,730,1,1000,437,235,235,235,234,234,26,1,34000,34,34,34,10,468,10,468,34000,34,34000,34,731706,34,5213404,0,233000,233000,5196614,5196614,233000,233000,0,0,0,0,234,234,233,233,730,730,CONSISTENT
7410,233920,34000,34000,0,0,0,0,0,731706,34,233886,34,236,236,469,1119,2,0,1052,236,236,236,234,234,0,1,34000,34,34,34,10,469,10,469,34000,34,34000,34,731706,34,5222351,0,234000,234000,5219614,5219614,233000,233000,0,0,0,0,235,235,233,233,1120,1120,CONSISTENT
7420,234305,34000,34000,0,0,0,0,0,731706,34,234271,34,236,236,469,1504,2,0,1052,236,236,236,234,234,10,1,34000,34,34,34,10,469,10,469,34000,34,34000,34,731706,34,5231206,0,234000,234000,5219614,5219614,233000,233000,0,0,0,0,235,235,233,233,1507,1508,TORN-PERSISTENT
7430,234688,34000,34000,0,0,0,0,0,731706,34,234654,34,236,236,469,1887,2,0,1052,236,236,236,234,234,20,1,34000,34,34,34,10,469,10,469,34000,34,34000,34,731706,34,5240015,0,234000,234000,5219614,5219614,233000,233000,0,0,0,0,235,235,233,233,1890,1891,TORN-PERSISTENT
7440,234863,34000,34000,0,0,0,0,0,731706,34,234829,34,237,237,471,1063,2,0,1021,237,237,237,235,235,0,1,34000,34,34,34,10,471,10,471,34000,34,34000,34,731706,34,5244063,0,235000,235000,5242614,5242614,234000,234000,0,0,0,0,236,236,234,234,1064,1064,CONSISTENT
7450,235245,34000,34000,0,0,0,0,0,731706,34,235211,34,237,237,471,1445,2,0,1021,237,237,237,235,235,10,1,34000,34,34,34,10,471,10,471,34000,34,34000,34,731706,34,5252849,0,235000,235000,5242614,5242614,234000,234000,0,0,0,0,236,236,234,234,1447,1447,CONSISTENT
7460,235447,34000,34000,0,0,0,0,0,731706,34,235413,34,237,237,472,648,1,1000,615,237,237,237,236,236,20,1,34000,34,34,34,10,472,10,472,34000,34,34000,34,731706,34,5257518,0,235000,235000,5242614,5242614,235000,235000,0,0,0,0,236,236,235,235,648,648,CONSISTENT
7470,235806,34000,34000,0,0,0,0,0,731706,34,235772,34,237,237,472,1007,2,1000,615,237,238,237,236,236,30,1,34000,34,34,34,10,472,10,472,34000,34,34000,34,731706,34,5265798,0,236000,236000,5265614,5265614,235000,235000,0,0,0,0,237,237,235,235,1008,1008,CONSISTENT
7480,236153,34000,34000,0,0,0,0,0,731706,34,236119,34,238,238,473,1354,2,0,1018,238,238,238,236,236,8,1,34000,34,34,34,10,473,10,473,34000,34,34000,34,731706,34,5273756,0,236000,236000,5265614,5265614,235000,235000,0,0,0,0,237,237,235,235,1355,1355,CONSISTENT
7490,236542,34000,34000,0,0,0,0,0,731706,34,236508,34,238,238,473,1743,2,0,1018,238,238,238,236,236,18,1,34000,34,34,34,10,473,10,473,34000,34,34000,34,731706,34,5282703,0,236000,236000,5265614,5265614,235000,235000,0,0,0,0,237,237,235,235,1745,1745,CONSISTENT
7500,236743,34000,34000,0,0,0,0,0,731706,34,236709,34,238,238,474,945,1,1000,847,238,238,238,237,237,28,1,34000,34,34,34,10,474,10,474,34000,34,34000,34,731706,34,5287349,0,236000,236000,5265614,5265614,236000,236000,0,0,0,0,237,237,236,236,945,945,CONSISTENT
7510,237028,34000,34000,0,0,0,0,0,731706,34,236994,34,239,239,475,1230,2,0,1025,239,239,239,237,237,4,1,34000,34,34,34,10,475,10,475,34000,34,34000,34,731706,34,5293904,0,237000,237000,5288614,5288614,236000,236000,0,0,0,0,238,238,236,236,1230,1230,CONSISTENT
7520,237349,34000,34000,0,0,0,0,0,731706,34,237315,34,239,239,476,552,1,1000,547,239,239,239,238,238,14,1,34000,34,34,34,10,476,10,476,34000,34,34000,34,731706,34,5301310,0,237000,237000,5288614,5288614,237000,237000,0,0,0,0,238,238,237,237,552,552,CONSISTENT
7530,237586,34000,34000,0,0,0,0,0,731706,34,237552,34,239,239,476,789,1,1000,547,239,239,239,238,238,24,1,34000,34,34,34,10,476,10,476,34000,34,34000,34,731706,34,5306761,0,237000,237000,5288614,5288614,237000,237000,0,0,0,0,238,238,237,237,789,789,CONSISTENT
7540,237977,34000,34000,0,0,0,0,0,731706,34,237943,34,240,240,477,1180,2,0,1071,240,240,240,238,238,2,1,34000,34,34,34,10,477,10,477,34000,34,34000,34,731706,34,5315754,0,238000,238000,5311614,5311614,237000,237000,0,0,0,0,239,239,237,237,1181,1181,CONSISTENT
7550,238367,34000,34000,0,0,0,0,0,731706,34,238333,34,240,240,477,1570,2,0,1071,240,240,240,238,238,12,1,34000,34,34,34,10,477,10,477,34000,34,34000,34,731706,34,5324724,0,238000,238000,5311614,5311614,237000,237000,0,0,0,0,239,239,237,237,1570,1570,CONSISTENT
7560,238729,34000,34000,0,0,0,0,0,731706,34,238695,34,240,240,478,933,1,1000,916,240,240,240,239,239,22,1,34000,34,34,34,10,478,10,478,34000,34,34000,34,731706,34,5333073,0,238000,238000,5311614,5311614,238000,238000,0,0,0,0,239,239,238,238,933,933,CONSISTENT
7571,238978,34000,34000,0,0,0,0,0,731706,34,238944,34,241,241,479,1182,2,0,1056,241,241,241,239,239,2,1,34000,34,34,34,10,479,10,479,34000,34,34000,34,731706,34,5338800,0,239000,239000,5334614,5334614,238000,238000,0,0,0,0,240,240,238,238,1184,1184,CONSISTENT
7580,239207,34000,34000,0,0,0,0,0,731706,34,239173,34,241,241,480,412,1,1000,407,241,241,241,240,240,12,1,34000,34,34,34,10,480,10,480,34000,34,34000,34,731706,34,5344090,0,239000,239000,5334614,5334614,239000,239000,0,0,0,0,240,240,239,239,412,412,CONSISTENT
7590,239534,34000,34000,0,0,0,0,0,731706,34,239500,34,241,241,480,739,1,1000,407,241,241,241,240,240,22,1,34000,34,34,34,10,480,10,480,34000,34,34000,34,731706,34,5351611,0,239000,239000,5334614,5334614,239000,239000,0,0,0,0,240,240,239,239,742,742,CONSISTENT
7600,239933,34000,34000,0,0,0,0,0,731706,34,239899,34,242,242,481,1138,2,0,1027,242,242,242,240,240,2,1,34000,34,34,34,10,481,10,481,34000,34,34000,34,731706,34,5360788,0,240000,240000,5357614,5357614,239000,239000,0,0,0,0,241,241,239,239,1139,1140,TORN-PERSISTENT
7610,240323,34000,34000,0,0,0,0,0,731706,34,240289,34,242,242,481,1528,2,0,1027,242,242,242,240,240,12,1,34000,34,34,34,10,481,10,481,34000,34,34000,34,731706,34,5369758,0,240000,240000,5357614,5357614,239000,239000,0,0,0,0,241,241,239,239,1528,1528,CONSISTENT
7620,240491,34000,34000,0,0,0,0,0,731706,34,240457,34,242,242,482,697,1,1000,670,242,242,242,241,241,22,1,34000,34,34,34,10,482,10,482,34000,34,34000,34,731706,34,5373645,0,240000,240000,5357614,5357614,240000,240000,0,0,0,0,241,241,240,240,697,697,CONSISTENT
7630,240887,34000,34000,0,0,0,0,0,731706,34,240853,34,243,243,483,1093,2,0,1076,243,243,243,241,241,0,1,34000,34,34,34,10,483,10,483,34000,34,34000,34,731706,34,5382753,0,241000,241000,5380614,5380614,240000,240000,0,0,0,0,242,242,240,240,1093,1093,CONSISTENT
7640,241272,34000,34000,0,0,0,0,0,731706,34,241238,34,243,243,483,1478,2,0,1076,243,243,243,241,241,10,1,34000,34,34,34,10,483,10,483,34000,34,34000,34,731706,34,5391608,0,241000,241000,5380614,5380614,240000,240000,0,0,0,0,242,242,240,240,1478,1478,CONSISTENT
7650,241474,34000,34000,0,0,0,0,0,731706,34,241440,34,243,243,484,681,1,1000,560,243,243,243,242,242,20,1,34000,34,34,34,10,484,10,484,34000,34,34000,34,731706,34,5396277,0,241000,241000,5380614,5380614,241000,241000,0,0,0,0,242,242,241,241,681,681,CONSISTENT
7660,241868,34000,34000,0,0,0,0,0,731706,34,241834,34,244,244,485,1075,2,0,1049,244,244,244,242,242,0,1,34000,34,34,34,10,485,10,485,34000,34,34000,34,731706,34,5405339,0,242000,242000,5403614,5403614,241000,241000,0,0,0,0,243,243,241,241,1077,1080,TORN-PERSISTENT
7670,242224,34000,34000,0,0,0,0,0,731706,34,242190,34,244,244,485,1431,2,0,1049,244,244,244,242,242,8,1,34000,34,34,34,10,485,10,485,34000,34,34000,34,731706,34,5413527,0,242000,242000,5403614,5403614,241000,241000,0,0,0,0,243,243,241,241,1432,1432,CONSISTENT
7680,242618,34000,34000,0,0,0,0,0,731706,34,242584,34,244,244,485,1825,2,0,1049,244,244,244,242,242,20,1,34000,34,34,34,10,485,10,485,34000,34,34000,34,731706,34,5422589,0,242000,242000,5403614,5403614,241000,241000,0,0,0,0,243,243,241,241,1826,1828,TORN-PERSISTENT
7690,242822,34000,34000,0,0,0,0,0,731706,34,242788,34,245,245,487,1030,2,0,1018,245,245,245,243,243,0,1,34000,34,34,34,10,487,10,487,34000,34,34000,34,731706,34,5427304,0,243000,243000,5426614,5426614,242000,242000,0,0,0,0,244,244,242,242,1030,1030,CONSISTENT
7700,243213,34000,34000,0,0,0,0,0,731706,34,243179,34,245,245,487,1421,2,0,1018,245,245,245,243,243,10,1,34000,34,34,34,10,487,10,487,34000,34,34000,34,731706,34,5436297,0,243000,243000,5426614,5426614,242000,242000,0,0,0,0,244,244,242,242,1422,1422,CONSISTENT
7710,243378,34000,34000,0,0,0,0,0,731706,34,243344,34,245,245,488,587,1,1000,550,245,245,245,244,244,18,1,34000,34,34,34,10,488,10,488,34000,34,34000,34,731706,34,5440115,0,243000,243000,5426614,5426614,243000,243000,0,0,0,0,244,244,243,243,588,588,CONSISTENT
7720,243776,34000,34000,0,0,0,0,0,731706,34,243742,34,245,245,488,985,1,1000,550,245,245,245,244,244,28,1,34000,34,34,34,10,488,10,488,34000,34,34000,34,731706,34,5449269,0,243000,243000,5426614,5426614,243000,243000,0,0,0,0,244,244,243,243,988,989,TORN-PERSISTENT
7730,244167,34000,34000,0,0,0,0,0,731706,34,244133,34,246,246,489,1376,2,0,1077,246,246,246,244,244,6,1,34000,34,34,34,10,489,10,489,34000,34,34000,34,731706,34,5458262,0,244000,244000,5449614,5449614,243000,243000,0,0,0,0,245,245,243,243,1377,1377,CONSISTENT
7740,244563,34000,34000,0,0,0,0,0,731706,34,244529,34,246,246,489,1772,2,0,1077,246,246,246,244,244,18,1,34000,34,34,34,10,489,10,489,34000,34,34000,34,731706,34,5467370,0,244000,244000,5449614,5449614,243000,243000,0,0,0,0,245,245,243,243,1772,1772,CONSISTENT
7750,244727,35000,35000,0,0,0,0,0,754706,35,244692,35,246,246,490,936,1,1000,791,246,246,246,245,245,26,1,35000,35,35,35,10,490,10,490,35000,35,35000,35,754706,35,5471142,999.9447405703887,244000,244000,5449614,5449614,244000,244000,0,0,0,0,245,245,244,244,937,937,CONSISTENT
7760,245111,35000,35000,0,0,0,0,0,754706,35,245076,35,247,247,491,1320,2,0,1036,247,247,247,245,245,6,1,35000,35,35,35,10,491,10,491,35000,35,35000,35,754706,35,5479974,999.9447405703887,245000,245000,5472614,5472614,244000,244000,0,0,0,0,246,246,244,244,1322,1322,CONSISTENT
7770,245454,35000,35000,0,0,0,0,0,754706,35,245419,35,247,247,492,664,1,1000,658,247,247,247,246,246,16,1,35000,35,35,35,10,492,10,492,35000,35,35000,35,754706,35,5487886,999.9447405703887,245000,245000,5472614,5472614,245000,245000,0,0,0,0,246,246,245,245,664,664,CONSISTENT
7780,245703,35000,35000,0,0,0,0,0,754706,35,245668,35,247,247,492,913,1,1000,658,247,247,247,246,246,26,1,35000,35,35,35,10,492,10,492,35000,35,35000,35,754706,35,5493613,999.9447405703887,245000,245000,5472614,5472614,245000,245000,0,0,0,0,246,246,245,245,913,913,CONSISTENT
7790,246094,35000,35000,0,0,0,0,0,754706,35,246059,35,248,248,493,1304,2,0,1077,248,248,248,246,246,4,1,35000,35,35,35,10,493,10,493,35000,35,35000,35,754706,35,5502606,999.9447405703887,246000,246000,5495614,5495614,245000,245000,0,0,0,0,247,247,245,245,1305,1306,TORN-PERSISTENT
7800,246333,35000,35000,0,0,0,0,0,754706,35,246298,35,248,248,494,544,1,1000,541,248,248,248,247,247,14,1,35000,35,35,35,10,494,10,494,35000,35,35000,35,754706,35,5508126,999.9447405703887,246000,246000,5495614,5495614,246000,246000,0,0,0,0,247,247,246,246,544,544,CONSISTENT
7810,246601,35000,35000,0,0,0,0,0,754706,35,246566,35,248,248,494,812,1,1000,541,248,248,248,247,247,24,1,35000,35,35,35,10,494,10,494,35000,35,35000,35,754706,35,5514290,0,246000,246000,5495614,5495614,246000,246000,0,0,0,0,247,247,246,246,815,816,TORN-PERSISTENT
7820,246995,35000,35000,0,0,0,0,0,754706,35,246960,35,249,249,495,1206,2,0,1006,249,249,249,247,247,4,1,35000,35,35,35,10,495,10,495,35000,35,35000,35,754706,35,5523352,0,247000,247000,5518614,5518614,246000,246000,0,0,0,0,248,248,246,246,1206,1206,CONSISTENT
7830,247386,35000,35000,0,0,0,0,0,754706,35,247351,35,249,249,495,1597,2,0,1006,249,249,249,247,247,14,1,35000,35,35,35,10,495,10,495,35000,35,35000,35,754706,35,5532345,0,247000,247000,5518614,5518614,246000,246000,0,0,0,0,248,248,246,246,1597,1597,CONSISTENT
7840,247690,35000,35000,0,0,0,0,0,754706,35,247655,35,249,249,496,902,1,1000,890,249,249,249,248,248,24,1,35000,35,35,35,10,496,10,496,35000,35,35000,35,754706,35,5539360,0,247000,247000,5518614,5518614,247000,247000,0,0,0,0,248,248,247,247,902,902,CONSISTENT
7850,247946,35000,35000,0,0,0,0,0,754706,35,247911,35,250,250,497,1158,2,0,1069,250,250,250,248,248,2,1,35000,35,35,35,10,497,10,497,35000,35,35000,35,754706,35,5545248,0,248000,248000,5541614,5541614,247000,247000,0,0,0,0,249,249,247,247,1158,1158,CONSISTENT
7860,248337,35000,35000,0,0,0,0,0,754706,35,248302,35,250,250,497,1549,2,0,1069,250,250,250,248,248,12,1,35000,35,35,35,10,497,10,497,35000,35,35000,35,754706,35,5554264,0,248000,248000,5541614,5541614,247000,247000,0,0,0,0,249,249,247,247,1553,1554,TORN-PERSISTENT
7870,248539,35000,35000,0,0,0,0,0,754706,35,248504,35,250,250,498,752,1,1000,640,250,250,250,249,249,22,1,35000,35,35,35,10,498,10,498,35000,35,35000,35,754706,35,5558910,0,248000,248000,5541614,5541614,248000,248000,0,0,0,0,249,249,248,248,752,752,CONSISTENT
7880,248934,35000,35000,0,0,0,0,0,754706,35,248899,35,251,251,499,1147,2,0,1031,251,251,251,249,249,2,1,35000,35,35,35,10,499,10,499,35000,35,35000,35,754706,35,5567995,0,249000,249000,5564614,5564614,248000,248000,0,0,0,0,250,250,248,248,1150,1150,CONSISTENT
7890,249291,35000,35000,0,0,0,0,0,754706,35,249256,35,251,251,499,1504,2,0,1031,251,251,251,249,249,12,1,35000,35,35,35,10,499,10,499,35000,35,35000,35,754706,35,5576206,0,249000,249000,5564614,5564614,248000,248000,0,0,0,0,250,250,248,248,1504,1504,CONSISTENT
7900,249498,35000,35000,0,0,0,0,0,754706,35,249463,35,251,251,500,712,1,1000,668,251,251,251,250,250,22,1,35000,35,35,35,10,500,10,500,35000,35,35000,35,754706,35,5580990,0,249000,249000,5564614,5564614,249000,249000,0,0,0,0,250,250,249,249,713,713,CONSISTENT
7910,249887,35000,35000,0,0,0,0,0,754706,35,249852,35,252,252,501,1101,2,0,1079,252,252,252,250,250,0,1,35000,35,35,35,10,501,10,501,35000,35,35000,35,754706,35,5589937,0,250000,250000,5587614,5587614,249000,249000,0,0,0,0,251,251,249,249,1103,1103,CONSISTENT
7920,250268,35000,35000,0,0,0,0,0,754706,35,250233,35,252,252,501,1482,2,0,1079,252,252,252,250,250,10,1,35000,35,35,35,10,501,10,501,35000,35,35000,35,754706,35,5598700,0,250000,250000,5587614,5587614,249000,249000,0,0,0,0,251,251,249,249,1482,1482,CONSISTENT
7931,250466,35000,35000,0,0,0,0,0,754706,35,250431,35,252,252,502,681,1,1000,593,252,252,252,251,251,20,1,35000,35,35,35,10,502,10,502,35000,35,35000,35,754706,35,5603300,0,250000,250000,5587614,5587614,250000,250000,0,0,0,0,251,251,250,250,684,684,CONSISTENT
7940,250822,35000,35000,0,0,0,0,0,754706,35,250787,35,252,252,502,1037,2,1000,593,252,253,252,251,251,28,1,35000,35,35,35,10,502,10,502,35000,35,35000,35,754706,35,5611465,0,251000,251000,5610614,5610614,250000,250000,0,0,0,0,252,252,250,250,1040,1040,CONSISTENT
7950,251213,35000,35000,0,0,0,0,0,754706,35,251178,35,253,253,503,1428,2,0,1042,253,253,253,251,251,10,1,35000,35,35,35,10,503,10,503,35000,35,35000,35,754706,35,5620458,0,251000,251000,5610614,5610614,250000,250000,0,0,0,0,252,252,250,250,1430,1431,TORN-PERSISTENT
7960,251421,35000,35000,0,0,0,0,0,754706,35,251386,35,253,253,504,637,1,1000,528,253,253,253,252,252,20,1,35000,35,35,35,10,504,10,504,35000,35,35000,35,754706,35,5625265,0,251000,251000,5610614,5610614,251000,251000,0,0,0,0,252,252,251,251,639,641,TORN-PERSISTENT
7970,251814,35000,35000,0,0,0,0,0,754706,35,251779,35,254,254,505,1030,2,0,1009,254,254,254,252,252,0,1,35000,35,35,35,10,505,10,505,35000,35,35000,35,754706,35,5634304,0,252000,252000,5633614,5633614,251000,251000,0,0,0,0,253,253,251,251,1032,1032,CONSISTENT
7980,252167,35000,35000,0,0,0,0,0,754706,35,252132,35,254,254,505,1383,2,0,1009,254,254,254,252,252,8,1,35000,35,35,35,10,505,10,505,35000,35,35000,35,754706,35,5642423,0,252000,252000,5633614,5633614,251000,251000,0,0,0,0,253,253,251,251,1383,1383,CONSISTENT
7990,252563,35000,35000,0,0,0,0,0,754706,35,252528,35,254,254,505,1779,2,0,1009,254,254,254,252,252,18,1,35000,35,35,35,10,505,10,505,35000,35,35000,35,754706,35,5651531,0,252000,252000,5633614,5633614,251000,251000,0,0,0,0,253,253,251,251,1781,1781,CONSISTENT
8000,252762,35000,35000,0,0,0,0,0,754706,35,252727,35,254,254,506,979,1,1000,904,254,254,254,253,253,28,1,35000,35,35,35,10,506,10,506,35000,35,35000,35,754706,35,5656154,0,252000,252000,5633614,5633614,252000,252000,0,0,0,0,253,253,252,252,983,983,CONSISTENT
8010,253151,35000,35000,0,0,0,0,0,754706,35,253116,35,255,255,507,1368,2,0,1059,255,255,255,253,253,8,1,35000,35,35,35,10,507,10,507,35000,35,35000,35,754706,35,5665078,0,253000,253000,5656614,5656614,252000,252000,0,0,0,0,254,254,252,252,1368,1368,CONSISTENT
8020,253497,35000,35000,0,0,0,0,0,754706,35,253462,35,255,255,507,1714,2,0,1059,255,255,255,253,253,16,1,35000,35,35,35,10,507,10,507,35000,35,35000,35,754706,35,5673036,0,253000,253000,5656614,5656614,252000,252000,0,0,0,0,254,254,252,252,1714,1714,CONSISTENT
8030,253702,35000,35000,0,0,0,0,0,754706,35,253667,35,255,255,508,920,1,1000,759,255,255,255,254,254,26,1,35000,35,35,35,10,508,10,508,35000,35,35000,35,754706,35,5677797,0,253000,253000,5656614,5656614,253000,253000,0,0,0,0,254,254,253,253,922,922,CONSISTENT
8040,254083,35000,35000,0,0,0,0,0,754706,35,254048,35,256,256,509,1301,2,0,1012,256,256,256,254,254,6,1,35000,35,35,35,10,509,10,509,35000,35,35000,35,754706,35,5686537,0,254000,254000,5679614,5679614,253000,253000,0,0,0,0,255,255,253,253,1301,1301,CONSISTENT
8050,254464,35000,35000,0,0,0,0,0,754706,35,254429,35,256,256,510,683,1,1000,677,256,256,256,255,255,17,1,35000,35,35,35,10,510,10,510,35000,35,35000,35,754706,35,5695323,0,254000,254000,5679614,5679614,254000,254000,0,0,0,0,255,255,254,254,683,683,CONSISTENT
8060,254671,35000,35000,0,0,0,0,0,754706,35,254636,35,256,256,510,890,1,1000,677,256,256,256,255,255,26,1,35000,35,35,35,10,510,10,510,35000,35,35000,35,754706,35,5700084,0,254000,254000,5679614,5679614,254000,254000,0,0,0,0,255,255,254,254,891,891,CONSISTENT
8070,255017,35000,35000,0,0,0,0,0,754706,35,254982,35,257,257,511,1236,2,0,1049,257,257,257,255,255,4,1,35000,35,35,35,10,511,10,511,35000,35,35000,35,754706,35,5708042,0,255000,255000,5702614,5702614,254000,254000,0,0,0,0,256,256,254,254,1237,1237,CONSISTENT
8080,255387,35000,35000,0,0,0,0,0,754706,35,255352,35,257,257,512,607,1,1000,601,257,257,257,256,256,15,1,35000,35,35,35,10,512,10,512,35000,35,35000,35,754706,35,5716598,0,255000,255000,5702614,5702614,255000,255000,0,0,0,0,256,256,255,255,608,608,CONSISTENT
8090,255597,35000,35000,0,0,0,0,0,754706,35,255562,35,257,257,512,817,1,1000,601,257,257,257,256,256,24,1,35000,35,35,35,10,512,10,512,35000,35,35000,35,754706,35,5721405,0,255000,255000,5702614,5702614,255000,255000,0,0,0,0,256,256,255,255,820,820,CONSISTENT
8100,255980,35000,35000,0,0,0,0,0,754706,35,255945,35,258,258,513,1200,2,0,1072,258,258,258,256,256,2,1,35000,35,35,35,10,513,10,513,35000,35,35000,35,754706,35,5730214,0,256000,256000,5725614,5725614,255000,255000,0,0,0,0,257,257,255,255,1200,1200,CONSISTENT
8110,256112,35000,35000,0,0,0,0,0,754706,35,256077,35,258,258,514,333,1,1000,325,258,258,258,257,257,12,1,35000,35,35,35,10,514,10,514,35000,35,35000,35,754706,35,5733273,0,256000,256000,5725614,5725614,256000,256000,0,0,0,0,257,257,256,256,333,333,CONSISTENT
8120,256432,35000,35000,0,0,0,0,0,754706,35,256397,35,258,258,514,653,1,1000,325,258,258,258,257,257,22,1,35000,35,35,35,10,514,10,514,35000,35,35000,35,754706,35,5740633,0,256000,256000,5725614,5725614,256000,256000,0,0,0,0,257,257,256,256,653,653,CONSISTENT
8130,256831,35000,35000,0,0,0,0,0,754706,35,256796,35,259,259,515,1052,2,0,1028,259,259,259,257,257,0,1,35000,35,35,35,10,515,10,515,35000,35,35000,35,754706,35,5749810,0,257000,257000,5748614,5748614,256000,256000,0,0,0,0,258,258,256,256,1054,1055,TORN-PERSISTENT
8140,257230,35000,35000,0,0,0,0,0,754706,35,257195,35,259,259,515,1451,2,0,1028,259,259,259,257,257,10,1,35000,35,35,35,10,515,10,515,35000,35,35000,35,754706,35,5758987,0,257000,257000,5748614,5748614,256000,256000,0,0,0,0,258,258,256,256,1452,1452,CONSISTENT
8150,257517,35000,35000,0,0,0,0,0,754706,35,257482,35,259,259,516,739,1,1000,734,259,259,259,258,258,20,1,35000,35,35,35,10,516,10,516,35000,35,35000,35,754706,35,5765611,0,257000,257000,5748614,5748614,257000,257000,0,0,0,0,258,258,257,257,739,739,CONSISTENT
8160,257789,35000,35000,0,0,0,0,0,754706,35,257754,35,260,260,517,1011,2,0,1001,260,260,260,258,258,0,1,35000,35,35,35,10,517,10,517,35000,35,35000,35,754706,35,5771867,0,258000,258000,5771614,5771614,257000,257000,0,0,0,0,259,259,257,257,1012,1012,CONSISTENT
8170,258183,35000,35000,0,0,0,0,0,754706,35,258148,35,260,260,517,1405,2,0,1001,260,260,260,258,258,10,1,35000,35,35,35,10,517,10,517,35000,35,35000,35,754706,35,5780929,0,258000,258000,5771614,5771614,257000,257000,0,0,0,0,259,259,257,257,1405,1405,CONSISTENT
8180,258385,35000,35000,0,0,0,0,0,754706,35,258350,35,260,260,518,608,1,1000,605,260,260,260,259,259,20,1,35000,35,35,35,10,518,10,518,35000,35,35000,35,754706,35,5785598,0,258000,258000,5771614,5771614,258000,258000,0,0,0,0,259,259,258,258,608,608,CONSISTENT
8190,258769,35000,35000,0,0,0,0,0,754706,35,258734,35,260,260,518,992,1,1000,605,260,260,260,259,259,30,1,35000,35,35,35,10,518,10,518,35000,35,35000,35,754706,35,5794430,0,258000,258000,5771614,5771614,258000,258000,0,0,0,0,259,259,258,258,994,995,TORN-PERSISTENT
8200,259160,35000,35000,0,0,0,0,0,754706,35,259125,35,261,261,519,1383,2,0,1126,261,261,261,259,259,6,1,35000,35,35,35,10,519,10,519,35000,35,35000,35,754706,35,5803423,0,259000,259000,5794614,5794614,258000,258000,0,0,0,0,260,260,258,258,1384,1384,CONSISTENT
8210,259327,35000,35000,0,0,0,0,0,754706,35,259292,35,261,261,520,551,1,1000,490,261,261,261,260,260,14,1,35000,35,35,35,10,520,10,520,35000,35,35000,35,754706,35,5807287,0,259000,259000,5794614,5794614,259000,259000,0,0,0,0,260,260,259,259,553,553,CONSISTENT
8220,259723,35000,35000,0,0,0,0,0,754706,35,259688,35,261,261,520,947,1,1000,490,261,261,261,260,260,26,1,35000,35,35,35,10,520,10,520,35000,35,35000,35,754706,35,5816441,0,259000,259000,5794614,5794614,259000,259000,0,0,0,0,260,260,259,259,950,950,CONSISTENT
8230,260115,35000,35000,0,0,0,0,0,754706,35,260080,35,262,262,521,1339,2,0,1017,262,262,262,260,260,8,1,35000,35,35,35,10,521,10,521,35000,35,35000,35,754706,35,5825411,0,260000,260000,5817614,5817614,259000,259000,0,0,0,0,261,261,259,259,1341,1341,CONSISTENT
8240,260508,35000,35000,0,0,0,0,0,754706,35,260473,35,262,262,521,1732,2,0,1017,262,262,262,260,260,18,1,35000,35,35,35,10,521,10,521,35000,35,35000,35,754706,35,5834450,0,260000,260000,5817614,5817614,259000,259000,0,0,0,0,261,261,259,259,1734,1734,CONSISTENT
8250,260695,35000,35000,0,0,0,0,0,754706,35,260660,35,262,262,522,920,1,1000,905,262,262,262,261,261,26,1,35000,35,35,35,10,522,10,522,35000,35,35000,35,754706,35,5838774,0,260000,260000,5817614,5817614,260000,260000,0,0,0,0,261,261,260,260,920,920,CONSISTENT
8260,261083,35000,35000,0,0,0,0,0,754706,35,261048,35,263,263,523,1308,2,0,1002,263,263,263,261,261,6,1,35000,35,35,35,10,523,10,523,35000,35,35000,35,754706,35,5847698,0,261000,261000,5840614,5840614,260000,260000,0,0,0,0,262,262,260,260,1312,1312,CONSISTENT
8270,261363,35000,35000,0,0,0,0,0,754706,35,261328,35,263,263,524,589,1,1000,583,263,263,263,262,262,16,1,35000,35,35,35,10,524,10,524,35000,35,35000,35,754706,35,5854161,0,261000,261000,5840614,5840614,261000,261000,0,0,0,0,262,262,261,261,589,589,CONSISTENT
8280,261673,35000,35000,0,0,0,0,0,754706,35,261638,35,263,263,524,899,1,1000,583,263,263,263,262,262,26,1,35000,35,35,35,10,524,10,524,35000,35,35000,35,754706,35,5861291,0,261000,261000,5840614,5840614,261000,261000,0,0,0,0,262,262,261,261,901,901,CONSISTENT
8290,262066,35000,35000,0,0,0,0,0,754706,35,262031,35,264,264,525,1292,2,0,1054,264,264,264,262,262,6,1,35000,35,35,35,10,525,10,525,35000,35,35000,35,754706,35,5870330,0,262000,262000,5863614,5863614,261000,261000,0,0,0,0,263,263,261,261,1296,1296,CONSISTENT
8300,262359,35000,35000,0,0,0,0,0,754706,35,262324,35,264,264,525,1585,2,0,1054,264,264,264,262,262,14,1,35000,35,35,35,10,525,10,525,35000,35,35000,35,754706,35,5877069,0,262000,262000,5863614,5863614,261000,261000,0,0,0,0,263,263,261,261,1585,1585,CONSISTENT
8310,262561,35000,35000,0,0,0,0,0,754706,35,262526,35,264,264,526,788,1,1000,714,264,264,264,263,263,24,1,35000,35,35,35,10,526,10,526,35000,35,35000,35,754706,35,5881738,0,262000,262000,5863614,5863614,262000,262000,0,0,0,0,263,263,262,262,792,792,CONSISTENT
8320,262956,35000,35000,0,0,0,0,0,754706,35,262921,35,265,265,527,1183,2,0,1035,265,265,265,263,263,2,1,35000,35,35,35,10,527,10,527,35000,35,35000,35,754706,35,5890823,0,263000,263000,5886614,5886614,262000,262000,0,0,0,0,264,264,262,262,1185,1185,CONSISTENT
8330,263347,35000,35000,0,0,0,0,0,754706,35,263312,35,265,265,527,1574,2,0,1035,265,265,265,263,263,12,1,35000,35,35,35,10,527,10,527,35000,35,35000,35,754706,35,5899816,0,263000,263000,5886614,5886614,262000,262000,0,0,0,0,264,264,262,262,1575,1575,CONSISTENT
8340,263510,35000,35000,0,0,0,0,0,754706,35,263475,35,265,265,528,738,1,1000,582,265,265,265,264,264,22,1,35000,35,35,35,10,528,10,528,35000,35,35000,35,754706,35,5903588,0,263000,263000,5886614,5886614,263000,263000,0,0,0,0,264,264,263,263,738,738,CONSISTENT
8350,263893,35000,35000,0,0,0,0,0,754706,35,263858,35,266,266,529,1121,2,0,1007,266,266,266,264,264,2,1,35000,35,35,35,10,529,10,529,35000,35,35000,35,754706,35,5912397,0,264000,264000,5909614,5909614,263000,263000,0,0,0,0,265,265,263,263,1121,1121,CONSISTENT
8360,264280,35000,35000,0,0,0,0,0,754706,35,264245,35,266,266,529,1508,2,0,1007,266,266,266,264,264,12,1,35000,35,35,35,10,529,10,529,35000,35,35000,35,754706,35,5921321,0,264000,264000,5909614,5909614,263000,263000,0,0,0,0,265,265,263,263,1510,1510,CONSISTENT
8370,264674,35000,35000,0,0,0,0,0,754706,35,264639,35,266,266,529,1902,2,0,1007,266,266,266,264,264,22,1,35000,35,35,35,10,529,10,529,35000,35,35000,35,754706,35,5930360,0,264000,264000,5909614,5909614,263000,263000,0,0,0,0,265,265,263,263,1902,1902,CONSISTENT
8380,264877,35000,35000,0,0,0,0,0,754706,35,264842,35,267,267,531,1106,2,0,1032,267,267,267,265,265,0,1,35000,35,35,35,10,531,10,531,35000,35,35000,35,754706,35,5935052,0,265000,265000,5932614,5932614,264000,264000,0,0,0,0,266,266,264,264,1107,1107,CONSISTENT
8390,265232,35000,35000,0,0,0,0,0,754706,35,265197,35,267,267,531,1461,2,0,1032,267,267,267,265,265,10,1,35000,35,35,35,10,531,10,531,35000,35,35000,35,754706,35,5943217,0,265000,265000,5932614,5932614,264000,264000,0,0,0,0,266,266,264,264,1461,1461,CONSISTENT
8400,265433,35000,35000,0,0,0,0,0,754706,35,265398,35,267,267,532,663,1,1000,645,267,267,267,266,266,20,1,35000,35,35,35,10,532,10,532,35000,35,35000,35,754706,35,5947863,0,265000,265000,5932614,5932614,265000,265000,0,0,0,0,266,266,265,265,666,666,CONSISTENT
8410,265712,35000,35000,0,0,0,0,0,754706,35,265677,35,267,267,532,942,1,1000,645,267,267,267,266,266,30,1,35000,35,35,35,10,532,10,532,35000,35,35000,35,754706,35,5954280,0,265000,265000,5932614,5932614,265000,265000,0,0,0,0,266,266,265,265,944,944,CONSISTENT
8420,266110,35000,35000,0,0,0,0,0,754706,35,266075,35,268,268,533,1340,2,0,1073,268,268,268,266,266,6,1,35000,35,35,35,10,533,10,533,35000,35,35000,35,754706,35,5963434,0,266000,266000,5955614,5955614,265000,265000,0,0,0,0,267,267,265,265,1341,1341,CONSISTENT
8431,266315,35000,35000,0,0,0,0,0,754706,35,266280,35,268,268,534,546,1,1000,535,268,268,268,267,267,16,1,35000,35,35,35,10,534,10,534,35000,35,35000,35,754706,35,5968172,0,266000,266000,5955614,5955614,266000,266000,0,0,0,0,267,267,266,266,547,547,CONSISTENT
8440,266669,35000,35000,0,0,0,0,0,754706,35,266634,35,268,268,534,900,1,1000,535,268,268,268,267,267,26,1,35000,35,35,35,10,534,10,534,35000,35,35000,35,754706,35,5976314,0,266000,266000,5955614,5955614,266000,266000,0,0,0,0,267,267,266,266,900,900,CONSISTENT
8450,267059,35000,35000,0,0,0,0,0,754706,35,267024,35,269,269,535,1290,2,0,1041,269,269,269,267,267,6,1,35000,35,35,35,10,535,10,535,35000,35,35000,35,754706,35,5985284,0,267000,267000,5978614,5978614,266000,266000,0,0,0,0,268,268,266,266,1290,1290,CONSISTENT
8460,267443,35000,35000,0,0,0,0,0,754706,35,267408,35,269,269,535,1674,2,0,1041,269,269,269,267,267,16,1,35000,35,35,35,10,535,10,535,35000,35,35000,35,754706,35,5994139,0,267000,267000,5978614,5978614,266000,266000,0,0,0,0,268,268,266,266,1675,1675,CONSISTENT
8470,267642,35000,35000,0,0,0,0,0,754706,35,267607,35,269,269,536,874,1,1000,779,269,269,269,268,268,26,1,35000,35,35,35,10,536,10,536,35000,35,35000,35,754706,35,5998716,0,267000,267000,5978614,5978614,267000,267000,0,0,0,0,268,268,267,267,876,877,TORN-PERSISTENT
8480,268002,35000,35000,0,0,0,0,0,754706,35,267967,35,270,270,537,1234,2,0,1010,270,270,270,268,268,4,1,35000,35,35,35,10,537,10,537,35000,35,35000,35,754706,35,6006996,0,268000,268000,6001614,6001614,267000,267000,0,0,0,0,269,269,267,267,1234,1234,CONSISTENT
8490,268386,35000,35000,0,0,0,0,0,754706,35,268351,35,270,270,537,1618,2,0,1010,270,270,270,268,268,16,1,35000,35,35,35,10,537,10,537,35000,35,35000,35,754706,35,6015828,0,268000,268000,6001614,6001614,267000,267000,0,0,0,0,269,269,267,267,1619,1619,CONSISTENT
8500,268592,35000,35000,0,0,0,0,0,754706,35,268557,35,270,270,538,825,1,1000,819,270,270,270,269,269,26,1,35000,35,35,35,10,538,10,538,35000,35,35000,35,754706,35,6020589,0,268000,268000,6001614,6001614,268000,268000,0,0,0,0,269,269,268,268,825,825,CONSISTENT
8510,268988,35000,35000,0,0,0,0,0,754706,35,268953,35,271,271,539,1221,2,0,1053,271,271,271,269,269,4,1,35000,35,35,35,10,539,10,539,35000,35,35000,35,754706,35,6029697,0,269000,269000,6024614,6024614,268000,268000,0,0,0,0,270,270,268,268,1222,1222,CONSISTENT
8520,269377,35000,35000,0,0,0,0,0,754706,35,269342,35,271,271,539,1610,2,0,1053,271,271,271,269,269,14,1,35000,35,35,35,10,539,10,539,35000,35,35000,35,754706,35,6038644,0,269000,269000,6024614,6024614,268000,268000,0,0,0,0,270,270,268,268,1610,1610,CONSISTENT
8530,269546,35000,35000,0,0,0,0,0,754706,35,269511,35,271,271,540,780,1,1000,717,271,271,271,270,270,22,1,35000,35,35,35,10,540,10,540,35000,35,35000,35,754706,35,6042554,0,269000,269000,6024614,6024614,269000,269000,0,0,0,0,270,270,269,269,782,783,TORN-PERSISTENT
8540,269941,35000,35000,0,0,0,0,0,754706,35,269906,35,272,272,541,1175,2,0,1020,272,272,272,270,270,4,1,35000,35,35,35,10,541,10,541,35000,35,35000,35,754706,35,6051639,0,270000,270000,6047614,6047614,269000,269000,0,0,0,0,271,271,269,269,1176,1176,CONSISTENT
8550,270327,35000,35000,0,0,0,0,0,754706,35,270292,35,272,272,541,1561,2,0,1020,272,272,272,270,270,12,1,35000,35,35,35,10,541,10,541,35000,35,35000,35,754706,35,6060517,0,270000,270000,6047614,6047614,269000,269000,0,0,0,0,271,271,269,269,1561,1561,CONSISTENT
8560,270533,35000,35000,0,0,0,0,0,754706,35,270498,35,272,272,542,768,1,1000,597,272,272,272,271,271,24,1,35000,35,35,35,10,542,10,542,35000,35,35000,35,754706,35,6065278,0,270000,270000,6047614,6047614,270000,270000,0,0,0,0,271,271,270,270,770,770,CONSISTENT
8571,270926,35000,35000,0,0,0,0,0,754706,35,270891,35,273,273,543,1161,2,0,1001,273,273,273,271,271,4,1,35000,35,35,35,10,543,10,543,35000,35,35000,35,754706,35,6074317,0,271000,271000,6070614,6070614,270000,270000,0,0,0,0,272,272,270,270,1162,1162,CONSISTENT
8580,271286,35000,35000,0,0,0,0,0,754706,35,271251,35,273,273,543,1521,2,0,1001,273,273,273,271,271,12,1,35000,35,35,35,10,543,10,543,35000,35,35000,35,754706,35,6082597,0,271000,271000,6070614,6070614,270000,270000,0,0,0,0,272,272,270,270,1524,1524,CONSISTENT
8590,271679,35000,35000,0,0,0,0,0,754706,35,271644,35,273,273,543,1914,2,0,1001,273,273,273,271,271,22,1,35000,35,35,35,10,543,10,543,35000,35,35000,35,754706,35,6091636,0,271000,271000,6070614,6070614,270000,270000,0,0,0,0,272,272,270,270,1915,1915,CONSISTENT
8600,271880,35000,35000,0,0,0,0,0,754706,35,271845,35,274,274,545,1116,2,0,1042,274,274,274,272,272,0,1,35000,35,35,35,10,545,10,545,35000,35,35000,35,754706,35,6096282,0,272000,272000,6093614,6093614,271000,271000,0,0,0,0,273,273,271,271,1116,1116,CONSISTENT
8610,272270,35000,35000,0,0,0,0,0,754706,35,272235,35,274,274,546,507,1,1000,503,274,274,274,273,273,11,1,35000,35,35,35,10,546,10,546,35000,35,35000,35,754706,35,6105275,0,272000,272000,6093614,6093614,272000,272000,0,0,0,0,273,273,272,272,509,509,CONSISTENT
8620,272441,35000,35000,0,0,0,0,0,754706,35,272406,35,274,274,546,678,1,1000,503,274,274,274,273,273,20,1,35000,35,35,35,10,546,10,546,35000,35,35000,35,754706,35,6109231,0,272000,272000,6093614,6093614,272000,272000,0,0,0,0,273,273,272,272,682,682,CONSISTENT
8630,272830,35000,35000,0,0,0,0,0,754706,35,272795,35,275,275,547,1067,2,0,1021,275,275,275,273,273,0,1,35000,35,35,35,10,547,10,547,35000,35,35000,35,754706,35,6118178,0,273000,273000,6116614,6116614,272000,272000,0,0,0,0,274,274,272,272,1069,1069,CONSISTENT
8640,273222,35000,35000,0,0,0,0,0,754706,35,273187,35,275,275,547,1459,2,0,1021,275,275,275,273,273,10,1,35000,35,35,35,10,547,10,547,35000,35,35000,35,754706,35,6127171,0,273000,273000,6116614,6116614,272000,272000,0,0,0,0,274,274,272,272,1460,1460,CONSISTENT
8650,273565,35000,35000,0,0,0,0,0,754706,35,273530,35,275,275,548,803,1,1000,790,275,275,275,274,274,20,1,35000,35,35,35,10,548,10,548,35000,35,35000,35,754706,35,6135083,0,273000,273000,6116614,6116614,273000,273000,0,0,0,0,274,274,273,273,803,803,CONSISTENT
8660,273818,35000,35000,0,0,0,0,0,754706,35,273783,35,275,275,548,1056,2,1000,790,275,276,275,274,274,30,1,35000,35,35,35,10,548,10,548,35000,35,35000,35,754706,35,6140902,0,274000,274000,6139614,6139614,273000,273000,0,0,0,0,275,275,273,273,1059,1059,CONSISTENT
8670,274172,35000,35000,0,0,0,0,0,754706,35,274137,35,276,276,549,1410,2,0,1066,276,276,276,274,274,8,1,35000,35,35,35,10,549,10,549,35000,35,35000,35,754706,35,6149044,0,274000,274000,6139614,6139614,273000,273000,0,0,0,0,275,275,273,273,1410,1410,CONSISTENT
8680,274442,35000,35000,0,0,0,0,0,754706,35,274407,35,276,276,550,681,1,1000,678,276,276,276,275,275,18,1,35000,35,35,35,10,550,10,550,35000,35,35000,35,754706,35,6155277,0,274000,274000,6139614,6139614,274000,274000,0,0,0,0,275,275,274,274,681,681,CONSISTENT
8690,274768,35000,35000,0,0,0,0,0,754706,35,274733,35,276,276,550,1007,2,1000,678,276,277,276,275,275,28,1,35000,35,35,35,10,550,10,550,35000,35,35000,35,754706,35,6162775,0,275000,275000,6162614,6162614,274000,274000,0,0,0,0,276,276,274,274,1007,1007,CONSISTENT
8700,275150,35000,35000,0,0,0,0,0,754706,35,275115,35,277,277,551,1389,2,0,1046,277,277,277,275,275,8,1,35000,35,35,35,10,551,10,551,35000,35,35000,35,754706,35,6171561,0,275000,275000,6162614,6162614,274000,274000,0,0,0,0,276,276,274,274,1389,1389,CONSISTENT
8711,275251,35000,35000,0,0,0,0,0,754706,35,275216,35,277,277,552,491,1,1000,390,277,277,277,276,276,17,1,35000,35,35,35,10,552,10,552,35000,35,35000,35,754706,35,6173907,0,275000,275000,6162614,6162614,275000,275000,0,0,0,0,276,276,275,275,492,492,CONSISTENT
8720,275606,35000,35000,0,0,0,0,0,754706,35,275571,35,277,277,552,846,1,1000,390,277,277,277,276,276,27,1,35000,35,35,35,10,552,10,552,35000,35,35000,35,754706,35,6182072,0,275000,275000,6162614,6162614,275000,275000,0,0,0,0,276,276,275,275,846,846,CONSISTENT
8730,275993,35000,35000,0,0,0,0,0,754706,35,275958,35,278,278,553,1233,2,0,1048,278,278,278,276,276,4,1,35000,35,35,35,10,553,10,553,35000,35,35000,35,754706,35,6190973,0,276000,276000,6185614,6185614,275000,275000,0,0,0,0,277,277,275,275,1234,1234,CONSISTENT
8740,276375,35000,35000,0,0,0,0,0,754706,35,276340,35,278,278,553,1615,2,0,1048,278,278,278,276,276,14,1,35000,35,35,35,10,553,10,553,35000,35,35000,35,754706,35,6199759,0,276000,276000,6185614,6185614,275000,275000,0,0,0,0,277,277,275,275,1618,1618,CONSISTENT
8750,276609,35000,35000,0,0,0,0,0,754706,35,276574,35,278,278,554,850,1,1000,840,278,278,278,277,277,24,1,35000,35,35,35,10,554,10,554,35000,35,35000,35,754706,35,6205164,0,276000,276000,6185614,6185614,276000,276000,0,0,0,0,277,277,276,276,850,850,CONSISTENT
8760,276926,35000,35000,0,0,0,0,0,754706,35,276891,35,279,279,555,1167,2,0,1015,279,279,279,277,277,4,1,35000,35,35,35,10,555,10,555,35000,35,35000,35,754706,35,6212455,0,277000,277000,6208614,6208614,276000,276000,0,0,0,0,278,278,276,276,1172,1173,TORN-PERSISTENT
8770,277317,35000,35000,0,0,0,0,0,754706,35,277282,35,279,279,555,1558,2,0,1015,279,279,279,277,277,14,1,35000,35,35,35,10,555,10,555,35000,35,35000,35,754706,35,6221471,0,277000,277000,6208614,6208614,276000,276000,0,0,0,0,278,278,276,276,1559,1559,CONSISTENT
8780,277519,35000,35000,0,0,0,0,0,754706,35,277484,35,279,279,556,761,1,1000,732,279,279,279,278,278,24,1,35000,35,35,35,10,556,10,556,35000,35,35000,35,754706,35,6226140,0,277000,277000,6208614,6208614,277000,277000,0,0,0,0,278,278,277,277,764,764,CONSISTENT
8790,277915,35000,35000,0,0,0,0,0,754706,35,277880,35,280,280,557,1157,2,0,1043,280,280,280,278,278,2,1,35000,35,35,35,10,557,10,557,35000,35,35000,35,754706,35,6235225,0,278000,278000,6231614,6231614,277000,277000,0,0,0,0,279,279,277,277,1161,1161,CONSISTENT
8800,278266,35000,35000,0,0,0,0,0,754706,35,278231,35,280,280,557,1508,2,0,1043,280,280,280,278,278,12,1,35000,35,35,35,10,557,10,557,35000,35,35000,35,754706,35,6243321,0,278000,278000,6231614,6231614,277000,277000,0,0,0,0,279,279,277,277,1509,1509,CONSISTENT
8810,278471,35000,35000,0,0,0,0,0,754706,35,278436,35,280,280,558,714,1,1000,634,280,280,280,279,279,22,1,35000,35,35,35,10,558,10,558,35000,35,35000,35,754706,35,6248036,0,278000,278000,6231614,6231614,278000,278000,0,0,0,0,279,279,278,278,715,715,CONSISTENT
8820,278864,35000,35000,0,0,0,0,0,754706,35,278829,35,281,281,559,1107,2,0,1008,281,281,281,279,279,2,1,35000,35,35,35,10,559,10,559,35000,35,35000,35,754706,35,6257075,0,279000,279000,6254614,6254614,278000,278000,0,0,0,0,280,280,278,278,1107,1107,CONSISTENT
8830,279244,35000,35000,0,0,0,0,0,754706,35,279209,35,281,281,559,1487,2,0,1008,281,281,281,279,279,12,1,35000,35,35,35,10,559,10,559,35000,35,35000,35,754706,35,6265815,0,279000,279000,6254614,6254614,278000,278000,0,0,0,0,280,280,278,278,1487,1487,CONSISTENT
8840,279503,35000,35000,0,0,0,0,0,754706,35,279468,35,281,281,560,747,1,1000,740,281,281,281,280,280,22,1,35000,35,35,35,10,560,10,560,35000,35,35000,35,754706,35,6271795,0,279000,279000,6254614,6254614,279000,279000,0,0,0,0,280,280,279,279,747,747,CONSISTENT
8850,279797,35000,35000,0,0,0,0,0,754706,35,279762,35,281,281,560,1041,2,1000,740,281,282,281,280,280,30,1,35000,35,35,35,10,560,10,560,35000,35,35000,35,754706,35,6278580,0,280000,280000,6277614,6277614,279000,279000,0,0,0,0,281,281,279,279,1045,1045,CONSISTENT
8860,280188,35000,35000,0,0,0,0,0,754706,35,280153,35,282,282,561,1432,2,0,1053,282,282,282,280,280,8,1,35000,35,35,35,10,561,10,561,35000,35,35000,35,754706,35,6287573,0,280000,280000,6277614,6277614,279000,279000,0,0,0,0,281,281,279,279,1435,1435,CONSISTENT
8870,280584,35000,35000,0,0,0,0,0,754706,35,280549,35,282,282,561,1828,2,0,1053,282,282,282,280,280,20,1,35000,35,35,35,10,561,10,561,35000,35,35000,35,754706,35,6296658,0,280000,280000,6277614,6277614,279000,279000,0,0,0,0,281,281,279,279,1829,1829,CONSISTENT
8880,280784,35000,35000,0,0,0,0,0,754706,35,280749,35,283,283,563,1029,2,0,1016,283,283,283,281,281,0,1,35000,35,35,35,10,563,10,563,35000,35,35000,35,754706,35,6301281,0,281000,281000,6300614,6300614,280000,280000,0,0,0,0,282,282,280,280,1032,1032,CONSISTENT
8890,281146,35000,35000,0,0,0,0,0,754706,35,281111,35,283,283,563,1391,2,0,1016,283,283,283,281,281,8,1,35000,35,35,35,10,563,10,563,35000,35,35000,35,754706,35,6309607,0,281000,281000,6300614,6300614,280000,280000,0,0,0,0,282,282,280,280,1393,1393,CONSISTENT
8900,281446,35000,35000,0,0,0,0,0,754706,35,281411,35,283,283,564,692,1,1000,689,283,283,283,282,282,18,1,35000,35,35,35,10,564,10,564,35000,35,35000,35,754706,35,6316530,0,281000,281000,6300614,6300614,281000,281000,0,0,0,0,282,282,281,281,692,692,CONSISTENT
8910,281728,35000,35000,0,0,0,0,0,754706,35,281693,35,283,283,564,974,1,1000,689,283,283,283,282,282,28,1,35000,35,35,35,10,564,10,564,35000,35,35000,35,754706,35,6323016,0,281000,281000,6300614,6300614,281000,281000,0,0,0,0,282,282,281,281,976,976,CONSISTENT
8920,282124,35000,35000,0,0,0,0,0,754706,35,282089,35,284,284,565,1370,2,0,1072,284,284,284,282,282,6,1,35000,35,35,35,10,565,10,565,35000,35,35000,35,754706,35,6332124,0,282000,282000,6323614,6323614,281000,281000,0,0,0,0,283,283,281,281,1373,1373,CONSISTENT
8930,282438,35000,35000,0,0,0,0,0,754706,35,282403,35,284,284,566,685,1,1000,680,284,284,284,283,283,18,1,35000,35,35,35,10,566,10,566,35000,35,35000,35,754706,35,6339369,0,282000,282000,6323614,6323614,282000,282000,0,0,0,0,283,283,282,282,685,685,CONSISTENT
8940,282674,35000,35000,0,0,0,0,0,754706,35,282639,35,284,284,566,921,1,1000,680,284,284,284,283,283,26,1,35000,35,35,35,10,566,10,566,35000,35,35000,35,754706,35,6344797,0,282000,282000,6323614,6323614,282000,282000,0,0,0,0,283,283,282,282,923,923,CONSISTENT
8950,283070,35000,35000,0,0,0,0,0,754706,35,283035,35,285,285,567,1317,2,0,1030,285,285,285,283,283,6,1,35000,35,35,35,10,567,10,567,35000,35,35000,35,754706,35,6353905,0,283000,283000,6346614,6346614,282000,282000,0,0,0,0,284,284,282,282,1319,1319,CONSISTENT
8960,283323,35000,35000,0,0,0,0,0,754706,35,283288,35,285,285,568,571,1,1000,559,285,285,285,284,284,16,1,35000,35,35,35,10,568,10,568,35000,35,35000,35,754706,35,6359747,0,283000,283000,6346614,6346614,283000,283000,0,0,0,0,284,284,283,283,571,571,CONSISTENT
8970,283670,35000,35000,0,0,0,0,0,754706,35,283635,35,285,285,568,918,1,1000,559,285,285,285,284,284,26,1,35000,35,35,35,10,568,10,568,35000,35,35000,35,754706,35,6367728,0,283000,283000,6346614,6346614,283000,283000,0,0,0,0,284,284,283,283,918,918,CONSISTENT
8981,284063,35000,35000,0,0,0,0,0,754706,35,284028,35,286,286,569,1311,2,0,1015,286,286,286,284,284,6,1,35000,35,35,35,10,569,10,569,35000,35,35000,35,754706,35,6376767,0,284000,284000,6369614,6369614,283000,283000,0,0,0,0,285,285,283,283,1312,1312,CONSISTENT
8990,284223,35000,35000,0,0,0,0,0,754706,35,284188,35,286,286,570,472,1,1000,446,286,286,286,285,285,16,1,35000,35,35,35,10,570,10,570,35000,35,35000,35,754706,35,6380470,0,284000,284000,6369614,6369614,284000,284000,0,0,0,0,285,285,284,284,473,474,TORN-PERSISTENT
9000,284616,35000,35000,0,0,0,0,0,754706,35,284581,35,286,286,570,865,1,1000,446,286,286,286,285,285,26,1,35000,35,35,35,10,570,10,570,35000,35,35000,35,754706,35,6389509,0,284000,284000,6369614,6369614,284000,284000,0,0,0,0,285,285,284,284,865,865,CONSISTENT
9010,284898,35000,35000,0,0,0,0,0,754706,35,284863,35,287,287,571,1147,2,0,1024,287,287,287,285,285,2,1,35000,35,35,35,10,571,10,571,35000,35,35000,35,754706,35,6395995,0,285000,285000,6392614,6392614,284000,284000,0,0,0,0,286,286,284,284,1149,1149,CONSISTENT
9020,285290,35000,35000,0,0,0,0,0,754706,35,285255,35,287,287,571,1539,2,0,1024,287,287,287,285,285,12,1,35000,35,35,35,10,571,10,571,35000,35,35000,35,754706,35,6405011,0,285000,285000,6392614,6392614,284000,284000,0,0,0,0,286,286,284,284,1539,1539,CONSISTENT
9030,285461,35000,35000,0,0,0,0,0,754706,35,285426,35,287,287,572,711,1,1000,632,287,287,287,286,286,22,1,35000,35,35,35,10,572,10,572,35000,35,35000,35,754706,35,6408967,0,285000,285000,6392614,6392614,285000,285000,0,0,0,0,286,286,285,285,716,716,CONSISTENT
9040,285855,35000,35000,0,0,0,0,0,754706,35,285820,35,288,288,573,1105,2,0,1008,288,288,288,286,286,2,1,35000,35,35,35,10,573,10,573,35000,35,35000,35,754706,35,6418029,0,286000,286000,6415614,6415614,285000,285000,0,0,0,0,287,287,285,285,1105,1105,CONSISTENT
9050,286243,35000,35000,0,0,0,0,0,754706,35,286208,35,288,288,573,1493,2,0,1008,288,288,288,286,286,12,1,35000,35,35,35,10,573,10,573,35000,35,35000,35,754706,35,6426953,0,286000,286000,6415614,6415614,285000,285000,0,0,0,0,287,287,285,285,1496,1498,TORN-PERSISTENT
9060,286453,35000,35000,0,0,0,0,0,754706,35,286418,35,288,288,574,704,1,1000,622,288,288,288,287,287,22,1,35000,35,35,35,10,574,10,574,35000,35,35000,35,754706,35,6431806,0,286000,286000,6415614,6415614,286000,286000,0,0,0,0,287,287,286,286,706,706,CONSISTENT
9070,286843,35000,35000,0,0,0,0,0,754706,35,286808,35,289,289,575,1094,2,0,1056,289,289,289,287,287,0,1,35000,35,35,35,10,575,10,575,35000,35,35000,35,754706,35,6440776,0,287000,287000,6438614,6438614,286000,286000,0,0,0,0,288,288,286,286,1098,1098,CONSISTENT
9080,287202,35000,35000,0,0,0,0,0,754706,35,287167,35,289,289,575,1453,2,0,1056,289,289,289,287,287,10,1,35000,35,35,35,10,575,10,575,35000,35,35000,35,754706,35,6449033,0,287000,287000,6438614,6438614,286000,286000,0,0,0,0,288,288,286,286,1455,1455,CONSISTENT
9090,287592,35000,35000,0,0,0,0,0,754706,35,287557,35,289,289,575,1843,2,0,1056,289,289,289,287,287,20,1,35000,35,35,35,10,575,10,575,35000,35,35000,35,754706,35,6458003,0,287000,287000,6438614,6438614,286000,286000,0,0,0,0,288,288,286,286,1843,1843,CONSISTENT
9100,287797,35000,35000,0,0,0,0,0,754706,35,287762,35,290,290,577,1049,2,0,1022,290,290,290,288,288,0,1,35000,35,35,35,10,577,10,577,35000,35,35000,35,754706,35,6462741,0,288000,288000,6461614,6461614,287000,287000,0,0,0,0,289,289,287,287,1049,1049,CONSISTENT
9110,288183,35000,35000,0,0,0,0,0,754706,35,288148,35,290,290,578,436,1,1000,436,290,290,290,289,289,10,1,35000,35,35,35,10,578,10,578,35000,35,35000,35,754706,35,6471642,0,288000,288000,6461614,6461614,288000,288000,0,0,0,0,289,289,288,288,436,436,CONSISTENT
9120,288352,35000,35000,0,0,0,0,0,754706,35,288317,35,290,290,578,605,1,1000,436,290,290,290,289,289,18,1,35000,35,35,35,10,578,10,578,35000,35,35000,35,754706,35,6475529,0,288000,288000,6461614,6461614,288000,288000,0,0,0,0,289,289,288,288,607,607,CONSISTENT
9130,288747,35000,35000,0,0,0,0,0,754706,35,288712,35,290,290,578,1000,1,1000,436,290,290,290,289,289,28,1,35000,35,35,35,10,578,10,578,35000,35,35000,35,754706,35,6484614,0,288000,288000,6461614,6461614,288000,288000,0,0,0,0,289,289,288,288,1000,1000,CONSISTENT
9140,289134,35000,35000,0,0,0,0,0,754706,35,289099,35,291,291,579,1387,2,0,1006,291,291,291,289,289,10,1,35000,35,35,35,10,579,10,579,35000,35,35000,35,754706,35,6493538,0,289000,289000,6484614,6484614,288000,288000,0,0,0,0,290,290,288,288,1393,1393,CONSISTENT
9150,289441,35000,35000,0,0,0,0,0,754706,35,289406,35,291,291,580,695,1,1000,686,291,291,291,290,290,20,1,35000,35,35,35,10,580,10,580,35000,35,35000,35,754706,35,6500599,0,289000,289000,6484614,6484614,289000,289000,0,0,0,0,290,290,289,289,695,695,CONSISTENT
9160,289733,35000,35000,0,0,0,0,0,754706,35,289698,35,291,291,580,987,1,1000,686,291,291,291,290,290,30,1,35000,35,35,35,10,580,10,580,35000,35,35000,35,754706,35,6507315,0,289000,289000,6484614,6484614,289000,289000,0,0,0,0,290,290,289,289,987,987,CONSISTENT
9170,290085,35000,35000,0,0,0,0,0,754706,35,290050,35,292,292,581,1339,2,0,1043,292,292,292,290,290,6,1,35000,35,35,35,10,581,10,581,35000,35,35000,35,754706,35,6515411,0,290000,290000,6507614,6507614,289000,289000,0,0,0,0,291,291,289,289,1339,1339,CONSISTENT
9180,290326,35000,35000,0,0,0,0,0,754706,35,290291,35,292,292,582,581,1,1000,572,292,292,292,291,291,16,1,35000,35,35,35,10,582,10,582,35000,35,35000,35,754706,35,6520977,0,290000,290000,6507614,6507614,290000,290000,0,0,0,0,291,291,290,290,581,581,CONSISTENT
9190,290684,35000,35000,0,0,0,0,0,754706,35,290649,35,292,292,582,939,1,1000,572,292,292,292,291,291,26,1,35000,35,35,35,10,582,10,582,35000,35,35000,35,754706,35,6529234,0,290000,290000,6507614,6507614,290000,290000,0,0,0,0,291,291,290,290,941,941,CONSISTENT
9200,291073,35000,35000,0,0,0,0,0,754706,35,291038,35,293,293,583,1328,2,0,1028,293,293,293,291,291,6,1,35000,35,35,35,10,583,10,583,35000,35,35000,35,754706,35,6538158,0,291000,291000,6530614,6530614,290000,290000,0,0,0,0,292,292,290,290,1329,1330,TORN-PERSISTENT
9210,291431,35000,35000,0,0,0,0,0,754706,35,291396,35,293,293,583,1686,2,0,1028,293,293,293,291,291,16,1,35000,35,35,35,10,583,10,583,35000,35,35000,35,754706,35,6546392,0,291000,291000,6530614,6530614,290000,290000,0,0,0,0,292,292,290,290,1688,1688,CONSISTENT
9220,291719,35000,35000,0,0,0,0,0,754706,35,291684,35,293,293,584,975,1,1000,966,293,293,293,292,292,26,1,35000,35,35,35,10,584,10,584,35000,35,35000,35,754706,35,6553039,0,291000,291000,6530614,6530614,291000,291000,0,0,0,0,292,292,291,291,975,975,CONSISTENT
9230,292020,35000,35000,0,0,0,0,0,754706,35,291985,35,294,294,585,1276,2,0,1067,294,294,294,292,292,4,1,35000,35,35,35,10,585,10,585,35000,35,35000,35,754706,35,6559962,0,292000,292000,6553614,6553614,291000,291000,0,0,0,0,293,293,291,291,1276,1276,CONSISTENT
9240,292223,35000,35000,0,0,0,0,0,754706,35,292188,35,294,294,586,480,1,1000,468,294,294,294,293,293,14,1,35000,35,35,35,10,586,10,586,35000,35,35000,35,754706,35,6564677,0,292000,292000,6553614,6553614,292000,292000,0,0,0,0,293,293,292,292,481,481,CONSISTENT
9250,292614,35000,35000,0,0,0,0,0,754706,35,292579,35,294,294,586,871,1,1000,468,294,294,294,293,293,24,1,35000,35,35,35,10,586,10,586,35000,35,35000,35,754706,35,6573647,0,292000,292000,6553614,6553614,292000,292000,0,0,0,0,293,293,292,292,874,874,CONSISTENT
9261,293002,35000,35000,0,0,0,0,0,754706,35,292967,35,295,295,587,1259,2,0,1045,295,295,295,293,293,4,1,35000,35,35,35,10,587,10,587,35000,35,35000,35,754706,35,6582571,0,293000,293000,6576614,6576614,292000,292000,0,0,0,0,294,294,292,292,1261,1261,CONSISTENT
9270,293353,35000,35000,0,0,0,0,0,754706,35,293318,35,295,295,587,1610,2,0,1045,295,295,295,293,293,14,1,35000,35,35,35,10,587,10,587,35000,35,35000,35,754706,35,6590644,0,293000,293000,6576614,6576614,292000,292000,0,0,0,0,294,294,292,292,1612,1612,CONSISTENT
9280,293556,35000,35000,0,0,0,0,0,754706,35,293521,35,295,295,588,814,1,1000,735,295,295,295,294,294,24,1,35000,35,35,35,10,588,10,588,35000,35,35000,35,754706,35,6595336,0,293000,293000,6576614,6576614,293000,293000,0,0,0,0,294,294,293,293,814,814,CONSISTENT
9290,293952,35000,35000,0,0,0,0,0,754706,35,293917,35,296,296,589,1210,2,0,1008,296,296,296,294,294,4,1,35000,35,35,35,10,589,10,589,35000,35,35000,35,754706,35,6604467,0,294000,294000,6599614,6599614,293000,293000,0,0,0,0,295,295,293,293,1211,1211,CONSISTENT
9300,294335,35000,35000,0,0,0,0,0,754706,35,294300,35,296,296,589,1593,2,0,1008,296,296,296,294,294,14,1,35000,35,35,35,10,589,10,589,35000,35,35000,35,754706,35,6613253,0,294000,294000,6599614,6599614,293000,293000,0,0,0,0,295,295,293,293,1593,1593,CONSISTENT
9311,294430,35000,35000,0,0,0,0,0,754706,35,294395,35,296,296,590,689,1,1000,594,296,296,296,295,295,24,1,35000,35,35,35,10,590,10,590,35000,35,35000,35,754706,35,6615461,0,294000,294000,6599614,6599614,294000,294000,0,0,0,0,295,295,294,294,691,691,CONSISTENT
9320,294789,35000,35000,0,0,0,0,0,754706,35,294754,35,297,297,591,1048,2,0,1036,297,297,297,295,295,0,1,35000,35,35,35,10,591,10,591,35000,35,35000,35,754706,35,6623718,0,295000,295000,6622614,6622614,294000,294000,0,0,0,0,296,296,294,294,1052,1052,CONSISTENT
9330,295177,35000,35000,0,0,0,0,0,754706,35,295142,35,297,297,591,1436,2,0,1036,297,297,297,295,295,10,1,35000,35,35,35,10,591,10,591,35000,35,35000,35,754706,35,6632642,0,295000,295000,6622614,6622614,294000,294000,0,0,0,0,296,296,294,294,1437,1437,CONSISTENT
9340,295540,35000,35000,0,0,0,0,0,754706,35,295505,35,297,297,592,800,1,1000,797,297,297,297,296,296,20,1,35000,35,35,35,10,592,10,592,35000,35,35000,35,754706,35,6641014,0,295000,295000,6622614,6622614,295000,295000,0,0,0,0,296,296,295,295,800,800,CONSISTENT
9350,295775,35000,35000,0,0,0,0,0,754706,35,295740,35,297,297,592,1035,2,1000,797,297,298,297,296,296,30,1,35000,35,35,35,10,592,10,592,35000,35,35000,35,754706,35,6646419,0,296000,296000,6645614,6645614,295000,295000,0,0,0,0,297,297,295,295,1036,1036,CONSISTENT
9360,296122,35000,35000,0,0,0,0,0,754706,35,296087,35,298,298,593,1382,2,0,1071,298,298,298,296,296,8,1,35000,35,35,35,10,593,10,593,35000,35,35000,35,754706,35,6654400,0,296000,296000,6645614,6645614,295000,295000,0,0,0,0,297,297,295,295,1382,1382,CONSISTENT
9370,296411,35000,35000,0,0,0,0,0,754706,35,296376,35,298,298,594,672,1,1000,670,298,298,298,297,297,18,1,35000,35,35,35,10,594,10,594,35000,35,35000,35,754706,35,6661070,0,296000,296000,6645614,6645614,296000,296000,0,0,0,0,297,297,296,296,672,672,CONSISTENT
9380,296714,35000,35000,0,0,0,0,0,754706,35,296679,35,298,298,594,975,1,1000,670,298,298,298,297,297,28,1,35000,35,35,35,10,594,10,594,35000,35,35000,35,754706,35,6668039,0,296000,296000,6645614,6645614,296000,296000,0,0,0,0,297,297,296,296,977,978,TORN-PERSISTENT
9390,297108,35000,35000,0,0,0,0,0,754706,35,297073,35,299,299,595,1369,2,0,1125,299,299,299,297,297,6,1,35000,35,35,35,10,595,10,595,35000,35,35000,35,754706,35,6677101,0,297000,297000,6668614,6668614,296000,296000,0,0,0,0,298,298,296,296,1370,1370,CONSISTENT
9400,297307,35000,35000,0,0,0,0,0,754706,35,297272,35,299,299,596,569,1,1000,546,299,299,299,298,298,16,1,35000,35,35,35,10,596,10,596,35000,35,35000,35,754706,35,6681701,0,297000,297000,6668614,6668614,297000,297000,0,0,0,0,298,298,297,297,570,570,CONSISTENT
9410,297664,35000,35000,0,0,0,0,0,754706,35,297629,35,299,299,596,926,1,1000,546,299,299,299,298,298,24,1,35000,35,35,35,10,596,10,596,35000,35,35000,35,754706,35,6689912,0,297000,297000,6668614,6668614,297000,297000,0,0,0,0,298,298,297,297,927,927,CONSISTENT
9420,298053,35000,35000,0,0,0,0,0,754706,35,298018,35,300,300,597,1315,2,0,1013,300,300,300,298,298,6,1,35000,35,35,35,10,597,10,597,35000,35,35000,35,754706,35,6698859,0,298000,298000,6691614,6691614,297000,297000,0,0,0,0,299,299,297,297,1316,1316,CONSISTENT
9430,298444,35000,35000,0,0,0,0,0,754706,35,298409,35,300,300,597,1706,2,0,1013,300,300,300,298,298,18,1,35000,35,35,35,10,597,10,597,35000,35,35000,35,754706,35,6707852,0,298000,298000,6691614,6691614,297000,297000,0,0,0,0,299,299,297,297,1709,1709,CONSISTENT
9440,298681,35000,35000,0,0,0,0,0,754706,35,298646,35,300,300,598,944,1,1000,941,300,300,300,299,299,28,1,35000,35,35,35,10,598,10,598,35000,35,35000,35,754706,35,6713326,0,298000,298000,6691614,6691614,298000,298000,0,0,0,0,299,299,298,298,944,944,CONSISTENT
9450,298992,35000,35000,0,0,0,0,0,754706,35,298957,35,301,301,599,1255,2,0,1045,301,301,301,299,299,4,1,35000,35,35,35,10,599,10,599,35000,35,35000,35,754706,35,6720502,0,299000,299000,6714614,6714614,298000,298000,0,0,0,0,300,300,298,298,1256,1256,CONSISTENT
9460,299229,35000,35000,0,0,0,0,0,754706,35,299194,35,301,301,600,493,1,1000,488,301,301,301,300,300,14,1,35000,35,35,35,10,600,10,600,35000,35,35000,35,754706,35,6725953,0,299000,299000,6714614,6714614,299000,299000,0,0,0,0,300,300,299,299,493,493,CONSISTENT
9470,299587,35000,35000,0,0,0,0,0,754706,35,299552,35,301,301,600,851,1,1000,488,301,301,301,300,300,24,1,35000,35,35,35,10,600,10,600,35000,35,35000,35,754706,35,6734187,0,299000,299000,6714614,6714614,299000,299000,0,0,0,0,300,300,299,299,851,851,CONSISTENT
9480,299979,35000,35000,0,0,0,0,0,754706,35,299944,35,302,302,601,1243,2,0,1024,302,302,302,300,300,4,1,35000,35,35,35,10,601,10,601,35000,35,35000,35,754706,35,6743203,0,300000,300000,6737614,6737614,299000,299000,0,0,0,0,301,301,299,299,1243,1243,CONSISTENT
9490,300369,35000,35000,0,0,0,0,0,754706,35,300334,35,302,302,601,1633,2,0,1024,302,302,302,300,300,14,1,35000,35,35,35,10,601,10,601,35000,35,35000,35,754706,35,6752173,0,300000,300000,6737614,6737614,299000,299000,0,0,0,0,301,301,299,299,1635,1635,CONSISTENT
9500,300535,35000,35000,0,0,0,0,0,754706,35,300500,35,302,302,602,800,1,1000,720,302,302,302,301,301,24,1,35000,35,35,35,10,602,10,602,35000,35,35000,35,754706,35,6756014,0,300000,300000,6737614,6737614,300000,300000,0,0,0,0,301,301,300,300,800,800,CONSISTENT
9510,300923,35000,35000,0,0,0,0,0,754706,35,300888,35,303,303,603,1188,2,0,1061,303,303,303,301,301,2,1,35000,35,35,35,10,603,10,603,35000,35,35000,35,754706,35,6764938,0,301000,301000,6760614,6760614,300000,300000,0,0,0,0,302,302,300,300,1191,1191,CONSISTENT
9520,301321,35000,35000,0,0,0,0,0,754706,35,301286,35,303,303,603,1586,2,0,1061,303,303,303,301,301,12,1,35000,35,35,35,10,603,10,603,35000,35,35000,35,754706,35,6774092,0,301000,301000,6760614,6760614,300000,300000,0,0,0,0,302,302,300,300,1586,1586,CONSISTENT
9530,301522,35000,35000,0,0,0,0,0,754706,35,301487,35,303,303,604,788,1,1000,613,303,303,303,302,302,22,1,35000,35,35,35,10,604,10,604,35000,35,35000,35,754706,35,6778738,0,301000,301000,6760614,6760614,301000,301000,0,0,0,0,302,302,301,301,791,791,CONSISTENT
9540,301914,35000,35000,0,0,0,0,0,754706,35,301879,35,304,304,605,1180,2,0,1044,304,304,304,302,302,2,1,35000,35,35,35,10,605,10,605,35000,35,35000,35,754706,35,6787754,0,302000,302000,6783614,6783614,301000,301000,0,0,0,0,303,303,301,301,1181,1181,CONSISTENT
9550,302236,35000,35000,0,0,0,0,0,754706,35,302201,35,304,304,606,503,1,1000,498,304,304,304,303,303,12,1,35000,35,35,35,10,606,10,606,35000,35,35000,35,754706,35,6795183,0,302000,302000,6783614,6783614,302000,302000,0,0,0,0,303,303,302,302,503,503,CONSISTENT
9560,302471,35000,35000,0,0,0,0,0,754706,35,302436,35,304,304,606,738,1,1000,498,304,304,304,303,303,22,1,35000,35,35,35,10,606,10,606,35000,35,35000,35,754706,35,6800588,0,302000,302000,6783614,6783614,302000,302000,0,0,0,0,303,303,302,302,738,738,CONSISTENT
9570,302858,35000,35000,0,0,0,0,0,754706,35,302823,35,305,305,607,1125,2,0,1004,305,305,305,303,303,2,1,35000,35,35,35,10,607,10,607,35000,35,35000,35,754706,35,6809489,0,303000,303000,6806614,6806614,302000,302000,0,0,0,0,304,304,302,302,1125,1125,CONSISTENT
9580,303245,35000,35000,0,0,0,0,0,754706,35,303210,35,305,305,607,1512,2,0,1004,305,305,305,303,303,12,1,35000,35,35,35,10,607,10,607,35000,35,35000,35,754706,35,6818413,0,303000,303000,6806614,6806614,302000,302000,0,0,0,0,304,304,302,302,1514,1514,CONSISTENT
9590,303602,35000,35000,0,0,0,0,0,754706,35,303567,35,305,305,607,1869,2,0,1004,305,305,305,303,303,22,1,35000,35,35,35,10,607,10,607,35000,35,35000,35,754706,35,6826601,0,303000,303000,6806614,6806614,302000,302000,0,0,0,0,304,304,302,302,1869,1869,CONSISTENT
9600,303801,35000,35000,0,0,0,0,0,754706,35,303766,35,306,306,609,1069,2,0,1053,306,306,306,304,304,0,1,35000,35,35,35,10,609,10,609,35000,35,35000,35,754706,35,6831201,0,304000,304000,6829614,6829614,303000,303000,0,0,0,0,305,305,303,303,1069,1069,CONSISTENT
9610,304074,35000,35000,0,0,0,0,0,754706,35,304039,35,306,306,609,1342,2,0,1053,306,306,306,304,304,9,1,35000,35,35,35,10,609,10,609,35000,35,35000,35,754706,35,6837480,0,304000,304000,6829614,6829614,303000,303000,0,0,0,0,305,305,303,303,1342,1342,CONSISTENT
9620,304311,35000,35000,0,0,0,0,0,754706,35,304276,35,306,306,610,580,1,1000,572,306,306,306,305,305,19,1,35000,35,35,35,10,610,10,610,35000,35,35000,35,754706,35,6842954,0,304000,304000,6829614,6829614,304000,304000,0,0,0,0,305,305,304,304,580,580,CONSISTENT
9630,304665,35000,35000,0,0,0,0,0,754706,35,304630,35,306,306,610,934,1,1000,572,306,306,306,305,305,29,1,35000,35,35,35,10,610,10,610,35000,35,35000,35,754706,35,6851096,0,304000,304000,6829614,6829614,304000,304000,0,0,0,0,305,305,304,304,934,934,CONSISTENT
9640,305016,35000,35000,0,0,0,0,0,754706,35,304981,35,307,307,611,1285,2,0,1034,307,307,307,305,305,6,1,35000,35,35,35,10,611,10,611,35000,35,35000,35,754706,35,6859169,0,305000,305000,6852614,6852614,304000,304000,0,0,0,0,306,306,304,304,1289,1289,CONSISTENT
9650,305261,35000,35000,0,0,0,0,0,754706,35,305226,35,307,307,612,531,1,1000,524,307,307,307,306,306,16,1,35000,35,35,35,10,612,10,612,35000,35,35000,35,754706,35,6864827,0,305000,305000,6852614,6852614,305000,305000,0,0,0,0,306,306,305,305,531,531,CONSISTENT
9660,305609,35000,35000,0,0,0,0,0,754706,35,305574,35,307,307,612,879,1,1000,524,307,307,307,306,306,26,1,35000,35,35,35,10,612,10,612,35000,35,35000,35,754706,35,6872831,0,305000,305000,6852614,6852614,305000,305000,0,0,0,0,306,306,305,305,879,879,CONSISTENT
9670,306000,35000,35000,0,0,0,0,0,754706,35,305965,35,308,308,613,1270,2,0,1016,308,308,308,306,306,6,1,35000,35,35,35,10,613,10,613,35000,35,35000,35,754706,35,6881847,0,306000,306000,6875614,6875614,305000,305000,0,0,0,0,307,307,305,305,1272,1273,TORN-PERSISTENT
9680,306390,35000,35000,0,0,0,0,0,754706,35,306355,35,308,308,613,1660,2,0,1016,308,308,308,306,306,16,1,35000,35,35,35,10,613,10,613,35000,35,35000,35,754706,35,6890794,0,306000,306000,6875614,6875614,305000,305000,0,0,0,0,307,307,305,305,1662,1662,CONSISTENT
9690,306647,35000,35000,0,0,0,0,0,754706,35,306612,35,308,308,614,918,1,1000,898,308,308,308,307,307,26,1,35000,35,35,35,10,614,10,614,35000,35,35000,35,754706,35,6896728,0,306000,306000,6875614,6875614,306000,306000,0,0,0,0,307,307,306,306,918,918,CONSISTENT
9700,306941,35000,35000,0,0,0,0,0,754706,35,306906,35,309,309,615,1212,2,0,1047,309,309,309,307,307,4,1,35000,35,35,35,10,615,10,615,35000,35,35000,35,754706,35,6903490,0,307000,307000,6898614,6898614,306000,306000,0,0,0,0,308,308,306,306,1217,1217,CONSISTENT
9710,307335,35000,35000,0,0,0,0,0,754706,35,307300,35,309,309,615,1606,2,0,1047,309,309,309,307,307,14,1,35000,35,35,35,10,615,10,615,35000,35,35000,35,754706,35,6912575,0,307000,307000,6898614,6898614,306000,306000,0,0,0,0,308,308,306,306,1607,1607,CONSISTENT
9720,307584,35000,35000,0,0,0,0,0,754706,35,307549,35,309,309,616,856,1,1000,854,309,309,309,308,308,24,1,35000,35,35,35,10,616,10,616,35000,35,35000,35,754706,35,6918302,0,307000,307000,6898614,6898614,307000,307000,0,0,0,0,308,308,307,307,856,856,CONSISTENT
9730,307886,35000,35000,0,0,0,0,0,754706,35,307851,35,310,310,617,1158,2,0,1004,310,310,310,308,308,2,1,35000,35,35,35,10,617,10,617,35000,35,35000,35,754706,35,6925248,0,308000,308000,6921614,6921614,307000,307000,0,0,0,0,309,309,307,307,1160,1160,CONSISTENT
9740,308275,35000,35000,0,0,0,0,0,754706,35,308240,35,310,310,617,1547,2,0,1004,310,310,310,308,308,12,1,35000,35,35,35,10,617,10,617,35000,35,35000,35,754706,35,6934241,0,308000,308000,6921614,6921614,307000,307000,0,0,0,0,309,309,307,307,1551,1551,CONSISTENT
9750,308491,35000,35000,0,0,0,0,0,754706,35,308456,35,310,310,618,764,1,1000,753,310,310,310,309,309,22,1,35000,35,35,35,10,618,10,618,35000,35,35000,35,754706,35,6939186,0,308000,308000,6921614,6921614,308000,308000,0,0,0,0,309,309,308,308,764,764,CONSISTENT
9760,308872,35000,35000,0,0,0,0,0,754706,35,308837,35,311,311,619,1145,2,0,1058,311,311,311,309,309,2,1,35000,35,35,35,10,619,10,619,35000,35,35000,35,754706,35,6947972,0,309000,309000,6944614,6944614,308000,308000,0,0,0,0,310,310,308,308,1146,1146,CONSISTENT
9770,309258,35000,35000,0,0,0,0,0,754706,35,309223,35,311,311,619,1531,2,0,1058,311,311,311,309,309,12,1,35000,35,35,35,10,619,10,619,35000,35,35000,35,754706,35,6956827,0,309000,309000,6944614,6944614,308000,308000,0,0,0,0,310,310,308,308,1535,1535,CONSISTENT
9780,309429,35000,35000,0,0,0,0,0,754706,35,309394,35,311,311,620,703,1,1000,627,311,311,311,310,310,20,1,35000,35,35,35,10,620,10,620,35000,35,35000,35,754706,35,6960783,0,309000,309000,6944614,6944614,309000,309000,0,0,0,0,310,310,309,309,703,703,CONSISTENT
9790,309821,35000,35000,0,0,0,0,0,754706,35,309786,35,312,312,621,1095,2,0,1025,312,312,312,310,310,0,1,35000,35,35,35,10,621,10,621,35000,35,35000,35,754706,35,6969799,0,310000,310000,6967614,6967614,309000,309000,0,0,0,0,311,311,309,309,1096,1096,CONSISTENT
9800,310206,35000,35000,0,0,0,0,0,754706,35,310171,35,312,312,621,1480,2,0,1025,312,312,312,310,310,10,1,35000,35,35,35,10,621,10,621,35000,35,35000,35,754706,35,6978654,0,310000,310000,6967614,6967614,309000,309000,0,0,0,0,311,311,309,309,1480,1480,CONSISTENT
9810,310599,35000,35000,0,0,0,0,0,754706,35,310564,35,312,312,621,1873,2,0,1025,312,312,312,310,310,20,1,35000,35,35,35,10,621,10,621,35000,35,35000,35,754706,35,6987693,0,310000,310000,6967614,6967614,309000,309000,0,0,0,0,311,311,309,309,1875,1875,CONSISTENT
9820,310806,35000,35000,0,0,0,0,0,754706,35,310771,35,313,313,623,1081,2,0,1005,313,313,313,311,311,0,1,35000,35,35,35,10,623,10,623,35000,35,35000,35,754706,35,6992477,0,311000,311000,6990614,6990614,310000,310000,0,0,0,0,312,312,310,310,1081,1081,CONSISTENT
9830,311156,35000,35000,0,0,0,0,0,754706,35,311121,35,313,313,623,1431,2,0,1005,313,313,313,311,311,10,1,35000,35,35,35,10,623,10,623,35000,35,35000,35,754706,35,7000527,0,311000,311000,6990614,6990614,310000,310000,0,0,0,0,312,312,310,310,1431,1431,CONSISTENT
9840,311552,35000,35000,0,0,0,0,0,754706,35,311517,35,313,313,623,1827,2,0,1005,313,313,313,311,311,20,1,35000,35,35,35,10,623,10,623,35000,35,35000,35,754706,35,7009635,0,311000,311000,6990614,6990614,310000,310000,0,0,0,0,312,312,310,310,1828,1828,CONSISTENT
9850,311757,35000,35000,0,0,0,0,0,754706,35,311722,35,313,313,624,1033,2,1000,902,313,314,313,312,312,30,1,35000,35,35,35,10,624,10,624,35000,35,35000,35,754706,35,7014373,0,312000,312000,7013614,7013614,311000,311000,0,0,0,0,313,313,311,311,1036,1037,TORN-PERSISTENT
9860,312144,35000,35000,0,0,0,0,0,754706,35,312109,35,314,314,625,1420,2,0,1056,314,314,314,312,312,8,1,35000,35,35,35,10,625,10,625,35000,35,35000,35,754706,35,7023274,0,312000,312000,7013614,7013614,311000,311000,0,0,0,0,313,313,311,311,1423,1424,TORN-PERSISTENT
9870,312352,35000,35000,0,0,0,0,0,754706,35,312317,35,314,314,626,629,1,1000,497,314,314,314,313,313,18,1,35000,35,35,35,10,626,10,626,35000,35,35000,35,754706,35,7028104,0,312000,312000,7013614,7013614,312000,312000,0,0,0,0,313,313,312,312,630,630,CONSISTENT
9880,312705,35000,35000,0,0,0,0,0,754706,35,312670,35,314,314,626,982,1,1000,497,314,314,314,313,313,28,1,35000,35,35,35,10,626,10,626,35000,35,35000,35,754706,35,7036200,0,312000,312000,7013614,7013614,312000,312000,0,0,0,0,313,313,312,312,983,983,CONSISTENT
9890,313097,35000,35000,0,0,0,0,0,754706,35,313062,35,315,315,627,1374,2,0,1031,315,315,315,313,313,8,1,35000,35,35,35,10,627,10,627,35000,35,35000,35,754706,35,7045239,0,313000,313000,7036614,7036614,312000,312000,0,0,0,0,314,314,312,312,1376,1377,TORN-PERSISTENT
9900,313396,35000,35000,0,0,0,0,0,754706,35,313361,35,315,315,628,674,1,1000,667,315,315,315,314,314,18,1,35000,35,35,35,10,628,10,628,35000,35,35000,35,754706,35,7052116,0,313000,313000,7036614,7036614,313000,313000,0,0,0,0,314,314,313,313,674,674,CONSISTENT
9910,313674,35000,35000,0,0,0,0,0,754706,35,313639,35,315,315,628,952,1,1000,667,315,315,315,314,314,28,1,35000,35,35,35,10,628,10,628,35000,35,35000,35,754706,35,7058533,0,313000,313000,7036614,7036614,313000,313000,0,0,0,0,314,314,313,313,954,954,CONSISTENT
9920,314068,35000,35000,0,0,0,0,0,754706,35,314033,35,316,316,629,1346,2,0,1061,316,316,316,314,314,6,1,35000,35,35,35,10,629,10,629,35000,35,35000,35,754706,35,7067572,0,314000,314000,7059614,7059614,313000,313000,0,0,0,0,315,315,313,313,1346,1346,CONSISTENT
9930,314254,35000,35000,0,0,0,0,0,754706,35,314219,35,316,316,630,533,1,1000,512,316,316,316,315,315,16,1,35000,35,35,35,10,630,10,630,35000,35,35000,35,754706,35,7071873,0,314000,314000,7059614,7059614,314000,314000,0,0,0,0,315,315,314,314,533,533,CONSISTENT
9940,314640,35000,35000,0,0,0,0,0,754706,35,314605,35,316,316,630,919,1,1000,512,316,316,316,315,315,26,1,35000,35,35,35,10,630,10,630,35000,35,35000,35,754706,35,7080751,0,314000,314000,7059614,7059614,314000,314000,0,0,0,0,315,315,314,314,923,923,CONSISTENT
9950,315038,35000,35000,0,0,0,0,0,754706,35,315003,35,317,317,631,1317,2,0,1065,317,317,317,315,315,6,1,35000,35,35,35,10,631,10,631,35000,35,35000,35,754706,35,7089905,0,315000,315000,7082614,7082614,314000,314000,0,0,0,0,316,316,314,314,1319,1319,CONSISTENT
9960,315428,35000,35000,0,0,0,0,0,754706,35,315393,35,317,317,631,1707,2,0,1065,317,317,317,315,315,16,1,35000,35,35,35,10,631,10,631,35000,35,35000,35,754706,35,7098875,0,315000,315000,7082614,7082614,314000,314000,0,0,0,0,316,316,314,314,1707,1707,CONSISTENT
9970,315654,35000,35000,0,0,0,0,0,754706,35,315619,35,317,317,632,934,1,1000,929,317,317,317,316,316,26,1,35000,35,35,35,10,632,10,632,35000,35,35000,35,754706,35,7104096,0,315000,315000,7082614,7082614,315000,315000,0,0,0,0,316,316,315,315,934,934,CONSISTENT
9980,315983,35000,35000,0,0,0,0,0,754706,35,315948,35,318,318,633,1263,2,0,1027,318,318,318,316,316,6,1,35000,35,35,35,10,633,10,633,35000,35,35000,35,754706,35,7111686,0,316000,316000,7105614,7105614,315000,315000,0,0,0,0,317,317,315,315,1265,1265,CONSISTENT
9990,316349,35000,35000,0,0,0,0,0,754706,35,316314,35,318,318,634,630,1,1000,621,318,318,318,317,317,16,1,35000,35,35,35,10,634,10,634,35000,35,35000,35,754706,35,7120104,0,316000,316000,7105614,7105614,316000,316000,0,0,0,0,317,317,316,316,630,630,CONSISTENT
10000,316585,35000,35000,0,0,0,0,0,754706,35,316550,35,318,318,634,866,1,1000,621,318,318,318,317,317,26,1,35000,35,35,35,10,634,10,634,35000,35,35000,35,754706,35,7125532,0,316000,316000,7105614,7105614,316000,316000,0,0,0,0,317,317,316,316,869,869,CONSISTENT
10010,316982,35000,35000,0,0,0,0,0,754706,35,316947,35,319,319,635,1263,2,0,1004,319,319,319,317,317,6,1,35000,35,35,35,10,635,10,635,35000,35,35000,35,754706,35,7134663,0,317000,317000,7128614,7128614,316000,316000,0,0,0,0,318,318,316,316,1263,1263,CONSISTENT
10020,317371,35000,35000,0,0,0,0,0,754706,35,317336,35,319,319,635,1652,2,0,1004,319,319,319,317,317,16,1,35000,35,35,35,10,635,10,635,35000,35,35000,35,754706,35,7143610,0,317000,317000,7128614,7128614,316000,316000,0,0,0,0,318,318,316,316,1654,1654,CONSISTENT
10030,317539,35000,35000,0,0,0,0,0,754706,35,317504,35,319,319,636,821,1,1000,738,319,319,319,318,318,24,1,35000,35,35,35,10,636,10,636,35000,35,35000,35,754706,35,7147497,0,317000,317000,7128614,7128614,317000,317000,0,0,0,0,318,318,317,317,822,822,CONSISTENT
10040,317936,35000,35000,0,0,0,0,0,754706,35,317901,35,320,320,637,1218,2,0,1060,320,320,320,318,318,2,1,35000,35,35,35,10,637,10,637,35000,35,35000,35,754706,35,7156628,0,318000,318000,7151614,7151614,317000,317000,0,0,0,0,319,319,317,317,1219,1219,CONSISTENT
10050,318322,35000,35000,0,0,0,0,0,754706,35,318287,35,320,320,637,1604,2,0,1060,320,320,320,318,318,14,1,35000,35,35,35,10,637,10,637,35000,35,35000,35,754706,35,7165529,0,318000,318000,7151614,7151614,317000,317000,0,0,0,0,319,319,317,317,1608,1608,CONSISTENT
10060,318525,35000,35000,0,0,0,0,0,754706,35,318490,35,320,320,638,808,1,1000,646,320,320,320,319,319,24,1,35000,35,35,35,10,638,10,638,35000,35,35000,35,754706,35,7170198,0,318000,318000,7151614,7151614,318000,318000,0,0,0,0,319,319,318,318,812,812,CONSISTENT
10070,318877,35000,35000,0,0,0,0,0,754706,35,318842,35,321,321,639,1160,2,0,1025,321,321,321,319,319,2,1,35000,35,35,35,10,639,10,639,35000,35,35000,35,754706,35,7178363,0,319000,319000,7174614,7174614,318000,318000,0,0,0,0,320,320,318,318,1164,1164,CONSISTENT
10080,319264,35000,35000,0,0,0,0,0,754706,35,319229,35,321,321,640,548,1,1000,542,321,321,321,320,320,13,1,35000,35,35,35,10,640,10,640,35000,35,35000,35,754706,35,7187218,0,319000,319000,7174614,7174614,319000,319000,0,0,0,0,320,320,319,319,548,548,CONSISTENT
10090,319476,35000,35000,0,0,0,0,0,754706,35,319441,35,321,321,640,760,1,1000,542,321,321,321,320,320,22,1,35000,35,35,35,10,640,10,640,35000,35,35000,35,754706,35,7192094,0,319000,319000,7174614,7174614,319000,319000,0,0,0,0,320,320,319,319,763,763,CONSISTENT
10100,319872,35000,35000,0,0,0,0,0,754706,35,319837,35,322,322,641,1156,2,0,1006,322,322,322,320,320,2,1,35000,35,35,35,10,641,10,641,35000,35,35000,35,754706,35,7201202,0,320000,320000,7197614,7197614,319000,319000,0,0,0,0,321,321,319,319,1160,1161,TORN-PERSISTENT
10110,320262,35000,35000,0,0,0,0,0,754706,35,320227,35,322,322,641,1546,2,0,1006,322,322,322,320,320,14,1,35000,35,35,35,10,641,10,641,35000,35,35000,35,754706,35,7210195,0,320000,320000,7197614,7197614,319000,319000,0,0,0,0,321,321,319,319,1548,1548,CONSISTENT
10120,320613,35000,35000,0,0,0,0,0,754706,35,320578,35,322,322,641,1897,2,0,1006,322,322,322,320,320,22,1,35000,35,35,35,10,641,10,641,35000,35,35000,35,754706,35,7218245,0,320000,320000,7197614,7197614,319000,319000,0,0,0,0,321,321,319,319,1898,1898,CONSISTENT
10130,320819,35000,35000,0,0,0,0,0,754706,35,320784,35,323,323,643,1104,2,0,1047,323,323,323,321,321,0,1,35000,35,35,35,10,643,10,643,35000,35,35000,35,754706,35,7223006,0,321000,321000,7220614,7220614,320000,320000,0,0,0,0,322,322,320,320,1105,1105,CONSISTENT
10140,321198,35000,35000,0,0,0,0,0,754706,35,321163,35,323,323,644,484,1,1000,482,323,323,323,322,322,11,1,35000,35,35,35,10,644,10,644,35000,35,35000,35,754706,35,7231746,0,321000,321000,7220614,7220614,321000,321000,0,0,0,0,322,322,321,321,484,484,CONSISTENT
10150,321410,35000,35000,0,0,0,0,0,754706,35,321375,35,323,323,644,696,1,1000,482,323,323,323,322,322,20,1,35000,35,35,35,10,644,10,644,35000,35,35000,35,754706,35,7236622,0,321000,321000,7220614,7220614,321000,321000,0,0,0,0,322,322,321,321,698,698,CONSISTENT
10161,321801,35000,35000,0,0,0,0,0,754706,35,321766,35,324,324,645,1087,2,0,1025,324,324,324,322,322,0,1,35000,35,35,35,10,645,10,645,35000,35,35000,35,754706,35,7245615,0,322000,322000,7243614,7243614,321000,321000,0,0,0,0,323,323,321,321,1091,1091,CONSISTENT
10170,322157,35000,35000,0,0,0,0,0,754706,35,322122,35,324,324,645,1443,2,0,1025,324,324,324,322,322,10,1,35000,35,35,35,10,645,10,645,35000,35,35000,35,754706,35,7253826,0,322000,322000,7243614,7243614,321000,321000,0,0,0,0,323,323,321,321,1445,1445,CONSISTENT
10180,322478,35000,35000,0,0,0,0,0,754706,35,322443,35,324,324,646,765,1,1000,755,324,324,324,323,323,20,1,35000,35,35,35,10,646,10,646,35000,35,35000,35,754706,35,7261209,0,322000,322000,7243614,7243614,322000,322000,0,0,0,0,323,323,322,322,765,765,CONSISTENT
10190,322758,35000,35000,0,0,0,0,0,754706,35,322723,35,324,324,646,1045,2,1000,755,324,325,324,323,323,30,1,35000,35,35,35,10,646,10,646,35000,35,35000,35,754706,35,7267649,0,323000,323000,7266614,7266614,322000,322000,0,0,0,0,324,324,322,322,1045,1045,CONSISTENT
10200,323130,35000,35000,0,0,0,0,0,754706,35,323095,35,325,325,647,1417,2,0,1073,325,325,325,323,323,8,1,35000,35,35,35,10,647,10,647,35000,35,35000,35,754706,35,7276205,0,323000,323000,7266614,7266614,322000,322000,0,0,0,0,324,324,322,322,1417,1417,CONSISTENT
10210,323192,35000,35000,0,0,0,0,0,754706,35,323157,35,325,325,648,480,1,1000,451,325,325,325,324,324,18,1,35000,35,35,35,10,648,10,648,35000,35,35000,35,754706,35,7277677,0,323000,323000,7266614,7266614,323000,323000,0,0,0,0,324,324,323,323,482,482,CONSISTENT
10220,323590,35000,35000,0,0,0,0,0,754706,35,323555,35,325,325,648,878,1,1000,451,325,325,325,324,324,28,1,35000,35,35,35,10,648,10,648,35000,35,35000,35,754706,35,7286808,0,323000,323000,7266614,7266614,323000,323000,0,0,0,0,324,324,323,323,881,881,CONSISTENT
10230,323975,35000,35000,0,0,0,0,0,754706,35,323940,35,326,326,649,1263,2,0,1019,326,326,326,324,324,6,1,35000,35,35,35,10,649,10,649,35000,35,35000,35,754706,35,7295663,0,324000,324000,7289614,7289614,323000,323000,0,0,0,0,325,325,323,323,1266,1266,CONSISTENT
10240,324371,35000,35000,0,0,0,0,0,754706,35,324336,35,326,326,649,1659,2,0,1019,326,326,326,324,324,16,1,35000,35,35,35,10,649,10,649,35000,35,35000,35,754706,35,7304771,0,324000,324000,7289614,7289614,323000,323000,0,0,0,0,325,325,323,323,1661,1661,CONSISTENT
10250,324587,35000,35000,0,0,0,0,0,754706,35,324552,35,326,326,650,876,1,1000,870,326,326,326,325,325,26,1,35000,35,35,35,10,650,10,650,35000,35,35000,35,754706,35,7309762,0,324000,324000,7289614,7289614,324000,324000,0,0,0,0,325,325,324,324,876,876,CONSISTENT
10260,324922,35000,35000,0,0,0,0,0,754706,35,324887,35,327,327,651,1211,2,0,1061,327,327,327,325,325,4,1,35000,35,35,35,10,651,10,651,35000,35,35000,35,754706,35,7317467,0,325000,325000,7312614,7312614,324000,324000,0,0,0,0,326,326,324,324,1214,1214,CONSISTENT
10270,325318,35000,35000,0,0,0,0,0,754706,35,325283,35,327,327,651,1607,2,0,1061,327,327,327,325,325,14,1,35000,35,35,35,10,651,10,651,35000,35,35000,35,754706,35,7326575,0,325000,325000,7312614,7312614,324000,324000,0,0,0,0,326,326,324,324,1609,1609,CONSISTENT
10280,325520,35000,35000,0,0,0,0,0,754706,35,325485,35,327,327,652,810,1,1000,710,327,327,327,326,326,24,1,35000,35,35,35,10,652,10,652,35000,35,35000,35,754706,35,7331267,0,325000,325000,7312614,7312614,325000,325000,0,0,0,0,326,326,325,325,815,816,TORN-PERSISTENT
10290,325913,35000,35000,0,0,0,0,0,754706,35,325878,35,328,328,653,1203,2,0,1017,328,328,328,326,326,4,1,35000,35,35,35,10,653,10,653,35000,35,35000,35,754706,35,7340306,0,326000,326000,7335614,7335614,325000,325000,0,0,0,0,327,327,325,325,1206,1206,CONSISTENT
10301,326298,35000,35000,0,0,0,0,0,754706,35,326263,35,328,328,653,1588,2,0,1017,328,328,328,326,326,14,1,35000,35,35,35,10,653,10,653,35000,35,35000,35,754706,35,7349138,0,326000,326000,7335614,7335614,325000,325000,0,0,0,0,327,327,325,325,1589,1589,CONSISTENT
10310,326463,35000,35000,0,0,0,0,0,754706,35,326428,35,328,328,654,754,1,1000,665,328,328,328,327,327,22,1,35000,35,35,35,10,654,10,654,35000,35,35000,35,754706,35,7352956,0,326000,326000,7335614,7335614,326000,326000,0,0,0,0,327,327,326,326,758,759,TORN-PERSISTENT
10320,326858,35000,35000,0,0,0,0,0,754706,35,326823,35,329,329,655,1149,2,0,1069,329,329,329,327,327,0,1,35000,35,35,35,10,655,10,655,35000,35,35000,35,754706,35,7362041,0,327000,327000,7358614,7358614,326000,326000,0,0,0,0,328,328,326,326,1149,1149,CONSISTENT
10330,327244,35000,35000,0,0,0,0,0,754706,35,327209,35,329,329,656,536,1,1000,532,329,329,329,328,328,12,1,35000,35,35,35,10,656,10,656,35000,35,35000,35,754706,35,7370942,0,327000,327000,7358614,7358614,327000,327000,0,0,0,0,328,328,327,327,536,536,CONSISTENT
10340,327458,35000,35000,0,0,0,0,0,754706,35,327423,35,329,329,656,750,1,1000,532,329,329,329,328,328,22,1,35000,35,35,35,10,656,10,656,35000,35,35000,35,754706,35,7375887,0,327000,327000,7358614,7358614,327000,327000,0,0,0,0,328,328,327,327,752,752,CONSISTENT
10351,327848,35000,35000,0,0,0,0,0,754706,35,327813,35,330,330,657,1140,2,0,1039,330,330,330,328,328,2,1,35000,35,35,35,10,657,10,657,35000,35,35000,35,754706,35,7384834,0,328000,328000,7381614,7381614,327000,327000,0,0,0,0,329,329,327,327,1140,1140,CONSISTENT
10360,328201,35000,35000,0,0,0,0,0,754706,35,328166,35,330,330,657,1493,2,0,1039,330,330,330,328,328,10,1,35000,35,35,35,10,657,10,657,35000,35,35000,35,754706,35,7392953,0,328000,328000,7381614,7381614,327000,327000,0,0,0,0,329,329,327,327,1496,1497,TORN-PERSISTENT
10370,328599,35000,35000,0,0,0,0,0,754706,35,328564,35,330,330,657,1891,2,0,1039,330,330,330,328,328,20,1,35000,35,35,35,10,657,10,657,35000,35,35000,35,754706,35,7402107,0,328000,328000,7381614,7381614,327000,327000,0,0,0,0,329,329,327,327,1892,1892,CONSISTENT
10380,328806,35000,35000,0,0,0,0,0,754706,35,328771,35,331,331,659,1099,2,0,1031,331,331,331,329,329,0,1,35000,35,35,35,10,659,10,659,35000,35,35000,35,754706,35,7406891,0,329000,329000,7404614,7404614,328000,328000,0,0,0,0,330,330,328,328,1099,1099,CONSISTENT
10390,329193,35000,35000,0,0,0,0,0,754706,35,329158,35,331,331,659,1486,2,0,1031,331,331,331,329,329,10,1,35000,35,35,35,10,659,10,659,35000,35,35000,35,754706,35,7415792,0,329000,329000,7404614,7404614,328000,328000,0,0,0,0,330,330,328,328,1486,1486,CONSISTENT
10401,329396,35000,35000,0,0,0,0,0,754706,35,329361,35,331,331,660,690,1,1000,598,331,331,331,330,330,22,1,35000,35,35,35,10,660,10,660,35000,35,35000,35,754706,35,7420484,0,329000,329000,7404614,7404614,329000,329000,0,0,0,0,330,330,329,329,692,692,CONSISTENT
10410,329751,35000,35000,0,0,0,0,0,754706,35,329716,35,331,331,660,1045,2,1000,598,331,332,331,330,330,30,1,35000,35,35,35,10,660,10,660,35000,35,35000,35,754706,35,7428649,0,330000,330000,7427614,7427614,329000,329000,0,0,0,0,331,331,329,329,1048,1049,TORN-PERSISTENT
10420,330135,35000,35000,0,0,0,0,0,754706,35,330100,35,332,332,661,1429,2,0,1077,332,332,332,330,330,8,1,35000,35,35,35,10,661,10,661,35000,35,35000,35,754706,35,7437527,0,330000,330000,7427614,7427614,329000,329000,0,0,0,0,331,331,329,329,1432,1432,CONSISTENT
10430,330462,35000,35000,0,0,0,0,0,754706,35,330427,35,332,332,662,757,1,1000,750,332,332,332,331,331,18,1,35000,35,35,35,10,662,10,662,35000,35,35000,35,754706,35,7445025,0,330000,330000,7427614,7427614,330000,330000,0,0,0,0,331,331,330,330,757,757,CONSISTENT
10440,330727,35000,35000,0,0,0,0,0,754706,35,330692,35,332,332,662,1022,2,1000,750,332,333,332,331,331,28,1,35000,35,35,35,10,662,10,662,35000,35,35000,35,754706,35,7451120,0,331000,331000,7450614,7450614,330000,330000,0,0,0,0,332,332,330,330,1023,1023,CONSISTENT
10450,331078,35000,35000,0,0,0,0,0,754706,35,331043,35,333,333,663,1373,2,0,1039,333,333,333,331,331,8,1,35000,35,35,35,10,663,10,663,35000,35,35000,35,754706,35,7459193,0,331000,331000,7450614,7450614,330000,330000,0,0,0,0,332,332,330,330,1373,1373,CONSISTENT
10460,331328,35000,35000,0,0,0,0,0,754706,35,331293,35,333,333,664,624,1,1000,620,333,333,333,332,332,18,1,35000,35,35,35,10,664,10,664,35000,35,35000,35,754706,35,7464966,0,331000,331000,7450614,7450614,331000,331000,0,0,0,0,332,332,331,331,624,624,CONSISTENT
10470,331670,35000,35000,0,0,0,0,0,754706,35,331635,35,333,333,664,966,1,1000,620,333,333,333,332,332,28,1,35000,35,35,35,10,664,10,664,35000,35,35000,35,754706,35,7472855,0,331000,331000,7450614,7450614,331000,331000,0,0,0,0,332,332,331,331,967,967,CONSISTENT
10480,332059,35000,35000,0,0,0,0,0,754706,35,332024,35,334,334,665,1355,2,0,1004,334,334,334,332,332,8,1,35000,35,35,35,10,665,10,665,35000,35,35000,35,754706,35,7481779,0,332000,332000,7473614,7473614,331000,331000,0,0,0,0,333,333,331,331,1355,1355,CONSISTENT
10490,332277,35000,35000,0,0,0,0,0,754706,35,332242,35,334,334,666,574,1,1000,565,334,334,334,333,333,18,1,35000,35,35,35,10,666,10,666,35000,35,35000,35,754706,35,7486816,0,332000,332000,7473614,7473614,332000,332000,0,0,0,0,333,333,332,332,574,574,CONSISTENT
10500,332621,35000,35000,0,0,0,0,0,754706,35,332586,35,334,334,666,918,1,1000,565,334,334,334,333,333,28,1,35000,35,35,35,10,666,10,666,35000,35,35000,35,754706,35,7494728,0,332000,332000,7473614,7473614,332000,332000,0,0,0,0,333,333,332,332,919,919,CONSISTENT
10510,332896,35000,35000,0,0,0,0,0,754706,35,332861,35,335,335,667,1193,2,0,1024,335,335,335,333,333,4,1,35000,35,35,35,10,667,10,667,35000,35,35000,35,754706,35,7501053,0,333000,333000,7496614,7496614,332000,332000,0,0,0,0,334,334,332,332,1196,1196,CONSISTENT
10520,333285,35000,35000,0,0,0,0,0,754706,35,333250,35,335,335,667,1582,2,0,1024,335,335,335,333,333,14,1,35000,35,35,35,10,667,10,667,35000,35,35000,35,754706,35,7510000,0,333000,333000,7496614,7496614,332000,332000,0,0,0,0,334,334,332,332,1584,1584,CONSISTENT
10530,333486,35000,35000,0,0,0,0,0,754706,35,333451,35,335,335,668,784,1,1000,703,335,335,335,334,334,24,1,35000,35,35,35,10,668,10,668,35000,35,35000,35,754706,35,7514646,0,333000,333000,7496614,7496614,333000,333000,0,0,0,0,334,334,333,333,786,787,TORN-PERSISTENT
10540,333846,35000,35000,0,0,0,0,0,754706,35,333811,35,336,336,669,1144,2,0,1062,336,336,336,334,334,2,1,35000,35,35,35,10,669,10,669,35000,35,35000,35,754706,35,7522926,0,334000,334000,7519614,7519614,333000,333000,0,0,0,0,335,335,333,333,1145,1145,CONSISTENT
10550,334238,35000,35000,0,0,0,0,0,754706,35,334203,35,336,336,669,1536,2,0,1062,336,336,336,334,334,12,1,35000,35,35,35,10,669,10,669,35000,35,35000,35,754706,35,7531965,0,334000,334000,7519614,7519614,333000,333000,0,0,0,0,335,335,333,333,1538,1539,TORN-PERSISTENT
10560,334440,35000,35000,0,0,0,0,0,754706,35,334405,35,336,336,670,739,1,1000,581,336,336,336,335,335,22,1,35000,35,35,35,10,670,10,670,35000,35,35000,35,754706,35,7536611,0,334000,334000,7519614,7519614,334000,334000,0,0,0,0,335,335,334,334,739,739,CONSISTENT
10570,334833,35000,35000,0,0,0,0,0,754706,35,334798,35,337,337,671,1132,2,0,1031,337,337,337,335,335,2,1,35000,35,35,35,10,671,10,671,35000,35,35000,35,754706,35,7545650,0,335000,335000,7542614,7542614,334000,334000,0,0,0,0,336,336,334,334,1134,1134,CONSISTENT
10580,335233,35000,35000,0,0,0,0,0,754706,35,335198,35,337,337,671,1532,2,0,1031,337,337,337,335,335,12,1,35000,35,35,35,10,671,10,671,35000,35,35000,35,754706,35,7554850,0,335000,335000,7542614,7542614,334000,334000,0,0,0,0,336,336,334,334,1532,1532,CONSISTENT
10590,335448,35000,35000,0,0,0,0,0,754706,35,335413,35,337,337,672,748,1,1000,735,337,337,337,336,336,20,1,35000,35,35,35,10,672,10,672,35000,35,35000,35,754706,35,7559818,0,335000,335000,7542614,7542614,335000,335000,0,0,0,0,336,336,335,335,748,748,CONSISTENT
10600,335792,35000,35000,0,0,0,0,0,754706,35,335757,35,338,338,673,1092,2,0,1024,338,338,338,336,336,0,1,35000,35,35,35,10,673,10,673,35000,35,35000,35,754706,35,7567730,0,336000,336000,7565614,7565614,335000,335000,0,0,0,0,337,337,335,335,1096,1096,CONSISTENT
10610,336186,35000,35000,0,0,0,0,0,754706,35,336151,35,338,338,673,1486,2,0,1024,338,338,338,336,336,12,1,35000,35,35,35,10,673,10,673,35000,35,35000,35,754706,35,7576792,0,336000,336000,7565614,7565614,335000,335000,0,0,0,0,337,337,335,335,1486,1486,CONSISTENT
10620,336572,35000,35000,0,0,0,0,0,754706,35,336537,35,338,338,673,1872,2,0,1024,338,338,338,336,336,22,1,35000,35,35,35,10,673,10,673,35000,35,35000,35,754706,35,7585670,0,336000,336000,7565614,7565614,335000,335000,0,0,0,0,337,337,335,335,1872,1872,CONSISTENT
10630,336772,35000,35000,0,0,0,0,0,754706,35,336737,35,339,339,675,1073,2,0,1058,339,339,339,337,337,0,1,35000,35,35,35,10,675,10,675,35000,35,35000,35,754706,35,7590316,0,337000,337000,7588614,7588614,336000,336000,0,0,0,0,338,338,336,336,1076,1076,CONSISTENT
10640,337118,35000,35000,0,0,0,0,0,754706,35,337083,35,339,339,675,1419,2,0,1058,339,339,339,337,337,8,1,35000,35,35,35,10,675,10,675,35000,35,35000,35,754706,35,7598251,0,337000,337000,7588614,7588614,336000,336000,0,0,0,0,338,338,336,336,1422,1422,CONSISTENT
10650,337321,35000,35000,0,0,0,0,0,754706,35,337286,35,339,339,676,623,1,1000,620,339,339,339,338,338,18,1,35000,35,35,35,10,676,10,676,35000,35,35000,35,754706,35,7602943,0,337000,337000,7588614,7588614,337000,337000,0,0,0,0,338,338,337,337,625,625,CONSISTENT
10660,337714,35000,35000,0,0,0,0,0,754706,35,337679,35,339,339,676,1016,2,1000,620,339,340,339,338,338,28,1,35000,35,35,35,10,676,10,676,35000,35,35000,35,754706,35,7612005,0,338000,338000,7611614,7611614,337000,337000,0,0,0,0,339,339,337,337,1019,1019,CONSISTENT
10670,338096,35000,35000,0,0,0,0,0,754706,35,338061,35,340,340,677,1398,2,0,1031,340,340,340,338,338,8,1,35000,35,35,35,10,677,10,677,35000,35,35000,35,754706,35,7620768,0,338000,338000,7611614,7611614,337000,337000,0,0,0,0,339,339,337,337,1399,1399,CONSISTENT
10681,338303,35000,35000,0,0,0,0,0,754706,35,338268,35,340,340,678,606,1,1000,592,340,340,340,339,339,20,1,35000,35,35,35,10,678,10,678,35000,35,35000,35,754706,35,7625552,0,338000,338000,7611614,7611614,338000,338000,0,0,0,0,339,339,338,338,607,607,CONSISTENT
10690,338662,35000,35000,0,0,0,0,0,754706,35,338627,35,340,340,678,965,1,1000,592,340,340,340,339,339,28,1,35000,35,35,35,10,678,10,678,35000,35,35000,35,754706,35,7633809,0,338000,338000,7611614,7611614,338000,338000,0,0,0,0,339,339,338,338,969,969,CONSISTENT
10700,339053,35000,35000,0,0,0,0,0,754706,35,339018,35,341,341,679,1356,2,0,1067,341,341,341,339,339,6,1,35000,35,35,35,10,679,10,679,35000,35,35000,35,754706,35,7642802,0,339000,339000,7634614,7634614,338000,338000,0,0,0,0,340,340,338,338,1358,1358,CONSISTENT
10710,339257,35000,35000,0,0,0,0,0,754706,35,339222,35,341,341,680,561,1,1000,484,341,341,341,340,340,16,1,35000,35,35,35,10,680,10,680,35000,35,35000,35,754706,35,7647517,0,339000,339000,7634614,7634614,339000,339000,0,0,0,0,340,340,339,339,563,563,CONSISTENT
10720,339660,35000,35000,0,0,0,0,0,754706,35,339625,35,341,341,680,964,1,1000,484,341,341,341,340,340,26,1,35000,35,35,35,10,680,10,680,35000,35,35000,35,754706,35,7656786,0,339000,339000,7634614,7634614,339000,339000,0,0,0,0,340,340,339,339,965,965,CONSISTENT
10730,340007,35000,35000,0,0,0,0,0,754706,35,339972,35,342,342,681,1311,2,0,1059,342,342,342,340,340,6,1,35000,35,35,35,10,681,10,681,35000,35,35000,35,754706,35,7664813,0,340000,340000,7657614,7657614,339000,339000,0,0,0,0,341,341,339,339,1314,1314,CONSISTENT
10740,340410,35000,35000,0,0,0,0,0,754706,35,340375,35,342,342,681,1714,2,0,1059,342,342,342,340,340,16,1,35000,35,35,35,10,681,10,681,35000,35,35000,35,754706,35,7674036,0,340000,340000,7657614,7657614,339000,339000,0,0,0,0,341,341,339,339,1715,1715,CONSISTENT
10750,340608,35000,35000,0,0,0,0,0,754706,35,340573,35,342,342,682,913,1,1000,878,342,342,342,341,341,26,1,35000,35,35,35,10,682,10,682,35000,35,35000,35,754706,35,7678613,0,340000,340000,7657614,7657614,340000,340000,0,0,0,0,341,341,340,340,913,913,CONSISTENT
10760,340996,35000,35000,0,0,0,0,0,754706,35,340961,35,343,343,683,1301,2,0,1019,343,343,343,341,341,6,1,35000,35,35,35,10,683,10,683,35000,35,35000,35,754706,35,7687537,0,341000,341000,7680614,7680614,340000,340000,0,0,0,0,342,342,340,340,1301,1301,CONSISTENT
10770,341390,35000,35000,0,0,0,0,0,754706,35,341355,35,343,343,683,1695,2,0,1019,343,343,343,341,341,16,1,35000,35,35,35,10,683,10,683,35000,35,35000,35,754706,35,7696599,0,341000,341000,7680614,7680614,340000,340000,0,0,0,0,342,342,340,340,1695,1695,CONSISTENT
10780,341553,35000,35000,0,0,0,0,0,754706,35,341518,35,343,343,684,859,1,1000,766,343,343,343,342,342,26,1,35000,35,35,35,10,684,10,684,35000,35,35000,35,754706,35,7700371,0,341000,341000,7680614,7680614,341000,341000,0,0,0,0,342,342,341,341,862,862,CONSISTENT
10790,341944,35000,35000,0,0,0,0,0,754706,35,341909,35,344,344,685,1250,2,0,1083,344,344,344,342,342,4,1,35000,35,35,35,10,685,10,685,35000,35,35000,35,754706,35,7709364,0,342000,342000,7703614,7703614,341000,341000,0,0,0,0,343,343,341,341,1250,1250,CONSISTENT
10800,342332,35000,35000,0,0,0,0,0,754706,35,342297,35,344,344,685,1638,2,0,1083,344,344,344,342,342,14,1,35000,35,35,35,10,685,10,685,35000,35,35000,35,754706,35,7718288,0,342000,342000,7703614,7703614,341000,341000,0,0,0,0,343,343,341,341,1639,1639,CONSISTENT
10810,342414,35000,35000,0,0,0,0,0,754706,35,342379,35,344,344,686,721,1,1000,640,344,344,344,343,343,23,1,35000,35,35,35,10,686,10,686,35000,35,35000,35,754706,35,7720197,0,342000,342000,7703614,7703614,342000,342000,0,0,0,0,343,343,342,342,724,726,TORN-PERSISTENT
10820,342819,35000,35000,0,0,0,0,0,754706,35,342784,35,345,345,687,1126,2,0,1068,345,345,345,343,343,0,1,35000,35,35,35,10,687,10,687,35000,35,35000,35,754706,35,7729512,0,343000,343000,7726614,7726614,342000,342000,0,0,0,0,344,344,342,342,1127,1127,CONSISTENT
10830,343161,35000,35000,0,0,0,0,0,754706,35,343126,35,345,345,687,1468,2,0,1068,345,345,345,343,343,10,1,35000,35,35,35,10,687,10,687,35000,35,35000,35,754706,35,7737378,0,343000,343000,7726614,7726614,342000,342000,0,0,0,0,344,344,342,342,1468,1468,CONSISTENT
10840,343519,35000,35000,0,0,0,0,0,754706,35,343484,35,345,345,688,827,1,1000,824,345,345,345,344,344,20,1,35000,35,35,35,10,688,10,688,35000,35,35000,35,754706,35,7745635,0,343000,343000,7726614,7726614,343000,343000,0,0,0,0,344,344,343,343,827,827,CONSISTENT
10850,343756,35000,35000,0,0,0,0,0,754706,35,343721,35,346,346,689,1064,2,0,1026,346,346,346,344,344,0,1,35000,35,35,35,10,689,10,689,35000,35,35000,35,754706,35,7751109,0,344000,344000,7749614,7749614,343000,343000,0,0,0,0,345,345,343,343,1065,1065,CONSISTENT
10860,344139,35000,35000,0,0,0,0,0,754706,35,344104,35,346,346,689,1447,2,0,1026,346,346,346,344,344,10,1,35000,35,35,35,10,689,10,689,35000,35,35000,35,754706,35,7759895,0,344000,344000,7749614,7749614,343000,343000,0,0,0,0,345,345,343,343,1447,1447,CONSISTENT
10870,344365,35000,35000,0,0,0,0,0,754706,35,344330,35,346,346,690,674,1,1000,671,346,346,346,345,345,20,1,35000,35,35,35,10,690,10,690,35000,35,35000,35,754706,35,7765116,0,344000,344000,7749614,7749614,344000,344000,0,0,0,0,345,345,344,344,674,674,CONSISTENT
10880,344685,35000,35000,0,0,0,0,0,754706,35,344650,35,346,346,690,994,1,1000,671,346,346,346,345,345,30,1,35000,35,35,35,10,690,10,690,35000,35,35000,35,754706,35,7772499,0,344000,344000,7749614,7749614,344000,344000,0,0,0,0,345,345,344,344,995,995,CONSISTENT
10890,345066,35000,35000,0,0,0,0,0,754706,35,345031,35,347,347,691,1375,2,0,1067,347,347,347,345,345,8,1,35000,35,35,35,10,691,10,691,35000,35,35000,35,754706,35,7781239,0,345000,345000,7772614,7772614,344000,344000,0,0,0,0,346,346,344,344,1375,1375,CONSISTENT
10900,345268,35000,35000,0,0,0,0,0,754706,35,345233,35,347,347,692,578,1,1000,532,347,347,347,346,346,18,1,35000,35,35,35,10,692,10,692,35000,35,35000,35,754706,35,7785908,0,345000,345000,7772614,7772614,345000,345000,0,0,0,0,346,346,345,345,578,578,CONSISTENT
10910,345652,35000,35000,0,0,0,0,0,754706,35,345617,35,347,347,692,962,1,1000,532,347,347,347,346,346,28,1,35000,35,35,35,10,692,10,692,35000,35,35000,35,754706,35,7794740,0,345000,345000,7772614,7772614,345000,345000,0,0,0,0,346,346,345,345,966,966,CONSISTENT
10920,346033,35000,35000,0,0,0,0,0,754706,35,345998,35,348,348,693,1343,2,0,1014,348,348,348,346,346,8,1,35000,35,35,35,10,693,10,693,35000,35,35000,35,754706,35,7803503,0,346000,346000,7795614,7795614,345000,345000,0,0,0,0,347,347,345,345,1343,1343,CONSISTENT
10930,346385,35000,35000,0,0,0,0,0,754706,35,346350,35,348,348,693,1695,2,0,1014,348,348,348,346,346,16,1,35000,35,35,35,10,693,10,693,35000,35,35000,35,754706,35,7811599,0,346000,346000,7795614,7795614,345000,345000,0,0,0,0,347,347,345,345,1696,1697,TORN-PERSISTENT
10940,346620,35000,35000,0,0,0,0,0,754706,35,346585,35,348,348,694,931,1,1000,927,348,348,348,347,347,26,1,35000,35,35,35,10,694,10,694,35000,35,35000,35,754706,35,7817027,0,346000,346000,7795614,7795614,346000,346000,0,0,0,0,347,347,346,346,931,931,CONSISTENT
10950,346979,35000,35000,0,0,0,0,0,754706,35,346944,35,349,349,695,1290,2,0,1056,349,349,349,347,347,6,1,35000,35,35,35,10,695,10,695,35000,35,35000,35,754706,35,7825284,0,347000,347000,7818614,7818614,346000,346000,0,0,0,0,348,348,346,346,1294,1295,TORN-PERSISTENT
10960,347376,35000,35000,0,0,0,0,0,754706,35,347341,35,349,349,695,1687,2,0,1056,349,349,349,347,347,16,1,35000,35,35,35,10,695,10,695,35000,35,35000,35,754706,35,7834415,0,347000,347000,7818614,7818614,346000,346000,0,0,0,0,348,348,346,346,1692,1692,CONSISTENT
10970,347579,35000,35000,0,0,0,0,0,754706,35,347544,35,349,349,696,891,1,1000,831,349,349,349,348,348,26,1,35000,35,35,35,10,696,10,696,35000,35,35000,35,754706,35,7839130,0,347000,347000,7818614,7818614,347000,347000,0,0,0,0,348,348,347,347,892,892,CONSISTENT
10980,347931,35000,35000,0,0,0,0,0,754706,35,347896,35,350,350,697,1243,2,0,1026,350,350,350,348,348,4,1,35000,35,35,35,10,697,10,697,35000,35,35000,35,754706,35,7847226,0,348000,348000,7841614,7841614,347000,347000,0,0,0,0,349,349,347,347,1245,1246,TORN-PERSISTENT
10990,348323,35000,35000,0,0,0,0,0,754706,35,348288,35,350,350,697,1635,2,0,1026,350,350,350,348,348,14,1,35000,35,35,35,10,697,10,697,35000,35,35000,35,754706,35,7856242,0,348000,348000,7841614,7841614,347000,347000,0,0,0,0,349,349,347,347,1639,1640,TORN-PERSISTENT
11000,348521,35000,35000,0,0,0,0,0,754706,35,348486,35,350,350,698,834,1,1000,725,350,350,350,349,349,24,1,35000,35,35,35,10,698,10,698,35000,35,35000,35,754706,35,7860796,0,348000,348000,7841614,7841614,348000,348000,0,0,0,0,349,349,348,348,836,836,CONSISTENT
11010,348914,35000,35000,0,0,0,0,0,754706,35,348879,35,351,351,699,1227,2,0,1076,351,351,351,349,349,2,1,35000,35,35,35,10,699,10,699,35000,35,35000,35,754706,35,7869835,0,349000,349000,7864614,7864614,348000,348000,0,0,0,0,350,350,348,348,1229,1230,TORN-PERSISTENT
11020,349267,35000,35000,0,0,0,0,0,754706,35,349232,35,351,351,699,1580,2,0,1076,351,351,351,349,349,12,1,35000,35,35,35,10,699,10,699,35000,35,35000,35,754706,35,7877954,0,349000,349000,7864614,7864614,348000,348000,0,0,0,0,350,350,348,348,1583,1583,CONSISTENT
11030,349468,35000,35000,0,0,0,0,0,754706,35,349433,35,351,351,700,782,1,1000,601,351,351,351,350,350,22,1,35000,35,35,35,10,700,10,700,35000,35,35000,35,754706,35,7882600,0,349000,349000,7864614,7864614,349000,349000,0,0,0,0,350,350,349,349,786,786,CONSISTENT
11040,349861,35000,35000,0,0,0,0,0,754706,35,349826,35,352,352,701,1175,2,0,1039,352,352,352,350,350,2,1,35000,35,35,35,10,701,10,701,35000,35,35000,35,754706,35,7891639,0,350000,350000,7887614,7887614,349000,349000,0,0,0,0,351,351,349,349,1177,1177,CONSISTENT
11050,350250,35000,35000,0,0,0,0,0,754706,35,350215,35,352,352,701,1564,2,0,1039,352,352,352,350,350,12,1,35000,35,35,35,10,701,10,701,35000,35,35000,35,754706,35,7900586,0,350000,350000,7887614,7887614,349000,349000,0,0,0,0,351,351,349,349,1564,1564,CONSISTENT
11061,350615,35000,35000,0,0,0,0,0,754706,35,350580,35,352,352,702,930,1,1000,928,352,352,352,351,351,23,1,35000,35,35,35,10,702,10,702,35000,35,35000,35,754706,35,7909004,0,350000,350000,7887614,7887614,350000,350000,0,0,0,0,351,351,350,350,930,930,CONSISTENT
11070,350812,35000,35000,0,0,0,0,0,754706,35,350777,35,353,353,703,1127,2,0,1016,353,353,353,351,351,2,1,35000,35,35,35,10,703,10,703,35000,35,35000,35,754706,35,7913535,0,351000,351000,7910614,7910614,350000,350000,0,0,0,0,352,352,350,350,1128,1129,TORN-PERSISTENT
11080,351169,35000,35000,0,0,0,0,0,754706,35,351134,35,353,353,704,485,1,1000,483,353,353,353,352,352,12,1,35000,35,35,35,10,704,10,704,35000,35,35000,35,754706,35,7921769,0,351000,351000,7910614,7910614,351000,351000,0,0,0,0,352,352,351,351,485,485,CONSISTENT
11090,351405,35000,35000,0,0,0,0,0,754706,35,351370,35,353,353,704,721,1,1000,483,353,353,353,352,352,22,1,35000,35,35,35,10,704,10,704,35000,35,35000,35,754706,35,7927197,0,351000,351000,7910614,7910614,351000,351000,0,0,0,0,352,352,351,351,723,724,TORN-PERSISTENT
11100,351781,35000,35000,0,0,0,0,0,754706,35,351746,35,354,354,705,1097,2,0,1057,354,354,354,352,352,0,1,35000,35,35,35,10,705,10,705,35000,35,35000,35,754706,35,7935845,0,352000,352000,7933614,7933614,351000,351000,0,0,0,0,353,353,351,351,1097,1097,CONSISTENT
11110,352025,35000,35000,0,0,0,0,0,754706,35,351990,35,354,354,705,1341,2,0,1057,354,354,354,352,352,10,1,35000,35,35,35,10,705,10,705,35000,35,35000,35,754706,35,7941457,0,352000,352000,7933614,7933614,351000,351000,0,0,0,0,353,353,351,351,1345,1346,TORN-PERSISTENT
11120,352235,35000,35000,0,0,0,0,0,754706,35,352200,35,354,354,706,552,1,1000,537,354,354,354,353,353,20,1,35000,35,35,35,10,706,10,706,35000,35,35000,35,754706,35,7946310,0,352000,352000,7933614,7933614,352000,352000,0,0,0,0,353,353,352,352,552,552,CONSISTENT
11130,352611,35000,35000,0,0,0,0,0,754706,35,352576,35,354,354,706,928,1,1000,537,354,354,354,353,353,30,1,35000,35,35,35,10,706,10,706,35000,35,35000,35,754706,35,7954958,0,352000,352000,7933614,7933614,352000,352000,0,0,0,0,353,353,352,352,928,928,CONSISTENT
11140,352994,35000,35000,0,0,0,0,0,754706,35,352959,35,355,355,707,1311,2,0,1064,355,355,355,353,353,6,1,35000,35,35,35,10,707,10,707,35000,35,35000,35,754706,35,7963767,0,353000,353000,7956614,7956614,352000,352000,0,0,0,0,354,354,352,352,1311,1311,CONSISTENT
11150,353378,35000,35000,0,0,0,0,0,754706,35,353343,35,355,355,707,1695,2,0,1064,355,355,355,353,353,16,1,35000,35,35,35,10,707,10,707,35000,35,35000,35,754706,35,7972599,0,353000,353000,7956614,7956614,352000,352000,0,0,0,0,354,354,352,352,1697,1697,CONSISTENT
11160,353629,35000,35000,0,0,0,0,0,754706,35,353594,35,355,355,708,947,1,1000,941,355,355,355,354,354,26,1,35000,35,35,35,10,708,10,708,35000,35,35000,35,754706,35,7978395,0,353000,353000,7956614,7956614,353000,353000,0,0,0,0,354,354,353,353,947,947,CONSISTENT
11170,353938,35000,35000,0,0,0,0,0,754706,35,353903,35,356,356,709,1256,2,0,1015,356,356,356,354,354,6,1,35000,35,35,35,10,709,10,709,35000,35,35000,35,754706,35,7985502,0,354000,354000,7979614,7979614,353000,353000,0,0,0,0,355,355,353,353,1256,1256,CONSISTENT
11180,354146,35000,35000,0,0,0,0,0,754706,35,354111,35,356,356,710,465,1,1000,455,356,356,356,355,355,16,1,35000,35,35,35,10,710,10,710,35000,35,35000,35,754706,35,7990309,0,354000,354000,7979614,7979614,354000,354000,0,0,0,0,355,355,354,354,465,465,CONSISTENT
11190,354538,35000,35000,0,0,0,0,0,754706,35,354503,35,356,356,710,857,1,1000,455,356,356,356,355,355,26,1,35000,35,35,35,10,710,10,710,35000,35,35000,35,754706,35,7999325,0,354000,354000,7979614,7979614,354000,354000,0,0,0,0,355,355,354,354,857,857,CONSISTENT
11200,354928,35000,35000,0,0,0,0,0,754706,35,354893,35,357,357,711,1247,2,0,1067,357,357,357,355,355,4,1,35000,35,35,35,10,711,10,711,35000,35,35000,35,754706,35,8008295,0,355000,355000,8002614,8002614,354000,354000,0,0,0,0,356,356,354,354,1251,1252,TORN-PERSISTENT
11210,355289,35000,35000,0,0,0,0,0,754706,35,355254,35,357,357,711,1608,2,0,1067,357,357,357,355,355,12,1,35000,35,35,35,10,711,10,711,35000,35,35000,35,754706,35,8016598,0,355000,355000,8002614,8002614,354000,354000,0,0,0,0,356,356,354,354,1608,1608,CONSISTENT
11220,355486,35000,35000,0,0,0,0,0,754706,35,355451,35,357,357,712,806,1,1000,723,357,357,357,356,356,22,1,35000,35,35,35,10,712,10,712,35000,35,35000,35,754706,35,8021152,0,355000,355000,8002614,8002614,355000,355000,0,0,0,0,356,356,355,355,809,810,TORN-PERSISTENT
11230,355882,35000,35000,0,0,0,0,0,754706,35,355847,35,358,358,713,1202,2,0,1049,358,358,358,356,356,2,1,35000,35,35,35,10,713,10,713,35000,35,35000,35,754706,35,8030260,0,356000,356000,8025614,8025614,355000,355000,0,0,0,0,357,357,355,355,1202,1202,CONSISTENT
11240,356269,35000,35000,0,0,0,0,0,754706,35,356234,35,358,358,714,590,1,1000,588,358,358,358,357,357,14,1,35000,35,35,35,10,714,10,714,35000,35,35000,35,754706,35,8039184,0,356000,356000,8025614,8025614,356000,356000,0,0,0,0,357,357,356,356,592,593,TORN-PERSISTENT
11250,356473,35000,35000,0,0,0,0,0,754706,35,356438,35,358,358,714,794,1,1000,588,358,358,358,357,357,24,1,35000,35,35,35,10,714,10,714,35000,35,35000,35,754706,35,8043876,0,356000,356000,8025614,8025614,356000,356000,0,0,0,0,357,357,356,356,794,794,CONSISTENT
11260,356824,35000,35000,0,0,0,0,0,754706,35,356789,35,359,359,715,1145,2,0,1017,359,359,359,357,357,2,1,35000,35,35,35,10,715,10,715,35000,35,35000,35,754706,35,8051949,0,357000,357000,8048614,8048614,356000,356000,0,0,0,0,358,358,356,356,1148,1148,CONSISTENT
11270,357222,35000,35000,0,0,0,0,0,754706,35,357187,35,359,359,715,1543,2,0,1017,359,359,359,357,357,12,1,35000,35,35,35,10,715,10,715,35000,35,35000,35,754706,35,8061103,0,357000,357000,8048614,8048614,356000,356000,0,0,0,0,358,358,356,356,1543,1543,CONSISTENT
11280,357426,35000,35000,0,0,0,0,0,754706,35,357391,35,359,359,716,748,1,1000,624,359,359,359,358,358,22,1,35000,35,35,35,10,716,10,716,35000,35,35000,35,754706,35,8065818,0,357000,357000,8048614,8048614,357000,357000,0,0,0,0,358,358,357,357,749,749,CONSISTENT
11290,357813,35000,35000,0,0,0,0,0,754706,35,357778,35,360,360,717,1135,2,0,1004,360,360,360,358,358,2,1,35000,35,35,35,10,717,10,717,35000,35,35000,35,754706,35,8074719,0,358000,358000,8071614,8071614,357000,357000,0,0,0,0,359,359,357,357,1138,1138,CONSISTENT
11300,358213,35000,35000,0,0,0,0,0,754706,35,358178,35,360,360,717,1535,2,0,1004,360,360,360,358,358,12,1,35000,35,35,35,10,717,10,717,35000,35,35000,35,754706,35,8083919,0,358000,358000,8071614,8071614,357000,357000,0,0,0,0,359,359,357,357,1538,1538,CONSISTENT
11310,358525,35000,35000,0,0,0,0,0,754706,35,358490,35,360,360,718,848,1,1000,839,360,360,360,359,359,22,1,35000,35,35,35,10,718,10,718,35000,35,35000,35,754706,35,8091118,0,358000,358000,8071614,8071614,358000,358000,0,0,0,0,359,359,358,358,848,848,CONSISTENT
11320,358768,35000,35000,0,0,0,0,0,754706,35,358733,35,361,361,719,1091,2,0,1044,361,361,361,359,359,0,1,35000,35,35,35,10,719,10,719,35000,35,35000,35,754706,35,8096707,0,359000,359000,8094614,8094614,358000,358000,0,0,0,0,360,360,358,358,1091,1091,CONSISTENT
11330,359068,35000,35000,0,0,0,0,0,754706,35,359033,35,361,361,720,392,1,1000,386,361,361,361,360,360,10,1,35000,35,35,35,10,720,10,720,35000,35,35000,35,754706,35,8103630,0,359000,359000,8094614,8094614,359000,359000,0,0,0,0,360,360,359,359,392,392,CONSISTENT
11340,359365,35000,35000,0,0,0,0,0,754706,35,359330,35,361,361,720,689,1,1000,386,361,361,361,360,360,20,1,35000,35,35,35,10,720,10,720,35000,35,35000,35,754706,35,8110461,0,359000,359000,8094614,8094614,359000,359000,0,0,0,0,360,360,359,359,692,694,TORN-PERSISTENT
11350,359751,35000,35000,0,0,0,0,0,754706,35,359716,35,362,362,721,1075,2,0,1025,362,362,362,360,360,0,1,35000,35,35,35,10,721,10,721,35000,35,35000,35,754706,35,8119339,0,360000,360000,8117614,8117614,359000,359000,0,0,0,0,361,361,359,359,1075,1075,CONSISTENT
11360,360107,35000,35000,0,0,0,0,0,754706,35,360072,35,362,362,721,1431,2,0,1025,362,362,362,360,360,10,1,35000,35,35,35,10,721,10,721,35000,35,35000,35,754706,35,8127527,0,360000,360000,8117614,8117614,359000,359000,0,0,0,0,361,361,359,359,1432,1432,CONSISTENT
11370,360312,35000,35000,0,0,0,0,0,754706,35,360277,35,362,362,722,637,1,1000,585,362,362,362,361,361,20,1,35000,35,35,35,10,722,10,722,35000,35,35000,35,754706,35,8132265,0,360000,360000,8117614,8117614,360000,360000,0,0,0,0,361,361,360,360,639,639,CONSISTENT
11380,360711,35000,35000,0,0,0,0,0,754706,35,360676,35,362,362,722,1036,2,1000,585,362,363,362,361,361,30,1,35000,35,35,35,10,722,10,722,35000,35,35000,35,754706,35,8141442,0,361000,361000,8140614,8140614,360000,360000,0,0,0,0,362,362,360,360,1038,1038,CONSISTENT
11390,361107,35000,35000,0,0,0,0,0,754706,35,361072,35,363,363,723,1432,2,0,1079,363,363,363,361,361,8,1,35000,35,35,35,10,723,10,723,35000,35,35000,35,754706,35,8150550,0,361000,361000,8140614,8140614,360000,360000,0,0,0,0,362,362,360,360,1432,1432,CONSISTENT
11400,361480,35000,35000,0,0,0,0,0,754706,35,361445,35,363,363,723,1805,2,0,1079,363,363,363,361,361,18,1,35000,35,35,35,10,723,10,723,35000,35,35000,35,754706,35,8159129,0,361000,361000,8140614,8140614,360000,360000,0,0,0,0,362,362,360,360,1805,1805,CONSISTENT
11410,361548,35000,35000,0,0,0,0,0,754706,35,361513,35,363,363,724,874,1,1000,806,363,363,363,362,362,27,1,35000,35,35,35,10,724,10,724,35000,35,35000,35,754706,35,8160716,0,361000,361000,8140614,8140614,361000,361000,0,0,0,0,362,362,361,361,876,876,CONSISTENT
11420,361939,35000,35000,0,0,0,0,0,754706,35,361904,35,364,364,725,1265,2,0,1017,364,364,364,362,362,6,1,35000,35,35,35,10,725,10,725,35000,35,35000,35,754706,35,8169709,0,362000,362000,8163614,8163614,361000,361000,0,0,0,0,363,363,361,361,1266,1266,CONSISTENT
11430,362314,35000,35000,0,0,0,0,0,754706,35,362279,35,364,364,726,641,1,1000,637,364,364,364,363,363,16,1,35000,35,35,35,10,726,10,726,35000,35,35000,35,754706,35,8178357,0,362000,362000,8163614,8163614,362000,362000,0,0,0,0,363,363,362,362,641,641,CONSISTENT
11440,362529,35000,35000,0,0,0,0,0,754706,35,362494,35,364,364,726,856,1,1000,637,364,364,364,363,363,26,1,35000,35,35,35,10,726,10,726,35000,35,35000,35,754706,35,8183302,0,362000,362000,8163614,8163614,362000,362000,0,0,0,0,363,363,362,362,860,860,CONSISTENT
11450,362874,35000,35000,0,0,0,0,0,754706,35,362839,35,365,365,727,1201,2,0,1051,365,365,365,363,363,4,1,35000,35,35,35,10,727,10,727,35000,35,35000,35,754706,35,8191237,0,363000,363000,8186614,8186614,362000,362000,0,0,0,0,364,364,362,362,1201,1201,CONSISTENT
11460,363178,35000,35000,0,0,0,0,0,754706,35,363143,35,365,365,728,506,1,1000,503,365,365,365,364,364,14,1,35000,35,35,35,10,728,10,728,35000,35,35000,35,754706,35,8198252,0,363000,363000,8186614,8186614,363000,363000,0,0,0,0,364,364,363,363,506,506,CONSISTENT
11470,363471,35000,35000,0,0,0,0,0,754706,35,363436,35,365,365,728,799,1,1000,503,365,365,365,364,364,24,1,35000,35,35,35,10,728,10,728,35000,35,35000,35,754706,35,8204991,0,363000,363000,8186614,8186614,363000,363000,0,0,0,0,364,364,363,363,799,799,CONSISTENT
11480,363863,35000,35000,0,0,0,0,0,754706,35,363828,35,366,366,729,1191,2,0,1013,366,366,366,364,364,4,1,35000,35,35,35,10,729,10,729,35000,35,35000,35,754706,35,8214007,0,364000,364000,8209614,8209614,363000,363000,0,0,0,0,365,365,363,363,1192,1193,TORN-PERSISTENT
11490,364252,35000,35000,0,0,0,0,0,754706,35,364217,35,366,366,729,1580,2,0,1013,366,366,366,364,364,14,1,35000,35,35,35,10,729,10,729,35000,35,35000,35,754706,35,8222954,0,364000,364000,8209614,8209614,363000,363000,0,0,0,0,365,365,363,363,1580,1580,CONSISTENT
11500,364569,35000,35000,0,0,0,0,0,754706,35,364534,35,366,366,730,898,1,1000,895,366,366,366,365,365,23,1,35000,35,35,35,10,730,10,730,35000,35,35000,35,754706,35,8230268,0,364000,364000,8209614,8209614,364000,364000,0,0,0,0,365,365,364,364,898,898,CONSISTENT
11510,364804,35000,35000,0,0,0,0,0,754706,35,364769,35,367,367,731,1133,2,0,1062,367,367,367,365,365,0,1,35000,35,35,35,10,731,10,731,35000,35,35000,35,754706,35,8235673,0,365000,365000,8232614,8232614,364000,364000,0,0,0,0,366,366,364,364,1136,1138,TORN-PERSISTENT
11520,365186,35000,35000,0,0,0,0,0,754706,35,365151,35,367,367,731,1515,2,0,1062,367,367,367,365,365,10,1,35000,35,35,35,10,731,10,731,35000,35,35000,35,754706,35,8244459,0,365000,365000,8232614,8232614,364000,364000,0,0,0,0,366,366,364,364,1517,1517,CONSISTENT
11530,365439,35000,35000,0,0,0,0,0,754706,35,365404,35,367,367,732,769,1,1000,762,367,367,367,366,366,22,1,35000,35,35,35,10,732,10,732,35000,35,35000,35,754706,35,8250301,0,365000,365000,8232614,8232614,365000,365000,0,0,0,0,366,366,365,365,769,769,CONSISTENT
11540,365773,35000,35000,0,0,0,0,0,754706,35,365738,35,368,368,733,1103,2,0,1010,368,368,368,366,366,2,1,35000,35,35,35,10,733,10,733,35000,35,35000,35,754706,35,8257983,0,366000,366000,8255614,8255614,365000,365000,0,0,0,0,367,367,365,365,1105,1106,TORN-PERSISTENT
11550,366119,35000,35000,0,0,0,0,0,754706,35,366084,35,368,368,733,1449,2,0,1010,368,368,368,366,366,10,1,35000,35,35,35,10,733,10,733,35000,35,35000,35,754706,35,8265941,0,366000,366000,8255614,8255614,365000,365000,0,0,0,0,367,367,365,365,1449,1449,CONSISTENT
11560,366341,35000,35000,0,0,0,0,0,754706,35,366306,35,368,368,734,672,1,1000,670,368,368,368,367,367,20,1,35000,35,35,35,10,734,10,734,35000,35,35000,35,754706,35,8271070,0,366000,366000,8255614,8255614,366000,366000,0,0,0,0,367,367,366,366,672,672,CONSISTENT
11570,366699,35000,35000,0,0,0,0,0,754706,35,366664,35,368,368,734,1030,2,1000,670,368,369,368,367,367,30,1,35000,35,35,35,10,734,10,734,35000,35,35000,35,754706,35,8279304,0,367000,367000,8278614,8278614,366000,366000,0,0,0,0,368,368,366,366,1030,1030,CONSISTENT
11580,367080,35000,35000,0,0,0,0,0,754706,35,367045,35,369,369,735,1411,2,0,1048,369,369,369,367,367,8,1,35000,35,35,35,10,735,10,735,35000,35,35000,35,754706,35,8288067,0,367000,367000,8278614,8278614,366000,366000,0,0,0,0,368,368,366,366,1413,1414,TORN-PERSISTENT
11590,367275,35000,35000,0,0,0,0,0,754706,35,367240,35,369,369,736,607,1,1000,555,369,369,369,368,368,18,1,35000,35,35,35,10,736,10,736,35000,35,35000,35,754706,35,8292575,0,367000,367000,8278614,8278614,367000,367000,0,0,0,0,368,368,367,367,608,608,CONSISTENT
11600,367617,35000,35000,0,0,0,0,0,754706,35,367582,35,369,369,736,949,1,1000,555,369,369,369,368,368,28,1,35000,35,35,35,10,736,10,736,35000,35,35000,35,754706,35,8300441,0,367000,367000,8278614,8278614,367000,367000,0,0,0,0,368,368,367,367,953,954,TORN-PERSISTENT
11610,367999,35000,35000,0,0,0,0,0,754706,35,367964,35,370,370,737,1331,2,0,1060,370,370,370,368,368,6,1,35000,35,35,35,10,737,10,737,35000,35,35000,35,754706,35,8309227,0,368000,368000,8301614,8301614,367000,367000,0,0,0,0,369,369,367,367,1333,1333,CONSISTENT
11620,368380,35000,35000,0,0,0,0,0,754706,35,368345,35,370,370,737,1712,2,0,1060,370,370,370,368,368,16,1,35000,35,35,35,10,737,10,737,35000,35,35000,35,754706,35,8317990,0,368000,368000,8301614,8301614,367000,367000,0,0,0,0,369,369,367,367,1713,1714,TORN-PERSISTENT
11630,368576,35000,35000,0,0,0,0,0,754706,35,368541,35,370,370,738,909,1,1000,855,370,370,370,369,369,26,1,35000,35,35,35,10,738,10,738,35000,35,35000,35,754706,35,8322521,0,368000,368000,8301614,8301614,368000,368000,0,0,0,0,369,369,368,368,911,911,CONSISTENT
11640,368916,35000,35000,0,0,0,0,0,754706,35,368881,35,371,371,739,1249,2,0,1008,371,371,371,369,369,6,1,35000,35,35,35,10,739,10,739,35000,35,35000,35,754706,35,8330341,0,369000,369000,8324614,8324614,368000,368000,0,0,0,0,370,370,368,368,1250,1250,CONSISTENT
11650,369294,35000,35000,0,0,0,0,0,754706,35,369259,35,371,371,739,1627,2,0,1008,371,371,371,369,369,16,1,35000,35,35,35,10,739,10,739,35000,35,35000,35,754706,35,8339035,0,369000,369000,8324614,8324614,368000,368000,0,0,0,0,370,370,368,368,1630,1630,CONSISTENT
11660,369602,35000,35000,0,0,0,0,0,754706,35,369567,35,371,371,740,936,1,1000,921,371,371,371,370,370,26,1,35000,35,35,35,10,740,10,740,35000,35,35000,35,754706,35,8346142,0,369000,369000,8324614,8324614,369000,369000,0,0,0,0,370,370,369,369,936,936,CONSISTENT
11670,369884,35000,35000,0,0,0,0,0,754706,35,369849,35,372,372,741,1218,2,0,1022,372,372,372,370,370,4,1,35000,35,35,35,10,741,10,741,35000,35,35000,35,754706,35,8352628,0,370000,370000,8347614,8347614,369000,369000,0,0,0,0,371,371,369,369,1218,1218,CONSISTENT
11680,370256,35000,35000,0,0,0,0,0,754706,35,370221,35,372,372,741,1590,2,0,1022,372,372,372,370,370,14,1,35000,35,35,35,10,741,10,741,35000,35,35000,35,754706,35,8361184,0,370000,370000,8347614,8347614,369000,369000,0,0,0,0,371,371,369,369,1592,1592,CONSISTENT
11691,370499,35000,35000,0,0,0,0,0,754706,35,370464,35,372,372,742,834,1,1000,829,372,372,372,371,371,24,1,35000,35,35,35,10,742,10,742,35000,35,35000,35,754706,35,8366796,0,370000,370000,8347614,8347614,370000,370000,0,0,0,0,371,371,370,370,834,834,CONSISTENT
11700,370785,35000,35000,0,0,0,0,0,754706,35,370750,35,373,373,743,1120,2,0,1040,373,373,373,371,371,2,1,35000,35,35,35,10,743,10,743,35000,35,35000,35,754706,35,8373397,0,371000,371000,8370614,8370614,370000,370000,0,0,0,0,372,372,370,370,1125,1125,CONSISTENT
11710,371062,35000,35000,0,0,0,0,0,754706,35,371027,35,373,373,743,1397,2,0,1040,373,373,373,371,371,11,1,35000,35,35,35,10,743,10,743,35000,35,35000,35,754706,35,8379768,0,371000,371000,8370614,8370614,370000,370000,0,0,0,0,372,372,370,370,1399,1399,CONSISTENT
11720,371272,35000,35000,0,0,0,0,0,754706,35,371237,35,373,373,744,608,1,1000,544,373,373,373,372,372,21,1,35000,35,35,35,10,744,10,744,35000,35,35000,35,754706,35,8384598,0,371000,371000,8370614,8370614,371000,371000,0,0,0,0,372,372,371,371,611,611,CONSISTENT
11730,371666,35000,35000,0,0,0,0,0,754706,35,371631,35,373,373,744,1002,2,1000,544,373,374,373,372,372,31,1,35000,35,35,35,10,744,10,744,35000,35,35000,35,754706,35,8393660,0,372000,372000,8393614,8393614,371000,371000,0,0,0,0,373,373,371,371,1005,1006,TORN-PERSISTENT
11740,372018,35000,35000,0,0,0,0,0,754706,35,371983,35,374,374,745,1354,2,0,1029,374,374,374,372,372,8,1,35000,35,35,35,10,745,10,745,35000,35,35000,35,754706,35,8401756,0,372000,372000,8393614,8393614,371000,371000,0,0,0,0,373,373,371,371,1356,1356,CONSISTENT
11750,372412,35000,35000,0,0,0,0,0,754706,35,372377,35,374,374,745,1748,2,0,1029,374,374,374,372,372,18,1,35000,35,35,35,10,745,10,745,35000,35,35000,35,754706,35,8410818,0,372000,372000,8393614,8393614,371000,371000,0,0,0,0,373,373,371,371,1748,1748,CONSISTENT
11760,372612,35000,35000,0,0,0,0,0,754706,35,372577,35,374,374,746,949,1,1000,933,374,374,374,373,373,28,1,35000,35,35,35,10,746,10,746,35000,35,35000,35,754706,35,8415441,0,372000,372000,8393614,8393614,372000,372000,0,0,0,0,373,373,372,372,951,952,TORN-PERSISTENT
11770,373003,35000,35000,0,0,0,0,0,754706,35,372968,35,375,375,747,1340,2,0,1083,375,375,375,373,373,6,1,35000,35,35,35,10,747,10,747,35000,35,35000,35,754706,35,8424434,0,373000,373000,8416614,8416614,372000,372000,0,0,0,0,374,374,372,372,1342,1343,TORN-PERSISTENT
11780,373354,35000,35000,0,0,0,0,0,754706,35,373319,35,375,375,747,1691,2,0,1083,375,375,375,373,373,14,1,35000,35,35,35,10,747,10,747,35000,35,35000,35,754706,35,8432507,0,373000,373000,8416614,8416614,372000,372000,0,0,0,0,374,374,372,372,1693,1694,TORN-PERSISTENT
11790,373564,35000,35000,0,0,0,0,0,754706,35,373529,35,375,375,748,902,1,1000,788,375,375,375,374,374,26,1,35000,35,35,35,10,748,10,748,35000,35,35000,35,754706,35,8437360,0,373000,373000,8416614,8416614,373000,373000,0,0,0,0,374,374,373,373,906,906,CONSISTENT
11800,373956,35000,35000,0,0,0,0,0,754706,35,373921,35,376,376,749,1294,2,0,1047,376,376,376,374,374,6,1,35000,35,35,35,10,749,10,749,35000,35,35000,35,754706,35,8446376,0,374000,374000,8439614,8439614,373000,373000,0,0,0,0,375,375,373,373,1294,1294,CONSISTENT
11810,374344,35000,35000,0,0,0,0,0,754706,35,374309,35,376,376,749,1682,2,0,1047,376,376,376,374,374,16,1,35000,35,35,35,10,749,10,749,35000,35,35000,35,754706,35,8455300,0,374000,374000,8439614,8439614,373000,373000,0,0,0,0,375,375,373,373,1683,1683,CONSISTENT
11820,374562,35000,35000,0,0,0,0,0,754706,35,374527,35,376,376,750,901,1,1000,699,376,376,376,375,375,26,1,35000,35,35,35,10,750,10,750,35000,35,35000,35,754706,35,8460337,0,374000,374000,8439614,8439614,374000,374000,0,0,0,0,375,375,374,374,903,904,TORN-PERSISTENT
11830,374912,35000,35000,0,0,0,0,0,754706,35,374877,35,377,377,751,1251,2,0,1022,377,377,377,375,375,4,1,35000,35,35,35,10,751,10,751,35000,35,35000,35,754706,35,8468410,0,375000,375000,8462614,8462614,374000,374000,0,0,0,0,376,376,374,374,1254,1256,TORN-PERSISTENT
11840,375269,35000,35000,0,0,0,0,0,754706,35,375234,35,377,377,752,609,1,1000,601,377,377,377,376,376,14,1,35000,35,35,35,10,752,10,752,35000,35,35000,35,754706,35,8476621,0,375000,375000,8462614,8462614,375000,375000,0,0,0,0,376,376,375,375,609,609,CONSISTENT
11850,375514,35000,35000,0,0,0,0,0,754706,35,375479,35,377,377,752,854,1,1000,601,377,377,377,376,376,24,1,35000,35,35,35,10,752,10,752,35000,35,35000,35,754706,35,8482256,0,375000,375000,8462614,8462614,375000,375000,0,0,0,0,376,376,375,375,855,855,CONSISTENT
11860,375907,35000,35000,0,0,0,0,0,754706,35,375872,35,378,378,753,1247,2,0,1013,378,378,378,376,376,6,1,35000,35,35,35,10,753,10,753,35000,35,35000,35,754706,35,8491295,0,376000,376000,8485614,8485614,375000,375000,0,0,0,0,377,377,375,375,1247,1247,CONSISTENT
11870,376295,35000,35000,0,0,0,0,0,754706,35,376260,35,378,378,753,1635,2,0,1013,378,378,378,376,376,16,1,35000,35,35,35,10,753,10,753,35000,35,35000,35,754706,35,8500219,0,376000,376000,8485614,8485614,375000,375000,0,0,0,0,377,377,375,375,1637,1637,CONSISTENT
11880,376482,35000,35000,0,0,0,0,0,754706,35,376447,35,378,378,754,823,1,1000,822,378,378,378,377,377,24,1,35000,35,35,35,10,754,10,754,35000,35,35000,35,754706,35,8504543,0,376000,376000,8485614,8485614,376000,376000,0,0,0,0,377,377,376,376,823,823,CONSISTENT
11890,376845,35000,35000,0,0,0,0,0,754706,35,376810,35,379,379,755,1186,2,0,1055,379,379,379,377,377,2,1,35000,35,35,35,10,755,10,755,35000,35,35000,35,754706,35,8512892,0,377000,377000,8508614,8508614,376000,376000,0,0,0,0,378,378,376,376,1187,1187,CONSISTENT
11900,377238,35000,35000,0,0,0,0,0,754706,35,377203,35,379,379,755,1579,2,0,1055,379,379,379,377,377,12,1,35000,35,35,35,10,755,10,755,35000,35,35000,35,754706,35,8521931,0,377000,377000,8508614,8508614,376000,376000,0,0,0,0,378,378,376,376,1579,1579,CONSISTENT
11910,377501,35000,35000,0,0,0,0,0,754706,35,377466,35,379,379,756,843,1,1000,836,379,379,379,378,378,22,1,35000,35,35,35,10,756,10,756,35000,35,35000,35,754706,35,8528003,0,377000,377000,8508614,8508614,377000,377000,0,0,0,0,378,378,377,377,843,843,CONSISTENT
11920,377840,35000,35000,0,0,0,0,0,754706,35,377805,35,380,380,757,1182,2,0,1040,380,380,380,378,378,2,1,35000,35,35,35,10,757,10,757,35000,35,35000,35,754706,35,8535800,0,378000,378000,8531614,8531614,377000,377000,0,0,0,0,379,379,377,377,1185,1185,CONSISTENT
11930,378043,35000,35000,0,0,0,0,0,754706,35,378008,35,380,380,758,386,1,1000,378,380,380,380,379,379,12,1,35000,35,35,35,10,758,10,758,35000,35,35000,35,754706,35,8540492,0,378000,378000,8531614,8531614,378000,378000,0,0,0,0,379,379,378,378,386,386,CONSISTENT
11940,378398,35000,35000,0,0,0,0,0,754706,35,378363,35,380,380,758,741,1,1000,378,380,380,380,379,379,22,1,35000,35,35,35,10,758,10,758,35000,35,35000,35,754706,35,8548657,0,378000,378000,8531614,8531614,378000,378000,0,0,0,0,379,379,378,378,745,746,TORN-PERSISTENT
11950,378788,35000,35000,0,0,0,0,0,754706,35,378753,35,381,381,759,1131,2,0,1009,381,381,381,379,379,2,1,35000,35,35,35,10,759,10,759,35000,35,35000,35,754706,35,8557627,0,379000,379000,8554614,8554614,378000,378000,0,0,0,0,380,380,378,378,1132,1132,CONSISTENT
11960,379182,35000,35000,0,0,0,0,0,754706,35,379147,35,381,381,759,1525,2,0,1009,381,381,381,379,379,12,1,35000,35,35,35,10,759,10,759,35000,35,35000,35,754706,35,8566689,0,379000,379000,8554614,8554614,378000,378000,0,0,0,0,380,380,378,378,1526,1527,TORN-PERSISTENT
11970,379386,35000,35000,0,0,0,0,0,754706,35,379351,35,381,381,760,730,1,1000,607,381,381,381,380,380,22,1,35000,35,35,35,10,760,10,760,35000,35,35000,35,754706,35,8571404,0,379000,379000,8554614,8554614,379000,379000,0,0,0,0,380,380,379,379,730,730,CONSISTENT
11980,379734,35000,35000,0,0,0,0,0,754706,35,379699,35,382,382,761,1078,2,0,1066,382,382,382,380,380,0,1,35000,35,35,35,10,761,10,761,35000,35,35000,35,754706,35,8579408,0,380000,380000,8577614,8577614,379000,379000,0,0,0,0,381,381,379,379,1078,1078,CONSISTENT
11990,380130,35000,35000,0,0,0,0,0,754706,35,380095,35,382,382,761,1474,2,0,1066,382,382,382,380,380,10,1,35000,35,35,35,10,761,10,761,35000,35,35000,35,754706,35,8588516,0,380000,380000,8577614,8577614,379000,379000,0,0,0,0,381,381,379,379,1474,1474,CONSISTENT
12000,380518,35000,35000,0,0,0,0,0,754706,35,380483,35,382,382,761,1862,2,0,1066,382,382,382,380,380,20,1,35000,35,35,35,10,761,10,761,35000,35,35000,35,754706,35,8597440,0,380000,380000,8577614,8577614,379000,379000,0,0,0,0,381,381,379,379,1862,1862,CONSISTENT
12010,380607,35000,35000,0,0,0,0,0,754706,35,380572,35,382,382,762,952,1,1000,863,382,382,382,381,381,29,1,35000,35,35,35,10,762,10,762,35000,35,35000,35,754706,35,8599510,0,380000,380000,8577614,8577614,380000,380000,0,0,0,0,381,381,380,380,952,952,CONSISTENT
12020,380993,35000,35000,0,0,0,0,0,754706,35,380958,35,383,383,763,1338,2,0,1053,383,383,383,381,381,6,1,35000,35,35,35,10,763,10,763,35000,35,35000,35,754706,35,8608388,0,381000,381000,8600614,8600614,380000,380000,0,0,0,0,382,382,380,380,1338,1338,CONSISTENT
12030,381332,35000,35000,0,0,0,0,0,754706,35,381297,35,383,383,764,678,1,1000,674,383,383,383,382,382,16,1,35000,35,35,35,10,764,10,764,35000,35,35000,35,754706,35,8616208,0,381000,381000,8600614,8600614,381000,381000,0,0,0,0,382,382,381,381,678,678,CONSISTENT
12040,381548,35000,35000,0,0,0,0,0,754706,35,381513,35,383,383,764,894,1,1000,674,383,383,383,382,382,26,1,35000,35,35,35,10,764,10,764,35000,35,35000,35,754706,35,8621176,0,381000,381000,8600614,8600614,381000,381000,0,0,0,0,382,382,381,381,896,897,TORN-PERSISTENT
12050,381941,35000,35000,0,0,0,0,0,754706,35,381906,35,384,384,765,1287,2,0,1035,384,384,384,382,382,6,1,35000,35,35,35,10,765,10,765,35000,35,35000,35,754706,35,8630215,0,382000,382000,8623614,8623614,381000,381000,0,0,0,0,383,383,381,381,1287,1287,CONSISTENT
12060,382188,35000,35000,0,0,0,0,0,754706,35,382153,35,384,384,766,535,1,1000,530,384,384,384,383,383,16,1,35000,35,35,35,10,766,10,766,35000,35,35000,35,754706,35,8635919,0,382000,382000,8623614,8623614,382000,382000,0,0,0,0,383,383,382,382,535,535,CONSISTENT
12070,382538,35000,35000,0,0,0,0,0,754706,35,382503,35,384,384,766,885,1,1000,530,384,384,384,383,383,26,1,35000,35,35,35,10,766,10,766,35000,35,35000,35,754706,35,8643992,0,382000,382000,8623614,8623614,382000,382000,0,0,0,0,383,383,382,382,886,886,CONSISTENT
12080,382885,35000,35000,0,0,0,0,0,754706,35,382850,35,385,385,767,1232,2,0,1001,385,385,385,383,383,6,1,35000,35,35,35,10,767,10,767,35000,35,35000,35,754706,35,8651950,0,383000,383000,8646614,8646614,382000,382000,0,0,0,0,384,384,382,382,1233,1234,TORN-PERSISTENT
12090,383277,35000,35000,0,0,0,0,0,754706,35,383242,35,385,385,767,1624,2,0,1001,385,385,385,383,383,16,1,35000,35,35,35,10,767,10,767,35000,35,35000,35,754706,35,8660966,0,383000,383000,8646614,8646614,382000,382000,0,0,0,0,384,384,382,382,1627,1628,TORN-PERSISTENT
12100,383575,35000,35000,0,0,0,0,0,754706,35,383540,35,385,385,768,923,1,1000,918,385,385,385,384,384,26,1,35000,35,35,35,10,768,10,768,35000,35,35000,35,754706,35,8667843,0,383000,383000,8646614,8646614,383000,383000,0,0,0,0,384,384,383,383,923,923,CONSISTENT
12110,383876,35000,35000,0,0,0,0,0,754706,35,383841,35,386,386,769,1224,2,0,1046,386,386,386,384,384,4,1,35000,35,35,35,10,769,10,769,35000,35,35000,35,754706,35,8674766,0,384000,384000,8669614,8669614,383000,383000,0,0,0,0,385,385,383,383,1225,1225,CONSISTENT
12120,384264,35000,35000,0,0,0,0,0,754706,35,384229,35,386,386,769,1612,2,0,1046,386,386,386,384,384,14,1,35000,35,35,35,10,769,10,769,35000,35,35000,35,754706,35,8683690,0,384000,384000,8669614,8669614,383000,383000,0,0,0,0,385,385,383,383,1615,1616,TORN-PERSISTENT
12130,384447,35000,35000,0,0,0,0,0,754706,35,384412,35,386,386,770,796,1,1000,739,386,386,386,385,385,22,1,35000,35,35,35,10,770,10,770,35000,35,35000,35,754706,35,8687945,0,384000,384000,8669614,8669614,384000,384000,0,0,0,0,385,385,384,384,798,798,CONSISTENT
12140,384842,35000,35000,0,0,0,0,0,754706,35,384807,35,387,387,771,1191,2,0,1047,387,387,387,385,385,2,1,35000,35,35,35,10,771,10,771,35000,35,35000,35,754706,35,8697007,0,385000,385000,8692614,8692614,384000,384000,0,0,0,0,386,386,384,384,1195,1195,CONSISTENT
12150,385236,35000,35000,0,0,0,0,0,754706,35,385201,35,387,387,771,1585,2,0,1047,387,387,387,385,385,14,1,35000,35,35,35,10,771,10,771,35000,35,35000,35,754706,35,8706069,0,385000,385000,8692614,8692614,384000,384000,0,0,0,0,386,386,384,384,1587,1587,CONSISTENT
12160,385455,35000,35000,0,0,0,0,0,754706,35,385420,35,387,387,772,805,1,1000,657,387,387,387,386,386,24,1,35000,35,35,35,10,772,10,772,35000,35,35000,35,754706,35,8711129,0,385000,385000,8692614,8692614,385000,385000,0,0,0,0,386,386,385,385,807,807,CONSISTENT
12170,385852,35000,35000,0,0,0,0,0,754706,35,385817,35,388,388,773,1202,2,0,1031,388,388,388,386,386,4,1,35000,35,35,35,10,773,10,773,35000,35,35000,35,754706,35,8720306,0,386000,386000,8715614,8715614,385000,385000,0,0,0,0,387,387,385,385,1204,1204,CONSISTENT
12180,386200,35000,35000,0,0,0,0,0,754706,35,386165,35,388,388,774,551,1,1000,544,388,388,388,387,387,13,1,35000,35,35,35,10,774,10,774,35000,35,35000,35,754706,35,8728287,0,386000,386000,8715614,8715614,386000,386000,0,0,0,0,387,387,386,386,553,553,CONSISTENT
12190,386413,35000,35000,0,0,0,0,0,754706,35,386378,35,388,388,774,764,1,1000,544,388,388,388,387,387,22,1,35000,35,35,35,10,774,10,774,35000,35,35000,35,754706,35,8733186,0,386000,386000,8715614,8715614,386000,386000,0,0,0,0,387,387,386,386,765,765,CONSISTENT
12200,386809,35000,35000,0,0,0,0,0,754706,35,386774,35,389,389,775,1160,2,0,1018,389,389,389,387,387,2,1,35000,35,35,35,10,775,10,775,35000,35,35000,35,754706,35,8742294,0,387000,387000,8738614,8738614,386000,386000,0,0,0,0,388,388,386,386,1163,1163,CONSISTENT
12210,387192,35000,35000,0,0,0,0,0,754706,35,387157,35,389,389,775,1543,2,0,1018,389,389,389,387,387,12,1,35000,35,35,35,10,775,10,775,35000,35,35000,35,754706,35,8751103,0,387000,387000,8738614,8738614,386000,386000,0,0,0,0,388,388,386,386,1546,1547,TORN-PERSISTENT
12220,387549,35000,35000,0,0,0,0,0,754706,35,387514,35,389,389,775,1900,2,0,1018,389,389,389,387,387,22,1,35000,35,35,35,10,775,10,775,35000,35,35000,35,754706,35,8759314,0,387000,387000,8738614,8738614,386000,386000,0,0,0,0,388,388,386,386,1900,1900,CONSISTENT
12230,387751,35000,35000,0,0,0,0,0,754706,35,387716,35,390,390,777,1103,2,0,1055,390,390,390,388,388,0,1,35000,35,35,35,10,777,10,777,35000,35,35000,35,754706,35,8763983,0,388000,388000,8761614,8761614,387000,387000,0,0,0,0,389,389,387,387,1104,1104,CONSISTENT
12240,388132,35000,35000,0,0,0,0,0,754706,35,388097,35,390,390,777,1484,2,0,1055,390,390,390,388,388,10,1,35000,35,35,35,10,777,10,777,35000,35,35000,35,754706,35,8772746,0,388000,388000,8761614,8761614,387000,387000,0,0,0,0,389,389,387,387,1487,1488,TORN-PERSISTENT
12250,388347,35000,35000,0,0,0,0,0,754706,35,388312,35,390,390,778,700,1,1000,697,390,390,390,389,389,20,1,35000,35,35,35,10,778,10,778,35000,35,35000,35,754706,35,8777714,0,388000,388000,8761614,8761614,388000,388000,0,0,0,0,389,389,388,388,700,700,CONSISTENT
12260,388733,35000,35000,0,0,0,0,0,754706,35,388698,35,391,391,779,1086,2,0,1032,391,391,391,389,389,0,1,35000,35,35,35,10,779,10,779,35000,35,35000,35,754706,35,8786592,0,389000,389000,8784614,8784614,388000,388000,0,0,0,0,390,390,388,388,1086,1086,CONSISTENT
12270,389081,35000,35000,0,0,0,0,0,754706,35,389046,35,391,391,779,1434,2,0,1032,391,391,391,389,389,10,1,35000,35,35,35,10,779,10,779,35000,35,35000,35,754706,35,8794596,0,389000,389000,8784614,8784614,388000,388000,0,0,0,0,390,390,388,388,1434,1434,CONSISTENT
12280,389317,35000,35000,0,0,0,0,0,754706,35,389282,35,391,391,780,671,1,1000,666,391,391,391,390,390,20,1,35000,35,35,35,10,780,10,780,35000,35,35000,35,754706,35,8800047,0,389000,389000,8784614,8784614,389000,389000,0,0,0,0,390,390,389,389,671,671,CONSISTENT
12290,389673,35000,35000,0,0,0,0,0,754706,35,389638,35,391,391,780,1027,2,1000,666,391,392,391,390,390,30,1,35000,35,35,35,10,780,10,780,35000,35,35000,35,754706,35,8808235,0,390000,390000,8807614,8807614,389000,389000,0,0,0,0,391,391,389,389,1029,1030,TORN-PERSISTENT
12300,390049,35000,35000,0,0,0,0,0,754706,35,390014,35,392,392,781,1403,2,0,1075,392,392,392,390,390,8,1,35000,35,35,35,10,781,10,781,35000,35,35000,35,754706,35,8816883,0,390000,390000,8807614,8807614,389000,389000,0,0,0,0,391,391,389,389,1403,1403,CONSISTENT
12310,390157,35000,35000,0,0,0,0,0,754706,35,390122,35,392,392,782,512,1,1000,404,392,392,392,391,391,17,1,35000,35,35,35,10,782,10,782,35000,35,35000,35,754706,35,8819390,0,390000,390000,8807614,8807614,390000,390000,0,0,0,0,391,391,390,390,512,512,CONSISTENT
12320,390501,35000,35000,0,0,0,0,0,754706,35,390466,35,392,392,782,856,1,1000,404,392,392,392,391,391,27,1,35000,35,35,35,10,782,10,782,35000,35,35000,35,754706,35,8827302,0,390000,390000,8807614,8807614,390000,390000,0,0,0,0,391,391,390,390,857,857,CONSISTENT
12330,390888,35000,35000,0,0,0,0,0,754706,35,390853,35,393,393,783,1243,2,0,1080,393,393,393,391,391,4,1,35000,35,35,35,10,783,10,783,35000,35,35000,35,754706,35,8836203,0,391000,391000,8830614,8830614,390000,390000,0,0,0,0,392,392,390,390,1245,1245,CONSISTENT
12340,391280,35000,35000,0,0,0,0,0,754706,35,391245,35,393,393,783,1635,2,0,1080,393,393,393,391,391,14,1,35000,35,35,35,10,783,10,783,35000,35,35000,35,754706,35,8845219,0,391000,391000,8830614,8830614,390000,390000,0,0,0,0,392,392,390,390,1636,1636,CONSISTENT
12350,391497,35000,35000,0,0,0,0,0,754706,35,391462,35,393,393,784,853,1,1000,740,393,393,393,392,392,24,1,35000,35,35,35,10,784,10,784,35000,35,35000,35,754706,35,8850233,0,391000,391000,8830614,8830614,391000,391000,0,0,0,0,392,392,391,391,853,853,CONSISTENT
12360,391892,35000,35000,0,0,0,0,0,754706,35,391857,35,394,394,785,1248,2,0,1057,394,394,394,392,392,4,1,35000,35,35,35,10,785,10,785,35000,35,35000,35,754706,35,8859318,0,392000,392000,8853614,8853614,391000,391000,0,0,0,0,393,393,391,391,1249,1250,TORN-PERSISTENT
12370,392237,35000,35000,0,0,0,0,0,754706,35,392202,35,394,394,785,1593,2,0,1057,394,394,394,392,392,12,1,35000,35,35,35,10,785,10,785,35000,35,35000,35,754706,35,8867253,0,392000,392000,8853614,8853614,391000,391000,0,0,0,0,393,393,391,391,1595,1595,CONSISTENT
12380,392432,35000,35000,0,0,0,0,0,754706,35,392397,35,394,394,786,789,1,1000,618,394,394,394,393,393,24,1,35000,35,35,35,10,786,10,786,35000,35,35000,35,754706,35,8871761,0,392000,392000,8853614,8853614,392000,392000,0,0,0,0,393,393,392,392,793,794,TORN-PERSISTENT
12390,392826,35000,35000,0,0,0,0,0,754706,35,392791,35,395,395,787,1183,2,0,1011,395,395,395,393,393,4,1,35000,35,35,35,10,787,10,787,35000,35,35000,35,754706,35,8880823,0,393000,393000,8876614,8876614,392000,392000,0,0,0,0,394,394,392,392,1184,1184,CONSISTENT
12400,393214,35000,35000,0,0,0,0,0,754706,35,393179,35,395,395,787,1571,2,0,1011,395,395,395,393,393,14,1,35000,35,35,35,10,787,10,787,35000,35,35000,35,754706,35,8889747,0,393000,393000,8876614,8876614,392000,392000,0,0,0,0,394,394,392,392,1572,1573,TORN-PERSISTENT
12410,393446,35000,35000,0,0,0,0,0,754706,35,393411,35,395,395,788,804,1,1000,791,395,395,395,394,394,24,1,35000,35,35,35,10,788,10,788,35000,35,35000,35,754706,35,8895106,0,393000,393000,8876614,8876614,393000,393000,0,0,0,0,394,394,393,393,804,804,CONSISTENT
12420,393769,35000,35000,0,0,0,0,0,754706,35,393734,35,396,396,789,1127,2,0,1066,396,396,396,394,394,0,1,35000,35,35,35,10,789,10,789,35000,35,35000,35,754706,35,8902535,0,394000,394000,8899614,8899614,393000,393000,0,0,0,0,395,395,393,393,1127,1127,CONSISTENT
12430,394162,35000,35000,0,0,0,0,0,754706,35,394127,35,396,396,789,1521,2,0,1066,396,396,396,394,394,10,1,35000,35,35,35,10,789,10,789,35000,35,35000,35,754706,35,8911597,0,394000,394000,8899614,8899614,393000,393000,0,0,0,0,395,395,393,393,1521,1521,CONSISTENT
12440,394530,35000,35000,0,0,0,0,0,754706,35,394495,35,396,396,790,889,1,1000,877,396,396,396,395,395,21,1,35000,35,35,35,10,790,10,790,35000,35,35000,35,754706,35,8920061,0,394000,394000,8899614,8899614,394000,394000,0,0,0,0,395,395,394,394,889,889,CONSISTENT
12450,394768,35000,35000,0,0,0,0,0,754706,35,394733,35,397,397,791,1127,2,0,1049,397,397,397,395,395,0,1,35000,35,35,35,10,791,10,791,35000,35,35000,35,754706,35,8925535,0,395000,395000,8922614,8922614,394000,394000,0,0,0,0,396,396,394,394,1128,1130,TORN-PERSISTENT
12460,395156,35000,35000,0,0,0,0,0,754706,35,395121,35,397,397,791,1515,2,0,1049,397,397,397,395,395,10,1,35000,35,35,35,10,791,10,791,35000,35,35000,35,754706,35,8934482,0,395000,395000,8922614,8922614,394000,394000,0,0,0,0,396,396,394,394,1517,1518,TORN-PERSISTENT
12470,395422,35000,35000,0,0,0,0,0,754706,35,395387,35,397,397,792,782,1,1000,774,397,397,397,396,396,20,1,35000,35,35,35,10,792,10,792,35000,35,35000,35,754706,35,8940600,0,395000,395000,8922614,8922614,395000,395000,0,0,0,0,396,396,395,395,782,782,CONSISTENT
12480,395721,35000,35000,0,0,0,0,0,754706,35,395686,35,398,398,793,1081,2,0,1034,398,398,398,396,396,0,1,35000,35,35,35,10,793,10,793,35000,35,35000,35,754706,35,8947477,0,396000,396000,8945614,8945614,395000,395000,0,0,0,0,397,397,395,395,1081,1081,CONSISTENT
12490,396106,35000,35000,0,0,0,0,0,754706,35,396071,35,398,398,793,1466,2,0,1034,398,398,398,396,396,10,1,35000,35,35,35,10,793,10,793,35000,35,35000,35,754706,35,8956332,0,396000,396000,8945614,8945614,395000,395000,0,0,0,0,397,397,395,395,1466,1466,CONSISTENT
12500,396310,35000,35000,0,0,0,0,0,754706,35,396275,35,398,398,794,671,1,1000,644,398,398,398,397,397,20,1,35000,35,35,35,10,794,10,794,35000,35,35000,35,754706,35,8961047,0,396000,396000,8945614,8945614,396000,396000,0,0,0,0,397,397,396,396,671,671,CONSISTENT
12510,396693,35000,35000,0,0,0,0,0,754706,35,396658,35,398,398,794,1054,2,1000,644,398,399,398,397,397,30,1,35000,35,35,35,10,794,10,794,35000,35,35000,35,754706,35,8969856,0,397000,397000,8968614,8968614,396000,396000,0,0,0,0,398,398,396,396,1058,1058,CONSISTENT
12520,397050,35000,35000,0,0,0,0,0,754706,35,397015,35,399,399,795,1411,2,0,1069,399,399,399,397,397,8,1,35000,35,35,35,10,795,10,795,35000,35,35000,35,754706,35,8978067,0,397000,397000,8968614,8968614,396000,396000,0,0,0,0,398,398,396,396,1411,1411,CONSISTENT
12530,397248,35000,35000,0,0,0,0,0,754706,35,397213,35,399,399,796,610,1,1000,516,399,399,399,398,398,18,1,35000,35,35,35,10,796,10,796,35000,35,35000,35,754706,35,8982644,0,397000,397000,8968614,8968614,397000,397000,0,0,0,0,398,398,397,397,610,610,CONSISTENT
12540,397642,35000,35000,0,0,0,0,0,754706,35,397607,35,399,399,796,1004,2,1000,516,399,400,399,398,398,28,1,35000,35,35,35,10,796,10,796,35000,35,35000,35,754706,35,8991706,0,398000,398000,8991614,8991614,397000,397000,0,0,0,0,399,399,397,397,1004,1004,CONSISTENT
12550,398033,35000,35000,0,0,0,0,0,754706,35,397998,35,400,400,797,1395,2,0,1042,400,400,400,398,398,8,1,35000,35,35,35,10,797,10,797,35000,35,35000,35,754706,35,9000699,0,398000,398000,8991614,8991614,397000,397000,0,0,0,0,399,399,397,397,1397,1397,CONSISTENT
12560,398418,35000,35000,0,0,0,0,0,754706,35,398383,35,400,400,797,1780,2,0,1042,400,400,400,398,398,18,1,35000,35,35,35,10,797,10,797,35000,35,35000,35,754706,35,9009554,0,398000,398000,8991614,8991614,397000,397000,0,0,0,0,399,399,397,397,1781,1781,CONSISTENT
12570,398583,35000,35000,0,0,0,0,0,754706,35,398548,35,400,400,798,946,1,1000,891,400,400,400,399,399,28,1,35000,35,35,35,10,798,10,798,35000,35,35000,35,754706,35,9013372,0,398000,398000,8991614,8991614,398000,398000,0,0,0,0,399,399,398,398,946,946,CONSISTENT
12580,398972,35000,35000,0,0,0,0,0,754706,35,398937,35,401,401,799,1335,2,0,1009,401,401,401,399,399,8,1,35000,35,35,35,10,799,10,799,35000,35,35000,35,754706,35,9022319,0,399000,399000,9014614,9014614,398000,398000,0,0,0,0,400,400,398,398,1338,1339,TORN-PERSISTENT
12590,399354,35000,35000,0,0,0,0,0,754706,35,399319,35,401,401,799,1717,2,0,1009,401,401,401,399,399,18,1,35000,35,35,35,10,799,10,799,35000,35,35000,35,754706,35,9031105,0,399000,399000,9014614,9014614,398000,398000,0,0,0,0,400,400,398,398,1721,1721,CONSISTENT
12600,399556,35000,35000,0,0,0,0,0,754706,35,399521,35,401,401,800,920,1,1000,764,401,401,401,400,400,28,1,35000,35,35,35,10,800,10,800,35000,35,35000,35,754706,35,9035774,0,399000,399000,9014614,9014614,399000,399000,0,0,0,0,400,400,399,399,920,920,CONSISTENT
12610,399841,35000,35000,0,0,0,0,0,754706,35,399806,35,402,402,801,1205,2,0,1018,402,402,402,400,400,4,1,35000,35,35,35,10,801,10,801,35000,35,35000,35,754706,35,9042329,0,400000,400000,9037614,9037614,399000,399000,0,0,0,0,401,401,399,399,1205,1205,CONSISTENT
12620,400192,35000,35000,0,0,0,0,0,754706,35,400157,35,402,402,801,1556,2,0,1018,402,402,402,400,400,14,1,35000,35,35,35,10,801,10,801,35000,35,35000,35,754706,35,9050425,0,400000,400000,9037614,9037614,399000,399000,0,0,0,0,401,401,399,399,1559,1560,TORN-PERSISTENT
12630,400552,35000,35000,0,0,0,0,0,754706,35,400517,35,402,402,802,917,1,1000,910,402,402,402,401,401,24,1,35000,35,35,35,10,802,10,802,35000,35,35000,35,754706,35,9058705,0,400000,400000,9037614,9037614,400000,400000,0,0,0,0,401,401,400,400,917,917,CONSISTENT
12640,400786,35000,35000,0,0,0,0,0,754706,35,400751,35,403,403,803,1151,2,0,1060,403,403,403,401,401,2,1,35000,35,35,35,10,803,10,803,35000,35,35000,35,754706,35,9064087,0,401000,401000,9060614,9060614,400000,400000,0,0,0,0,402,402,400,400,1155,1155,CONSISTENT
12650,401177,35000,35000,0,0,0,0,0,754706,35,401142,35,403,403,803,1542,2,0,1060,403,403,403,401,401,12,1,35000,35,35,35,10,803,10,803,35000,35,35000,35,754706,35,9073080,0,401000,401000,9060614,9060614,400000,400000,0,0,0,0,402,402,400,400,1545,1545,CONSISTENT
12660,401450,35000,35000,0,0,0,0,0,754706,35,401415,35,403,403,804,816,1,1000,815,403,403,403,402,402,22,1,35000,35,35,35,10,804,10,804,35000,35,35000,35,754706,35,9079382,0,401000,401000,9060614,9060614,401000,401000,0,0,0,0,402,402,401,401,816,816,CONSISTENT
12670,401724,35000,35000,0,0,0,0,0,754706,35,401689,35,404,404,805,1090,2,0,1013,404,404,404,402,402,2,1,35000,35,35,35,10,805,10,805,35000,35,35000,35,754706,35,9085684,0,402000,402000,9083614,9083614,401000,401000,0,0,0,0,403,403,401,401,1090,1090,CONSISTENT
12680,402116,35000,35000,0,0,0,0,0,754706,35,402081,35,404,404,805,1482,2,0,1013,404,404,404,402,402,10,1,35000,35,35,35,10,805,10,805,35000,35,35000,35,754706,35,9094723,0,402000,402000,9083614,9083614,401000,401000,0,0,0,0,403,403,401,401,1483,1483,CONSISTENT
12690,402334,35000,35000,0,0,0,0,0,754706,35,402299,35,404,404,806,701,1,1000,699,404,404,404,403,403,20,1,35000,35,35,35,10,806,10,806,35000,35,35000,35,754706,35,9099737,0,402000,402000,9083614,9083614,402000,402000,0,0,0,0,403,403,402,402,701,701,CONSISTENT
12700,402710,35000,35000,0,0,0,0,0,754706,35,402675,35,405,405,807,1077,2,0,1074,405,405,405,403,403,0,1,35000,35,35,35,10,807,10,807,35000,35,35000,35,754706,35,9108385,0,403000,403000,9106614,9106614,402000,402000,0,0,0,0,404,404,402,402,1079,1080,TORN-PERSISTENT
12710,403100,35000,35000,0,0,0,0,0,754706,35,403065,35,405,405,807,1467,2,0,1074,405,405,405,403,403,10,1,35000,35,35,35,10,807,10,807,35000,35,35000,35,754706,35,9117355,0,403000,403000,9106614,9106614,402000,402000,0,0,0,0,404,404,402,402,1470,1471,TORN-PERSISTENT
12720,403264,35000,35000,0,0,0,0,0,754706,35,403229,35,405,405,808,632,1,1000,572,405,405,405,404,404,18,1,35000,35,35,35,10,808,10,808,35000,35,35000,35,754706,35,9121150,0,403000,403000,9106614,9106614,403000,403000,0,0,0,0,404,404,403,403,632,632,CONSISTENT
12730,403652,35000,35000,0,0,0,0,0,754706,35,403617,35,405,405,808,1020,2,1000,572,405,406,405,404,404,28,1,35000,35,35,35,10,808,10,808,35000,35,35000,35,754706,35,9130074,0,404000,404000,9129614,9129614,403000,403000,0,0,0,0,405,405,403,403,1023,1024,TORN-PERSISTENT
12740,404045,35000,35000,0,0,0,0,0,754706,35,404010,35,406,406,809,1413,2,0,1036,406,406,406,404,404,8,1,35000,35,35,35,10,809,10,809,35000,35,35000,35,754706,35,9139113,0,404000,404000,9129614,9129614,403000,403000,0,0,0,0,405,405,403,403,1416,1416,CONSISTENT
12750,404432,35000,35000,0,0,0,0,0,754706,35,404397,35,406,406,809,1800,2,0,1036,406,406,406,404,404,18,1,35000,35,35,35,10,809,10,809,35000,35,35000,35,754706,35,9148037,0,404000,404000,9129614,9129614,403000,403000,0,0,0,0,405,405,403,403,1801,1801,CONSISTENT
12760,404638,35000,35000,0,0,0,0,0,754706,35,404603,35,406,406,810,1007,2,1000,914,406,407,406,405,405,28,1,35000,35,35,35,10,810,10,810,35000,35,35000,35,754706,35,9152775,0,405000,405000,9152614,9152614,404000,404000,0,0,0,0,406,406,404,404,1009,1009,CONSISTENT
12770,404990,35000,35000,0,0,0,0,0,754706,35,404955,35,407,407,811,1359,2,0,1014,407,407,407,405,405,8,1,35000,35,35,35,10,811,10,811,35000,35,35000,35,754706,35,9160894,0,405000,405000,9152614,9152614,404000,404000,0,0,0,0,406,406,404,404,1360,1360,CONSISTENT
12780,405188,35000,35000,0,0,0,0,0,754706,35,405153,35,407,407,812,558,1,1000,467,407,407,407,406,406,18,1,35000,35,35,35,10,812,10,812,35000,35,35000,35,754706,35,9165448,0,405000,405000,9152614,9152614,405000,405000,0,0,0,0,406,406,405,405,562,562,CONSISTENT
12790,405583,35000,35000,0,0,0,0,0,754706,35,405548,35,407,407,812,953,1,1000,467,407,407,407,406,406,28,1,35000,35,35,35,10,812,10,812,35000,35,35000,35,754706,35,9174533,0,405000,405000,9152614,9152614,405000,405000,0,0,0,0,406,406,405,405,953,953,CONSISTENT
12800,405976,35000,35000,0,0,0,0,0,754706,35,405941,35,408,408,813,1346,2,0,1056,408,408,408,406,406,6,1,35000,35,35,35,10,813,10,813,35000,35,35000,35,754706,35,9183572,0,406000,406000,9175614,9175614,405000,405000,0,0,0,0,407,407,405,405,1347,1347,CONSISTENT
12810,406311,35000,35000,0,0,0,0,0,754706,35,406276,35,408,408,814,682,1,1000,679,408,408,408,407,407,16,1,35000,35,35,35,10,814,10,814,35000,35,35000,35,754706,35,9191300,0,406000,406000,9175614,9175614,406000,406000,0,0,0,0,407,407,406,406,682,682,CONSISTENT
12820,406517,35000,35000,0,0,0,0,0,754706,35,406482,35,408,408,814,888,1,1000,679,408,408,408,407,407,26,1,35000,35,35,35,10,814,10,814,35000,35,35000,35,754706,35,9196038,0,406000,406000,9175614,9175614,406000,406000,0,0,0,0,407,407,406,406,888,888,CONSISTENT
12830,406904,35000,35000,0,0,0,0,0,754706,35,406869,35,409,409,815,1275,2,0,1022,409,409,409,407,407,6,1,35000,35,35,35,10,815,10,815,35000,35,35000,35,754706,35,9204939,0,407000,407000,9198614,9198614,406000,406000,0,0,0,0,408,408,406,406,1276,1276,CONSISTENT
12840,407185,35000,35000,0,0,0,0,0,754706,35,407150,35,409,409,816,557,1,1000,549,409,409,409,408,408,16,1,35000,35,35,35,10,816,10,816,35000,35,35000,35,754706,35,9211425,0,407000,407000,9198614,9198614,407000,407000,0,0,0,0,408,408,407,407,557,557,CONSISTENT
12850,407502,35000,35000,0,0,0,0,0,754706,35,407467,35,409,409,816,874,1,1000,549,409,409,409,408,408,26,1,35000,35,35,35,10,816,10,816,35000,35,35000,35,754706,35,9218716,0,407000,407000,9198614,9198614,407000,407000,0,0,0,0,408,408,407,407,874,874,CONSISTENT
12860,407888,35000,35000,0,0,0,0,0,754706,35,407853,35,410,410,817,1260,2,0,1061,410,410,410,408,408,4,1,35000,35,35,35,10,817,10,817,35000,35,35000,35,754706,35,9227594,0,408000,408000,9221614,9221614,407000,407000,0,0,0,0,409,409,407,407,1263,1264,TORN-PERSISTENT
12870,408277,35000,35000,0,0,0,0,0,754706,35,408242,35,410,410,817,1649,2,0,1061,410,410,410,408,408,14,1,35000,35,35,35,10,817,10,817,35000,35,35000,35,754706,35,9236541,0,408000,408000,9221614,9221614,407000,407000,0,0,0,0,409,409,407,407,1649,1649,CONSISTENT
12880,408556,35000,35000,0,0,0,0,0,754706,35,408521,35,410,410,818,929,1,1000,924,410,410,410,409,409,24,1,35000,35,35,35,10,818,10,818,35000,35,35000,35,754706,35,9242981,0,408000,408000,9221614,9221614,408000,408000,0,0,0,0,409,409,408,408,929,929,CONSISTENT
12890,408829,35000,35000,0,0,0,0,0,754706,35,408794,35,411,411,819,1202,2,0,1038,411,411,411,409,409,4,1,35000,35,35,35,10,819,10,819,35000,35,35000,35,754706,35,9249306,0,409000,409000,9244614,9244614,408000,408000,0,0,0,0,410,410,408,408,1204,1204,CONSISTENT
12900,409214,35000,35000,0,0,0,0,0,754706,35,409179,35,411,411,819,1587,2,0,1038,411,411,411,409,409,14,1,35000,35,35,35,10,819,10,819,35000,35,35000,35,754706,35,9258115,0,409000,409000,9244614,9244614,408000,408000,0,0,0,0,410,410,408,408,1587,1587,CONSISTENT
12910,409295,35000,35000,0,0,0,0,0,754706,35,409260,35,411,411,820,669,1,1000,592,411,411,411,410,410,23,1,35000,35,35,35,10,820,10,820,35000,35,35000,35,754706,35,9260001,0,409000,409000,9244614,9244614,409000,409000,0,0,0,0,410,410,409,409,670,670,CONSISTENT
12920,409689,35000,35000,0,0,0,0,0,754706,35,409654,35,412,412,821,1063,2,0,1004,412,412,412,410,410,0,1,35000,35,35,35,10,821,10,821,35000,35,35000,35,754706,35,9269063,0,410000,410000,9267614,9267614,409000,409000,0,0,0,0,411,411,409,409,1063,1063,CONSISTENT
12930,410032,35000,35000,0,0,0,0,0,754706,35,409997,35,412,412,821,1406,2,0,1004,412,412,412,410,410,10,1,35000,35,35,35,10,821,10,821,35000,35,35000,35,754706,35,9276952,0,410000,410000,9267614,9267614,409000,409000,0,0,0,0,411,411,409,409,1407,1407,CONSISTENT
12940,410236,35000,35000,0,0,0,0,0,754706,35,410201,35,412,412,822,611,1,1000,456,412,412,412,411,411,20,1,35000,35,35,35,10,822,10,822,35000,35,35000,35,754706,35,9281667,0,410000,410000,9267614,9267614,410000,410000,0,0,0,0,411,411,410,410,614,614,CONSISTENT
12950,410636,35000,35000,0,0,0,0,0,754706,35,410601,35,412,412,822,1011,2,1000,456,412,413,412,411,411,30,1,35000,35,35,35,10,822,10,822,35000,35,35000,35,754706,35,9290867,0,411000,411000,9290614,9290614,410000,410000,0,0,0,0,412,412,410,410,1015,1015,CONSISTENT
12960,411023,35000,35000,0,0,0,0,0,754706,35,410988,35,413,413,823,1398,2,0,1141,413,413,413,411,411,6,1,35000,35,35,35,10,823,10,823,35000,35,35000,35,754706,35,9299768,0,411000,411000,9290614,9290614,410000,410000,0,0,0,0,412,412,410,410,1399,1399,CONSISTENT
12970,411377,35000,35000,0,0,0,0,0,754706,35,411342,35,413,413,823,1752,2,0,1141,413,413,413,411,411,14,1,35000,35,35,35,10,823,10,823,35000,35,35000,35,754706,35,9307910,0,411000,411000,9290614,9290614,410000,410000,0,0,0,0,412,412,410,410,1752,1752,CONSISTENT
12980,411580,35000,35000,0,0,0,0,0,754706,35,411545,35,413,413,824,956,1,1000,846,413,413,413,412,412,26,1,35000,35,35,35,10,824,10,824,35000,35,35000,35,754706,35,9312602,0,411000,411000,9290614,9290614,411000,411000,0,0,0,0,412,412,411,411,958,958,CONSISTENT
12990,411976,35000,35000,0,0,0,0,0,754706,35,411941,35,414,414,825,1352,2,0,1029,414,414,414,412,412,8,1,35000,35,35,35,10,825,10,825,35000,35,35000,35,754706,35,9321710,0,412000,412000,9313614,9313614,411000,411000,0,0,0,0,413,413,411,411,1353,1354,TORN-PERSISTENT
13000,412368,35000,35000,0,0,0,0,0,754706,35,412333,35,414,414,826,745,1,1000,737,414,414,414,413,413,18,1,35000,35,35,35,10,826,10,826,35000,35,35000,35,754706,35,9330749,0,412000,412000,9313614,9313614,412000,412000,0,0,0,0,413,413,412,412,745,745,CONSISTENT
13010,412573,35000,35000,0,0,0,0,0,754706,35,412538,35,414,414,826,950,1,1000,737,414,414,414,413,413,28,1,35000,35,35,35,10,826,10,826,35000,35,35000,35,754706,35,9335464,0,412000,412000,9313614,9313614,412000,412000,0,0,0,0,413,413,412,412,950,950,CONSISTENT
13020,412924,35000,35000,0,0,0,0,0,754706,35,412889,35,415,415,827,1301,2,0,1071,415,415,415,413,413,4,1,35000,35,35,35,10,827,10,827,35000,35,35000,35,754706,35,9343537,0,413000,413000,9336614,9336614,412000,412000,0,0,0,0,414,414,412,412,1301,1301,CONSISTENT
13030,413226,35000,35000,0,0,0,0,0,754706,35,413191,35,415,415,828,604,1,1000,594,415,415,415,414,414,14,1,35000,35,35,35,10,828,10,828,35000,35,35000,35,754706,35,9350506,0,413000,413000,9336614,9336614,413000,413000,0,0,0,0,414,414,413,413,604,604,CONSISTENT
13040,413515,35000,35000,0,0,0,0,0,754706,35,413480,35,415,415,828,893,1,1000,594,415,415,415,414,414,24,1,35000,35,35,35,10,828,10,828,35000,35,35000,35,754706,35,9357153,0,413000,413000,9336614,9336614,413000,413000,0,0,0,0,414,414,413,413,895,896,TORN-PERSISTENT
13050,413906,35000,35000,0,0,0,0,0,754706,35,413871,35,416,416,829,1284,2,0,1055,416,416,416,414,414,6,1,35000,35,35,35,10,829,10,829,35000,35,35000,35,754706,35,9366169,0,414000,414000,9359614,9359614,413000,413000,0,0,0,0,415,415,413,413,1285,1285,CONSISTENT
13060,414116,35000,35000,0,0,0,0,0,754706,35,414081,35,416,416,830,495,1,1000,461,416,416,416,415,415,16,1,35000,35,35,35,10,830,10,830,35000,35,35000,35,754706,35,9370999,0,414000,414000,9359614,9359614,414000,414000,0,0,0,0,415,415,414,414,496,496,CONSISTENT
13070,414472,35000,35000,0,0,0,0,0,754706,35,414437,35,416,416,830,851,1,1000,461,416,416,416,415,415,24,1,35000,35,35,35,10,830,10,830,35000,35,35000,35,754706,35,9379187,0,414000,414000,9359614,9359614,414000,414000,0,0,0,0,415,415,414,414,854,854,CONSISTENT
13080,414860,35000,35000,0,0,0,0,0,754706,35,414825,35,417,417,831,1239,2,0,1027,417,417,417,415,415,4,1,35000,35,35,35,10,831,10,831,35000,35,35000,35,754706,35,9388111,0,415000,415000,9382614,9382614,414000,414000,0,0,0,0,416,416,414,414,1242,1242,CONSISTENT
13090,415263,35000,35000,0,0,0,0,0,754706,35,415228,35,417,417,831,1642,2,0,1027,417,417,417,415,415,14,1,35000,35,35,35,10,831,10,831,35000,35,35000,35,754706,35,9397380,0,415000,415000,9382614,9382614,414000,414000,0,0,0,0,416,416,414,414,1643,1643,CONSISTENT
13100,415506,35000,35000,0,0,0,0,0,754706,35,415471,35,417,417,832,886,1,1000,878,417,417,417,416,416,24,1,35000,35,35,35,10,832,10,832,35000,35,35000,35,754706,35,9402992,0,415000,415000,9382614,9382614,415000,415000,0,0,0,0,416,416,415,415,886,886,CONSISTENT
13110,415865,35000,35000,0,0,0,0,0,754706,35,415830,35,418,418,833,1245,2,0,1023,418,418,418,416,416,4,1,35000,35,35,35,10,833,10,833,35000,35,35000,35,754706,35,9411272,0,416000,416000,9405614,9405614,415000,415000,0,0,0,0,417,417,415,415,1246,1246,CONSISTENT
13120,416225,35000,35000,0,0,0,0,0,754706,35,416190,35,418,418,833,1605,2,0,1023,418,418,418,416,416,14,1,35000,35,35,35,10,833,10,833,35000,35,35000,35,754706,35,9419529,0,416000,416000,9405614,9405614,415000,415000,0,0,0,0,417,417,415,415,1606,1606,CONSISTENT
13130,416441,35000,35000,0,0,0,0,0,754706,35,416406,35,418,418,834,822,1,1000,745,418,418,418,417,417,24,1,35000,35,35,35,10,834,10,834,35000,35,35000,35,754706,35,9424520,0,416000,416000,9405614,9405614,416000,416000,0,0,0,0,417,417,416,416,823,826,TORN-PERSISTENT
13140,416832,35000,35000,0,0,0,0,0,754706,35,416797,35,419,419,835,1213,2,0,1010,419,419,419,417,417,4,1,35000,35,35,35,10,835,10,835,35000,35,35000,35,754706,35,9433513,0,417000,417000,9428614,9428614,416000,416000,0,0,0,0,418,418,416,416,1216,1217,TORN-PERSISTENT
13150,417222,35000,35000,0,0,0,0,0,754706,35,417187,35,419,419,835,1603,2,0,1010,419,419,419,417,417,14,1,35000,35,35,35,10,835,10,835,35000,35,35000,35,754706,35,9442506,0,417000,417000,9428614,9428614,416000,416000,0,0,0,0,418,418,416,416,1605,1605,CONSISTENT
13160,417423,35000,35000,0,0,0,0,0,754706,35,417388,35,419,419,836,805,1,1000,627,419,419,419,418,418,24,1,35000,35,35,35,10,836,10,836,35000,35,35000,35,754706,35,9447129,0,417000,417000,9428614,9428614,417000,417000,0,0,0,0,418,418,417,417,805,805,CONSISTENT
13170,417770,35000,35000,0,0,0,0,0,754706,35,417735,35,420,420,837,1152,2,0,1063,420,420,420,418,418,2,1,35000,35,35,35,10,837,10,837,35000,35,35000,35,754706,35,9455110,0,418000,418000,9451614,9451614,417000,417000,0,0,0,0,419,419,417,417,1153,1153,CONSISTENT
13180,418135,35000,35000,0,0,0,0,0,754706,35,418100,35,420,420,838,518,1,1000,510,420,420,420,419,419,12,1,35000,35,35,35,10,838,10,838,35000,35,35000,35,754706,35,9463528,0,418000,418000,9451614,9451614,418000,418000,0,0,0,0,419,419,418,418,519,519,CONSISTENT
13190,418378,35000,35000,0,0,0,0,0,754706,35,418343,35,420,420,838,761,1,1000,510,420,420,420,419,419,22,1,35000,35,35,35,10,838,10,838,35000,35,35000,35,754706,35,9469117,0,418000,418000,9451614,9451614,418000,418000,0,0,0,0,419,419,418,418,763,763,CONSISTENT
13200,418760,35000,35000,0,0,0,0,0,754706,35,418725,35,421,421,839,1143,2,0,1034,421,421,421,419,419,2,1,35000,35,35,35,10,839,10,839,35000,35,35000,35,754706,35,9477903,0,419000,419000,9474614,9474614,418000,418000,0,0,0,0,420,420,418,418,1143,1143,CONSISTENT
13210,419045,35000,35000,0,0,0,0,0,754706,35,419010,35,421,421,839,1428,2,0,1034,421,421,421,419,419,11,1,35000,35,35,35,10,839,10,839,35000,35,35000,35,754706,35,9484458,0,419000,419000,9474614,9474614,418000,418000,0,0,0,0,420,420,418,418,1432,1432,CONSISTENT
13220,419348,35000,35000,0,0,0,0,0,754706,35,419313,35,421,421,840,732,1,1000,717,421,421,421,420,420,21,1,35000,35,35,35,10,840,10,840,35000,35,35000,35,754706,35,9491450,0,419000,419000,9474614,9474614,419000,419000,0,0,0,0,420,420,419,419,732,732,CONSISTENT
13230,419615,35000,35000,0,0,0,0,0,754706,35,419580,35,421,421,840,999,1,1000,717,421,421,421,420,420,31,1,35000,35,35,35,10,840,10,840,35000,35,35000,35,754706,35,9497591,0,420000,420000,9497614,9497614,419000,419000,0,0,0,0,421,421,419,419,1001,1001,CONSISTENT
13240,420007,35000,35000,0,0,0,0,0,754706,35,419972,35,422,422,841,1391,2,0,1146,422,422,422,420,420,6,1,35000,35,35,35,10,841,10,841,35000,35,35000,35,754706,35,9506607,0,420000,420000,9497614,9497614,419000,419000,0,0,0,0,421,421,419,419,1393,1394,TORN-PERSISTENT
13250,420221,35000,35000,0,0,0,0,0,754706,35,420186,35,422,422,842,606,1,1000,600,422,422,422,421,421,16,1,35000,35,35,35,10,842,10,842,35000,35,35000,35,754706,35,9511552,0,420000,420000,9497614,9497614,420000,420000,0,0,0,0,421,421,420,420,606,606,CONSISTENT
13260,420601,35000,35000,0,0,0,0,0,754706,35,420566,35,422,422,842,986,1,1000,600,422,422,422,421,421,26,1,35000,35,35,35,10,842,10,842,35000,35,35000,35,754706,35,9520292,0,420000,420000,9497614,9497614,420000,420000,0,0,0,0,421,421,420,420,990,990,CONSISTENT
13270,420956,35000,35000,0,0,0,0,0,754706,35,420921,35,423,423,843,1341,2,0,1031,423,423,423,421,421,8,1,35000,35,35,35,10,843,10,843,35000,35,35000,35,754706,35,9528480,0,421000,421000,9520614,9520614,420000,420000,0,0,0,0,422,422,420,420,1343,1343,CONSISTENT
13280,421339,35000,35000,0,0,0,0,0,754706,35,421304,35,423,423,843,1724,2,0,1031,423,423,423,421,421,18,1,35000,35,35,35,10,843,10,843,35000,35,35000,35,754706,35,9537266,0,421000,421000,9520614,9520614,420000,420000,0,0,0,0,422,422,420,420,1728,1728,CONSISTENT
13290,421536,35000,35000,0,0,0,0,0,754706,35,421501,35,423,423,844,922,1,1000,752,423,423,423,422,422,28,1,35000,35,35,35,10,844,10,844,35000,35,35000,35,754706,35,9541820,0,421000,421000,9520614,9520614,421000,421000,0,0,0,0,422,422,421,421,922,922,CONSISTENT
13300,421930,35000,35000,0,0,0,0,0,754706,35,421895,35,424,424,845,1316,2,0,1061,424,424,424,422,422,6,1,35000,35,35,35,10,845,10,845,35000,35,35000,35,754706,35,9550882,0,422000,422000,9543614,9543614,421000,421000,0,0,0,0,423,423,421,421,1317,1317,CONSISTENT
13310,422320,35000,35000,0,0,0,0,0,754706,35,422285,35,424,424,845,1706,2,0,1061,424,424,424,422,422,16,1,35000,35,35,35,10,845,10,845,35000,35,35000,35,754706,35,9559852,0,422000,422000,9543614,9543614,421000,421000,0,0,0,0,423,423,421,421,1709,1709,CONSISTENT
13320,422484,35000,35000,0,0,0,0,0,754706,35,422449,35,424,424,846,871,1,1000,852,424,424,424,423,423,24,1,35000,35,35,35,10,846,10,846,35000,35,35000,35,754706,35,9563670,0,422000,422000,9543614,9543614,422000,422000,0,0,0,0,423,423,422,422,872,872,CONSISTENT
13330,422875,35000,35000,0,0,0,0,0,754706,35,422840,35,425,425,847,1262,2,0,1047,425,425,425,423,423,4,1,35000,35,35,35,10,847,10,847,35000,35,35000,35,754706,35,9572640,0,423000,423000,9566614,9566614,422000,422000,0,0,0,0,424,424,422,422,1266,1266,CONSISTENT
13340,423268,35000,35000,0,0,0,0,0,754706,35,423233,35,425,425,847,1655,2,0,1047,425,425,425,423,423,14,1,35000,35,35,35,10,847,10,847,35000,35,35000,35,754706,35,9581679,0,423000,423000,9566614,9566614,422000,422000,0,0,0,0,424,424,422,422,1656,1656,CONSISTENT
13350,423473,35000,35000,0,0,0,0,0,754706,35,423438,35,425,425,848,861,1,1000,711,425,425,425,424,424,26,1,35000,35,35,35,10,848,10,848,35000,35,35000,35,754706,35,9586417,0,423000,423000,9566614,9566614,423000,423000,0,0,0,0,424,424,423,423,861,861,CONSISTENT
13360,423863,35000,35000,0,0,0,0,0,754706,35,423828,35,426,426,849,1251,2,0,1011,426,426,426,424,424,6,1,35000,35,35,35,10,849,10,849,35000,35,35000,35,754706,35,9595387,0,424000,424000,9589614,9589614,423000,423000,0,0,0,0,425,425,423,423,1252,1252,CONSISTENT
13370,424197,35000,35000,0,0,0,0,0,754706,35,424162,35,426,426,850,586,1,1000,573,426,426,426,425,425,14,1,35000,35,35,35,10,850,10,850,35000,35,35000,35,754706,35,9603092,0,424000,424000,9589614,9589614,424000,424000,0,0,0,0,425,425,424,424,586,586,CONSISTENT
13380,424419,35000,35000,0,0,0,0,0,754706,35,424384,35,426,426,850,808,1,1000,573,426,426,426,425,425,24,1,35000,35,35,35,10,850,10,850,35000,35,35000,35,754706,35,9608198,0,424000,424000,9589614,9589614,424000,424000,0,0,0,0,425,425,424,424,811,811,CONSISTENT
13390,424811,35000,35000,0,0,0,0,0,754706,35,424776,35,427,427,851,1200,2,0,1072,427,427,427,425,425,2,1,35000,35,35,35,10,851,10,851,35000,35,35000,35,754706,35,9617214,0,425000,425000,9612614,9612614,424000,424000,0,0,0,0,426,426,424,424,1203,1204,TORN-PERSISTENT
13400,425194,35000,35000,0,0,0,0,0,754706,35,425159,35,427,427,851,1583,2,0,1072,427,427,427,425,425,12,1,35000,35,35,35,10,851,10,851,35000,35,35000,35,754706,35,9626023,0,425000,425000,9612614,9612614,424000,424000,0,0,0,0,426,426,424,424,1584,1586,TORN-PERSISTENT
13410,425563,35000,35000,0,0,0,0,0,754706,35,425528,35,427,427,852,953,1,1000,943,427,427,427,426,426,22,1,35000,35,35,35,10,852,10,852,35000,35,35000,35,754706,35,9634533,0,425000,425000,9612614,9612614,425000,425000,0,0,0,0,426,426,425,425,953,953,CONSISTENT
13420,425762,35000,35000,0,0,0,0,0,754706,35,425727,35,428,428,853,1152,2,0,1035,428,428,428,426,426,2,1,35000,35,35,35,10,853,10,853,35000,35,35000,35,754706,35,9639133,0,426000,426000,9635614,9635614,425000,425000,0,0,0,0,427,427,425,425,1153,1153,CONSISTENT
13430,426150,35000,35000,0,0,0,0,0,754706,35,426115,35,428,428,853,1540,2,0,1035,428,428,428,426,426,12,1,35000,35,35,35,10,853,10,853,35000,35,35000,35,754706,35,9648034,0,426000,426000,9635614,9635614,425000,425000,0,0,0,0,427,427,425,425,1543,1545,TORN-PERSISTENT
13440,426349,35000,35000,0,0,0,0,0,754706,35,426314,35,428,428,854,740,1,1000,643,428,428,428,427,427,22,1,35000,35,35,35,10,854,10,854,35000,35,35000,35,754706,35,9652634,0,426000,426000,9635614,9635614,426000,426000,0,0,0,0,427,427,426,426,741,741,CONSISTENT
13450,426741,35000,35000,0,0,0,0,0,754706,35,426706,35,429,429,855,1132,2,0,1010,429,429,429,427,427,2,1,35000,35,35,35,10,855,10,855,35000,35,35000,35,754706,35,9661650,0,427000,427000,9658614,9658614,426000,426000,0,0,0,0,428,428,426,426,1132,1132,CONSISTENT
13460,427130,35000,35000,0,0,0,0,0,754706,35,427095,35,429,429,855,1521,2,0,1010,429,429,429,427,427,12,1,35000,35,35,35,10,855,10,855,35000,35,35000,35,754706,35,9670620,0,427000,427000,9658614,9658614,426000,426000,0,0,0,0,428,428,426,426,1523,1523,CONSISTENT
13470,427296,35000,35000,0,0,0,0,0,754706,35,427261,35,429,429,856,688,1,1000,678,429,429,429,428,428,22,1,35000,35,35,35,10,856,10,856,35000,35,35000,35,754706,35,9674438,0,427000,427000,9658614,9658614,427000,427000,0,0,0,0,428,428,427,427,688,688,CONSISTENT
13480,427684,35000,35000,0,0,0,0,0,754706,35,427649,35,430,430,857,1076,2,0,1054,430,430,430,428,428,0,1,35000,35,35,35,10,857,10,857,35000,35,35000,35,754706,35,9683362,0,428000,428000,9681614,9681614,427000,427000,0,0,0,0,429,429,427,427,1076,1076,CONSISTENT
13490,428066,35000,35000,0,0,0,0,0,754706,35,428031,35,430,430,857,1458,2,0,1054,430,430,430,428,428,10,1,35000,35,35,35,10,857,10,857,35000,35,35000,35,754706,35,9692171,0,428000,428000,9681614,9681614,427000,427000,0,0,0,0,429,429,427,427,1459,1459,CONSISTENT
13500,428258,35000,35000,0,0,0,0,0,754706,35,428223,35,430,430,858,651,1,1000,527,430,430,430,429,429,20,1,35000,35,35,35,10,858,10,858,35000,35,35000,35,754706,35,9696587,0,428000,428000,9681614,9681614,428000,428000,0,0,0,0,429,429,428,428,651,651,CONSISTENT
13510,428542,35000,35000,0,0,0,0,0,754706,35,428507,35,430,430,858,935,1,1000,527,430,430,430,429,429,29,1,35000,35,35,35,10,858,10,858,35000,35,35000,35,754706,35,9703119,0,428000,428000,9681614,9681614,428000,428000,0,0,0,0,429,429,428,428,936,936,CONSISTENT
13520,428893,35000,35000,0,0,0,0,0,754706,35,428858,35,431,431,859,1286,2,0,1052,431,431,431,429,429,6,1,35000,35,35,35,10,859,10,859,35000,35,35000,35,754706,35,9711215,0,429000,429000,9704614,9704614,428000,428000,0,0,0,0,430,430,428,428,1287,1287,CONSISTENT
13530,429287,35000,35000,0,0,0,0,0,754706,35,429252,35,431,431,859,1680,2,0,1052,431,431,431,429,429,16,1,35000,35,35,35,10,859,10,859,35000,35,35000,35,754706,35,9720254,0,429000,429000,9704614,9704614,428000,428000,0,0,0,0,430,430,428,428,1681,1681,CONSISTENT
13540,429479,35000,35000,0,0,0,0,0,754706,35,429444,35,431,431,860,873,1,1000,694,431,431,431,430,430,26,1,35000,35,35,35,10,860,10,860,35000,35,35000,35,754706,35,9724693,0,429000,429000,9704614,9704614,429000,429000,0,0,0,0,430,430,429,429,875,876,TORN-PERSISTENT
13550,429874,35000,35000,0,0,0,0,0,754706,35,429839,35,432,432,861,1268,2,0,1011,432,432,432,430,430,6,1,35000,35,35,35,10,861,10,861,35000,35,35000,35,754706,35,9733778,0,430000,430000,9727614,9727614,429000,429000,0,0,0,0,431,431,429,429,1270,1270,CONSISTENT
13560,430160,35000,35000,0,0,0,0,0,754706,35,430125,35,432,432,862,555,1,1000,549,432,432,432,431,431,16,1,35000,35,35,35,10,862,10,862,35000,35,35000,35,754706,35,9740379,0,430000,430000,9727614,9727614,430000,430000,0,0,0,0,431,431,430,430,555,555,CONSISTENT
13570,430432,35000,35000,0,0,0,0,0,754706,35,430397,35,432,432,862,827,1,1000,549,432,432,432,431,431,24,1,35000,35,35,35,10,862,10,862,35000,35,35000,35,754706,35,9746635,0,430000,430000,9727614,9727614,430000,430000,0,0,0,0,431,431,430,430,830,830,CONSISTENT
13580,430820,35000,35000,0,0,0,0,0,754706,35,430785,35,433,433,863,1215,2,0,1059,433,433,433,431,431,4,1,35000,35,35,35,10,863,10,863,35000,35,35000,35,754706,35,9755559,0,431000,431000,9750614,9750614,430000,430000,0,0,0,0,432,432,430,430,1217,1217,CONSISTENT
13590,431212,35000,35000,0,0,0,0,0,754706,35,431177,35,433,433,863,1607,2,0,1059,433,433,433,431,431,12,1,35000,35,35,35,10,863,10,863,35000,35,35000,35,754706,35,9764598,0,431000,431000,9750614,9750614,430000,430000,0,0,0,0,432,432,430,430,1611,1611,CONSISTENT
13600,431539,35000,35000,0,0,0,0,0,754706,35,431504,35,433,433,864,935,1,1000,930,433,433,433,432,432,24,1,35000,35,35,35,10,864,10,864,35000,35,35000,35,754706,35,9772119,0,431000,431000,9750614,9750614,431000,431000,0,0,0,0,432,432,431,431,935,935,CONSISTENT
13610,431805,35000,35000,0,0,0,0,0,754706,35,431770,35,434,434,865,1201,2,0,1040,434,434,434,432,432,4,1,35000,35,35,35,10,865,10,865,35000,35,35000,35,754706,35,9778237,0,432000,432000,9773614,9773614,431000,431000,0,0,0,0,433,433,431,431,1204,1204,CONSISTENT
13620,432166,35000,35000,0,0,0,0,0,754706,35,432131,35,434,434,865,1562,2,0,1040,434,434,434,432,432,12,1,35000,35,35,35,10,865,10,865,35000,35,35000,35,754706,35,9786540,0,432000,432000,9773614,9773614,431000,431000,0,0,0,0,433,433,431,431,1563,1563,CONSISTENT
13630,432403,35000,35000,0,0,0,0,0,754706,35,432368,35,434,434,866,800,1,1000,789,434,434,434,433,433,22,1,35000,35,35,35,10,866,10,866,35000,35,35000,35,754706,35,9792014,0,432000,432000,9773614,9773614,432000,432000,0,0,0,0,433,433,432,432,800,800,CONSISTENT
13640,432770,35000,35000,0,0,0,0,0,754706,35,432735,35,435,435,867,1167,2,0,1023,435,435,435,433,433,2,1,35000,35,35,35,10,867,10,867,35000,35,35000,35,754706,35,9800455,0,433000,433000,9796614,9796614,432000,432000,0,0,0,0,434,434,432,432,1167,1167,CONSISTENT
13650,433164,35000,35000,0,0,0,0,0,754706,35,433129,35,435,435,867,1561,2,0,1023,435,435,435,433,433,12,1,35000,35,35,35,10,867,10,867,35000,35,35000,35,754706,35,9809540,0,433000,433000,9796614,9796614,432000,432000,0,0,0,0,434,434,432,432,1563,1563,CONSISTENT
13660,433362,35000,35000,0,0,0,0,0,754706,35,433327,35,435,435,868,760,1,1000,679,435,435,435,434,434,22,1,35000,35,35,35,10,868,10,868,35000,35,35000,35,754706,35,9814094,0,433000,433000,9796614,9796614,433000,433000,0,0,0,0,434,434,433,433,761,761,CONSISTENT
13670,433714,35000,35000,0,0,0,0,0,754706,35,433679,35,436,436,869,1112,2,0,1001,436,436,436,434,434,2,1,35000,35,35,35,10,869,10,869,35000,35,35000,35,754706,35,9822190,0,434000,434000,9819614,9819614,433000,433000,0,0,0,0,435,435,433,433,1112,1112,CONSISTENT
13680,434101,35000,35000,0,0,0,0,0,754706,35,434066,35,436,436,869,1499,2,0,1001,436,436,436,434,434,12,1,35000,35,35,35,10,869,10,869,35000,35,35000,35,754706,35,9831091,0,434000,434000,9819614,9819614,433000,433000,0,0,0,0,435,435,433,433,1501,1501,CONSISTENT
13690,434311,35000,35000,0,0,0,0,0,754706,35,434276,35,436,436,870,710,1,1000,543,436,436,436,435,435,22,1,35000,35,35,35,10,870,10,870,35000,35,35000,35,754706,35,9835944,0,434000,434000,9819614,9819614,434000,434000,0,0,0,0,435,435,434,434,710,710,CONSISTENT
13700,434696,35000,35000,0,0,0,0,0,754706,35,434661,35,437,437,871,1095,2,0,1049,437,437,437,435,435,0,1,35000,35,35,35,10,871,10,871,35000,35,35000,35,754706,35,9844799,0,435000,435000,9842614,9842614,434000,434000,0,0,0,0,436,436,434,434,1095,1095,CONSISTENT
13710,435084,35000,35000,0,0,0,0,0,754706,35,435049,35,437,437,871,1483,2,0,1049,437,437,437,435,435,10,1,35000,35,35,35,10,871,10,871,35000,35,35000,35,754706,35,9853723,0,435000,435000,9842614,9842614,434000,434000,0,0,0,0,436,436,434,434,1485,1485,CONSISTENT
13721,435470,35000,35000,0,0,0,0,0,754706,35,435435,35,437,437,871,1869,2,0,1049,437,437,437,435,435,20,1,35000,35,35,35,10,871,10,871,35000,35,35000,35,754706,35,9862601,0,435000,435000,9842614,9842614,434000,434000,0,0,0,0,436,436,434,434,1870,1870,CONSISTENT
13730,435638,35000,35000,0,0,0,0,0,754706,35,435603,35,438,438,873,1038,2,0,1023,438,438,438,436,436,0,1,35000,35,35,35,10,873,10,873,35000,35,35000,35,754706,35,9866488,0,436000,436000,9865614,9865614,435000,435000,0,0,0,0,437,437,435,435,1039,1039,CONSISTENT
13740,436029,35000,35000,0,0,0,0,0,754706,35,435994,35,438,438,873,1429,2,0,1023,438,438,438,436,436,10,1,35000,35,35,35,10,873,10,873,35000,35,35000,35,754706,35,9875481,0,436000,436000,9865614,9865614,435000,435000,0,0,0,0,437,437,435,435,1432,1433,TORN-PERSISTENT
13750,436397,35000,35000,0,0,0,0,0,754706,35,436362,35,438,438,874,798,1,1000,789,438,438,438,437,437,20,1,35000,35,35,35,10,874,10,874,35000,35,35000,35,754706,35,9883968,0,436000,436000,9865614,9865614,436000,436000,0,0,0,0,437,437,436,436,798,798,CONSISTENT
13760,436621,35000,35000,0,0,0,0,0,754706,35,436586,35,438,438,874,1022,2,1000,789,438,439,438,437,437,30,1,35000,35,35,35,10,874,10,874,35000,35,35000,35,754706,35,9889143,0,437000,437000,9888614,9888614,436000,436000,0,0,0,0,438,438,436,436,1023,1023,CONSISTENT
13770,437016,35000,35000,0,0,0,0,0,754706,35,436981,35,439,439,875,1417,2,0,1062,439,439,439,437,437,8,1,35000,35,35,35,10,875,10,875,35000,35,35000,35,754706,35,9898205,0,437000,437000,9888614,9888614,436000,436000,0,0,0,0,438,438,436,436,1419,1419,CONSISTENT
13780,437287,35000,35000,0,0,0,0,0,754706,35,437252,35,439,439,876,689,1,1000,681,439,439,439,438,438,18,1,35000,35,35,35,10,876,10,876,35000,35,35000,35,754706,35,9904461,0,437000,437000,9888614,9888614,437000,437000,0,0,0,0,438,438,437,437,689,689,CONSISTENT
13790,437574,35000,35000,0,0,0,0,0,754706,35,437539,35,439,439,876,976,1,1000,681,439,439,439,438,438,28,1,35000,35,35,35,10,876,10,876,35000,35,35000,35,754706,35,9911062,0,437000,437000,9888614,9888614,437000,437000,0,0,0,0,438,438,437,437,978,978,CONSISTENT
13800,437964,35000,35000,0,0,0,0,0,754706,35,437929,35,440,440,877,1366,2,0,1129,440,440,440,438,438,6,1,35000,35,35,35,10,877,10,877,35000,35,35000,35,754706,35,9920032,0,438000,438000,9911614,9911614,437000,437000,0,0,0,0,439,439,437,437,1366,1366,CONSISTENT
13810,438053,35000,35000,0,0,0,0,0,754706,35,438018,35,440,440,878,456,1,1000,367,440,440,440,439,439,15,1,35000,35,35,35,10,878,10,878,35000,35,35000,35,754706,35,9922102,0,438000,438000,9911614,9911614,438000,438000,0,0,0,0,439,439,438,438,459,460,TORN-PERSISTENT
13820,438409,35000,35000,0,0,0,0,0,754706,35,438374,35,440,440,878,812,1,1000,367,440,440,440,439,439,25,1,35000,35,35,35,10,878,10,878,35000,35,35000,35,754706,35,9930290,0,438000,438000,9911614,9911614,438000,438000,0,0,0,0,439,439,438,438,813,814,TORN-PERSISTENT
13830,438796,35000,35000,0,0,0,0,0,754706,35,438761,35,441,441,879,1199,2,0,1022,441,441,441,439,439,4,1,35000,35,35,35,10,879,10,879,35000,35,35000,35,754706,35,9939191,0,439000,439000,9934614,9934614,438000,438000,0,0,0,0,440,440,438,438,1201,1201,CONSISTENT
13840,439185,35000,35000,0,0,0,0,0,754706,35,439150,35,441,441,879,1588,2,0,1022,441,441,441,439,439,14,1,35000,35,35,35,10,879,10,879,35000,35,35000,35,754706,35,9948138,0,439000,439000,9934614,9934614,438000,438000,0,0,0,0,440,440,438,438,1588,1588,CONSISTENT
13850,439384,35000,35000,0,0,0,0,0,754706,35,439349,35,441,441,880,788,1,1000,741,441,441,441,440,440,24,1,35000,35,35,35,10,880,10,880,35000,35,35000,35,754706,35,9952738,0,439000,439000,9934614,9934614,439000,439000,0,0,0,0,440,440,439,439,789,789,CONSISTENT
13860,439770,35000,35000,0,0,0,0,0,754706,35,439735,35,442,442,881,1174,2,0,1061,442,442,442,440,440,2,1,35000,35,35,35,10,881,10,881,35000,35,35000,35,754706,35,9961616,0,440000,440000,9957614,9957614,439000,439000,0,0,0,0,441,441,439,439,1175,1175,CONSISTENT
13870,440122,35000,35000,0,0,0,0,0,754706,35,440087,35,442,442,881,1526,2,0,1061,442,442,442,440,440,10,1,35000,35,35,35,10,881,10,881,35000,35,35000,35,754706,35,9969712,0,440000,440000,9957614,9957614,439000,439000,0,0,0,0,441,441,439,439,1526,1526,CONSISTENT
13880,440329,35000,35000,0,0,0,0,0,754706,35,440294,35,442,442,882,734,1,1000,624,442,442,442,441,441,22,1,35000,35,35,35,10,882,10,882,35000,35,35000,35,754706,35,9974496,0,440000,440000,9957614,9957614,440000,440000,0,0,0,0,441,441,440,440,734,734,CONSISTENT
13890,440711,35000,35000,0,0,0,0,0,754706,35,440676,35,443,443,883,1116,2,0,1033,443,443,443,441,441,2,1,35000,35,35,35,10,883,10,883,35000,35,35000,35,754706,35,9983282,0,441000,441000,9980614,9980614,440000,440000,0,0,0,0,442,442,440,440,1116,1116,CONSISTENT
13900,441099,35000,35000,0,0,0,0,0,754706,35,441064,35,443,443,883,1504,2,0,1033,443,443,443,441,441,12,1,35000,35,35,35,10,883,10,883,35000,35,35000,35,754706,35,9992206,0,441000,441000,9980614,9980614,440000,440000,0,0,0,0,442,442,440,440,1505,1505,CONSISTENT
13910,441298,35000,35000,0,0,0,0,0,754706,35,441263,35,443,443,884,704,1,1000,510,443,443,443,442,442,22,1,35000,35,35,35,10,884,10,884,35000,35,35000,35,754706,35,9996829,0,441000,441000,9980614,9980614,441000,441000,0,0,0,0,442,442,441,441,705,705,CONSISTENT
13920,441685,35000,35000,0,0,0,0,0,754706,35,441650,35,444,444,885,1091,2,0,1065,444,444,444,442,442,0,1,35000,35,35,35,10,885,10,885,35000,35,35000,35,754706,35,10005707,0,442000,442000,10003614,10003614,441000,441000,0,0,0,0,443,443,441,441,1091,1091,CONSISTENT
13930,442038,35000,35000,0,0,0,0,0,754706,35,442003,35,444,444,885,1444,2,0,1065,444,444,444,442,442,8,1,35000,35,35,35,10,885,10,885,35000,35,35000,35,754706,35,10013826,0,442000,442000,10003614,10003614,441000,441000,0,0,0,0,443,443,441,441,1447,1449,TORN-PERSISTENT
13940,442426,35000,35000,0,0,0,0,0,754706,35,442391,35,444,444,885,1832,2,0,1065,444,444,444,442,442,18,1,35000,35,35,35,10,885,10,885,35000,35,35000,35,754706,35,10022750,0,442000,442000,10003614,10003614,441000,441000,0,0,0,0,443,443,441,441,1834,1835,TORN-PERSISTENT
13950,442635,35000,35000,0,0,0,0,0,754706,35,442600,35,444,444,886,1042,2,1000,889,444,445,444,443,443,28,1,35000,35,35,35,10,886,10,886,35000,35,35000,35,754706,35,10027580,0,443000,443000,10026614,10026614,442000,442000,0,0,0,0,444,444,442,442,1043,1045,TORN-PERSISTENT
13960,443020,35000,35000,0,0,0,0,0,754706,35,442985,35,445,445,887,1427,2,0,1051,445,445,445,443,443,8,1,35000,35,35,35,10,887,10,887,35000,35,35000,35,754706,35,10036458,0,443000,443000,10026614,10026614,442000,442000,0,0,0,0,444,444,442,442,1429,1429,CONSISTENT
13970,443355,35000,35000,0,0,0,0,0,754706,35,443320,35,445,445,888,763,1,1000,753,445,445,445,444,444,20,1,35000,35,35,35,10,888,10,888,35000,35,35000,35,754706,35,10044163,0,443000,443000,10026614,10026614,443000,443000,0,0,0,0,444,444,443,443,763,763,CONSISTENT
13980,443572,35000,35000,0,0,0,0,0,754706,35,443537,35,445,445,888,980,1,1000,753,445,445,445,444,444,28,1,35000,35,35,35,10,888,10,888,35000,35,35000,35,754706,35,10049154,0,443000,443000,10026614,10026614,443000,443000,0,0,0,0,444,444,443,443,981,981,CONSISTENT
13990,443959,35000,35000,0,0,0,0,0,754706,35,443924,35,446,446,889,1367,2,0,1011,446,446,446,444,444,8,1,35000,35,35,35,10,889,10,889,35000,35,35000,35,754706,35,10058055,0,444000,444000,10049614,10049614,443000,443000,0,0,0,0,445,445,443,443,1367,1367,CONSISTENT
14000,444233,35000,35000,0,0,0,0,0,754706,35,444198,35,446,446,890,642,1,1000,636,446,446,446,445,445,18,1,35000,35,35,35,10,890,10,890,35000,35,35000,35,754706,35,10064380,0,444000,444000,10049614,10049614,444000,444000,0,0,0,0,445,445,444,444,642,642,CONSISTENT
14010,444549,35000,35000,0,0,0,0,0,754706,35,444514,35,446,446,890,958,1,1000,636,446,446,446,445,445,28,1,35000,35,35,35,10,890,10,890,35000,35,35000,35,754706,35,10071648,0,444000,444000,10049614,10049614,444000,444000,0,0,0,0,445,445,444,444,958,958,CONSISTENT
14020,444938,35000,35000,0,0,0,0,0,754706,35,444903,35,447,447,891,1347,2,0,1062,447,447,447,445,445,6,1,35000,35,35,35,10,891,10,891,35000,35,35000,35,754706,35,10080618,0,445000,445000,10072614,10072614,444000,444000,0,0,0,0,446,446,444,444,1348,1348,CONSISTENT
14030,445264,35000,35000,0,0,0,0,0,754706,35,445229,35,447,447,892,674,1,1000,667,447,447,447,446,446,16,1,35000,35,35,35,10,892,10,892,35000,35,35000,35,754706,35,10088116,0,445000,445000,10072614,10072614,445000,445000,0,0,0,0,446,446,445,445,675,675,CONSISTENT
14040,445490,35000,35000,0,0,0,0,0,754706,35,445455,35,447,447,892,900,1,1000,667,447,447,447,446,446,26,1,35000,35,35,35,10,892,10,892,35000,35,35000,35,754706,35,10093314,0,445000,445000,10072614,10072614,445000,445000,0,0,0,0,446,446,445,445,902,902,CONSISTENT
14050,445876,35000,35000,0,0,0,0,0,754706,35,445841,35,448,448,893,1286,2,0,1021,448,448,448,446,446,6,1,35000,35,35,35,10,893,10,893,35000,35,35000,35,754706,35,10102192,0,446000,446000,10095614,10095614,445000,445000,0,0,0,0,447,447,445,445,1289,1289,CONSISTENT
14060,446269,35000,35000,0,0,0,0,0,754706,35,446234,35,448,448,893,1679,2,0,1021,448,448,448,446,446,16,1,35000,35,35,35,10,893,10,893,35000,35,35000,35,754706,35,10111231,0,446000,446000,10095614,10095614,445000,445000,0,0,0,0,447,447,445,445,1680,1680,CONSISTENT
14070,446492,35000,35000,0,0,0,0,0,754706,35,446457,35,448,448,894,903,1,1000,893,448,448,448,447,447,26,1,35000,35,35,35,10,894,10,894,35000,35,35000,35,754706,35,10116383,0,446000,446000,10095614,10095614,446000,446000,0,0,0,0,447,447,446,446,903,903,CONSISTENT
14080,446819,35000,35000,0,0,0,0,0,754706,35,446784,35,449,449,895,1230,2,0,1071,449,449,449,447,447,4,1,35000,35,35,35,10,895,10,895,35000,35,35000,35,754706,35,10123904,0,447000,447000,10118614,10118614,446000,446000,0,0,0,0,448,448,446,446,1230,1230,CONSISTENT
14090,447207,35000,35000,0,0,0,0,0,754706,35,447172,35,449,449,895,1618,2,0,1071,449,449,449,447,447,14,1,35000,35,35,35,10,895,10,895,35000,35,35000,35,754706,35,10132828,0,447000,447000,10118614,10118614,446000,446000,0,0,0,0,448,448,446,446,1620,1620,CONSISTENT
14100,447412,35000,35000,0,0,0,0,0,754706,35,447377,35,449,449,896,824,1,1000,759,449,449,449,448,448,24,1,35000,35,35,35,10,896,10,896,35000,35,35000,35,754706,35,10137566,0,447000,447000,10118614,10118614,447000,447000,0,0,0,0,448,448,447,447,826,826,CONSISTENT
14110,447683,35000,35000,0,0,0,0,0,754706,35,447648,35,450,450,897,1095,2,0,1050,450,450,450,448,448,0,1,35000,35,35,35,10,897,10,897,35000,35,35000,35,754706,35,10143799,0,448000,448000,10141614,10141614,447000,447000,0,0,0,0,449,449,447,447,1096,1096,CONSISTENT
14120,448029,35000,35000,0,0,0,0,0,754706,35,447994,35,450,450,898,442,1,1000,439,450,450,450,449,449,10,1,35000,35,35,35,10,898,10,898,35000,35,35000,35,754706,35,10151780,0,448000,448000,10141614,10141614,448000,448000,0,0,0,0,449,449,448,448,442,442,CONSISTENT
14130,448224,35000,35000,0,0,0,0,0,754706,35,448189,35,450,450,898,637,1,1000,439,450,450,450,449,449,20,1,35000,35,35,35,10,898,10,898,35000,35,35000,35,754706,35,10156265,0,448000,448000,10141614,10141614,448000,448000,0,0,0,0,449,449,448,448,639,639,CONSISTENT
14140,448615,35000,35000,0,0,0,0,0,754706,35,448580,35,451,451,899,1028,2,0,1002,451,451,451,449,449,0,1,35000,35,35,35,10,899,10,899,35000,35,35000,35,754706,35,10165258,0,449000,449000,10164614,10164614,448000,448000,0,0,0,0,450,450,448,448,1028,1028,CONSISTENT
14150,449007,35000,35000,0,0,0,0,0,754706,35,448972,35,451,451,899,1420,2,0,1002,451,451,451,449,449,10,1,35000,35,35,35,10,899,10,899,35000,35,35000,35,754706,35,10174274,0,449000,449000,10164614,10164614,448000,448000,0,0,0,0,450,450,448,448,1420,1420,CONSISTENT
14160,449394,35000,35000,0,0,0,0,0,754706,35,449359,35,451,451,899,1807,2,0,1002,451,451,451,449,449,20,1,35000,35,35,35,10,899,10,899,35000,35,35000,35,754706,35,10183175,0,449000,449000,10164614,10164614,448000,448000,0,0,0,0,450,450,448,448,1811,1812,TORN-PERSISTENT
14170,449597,35000,35000,0,0,0,0,0,754706,35,449562,35,451,451,900,1011,2,1000,824,451,452,451,450,450,30,1,35000,35,35,35,10,900,10,900,35000,35,35000,35,754706,35,10187867,0,450000,450000,10187614,10187614,449000,449000,0,0,0,0,451,451,449,449,1011,1011,CONSISTENT
14180,449952,35000,35000,0,0,0,0,0,754706,35,449917,35,452,452,901,1366,2,0,1057,452,452,452,450,450,8,1,35000,35,35,35,10,901,10,901,35000,35,35000,35,754706,35,10196032,0,450000,450000,10187614,10187614,449000,449000,0,0,0,0,451,451,449,449,1366,1366,CONSISTENT
14190,450289,35000,35000,0,0,0,0,0,754706,35,450254,35,452,452,902,704,1,1000,688,452,452,452,451,451,18,1,35000,35,35,35,10,902,10,902,35000,35,35000,35,754706,35,10203806,0,450000,450000,10187614,10187614,450000,450000,0,0,0,0,451,451,450,450,704,704,CONSISTENT
14200,450560,35000,35000,0,0,0,0,0,754706,35,450525,35,452,452,902,975,1,1000,688,452,452,452,451,451,28,1,35000,35,35,35,10,902,10,902,35000,35,35000,35,754706,35,10210039,0,450000,450000,10187614,10187614,450000,450000,0,0,0,0,451,451,450,450,975,975,CONSISTENT
14210,450943,35000,35000,0,0,0,0,0,754706,35,450908,35,453,453,903,1358,2,0,1031,453,453,453,451,451,8,1,35000,35,35,35,10,903,10,903,35000,35,35000,35,754706,35,10218848,0,451000,451000,10210614,10210614,450000,450000,0,0,0,0,452,452,450,450,1358,1358,CONSISTENT
14220,451165,35000,35000,0,0,0,0,0,754706,35,451130,35,453,453,904,581,1,1000,576,453,453,453,452,452,18,1,35000,35,35,35,10,904,10,904,35000,35,35000,35,754706,35,10223977,0,451000,451000,10210614,10210614,451000,451000,0,0,0,0,452,452,451,451,581,581,CONSISTENT
14230,451497,35000,35000,0,0,0,0,0,754706,35,451462,35,453,453,904,913,1,1000,576,453,453,453,452,452,26,1,35000,35,35,35,10,904,10,904,35000,35,35000,35,754706,35,10231613,0,451000,451000,10210614,10210614,451000,451000,0,0,0,0,452,452,451,451,917,917,CONSISTENT
14240,451890,35000,35000,0,0,0,0,0,754706,35,451855,35,454,454,905,1306,2,0,1013,454,454,454,452,452,6,1,35000,35,35,35,10,905,10,905,35000,35,35000,35,754706,35,10240652,0,452000,452000,10233614,10233614,451000,451000,0,0,0,0,453,453,451,451,1306,1306,CONSISTENT
14250,452271,35000,35000,0,0,0,0,0,754706,35,452236,35,454,454,905,1687,2,0,1013,454,454,454,452,452,16,1,35000,35,35,35,10,905,10,905,35000,35,35000,35,754706,35,10249415,0,452000,452000,10233614,10233614,451000,451000,0,0,0,0,453,453,451,451,1688,1688,CONSISTENT
14260,452501,35000,35000,0,0,0,0,0,754706,35,452466,35,454,454,906,918,1,1000,913,454,454,454,453,453,26,1,35000,35,35,35,10,906,10,906,35000,35,35000,35,754706,35,10254728,0,452000,452000,10233614,10233614,452000,452000,0,0,0,0,453,453,452,452,918,918,CONSISTENT
14270,452851,35000,35000,0,0,0,0,0,754706,35,452816,35,455,455,907,1268,2,0,1035,455,455,455,453,453,6,1,35000,35,35,35,10,907,10,907,35000,35,35000,35,754706,35,10262778,0,453000,453000,10256614,10256614,452000,452000,0,0,0,0,454,454,452,452,1268,1268,CONSISTENT
14280,453237,35000,35000,0,0,0,0,0,754706,35,453202,35,455,455,907,1654,2,0,1035,455,455,455,453,453,14,1,35000,35,35,35,10,907,10,907,35000,35,35000,35,754706,35,10271679,0,453000,453000,10256614,10256614,452000,452000,0,0,0,0,454,454,452,452,1655,1655,CONSISTENT
14290,453406,35000,35000,0,0,0,0,0,754706,35,453371,35,455,455,908,824,1,1000,807,455,455,455,454,454,24,1,35000,35,35,35,10,908,10,908,35000,35,35000,35,754706,35,10275589,0,453000,453000,10256614,10256614,453000,453000,0,0,0,0,454,454,453,453,825,825,CONSISTENT
14300,453790,35000,35000,0,0,0,0,0,754706,35,453755,35,456,456,909,1208,2,0,1013,456,456,456,454,454,4,1,35000,35,35,35,10,909,10,909,35000,35,35000,35,754706,35,10284398,0,454000,454000,10279614,10279614,453000,453000,0,0,0,0,455,455,453,453,1212,1212,CONSISTENT
14310,454185,35000,35000,0,0,0,0,0,754706,35,454150,35,456,456,909,1603,2,0,1013,456,456,456,454,454,14,1,35000,35,35,35,10,909,10,909,35000,35,35000,35,754706,35,10293506,0,454000,454000,10279614,10279614,453000,453000,0,0,0,0,455,455,453,453,1604,1604,CONSISTENT
14320,454388,35000,35000,0,0,0,0,0,754706,35,454353,35,456,456,910,807,1,1000,705,456,456,456,455,455,24,1,35000,35,35,35,10,910,10,910,35000,35,35000,35,754706,35,10298175,0,454000,454000,10279614,10279614,454000,454000,0,0,0,0,455,455,454,454,808,808,CONSISTENT
14330,454773,35000,35000,0,0,0,0,0,754706,35,454738,35,457,457,911,1192,2,0,1053,457,457,457,455,455,2,1,35000,35,35,35,10,911,10,911,35000,35,35000,35,754706,35,10307030,0,455000,455000,10302614,10302614,454000,454000,0,0,0,0,456,456,454,454,1196,1196,CONSISTENT
14340,455123,35000,35000,0,0,0,0,0,754706,35,455088,35,457,457,911,1542,2,0,1053,457,457,457,455,455,12,1,35000,35,35,35,10,911,10,911,35000,35,35000,35,754706,35,10315080,0,455000,455000,10302614,10302614,454000,454000,0,0,0,0,456,456,454,454,1542,1542,CONSISTENT
14350,455331,35000,35000,0,0,0,0,0,754706,35,455296,35,457,457,912,751,1,1000,548,457,457,457,456,456,22,1,35000,35,35,35,10,912,10,912,35000,35,35000,35,754706,35,10319887,0,455000,455000,10302614,10302614,455000,455000,0,0,0,0,456,456,455,455,752,752,CONSISTENT
14360,455717,35000,35000,0,0,0,0,0,754706,35,455682,35,458,458,913,1137,2,0,1032,458,458,458,456,456,2,1,35000,35,35,35,10,913,10,913,35000,35,35000,35,754706,35,10328765,0,456000,456000,10325614,10325614,455000,455000,0,0,0,0,457,457,455,455,1137,1137,CONSISTENT
14370,456099,35000,35000,0,0,0,0,0,754706,35,456064,35,458,458,913,1519,2,0,1032,458,458,458,456,456,12,1,35000,35,35,35,10,913,10,913,35000,35,35000,35,754706,35,10337551,0,456000,456000,10325614,10325614,455000,455000,0,0,0,0,457,457,455,455,1519,1519,CONSISTENT
14380,456479,35000,35000,0,0,0,0,0,754706,35,456444,35,458,458,913,1899,2,0,1032,458,458,458,456,456,22,1,35000,35,35,35,10,913,10,913,35000,35,35000,35,754706,35,10346291,0,456000,456000,10325614,10325614,455000,455000,0,0,0,0,457,457,455,455,1901,1902,TORN-PERSISTENT
14390,456638,35000,35000,0,0,0,0,0,754706,35,456603,35,459,459,915,1059,2,0,1049,459,459,459,457,457,0,1,35000,35,35,35,10,915,10,915,35000,35,35000,35,754706,35,10349971,0,457000,457000,10348614,10348614,456000,456000,0,0,0,0,458,458,456,456,1064,1064,CONSISTENT
14400,457013,35000,35000,0,0,0,0,0,754706,35,456978,35,459,459,915,1434,2,0,1049,459,459,459,457,457,10,1,35000,35,35,35,10,915,10,915,35000,35,35000,35,754706,35,10358596,0,457000,457000,10348614,10348614,456000,456000,0,0,0,0,458,458,456,456,1434,1434,CONSISTENT
14410,457174,35000,35000,0,0,0,0,0,754706,35,457139,35,459,459,916,596,1,1000,586,459,459,459,458,458,19,1,35000,35,35,35,10,916,10,916,35000,35,35000,35,754706,35,10362322,0,457000,457000,10348614,10348614,457000,457000,0,0,0,0,458,458,457,457,596,596,CONSISTENT
14420,457490,35000,35000,0,0,0,0,0,754706,35,457455,35,459,459,916,912,1,1000,586,459,459,459,458,458,29,1,35000,35,35,35,10,916,10,916,35000,35,35000,35,754706,35,10369590,0,457000,457000,10348614,10348614,457000,457000,0,0,0,0,458,458,457,457,913,913,CONSISTENT
14430,457885,35000,35000,0,0,0,0,0,754706,35,457850,35,460,460,917,1307,2,0,1039,460,460,460,458,458,6,1,35000,35,35,35,10,917,10,917,35000,35,35000,35,754706,35,10378675,0,458000,458000,10371614,10371614,457000,457000,0,0,0,0,459,459,457,457,1309,1309,CONSISTENT
14440,458058,35000,35000,0,0,0,0,0,754706,35,458023,35,460,460,918,481,1,1000,473,460,460,460,459,459,16,1,35000,35,35,35,10,918,10,918,35000,35,35000,35,754706,35,10382677,0,458000,458000,10371614,10371614,458000,458000,0,0,0,0,459,459,458,458,481,481,CONSISTENT
14450,458435,35000,35000,0,0,0,0,0,754706,35,458400,35,460,460,918,858,1,1000,473,460,460,460,459,459,26,1,35000,35,35,35,10,918,10,918,35000,35,35000,35,754706,35,10391348,0,458000,458000,10371614,10371614,458000,458000,0,0,0,0,459,459,458,458,858,858,CONSISTENT
14460,458821,35000,35000,0,0,0,0,0,754706,35,458786,35,461,461,919,1244,2,0,1004,461,461,461,459,459,6,1,35000,35,35,35,10,919,10,919,35000,35,35000,35,754706,35,10400226,0,459000,459000,10394614,10394614,458000,458000,0,0,0,0,460,460,458,458,1244,1244,CONSISTENT
14470,459210,35000,35000,0,0,0,0,0,754706,35,459175,35,461,461,919,1633,2,0,1004,461,461,461,459,459,16,1,35000,35,35,35,10,919,10,919,35000,35,35000,35,754706,35,10409173,0,459000,459000,10394614,10394614,458000,458000,0,0,0,0,460,460,458,458,1634,1634,CONSISTENT
14480,459438,35000,35000,0,0,0,0,0,754706,35,459403,35,461,461,920,862,1,1000,860,461,461,461,460,460,26,1,35000,35,35,35,10,920,10,920,35000,35,35000,35,754706,35,10414440,0,459000,459000,10394614,10394614,459000,459000,0,0,0,0,460,460,459,459,862,862,CONSISTENT
14490,459750,35000,35000,0,0,0,0,0,754706,35,459715,35,462,462,921,1174,2,0,1034,462,462,462,460,460,2,1,35000,35,35,35,10,921,10,921,35000,35,35000,35,754706,35,10421616,0,460000,460000,10417614,10417614,459000,459000,0,0,0,0,461,461,459,459,1175,1176,TORN-PERSISTENT
14500,460131,35000,35000,0,0,0,0,0,754706,35,460096,35,462,462,921,1555,2,0,1034,462,462,462,460,460,12,1,35000,35,35,35,10,921,10,921,35000,35,35000,35,754706,35,10430402,0,460000,460000,10417614,10417614,459000,459000,0,0,0,0,461,461,459,459,1558,1559,TORN-PERSISTENT
14510,460325,35000,35000,0,0,0,0,0,754706,35,460290,35,462,462,922,750,1,1000,705,462,462,462,461,461,22,1,35000,35,35,35,10,922,10,922,35000,35,35000,35,754706,35,10434864,0,460000,460000,10417614,10417614,460000,460000,0,0,0,0,461,461,460,460,751,751,CONSISTENT
14520,460711,35000,35000,0,0,0,0,0,754706,35,460676,35,463,463,923,1136,2,0,1061,463,463,463,461,461,0,1,35000,35,35,35,10,923,10,923,35000,35,35000,35,754706,35,10443742,0,461000,461000,10440614,10440614,460000,460000,0,0,0,0,462,462,460,460,1136,1136,CONSISTENT
14530,461096,35000,35000,0,0,0,0,0,754706,35,461061,35,463,463,923,1521,2,0,1061,463,463,463,461,461,12,1,35000,35,35,35,10,923,10,923,35000,35,35000,35,754706,35,10452597,0,461000,461000,10440614,10440614,460000,460000,0,0,0,0,462,462,460,460,1525,1525,CONSISTENT
14540,461251,35000,35000,0,0,0,0,0,754706,35,461216,35,463,463,924,677,1,1000,587,463,463,463,462,462,20,1,35000,35,35,35,10,924,10,924,35000,35,35000,35,754706,35,10456185,0,461000,461000,10440614,10440614,461000,461000,0,0,0,0,462,462,461,461,681,681,CONSISTENT
14550,461645,35000,35000,0,0,0,0,0,754706,35,461610,35,464,464,925,1071,2,0,1010,464,464,464,462,462,0,1,35000,35,35,35,10,925,10,925,35000,35,35000,35,754706,35,10465247,0,462000,462000,10463614,10463614,461000,461000,0,0,0,0,463,463,461,461,1071,1071,CONSISTENT
14560,462028,35000,35000,0,0,0,0,0,754706,35,461993,35,464,464,925,1454,2,0,1010,464,464,464,462,462,10,1,35000,35,35,35,10,925,10,925,35000,35,35000,35,754706,35,10474079,0,462000,462000,10463614,10463614,461000,461000,0,0,0,0,463,463,461,461,1457,1458,TORN-PERSISTENT
14570,462232,35000,35000,0,0,0,0,0,754706,35,462197,35,464,464,926,659,1,1000,544,464,464,464,463,463,20,1,35000,35,35,35,10,926,10,926,35000,35,35000,35,754706,35,10478771,0,462000,462000,10463614,10463614,462000,462000,0,0,0,0,463,463,462,462,662,663,TORN-PERSISTENT
14580,462620,35000,35000,0,0,0,0,0,754706,35,462585,35,464,464,926,1047,2,1000,544,464,465,464,463,463,30,1,35000,35,35,35,10,926,10,926,35000,35,35000,35,754706,35,10487695,0,463000,463000,10486614,10486614,462000,462000,0,0,0,0,464,464,462,462,1048,1048,CONSISTENT
14590,462967,35000,35000,0,0,0,0,0,754706,35,462932,35,465,465,927,1394,2,0,1058,465,465,465,463,463,8,1,35000,35,35,35,10,927,10,927,35000,35,35000,35,754706,35,10495676,0,463000,463000,10486614,10486614,462000,462000,0,0,0,0,464,464,462,462,1394,1394,CONSISTENT
14600,463358,35000,35000,0,0,0,0,0,754706,35,463323,35,465,465,927,1785,2,0,1058,465,465,465,463,463,18,1,35000,35,35,35,10,927,10,927,35000,35,35000,35,754706,35,10504669,0,463000,463000,10486614,10486614,462000,462000,0,0,0,0,464,464,462,462,1785,1785,CONSISTENT
14610,463564,35000,35000,0,0,0,0,0,754706,35,463529,35,465,465,928,992,1,1000,843,465,465,465,464,464,28,1,35000,35,35,35,10,928,10,928,35000,35,35000,35,754706,35,10509430,0,463000,463000,10486614,10486614,463000,463000,0,0,0,0,464,464,463,463,993,993,CONSISTENT
14620,463954,35000,35000,0,0,0,0,0,754706,35,463919,35,466,466,929,1382,2,0,1022,466,466,466,464,464,8,1,35000,35,35,35,10,929,10,929,35000,35,35000,35,754706,35,10518423,0,464000,464000,10509614,10509614,463000,463000,0,0,0,0,465,465,463,463,1385,1386,TORN-PERSISTENT
14630,464298,35000,35000,0,0,0,0,0,754706,35,464263,35,466,466,930,727,1,1000,721,466,466,466,465,465,18,1,35000,35,35,35,10,930,10,930,35000,35,35000,35,754706,35,10526335,0,464000,464000,10509614,10509614,464000,464000,0,0,0,0,465,465,464,464,727,727,CONSISTENT
14640,464505,35000,35000,0,0,0,0,0,754706,35,464470,35,466,466,930,934,1,1000,721,466,466,466,465,465,28,1,35000,35,35,35,10,930,10,930,35000,35,35000,35,754706,35,10531096,0,464000,464000,10509614,10509614,464000,464000,0,0,0,0,465,465,464,464,937,938,TORN-PERSISTENT
14650,464895,35000,35000,0,0,0,0,0,754706,35,464860,35,467,467,931,1324,2,0,1001,467,467,467,465,465,8,1,35000,35,35,35,10,931,10,931,35000,35,35000,35,754706,35,10540066,0,465000,465000,10532614,10532614,464000,464000,0,0,0,0,466,466,464,464,1324,1324,CONSISTENT
14660,465165,35000,35000,0,0,0,0,0,754706,35,465130,35,467,467,932,595,1,1000,592,467,467,467,466,466,18,1,35000,35,35,35,10,932,10,932,35000,35,35000,35,754706,35,10546299,0,465000,465000,10532614,10532614,465000,465000,0,0,0,0,466,466,465,465,595,595,CONSISTENT
14670,465479,35000,35000,0,0,0,0,0,754706,35,465444,35,467,467,932,909,1,1000,592,467,467,467,466,466,28,1,35000,35,35,35,10,932,10,932,35000,35,35000,35,754706,35,10553521,0,465000,465000,10532614,10532614,465000,465000,0,0,0,0,466,466,465,465,909,909,CONSISTENT
14680,465870,35000,35000,0,0,0,0,0,754706,35,465835,35,468,468,933,1300,2,0,1034,468,468,468,466,466,6,1,35000,35,35,35,10,933,10,933,35000,35,35000,35,754706,35,10562514,0,466000,466000,10555614,10555614,465000,465000,0,0,0,0,467,467,465,465,1300,1300,CONSISTENT
14690,466253,35000,35000,0,0,0,0,0,754706,35,466218,35,468,468,933,1683,2,0,1034,468,468,468,466,466,16,1,35000,35,35,35,10,933,10,933,35000,35,35000,35,754706,35,10571323,0,466000,466000,10555614,10555614,465000,465000,0,0,0,0,467,467,465,465,1684,1686,TORN-PERSISTENT
14700,466532,35000,35000,0,0,0,0,0,754706,35,466497,35,468,468,934,963,1,1000,954,468,468,468,467,467,26,1,35000,35,35,35,10,934,10,934,35000,35,35000,35,754706,35,10577763,0,466000,466000,10555614,10555614,466000,466000,0,0,0,0,467,467,466,466,963,963,CONSISTENT
14710,466802,35000,35000,0,0,0,0,0,754706,35,466767,35,469,469,935,1233,2,0,1067,469,469,469,467,467,4,1,35000,35,35,35,10,935,10,935,35000,35,35000,35,754706,35,10583973,0,467000,467000,10578614,10578614,466000,466000,0,0,0,0,468,468,466,466,1234,1234,CONSISTENT
14720,467000,35000,35000,0,0,0,0,0,754706,35,466965,35,469,469,936,432,1,1000,395,469,469,469,468,468,14,1,35000,35,35,35,10,936,10,936,35000,35,35000,35,754706,35,10588550,0,467000,467000,10578614,10578614,467000,467000,0,0,0,0,468,468,467,467,433,433,CONSISTENT
14730,467386,35000,35000,0,0,0,0,0,754706,35,467351,35,469,469,936,818,1,1000,395,469,469,469,468,468,24,1,35000,35,35,35,10,936,10,936,35000,35,35000,35,754706,35,10597451,0,467000,467000,10578614,10578614,467000,467000,0,0,0,0,468,468,467,467,821,821,CONSISTENT
14740,467772,35000,35000,0,0,0,0,0,754706,35,467737,35,470,470,937,1204,2,0,1022,470,470,470,468,468,4,1,35000,35,35,35,10,937,10,937,35000,35,35000,35,754706,35,10606306,0,468000,468000,10601614,10601614,467000,467000,0,0,0,0,469,469,467,467,1206,1208,TORN-PERSISTENT
14750,468118,35000,35000,0,0,0,0,0,754706,35,468083,35,470,470,937,1550,2,0,1022,470,470,470,468,468,14,1,35000,35,35,35,10,937,10,937,35000,35,35000,35,754706,35,10614264,0,468000,468000,10601614,10601614,467000,467000,0,0,0,0,469,469,467,467,1553,1553,CONSISTENT
14760,468320,35000,35000,0,0,0,0,0,754706,35,468285,35,470,470,938,753,1,1000,694,470,470,470,469,469,24,1,35000,35,35,35,10,938,10,938,35000,35,35000,35,754706,35,10618933,0,468000,468000,10601614,10601614,468000,468000,0,0,0,0,469,469,468,468,753,753,CONSISTENT
14770,468709,35000,35000,0,0,0,0,0,754706,35,468674,35,471,471,939,1142,2,0,1047,471,471,471,469,469,2,1,35000,35,35,35,10,939,10,939,35000,35,35000,35,754706,35,10627880,0,469000,469000,10624614,10624614,468000,468000,0,0,0,0,470,470,468,468,1142,1142,CONSISTENT
14780,469090,35000,35000,0,0,0,0,0,754706,35,469055,35,471,471,939,1523,2,0,1047,471,471,471,469,469,12,1,35000,35,35,35,10,939,10,939,35000,35,35000,35,754706,35,10636643,0,469000,469000,10624614,10624614,468000,468000,0,0,0,0,470,470,468,468,1524,1524,CONSISTENT
14790,469296,35000,35000,0,0,0,0,0,754706,35,469261,35,471,471,940,730,1,1000,555,471,471,471,470,470,22,1,35000,35,35,35,10,940,10,940,35000,35,35000,35,754706,35,10641404,0,469000,469000,10624614,10624614,469000,469000,0,0,0,0,470,470,469,469,734,734,CONSISTENT
14800,469647,35000,35000,0,0,0,0,0,754706,35,469612,35,472,472,941,1081,2,0,1025,472,472,472,470,470,0,1,35000,35,35,35,10,941,10,941,35000,35,35000,35,754706,35,10649477,0,470000,470000,10647614,10647614,469000,469000,0,0,0,0,471,471,469,469,1084,1085,TORN-PERSISTENT
14810,470033,35000,35000,0,0,0,0,0,754706,35,469998,35,472,472,941,1467,2,0,1025,472,472,472,470,470,10,1,35000,35,35,35,10,941,10,941,35000,35,35000,35,754706,35,10658355,0,470000,470000,10647614,10647614,469000,469000,0,0,0,0,471,471,469,469,1467,1467,CONSISTENT
14820,470424,35000,35000,0,0,0,0,0,754706,35,470389,35,472,472,941,1858,2,0,1025,472,472,472,470,470,20,1,35000,35,35,35,10,941,10,941,35000,35,35000,35,754706,35,10667348,0,470000,470000,10647614,10647614,469000,469000,0,0,0,0,471,471,469,469,1858,1858,CONSISTENT
14830,470623,35000,35000,0,0,0,0,0,754706,35,470588,35,473,473,943,1058,2,0,1053,473,473,473,471,471,0,1,35000,35,35,35,10,943,10,943,35000,35,35000,35,754706,35,10671948,0,471000,471000,10670614,10670614,470000,470000,0,0,0,0,472,472,470,470,1063,1063,CONSISTENT
14840,471005,35000,35000,0,0,0,0,0,754706,35,470970,35,473,473,944,441,1,1000,440,473,473,473,472,472,10,1,35000,35,35,35,10,944,10,944,35000,35,35000,35,754706,35,10680757,0,471000,471000,10670614,10670614,471000,471000,0,0,0,0,472,472,471,471,443,443,CONSISTENT
14850,471164,35000,35000,0,0,0,0,0,754706,35,471129,35,473,473,944,600,1,1000,440,473,473,473,472,472,18,1,35000,35,35,35,10,944,10,944,35000,35,35000,35,754706,35,10684414,0,471000,471000,10670614,10670614,471000,471000,0,0,0,0,472,472,471,471,601,601,CONSISTENT
14860,471565,35000,35000,0,0,0,0,0,754706,35,471530,35,473,473,944,1001,2,1000,440,473,474,473,472,472,28,1,35000,35,35,35,10,944,10,944,35000,35,35000,35,754706,35,10693637,0,472000,472000,10693614,10693614,471000,471000,0,0,0,0,473,473,471,471,1001,1001,CONSISTENT
14870,471945,35000,35000,0,0,0,0,0,754706,35,471910,35,474,474,945,1381,2,0,1032,474,474,474,472,472,8,1,35000,35,35,35,10,945,10,945,35000,35,35000,35,754706,35,10702377,0,472000,472000,10693614,10693614,471000,471000,0,0,0,0,473,473,471,471,1381,1381,CONSISTENT
14880,472267,35000,35000,0,0,0,0,0,754706,35,472232,35,474,474,946,704,1,1000,699,474,474,474,473,473,18,1,35000,35,35,35,10,946,10,946,35000,35,35000,35,754706,35,10709806,0,472000,472000,10693614,10693614,472000,472000,0,0,0,0,473,473,472,472,704,704,CONSISTENT
14890,472539,35000,35000,0,0,0,0,0,754706,35,472504,35,474,474,946,976,1,1000,699,474,474,474,473,473,28,1,35000,35,35,35,10,946,10,946,35000,35,35000,35,754706,35,10716062,0,472000,472000,10693614,10693614,472000,472000,0,0,0,0,473,473,472,472,979,979,CONSISTENT
14900,472891,35000,35000,0,0,0,0,0,754706,35,472856,35,475,475,947,1328,2,0,1064,475,475,475,473,473,6,1,35000,35,35,35,10,947,10,947,35000,35,35000,35,754706,35,10724158,0,473000,473000,10716614,10716614,472000,472000,0,0,0,0,474,474,472,472,1329,1329,CONSISTENT
14910,473146,35000,35000,0,0,0,0,0,754706,35,473111,35,475,475,948,584,1,1000,576,475,475,475,474,474,16,1,35000,35,35,35,10,948,10,948,35000,35,35000,35,754706,35,10730046,0,473000,473000,10716614,10716614,473000,473000,0,0,0,0,474,474,473,473,584,584,CONSISTENT
14920,473474,35000,35000,0,0,0,0,0,754706,35,473439,35,475,475,948,912,1,1000,576,475,475,475,474,474,26,1,35000,35,35,35,10,948,10,948,35000,35,35000,35,754706,35,10737590,0,473000,473000,10716614,10716614,473000,473000,0,0,0,0,474,474,473,473,912,912,CONSISTENT
14930,473863,35000,35000,0,0,0,0,0,754706,35,473828,35,476,476,949,1301,2,0,1028,476,476,476,474,474,6,1,35000,35,35,35,10,949,10,949,35000,35,35000,35,754706,35,10746560,0,474000,474000,10739614,10739614,473000,473000,0,0,0,0,475,475,473,473,1303,1303,CONSISTENT
14940,474245,35000,35000,0,0,0,0,0,754706,35,474210,35,476,476,949,1683,2,0,1028,476,476,476,474,474,16,1,35000,35,35,35,10,949,10,949,35000,35,35000,35,754706,35,10755323,0,474000,474000,10739614,10739614,473000,473000,0,0,0,0,475,475,473,473,1687,1687,CONSISTENT
14950,474513,35000,35000,0,0,0,0,0,754706,35,474478,35,476,476,950,952,1,1000,933,476,476,476,475,475,26,1,35000,35,35,35,10,950,10,950,35000,35,35000,35,754706,35,10761510,0,474000,474000,10739614,10739614,474000,474000,0,0,0,0,475,475,474,474,952,952,CONSISTENT
14960,474806,35000,35000,0,0,0,0,0,754706,35,474771,35,477,477,951,1245,2,0,1073,477,477,477,475,475,4,1,35000,35,35,35,10,951,10,951,35000,35,35000,35,754706,35,10768249,0,475000,475000,10762614,10762614,474000,474000,0,0,0,0,476,476,474,474,1247,1247,CONSISTENT
14970,475041,35000,35000,0,0,0,0,0,754706,35,475006,35,477,477,952,481,1,1000,470,477,477,477,476,476,14,1,35000,35,35,35,10,952,10,952,35000,35,35000,35,754706,35,10773677,0,475000,475000,10762614,10762614,475000,475000,0,0,0,0,476,476,475,475,481,481,CONSISTENT
14980,475404,35000,35000,0,0,0,0,0,754706,35,475369,35,477,477,952,844,1,1000,470,477,477,477,476,476,24,1,35000,35,35,35,10,952,10,952,35000,35,35000,35,754706,35,10782026,0,475000,475000,10762614,10762614,475000,475000,0,0,0,0,476,476,475,475,846,846,CONSISTENT
14990,475790,35000,35000,0,0,0,0,0,754706,35,475755,35,478,478,953,1230,2,0,1056,478,478,478,476,476,4,1,35000,35,35,35,10,953,10,953,35000,35,35000,35,754706,35,10790904,0,476000,476000,10785614,10785614,475000,475000,0,0,0,0,477,477,475,475,1234,1234,CONSISTENT
15000,476139,35000,35000,0,0,0,0,0,754706,35,476104,35,478,478,953,1579,2,0,1056,478,478,478,476,476,12,1,35000,35,35,35,10,953,10,953,35000,35,35000,35,754706,35,10798931,0,476000,476000,10785614,10785614,475000,475000,0,0,0,0,477,477,475,475,1579,1579,CONSISTENT
15010,476236,35000,35000,0,0,0,0,0,754706,35,476201,35,478,478,954,677,1,1000,595,478,478,478,477,477,23,1,35000,35,35,35,10,954,10,954,35000,35,35000,35,754706,35,10801185,0,476000,476000,10785614,10785614,476000,476000,0,0,0,0,477,477,476,476,680,680,CONSISTENT
15020,476618,35000,35000,0,0,0,0,0,754706,35,476583,35,479,479,955,1059,2,0,1021,479,479,479,477,477,0,1,35000,35,35,35,10,955,10,955,35000,35,35000,35,754706,35,10809971,0,477000,477000,10808614,10808614,476000,476000,0,0,0,0,478,478,476,476,1063,1064,TORN-PERSISTENT
15030,477010,35000,35000,0,0,0,0,0,754706,35,476975,35,479,479,955,1451,2,0,1021,479,479,479,477,477,10,1,35000,35,35,35,10,955,10,955,35000,35,35000,35,754706,35,10818987,0,477000,477000,10808614,10808614,476000,476000,0,0,0,0,478,478,476,476,1452,1452,CONSISTENT
15041,477396,35000,35000,0,0,0,0,0,754706,35,477361,35,479,479,955,1837,2,0,1021,479,479,479,477,477,20,1,35000,35,35,35,10,955,10,955,35000,35,35000,35,754706,35,10827865,0,477000,477000,10808614,10808614,476000,476000,0,0,0,0,478,478,476,476,1837,1837,CONSISTENT
15050,477559,35000,35000,0,0,0,0,0,754706,35,477524,35,479,479,956,1001,2,1000,980,479,480,479,478,478,30,1,35000,35,35,35,10,956,10,956,35000,35,35000,35,754706,35,10831637,0,478000,478000,10831614,10831614,477000,477000,0,0,0,0,479,479,477,477,1001,1001,CONSISTENT
15060,477949,35000,35000,0,0,0,0,0,754706,35,477914,35,480,480,957,1391,2,0,1150,480,480,480,478,478,6,1,35000,35,35,35,10,957,10,957,35000,35,35000,35,754706,35,10840607,0,478000,478000,10831614,10831614,477000,477000,0,0,0,0,479,479,477,477,1394,1395,TORN-PERSISTENT
15070,478150,35000,35000,0,0,0,0,0,754706,35,478115,35,480,480,958,593,1,1000,474,480,480,480,479,479,16,1,35000,35,35,35,10,958,10,958,35000,35,35000,35,754706,35,10845253,0,478000,478000,10831614,10831614,478000,478000,0,0,0,0,479,479,478,478,597,599,TORN-PERSISTENT
15080,478546,35000,35000,0,0,0,0,0,754706,35,478511,35,480,480,958,989,1,1000,474,480,480,480,479,479,26,1,35000,35,35,35,10,958,10,958,35000,35,35000,35,754706,35,10854361,0,478000,478000,10831614,10831614,478000,478000,0,0,0,0,479,479,478,478,991,992,TORN-PERSISTENT
15090,478898,35000,35000,0,0,0,0,0,754706,35,478863,35,481,481,959,1341,2,0,1043,481,481,481,479,479,6,1,35000,35,35,35,10,959,10,959,35000,35,35000,35,754706,35,10862457,0,479000,479000,10854614,10854614,478000,478000,0,0,0,0,480,480,478,478,1343,1343,CONSISTENT
15100,479285,35000,35000,0,0,0,0,0,754706,35,479250,35,481,481,959,1728,2,0,1043,481,481,481,479,479,18,1,35000,35,35,35,10,959,10,959,35000,35,35000,35,754706,35,10871358,0,479000,479000,10854614,10854614,478000,478000,0,0,0,0,480,480,478,478,1729,1729,CONSISTENT
15110,479484,35000,35000,0,0,0,0,0,754706,35,479449,35,481,481,960,928,1,1000,739,481,481,481,480,480,28,1,35000,35,35,35,10,960,10,960,35000,35,35000,35,754706,35,10875981,0,479000,479000,10854614,10854614,479000,479000,0,0,0,0,480,480,479,479,929,929,CONSISTENT
15120,479876,35000,35000,0,0,0,0,0,754706,35,479841,35,482,482,961,1320,2,0,1070,482,482,482,480,480,6,1,35000,35,35,35,10,961,10,961,35000,35,35000,35,754706,35,10884974,0,480000,480000,10877614,10877614,479000,479000,0,0,0,0,481,481,479,479,1322,1323,TORN-PERSISTENT
15130,480160,35000,35000,0,0,0,0,0,754706,35,480125,35,482,482,962,605,1,1000,599,482,482,482,481,481,16,1,35000,35,35,35,10,962,10,962,35000,35,35000,35,754706,35,10891529,0,480000,480000,10877614,10877614,480000,480000,0,0,0,0,481,481,480,480,605,605,CONSISTENT
15140,480420,35000,35000,0,0,0,0,0,754706,35,480385,35,482,482,962,865,1,1000,599,482,482,482,481,481,24,1,35000,35,35,35,10,962,10,962,35000,35,35000,35,754706,35,10897509,0,480000,480000,10877614,10877614,480000,480000,0,0,0,0,481,481,480,480,866,866,CONSISTENT
15150,480808,35000,35000,0,0,0,0,0,754706,35,480773,35,483,483,963,1253,2,0,1040,483,483,483,481,481,4,1,35000,35,35,35,10,963,10,963,35000,35,35000,35,754706,35,10906433,0,481000,481000,10900614,10900614,480000,480000,0,0,0,0,482,482,480,480,1253,1253,CONSISTENT
15160,481195,35000,35000,0,0,0,0,0,754706,35,481160,35,483,483,963,1640,2,0,1040,483,483,483,481,481,14,1,35000,35,35,35,10,963,10,963,35000,35,35000,35,754706,35,10915334,0,481000,481000,10900614,10900614,480000,480000,0,0,0,0,482,482,480,480,1643,1643,CONSISTENT
15170,481523,35000,35000,0,0,0,0,0,754706,35,481488,35,483,483,964,969,1,1000,965,483,483,483,482,482,24,1,35000,35,35,35,10,964,10,964,35000,35,35000,35,754706,35,10922901,0,481000,481000,10900614,10900614,481000,481000,0,0,0,0,482,482,481,481,969,969,CONSISTENT
15180,481796,35000,35000,0,0,0,0,0,754706,35,481761,35,484,484,965,1242,2,0,1007,484,484,484,482,482,6,1,35000,35,35,35,10,965,10,965,35000,35,35000,35,754706,35,10929180,0,482000,482000,10923614,10923614,481000,481000,0,0,0,0,483,483,481,481,1242,1242,CONSISTENT
15191,482106,35000,35000,0,0,0,0,0,754706,35,482071,35,484,484,966,553,1,1000,546,484,484,484,483,483,14,1,35000,35,35,35,10,966,10,966,35000,35,35000,35,754706,35,10936333,0,482000,482000,10923614,10923614,482000,482000,0,0,0,0,483,483,482,482,553,553,CONSISTENT
15200,482344,35000,35000,0,0,0,0,0,754706,35,482309,35,484,484,966,791,1,1000,546,484,484,484,483,483,24,1,35000,35,35,35,10,966,10,966,35000,35,35000,35,754706,35,10941807,0,482000,482000,10923614,10923614,482000,482000,0,0,0,0,483,483,482,482,793,795,TORN-PERSISTENT
15210,482731,35000,35000,0,0,0,0,0,754706,35,482696,35,485,485,967,1178,2,0,1061,485,485,485,483,483,2,1,35000,35,35,35,10,967,10,967,35000,35,35000,35,754706,35,10950731,0,483000,483000,10946614,10946614,482000,482000,0,0,0,0,484,484,482,482,1180,1180,CONSISTENT
15220,483119,35000,35000,0,0,0,0,0,754706,35,483084,35,485,485,967,1566,2,0,1061,485,485,485,483,483,12,1,35000,35,35,35,10,967,10,967,35000,35,35000,35,754706,35,10959632,0,483000,483000,10946614,10946614,482000,482000,0,0,0,0,484,484,482,482,1566,1566,CONSISTENT
15230,483317,35000,35000,0,0,0,0,0,754706,35,483282,35,485,485,968,765,1,1000,722,485,485,485,484,484,22,1,35000,35,35,35,10,968,10,968,35000,35,35000,35,754706,35,10964232,0,483000,483000,10946614,10946614,483000,483000,0,0,0,0,484,484,483,483,769,769,CONSISTENT
15240,483713,35000,35000,0,0,0,0,0,754706,35,483678,35,486,486,969,1161,2,0,1018,486,486,486,484,484,2,1,35000,35,35,35,10,969,10,969,35000,35,35000,35,754706,35,10973340,0,484000,484000,10969614,10969614,483000,483000,0,0,0,0,485,485,483,483,1164,1164,CONSISTENT
15250,484066,35000,35000,0,0,0,0,0,754706,35,484031,35,486,486,969,1514,2,0,1018,486,486,486,484,484,12,1,35000,35,35,35,10,969,10,969,35000,35,35000,35,754706,35,10981436,0,484000,484000,10969614,10969614,483000,483000,0,0,0,0,485,485,483,483,1517,1517,CONSISTENT
15260,484276,35000,35000,0,0,0,0,0,754706,35,484241,35,486,486,970,725,1,1000,608,486,486,486,485,485,22,1,35000,35,35,35,10,970,10,970,35000,35,35000,35,754706,35,10986289,0,484000,484000,10969614,10969614,484000,484000,0,0,0,0,485,485,484,484,725,725,CONSISTENT
15270,484672,35000,35000,0,0,0,0,0,754706,35,484637,35,487,487,971,1121,2,0,1018,487,487,487,485,485,2,1,35000,35,35,35,10,971,10,971,35000,35,35000,35,754706,35,10995420,0,485000,485000,10992614,10992614,484000,484000,0,0,0,0,486,486,484,484,1123,1123,CONSISTENT
15280,485053,35000,35000,0,0,0,0,0,754706,35,485018,35,487,487,971,1502,2,0,1018,487,487,487,485,485,12,1,35000,35,35,35,10,971,10,971,35000,35,35000,35,754706,35,11004160,0,485000,485000,10992614,10992614,484000,484000,0,0,0,0,486,486,484,484,1506,1507,TORN-PERSISTENT
15290,485214,35000,35000,0,0,0,0,0,754706,35,485179,35,487,487,972,664,1,1000,632,487,487,487,486,486,22,1,35000,35,35,35,10,972,10,972,35000,35,35000,35,754706,35,11007886,0,485000,485000,10992614,10992614,485000,485000,0,0,0,0,486,486,485,485,667,667,CONSISTENT
15300,485597,35000,35000,0,0,0,0,0,754706,35,485562,35,488,488,973,1047,2,0,1041,488,488,488,486,486,0,1,35000,35,35,35,10,973,10,973,35000,35,35000,35,754706,35,11016718,0,486000,486000,11015614,11015614,485000,485000,0,0,0,0,487,487,485,485,1051,1051,CONSISTENT
15310,485872,35000,35000,0,0,0,0,0,754706,35,485837,35,488,488,973,1322,2,0,1041,488,488,488,486,486,9,1,35000,35,35,35,10,973,10,973,35000,35,35000,35,754706,35,11023020,0,486000,486000,11015614,11015614,485000,485000,0,0,0,0,487,487,485,485,1326,1327,TORN-PERSISTENT
15320,486256,35000,35000,0,0,0,0,0,754706,35,486221,35,488,488,973,1706,2,0,1041,488,488,488,486,486,19,1,35000,35,35,35,10,973,10,973,35000,35,35000,35,754706,35,11031852,0,486000,486000,11015614,11015614,485000,485000,0,0,0,0,487,487,485,485,1708,1708,CONSISTENT
15330,486453,35000,35000,0,0,0,0,0,754706,35,486418,35,488,488,974,904,1,1000,731,488,488,488,487,487,29,1,35000,35,35,35,10,974,10,974,35000,35,35000,35,754706,35,11036429,0,486000,486000,11015614,11015614,486000,486000,0,0,0,0,487,487,486,486,908,908,CONSISTENT
15340,486814,35000,35000,0,0,0,0,0,754706,35,486779,35,489,489,975,1265,2,0,1036,489,489,489,487,487,4,1,35000,35,35,35,10,975,10,975,35000,35,35000,35,754706,35,11044709,0,487000,487000,11038614,11038614,486000,486000,0,0,0,0,488,488,486,486,1266,1266,CONSISTENT
15350,487166,35000,35000,0,0,0,0,0,754706,35,487131,35,489,489,976,618,1,1000,616,489,489,489,488,488,16,1,35000,35,35,35,10,976,10,976,35000,35,35000,35,754706,35,11052828,0,487000,487000,11038614,11038614,487000,487000,0,0,0,0,488,488,487,487,618,618,CONSISTENT
15360,487407,35000,35000,0,0,0,0,0,754706,35,487372,35,489,489,976,859,1,1000,616,489,489,489,488,488,26,1,35000,35,35,35,10,976,10,976,35000,35,35000,35,754706,35,11058371,0,487000,487000,11038614,11038614,487000,487000,0,0,0,0,488,488,487,487,859,859,CONSISTENT
15370,487795,35000,35000,0,0,0,0,0,754706,35,487760,35,490,490,977,1247,2,0,1002,490,490,490,488,488,6,1,35000,35,35,35,10,977,10,977,35000,35,35000,35,754706,35,11067295,0,488000,488000,11061614,11061614,487000,487000,0,0,0,0,489,489,487,487,1247,1247,CONSISTENT
15380,488043,35000,35000,0,0,0,0,0,754706,35,488008,35,490,490,978,496,1,1000,495,490,490,490,489,489,16,1,35000,35,35,35,10,978,10,978,35000,35,35000,35,754706,35,11073022,0,488000,488000,11061614,11061614,488000,488000,0,0,0,0,489,489,488,488,496,496,CONSISTENT
15390,488345,35000,35000,0,0,0,0,0,754706,35,488310,35,490,490,978,798,1,1000,495,490,490,490,489,489,24,1,35000,35,35,35,10,978,10,978,35000,35,35000,35,754706,35,11079968,0,488000,488000,11061614,11061614,488000,488000,0,0,0,0,489,489,488,488,798,798,CONSISTENT
15400,488728,35000,35000,0,0,0,0,0,754706,35,488693,35,491,491,979,1181,2,0,1039,491,491,491,489,489,2,1,35000,35,35,35,10,979,10,979,35000,35,35000,35,754706,35,11088777,0,489000,489000,11084614,11084614,488000,488000,0,0,0,0,490,490,488,488,1185,1185,CONSISTENT
15410,489115,35000,35000,0,0,0,0,0,754706,35,489080,35,491,491,979,1568,2,0,1039,491,491,491,489,489,12,1,35000,35,35,35,10,979,10,979,35000,35,35000,35,754706,35,11097678,0,489000,489000,11084614,11084614,488000,488000,0,0,0,0,490,490,488,488,1568,1568,CONSISTENT
15420,489441,35000,35000,0,0,0,0,0,754706,35,489406,35,491,491,980,895,1,1000,890,491,491,491,490,490,22,1,35000,35,35,35,10,980,10,980,35000,35,35000,35,754706,35,11105199,0,489000,489000,11084614,11084614,489000,489000,0,0,0,0,490,490,489,489,895,895,CONSISTENT
15430,489712,35000,35000,0,0,0,0,0,754706,35,489677,35,492,492,981,1166,2,0,1015,492,492,492,490,490,2,1,35000,35,35,35,10,981,10,981,35000,35,35000,35,754706,35,11111455,0,490000,490000,11107614,11107614,489000,489000,0,0,0,0,491,491,489,489,1167,1167,CONSISTENT
15440,490068,35000,35000,0,0,0,0,0,754706,35,490033,35,492,492,981,1522,2,0,1015,492,492,492,490,490,12,1,35000,35,35,35,10,981,10,981,35000,35,35000,35,754706,35,11119620,0,490000,490000,11107614,11107614,489000,489000,0,0,0,0,491,491,489,489,1522,1522,CONSISTENT
15450,490312,35000,35000,0,0,0,0,0,754706,35,490277,35,492,492,982,767,1,1000,765,492,492,492,491,491,22,1,35000,35,35,35,10,982,10,982,35000,35,35000,35,754706,35,11125255,0,490000,490000,11107614,11107614,490000,490000,0,0,0,0,491,491,490,490,767,767,CONSISTENT
15460,490663,35000,35000,0,0,0,0,0,754706,35,490628,35,493,493,983,1118,2,0,1058,493,493,493,491,491,0,1,35000,35,35,35,10,983,10,983,35000,35,35000,35,754706,35,11133328,0,491000,491000,11130614,11130614,490000,490000,0,0,0,0,492,492,490,490,1119,1119,CONSISTENT
15470,491050,35000,35000,0,0,0,0,0,754706,35,491015,35,493,493,983,1505,2,0,1058,493,493,493,491,491,10,1,35000,35,35,35,10,983,10,983,35000,35,35000,35,754706,35,11142229,0,491000,491000,11130614,11130614,490000,490000,0,0,0,0,492,492,490,490,1506,1506,CONSISTENT
15480,491256,35000,35000,0,0,0,0,0,754706,35,491221,35,493,493,984,712,1,1000,642,493,493,493,492,492,20,1,35000,35,35,35,10,984,10,984,35000,35,35000,35,754706,35,11146990,0,491000,491000,11130614,11130614,491000,491000,0,0,0,0,492,492,491,491,714,715,TORN-PERSISTENT
15490,491650,35000,35000,0,0,0,0,0,754706,35,491615,35,494,494,985,1106,2,0,1046,494,494,494,492,492,0,1,35000,35,35,35,10,985,10,985,35000,35,35000,35,754706,35,11156075,0,492000,492000,11153614,11153614,491000,491000,0,0,0,0,493,493,491,491,1107,1107,CONSISTENT
15500,491990,35000,35000,0,0,0,0,0,754706,35,491955,35,494,494,985,1446,2,0,1046,494,494,494,492,492,10,1,35000,35,35,35,10,985,10,985,35000,35,35000,35,754706,35,11163872,0,492000,492000,11153614,11153614,491000,491000,0,0,0,0,493,493,491,491,1447,1447,CONSISTENT
15510,492193,35000,35000,0,0,0,0,0,754706,35,492158,35,494,494,986,650,1,1000,506,494,494,494,493,493,20,1,35000,35,35,35,10,986,10,986,35000,35,35000,35,754706,35,11168564,0,492000,492000,11153614,11153614,492000,492000,0,0,0,0,493,493,492,492,651,652,TORN-PERSISTENT
15520,492576,35000,35000,0,0,0,0,0,754706,35,492541,35,494,494,986,1033,2,1000,506,494,495,494,493,493,30,1,35000,35,35,35,10,986,10,986,35000,35,35000,35,754706,35,11177373,0,493000,493000,11176614,11176614,492000,492000,0,0,0,0,494,494,492,492,1033,1033,CONSISTENT
15530,492962,35000,35000,0,0,0,0,0,754706,35,492927,35,495,495,987,1419,2,0,1073,495,495,495,493,493,8,1,35000,35,35,35,10,987,10,987,35000,35,35000,35,754706,35,11186251,0,493000,493000,11176614,11176614,492000,492000,0,0,0,0,494,494,492,492,1419,1419,CONSISTENT
15540,493351,35000,35000,0,0,0,0,0,754706,35,493316,35,495,495,987,1808,2,0,1073,495,495,495,493,493,18,1,35000,35,35,35,10,987,10,987,35000,35,35000,35,754706,35,11195198,0,493000,493000,11176614,11176614,492000,492000,0,0,0,0,494,494,492,492,1810,1810,CONSISTENT
15550,493511,35000,35000,0,0,0,0,0,754706,35,493476,35,495,495,988,969,1,1000,893,495,495,495,494,494,28,1,35000,35,35,35,10,988,10,988,35000,35,35000,35,754706,35,11198901,0,493000,493000,11176614,11176614,493000,493000,0,0,0,0,494,494,493,493,973,973,CONSISTENT
15560,493905,35000,35000,0,0,0,0,0,754706,35,493870,35,496,496,989,1363,2,0,1045,496,496,496,494,494,8,1,35000,35,35,35,10,989,10,989,35000,35,35000,35,754706,35,11207963,0,494000,494000,11199614,11199614,493000,493000,0,0,0,0,495,495,493,493,1365,1365,CONSISTENT
15570,494102,35000,35000,0,0,0,0,0,754706,35,494067,35,496,496,990,561,1,1000,384,496,496,496,495,495,18,1,35000,35,35,35,10,990,10,990,35000,35,35000,35,754706,35,11212517,0,494000,494000,11199614,11199614,494000,494000,0,0,0,0,495,495,494,494,565,566,TORN-PERSISTENT
15580,494493,35000,35000,0,0,0,0,0,754706,35,494458,35,496,496,990,952,1,1000,384,496,496,496,495,495,28,1,35000,35,35,35,10,990,10,990,35000,35,35000,35,754706,35,11221510,0,494000,494000,11199614,11199614,494000,494000,0,0,0,0,495,495,494,494,952,952,CONSISTENT
15590,494888,35000,35000,0,0,0,0,0,754706,35,494853,35,497,497,991,1347,2,0,1006,497,497,497,495,495,8,1,35000,35,35,35,10,991,10,991,35000,35,35000,35,754706,35,11230595,0,495000,495000,11222614,11222614,494000,494000,0,0,0,0,496,496,494,494,1347,1347,CONSISTENT
15600,495174,35000,35000,0,0,0,0,0,754706,35,495139,35,497,497,992,634,1,1000,632,497,497,497,496,496,16,1,35000,35,35,35,10,992,10,992,35000,35,35000,35,754706,35,11237196,0,495000,495000,11222614,11222614,495000,495000,0,0,0,0,496,496,495,495,634,634,CONSISTENT
15610,495427,35000,35000,0,0,0,0,0,754706,35,495392,35,497,497,992,887,1,1000,632,497,497,497,496,496,27,1,35000,35,35,35,10,992,10,992,35000,35,35000,35,754706,35,11243038,0,495000,495000,11222614,11222614,495000,495000,0,0,0,0,496,496,495,495,888,888,CONSISTENT
15620,495817,35000,35000,0,0,0,0,0,754706,35,495782,35,498,498,993,1277,2,0,1030,498,498,498,496,496,6,1,35000,35,35,35,10,993,10,993,35000,35,35000,35,754706,35,11251985,0,496000,496000,11245614,11245614,495000,495000,0,0,0,0,497,497,495,495,1278,1279,TORN-PERSISTENT
15630,496044,35000,35000,0,0,0,0,0,754706,35,496009,35,498,498,994,505,1,1000,503,498,498,498,497,497,16,1,35000,35,35,35,10,994,10,994,35000,35,35000,35,754706,35,11257229,0,496000,496000,11245614,11245614,496000,496000,0,0,0,0,497,497,496,496,505,505,CONSISTENT
15640,496402,35000,35000,0,0,0,0,0,754706,35,496367,35,498,498,994,863,1,1000,503,498,498,498,497,497,26,1,35000,35,35,35,10,994,10,994,35000,35,35000,35,754706,35,11265463,0,496000,496000,11245614,11245614,496000,496000,0,0,0,0,497,497,496,496,865,865,CONSISTENT
15650,496760,35000,35000,0,0,0,0,0,754706,35,496725,35,499,499,995,1221,2,0,1062,499,499,499,497,497,2,1,35000,35,35,35,10,995,10,995,35000,35,35000,35,754706,35,11273697,0,497000,497000,11268614,11268614,496000,496000,0,0,0,0,498,498,496,496,1221,1221,CONSISTENT
15660,497138,35000,35000,0,0,0,0,0,754706,35,497103,35,499,499,995,1599,2,0,1062,499,499,499,497,497,14,1,35000,35,35,35,10,995,10,995,35000,35,35000,35,754706,35,11282391,0,497000,497000,11268614,11268614,496000,496000,0,0,0,0,498,498,496,496,1603,1603,CONSISTENT
15670,497421,35000,35000,0,0,0,0,0,754706,35,497386,35,499,499,996,883,1,1000,876,499,499,499,498,498,24,1,35000,35,35,35,10,996,10,996,35000,35,35000,35,754706,35,11288923,0,497000,497000,11268614,11268614,497000,497000,0,0,0,0,498,498,497,497,883,883,CONSISTENT
15680,497730,35000,35000,0,0,0,0,0,754706,35,497695,35,500,500,997,1192,2,0,1023,500,500,500,498,498,4,1,35000,35,35,35,10,997,10,997,35000,35,35000,35,754706,35,11296030,0,498000,498000,11291614,11291614,497000,497000,0,0,0,0,499,499,497,497,1196,1196,CONSISTENT
15690,498121,35000,35000,0,0,0,0,0,754706,35,498086,35,500,500,997,1583,2,0,1023,500,500,500,498,498,14,1,35000,35,35,35,10,997,10,997,35000,35,35000,35,754706,35,11305023,0,498000,498000,11291614,11291614,497000,497000,0,0,0,0,499,499,497,497,1585,1585,CONSISTENT
15700,498285,35000,35000,0,0,0,0,0,754706,35,498250,35,500,500,998,748,1,1000,744,500,500,500,499,499,22,1,35000,35,35,35,10,998,10,998,35000,35,35000,35,754706,35,11308818,0,498000,498000,11291614,11291614,498000,498000,0,0,0,0,499,499,498,498,748,748,CONSISTENT
15710,498660,35000,35000,0,0,0,0,0,754706,35,498625,35,501,501,999,1123,2,0,1062,501,501,501,499,499,0,1,35000,35,35,35,10,999,10,999,35000,35,35000,35,754706,35,11317443,0,499000,499000,11314614,11314614,498000,498000,0,0,0,0,500,500,498,498,1123,1123,CONSISTENT
15720,499041,35000,35000,0,0,0,0,0,754706,35,499006,35,501,501,999,1504,2,0,1062,501,501,501,499,499,10,1,35000,35,35,35,10,999,10,999,35000,35,35000,35,754706,35,11326206,0,499000,499000,11314614,11314614,498000,498000,0,0,0,0,500,500,498,498,1506,1507,TORN-PERSISTENT
15730,499241,35000,35000,0,0,0,0,0,754706,35,499206,35,501,501,1000,705,1,1000,601,501,501,501,500,500,20,1,35000,35,35,35,10,1000,10,1000,35000,35,35000,35,754706,35,11330829,0,499000,499000,11314614,11314614,499000,499000,0,0,0,0,500,500,499,499,708,708,CONSISTENT
15740,499631,35000,35000,0,0,0,0,0,754706,35,499596,35,502,502,1001,1095,2,0,1015,502,502,502,500,500,2,1,35000,35,35,35,10,1001,10,1001,35000,35,35000,35,754706,35,11339799,0,500000,500000,11337614,11337614,499000,499000,0,0,0,0,501,501,499,499,1097,1097,CONSISTENT
15750,499972,35000,35000,0,0,0,0,0,754706,35,499937,35,502,502,1001,1436,2,0,1015,502,502,502,500,500,10,1,35000,35,35,35,10,1001,10,1001,35000,35,35000,35,754706,35,11347642,0,500000,500000,11337614,11337614,499000,499000,0,0,0,0,501,501,499,499,1437,1437,CONSISTENT
15760,500234,35000,35000,0,0,0,0,0,754706,35,500199,35,502,502,1002,699,1,1000,694,502,502,502,501,501,20,1,35000,35,35,35,10,1002,10,1002,35000,35,35000,35,754706,35,11353691,0,500000,500000,11337614,11337614,500000,500000,0,0,0,0,501,501,500,500,699,699,CONSISTENT
15770,500554,35000,35000,0,0,0,0,0,754706,35,500519,35,502,502,1002,1019,2,1000,694,502,503,502,501,501,30,1,35000,35,35,35,10,1002,10,1002,35000,35,35000,35,754706,35,11361051,0,501000,501000,11360614,11360614,500000,500000,0,0,0,0,502,502,500,500,1022,1023,TORN-PERSISTENT
15780,500940,35000,35000,0,0,0,0,0,754706,35,500905,35,503,503,1003,1405,2,0,1055,503,503,503,501,501,8,1,35000,35,35,35,10,1003,10,1003,35000,35,35000,35,754706,35,11369929,0,501000,501000,11360614,11360614,500000,500000,0,0,0,0,502,502,500,500,1405,1405,CONSISTENT
15790,501327,35000,35000,0,0,0,0,0,754706,35,501292,35,503,503,1003,1792,2,0,1055,503,503,503,501,501,18,1,35000,35,35,35,10,1003,10,1003,35000,35,35000,35,754706,35,11378853,0,501000,501000,11360614,11360614,500000,500000,0,0,0,0,502,502,500,500,1793,1793,CONSISTENT
15800,501484,35000,35000,0,0,0,0,0,754706,35,501449,35,503,503,1004,950,1,1000,844,503,503,503,502,502,28,1,35000,35,35,35,10,1004,10,1004,35000,35,35000,35,754706,35,11382487,0,501000,501000,11360614,11360614,501000,501000,0,0,0,0,502,502,501,501,951,951,CONSISTENT
15810,501871,35000,35000,0,0,0,0,0,754706,35,501836,35,504,504,1005,1337,2,0,1006,504,504,504,502,502,8,1,35000,35,35,35,10,1005,10,1005,35000,35,35000,35,754706,35,11391365,0,502000,502000,11383614,11383614,501000,501000,0,0,0,0,503,503,501,501,1338,1338,CONSISTENT
15820,502249,35000,35000,0,0,0,0,0,754706,35,502214,35,504,504,1006,716,1,1000,712,504,504,504,503,503,18,1,35000,35,35,35,10,1006,10,1006,35000,35,35000,35,754706,35,11400105,0,502000,502000,11383614,11383614,502000,502000,0,0,0,0,503,503,502,502,717,717,CONSISTENT
15830,502470,35000,35000,0,0,0,0,0,754706,35,502435,35,504,504,1006,937,1,1000,712,504,504,504,503,503,28,1,35000,35,35,35,10,1006,10,1006,35000,35,35000,35,754706,35,11405165,0,502000,502000,11383614,11383614,502000,502000,0,0,0,0,503,503,502,502,937,937,CONSISTENT
15840,502852,35000,35000,0,0,0,0,0,754706,35,502817,35,505,505,1007,1319,2,0,1062,505,505,505,503,503,6,1,35000,35,35,35,10,1007,10,1007,35000,35,35000,35,754706,35,11413951,0,503000,503000,11406614,11406614,502000,502000,0,0,0,0,504,504,502,502,1322,1322,CONSISTENT
15850,503128,35000,35000,0,0,0,0,0,754706,35,503093,35,505,505,1008,596,1,1000,588,505,505,505,504,504,16,1,35000,35,35,35,10,1008,10,1008,35000,35,35000,35,754706,35,11420322,0,503000,503000,11406614,11406614,503000,503000,0,0,0,0,504,504,503,503,596,596,CONSISTENT
15860,503402,35000,35000,0,0,0,0,0,754706,35,503367,35,505,505,1008,870,1,1000,588,505,505,505,504,504,26,1,35000,35,35,35,10,1008,10,1008,35000,35,35000,35,754706,35,11426624,0,503000,503000,11406614,11406614,503000,503000,0,0,0,0,504,504,503,503,870,870,CONSISTENT
15870,503789,35000,35000,0,0,0,0,0,754706,35,503754,35,506,506,1009,1257,2,0,1016,506,506,506,504,504,6,1,35000,35,35,35,10,1009,10,1009,35000,35,35000,35,754706,35,11435525,0,504000,504000,11429614,11429614,503000,503000,0,0,0,0,505,505,503,503,1258,1258,CONSISTENT
15880,504180,35000,35000,0,0,0,0,0,754706,35,504145,35,506,506,1009,1648,2,0,1016,506,506,506,504,504,16,1,35000,35,35,35,10,1009,10,1009,35000,35,35000,35,754706,35,11444518,0,504000,504000,11429614,11429614,503000,503000,0,0,0,0,505,505,503,503,1648,1648,CONSISTENT
15890,504380,35000,35000,0,0,0,0,0,754706,35,504345,35,506,506,1010,849,1,1000,718,506,506,506,505,505,26,1,35000,35,35,35,10,1010,10,1010,35000,35,35000,35,754706,35,11449141,0,504000,504000,11429614,11429614,504000,504000,0,0,0,0,505,505,504,504,849,849,CONSISTENT
15900,504754,35000,35000,0,0,0,0,0,754706,35,504719,35,507,507,1011,1223,2,0,1073,507,507,507,505,505,2,1,35000,35,35,35,10,1011,10,1011,35000,35,35000,35,754706,35,11457743,0,505000,505000,11452614,11452614,504000,504000,0,0,0,0,506,506,504,504,1223,1223,CONSISTENT
15910,504997,35000,35000,0,0,0,0,0,754706,35,504962,35,507,507,1011,1466,2,0,1073,507,507,507,505,505,12,1,35000,35,35,35,10,1011,10,1011,35000,35,35000,35,754706,35,11463332,0,505000,505000,11452614,11452614,504000,504000,0,0,0,0,506,506,504,504,1467,1467,CONSISTENT
15920,505211,35000,35000,0,0,0,0,0,754706,35,505176,35,507,507,1012,681,1,1000,678,507,507,507,506,506,22,1,35000,35,35,35,10,1012,10,1012,35000,35,35000,35,754706,35,11468277,0,505000,505000,11452614,11452614,505000,505000,0,0,0,0,506,506,505,505,681,681,CONSISTENT
15930,505582,35000,35000,0,0,0,0,0,754706,35,505547,35,508,508,1013,1052,2,0,1020,508,508,508,506,506,0,1,35000,35,35,35,10,1013,10,1013,35000,35,35000,35,754706,35,11476810,0,506000,506000,11475614,11475614,505000,505000,0,0,0,0,507,507,505,505,1054,1056,TORN-PERSISTENT
15940,505959,35000,35000,0,0,0,0,0,754706,35,505924,35,508,508,1013,1429,2,0,1020,508,508,508,506,506,10,1,35000,35,35,35,10,1013,10,1013,35000,35,35000,35,754706,35,11485481,0,506000,506000,11475614,11475614,505000,505000,0,0,0,0,507,507,505,505,1431,1431,CONSISTENT
15950,506164,35000,35000,0,0,0,0,0,754706,35,506129,35,508,508,1014,635,1,1000,531,508,508,508,507,507,20,1,35000,35,35,35,10,1014,10,1014,35000,35,35000,35,754706,35,11490219,0,506000,506000,11475614,11475614,506000,506000,0,0,0,0,507,507,506,506,635,635,CONSISTENT
15960,506511,35000,35000,0,0,0,0,0,754706,35,506476,35,508,508,1014,982,1,1000,531,508,508,508,507,507,30,1,35000,35,35,35,10,1014,10,1014,35000,35,35000,35,754706,35,11498223,0,506000,506000,11475614,11475614,506000,506000,0,0,0,0,507,507,506,506,984,984,CONSISTENT
15970,506892,35000,35000,0,0,0,0,0,754706,35,506857,35,509,509,1015,1363,2,0,1136,509,509,509,507,507,4,1,35000,35,35,35,10,1015,10,1015,35000,35,35000,35,754706,35,11506986,0,507000,507000,11498614,11498614,506000,506000,0,0,0,0,508,508,506,506,1364,1364,CONSISTENT
15980,507134,35000,35000,0,0,0,0,0,754706,35,507099,35,509,509,1016,606,1,1000,599,509,509,509,508,508,16,1,35000,35,35,35,10,1016,10,1016,35000,35,35000,35,754706,35,11512552,0,507000,507000,11498614,11498614,507000,507000,0,0,0,0,508,508,507,507,606,606,CONSISTENT
15990,507485,35000,35000,0,0,0,0,0,754706,35,507450,35,509,509,1016,957,1,1000,599,509,509,509,508,508,26,1,35000,35,35,35,10,1016,10,1016,35000,35,35000,35,754706,35,11520625,0,507000,507000,11498614,11498614,507000,507000,0,0,0,0,508,508,507,507,958,958,CONSISTENT
16000,507868,35000,35000,0,0,0,0,0,754706,35,507833,35,510,510,1017,1340,2,0,1021,510,510,510,508,508,8,1,35000,35,35,35,10,1017,10,1017,35000,35,35000,35,754706,35,11529434,0,508000,508000,11521614,11521614,507000,507000,0,0,0,0,509,509,507,507,1340,1340,CONSISTENT
16010,508259,35000,35000,0,0,0,0,0,754706,35,508224,35,510,510,1017,1731,2,0,1021,510,510,510,508,508,18,1,35000,35,35,35,10,1017,10,1017,35000,35,35000,35,754706,35,11538427,0,508000,508000,11521614,11521614,507000,507000,0,0,0,0,509,509,507,507,1731,1731,CONSISTENT
16020,508415,35000,35000,0,0,0,0,0,754706,35,508380,35,510,510,1018,888,1,1000,790,510,510,510,509,509,26,1,35000,35,35,35,10,1018,10,1018,35000,35,35000,35,754706,35,11542038,0,508000,508000,11521614,11521614,508000,508000,0,0,0,0,509,509,508,508,890,891,TORN-PERSISTENT
16030,508795,35000,35000,0,0,0,0,0,754706,35,508760,35,511,511,1019,1268,2,0,1039,511,511,511,509,509,4,1,35000,35,35,35,10,1019,10,1019,35000,35,35000,35,754706,35,11550778,0,509000,509000,11544614,11544614,508000,508000,0,0,0,0,510,510,508,508,1270,1270,CONSISTENT
16040,509180,35000,35000,0,0,0,0,0,754706,35,509145,35,511,511,1019,1653,2,0,1039,511,511,511,509,509,14,1,35000,35,35,35,10,1019,10,1019,35000,35,35000,35,754706,35,11559633,0,509000,509000,11544614,11544614,508000,508000,0,0,0,0,510,510,508,508,1653,1653,CONSISTENT
16050,509385,35000,35000,0,0,0,0,0,754706,35,509350,35,511,511,1020,859,1,1000,660,511,511,511,510,510,24,1,35000,35,35,35,10,1020,10,1020,35000,35,35000,35,754706,35,11564371,0,509000,509000,11544614,11544614,509000,509000,0,0,0,0,510,510,509,509,862,862,CONSISTENT
16060,509775,35000,35000,0,0,0,0,0,754706,35,509740,35,512,512,1021,1249,2,0,1018,512,512,512,510,510,6,1,35000,35,35,35,10,1021,10,1021,35000,35,35000,35,754706,35,11573341,0,510000,510000,11567614,11567614,509000,509000,0,0,0,0,511,511,509,509,1252,1252,CONSISTENT
16070,510093,35000,35000,0,0,0,0,0,754706,35,510058,35,512,512,1022,568,1,1000,562,512,512,512,511,511,14,1,35000,35,35,35,10,1022,10,1022,35000,35,35000,35,754706,35,11580678,0,510000,510000,11567614,11567614,510000,510000,0,0,0,0,511,511,510,510,568,568,CONSISTENT
16080,510325,35000,35000,0,0,0,0,0,754706,35,510290,35,512,512,1022,800,1,1000,562,512,512,512,511,511,24,1,35000,35,35,35,10,1022,10,1022,35000,35,35000,35,754706,35,11586037,0,510000,510000,11567614,11567614,510000,510000,0,0,0,0,511,511,510,510,803,803,CONSISTENT
16090,510707,35000,35000,0,0,0,0,0,754706,35,510672,35,513,513,1023,1182,2,0,1054,513,513,513,511,511,2,1,35000,35,35,35,10,1023,10,1023,35000,35,35000,35,754706,35,11594800,0,511000,511000,11590614,11590614,510000,510000,0,0,0,0,512,512,510,510,1182,1182,CONSISTENT
16100,511103,35000,35000,0,0,0,0,0,754706,35,511068,35,513,513,1023,1578,2,0,1054,513,513,513,511,511,12,1,35000,35,35,35,10,1023,10,1023,35000,35,35000,35,754706,35,11603908,0,511000,511000,11590614,11590614,510000,510000,0,0,0,0,512,512,510,510,1578,1578,CONSISTENT
16110,511458,35000,35000,0,0,0,0,0,754706,35,511423,35,513,513,1024,934,1,1000,927,513,513,513,512,512,22,1,35000,35,35,35,10,1024,10,1024,35000,35,35000,35,754706,35,11612096,0,511000,511000,11590614,11590614,511000,511000,0,0,0,0,512,512,511,511,934,934,CONSISTENT
16121,511685,35000,35000,0,0,0,0,0,754706,35,511650,35,514,514,1025,1161,2,0,1031,514,514,514,512,512,2,1,35000,35,35,35,10,1025,10,1025,35000,35,35000,35,754706,35,11617317,0,512000,512000,11613614,11613614,511000,511000,0,0,0,0,513,513,511,511,1164,1164,CONSISTENT
16130,512035,35000,35000,0,0,0,0,0,754706,35,512000,35,514,514,1025,1511,2,0,1031,514,514,514,512,512,12,1,35000,35,35,35,10,1025,10,1025,35000,35,35000,35,754706,35,11625367,0,512000,512000,11613614,11613614,511000,511000,0,0,0,0,513,513,511,511,1511,1511,CONSISTENT
16140,512331,35000,35000,0,0,0,0,0,754706,35,512296,35,514,514,1026,808,1,1000,799,514,514,514,513,513,22,1,35000,35,35,35,10,1026,10,1026,35000,35,35000,35,754706,35,11632198,0,512000,512000,11613614,11613614,512000,512000,0,0,0,0,513,513,512,512,808,808,CONSISTENT
16150,512622,35000,35000,0,0,0,0,0,754706,35,512587,35,515,515,1027,1099,2,0,1063,515,515,515,513,513,0,1,35000,35,35,35,10,1027,10,1027,35000,35,35000,35,754706,35,11638891,0,513000,513000,11636614,11636614,512000,512000,0,0,0,0,514,514,512,512,1103,1103,CONSISTENT
16160,513012,35000,35000,0,0,0,0,0,754706,35,512977,35,515,515,1027,1489,2,0,1063,515,515,515,513,513,10,1,35000,35,35,35,10,1027,10,1027,35000,35,35000,35,754706,35,11647861,0,513000,513000,11636614,11636614,512000,512000,0,0,0,0,514,514,512,512,1490,1491,TORN-PERSISTENT
16171,513215,35000,35000,0,0,0,0,0,754706,35,513180,35,515,515,1028,693,1,1000,682,515,515,515,514,514,20,1,35000,35,35,35,10,1028,10,1028,35000,35,35000,35,754706,35,11652553,0,513000,513000,11636614,11636614,513000,513000,0,0,0,0,514,514,513,513,694,694,CONSISTENT
16180,513556,35000,35000,0,0,0,0,0,754706,35,513521,35,516,516,1029,1034,2,0,1034,516,516,516,514,514,0,1,35000,35,35,35,10,1029,10,1029,35000,35,35000,35,754706,35,11660396,0,514000,514000,11659614,11659614,513000,513000,0,0,0,0,515,515,513,513,1034,1034,CONSISTENT
16190,513946,35000,35000,0,0,0,0,0,754706,35,513911,35,516,516,1029,1424,2,0,1034,516,516,516,514,514,10,1,35000,35,35,35,10,1029,10,1029,35000,35,35000,35,754706,35,11669366,0,514000,514000,11659614,11659614,513000,513000,0,0,0,0,515,515,513,513,1425,1425,CONSISTENT
16200,514146,35000,35000,0,0,0,0,0,754706,35,514111,35,516,516,1030,625,1,1000,555,516,516,516,515,515,20,1,35000,35,35,35,10,1030,10,1030,35000,35,35000,35,754706,35,11673989,0,514000,514000,11659614,11659614,514000,514000,0,0,0,0,515,515,514,514,625,625,CONSISTENT
16210,514420,35000,35000,0,0,0,0,0,754706,35,514385,35,516,516,1030,899,1,1000,555,516,516,516,515,515,29,1,35000,35,35,35,10,1030,10,1030,35000,35,35000,35,754706,35,11680314,0,514000,514000,11659614,11659614,514000,514000,0,0,0,0,515,515,514,514,901,901,CONSISTENT
16220,514809,35000,35000,0,0,0,0,0,754706,35,514774,35,517,517,1031,1288,2,0,1007,517,517,517,515,515,6,1,35000,35,35,35,10,1031,10,1031,35000,35,35000,35,754706,35,11689238,0,515000,515000,11682614,11682614,514000,514000,0,0,0,0,516,516,514,514,1288,1288,CONSISTENT
16230,515164,35000,35000,0,0,0,0,0,754706,35,515129,35,517,517,1031,1643,2,0,1007,517,517,517,515,515,16,1,35000,35,35,35,10,1031,10,1031,35000,35,35000,35,754706,35,11697403,0,515000,515000,11682614,11682614,514000,514000,0,0,0,0,516,516,514,514,1643,1643,CONSISTENT
16240,515356,35000,35000,0,0,0,0,0,754706,35,515321,35,517,517,1032,836,1,1000,751,517,517,517,516,516,26,1,35000,35,35,35,10,1032,10,1032,35000,35,35000,35,754706,35,11701842,0,515000,515000,11682614,11682614,515000,515000,0,0,0,0,516,516,515,515,836,836,CONSISTENT
16250,515741,35000,35000,0,0,0,0,0,754706,35,515706,35,518,518,1033,1221,2,0,1058,518,518,518,516,516,4,1,35000,35,35,35,10,1033,10,1033,35000,35,35000,35,754706,35,11710720,0,516000,516000,11705614,11705614,515000,515000,0,0,0,0,517,517,515,515,1226,1226,CONSISTENT
16260,516135,35000,35000,0,0,0,0,0,754706,35,516100,35,518,518,1033,1615,2,0,1058,518,518,518,516,516,14,1,35000,35,35,35,10,1033,10,1033,35000,35,35000,35,754706,35,11719759,0,516000,516000,11705614,11705614,515000,515000,0,0,0,0,517,517,515,515,1616,1616,CONSISTENT
16270,516339,35000,35000,0,0,0,0,0,754706,35,516304,35,518,518,1034,820,1,1000,625,518,518,518,517,517,24,1,35000,35,35,35,10,1034,10,1034,35000,35,35000,35,754706,35,11724474,0,516000,516000,11705614,11705614,516000,516000,0,0,0,0,517,517,516,516,820,820,CONSISTENT
16280,516681,35000,35000,0,0,0,0,0,754706,35,516646,35,519,519,1035,1162,2,0,1015,519,519,519,517,517,2,1,35000,35,35,35,10,1035,10,1035,35000,35,35000,35,754706,35,11732340,0,517000,517000,11728614,11728614,516000,516000,0,0,0,0,518,518,516,516,1162,1162,CONSISTENT
16290,517069,35000,35000,0,0,0,0,0,754706,35,517034,35,519,519,1035,1550,2,0,1015,519,519,519,517,517,14,1,35000,35,35,35,10,1035,10,1035,35000,35,35000,35,754706,35,11741264,0,517000,517000,11728614,11728614,516000,516000,0,0,0,0,518,518,516,516,1551,1551,CONSISTENT
16300,517437,35000,35000,0,0,0,0,0,754706,35,517402,35,519,519,1036,919,1,1000,916,519,519,519,518,518,24,1,35000,35,35,35,10,1036,10,1036,35000,35,35000,35,754706,35,11749751,0,517000,517000,11728614,11728614,517000,517000,0,0,0,0,518,518,517,517,919,919,CONSISTENT
16310,517648,35000,35000,0,0,0,0,0,754706,35,517613,35,520,520,1037,1130,2,0,1036,520,520,520,518,518,2,1,35000,35,35,35,10,1037,10,1037,35000,35,35000,35,754706,35,11754627,0,518000,518000,11751614,11751614,517000,517000,0,0,0,0,519,519,517,517,1132,1132,CONSISTENT
16320,518028,35000,35000,0,0,0,0,0,754706,35,517993,35,520,520,1037,1510,2,0,1036,520,520,520,518,518,12,1,35000,35,35,35,10,1037,10,1037,35000,35,35000,35,754706,35,11763344,0,518000,518000,11751614,11751614,517000,517000,0,0,0,0,519,519,517,517,1510,1510,CONSISTENT
16331,518225,35000,35000,0,0,0,0,0,754706,35,518190,35,520,520,1038,708,1,1000,637,520,520,520,519,519,22,1,35000,35,35,35,10,1038,10,1038,35000,35,35000,35,754706,35,11767898,0,518000,518000,11751614,11751614,518000,518000,0,0,0,0,519,519,518,518,711,712,TORN-PERSISTENT
16340,518583,35000,35000,0,0,0,0,0,754706,35,518548,35,521,521,1039,1066,2,0,1012,521,521,521,519,519,0,1,35000,35,35,35,10,1039,10,1039,35000,35,35000,35,754706,35,11776132,0,519000,519000,11774614,11774614,518000,518000,0,0,0,0,520,520,518,518,1067,1067,CONSISTENT
16350,518965,35000,35000,0,0,0,0,0,754706,35,518930,35,521,521,1039,1448,2,0,1012,521,521,521,519,519,10,1,35000,35,35,35,10,1039,10,1039,35000,35,35000,35,754706,35,11784918,0,519000,519000,11774614,11774614,518000,518000,0,0,0,0,520,520,518,518,1450,1450,CONSISTENT
16360,519225,35000,35000,0,0,0,0,0,754706,35,519190,35,521,521,1040,709,1,1000,705,521,521,521,520,520,20,1,35000,35,35,35,10,1040,10,1040,35000,35,35000,35,754706,35,11790921,0,519000,519000,11774614,11774614,519000,519000,0,0,0,0,520,520,519,519,709,709,CONSISTENT
16370,519559,35000,35000,0,0,0,0,0,754706,35,519524,35,521,521,1040,1043,2,1000,705,521,522,521,520,520,30,1,35000,35,35,35,10,1040,10,1040,35000,35,35000,35,754706,35,11798603,0,520000,520000,11797614,11797614,519000,519000,0,0,0,0,521,521,519,519,1044,1044,CONSISTENT
16380,519947,35000,35000,0,0,0,0,0,754706,35,519912,35,522,522,1041,1431,2,0,1044,522,522,522,520,520,8,1,35000,35,35,35,10,1041,10,1041,35000,35,35000,35,754706,35,11807527,0,520000,520000,11797614,11797614,519000,519000,0,0,0,0,521,521,519,519,1431,1431,CONSISTENT
16390,520110,35000,35000,0,0,0,0,0,754706,35,520075,35,522,522,1042,595,1,1000,560,522,522,522,521,521,18,1,35000,35,35,35,10,1042,10,1042,35000,35,35000,35,754706,35,11811299,0,520000,520000,11797614,11797614,520000,520000,0,0,0,0,521,521,520,520,595,595,CONSISTENT
16400,520497,35000,35000,0,0,0,0,0,754706,35,520462,35,522,522,1042,982,1,1000,560,522,522,522,521,521,28,1,35000,35,35,35,10,1042,10,1042,35000,35,35000,35,754706,35,11820200,0,520000,520000,11797614,11797614,520000,520000,0,0,0,0,521,521,520,520,983,984,TORN-PERSISTENT
16410,520880,35000,35000,0,0,0,0,0,754706,35,520845,35,523,523,1043,1365,2,0,1022,523,523,523,521,521,8,1,35000,35,35,35,10,1043,10,1043,35000,35,35000,35,754706,35,11829009,0,521000,521000,11820614,11820614,520000,520000,0,0,0,0,522,522,520,520,1365,1365,CONSISTENT
16420,521262,35000,35000,0,0,0,0,0,754706,35,521227,35,523,523,1043,1747,2,0,1022,523,523,523,521,521,18,1,35000,35,35,35,10,1043,10,1043,35000,35,35000,35,754706,35,11837841,0,521000,521000,11820614,11820614,520000,520000,0,0,0,0,522,522,520,520,1749,1749,CONSISTENT
16430,521463,35000,35000,0,0,0,0,0,754706,35,521428,35,523,523,1044,949,1,1000,926,523,523,523,522,522,28,1,35000,35,35,35,10,1044,10,1044,35000,35,35000,35,754706,35,11842441,0,521000,521000,11820614,11820614,521000,521000,0,0,0,0,522,522,521,521,949,949,CONSISTENT
16440,521814,35000,35000,0,0,0,0,0,754706,35,521779,35,524,524,1045,1300,2,0,1042,524,524,524,522,522,6,1,35000,35,35,35,10,1045,10,1045,35000,35,35000,35,754706,35,11850514,0,522000,522000,11843614,11843614,521000,521000,0,0,0,0,523,523,521,521,1301,1301,CONSISTENT
16450,522202,35000,35000,0,0,0,0,0,754706,35,522167,35,524,524,1045,1688,2,0,1042,524,524,524,522,522,16,1,35000,35,35,35,10,1045,10,1045,35000,35,35000,35,754706,35,11859438,0,522000,522000,11843614,11843614,521000,521000,0,0,0,0,523,523,521,521,1688,1688,CONSISTENT
16460,522405,35000,35000,0,0,0,0,0,754706,35,522370,35,524,524,1046,892,1,1000,814,524,524,524,523,523,26,1,35000,35,35,35,10,1046,10,1046,35000,35,35000,35,754706,35,11864130,0,522000,522000,11843614,11843614,522000,522000,0,0,0,0,523,523,522,522,894,894,CONSISTENT
16470,522800,35000,35000,0,0,0,0,0,754706,35,522765,35,525,525,1047,1287,2,0,1031,525,525,525,523,523,6,1,35000,35,35,35,10,1047,10,1047,35000,35,35000,35,754706,35,11873215,0,523000,523000,11866614,11866614,522000,522000,0,0,0,0,524,524,522,522,1287,1287,CONSISTENT
16480,523178,35000,35000,0,0,0,0,0,754706,35,523143,35,525,525,1047,1665,2,0,1031,525,525,525,523,523,16,1,35000,35,35,35,10,1047,10,1047,35000,35,35000,35,754706,35,11881909,0,523000,523000,11866614,11866614,522000,522000,0,0,0,0,524,524,522,522,1665,1665,CONSISTENT
16490,523340,35000,35000,0,0,0,0,0,754706,35,523305,35,525,525,1048,828,1,1000,672,525,525,525,524,524,24,1,35000,35,35,35,10,1048,10,1048,35000,35,35000,35,754706,35,11885658,0,523000,523000,11866614,11866614,523000,523000,0,0,0,0,524,524,523,523,828,828,CONSISTENT
16500,523729,35000,35000,0,0,0,0,0,754706,35,523694,35,526,526,1049,1217,2,0,1062,526,526,526,524,524,4,1,35000,35,35,35,10,1049,10,1049,35000,35,35000,35,754706,35,11894605,0,524000,524000,11889614,11889614,523000,523000,0,0,0,0,525,525,523,523,1217,1217,CONSISTENT
16510,523866,35000,35000,0,0,0,0,0,754706,35,523831,35,526,526,1050,355,1,1000,348,526,526,526,525,525,13,1,35000,35,35,35,10,1050,10,1050,35000,35,35000,35,754706,35,11897779,0,524000,524000,11889614,11889614,524000,524000,0,0,0,0,525,525,524,524,355,355,CONSISTENT
16520,524206,35000,35000,0,0,0,0,0,754706,35,524171,35,526,526,1050,695,1,1000,348,526,526,526,525,525,23,1,35000,35,35,35,10,1050,10,1050,35000,35,35000,35,754706,35,11905599,0,524000,524000,11889614,11889614,524000,524000,0,0,0,0,525,525,524,524,695,695,CONSISTENT
16530,524585,35000,35000,0,0,0,0,0,754706,35,524550,35,527,527,1051,1074,2,0,1050,527,527,527,525,525,0,1,35000,35,35,35,10,1051,10,1051,35000,35,35000,35,754706,35,11914316,0,525000,525000,11912614,11912614,524000,524000,0,0,0,0,526,526,524,524,1074,1074,CONSISTENT
16540,524977,35000,35000,0,0,0,0,0,754706,35,524942,35,527,527,1051,1466,2,0,1050,527,527,527,525,525,10,1,35000,35,35,35,10,1051,10,1051,35000,35,35000,35,754706,35,11923332,0,525000,525000,11912614,11912614,524000,524000,0,0,0,0,526,526,524,524,1468,1469,TORN-PERSISTENT
16550,525264,35000,35000,0,0,0,0,0,754706,35,525229,35,527,527,1052,754,1,1000,749,527,527,527,526,526,20,1,35000,35,35,35,10,1052,10,1052,35000,35,35000,35,754706,35,11929956,0,525000,525000,11912614,11912614,525000,525000,0,0,0,0,526,526,525,525,754,754,CONSISTENT
16560,525526,35000,35000,0,0,0,0,0,754706,35,525491,35,528,528,1053,1016,2,0,1008,528,528,528,526,526,0,1,35000,35,35,35,10,1053,10,1053,35000,35,35000,35,754706,35,11935982,0,526000,526000,11935614,11935614,525000,525000,0,0,0,0,527,527,525,525,1017,1017,CONSISTENT
16570,525916,35000,35000,0,0,0,0,0,754706,35,525881,35,528,528,1053,1406,2,0,1008,528,528,528,526,526,10,1,35000,35,35,35,10,1053,10,1053,35000,35,35000,35,754706,35,11944952,0,526000,526000,11935614,11935614,525000,525000,0,0,0,0,527,527,525,525,1408,1408,CONSISTENT
16580,526123,35000,35000,0,0,0,0,0,754706,35,526088,35,528,528,1054,614,1,1000,609,528,528,528,527,527,20,1,35000,35,35,35,10,1054,10,1054,35000,35,35000,35,754706,35,11949736,0,526000,526000,11935614,11935614,526000,526000,0,0,0,0,527,527,526,526,614,614,CONSISTENT
16590,526503,35000,35000,0,0,0,0,0,754706,35,526468,35,528,528,1054,994,1,1000,609,528,528,528,527,527,30,1,35000,35,35,35,10,1054,10,1054,35000,35,35000,35,754706,35,11958476,0,526000,526000,11935614,11935614,526000,526000,0,0,0,0,527,527,526,526,995,995,CONSISTENT
16600,526858,35000,35000,0,0,0,0,0,754706,35,526823,35,529,529,1055,1349,2,0,1143,529,529,529,527,527,4,1,35000,35,35,35,10,1055,10,1055,35000,35,35000,35,754706,35,11966641,0,527000,527000,11958614,11958614,526000,526000,0,0,0,0,528,528,526,526,1349,1349,CONSISTENT
16610,527194,35000,35000,0,0,0,0,0,754706,35,527159,35,529,529,1056,686,1,1000,683,529,529,529,528,528,14,1,35000,35,35,35,10,1056,10,1056,35000,35,35000,35,754706,35,11974392,0,527000,527000,11958614,11958614,527000,527000,0,0,0,0,528,528,527,527,686,686,CONSISTENT
16620,527447,35000,35000,0,0,0,0,0,754706,35,527412,35,529,529,1056,939,1,1000,683,529,529,529,528,528,24,1,35000,35,35,35,10,1056,10,1056,35000,35,35000,35,754706,35,11980211,0,527000,527000,11958614,11958614,527000,527000,0,0,0,0,528,528,527,527,940,940,CONSISTENT
16630,527830,35000,35000,0,0,0,0,0,754706,35,527795,35,530,530,1057,1322,2,0,1025,530,530,530,528,528,6,1,35000,35,35,35,10,1057,10,1057,35000,35,35000,35,754706,35,11989043,0,528000,528000,11981614,11981614,527000,527000,0,0,0,0,529,529,527,527,1323,1323,CONSISTENT
16640,528212,35000,35000,0,0,0,0,0,754706,35,528177,35,530,530,1057,1704,2,0,1025,530,530,530,528,528,18,1,35000,35,35,35,10,1057,10,1057,35000,35,35000,35,754706,35,11997829,0,528000,528000,11981614,11981614,527000,527000,0,0,0,0,529,529,527,527,1709,1709,CONSISTENT
16650,528404,35000,35000,0,0,0,0,0,754706,35,528369,35,530,530,1058,897,1,1000,877,530,530,530,529,529,26,1,35000,35,35,35,10,1058,10,1058,35000,35,35000,35,754706,35,12002245,0,528000,528000,11981614,11981614,528000,528000,0,0,0,0,529,529,528,528,897,897,CONSISTENT
16660,528767,35000,35000,0,0,0,0,0,754706,35,528732,35,531,531,1059,1260,2,0,1065,531,531,531,529,529,4,1,35000,35,35,35,10,1059,10,1059,35000,35,35000,35,754706,35,12010594,0,529000,529000,12004614,12004614,528000,528000,0,0,0,0,530,530,528,528,1263,1263,CONSISTENT
16670,528982,35000,35000,0,0,0,0,0,754706,35,528947,35,531,531,1060,476,1,1000,471,531,531,531,530,530,14,1,35000,35,35,35,10,1060,10,1060,35000,35,35000,35,754706,35,12015562,0,529000,529000,12004614,12004614,529000,529000,0,0,0,0,530,530,529,529,476,476,CONSISTENT
16680,529353,35000,35000,0,0,0,0,0,754706,35,529318,35,531,531,1060,847,1,1000,471,531,531,531,530,530,24,1,35000,35,35,35,10,1060,10,1060,35000,35,35000,35,754706,35,12024095,0,529000,529000,12004614,12004614,529000,529000,0,0,0,0,530,530,529,529,847,847,CONSISTENT
16690,529739,35000,35000,0,0,0,0,0,754706,35,529704,35,532,532,1061,1233,2,0,1032,532,532,532,530,530,4,1,35000,35,35,35,10,1061,10,1061,35000,35,35000,35,754706,35,12032973,0,530000,530000,12027614,12027614,529000,529000,0,0,0,0,531,531,529,529,1235,1237,TORN-PERSISTENT
16700,530126,35000,35000,0,0,0,0,0,754706,35,530091,35,532,532,1061,1620,2,0,1032,532,532,532,530,530,14,1,35000,35,35,35,10,1061,10,1061,35000,35,35000,35,754706,35,12041920,0,530000,530000,12027614,12027614,529000,530000,0,0,0,0,531,531,529,530,1623,624,TORN-PERSISTENT
16710,530295,35000,35000,0,0,0,0,0,754706,35,530260,35,532,532,1062,790,1,1000,624,532,532,532,531,531,24,1,35000,35,35,35,10,1062,10,1062,35000,35,35000,35,754706,35,12045784,0,530000,530000,12027614,12027614,530000,530000,0,0,0,0,531,531,530,530,796,796,CONSISTENT
16720,530679,35000,35000,0,0,0,0,0,754706,35,530644,35,533,533,1063,1174,2,0,1065,533,533,533,531,531,2,1,35000,35,35,35,10,1063,10,1063,35000,35,35000,35,754706,35,12054616,0,531000,531000,12050614,12050614,530000,530000,0,0,0,0,532,532,530,530,1176,1176,CONSISTENT
16730,530999,35000,35000,0,0,0,0,0,754706,35,530964,35,533,533,1064,495,1,1000,492,533,533,533,532,532,12,1,35000,35,35,35,10,1064,10,1064,35000,35,35000,35,754706,35,12061999,0,531000,531000,12050614,12050614,531000,531000,0,0,0,0,532,532,531,531,495,495,CONSISTENT
16740,531259,35000,35000,0,0,0,0,0,754706,35,531224,35,533,533,1064,755,1,1000,492,533,533,533,532,532,22,1,35000,35,35,35,10,1064,10,1064,35000,35,35000,35,754706,35,12067979,0,531000,531000,12050614,12050614,531000,531000,0,0,0,0,532,532,531,531,755,755,CONSISTENT
16750,531645,35000,35000,0,0,0,0,0,754706,35,531610,35,534,534,1065,1141,2,0,1030,534,534,534,532,532,2,1,35000,35,35,35,10,1065,10,1065,35000,35,35000,35,754706,35,12076857,0,532000,532000,12073614,12073614,531000,531000,0,0,0,0,533,533,531,531,1141,1141,CONSISTENT
16760,531995,35000,35000,0,0,0,0,0,754706,35,531960,35,534,534,1065,1491,2,0,1030,534,534,534,532,532,12,1,35000,35,35,35,10,1065,10,1065,35000,35,35000,35,754706,35,12084907,0,532000,532000,12073614,12073614,531000,531000,0,0,0,0,533,533,531,531,1494,1494,CONSISTENT
16770,532360,35000,35000,0,0,0,0,0,754706,35,532325,35,534,534,1066,857,1,1000,853,534,534,534,533,533,22,1,35000,35,35,35,10,1066,10,1066,35000,35,35000,35,754706,35,12093325,0,532000,532000,12073614,12073614,532000,532000,0,0,0,0,533,533,532,532,857,857,CONSISTENT
16780,532570,35000,35000,0,0,0,0,0,754706,35,532535,35,535,535,1067,1067,2,0,1054,535,535,535,533,533,0,1,35000,35,35,35,10,1067,10,1067,35000,35,35000,35,754706,35,12098155,0,533000,533000,12096614,12096614,532000,532000,0,0,0,0,534,534,532,532,1067,1067,CONSISTENT
16790,532958,35000,35000,0,0,0,0,0,754706,35,532923,35,535,535,1067,1455,2,0,1054,535,535,535,533,533,10,1,35000,35,35,35,10,1067,10,1067,35000,35,35000,35,754706,35,12107079,0,533000,533000,12096614,12096614,532000,532000,0,0,0,0,534,534,532,532,1455,1455,CONSISTENT
16800,533207,35000,35000,0,0,0,0,0,754706,35,533172,35,535,535,1068,705,1,1000,701,535,535,535,534,534,20,1,35000,35,35,35,10,1068,10,1068,35000,35,35000,35,754706,35,12112829,0,533000,533000,12096614,12096614,533000,533000,0,0,0,0,534,534,533,533,705,705,CONSISTENT
16810,533450,35000,35000,0,0,0,0,0,754706,35,533415,35,535,535,1068,948,1,1000,701,535,535,535,534,534,28,1,35000,35,35,35,10,1068,10,1068,35000,35,35000,35,754706,35,12118418,0,533000,533000,12096614,12096614,533000,533000,0,0,0,0,534,534,533,533,950,950,CONSISTENT
16820,533845,35000,35000,0,0,0,0,0,754706,35,533810,35,536,536,1069,1343,2,0,1032,536,536,536,534,534,8,1,35000,35,35,35,10,1069,10,1069,35000,35,35000,35,754706,35,12127526,0,534000,534000,12119614,12119614,533000,533000,0,0,0,0,535,535,533,533,1346,1349,TORN-PERSISTENT
16830,534044,35000,35000,0,0,0,0,0,754706,35,534009,35,536,536,1070,543,1,1000,487,536,536,536,535,535,18,1,35000,35,35,35,10,1070,10,1070,35000,35,35000,35,754706,35,12132103,0,534000,534000,12119614,12119614,534000,534000,0,0,0,0,535,535,534,534,543,543,CONSISTENT
16840,534422,35000,35000,0,0,0,0,0,754706,35,534387,35,536,536,1070,921,1,1000,487,536,536,536,535,535,28,1,35000,35,35,35,10,1070,10,1070,35000,35,35000,35,754706,35,12140797,0,534000,534000,12119614,12119614,534000,534000,0,0,0,0,535,535,534,534,922,923,TORN-PERSISTENT
16850,534815,35000,35000,0,0,0,0,0,754706,35,534780,35,537,537,1071,1314,2,0,1060,537,537,537,535,535,6,1,35000,35,35,35,10,1071,10,1071,35000,35,35000,35,754706,35,12149836,0,535000,535000,12142614,12142614,534000,534000,0,0,0,0,536,536,534,534,1317,1318,TORN-PERSISTENT
16860,535156,35000,35000,0,0,0,0,0,754706,35,535121,35,537,537,1071,1655,2,0,1060,537,537,537,535,535,14,1,35000,35,35,35,10,1071,10,1071,35000,35,35000,35,754706,35,12157679,0,535000,535000,12142614,12142614,534000,534000,0,0,0,0,536,536,534,534,1657,1658,TORN-PERSISTENT
16870,535378,35000,35000,0,0,0,0,0,754706,35,535343,35,537,537,1072,878,1,1000,870,537,537,537,536,536,26,1,35000,35,35,35,10,1072,10,1072,35000,35,35000,35,754706,35,12162808,0,535000,535000,12142614,12142614,535000,535000,0,0,0,0,536,536,535,535,878,878,CONSISTENT
16880,535747,35000,35000,0,0,0,0,0,754706,35,535712,35,538,538,1073,1247,2,0,1034,538,538,538,536,536,4,1,35000,35,35,35,10,1073,10,1073,35000,35,35000,35,754706,35,12171318,0,536000,536000,12165614,12165614,535000,535000,0,0,0,0,537,537,535,535,1249,1249,CONSISTENT
16890,535953,35000,35000,0,0,0,0,0,754706,35,535918,35,538,538,1074,454,1,1000,399,538,538,538,537,537,14,1,35000,35,35,35,10,1074,10,1074,35000,35,35000,35,754706,35,12176056,0,536000,536000,12165614,12165614,536000,536000,0,0,0,0,537,537,536,536,456,456,CONSISTENT
16900,536342,35000,35000,0,0,0,0,0,754706,35,536307,35,538,538,1074,843,1,1000,399,538,538,538,537,537,26,1,35000,35,35,35,10,1074,10,1074,35000,35,35000,35,754706,35,12185003,0,536000,536000,12165614,12165614,536000,536000,0,0,0,0,537,537,536,536,845,845,CONSISTENT
16910,536690,35000,35000,0,0,0,0,0,754706,35,536655,35,539,539,1075,1191,2,0,1071,539,539,539,537,537,2,1,35000,35,35,35,10,1075,10,1075,35000,35,35000,35,754706,35,12193007,0,537000,537000,12188614,12188614,536000,536000,0,0,0,0,538,538,536,536,1191,1191,CONSISTENT
16920,537070,35000,35000,0,0,0,0,0,754706,35,537035,35,539,539,1075,1571,2,0,1071,539,539,539,537,537,12,1,35000,35,35,35,10,1075,10,1075,35000,35,35000,35,754706,35,12201747,0,537000,537000,12188614,12188614,536000,536000,0,0,0,0,538,538,536,536,1575,1576,TORN-PERSISTENT
16930,537273,35000,35000,0,0,0,0,0,754706,35,537238,35,539,539,1076,775,1,1000,609,539,539,539,538,538,22,1,35000,35,35,35,10,1076,10,1076,35000,35,35000,35,754706,35,12206439,0,537000,537000,12188614,12188614,537000,537000,0,0,0,0,538,538,537,537,777,777,CONSISTENT
16940,537658,35000,35000,0,0,0,0,0,754706,35,537623,35,540,540,1077,1160,2,0,1017,540,540,540,538,538,2,1,35000,35,35,35,10,1077,10,1077,35000,35,35000,35,754706,35,12215294,0,538000,538000,12211614,12211614,537000,537000,0,0,0,0,539,539,537,537,1160,1160,CONSISTENT
16950,537987,35000,35000,0,0,0,0,0,754706,35,537952,35,540,540,1078,490,1,1000,485,540,540,540,539,539,12,1,35000,35,35,35,10,1078,10,1078,35000,35,35000,35,754706,35,12222884,0,538000,538000,12211614,12211614,538000,538000,0,0,0,0,539,539,538,538,490,490,CONSISTENT
16960,538250,35000,35000,0,0,0,0,0,754706,35,538215,35,540,540,1078,753,1,1000,485,540,540,540,539,539,22,1,35000,35,35,35,10,1078,10,1078,35000,35,35000,35,754706,35,12228956,0,538000,538000,12211614,12211614,538000,538000,0,0,0,0,539,539,538,538,754,754,CONSISTENT
16970,538598,35000,35000,0,0,0,0,0,754706,35,538563,35,541,541,1079,1101,2,0,1075,541,541,541,539,539,0,1,35000,35,35,35,10,1079,10,1079,35000,35,35000,35,754706,35,12236937,0,539000,539000,12234614,12234614,538000,538000,0,0,0,0,540,540,538,538,1102,1103,TORN-PERSISTENT
16980,538996,35000,35000,0,0,0,0,0,754706,35,538961,35,541,541,1079,1499,2,0,1075,541,541,541,539,539,10,1,35000,35,35,35,10,1079,10,1079,35000,35,35000,35,754706,35,12246091,0,539000,539000,12234614,12234614,538000,538000,0,0,0,0,540,540,538,538,1499,1499,CONSISTENT
16990,539350,35000,35000,0,0,0,0,0,754706,35,539315,35,541,541,1080,854,1,1000,846,541,541,541,540,540,20,1,35000,35,35,35,10,1080,10,1080,35000,35,35000,35,754706,35,12254256,0,539000,539000,12234614,12234614,539000,539000,0,0,0,0,540,540,539,539,854,854,CONSISTENT
17000,539577,35000,35000,0,0,0,0,0,754706,35,539542,35,542,542,1081,1081,2,0,1032,542,542,542,540,540,0,1,35000,35,35,35,10,1081,10,1081,35000,35,35000,35,754706,35,12259477,0,540000,540000,12257614,12257614,539000,539000,0,0,0,0,541,541,539,539,1081,1081,CONSISTENT
17010,539958,35000,35000,0,0,0,0,0,754706,35,539923,35,542,542,1081,1462,2,0,1032,542,542,542,540,540,10,1,35000,35,35,35,10,1081,10,1081,35000,35,35000,35,754706,35,12268240,0,540000,540000,12257614,12257614,539000,539000,0,0,0,0,541,541,539,539,1466,1467,TORN-PERSISTENT
17020,540209,35000,35000,0,0,0,0,0,754706,35,540174,35,542,542,1082,714,1,1000,707,542,542,542,541,541,20,1,35000,35,35,35,10,1082,10,1082,35000,35,35000,35,754706,35,12274036,0,540000,540000,12257614,12257614,540000,540000,0,0,0,0,541,541,540,540,714,714,CONSISTENT
17030,540498,35000,35000,0,0,0,0,0,754706,35,540463,35,542,542,1082,1003,2,1000,707,542,543,542,541,541,30,1,35000,35,35,35,10,1082,10,1082,35000,35,35000,35,754706,35,12280683,0,541000,541000,12280614,12280614,540000,540000,0,0,0,0,542,542,540,540,1004,1004,CONSISTENT
17040,540886,35000,35000,0,0,0,0,0,754706,35,540851,35,543,543,1083,1391,2,0,1068,543,543,543,541,541,8,1,35000,35,35,35,10,1083,10,1083,35000,35,35000,35,754706,35,12289607,0,541000,541000,12280614,12280614,540000,540000,0,0,0,0,542,542,540,540,1393,1393,CONSISTENT
17050,541087,35000,35000,0,0,0,0,0,754706,35,541052,35,543,543,1084,593,1,1000,557,543,543,543,542,542,18,1,35000,35,35,35,10,1084,10,1084,35000,35,35000,35,754706,35,12294276,0,541000,541000,12280614,12280614,541000,541000,0,0,0,0,542,542,541,541,595,595,CONSISTENT
17060,541476,35000,35000,0,0,0,0,0,754706,35,541441,35,543,543,1084,982,1,1000,557,543,543,543,542,542,28,1,35000,35,35,35,10,1084,10,1084,35000,35,35000,35,754706,35,12303223,0,541000,541000,12280614,12280614,541000,541000,0,0,0,0,542,542,541,541,984,984,CONSISTENT
17070,541830,35000,35000,0,0,0,0,0,754706,35,541795,35,544,544,1085,1336,2,0,1027,544,544,544,542,542,8,1,35000,35,35,35,10,1085,10,1085,35000,35,35000,35,754706,35,12311342,0,542000,542000,12303614,12303614,541000,541000,0,0,0,0,543,543,541,541,1336,1336,CONSISTENT
17080,542210,35000,35000,0,0,0,0,0,754706,35,542175,35,544,544,1085,1716,2,0,1027,544,544,544,542,542,18,1,35000,35,35,35,10,1085,10,1085,35000,35,35000,35,754706,35,12320082,0,542000,542000,12303614,12303614,541000,541000,0,0,0,0,543,543,541,541,1717,1717,CONSISTENT
17090,542400,35000,35000,0,0,0,0,0,754706,35,542365,35,544,544,1086,907,1,1000,902,544,544,544,543,543,26,1,35000,35,35,35,10,1086,10,1086,35000,35,35000,35,754706,35,12324475,0,542000,542000,12303614,12303614,542000,542000,0,0,0,0,543,543,542,542,909,909,CONSISTENT
17100,542782,35000,35000,0,0,0,0,0,754706,35,542747,35,545,545,1087,1289,2,0,1067,545,545,545,543,543,4,1,35000,35,35,35,10,1087,10,1087,35000,35,35000,35,754706,35,12333261,0,543000,543000,12326614,12326614,542000,542000,0,0,0,0,544,544,542,542,1289,1289,CONSISTENT
17110,543060,35000,35000,0,0,0,0,0,754706,35,543025,35,545,545,1087,1567,2,0,1067,545,545,545,543,543,14,1,35000,35,35,35,10,1087,10,1087,35000,35,35000,35,754706,35,12339655,0,543000,543000,12326614,12326614,542000,542000,0,0,0,0,544,544,542,542,1568,1568,CONSISTENT
17120,543205,35000,35000,0,0,0,0,0,754706,35,543170,35,545,545,1088,713,1,1000,616,545,545,545,544,544,24,1,35000,35,35,35,10,1088,10,1088,35000,35,35000,35,754706,35,12343013,0,543000,543000,12326614,12326614,543000,543000,0,0,0,0,544,544,543,543,713,713,CONSISTENT
17130,543591,35000,35000,0,0,0,0,0,754706,35,543556,35,546,546,1089,1099,2,0,1001,546,546,546,544,544,2,1,35000,35,35,35,10,1089,10,1089,35000,35,35000,35,754706,35,12351891,0,544000,544000,12349614,12349614,543000,543000,0,0,0,0,545,545,543,543,1102,1102,CONSISTENT
17140,543982,35000,35000,0,0,0,0,0,754706,35,543947,35,546,546,1089,1490,2,0,1001,546,546,546,544,544,12,1,35000,35,35,35,10,1089,10,1089,35000,35,35000,35,754706,35,12360884,0,544000,544000,12349614,12349614,543000,543000,0,0,0,0,545,545,543,543,1490,1490,CONSISTENT
17150,544178,35000,35000,0,0,0,0,0,754706,35,544143,35,546,546,1090,687,1,1000,509,546,546,546,545,545,22,1,35000,35,35,35,10,1090,10,1090,35000,35,35000,35,754706,35,12365415,0,544000,544000,12349614,12349614,544000,544000,0,0,0,0,545,545,544,544,688,688,CONSISTENT
17160,544556,35000,35000,0,0,0,0,0,754706,35,544521,35,547,547,1091,1065,2,0,1046,547,547,547,545,545,0,1,35000,35,35,35,10,1091,10,1091,35000,35,35000,35,754706,35,12374109,0,545000,545000,12372614,12372614,544000,544000,0,0,0,0,546,546,544,544,1065,1065,CONSISTENT
17170,544891,35000,35000,0,0,0,0,0,754706,35,544856,35,547,547,1091,1400,2,0,1046,547,547,547,545,545,8,1,35000,35,35,35,10,1091,10,1091,35000,35,35000,35,754706,35,12381814,0,545000,545000,12372614,12372614,544000,544000,0,0,0,0,546,546,544,544,1400,1400,CONSISTENT
17180,545272,35000,35000,0,0,0,0,0,754706,35,545237,35,547,547,1091,1781,2,0,1046,547,547,547,545,545,18,1,35000,35,35,35,10,1091,10,1091,35000,35,35000,35,754706,35,12390577,0,545000,545000,12372614,12372614,544000,544000,0,0,0,0,546,546,544,544,1784,1787,TORN-PERSISTENT
17190,545474,35000,35000,0,0,0,0,0,754706,35,545439,35,547,547,1092,984,1,1000,890,547,547,547,546,546,30,1,35000,35,35,35,10,1092,10,1092,35000,35,35000,35,754706,35,12395246,0,545000,545000,12372614,12372614,545000,545000,0,0,0,0,546,546,545,545,987,987,CONSISTENT
17200,545854,35000,35000,0,0,0,0,0,754706,35,545819,35,548,548,1093,1364,2,0,1052,548,548,548,546,546,8,1,35000,35,35,35,10,1093,10,1093,35000,35,35000,35,754706,35,12403986,0,546000,546000,12395614,12395614,545000,545000,0,0,0,0,547,547,545,545,1364,1364,CONSISTENT
17210,546240,35000,35000,0,0,0,0,0,754706,35,546205,35,548,548,1093,1750,2,0,1052,548,548,548,546,546,18,1,35000,35,35,35,10,1093,10,1093,35000,35,35000,35,754706,35,12412864,0,546000,546000,12395614,12395614,545000,545000,0,0,0,0,547,547,545,545,1750,1750,CONSISTENT
17220,546434,35000,35000,0,0,0,0,0,754706,35,546399,35,548,548,1094,945,1,1000,811,548,548,548,547,547,28,1,35000,35,35,35,10,1094,10,1094,35000,35,35000,35,754706,35,12417349,0,546000,546000,12395614,12395614,546000,546000,0,0,0,0,547,547,546,546,945,945,CONSISTENT
17230,546768,35000,35000,0,0,0,0,0,754706,35,546733,35,549,549,1095,1279,2,0,1079,549,549,549,547,547,4,1,35000,35,35,35,10,1095,10,1095,35000,35,35000,35,754706,35,12425031,0,547000,547000,12418614,12418614,546000,546000,0,0,0,0,548,548,546,546,1280,1280,CONSISTENT
17240,547145,35000,35000,0,0,0,0,0,754706,35,547110,35,549,549,1095,1656,2,0,1079,549,549,549,547,547,14,1,35000,35,35,35,10,1095,10,1095,35000,35,35000,35,754706,35,12433702,0,547000,547000,12418614,12418614,546000,546000,0,0,0,0,548,548,546,546,1659,1659,CONSISTENT
17250,547346,35000,35000,0,0,0,0,0,754706,35,547311,35,549,549,1096,858,1,1000,716,549,549,549,548,548,24,1,35000,35,35,35,10,1096,10,1096,35000,35,35000,35,754706,35,12438348,0,547000,547000,12418614,12418614,547000,547000,0,0,0,0,548,548,547,547,863,863,CONSISTENT
17260,547718,35000,35000,0,0,0,0,0,754706,35,547683,35,550,550,1097,1230,2,0,1015,550,550,550,548,548,4,1,35000,35,35,35,10,1097,10,1097,35000,35,35000,35,754706,35,12446927,0,548000,548000,12441614,12441614,547000,547000,0,0,0,0,549,549,547,547,1232,1232,CONSISTENT
17270,548073,35000,35000,0,0,0,0,0,754706,35,548038,35,550,550,1098,586,1,1000,578,550,550,550,549,549,16,1,35000,35,35,35,10,1098,10,1098,35000,35,35000,35,754706,35,12455092,0,548000,548000,12441614,12441614,548000,548000,0,0,0,0,549,549,548,548,586,586,CONSISTENT
17280,548264,35000,35000,0,0,0,0,0,754706,35,548229,35,550,550,1098,777,1,1000,578,550,550,550,549,549,24,1,35000,35,35,35,10,1098,10,1098,35000,35,35000,35,754706,35,12459485,0,548000,548000,12441614,12441614,548000,548000,0,0,0,0,549,549,548,548,777,777,CONSISTENT
17290,548640,35000,35000,0,0,0,0,0,754706,35,548605,35,551,551,1099,1153,2,0,1030,551,551,551,549,549,2,1,35000,35,35,35,10,1099,10,1099,35000,35,35000,35,754706,35,12468133,0,549000,549000,12464614,12464614,548000,548000,0,0,0,0,550,550,548,548,1153,1153,CONSISTENT
17300,549023,35000,35000,0,0,0,0,0,754706,35,548988,35,551,551,1099,1536,2,0,1030,551,551,551,549,549,12,1,35000,35,35,35,10,1099,10,1099,35000,35,35000,35,754706,35,12476942,0,549000,549000,12464614,12464614,548000,548000,0,0,0,0,550,550,548,548,1537,1537,CONSISTENT
17310,549402,35000,35000,0,0,0,0,0,754706,35,549367,35,551,551,1099,1915,2,0,1030,551,551,551,549,549,22,1,35000,35,35,35,10,1099,10,1099,35000,35,35000,35,754706,35,12485659,0,549000,549000,12464614,12464614,548000,548000,0,0,0,0,550,550,548,548,1917,1917,CONSISTENT
17320,549602,35000,35000,0,0,0,0,0,754706,35,549567,35,552,552,1101,1116,2,0,1067,552,552,552,550,550,0,1,35000,35,35,35,10,1101,10,1101,35000,35,35000,35,754706,35,12490282,0,550000,550000,12487614,12487614,549000,549000,0,0,0,0,551,551,549,549,1117,1117,CONSISTENT
17330,549958,35000,35000,0,0,0,0,0,754706,35,549923,35,552,552,1101,1472,2,0,1067,552,552,552,550,550,10,1,35000,35,35,35,10,1101,10,1101,35000,35,35000,35,754706,35,12498470,0,550000,550000,12487614,12487614,549000,549000,0,0,0,0,551,551,549,549,1472,1472,CONSISTENT
17340,550156,35000,35000,0,0,0,0,0,754706,35,550121,35,552,552,1102,671,1,1000,473,552,552,552,551,551,20,1,35000,35,35,35,10,1102,10,1102,35000,35,35000,35,754706,35,12503047,0,550000,550000,12487614,12487614,550000,550000,0,0,0,0,551,551,550,550,672,672,CONSISTENT
17350,550544,35000,35000,0,0,0,0,0,754706,35,550509,35,553,553,1103,1059,2,0,1023,553,553,553,551,551,0,1,35000,35,35,35,10,1103,10,1103,35000,35,35000,35,754706,35,12511971,0,551000,551000,12510614,12510614,550000,550000,0,0,0,0,552,552,550,550,1059,1059,CONSISTENT
17360,550922,35000,35000,0,0,0,0,0,754706,35,550887,35,553,553,1103,1437,2,0,1023,553,553,553,551,551,10,1,35000,35,35,35,10,1103,10,1103,35000,35,35000,35,754706,35,12520665,0,551000,551000,12510614,12510614,550000,550000,0,0,0,0,552,552,550,550,1437,1437,CONSISTENT
17370,551164,35000,35000,0,0,0,0,0,754706,35,551129,35,553,553,1104,680,1,1000,676,553,553,553,552,552,20,1,35000,35,35,35,10,1104,10,1104,35000,35,35000,35,754706,35,12526254,0,551000,551000,12510614,12510614,551000,551000,0,0,0,0,552,552,551,551,680,680,CONSISTENT
17380,551497,35000,35000,0,0,0,0,0,754706,35,551462,35,553,553,1104,1013,2,1000,676,553,554,553,552,552,30,1,35000,35,35,35,10,1104,10,1104,35000,35,35000,35,754706,35,12533913,0,552000,552000,12533614,12533614,551000,551000,0,0,0,0,553,553,551,551,1013,1013,CONSISTENT
17390,551834,35000,35000,0,0,0,0,0,754706,35,551799,35,554,554,1105,1350,2,0,1056,554,554,554,552,552,6,1,35000,35,35,35,10,1105,10,1105,35000,35,35000,35,754706,35,12541687,0,552000,552000,12533614,12533614,551000,551000,0,0,0,0,553,553,551,551,1356,1356,CONSISTENT
17400,552028,35000,35000,0,0,0,0,0,754706,35,551993,35,554,554,1106,545,1,1000,502,554,554,554,553,553,18,1,35000,35,35,35,10,1106,10,1106,35000,35,35000,35,754706,35,12546149,0,552000,552000,12533614,12533614,552000,552000,0,0,0,0,553,553,552,552,545,545,CONSISTENT
17410,552300,35000,35000,0,0,0,0,0,754706,35,552265,35,554,554,1106,817,1,1000,502,554,554,554,553,553,27,1,35000,35,35,35,10,1106,10,1106,35000,35,35000,35,754706,35,12552405,0,552000,552000,12533614,12533614,552000,552000,0,0,0,0,553,553,552,552,817,817,CONSISTENT
17420,552678,35000,35000,0,0,0,0,0,754706,35,552643,35,555,555,1107,1195,2,0,1077,555,555,555,553,553,2,1,35000,35,35,35,10,1107,10,1107,35000,35,35000,35,754706,35,12561099,0,553000,553000,12556614,12556614,552000,552000,0,0,0,0,554,554,552,552,1195,1195,CONSISTENT
17430,553063,35000,35000,0,0,0,0,0,754706,35,553028,35,555,555,1107,1580,2,0,1077,555,555,555,553,553,12,1,35000,35,35,35,10,1107,10,1107,35000,35,35000,35,754706,35,12569954,0,553000,553000,12556614,12556614,552000,552000,0,0,0,0,554,554,552,552,1582,1582,CONSISTENT
17440,553221,35000,35000,0,0,0,0,0,754706,35,553186,35,555,555,1108,739,1,1000,705,555,555,555,554,554,20,1,35000,35,35,35,10,1108,10,1108,35000,35,35000,35,754706,35,12573611,0,553000,553000,12556614,12556614,553000,553000,0,0,0,0,554,554,553,553,742,742,CONSISTENT
17450,553599,35000,35000,0,0,0,0,0,754706,35,553564,35,556,556,1109,1118,2,0,1048,556,556,556,554,554,2,1,35000,35,35,35,10,1109,10,1109,35000,35,35000,35,754706,35,12582328,0,554000,554000,12579614,12579614,553000,553000,0,0,0,0,555,555,553,553,1118,1118,CONSISTENT
17460,553983,35000,35000,0,0,0,0,0,754706,35,553948,35,556,556,1109,1501,2,0,1048,556,556,556,554,554,12,1,35000,35,35,35,10,1109,10,1109,35000,35,35000,35,754706,35,12591137,0,554000,554000,12579614,12579614,553000,553000,0,0,0,0,555,555,553,553,1502,1502,CONSISTENT
17470,554187,35000,35000,0,0,0,0,0,754706,35,554152,35,556,556,1110,706,1,1000,564,556,556,556,555,555,22,1,35000,35,35,35,10,1110,10,1110,35000,35,35000,35,754706,35,12595852,0,554000,554000,12579614,12579614,554000,554000,0,0,0,0,555,555,554,554,707,707,CONSISTENT
17480,554564,35000,35000,0,0,0,0,0,754706,35,554529,35,557,557,1111,1083,2,0,1062,557,557,557,555,555,0,1,35000,35,35,35,10,1111,10,1111,35000,35,35000,35,754706,35,12604523,0,555000,555000,12602614,12602614,554000,554000,0,0,0,0,556,556,554,554,1086,1087,TORN-PERSISTENT
17490,554915,35000,35000,0,0,0,0,0,754706,35,554880,35,557,557,1111,1434,2,0,1062,557,557,557,555,555,8,1,35000,35,35,35,10,1111,10,1111,35000,35,35000,35,754706,35,12612596,0,555000,555000,12602614,12602614,554000,554000,0,0,0,0,556,556,554,554,1438,1438,CONSISTENT
17500,555114,35000,35000,0,0,0,0,0,754706,35,555079,35,557,557,1112,634,1,1000,529,557,557,557,556,556,18,1,35000,35,35,35,10,1112,10,1112,35000,35,35000,35,754706,35,12617196,0,555000,555000,12602614,12602614,555000,555000,0,0,0,0,556,556,555,555,639,639,CONSISTENT
17510,555508,35000,35000,0,0,0,0,0,754706,35,555473,35,557,557,1112,1028,2,1000,529,557,558,557,556,556,28,1,35000,35,35,35,10,1112,10,1112,35000,35,35000,35,754706,35,12626258,0,556000,556000,12625614,12625614,555000,555000,0,0,0,0,557,557,555,555,1028,1028,CONSISTENT
17520,555892,35000,35000,0,0,0,0,0,754706,35,555857,35,558,558,1113,1412,2,0,1044,558,558,558,556,556,8,1,35000,35,35,35,10,1113,10,1113,35000,35,35000,35,754706,35,12635090,0,556000,556000,12625614,12625614,555000,555000,0,0,0,0,557,557,555,555,1412,1412,CONSISTENT
17530,556272,35000,35000,0,0,0,0,0,754706,35,556237,35,558,558,1114,793,1,1000,791,558,558,558,557,557,19,1,35000,35,35,35,10,1114,10,1114,35000,35,35000,35,754706,35,12643853,0,556000,556000,12625614,12625614,556000,556000,0,0,0,0,557,557,556,556,794,794,CONSISTENT
17540,556440,35000,35000,0,0,0,0,0,754706,35,556405,35,558,558,1114,961,1,1000,791,558,558,558,557,557,28,1,35000,35,35,35,10,1114,10,1114,35000,35,35000,35,754706,35,12647717,0,556000,556000,12625614,12625614,556000,556000,0,0,0,0,557,557,556,556,964,965,TORN-PERSISTENT
17550,556824,35000,35000,0,0,0,0,0,754706,35,556789,35,559,559,1115,1345,2,0,1063,559,559,559,557,557,6,1,35000,35,35,35,10,1115,10,1115,35000,35,35000,35,754706,35,12656549,0,557000,557000,12648614,12648614,556000,556000,0,0,0,0,558,558,556,556,1348,1348,CONSISTENT
17560,557133,35000,35000,0,0,0,0,0,754706,35,557098,35,559,559,1116,655,1,1000,653,559,559,559,558,558,16,1,35000,35,35,35,10,1116,10,1116,35000,35,35000,35,754706,35,12663679,0,557000,557000,12648614,12648614,557000,557000,0,0,0,0,558,558,557,557,655,655,CONSISTENT
17570,557416,35000,35000,0,0,0,0,0,754706,35,557381,35,559,559,1116,938,1,1000,653,559,559,559,558,558,26,1,35000,35,35,35,10,1116,10,1116,35000,35,35000,35,754706,35,12670188,0,557000,557000,12648614,12648614,557000,557000,0,0,0,0,558,558,557,557,938,938,CONSISTENT
17580,557795,35000,35000,0,0,0,0,0,754706,35,557760,35,560,560,1117,1317,2,0,1039,560,560,560,558,558,6,1,35000,35,35,35,10,1117,10,1117,35000,35,35000,35,754706,35,12678905,0,558000,558000,12671614,12671614,557000,557000,0,0,0,0,559,559,557,557,1318,1318,CONSISTENT
17590,558107,35000,35000,0,0,0,0,0,754706,35,558072,35,560,560,1118,630,1,1000,619,560,560,560,559,559,16,1,35000,35,35,35,10,1118,10,1118,35000,35,35000,35,754706,35,12686104,0,558000,558000,12671614,12671614,558000,558000,0,0,0,0,559,559,558,558,630,630,CONSISTENT
17600,558338,35000,35000,0,0,0,0,0,754706,35,558303,35,560,560,1118,861,1,1000,619,560,560,560,559,559,26,1,35000,35,35,35,10,1118,10,1118,35000,35,35000,35,754706,35,12691417,0,558000,558000,12671614,12671614,558000,558000,0,0,0,0,559,559,558,558,866,866,CONSISTENT
17610,558721,35000,35000,0,0,0,0,0,754706,35,558686,35,561,561,1119,1244,2,0,1059,561,561,561,559,559,4,1,35000,35,35,35,10,1119,10,1119,35000,35,35000,35,754706,35,12700226,0,559000,559000,12694614,12694614,558000,558000,0,0,0,0,560,560,558,558,1245,1245,CONSISTENT
17620,559105,35000,35000,0,0,0,0,0,754706,35,559070,35,561,561,1119,1628,2,0,1059,561,561,561,559,559,14,1,35000,35,35,35,10,1119,10,1119,35000,35,35000,35,754706,35,12709058,0,559000,559000,12694614,12694614,558000,558000,0,0,0,0,560,560,558,558,1629,1629,CONSISTENT
17630,559362,35000,35000,0,0,0,0,0,754706,35,559327,35,561,561,1120,886,1,1000,880,561,561,561,560,560,24,1,35000,35,35,35,10,1120,10,1120,35000,35,35000,35,754706,35,12714992,0,559000,559000,12694614,12694614,559000,559000,0,0,0,0,560,560,559,559,886,886,CONSISTENT
17641,559687,35000,35000,0,0,0,0,0,754706,35,559652,35,562,562,1121,1211,2,0,1008,562,562,562,560,560,4,1,35000,35,35,35,10,1121,10,1121,35000,35,35000,35,754706,35,12722467,0,560000,560000,12717614,12717614,559000,559000,0,0,0,0,561,561,559,559,1211,1211,CONSISTENT
17650,560035,35000,35000,0,0,0,0,0,754706,35,560000,35,562,562,1121,1559,2,0,1008,562,562,562,560,560,14,1,35000,35,35,35,10,1121,10,1121,35000,35,35000,35,754706,35,12730471,0,560000,560000,12717614,12717614,559000,559000,0,0,0,0,561,561,559,559,1559,1559,CONSISTENT
17660,560233,35000,35000,0,0,0,0,0,754706,35,560198,35,562,562,1122,758,1,1000,720,562,562,562,561,561,24,1,35000,35,35,35,10,1122,10,1122,35000,35,35000,35,754706,35,12735048,0,560000,560000,12717614,12717614,560000,560000,0,0,0,0,561,561,560,560,758,758,CONSISTENT
17670,560616,35000,35000,0,0,0,0,0,754706,35,560581,35,563,563,1123,1141,2,0,1046,563,563,563,561,561,2,1,35000,35,35,35,10,1123,10,1123,35000,35,35000,35,754706,35,12743857,0,561000,561000,12740614,12740614,560000,560000,0,0,0,0,562,562,560,560,1141,1141,CONSISTENT
17680,560999,35000,35000,0,0,0,0,0,754706,35,560964,35,563,563,1123,1524,2,0,1046,563,563,563,561,561,12,1,35000,35,35,35,10,1123,10,1123,35000,35,35000,35,754706,35,12752666,0,561000,561000,12740614,12740614,560000,560000,0,0,0,0,562,562,560,560,1526,1526,CONSISTENT
17690,561200,35000,35000,0,0,0,0,0,754706,35,561165,35,563,563,1124,726,1,1000,615,563,563,563,562,562,22,1,35000,35,35,35,10,1124,10,1124,35000,35,35000,35,754706,35,12757312,0,561000,561000,12740614,12740614,561000,561000,0,0,0,0,562,562,561,561,729,729,CONSISTENT
17700,561547,35000,35000,0,0,0,0,0,754706,35,561512,35,563,563,1124,1073,2,1000,615,563,564,563,562,562,30,1,35000,35,35,35,10,1124,10,1124,35000,35,35000,35,754706,35,12765293,0,562000,562000,12763614,12763614,561000,561000,0,0,0,0,563,563,561,561,1075,1076,TORN-PERSISTENT
17710,561820,35000,35000,0,0,0,0,0,754706,35,561785,35,564,564,1125,1346,2,0,1077,564,564,564,562,562,9,1,35000,35,35,35,10,1125,10,1125,35000,35,35000,35,754706,35,12771595,0,562000,562000,12763614,12763614,561000,561000,0,0,0,0,563,563,561,561,1349,1349,CONSISTENT
17720,562094,35000,35000,0,0,0,0,0,754706,35,562059,35,564,564,1126,621,1,1000,619,564,564,564,563,563,20,1,35000,35,35,35,10,1126,10,1126,35000,35,35000,35,754706,35,12777897,0,562000,562000,12763614,12763614,562000,562000,0,0,0,0,563,563,562,562,621,621,CONSISTENT
17730,562398,35000,35000,0,0,0,0,0,754706,35,562363,35,564,564,1126,925,1,1000,619,564,564,564,563,563,30,1,35000,35,35,35,10,1126,10,1126,35000,35,35000,35,754706,35,12784889,0,562000,562000,12763614,12763614,562000,562000,0,0,0,0,563,563,562,562,925,925,CONSISTENT
17740,562784,35000,35000,0,0,0,0,0,754706,35,562749,35,565,565,1127,1311,2,0,1059,565,565,565,563,563,6,1,35000,35,35,35,10,1127,10,1127,35000,35,35000,35,754706,35,12793813,0,563000,563000,12786614,12786614,562000,562000,0,0,0,0,564,564,562,562,1313,1313,CONSISTENT
17750,563069,35000,35000,0,0,0,0,0,754706,35,563034,35,565,565,1128,597,1,1000,588,565,565,565,564,564,14,1,35000,35,35,35,10,1128,10,1128,35000,35,35000,35,754706,35,12800345,0,563000,563000,12786614,12786614,563000,563000,0,0,0,0,564,564,563,563,597,597,CONSISTENT
17760,563322,35000,35000,0,0,0,0,0,754706,35,563287,35,565,565,1128,850,1,1000,588,565,565,565,564,564,26,1,35000,35,35,35,10,1128,10,1128,35000,35,35000,35,754706,35,12806164,0,563000,563000,12786614,12786614,563000,563000,0,0,0,0,564,564,563,563,853,853,CONSISTENT
17770,563716,35000,35000,0,0,0,0,0,754706,35,563681,35,566,566,1129,1244,2,0,1005,566,566,566,564,564,6,1,35000,35,35,35,10,1129,10,1129,35000,35,35000,35,754706,35,12815226,0,564000,564000,12809614,12809614,563000,563000,0,0,0,0,565,565,563,563,1245,1245,CONSISTENT
17780,564105,35000,35000,0,0,0,0,0,754706,35,564070,35,566,566,1129,1633,2,0,1005,566,566,566,564,564,16,1,35000,35,35,35,10,1129,10,1129,35000,35,35000,35,754706,35,12824173,0,564000,564000,12809614,12809614,563000,563000,0,0,0,0,565,565,563,563,1635,1636,TORN-PERSISTENT
17790,564305,35000,35000,0,0,0,0,0,754706,35,564270,35,566,566,1130,835,1,1000,674,566,566,566,565,565,26,1,35000,35,35,35,10,1130,10,1130,35000,35,35000,35,754706,35,12828819,0,564000,564000,12809614,12809614,564000,564000,0,0,0,0,565,565,564,564,836,836,CONSISTENT
17800,564655,35000,35000,0,0,0,0,0,754706,35,564620,35,567,567,1131,1184,2,0,1058,567,567,567,565,565,2,1,35000,35,35,35,10,1131,10,1131,35000,35,35000,35,754706,35,12836869,0,565000,565000,12832614,12832614,564000,564000,0,0,0,0,566,566,564,564,1185,1185,CONSISTENT
17810,565036,35000,35000,0,0,0,0,0,754706,35,565001,35,567,567,1131,1565,2,0,1058,567,567,567,565,565,12,1,35000,35,35,35,10,1131,10,1131,35000,35,35000,35,754706,35,12845609,0,565000,565000,12832614,12832614,564000,564000,0,0,0,0,566,566,564,564,1565,1565,CONSISTENT
17820,565316,35000,35000,0,0,0,0,0,754706,35,565281,35,567,567,1132,846,1,1000,839,567,567,567,566,566,22,1,35000,35,35,35,10,1132,10,1132,35000,35,35000,35,754706,35,12852072,0,565000,565000,12832614,12832614,565000,565000,0,0,0,0,566,566,565,565,846,846,CONSISTENT
17830,565618,35000,35000,0,0,0,0,0,754706,35,565583,35,568,568,1133,1148,2,0,1007,568,568,568,566,566,2,1,35000,35,35,35,10,1133,10,1133,35000,35,35000,35,754706,35,12859041,0,566000,566000,12855614,12855614,565000,565000,0,0,0,0,567,567,565,565,1152,1152,CONSISTENT
17840,565999,35000,35000,0,0,0,0,0,754706,35,565964,35,568,568,1133,1529,2,0,1007,568,568,568,566,566,14,1,35000,35,35,35,10,1133,10,1133,35000,35,35000,35,754706,35,12867781,0,566000,566000,12855614,12855614,565000,565000,0,0,0,0,567,567,565,565,1530,1530,CONSISTENT
17850,566172,35000,35000,0,0,0,0,0,754706,35,566137,35,568,568,1134,703,1,1000,695,568,568,568,567,567,22,1,35000,35,35,35,10,1134,10,1134,35000,35,35000,35,754706,35,12871783,0,566000,566000,12855614,12855614,566000,566000,0,0,0,0,567,567,566,566,703,703,CONSISTENT
17860,566540,35000,35000,0,0,0,0,0,754706,35,566505,35,569,569,1135,1071,2,0,1038,569,569,569,567,567,0,1,35000,35,35,35,10,1135,10,1135,35000,35,35000,35,754706,35,12880270,0,567000,567000,12878614,12878614,566000,566000,0,0,0,0,568,568,566,566,1073,1073,CONSISTENT
17870,566933,35000,35000,0,0,0,0,0,754706,35,566898,35,569,569,1135,1464,2,0,1038,569,569,569,567,567,10,1,35000,35,35,35,10,1135,10,1135,35000,35,35000,35,754706,35,12889286,0,567000,567000,12878614,12878614,566000,566000,0,0,0,0,568,568,566,566,1465,1466,TORN-PERSISTENT
17880,567135,35000,35000,0,0,0,0,0,754706,35,567100,35,569,569,1136,667,1,1000,556,569,569,569,568,568,20,1,35000,35,35,35,10,1136,10,1136,35000,35,35000,35,754706,35,12893978,0,567000,567000,12878614,12878614,567000,567000,0,0,0,0,568,568,567,567,668,668,CONSISTENT
17890,567514,35000,35000,0,0,0,0,0,754706,35,567479,35,569,569,1136,1046,2,1000,556,569,570,569,568,568,30,1,35000,35,35,35,10,1136,10,1136,35000,35,35000,35,754706,35,12902695,0,568000,568000,12901614,12901614,567000,567000,0,0,0,0,569,569,567,567,1048,1049,TORN-PERSISTENT
17900,567865,35000,35000,0,0,0,0,0,754706,35,567830,35,570,570,1137,1397,2,0,1070,570,570,570,568,568,8,1,35000,35,35,35,10,1137,10,1137,35000,35,35000,35,754706,35,12910768,0,568000,568000,12901614,12901614,567000,567000,0,0,0,0,569,569,567,567,1399,1399,CONSISTENT
17910,568251,35000,35000,0,0,0,0,0,754706,35,568216,35,570,570,1137,1783,2,0,1070,570,570,570,568,568,18,1,35000,35,35,35,10,1137,10,1137,35000,35,35000,35,754706,35,12919623,0,568000,568000,12901614,12901614,567000,567000,0,0,0,0,569,569,567,567,1783,1783,CONSISTENT
17920,568453,35000,35000,0,0,0,0,0,754706,35,568418,35,570,570,1138,986,1,1000,904,570,570,570,569,569,28,1,35000,35,35,35,10,1138,10,1138,35000,35,35000,35,754706,35,12924292,0,568000,568000,12901614,12901614,568000,568000,0,0,0,0,569,569,568,568,986,986,CONSISTENT
17930,568843,35000,35000,0,0,0,0,0,754706,35,568808,35,571,571,1139,1376,2,0,1125,571,571,571,569,569,6,1,35000,35,35,35,10,1139,10,1139,35000,35,35000,35,754706,35,12933262,0,569000,569000,12924614,12924614,568000,568000,0,0,0,0,570,570,568,568,1380,1380,CONSISTENT
17940,569216,35000,35000,0,0,0,0,0,754706,35,569181,35,571,571,1140,750,1,1000,745,571,571,571,570,570,16,1,35000,35,35,35,10,1140,10,1140,35000,35,35000,35,754706,35,12941864,0,569000,569000,12924614,12924614,569000,569000,0,0,0,0,570,570,569,569,750,750,CONSISTENT
17950,569375,35000,35000,0,0,0,0,0,754706,35,569340,35,571,571,1140,909,1,1000,745,571,571,571,570,570,24,1,35000,35,35,35,10,1140,10,1140,35000,35,35000,35,754706,35,12945544,0,569000,569000,12924614,12924614,569000,569000,0,0,0,0,570,570,569,569,911,911,CONSISTENT
17960,569754,35000,35000,0,0,0,0,0,754706,35,569719,35,572,572,1141,1288,2,0,1057,572,572,572,570,570,6,1,35000,35,35,35,10,1141,10,1141,35000,35,35000,35,754706,35,12954238,0,570000,570000,12947614,12947614,569000,569000,0,0,0,0,571,571,569,569,1288,1288,CONSISTENT
17970,570070,35000,35000,0,0,0,0,0,754706,35,570035,35,572,572,1142,605,1,1000,600,572,572,572,571,571,16,1,35000,35,35,35,10,1142,10,1142,35000,35,35000,35,754706,35,12961529,0,570000,570000,12947614,12947614,570000,570000,0,0,0,0,571,571,570,570,605,605,CONSISTENT
17980,570331,35000,35000,0,0,0,0,0,754706,35,570296,35,572,572,1142,866,1,1000,600,572,572,572,571,571,26,1,35000,35,35,35,10,1142,10,1142,35000,35,35000,35,754706,35,12967532,0,570000,570000,12947614,12947614,570000,570000,0,0,0,0,571,571,570,570,868,870,TORN-PERSISTENT
17990,570725,35000,35000,0,0,0,0,0,754706,35,570690,35,573,573,1143,1260,2,0,1008,573,573,573,571,571,6,1,35000,35,35,35,10,1143,10,1143,35000,35,35000,35,754706,35,12976594,0,571000,571000,12970614,12970614,570000,570000,0,0,0,0,572,572,570,570,1262,1264,TORN-PERSISTENT
18000,570918,35000,35000,0,0,0,0,0,754706,35,570883,35,573,573,1144,454,1,1000,448,573,573,573,572,572,14,1,35000,35,35,35,10,1144,10,1144,35000,35,35000,35,754706,35,12981056,0,571000,571000,12970614,12970614,571000,571000,0,0,0,0,572,572,571,571,454,454,CONSISTENT
18010,571165,35000,35000,0,0,0,0,0,754706,35,571130,35,573,573,1144,701,1,1000,448,573,573,573,572,572,25,1,35000,35,35,35,10,1144,10,1144,35000,35,35000,35,754706,35,12986760,0,571000,571000,12970614,12970614,571000,571000,0,0,0,0,572,572,571,571,706,706,CONSISTENT
18020,571553,35000,35000,0,0,0,0,0,754706,35,571518,35,574,574,1145,1089,2,0,1058,574,574,574,572,572,0,1,35000,35,35,35,10,1145,10,1145,35000,35,35000,35,754706,35,12995661,0,572000,572000,12993614,12993614,571000,571000,0,0,0,0,573,573,571,571,1090,1091,TORN-PERSISTENT
18030,571945,35000,35000,0,0,0,0,0,754706,35,571910,35,574,574,1145,1481,2,0,1058,574,574,574,572,572,10,1,35000,35,35,35,10,1145,10,1145,35000,35,35000,35,754706,35,13004677,0,572000,572000,12993614,12993614,571000,571000,0,0,0,0,573,573,571,571,1481,1481,CONSISTENT
18040,572141,35000,35000,0,0,0,0,0,754706,35,572106,35,574,574,1146,678,1,1000,597,574,574,574,573,573,20,1,35000,35,35,35,10,1146,10,1146,35000,35,35000,35,754706,35,13009208,0,572000,572000,12993614,12993614,572000,572000,0,0,0,0,573,573,572,572,679,679,CONSISTENT
18050,572490,35000,35000,0,0,0,0,0,754706,35,572455,35,575,575,1147,1027,2,0,1010,575,575,575,573,573,0,1,35000,35,35,35,10,1147,10,1147,35000,35,35000,35,754706,35,13017235,0,573000,573000,13016614,13016614,572000,572000,0,0,0,0,574,574,572,572,1028,1028,CONSISTENT
18060,572866,35000,35000,0,0,0,0,0,754706,35,572831,35,575,575,1147,1403,2,0,1010,575,575,575,573,573,10,1,35000,35,35,35,10,1147,10,1147,35000,35,35000,35,754706,35,13025883,0,573000,573000,13016614,13016614,572000,572000,0,0,0,0,574,574,572,572,1406,1407,TORN-PERSISTENT
18070,573247,35000,35000,0,0,0,0,0,754706,35,573212,35,575,575,1147,1784,2,0,1010,575,575,575,573,573,20,1,35000,35,35,35,10,1147,10,1147,35000,35,35000,35,754706,35,13034646,0,573000,573000,13016614,13016614,572000,572000,0,0,0,0,574,574,572,572,1785,1785,CONSISTENT
18080,573443,35000,35000,0,0,0,0,0,754706,35,573408,35,575,575,1148,981,1,1000,881,575,575,575,574,574,30,1,35000,35,35,35,10,1148,10,1148,35000,35,35000,35,754706,35,13039177,0,573000,573000,13016614,13016614,573000,573000,0,0,0,0,574,574,573,573,981,981,CONSISTENT
18090,573835,35000,35000,0,0,0,0,0,754706,35,573800,35,576,576,1149,1373,2,0,1042,576,576,576,574,574,8,1,35000,35,35,35,10,1149,10,1149,35000,35,35000,35,754706,35,13048193,0,574000,574000,13039614,13039614,573000,573000,0,0,0,0,575,575,573,573,1373,1373,CONSISTENT
18100,574203,35000,35000,0,0,0,0,0,754706,35,574168,35,576,576,1149,1741,2,0,1042,576,576,576,574,574,18,1,35000,35,35,35,10,1149,10,1149,35000,35,35000,35,754706,35,13056680,0,574000,574000,13039614,13039614,573000,573000,0,0,0,0,575,575,573,573,1742,1742,CONSISTENT
18110,574371,35000,35000,0,0,0,0,0,754706,35,574336,35,576,576,1150,910,1,1000,800,576,576,576,575,575,26,1,35000,35,35,35,10,1150,10,1150,35000,35,35000,35,754706,35,13060544,0,574000,574000,13039614,13039614,574000,574000,0,0,0,0,575,575,574,574,912,913,TORN-PERSISTENT
18120,574753,35000,35000,0,0,0,0,0,754706,35,574718,35,577,577,1151,1292,2,0,1067,577,577,577,575,575,6,1,35000,35,35,35,10,1151,10,1151,35000,35,35000,35,754706,35,13069330,0,575000,575000,13062614,13062614,574000,574000,0,0,0,0,576,576,574,574,1294,1294,CONSISTENT
18130,575116,35000,35000,0,0,0,0,0,754706,35,575081,35,577,577,1152,656,1,1000,652,577,577,577,576,576,16,1,35000,35,35,35,10,1152,10,1152,35000,35,35000,35,754706,35,13077702,0,575000,575000,13062614,13062614,575000,575000,0,0,0,0,576,576,575,575,656,656,CONSISTENT
18140,575327,35000,35000,0,0,0,0,0,754706,35,575292,35,577,577,1152,867,1,1000,652,577,577,577,576,576,24,1,35000,35,35,35,10,1152,10,1152,35000,35,35000,35,754706,35,13082555,0,575000,575000,13062614,13062614,575000,575000,0,0,0,0,576,576,575,575,868,869,TORN-PERSISTENT
18150,575711,35000,35000,0,0,0,0,0,754706,35,575676,35,578,578,1153,1251,2,0,1026,578,578,578,576,576,4,1,35000,35,35,35,10,1153,10,1153,35000,35,35000,35,754706,35,13091387,0,576000,576000,13085614,13085614,575000,575000,0,0,0,0,577,577,575,575,1252,1252,CONSISTENT
18160,576000,35000,35000,0,0,0,0,0,754706,35,575965,35,578,578,1154,541,1,1000,531,578,578,578,577,577,14,1,35000,35,35,35,10,1154,10,1154,35000,35,35000,35,754706,35,13098057,0,576000,576000,13085614,13085614,576000,576000,0,0,0,0,577,577,576,576,541,541,CONSISTENT
18170,576261,35000,35000,0,0,0,0,0,754706,35,576226,35,578,578,1154,802,1,1000,531,578,578,578,577,577,24,1,35000,35,35,35,10,1154,10,1154,35000,35,35000,35,754706,35,13104060,0,576000,576000,13085614,13085614,576000,576000,0,0,0,0,577,577,576,576,803,803,CONSISTENT
18180,576646,35000,35000,0,0,0,0,0,754706,35,576611,35,579,579,1155,1187,2,0,1053,579,579,579,577,577,2,1,35000,35,35,35,10,1155,10,1155,35000,35,35000,35,754706,35,13112938,0,577000,577000,13108614,13108614,576000,576000,0,0,0,0,578,578,576,576,1189,1190,TORN-PERSISTENT
18190,577032,35000,35000,0,0,0,0,0,754706,35,576997,35,579,579,1155,1573,2,0,1053,579,579,579,577,577,12,1,35000,35,35,35,10,1155,10,1155,35000,35,35000,35,754706,35,13121816,0,577000,577000,13108614,13108614,576000,576000,0,0,0,0,578,578,576,576,1575,1576,TORN-PERSISTENT
18200,577331,35000,35000,0,0,0,0,0,754706,35,577296,35,579,579,1156,873,1,1000,870,579,579,579,578,578,22,1,35000,35,35,35,10,1156,10,1156,35000,35,35000,35,754706,35,13128693,0,577000,577000,13108614,13108614,577000,577000,0,0,0,0,578,578,577,577,873,873,CONSISTENT
18210,577576,35000,35000,0,0,0,0,0,754706,35,577541,35,580,580,1157,1118,2,0,1028,580,580,580,578,578,2,1,35000,35,35,35,10,1157,10,1157,35000,35,35000,35,754706,35,13134328,0,578000,578000,13131614,13131614,577000,577000,0,0,0,0,579,579,577,577,1119,1119,CONSISTENT
18220,577957,35000,35000,0,0,0,0,0,754706,35,577922,35,580,580,1157,1499,2,0,1028,580,580,580,578,578,12,1,35000,35,35,35,10,1157,10,1157,35000,35,35000,35,754706,35,13143114,0,578000,578000,13131614,13131614,577000,577000,0,0,0,0,579,579,577,577,1504,1504,CONSISTENT
18230,578195,35000,35000,0,0,0,0,0,754706,35,578160,35,580,580,1158,738,1,1000,730,580,580,580,579,579,22,1,35000,35,35,35,10,1158,10,1158,35000,35,35000,35,754706,35,13148588,0,578000,578000,13131614,13131614,578000,578000,0,0,0,0,579,579,578,578,738,738,CONSISTENT
18240,578536,35000,35000,0,0,0,0,0,754706,35,578501,35,581,581,1159,1079,2,0,1038,581,581,581,579,579,0,1,35000,35,35,35,10,1159,10,1159,35000,35,35000,35,754706,35,13156431,0,579000,579000,13154614,13154614,578000,578000,0,0,0,0,580,580,578,578,1081,1082,TORN-PERSISTENT
18250,578915,35000,35000,0,0,0,0,0,754706,35,578880,35,581,581,1159,1458,2,0,1038,581,581,581,579,579,10,1,35000,35,35,35,10,1159,10,1159,35000,35,35000,35,754706,35,13165148,0,579000,579000,13154614,13154614,578000,578000,0,0,0,0,580,580,578,578,1459,1459,CONSISTENT
18260,579075,35000,35000,0,0,0,0,0,754706,35,579040,35,581,581,1160,619,1,1000,582,581,581,581,580,580,20,1,35000,35,35,35,10,1160,10,1160,35000,35,35000,35,754706,35,13168851,0,579000,579000,13154614,13154614,579000,579000,0,0,0,0,580,580,579,579,619,619,CONSISTENT
18270,579456,35000,35000,0,0,0,0,0,754706,35,579421,35,581,581,1160,1000,1,1000,582,581,581,581,580,580,30,1,35000,35,35,35,10,1160,10,1160,35000,35,35000,35,754706,35,13177614,0,580000,580000,13177614,13177614,579000,579000,0,0,0,0,581,581,579,579,1001,1001,CONSISTENT
18280,579835,35000,35000,0,0,0,0,0,754706,35,579800,35,582,582,1161,1379,2,0,1149,582,582,582,580,580,6,1,35000,35,35,35,10,1161,10,1161,35000,35,35000,35,754706,35,13186331,0,580000,580000,13177614,13177614,579000,579000,0,0,0,0,581,581,579,579,1380,1380,CONSISTENT
18290,580207,35000,35000,0,0,0,0,0,754706,35,580172,35,582,582,1162,752,1,1000,745,582,582,582,581,581,16,1,35000,35,35,35,10,1162,10,1162,35000,35,35000,35,754706,35,13194910,0,580000,580000,13177614,13177614,580000,580000,0,0,0,0,581,581,580,580,752,752,CONSISTENT
18300,580408,35000,35000,0,0,0,0,0,754706,35,580373,35,582,582,1162,953,1,1000,745,582,582,582,581,581,26,1,35000,35,35,35,10,1162,10,1162,35000,35,35000,35,754706,35,13199533,0,580000,580000,13177614,13177614,580000,580000,0,0,0,0,581,581,580,580,953,953,CONSISTENT
18310,580645,35000,35000,0,0,0,0,0,754706,35,580610,35,583,583,1163,1190,2,0,1021,583,583,583,581,581,4,1,35000,35,35,35,10,1163,10,1163,35000,35,35000,35,754706,35,13204984,0,581000,581000,13200614,13200614,580000,580000,0,0,0,0,582,582,580,580,1192,1195,TORN-PERSISTENT
18320,581007,35000,35000,0,0,0,0,0,754706,35,580972,35,583,583,1164,553,1,1000,549,583,583,583,582,582,14,1,35000,35,35,35,10,1164,10,1164,35000,35,35000,35,754706,35,13213333,0,581000,581000,13200614,13200614,581000,581000,0,0,0,0,582,582,581,581,553,553,CONSISTENT
18330,581232,35000,35000,0,0,0,0,0,754706,35,581197,35,583,583,1164,778,1,1000,549,583,583,583,582,582,24,1,35000,35,35,35,10,1164,10,1164,35000,35,35000,35,754706,35,13218508,0,581000,581000,13200614,13200614,581000,581000,0,0,0,0,582,582,581,581,781,781,CONSISTENT
18340,581615,35000,35000,0,0,0,0,0,754706,35,581580,35,584,584,1165,1161,2,0,1043,584,584,584,582,582,2,1,35000,35,35,35,10,1165,10,1165,35000,35,35000,35,754706,35,13227317,0,582000,582000,13223614,13223614,581000,581000,0,0,0,0,583,583,581,581,1162,1162,CONSISTENT
18350,581995,35000,35000,0,0,0,0,0,754706,35,581960,35,584,584,1165,1541,2,0,1043,584,584,584,582,582,12,1,35000,35,35,35,10,1165,10,1165,35000,35,35000,35,754706,35,13236080,0,582000,582000,13223614,13223614,581000,581000,0,0,0,0,583,583,581,581,1543,1543,CONSISTENT
18360,582342,35000,35000,0,0,0,0,0,754706,35,582307,35,584,584,1166,889,1,1000,885,584,584,584,583,583,22,1,35000,35,35,35,10,1166,10,1166,35000,35,35000,35,754706,35,13244061,0,582000,582000,13223614,13223614,582000,582000,0,0,0,0,583,583,582,582,889,889,CONSISTENT
18370,582538,35000,35000,0,0,0,0,0,754706,35,582503,35,585,585,1167,1085,2,0,1012,585,585,585,583,583,0,1,35000,35,35,35,10,1167,10,1167,35000,35,35000,35,754706,35,13248592,0,583000,583000,13246614,13246614,582000,582000,0,0,0,0,584,584,582,582,1086,1086,CONSISTENT
18380,582927,35000,35000,0,0,0,0,0,754706,35,582892,35,585,585,1167,1474,2,0,1012,585,585,585,583,583,12,1,35000,35,35,35,10,1167,10,1167,35000,35,35000,35,754706,35,13257516,0,583000,583000,13246614,13246614,582000,582000,0,0,0,0,584,584,582,582,1474,1474,CONSISTENT
18390,583184,35000,35000,0,0,0,0,0,754706,35,583149,35,585,585,1168,732,1,1000,726,585,585,585,584,584,22,1,35000,35,35,35,10,1168,10,1168,35000,35,35000,35,754706,35,13263450,0,583000,583000,13246614,13246614,583000,583000,0,0,0,0,584,584,583,583,732,732,CONSISTENT
18400,583504,35000,35000,0,0,0,0,0,754706,35,583469,35,586,586,1169,1052,2,0,1041,586,586,586,584,584,0,1,35000,35,35,35,10,1169,10,1169,35000,35,35000,35,754706,35,13270833,0,584000,584000,13269614,13269614,583000,583000,0,0,0,0,585,585,583,583,1053,1053,CONSISTENT
18410,583885,35000,35000,0,0,0,0,0,754706,35,583850,35,586,586,1169,1433,2,0,1041,586,586,586,584,584,10,1,35000,35,35,35,10,1169,10,1169,35000,35,35000,35,754706,35,13279573,0,584000,584000,13269614,13269614,583000,583000,0,0,0,0,585,585,583,583,1433,1433,CONSISTENT
18420,584036,35000,35000,0,0,0,0,0,754706,35,584001,35,586,586,1170,585,1,1000,555,586,586,586,585,585,18,1,35000,35,35,35,10,1170,10,1170,35000,35,35000,35,754706,35,13283069,0,584000,584000,13269614,13269614,584000,584000,0,0,0,0,585,585,584,584,588,588,CONSISTENT
18430,584421,35000,35000,0,0,0,0,0,754706,35,584386,35,586,586,1170,970,1,1000,555,586,586,586,585,585,28,1,35000,35,35,35,10,1170,10,1170,35000,35,35000,35,754706,35,13291947,0,584000,584000,13269614,13269614,584000,584000,0,0,0,0,585,585,584,584,971,971,CONSISTENT
18440,584803,35000,35000,0,0,0,0,0,754706,35,584768,35,587,587,1171,1352,2,0,1072,587,587,587,585,585,6,1,35000,35,35,35,10,1171,10,1171,35000,35,35000,35,754706,35,13300710,0,585000,585000,13292614,13292614,584000,584000,0,0,0,0,586,586,584,584,1352,1352,CONSISTENT
18450,585178,35000,35000,0,0,0,0,0,754706,35,585143,35,587,587,1171,1727,2,0,1072,587,587,587,585,585,16,1,35000,35,35,35,10,1171,10,1171,35000,35,35000,35,754706,35,13309335,0,585000,585000,13292614,13292614,584000,584000,0,0,0,0,586,586,584,584,1730,1730,CONSISTENT
18460,585379,35000,35000,0,0,0,0,0,754706,35,585344,35,587,587,1172,929,1,1000,885,587,587,587,586,586,26,1,35000,35,35,35,10,1172,10,1172,35000,35,35000,35,754706,35,13313981,0,585000,585000,13292614,13292614,585000,585000,0,0,0,0,586,586,585,585,929,929,CONSISTENT
18470,585718,35000,35000,0,0,0,0,0,754706,35,585683,35,588,588,1173,1268,2,0,1009,588,588,588,586,586,6,1,35000,35,35,35,10,1173,10,1173,35000,35,35000,35,754706,35,13321778,0,586000,586000,13315614,13315614,585000,585000,0,0,0,0,587,587,585,585,1268,1268,CONSISTENT
18480,586099,35000,35000,0,0,0,0,0,754706,35,586064,35,588,588,1173,1649,2,0,1009,588,588,588,586,586,16,1,35000,35,35,35,10,1173,10,1173,35000,35,35000,35,754706,35,13330541,0,586000,586000,13315614,13315614,585000,585000,0,0,0,0,587,587,585,585,1649,1649,CONSISTENT
18490,586293,35000,35000,0,0,0,0,0,754706,35,586258,35,588,588,1174,844,1,1000,724,588,588,588,587,587,26,1,35000,35,35,35,10,1174,10,1174,35000,35,35000,35,754706,35,13335026,0,586000,586000,13315614,13315614,586000,586000,0,0,0,0,587,587,586,586,845,845,CONSISTENT
18500,586678,35000,35000,0,0,0,0,0,754706,35,586643,35,589,589,1175,1229,2,0,1042,589,589,589,587,587,4,1,35000,35,35,35,10,1175,10,1175,35000,35,35000,35,754706,35,13343881,0,587000,587000,13338614,13338614,586000,586000,0,0,0,0,588,588,586,586,1229,1229,CONSISTENT
18510,587035,35000,35000,0,0,0,0,0,754706,35,587000,35,589,589,1176,587,1,1000,578,589,589,589,588,588,14,1,35000,35,35,35,10,1176,10,1176,35000,35,35000,35,754706,35,13352115,0,587000,587000,13338614,13338614,587000,587000,0,0,0,0,588,588,587,587,587,587,CONSISTENT
18520,587266,35000,35000,0,0,0,0,0,754706,35,587231,35,589,589,1176,818,1,1000,578,589,589,589,588,588,24,1,35000,35,35,35,10,1176,10,1176,35000,35,35000,35,754706,35,13357428,0,587000,587000,13338614,13338614,587000,587000,0,0,0,0,588,588,587,587,819,819,CONSISTENT
18530,587612,35000,35000,0,0,0,0,0,754706,35,587577,35,590,590,1177,1164,2,0,1073,590,590,590,588,588,2,1,35000,35,35,35,10,1177,10,1177,35000,35,35000,35,754706,35,13365386,0,588000,588000,13361614,13361614,587000,587000,0,0,0,0,589,589,587,587,1165,1165,CONSISTENT
18540,587994,35000,35000,0,0,0,0,0,754706,35,587959,35,590,590,1177,1546,2,0,1073,590,590,590,588,588,12,1,35000,35,35,35,10,1177,10,1177,35000,35,35000,35,754706,35,13374195,0,588000,588000,13361614,13361614,587000,587000,0,0,0,0,589,589,587,587,1548,1548,CONSISTENT
18550,588381,35000,35000,0,0,0,0,0,754706,35,588346,35,590,590,1177,1933,2,0,1073,590,590,590,588,588,22,1,35000,35,35,35,10,1177,10,1177,35000,35,35000,35,754706,35,13383073,0,588000,588000,13361614,13361614,587000,587000,0,0,0,0,589,589,587,587,1933,1933,CONSISTENT
18560,588580,35000,35000,0,0,0,0,0,754706,35,588545,35,591,591,1179,1133,2,0,1042,591,591,591,589,589,2,1,35000,35,35,35,10,1179,10,1179,35000,35,35000,35,754706,35,13387673,0,589000,589000,13384614,13384614,588000,588000,0,0,0,0,590,590,588,588,1133,1133,CONSISTENT
18570,588959,35000,35000,0,0,0,0,0,754706,35,588924,35,591,591,1179,1512,2,0,1042,591,591,591,589,589,12,1,35000,35,35,35,10,1179,10,1179,35000,35,35000,35,754706,35,13396390,0,589000,589000,13384614,13384614,588000,588000,0,0,0,0,590,590,588,588,1514,1514,CONSISTENT
18580,589154,35000,35000,0,0,0,0,0,754706,35,589119,35,591,591,1180,708,1,1000,662,591,591,591,590,590,22,1,35000,35,35,35,10,1180,10,1180,35000,35,35000,35,754706,35,13400898,0,589000,589000,13384614,13384614,589000,589000,0,0,0,0,590,590,589,589,711,712,TORN-PERSISTENT
18590,589510,35000,35000,0,0,0,0,0,754706,35,589475,35,591,591,1180,1064,2,1000,662,591,592,591,590,590,30,1,35000,35,35,35,10,1180,10,1180,35000,35,35000,35,754706,35,13409086,0,590000,590000,13407614,13407614,589000,589000,0,0,0,0,591,591,589,589,1066,1067,TORN-PERSISTENT
18600,589899,35000,35000,0,0,0,0,0,754706,35,589864,35,592,592,1181,1453,2,0,1075,592,592,592,590,590,8,1,35000,35,35,35,10,1181,10,1181,35000,35,35000,35,754706,35,13418056,0,590000,590000,13407614,13407614,589000,589000,0,0,0,0,591,591,589,589,1454,1454,CONSISTENT
18610,589983,35000,35000,0,0,0,0,0,754706,35,589948,35,592,592,1182,538,1,1000,461,592,592,592,591,591,19,1,35000,35,35,35,10,1182,10,1182,35000,35,35000,35,754706,35,13419988,0,590000,590000,13407614,13407614,590000,590000,0,0,0,0,591,591,590,590,540,540,CONSISTENT
18620,590361,35000,35000,0,0,0,0,0,754706,35,590326,35,592,592,1182,916,1,1000,461,592,592,592,591,591,29,1,35000,35,35,35,10,1182,10,1182,35000,35,35000,35,754706,35,13428682,0,590000,590000,13407614,13407614,590000,590000,0,0,0,0,591,591,590,590,916,916,CONSISTENT
18630,590704,35000,35000,0,0,0,0,0,754706,35,590669,35,593,593,1183,1259,2,0,1048,593,593,593,591,591,4,1,35000,35,35,35,10,1183,10,1183,35000,35,35000,35,754706,35,13436571,0,591000,591000,13430614,13430614,590000,590000,0,0,0,0,592,592,590,590,1259,1259,CONSISTENT
18640,591084,35000,35000,0,0,0,0,0,754706,35,591049,35,593,593,1183,1639,2,0,1048,593,593,593,591,591,14,1,35000,35,35,35,10,1183,10,1183,35000,35,35000,35,754706,35,13445311,0,591000,591000,13430614,13430614,590000,590000,0,0,0,0,592,592,590,590,1641,1642,TORN-PERSISTENT
18650,591281,35000,35000,0,0,0,0,0,754706,35,591246,35,593,593,1184,837,1,1000,793,593,593,593,592,592,26,1,35000,35,35,35,10,1184,10,1184,35000,35,35000,35,754706,35,13449865,0,591000,591000,13430614,13430614,591000,591000,0,0,0,0,592,592,591,591,838,839,TORN-PERSISTENT
18660,591662,35000,35000,0,0,0,0,0,754706,35,591627,35,594,594,1185,1218,2,0,1052,594,594,594,592,592,4,1,35000,35,35,35,10,1185,10,1185,35000,35,35000,35,754706,35,13458651,0,592000,592000,13453614,13453614,591000,591000,0,0,0,0,593,593,591,591,1219,1219,CONSISTENT
18670,592028,35000,35000,0,0,0,0,0,754706,35,591993,35,594,594,1185,1584,2,0,1052,594,594,594,592,592,14,1,35000,35,35,35,10,1185,10,1185,35000,35,35000,35,754706,35,13467046,0,592000,592000,13453614,13453614,591000,591000,0,0,0,0,593,593,591,591,1585,1585,CONSISTENT
18680,592219,35000,35000,0,0,0,0,0,754706,35,592184,35,594,594,1186,776,1,1000,611,594,594,594,593,593,24,1,35000,35,35,35,10,1186,10,1186,35000,35,35000,35,754706,35,13471462,0,592000,592000,13453614,13453614,592000,592000,0,0,0,0,593,593,592,592,777,777,CONSISTENT
18690,592557,35000,35000,0,0,0,0,0,754706,35,592522,35,595,595,1187,1114,2,0,1050,595,595,595,593,593,0,1,35000,35,35,35,10,1187,10,1187,35000,35,35000,35,754706,35,13479236,0,593000,593000,13476614,13476614,592000,592000,0,0,0,0,594,594,592,592,1117,1118,TORN-PERSISTENT
18700,592917,35000,35000,0,0,0,0,0,754706,35,592882,35,595,595,1188,475,1,1000,467,595,595,595,594,594,10,1,35000,35,35,35,10,1188,10,1188,35000,35,35000,35,754706,35,13487539,0,593000,593000,13476614,13476614,593000,593000,0,0,0,0,594,594,593,593,475,475,CONSISTENT
18710,593158,35000,35000,0,0,0,0,0,754706,35,593123,35,595,595,1188,716,1,1000,467,595,595,595,594,594,20,1,35000,35,35,35,10,1188,10,1188,35000,35,35000,35,754706,35,13493105,0,593000,593000,13476614,13476614,593000,593000,0,0,0,0,594,594,593,593,717,717,CONSISTENT
18720,593539,35000,35000,0,0,0,0,0,754706,35,593504,35,596,596,1189,1097,2,0,1034,596,596,596,594,594,0,1,35000,35,35,35,10,1189,10,1189,35000,35,35000,35,754706,35,13501845,0,594000,594000,13499614,13499614,593000,593000,0,0,0,0,595,595,593,593,1098,1098,CONSISTENT
18730,593921,35000,35000,0,0,0,0,0,754706,35,593886,35,596,596,1189,1479,2,0,1034,596,596,596,594,594,10,1,35000,35,35,35,10,1189,10,1189,35000,35,35000,35,754706,35,13510654,0,594000,594000,13499614,13499614,593000,593000,0,0,0,0,595,595,593,593,1480,1480,CONSISTENT
18740,594255,35000,35000,0,0,0,0,0,754706,35,594220,35,596,596,1189,1813,2,0,1034,596,596,596,594,594,20,1,35000,35,35,35,10,1189,10,1189,35000,35,35000,35,754706,35,13518313,0,594000,594000,13499614,13499614,593000,593000,0,0,0,0,595,595,593,593,1816,1816,CONSISTENT
18750,594454,35000,35000,0,0,0,0,0,754706,35,594419,35,596,596,1190,1013,2,1000,820,596,597,596,595,595,30,1,35000,35,35,35,10,1190,10,1190,35000,35,35000,35,754706,35,13522936,0,595000,595000,13522614,13522614,594000,594000,0,0,0,0,596,596,594,594,1015,1015,CONSISTENT
18760,594834,35000,35000,0,0,0,0,0,754706,35,594799,35,597,597,1191,1393,2,0,1039,597,597,597,595,595,8,1,35000,35,35,35,10,1191,10,1191,35000,35,35000,35,754706,35,13531653,0,595000,595000,13522614,13522614,594000,594000,0,0,0,0,596,596,594,594,1393,1393,CONSISTENT
18770,595118,35000,35000,0,0,0,0,0,754706,35,595083,35,597,597,1192,678,1,1000,670,597,597,597,596,596,18,1,35000,35,35,35,10,1192,10,1192,35000,35,35000,35,754706,35,13538208,0,595000,595000,13522614,13522614,595000,595000,0,0,0,0,596,596,595,595,678,678,CONSISTENT
18780,595408,35000,35000,0,0,0,0,0,754706,35,595373,35,597,597,1192,968,1,1000,670,597,597,597,596,596,28,1,35000,35,35,35,10,1192,10,1192,35000,35,35000,35,754706,35,13544878,0,595000,595000,13522614,13522614,595000,595000,0,0,0,0,596,596,595,595,971,971,CONSISTENT
18790,595753,35000,35000,0,0,0,0,0,754706,35,595718,35,598,598,1193,1313,2,0,1077,598,598,598,596,596,6,1,35000,35,35,35,10,1193,10,1193,35000,35,35000,35,754706,35,13552813,0,596000,596000,13545614,13545614,595000,595000,0,0,0,0,597,597,595,595,1314,1314,CONSISTENT
18800,596007,35000,35000,0,0,0,0,0,754706,35,595972,35,598,598,1194,568,1,1000,561,598,598,598,597,597,16,1,35000,35,35,35,10,1194,10,1194,35000,35,35000,35,754706,35,13558678,0,596000,596000,13545614,13545614,596000,596000,0,0,0,0,597,597,596,596,568,568,CONSISTENT
18810,596335,35000,35000,0,0,0,0,0,754706,35,596300,35,598,598,1194,896,1,1000,561,598,598,598,597,597,26,1,35000,35,35,35,10,1194,10,1194,35000,35,35000,35,754706,35,13566222,0,596000,596000,13545614,13545614,596000,596000,0,0,0,0,597,597,596,596,898,898,CONSISTENT
18820,596707,35000,35000,0,0,0,0,0,754706,35,596672,35,599,599,1195,1268,2,0,1018,599,599,599,597,597,6,1,35000,35,35,35,10,1195,10,1195,35000,35,35000,35,754706,35,13574801,0,597000,597000,13568614,13568614,596000,596000,0,0,0,0,598,598,596,596,1271,1271,CONSISTENT
18830,597080,35000,35000,0,0,0,0,0,754706,35,597045,35,599,599,1195,1641,2,0,1018,599,599,599,597,597,16,1,35000,35,35,35,10,1195,10,1195,35000,35,35000,35,754706,35,13583357,0,597000,597000,13568614,13568614,596000,596000,0,0,0,0,598,598,596,596,1643,1643,CONSISTENT
18840,597308,35000,35000,0,0,0,0,0,754706,35,597273,35,599,599,1196,870,1,1000,848,599,599,599,598,598,24,1,35000,35,35,35,10,1196,10,1196,35000,35,35000,35,754706,35,13588624,0,597000,597000,13568614,13568614,597000,597000,0,0,0,0,598,598,597,597,870,870,CONSISTENT
18850,597633,35000,35000,0,0,0,0,0,754706,35,597598,35,600,600,1197,1195,2,0,1052,600,600,600,598,598,2,1,35000,35,35,35,10,1197,10,1197,35000,35,35000,35,754706,35,13596099,0,598000,598000,13591614,13591614,597000,597000,0,0,0,0,599,599,597,597,1197,1199,TORN-PERSISTENT
18860,598000,35000,35000,0,0,0,0,0,754706,35,597965,35,600,600,1197,1562,2,0,1052,600,600,600,598,598,14,1,35000,35,35,35,10,1197,10,1197,35000,35,35000,35,754706,35,13604540,0,598000,598000,13591614,13591614,597000,597000,0,0,0,0,599,599,597,597,1564,1566,TORN-PERSISTENT
18870,598193,35000,35000,0,0,0,0,0,754706,35,598158,35,600,600,1198,756,1,1000,663,600,600,600,599,599,24,1,35000,35,35,35,10,1198,10,1198,35000,35,35000,35,754706,35,13609002,0,598000,598000,13591614,13591614,598000,598000,0,0,0,0,599,599,598,598,757,757,CONSISTENT
18880,598564,35000,35000,0,0,0,0,0,754706,35,598529,35,601,601,1199,1127,2,0,1037,601,601,601,599,599,2,1,35000,35,35,35,10,1199,10,1199,35000,35,35000,35,754706,35,13617558,0,599000,599000,13614614,13614614,598000,598000,0,0,0,0,600,600,598,598,1131,1132,TORN-PERSISTENT
18890,598903,35000,35000,0,0,0,0,0,754706,35,598868,35,601,601,1199,1466,2,0,1037,601,601,601,599,599,10,1,35000,35,35,35,10,1199,10,1199,35000,35,35000,35,754706,35,13625332,0,599000,599000,13614614,13614614,598000,598000,0,0,0,0,600,600,598,598,1468,1468,CONSISTENT
18900,599098,35000,35000,0,0,0,0,0,754706,35,599063,35,601,601,1200,662,1,1000,552,601,601,601,600,600,20,1,35000,35,35,35,10,1200,10,1200,35000,35,35000,35,754706,35,13629863,0,599000,599000,13614614,13614614,599000,599000,0,0,0,0,600,600,599,599,665,665,CONSISTENT
18910,599366,35000,35000,0,0,0,0,0,754706,35,599331,35,601,601,1200,930,1,1000,552,601,601,601,600,600,31,1,35000,35,35,35,10,1200,10,1200,35000,35,35000,35,754706,35,13636004,0,599000,599000,13614614,13614614,599000,599000,0,0,0,0,600,600,599,599,930,930,CONSISTENT
18920,599737,35000,35000,0,0,0,0,0,754706,35,599702,35,602,602,1201,1301,2,0,1063,602,602,602,600,600,6,1,35000,35,35,35,10,1201,10,1201,35000,35,35000,35,754706,35,13644537,0,600000,600000,13637614,13637614,599000,599000,0,0,0,0,601,601,599,599,1302,1302,CONSISTENT
18930,600112,35000,35000,0,0,0,0,0,754706,35,600077,35,602,602,1201,1676,2,0,1063,602,602,602,600,600,16,1,35000,35,35,35,10,1201,10,1201,35000,35,35000,35,754706,35,13653185,0,600000,600000,13637614,13637614,599000,599000,0,0,0,0,601,601,599,599,1678,1678,CONSISTENT
18940,600270,35000,35000,0,0,0,0,0,754706,35,600235,35,602,602,1202,835,1,1000,699,602,602,602,601,601,24,1,35000,35,35,35,10,1202,10,1202,35000,35,35000,35,754706,35,13656819,0,600000,600000,13637614,13637614,600000,600000,0,0,0,0,601,601,600,600,838,839,TORN-PERSISTENT
18950,600652,35000,35000,0,0,0,0,0,754706,35,600617,35,603,603,1203,1217,2,0,1064,603,603,603,601,601,4,1,35000,35,35,35,10,1203,10,1203,35000,35,35000,35,754706,35,13665605,0,601000,601000,13660614,13660614,600000,600000,0,0,0,0,602,602,600,600,1220,1220,CONSISTENT
18960,600974,35000,35000,0,0,0,0,0,754706,35,600939,35,603,603,1204,540,1,1000,525,603,603,603,602,602,14,1,35000,35,35,35,10,1204,10,1204,35000,35,35000,35,754706,35,13673034,0,601000,601000,13660614,13660614,601000,601000,0,0,0,0,602,602,601,601,540,540,CONSISTENT
18970,601238,35000,35000,0,0,0,0,0,754706,35,601203,35,603,603,1204,804,1,1000,525,603,603,603,602,602,24,1,35000,35,35,35,10,1204,10,1204,35000,35,35000,35,754706,35,13679129,0,601000,601000,13660614,13660614,601000,601000,0,0,0,0,602,602,601,601,807,808,TORN-PERSISTENT
18980,601615,35000,35000,0,0,0,0,0,754706,35,601580,35,604,604,1205,1181,2,0,1026,604,604,604,602,602,4,1,35000,35,35,35,10,1205,10,1205,35000,35,35000,35,754706,35,13687777,0,602000,602000,13683614,13683614,601000,601000,0,0,0,0,603,603,601,601,1182,1182,CONSISTENT
18990,601958,35000,35000,0,0,0,0,0,754706,35,601923,35,604,604,1205,1524,2,0,1026,604,604,604,602,602,12,1,35000,35,35,35,10,1205,10,1205,35000,35,35000,35,754706,35,13695666,0,602000,602000,13683614,13683614,601000,601000,0,0,0,0,603,603,601,601,1526,1526,CONSISTENT
19000,602313,35000,35000,0,0,0,0,0,754706,35,602278,35,604,604,1206,880,1,1000,876,604,604,604,603,603,22,1,35000,35,35,35,10,1206,10,1206,35000,35,35000,35,754706,35,13703854,0,602000,602000,13683614,13683614,602000,602000,0,0,0,0,603,603,602,602,880,880,CONSISTENT
19010,602535,35000,35000,0,0,0,0,0,754706,35,602500,35,605,605,1207,1102,2,0,1042,605,605,605,603,603,0,1,35000,35,35,35,10,1207,10,1207,35000,35,35000,35,754706,35,13708960,0,603000,603000,13706614,13706614,602000,602000,0,0,0,0,604,604,602,602,1103,1103,CONSISTENT
19020,602907,35000,35000,0,0,0,0,0,754706,35,602872,35,605,605,1207,1474,2,0,1042,605,605,605,603,603,10,1,35000,35,35,35,10,1207,10,1207,35000,35,35000,35,754706,35,13717516,0,603000,603000,13706614,13706614,602000,602000,0,0,0,0,604,604,602,602,1474,1474,CONSISTENT
19030,603153,35000,35000,0,0,0,0,0,754706,35,603118,35,605,605,1208,721,1,1000,713,605,605,605,604,604,20,1,35000,35,35,35,10,1208,10,1208,35000,35,35000,35,754706,35,13723197,0,603000,603000,13706614,13706614,603000,603000,0,0,0,0,604,604,603,603,721,721,CONSISTENT
19040,603452,35000,35000,0,0,0,0,0,754706,35,603417,35,605,605,1208,1020,2,1000,713,605,606,605,604,604,30,1,35000,35,35,35,10,1208,10,1208,35000,35,35000,35,754706,35,13730074,0,604000,604000,13729614,13729614,603000,603000,0,0,0,0,605,605,603,603,1022,1022,CONSISTENT
19050,603837,35000,35000,0,0,0,0,0,754706,35,603802,35,606,606,1209,1405,2,0,1154,606,606,606,604,604,6,1,35000,35,35,35,10,1209,10,1209,35000,35,35000,35,754706,35,13738929,0,604000,604000,13729614,13729614,603000,603000,0,0,0,0,605,605,603,603,1406,1406,CONSISTENT
19060,604032,35000,35000,0,0,0,0,0,754706,35,603997,35,606,606,1210,601,1,1000,565,606,606,606,605,605,16,1,35000,35,35,35,10,1210,10,1210,35000,35,35000,35,754706,35,13743460,0,604000,604000,13729614,13729614,604000,604000,0,0,0,0,605,605,604,604,604,604,CONSISTENT
19070,604415,35000,35000,0,0,0,0,0,754706,35,604380,35,606,606,1210,984,1,1000,565,606,606,606,605,605,26,1,35000,35,35,35,10,1210,10,1210,35000,35,35000,35,754706,35,13752246,0,604000,604000,13729614,13729614,604000,604000,0,0,0,0,605,605,604,604,987,988,TORN-PERSISTENT
19080,604788,35000,35000,0,0,0,0,0,754706,35,604753,35,607,607,1211,1357,2,0,1024,607,607,607,605,605,8,1,35000,35,35,35,10,1211,10,1211,35000,35,35000,35,754706,35,13760825,0,605000,605000,13752614,13752614,604000,604000,0,0,0,0,606,606,604,604,1358,1358,CONSISTENT
19090,605134,35000,35000,0,0,0,0,0,754706,35,605099,35,607,607,1211,1703,2,0,1024,607,607,607,605,605,18,1,35000,35,35,35,10,1211,10,1211,35000,35,35000,35,754706,35,13768806,0,605000,605000,13752614,13752614,604000,604000,0,0,0,0,606,606,604,604,1706,1707,TORN-PERSISTENT
19100,605339,35000,35000,0,0,0,0,0,754706,35,605304,35,607,607,1212,909,1,1000,715,607,607,607,606,606,28,1,35000,35,35,35,10,1212,10,1212,35000,35,35000,35,754706,35,13773544,0,605000,605000,13752614,13752614,605000,605000,0,0,0,0,606,606,605,605,912,912,CONSISTENT
19110,605714,35000,35000,0,0,0,0,0,754706,35,605679,35,608,608,1213,1284,2,0,1034,608,608,608,606,606,6,1,35000,35,35,35,10,1213,10,1213,35000,35,35000,35,754706,35,13782146,0,606000,606000,13775614,13775614,605000,605000,0,0,0,0,607,607,605,605,1285,1285,CONSISTENT
19120,606079,35000,35000,0,0,0,0,0,754706,35,606044,35,608,608,1213,1649,2,0,1034,608,608,608,606,606,16,1,35000,35,35,35,10,1213,10,1213,35000,35,35000,35,754706,35,13790541,0,606000,606000,13775614,13775614,605000,605000,0,0,0,0,607,607,605,605,1652,1654,TORN-PERSISTENT
19130,606280,35000,35000,0,0,0,0,0,754706,35,606245,35,608,608,1214,851,1,1000,729,608,608,608,607,607,26,1,35000,35,35,35,10,1214,10,1214,35000,35,35000,35,754706,35,13795233,0,606000,606000,13775614,13775614,606000,606000,0,0,0,0,607,607,606,606,853,853,CONSISTENT
19140,606622,35000,35000,0,0,0,0,0,754706,35,606587,35,609,609,1215,1193,2,0,1062,609,609,609,607,607,2,1,35000,35,35,35,10,1215,10,1215,35000,35,35000,35,754706,35,13803053,0,607000,607000,13798614,13798614,606000,606000,0,0,0,0,608,608,606,606,1195,1195,CONSISTENT
19150,606993,35000,35000,0,0,0,0,0,754706,35,606958,35,609,609,1216,565,1,1000,562,609,609,609,608,608,13,1,35000,35,35,35,10,1216,10,1216,35000,35,35000,35,754706,35,13811632,0,607000,607000,13798614,13798614,607000,607000,0,0,0,0,608,608,607,607,566,566,CONSISTENT
19160,607197,35000,35000,0,0,0,0,0,754706,35,607162,35,609,609,1216,769,1,1000,562,609,609,609,608,608,22,1,35000,35,35,35,10,1216,10,1216,35000,35,35000,35,754706,35,13816301,0,607000,607000,13798614,13798614,607000,607000,0,0,0,0,608,608,607,607,770,770,CONSISTENT
19170,607585,35000,35000,0,0,0,0,0,754706,35,607550,35,610,610,1217,1157,2,0,1005,610,610,610,608,608,2,1,35000,35,35,35,10,1217,10,1217,35000,35,35000,35,754706,35,13825248,0,608000,608000,13821614,13821614,607000,607000,0,0,0,0,609,609,607,607,1158,1158,CONSISTENT
19180,607965,35000,35000,0,0,0,0,0,754706,35,607930,35,610,610,1217,1537,2,0,1005,610,610,610,608,608,12,1,35000,35,35,35,10,1217,10,1217,35000,35,35000,35,754706,35,13833965,0,608000,608000,13821614,13821614,607000,607000,0,0,0,0,609,609,607,607,1540,1540,CONSISTENT
19190,608313,35000,35000,0,0,0,0,0,754706,35,608278,35,610,610,1218,886,1,1000,876,610,610,610,609,609,23,1,35000,35,35,35,10,1218,10,1218,35000,35,35000,35,754706,35,13841992,0,608000,608000,13821614,13821614,608000,608000,0,0,0,0,609,609,608,608,886,886,CONSISTENT
19200,608509,35000,35000,0,0,0,0,0,754706,35,608474,35,611,611,1219,1082,2,0,1048,611,611,611,609,609,0,1,35000,35,35,35,10,1219,10,1219,35000,35,35000,35,754706,35,13846500,0,609000,609000,13844614,13844614,608000,608000,0,0,0,0,610,610,608,608,1084,1084,CONSISTENT
19210,608769,35000,35000,0,0,0,0,0,754706,35,608734,35,611,611,1219,1342,2,0,1048,611,611,611,609,609,10,1,35000,35,35,35,10,1219,10,1219,35000,35,35000,35,754706,35,13852503,0,609000,609000,13844614,13844614,608000,608000,0,0,0,0,610,610,608,608,1345,1345,CONSISTENT
19220,608963,35000,35000,0,0,0,0,0,754706,35,608928,35,611,611,1220,537,1,1000,510,611,611,611,610,610,20,1,35000,35,35,35,10,1220,10,1220,35000,35,35000,35,754706,35,13856965,0,609000,609000,13844614,13844614,609000,609000,0,0,0,0,610,610,609,609,538,539,TORN-PERSISTENT
19230,609337,35000,35000,0,0,0,0,0,754706,35,609302,35,611,611,1220,911,1,1000,510,611,611,611,610,610,30,1,35000,35,35,35,10,1220,10,1220,35000,35,35000,35,754706,35,13865567,0,609000,609000,13844614,13844614,609000,609000,0,0,0,0,610,610,609,609,913,913,CONSISTENT
19240,609717,35000,35000,0,0,0,0,0,754706,35,609682,35,612,612,1221,1291,2,0,1015,612,612,612,610,610,6,1,35000,35,35,35,10,1221,10,1221,35000,35,35000,35,754706,35,13874307,0,610000,610000,13867614,13867614,609000,609000,0,0,0,0,611,611,609,609,1292,1292,CONSISTENT
19250,610062,35000,35000,0,0,0,0,0,754706,35,610027,35,612,612,1221,1636,2,0,1015,612,612,612,610,610,16,1,35000,35,35,35,10,1221,10,1221,35000,35,35000,35,754706,35,13882265,0,610000,610000,13867614,13867614,609000,609000,0,0,0,0,611,611,609,609,1637,1637,CONSISTENT
19260,610343,35000,35000,0,0,0,0,0,754706,35,610308,35,612,612,1222,918,1,1000,914,612,612,612,611,611,26,1,35000,35,35,35,10,1222,10,1222,35000,35,35000,35,754706,35,13888728,0,610000,610000,13867614,13867614,610000,610000,0,0,0,0,611,611,610,610,918,918,CONSISTENT
19270,610616,35000,35000,0,0,0,0,0,754706,35,610581,35,613,613,1223,1191,2,0,1038,613,613,613,611,611,4,1,35000,35,35,35,10,1223,10,1223,35000,35,35000,35,754706,35,13895007,0,611000,611000,13890614,13890614,610000,610000,0,0,0,0,612,612,610,610,1191,1191,CONSISTENT
19280,610994,35000,35000,0,0,0,0,0,754706,35,610959,35,613,613,1223,1569,2,0,1038,613,613,613,611,611,14,1,35000,35,35,35,10,1223,10,1223,35000,35,35000,35,754706,35,13903701,0,611000,611000,13890614,13890614,610000,610000,0,0,0,0,612,612,610,610,1570,1570,CONSISTENT
19290,611193,35000,35000,0,0,0,0,0,754706,35,611158,35,613,613,1224,769,1,1000,668,613,613,613,612,612,24,1,35000,35,35,35,10,1224,10,1224,35000,35,35000,35,754706,35,13908301,0,611000,611000,13890614,13890614,611000,611000,0,0,0,0,612,612,611,611,772,772,CONSISTENT
19300,611532,35000,35000,0,0,0,0,0,754706,35,611497,35,614,614,1225,1108,2,0,1042,614,614,614,612,612,0,1,35000,35,35,35,10,1225,10,1225,35000,35,35000,35,754706,35,13916098,0,612000,612000,13913614,13913614,611000,611000,0,0,0,0,613,613,611,611,1108,1108,CONSISTENT
19310,611912,35000,35000,0,0,0,0,0,754706,35,611877,35,614,614,1225,1488,2,0,1042,614,614,614,612,612,10,1,35000,35,35,35,10,1225,10,1225,35000,35,35000,35,754706,35,13924838,0,612000,612000,13913614,13913614,611000,611000,0,0,0,0,613,613,611,611,1491,1492,TORN-PERSISTENT
19320,612100,35000,35000,0,0,0,0,0,754706,35,612065,35,614,614,1226,677,1,1000,586,614,614,614,613,613,22,1,35000,35,35,35,10,1226,10,1226,35000,35,35000,35,754706,35,13929185,0,612000,612000,13913614,13913614,612000,612000,0,0,0,0,613,613,612,612,681,681,CONSISTENT
19330,612476,35000,35000,0,0,0,0,0,754706,35,612441,35,614,614,1226,1053,2,1000,586,614,615,614,613,613,30,1,35000,35,35,35,10,1226,10,1226,35000,35,35000,35,754706,35,13937856,0,613000,613000,13936614,13936614,612000,612000,0,0,0,0,614,614,612,612,1055,1055,CONSISTENT
19340,612849,35000,35000,0,0,0,0,0,754706,35,612814,35,615,615,1227,1426,2,0,1061,615,615,615,613,613,8,1,35000,35,35,35,10,1227,10,1227,35000,35,35000,35,754706,35,13946412,0,613000,613000,13936614,13936614,613000,613000,0,0,0,0,614,614,613,613,431,431,CONSISTENT
19350,613006,35000,35000,0,0,0,0,0,754706,35,612971,35,615,615,1228,584,1,1000,427,615,615,615,614,614,18,1,35000,35,35,35,10,1228,10,1228,35000,35,35000,35,754706,35,13950046,0,613000,613000,13936614,13936614,613000,613000,0,0,0,0,614,614,613,613,585,585,CONSISTENT
19360,613388,35000,35000,0,0,0,0,0,754706,35,613353,35,615,615,1228,966,1,1000,427,615,615,615,614,614,28,1,35000,35,35,35,10,1228,10,1228,35000,35,35000,35,754706,35,13958832,0,613000,613000,13936614,13936614,613000,613000,0,0,0,0,614,614,613,613,968,969,TORN-PERSISTENT
19370,613766,35000,35000,0,0,0,0,0,754706,35,613731,35,616,616,1229,1344,2,0,1065,616,616,616,614,614,6,1,35000,35,35,35,10,1229,10,1229,35000,35,35000,35,754706,35,13967526,0,614000,614000,13959614,13959614,613000,613000,0,0,0,0,615,615,613,613,1344,1344,CONSISTENT
19380,614150,35000,35000,0,0,0,0,0,754706,35,614115,35,616,616,1229,1728,2,0,1065,616,616,616,614,614,16,1,35000,35,35,35,10,1229,10,1229,35000,35,35000,35,754706,35,13976381,0,614000,614000,13959614,13959614,613000,613000,0,0,0,0,615,615,613,613,1729,1729,CONSISTENT
19390,614338,35000,35000,0,0,0,0,0,754706,35,614303,35,616,616,1230,917,1,1000,780,616,616,616,615,615,26,1,35000,35,35,35,10,1230,10,1230,35000,35,35000,35,754706,35,13980705,0,614000,614000,13959614,13959614,614000,614000,0,0,0,0,615,615,614,614,921,921,CONSISTENT
19400,614678,35000,35000,0,0,0,0,0,754706,35,614643,35,617,617,1231,1257,2,0,1022,617,617,617,615,615,6,1,35000,35,35,35,10,1231,10,1231,35000,35,35000,35,754706,35,13988548,0,615000,615000,13982614,13982614,614000,614000,0,0,0,0,616,616,614,614,1259,1259,CONSISTENT
19410,615048,35000,35000,0,0,0,0,0,754706,35,615013,35,617,617,1232,628,1,1000,624,617,617,617,616,616,16,1,35000,35,35,35,10,1232,10,1232,35000,35,35000,35,754706,35,13997058,0,615000,615000,13982614,13982614,615000,615000,0,0,0,0,616,616,615,615,629,629,CONSISTENT
19420,615240,35000,35000,0,0,0,0,0,754706,35,615205,35,617,617,1232,820,1,1000,624,617,617,617,616,616,26,1,35000,35,35,35,10,1232,10,1232,35000,35,35000,35,754706,35,14001497,0,615000,615000,13982614,13982614,615000,615000,0,0,0,0,616,616,615,615,821,821,CONSISTENT
19430,615621,35000,35000,0,0,0,0,0,754706,35,615586,35,618,618,1233,1201,2,0,1011,618,618,618,616,616,4,1,35000,35,35,35,10,1233,10,1233,35000,35,35000,35,754706,35,14010237,0,616000,616000,14005614,14005614,615000,615000,0,0,0,0,617,617,615,615,1202,1202,CONSISTENT
19440,615996,35000,35000,0,0,0,0,0,754706,35,615961,35,618,618,1233,1576,2,0,1011,618,618,618,616,616,14,1,35000,35,35,35,10,1233,10,1233,35000,35,35000,35,754706,35,14018862,0,616000,616000,14005614,14005614,615000,615000,0,0,0,0,617,617,615,615,1576,1576,CONSISTENT
19450,616314,35000,35000,0,0,0,0,0,754706,35,616279,35,618,618,1234,895,1,1000,884,618,618,618,617,617,24,1,35000,35,35,35,10,1234,10,1234,35000,35,35000,35,754706,35,14026199,0,616000,616000,14005614,14005614,616000,616000,0,0,0,0,617,617,616,616,895,895,CONSISTENT
19460,616527,35000,35000,0,0,0,0,0,754706,35,616492,35,619,619,1235,1108,2,0,1018,619,619,619,617,617,2,1,35000,35,35,35,10,1235,10,1235,35000,35,35000,35,754706,35,14031098,0,617000,617000,14028614,14028614,616000,616000,0,0,0,0,618,618,616,616,1111,1112,TORN-PERSISTENT
19470,616897,35000,35000,0,0,0,0,0,754706,35,616862,35,619,619,1235,1478,2,0,1018,619,619,619,617,617,12,1,35000,35,35,35,10,1235,10,1235,35000,35,35000,35,754706,35,14039608,0,617000,617000,14028614,14028614,616000,616000,0,0,0,0,618,618,616,616,1481,1481,CONSISTENT
19480,617190,35000,35000,0,0,0,0,0,754706,35,617155,35,619,619,1236,772,1,1000,770,619,619,619,618,618,22,1,35000,35,35,35,10,1236,10,1236,35000,35,35000,35,754706,35,14046370,0,617000,617000,14028614,14028614,617000,617000,0,0,0,0,618,618,617,617,772,772,CONSISTENT
19490,617469,35000,35000,0,0,0,0,0,754706,35,617434,35,620,620,1237,1051,2,0,1034,620,620,620,618,618,0,1,35000,35,35,35,10,1237,10,1237,35000,35,35000,35,754706,35,14052787,0,618000,618000,14051614,14051614,617000,617000,0,0,0,0,619,619,617,617,1054,1055,TORN-PERSISTENT
19500,617824,35000,35000,0,0,0,0,0,754706,35,617789,35,620,620,1237,1406,2,0,1034,620,620,620,618,618,10,1,35000,35,35,35,10,1237,10,1237,35000,35,35000,35,754706,35,14060952,0,618000,618000,14051614,14051614,617000,617000,0,0,0,0,619,619,617,617,1406,1406,CONSISTENT
19510,617878,35000,35000,0,0,0,0,0,754706,35,617843,35,620,620,1238,461,1,1000,439,620,620,620,619,619,19,1,35000,35,35,35,10,1238,10,1238,35000,35,35000,35,754706,35,14062240,0,618000,618000,14051614,14051614,618000,618000,0,0,0,0,619,619,618,618,462,462,CONSISTENT
19520,618251,35000,35000,0,0,0,0,0,754706,35,618216,35,620,620,1238,834,1,1000,439,620,620,620,619,619,29,1,35000,35,35,35,10,1238,10,1238,35000,35,35000,35,754706,35,14070819,0,618000,618000,14051614,14051614,618000,618000,0,0,0,0,619,619,618,618,836,836,CONSISTENT
19530,618631,35000,35000,0,0,0,0,0,754706,35,618596,35,621,621,1239,1214,2,0,1033,621,621,621,619,619,4,1,35000,35,35,35,10,1239,10,1239,35000,35,35000,35,754706,35,14079536,0,619000,619000,14074614,14074614,618000,618000,0,0,0,0,620,620,618,618,1214,1214,CONSISTENT
19540,618994,35000,35000,0,0,0,0,0,754706,35,618959,35,621,621,1239,1577,2,0,1033,621,621,621,619,619,14,1,35000,35,35,35,10,1239,10,1239,35000,35,35000,35,754706,35,14087885,0,619000,619000,14074614,14074614,618000,618000,0,0,0,0,620,620,618,618,1578,1578,CONSISTENT
19550,619183,35000,35000,0,0,0,0,0,754706,35,619148,35,621,621,1240,767,1,1000,761,621,621,621,620,620,24,1,35000,35,35,35,10,1240,10,1240,35000,35,35000,35,754706,35,14092255,0,619000,619000,14074614,14074614,619000,619000,0,0,0,0,620,620,619,619,768,769,TORN-PERSISTENT
19560,619525,35000,35000,0,0,0,0,0,754706,35,619490,35,622,622,1241,1109,2,0,1045,622,622,622,620,620,0,1,35000,35,35,35,10,1241,10,1241,35000,35,35000,35,754706,35,14100121,0,620000,620000,14097614,14097614,619000,619000,0,0,0,0,621,621,619,619,1111,1111,CONSISTENT
19570,619893,35000,35000,0,0,0,0,0,754706,35,619858,35,622,622,1241,1477,2,0,1045,622,622,622,620,620,10,1,35000,35,35,35,10,1241,10,1241,35000,35,35000,35,754706,35,14108585,0,620000,620000,14097614,14097614,619000,619000,0,0,0,0,621,621,619,619,1480,1480,CONSISTENT
19580,620085,35000,35000,0,0,0,0,0,754706,35,620050,35,622,622,1242,670,1,1000,608,622,622,622,621,621,20,1,35000,35,35,35,10,1242,10,1242,35000,35,35000,35,754706,35,14113024,0,620000,620000,14097614,14097614,620000,620000,0,0,0,0,621,621,620,620,670,670,CONSISTENT
19590,620453,35000,35000,0,0,0,0,0,754706,35,620418,35,623,623,1243,1038,2,0,1038,623,623,623,621,621,0,1,35000,35,35,35,10,1243,10,1243,35000,35,35000,35,754706,35,14121488,0,621000,621000,14120614,14120614,620000,620000,0,0,0,0,622,622,620,620,1044,1044,CONSISTENT
19600,620830,35000,35000,0,0,0,0,0,754706,35,620795,35,623,623,1243,1415,2,0,1038,623,623,623,621,621,8,1,35000,35,35,35,10,1243,10,1243,35000,35,35000,35,754706,35,14130159,0,621000,621000,14120614,14120614,620000,620000,0,0,0,0,622,622,620,620,1416,1416,CONSISTENT
19610,621162,35000,35000,0,0,0,0,0,754706,35,621127,35,623,623,1243,1747,2,0,1038,623,623,623,621,621,18,1,35000,35,35,35,10,1243,10,1243,35000,35,35000,35,754706,35,14137795,0,621000,621000,14120614,14120614,620000,620000,0,0,0,0,622,622,620,620,1748,1748,CONSISTENT
19620,621358,35000,35000,0,0,0,0,0,754706,35,621323,35,623,623,1244,944,1,1000,901,623,623,623,622,622,28,1,35000,35,35,35,10,1244,10,1244,35000,35,35000,35,754706,35,14142326,0,621000,621000,14120614,14120614,621000,621000,0,0,0,0,622,622,621,621,947,947,CONSISTENT
19630,621735,35000,35000,0,0,0,0,0,754706,35,621700,35,624,624,1245,1321,2,0,1056,624,624,624,622,622,6,1,35000,35,35,35,10,1245,10,1245,35000,35,35000,35,754706,35,14150997,0,622000,622000,14143614,14143614,621000,621000,0,0,0,0,623,623,621,621,1322,1323,TORN-PERSISTENT
19640,622112,35000,35000,0,0,0,0,0,754706,35,622077,35,624,624,1245,1698,2,0,1056,624,624,624,622,622,16,1,35000,35,35,35,10,1245,10,1245,35000,35,35000,35,754706,35,14159691,0,622000,622000,14143614,14143614,621000,621000,0,0,0,0,623,623,621,621,1699,1699,CONSISTENT
19650,622308,35000,35000,0,0,0,0,0,754706,35,622273,35,624,624,1246,895,1,1000,748,624,624,624,623,623,26,1,35000,35,35,35,10,1246,10,1246,35000,35,35000,35,754706,35,14164199,0,622000,622000,14143614,14143614,622000,622000,0,0,0,0,623,623,622,622,898,898,CONSISTENT
19660,622652,35000,35000,0,0,0,0,0,754706,35,622617,35,625,625,1247,1239,2,0,1061,625,625,625,623,623,4,1,35000,35,35,35,10,1247,10,1247,35000,35,35000,35,754706,35,14172111,0,623000,623000,14166614,14166614,622000,622000,0,0,0,0,624,624,622,622,1242,1242,CONSISTENT
19670,623019,35000,35000,0,0,0,0,0,754706,35,622984,35,625,625,1248,607,1,1000,598,625,625,625,624,624,14,1,35000,35,35,35,10,1248,10,1248,35000,35,35000,35,754706,35,14180575,0,623000,623000,14166614,14166614,623000,623000,0,0,0,0,624,624,623,623,608,608,CONSISTENT
19680,623234,35000,35000,0,0,0,0,0,754706,35,623199,35,625,625,1248,822,1,1000,598,625,625,625,624,624,24,1,35000,35,35,35,10,1248,10,1248,35000,35,35000,35,754706,35,14185543,0,623000,623000,14166614,14166614,623000,623000,0,0,0,0,624,624,623,623,823,823,CONSISTENT
19690,623610,35000,35000,0,0,0,0,0,754706,35,623575,35,626,626,1249,1198,2,0,1028,626,626,626,624,624,4,1,35000,35,35,35,10,1249,10,1249,35000,35,35000,35,754706,35,14194168,0,624000,624000,14189614,14189614,623000,623000,0,0,0,0,625,625,623,623,1200,1200,CONSISTENT
19700,623990,35000,35000,0,0,0,0,0,754706,35,623955,35,626,626,1249,1578,2,0,1028,626,626,626,624,624,14,1,35000,35,35,35,10,1249,10,1249,35000,35,35000,35,754706,35,14202908,0,624000,624000,14189614,14189614,623000,623000,0,0,0,0,625,625,623,623,1581,1581,CONSISTENT
19710,624323,35000,35000,0,0,0,0,0,754706,35,624288,35,626,626,1250,912,1,1000,910,626,626,626,625,625,24,1,35000,35,35,35,10,1250,10,1250,35000,35,35000,35,754706,35,14210590,0,624000,624000,14189614,14189614,624000,624000,0,0,0,0,625,625,624,624,912,912,CONSISTENT
19720,624519,35000,35000,0,0,0,0,0,754706,35,624484,35,627,627,1251,1108,2,0,1022,627,627,627,625,625,2,1,35000,35,35,35,10,1251,10,1251,35000,35,35000,35,754706,35,14215098,0,625000,625000,14212614,14212614,624000,624000,0,0,0,0,626,626,624,624,1108,1108,CONSISTENT
19730,624893,35000,35000,0,0,0,0,0,754706,35,624858,35,627,627,1251,1482,2,0,1022,627,627,627,625,625,12,1,35000,35,35,35,10,1251,10,1251,35000,35,35000,35,754706,35,14223700,0,625000,625000,14212614,14212614,624000,624000,0,0,0,0,626,626,624,624,1482,1482,CONSISTENT
19740,625183,35000,35000,0,0,0,0,0,754706,35,625148,35,627,627,1252,773,1,1000,766,627,627,627,626,626,22,1,35000,35,35,35,10,1252,10,1252,35000,35,35000,35,754706,35,14230393,0,625000,625000,14212614,14212614,625000,625000,0,0,0,0,626,626,625,625,773,773,CONSISTENT
19750,625461,35000,35000,0,0,0,0,0,754706,35,625426,35,628,628,1253,1051,2,0,1045,628,628,628,626,626,0,1,35000,35,35,35,10,1253,10,1253,35000,35,35000,35,754706,35,14236787,0,626000,626000,14235614,14235614,625000,625000,0,0,0,0,627,627,625,625,1051,1051,CONSISTENT
19760,625844,35000,35000,0,0,0,0,0,754706,35,625809,35,628,628,1253,1434,2,0,1045,628,628,628,626,626,10,1,35000,35,35,35,10,1253,10,1253,35000,35,35000,35,754706,35,14245596,0,626000,626000,14235614,14235614,625000,625000,0,0,0,0,627,627,625,625,1435,1435,CONSISTENT
19770,626044,35000,35000,0,0,0,0,0,754706,35,626009,35,628,628,1254,635,1,1000,630,628,628,628,627,627,18,1,35000,35,35,35,10,1254,10,1254,35000,35,35000,35,754706,35,14250219,0,626000,626000,14235614,14235614,626000,626000,0,0,0,0,627,627,626,626,635,635,CONSISTENT
19780,626383,35000,35000,0,0,0,0,0,754706,35,626348,35,628,628,1254,974,1,1000,630,628,628,628,627,627,28,1,35000,35,35,35,10,1254,10,1254,35000,35,35000,35,754706,35,14258016,0,626000,626000,14235614,14235614,626000,626000,0,0,0,0,627,627,626,626,974,974,CONSISTENT
19790,626763,35000,35000,0,0,0,0,0,754706,35,626728,35,629,629,1255,1354,2,0,1065,629,629,629,627,627,6,1,35000,35,35,35,10,1255,10,1255,35000,35,35000,35,754706,35,14266756,0,627000,627000,14258614,14258614,626000,626000,0,0,0,0,628,628,626,626,1357,1357,CONSISTENT
19800,626969,35000,35000,0,0,0,0,0,754706,35,626934,35,629,629,1256,561,1,1000,465,629,629,629,628,628,16,1,35000,35,35,35,10,1256,10,1256,35000,35,35000,35,754706,35,14271517,0,627000,627000,14258614,14258614,627000,627000,0,0,0,0,628,628,627,627,561,561,CONSISTENT
19810,627233,35000,35000,0,0,0,0,0,754706,35,627198,35,629,629,1256,825,1,1000,465,629,629,629,628,628,27,1,35000,35,35,35,10,1256,10,1256,35000,35,35000,35,754706,35,14277589,0,627000,627000,14258614,14258614,627000,627000,0,0,0,0,628,628,627,627,827,827,CONSISTENT
19820,627581,35000,35000,0,0,0,0,0,754706,35,627546,35,630,630,1257,1173,2,0,1031,630,630,630,628,628,2,1,35000,35,35,35,10,1257,10,1257,35000,35,35000,35,754706,35,14285593,0,628000,628000,14281614,14281614,627000,627000,0,0,0,0,629,629,627,627,1173,1173,CONSISTENT
19830,627954,35000,35000,0,0,0,0,0,754706,35,627919,35,630,630,1257,1546,2,0,1031,630,630,630,628,628,14,1,35000,35,35,35,10,1257,10,1257,35000,35,35000,35,754706,35,14294172,0,628000,628000,14281614,14281614,627000,627000,0,0,0,0,629,629,627,627,1548,1548,CONSISTENT
19840,628153,35000,35000,0,0,0,0,0,754706,35,628118,35,630,630,1258,746,1,1000,624,630,630,630,629,629,24,1,35000,35,35,35,10,1258,10,1258,35000,35,35000,35,754706,35,14298772,0,628000,628000,14281614,14281614,628000,628000,0,0,0,0,629,629,628,628,749,749,CONSISTENT
19850,628523,35000,35000,0,0,0,0,0,754706,35,628488,35,631,631,1259,1116,2,0,1033,631,631,631,629,629,2,1,35000,35,35,35,10,1259,10,1259,35000,35,35000,35,754706,35,14307282,0,629000,629000,14304614,14304614,628000,628000,0,0,0,0,630,630,628,628,1116,1116,CONSISTENT
19860,628904,35000,35000,0,0,0,0,0,754706,35,628869,35,631,631,1259,1497,2,0,1033,631,631,631,629,629,12,1,35000,35,35,35,10,1259,10,1259,35000,35,35000,35,754706,35,14316045,0,629000,629000,14304614,14304614,628000,628000,0,0,0,0,630,630,628,628,1497,1497,CONSISTENT
19870,629248,35000,35000,0,0,0,0,0,754706,35,629213,35,631,631,1259,1841,2,0,1033,631,631,631,629,629,20,1,35000,35,35,35,10,1259,10,1259,35000,35,35000,35,754706,35,14323957,0,629000,629000,14304614,14304614,628000,628000,0,0,0,0,630,630,628,628,1841,1841,CONSISTENT
19880,629446,35000,35000,0,0,0,0,0,754706,35,629411,35,631,631,1260,1040,2,1000,923,631,632,631,630,630,30,1,35000,35,35,35,10,1260,10,1260,35000,35,35000,35,754706,35,14328534,0,630000,630000,14327614,14327614,629000,629000,0,0,0,0,631,631,629,629,1044,1045,TORN-PERSISTENT
19890,629825,35000,35000,0,0,0,0,0,754706,35,629790,35,632,632,1261,1419,2,0,1049,632,632,632,630,630,8,1,35000,35,35,35,10,1261,10,1261,35000,35,35000,35,754706,35,14337251,0,630000,630000,14327614,14327614,629000,629000,0,0,0,0,631,631,629,629,1420,1420,CONSISTENT
19900,630168,35000,35000,0,0,0,0,0,754706,35,630133,35,632,632,1262,763,1,1000,759,632,632,632,631,631,19,1,35000,35,35,35,10,1262,10,1262,35000,35,35000,35,754706,35,14345163,0,630000,630000,14327614,14327614,630000,630000,0,0,0,0,631,631,630,630,763,763,CONSISTENT
19910,630408,35000,35000,0,0,0,0,0,754706,35,630373,35,632,632,1262,1003,2,1000,759,632,633,632,631,631,28,1,35000,35,35,35,10,1262,10,1262,35000,35,35000,35,754706,35,14350683,0,631000,631000,14350614,14350614,630000,630000,0,0,0,0,632,632,630,630,1007,1007,CONSISTENT
19920,630755,35000,35000,0,0,0,0,0,754706,35,630720,35,633,633,1263,1350,2,0,1012,633,633,633,631,631,8,1,35000,35,35,35,10,1263,10,1263,35000,35,35000,35,754706,35,14358664,0,631000,631000,14350614,14350614,630000,630000,0,0,0,0,632,632,630,630,1351,1351,CONSISTENT
19930,631058,35000,35000,0,0,0,0,0,754706,35,631023,35,633,633,1264,654,1,1000,650,633,633,633,632,632,18,1,35000,35,35,35,10,1264,10,1264,35000,35,35000,35,754706,35,14365656,0,631000,631000,14350614,14350614,631000,631000,0,0,0,0,632,632,631,631,654,654,CONSISTENT
19940,631308,35000,35000,0,0,0,0,0,754706,35,631273,35,633,633,1264,904,1,1000,650,633,633,633,632,632,28,1,35000,35,35,35,10,1264,10,1264,35000,35,35000,35,754706,35,14371429,0,631000,631000,14350614,14350614,631000,631000,0,0,0,0,632,632,631,631,906,906,CONSISTENT
19950,631676,35000,35000,0,0,0,0,0,754706,35,631641,35,634,634,1265,1272,2,0,1008,634,634,634,632,632,6,1,35000,35,35,35,10,1265,10,1265,35000,35,35000,35,754706,35,14379870,0,632000,632000,14373614,14373614,631000,631000,0,0,0,0,633,633,631,631,1274,1275,TORN-PERSISTENT
19960,631969,35000,35000,0,0,0,0,0,754706,35,631934,35,634,634,1266,566,1,1000,561,634,634,634,633,633,16,1,35000,35,35,35,10,1266,10,1266,35000,35,35000,35,754706,35,14386632,0,632000,632000,14373614,14373614,632000,632000,0,0,0,0,633,633,632,632,566,566,CONSISTENT
19970,632246,35000,35000,0,0,0,0,0,754706,35,632211,35,634,634,1266,843,1,1000,561,634,634,634,633,633,26,1,35000,35,35,35,10,1266,10,1266,35000,35,35000,35,754706,35,14393003,0,632000,632000,14373614,14373614,632000,632000,0,0,0,0,633,633,632,632,844,844,CONSISTENT
19980,632586,35000,35000,0,0,0,0,0,754706,35,632551,35,635,635,1267,1183,2,0,1025,635,635,635,633,633,4,1,35000,35,35,35,10,1267,10,1267,35000,35,35000,35,754706,35,14400823,0,633000,633000,14396614,14396614,632000,632000,0,0,0,0,634,634,632,632,1184,1184,CONSISTENT
19990,632970,35000,35000,0,0,0,0,0,754706,35,632935,35,635,635,1267,1567,2,0,1025,635,635,635,633,633,14,1,35000,35,35,35,10,1267,10,1267,35000,35,35000,35,754706,35,14409655,0,633000,633000,14396614,14396614,632000,632000,0,0,0,0,634,634,632,632,1567,1567,CONSISTENT
20000,633176,35000,35000,0,0,0,0,0,754706,35,633141,35,635,635,1268,774,1,1000,768,635,635,635,634,634,24,1,35000,35,35,35,10,1268,10,1268,35000,35,35000,35,754706,35,14414416,0,633000,633000,14396614,14396614,633000,633000,0,0,0,0,634,634,633,633,774,774,CONSISTENT
20010,633543,35000,35000,0,0,0,0,0,754706,35,633508,35,636,636,1269,1141,2,0,1035,636,636,636,634,634,2,1,35000,35,35,35,10,1269,10,1269,35000,35,35000,35,754706,35,14422857,0,634000,634000,14419614,14419614,633000,633000,0,0,0,0,635,635,633,633,1142,1142,CONSISTENT
20020,633907,35000,35000,0,0,0,0,0,754706,35,633872,35,636,636,1269,1505,2,0,1035,636,636,636,634,634,12,1,35000,35,35,35,10,1269,10,1269,35000,35,35000,35,754706,35,14431229,0,634000,634000,14419614,14419614,633000,633000,0,0,0,0,635,635,633,633,1509,1510,TORN-PERSISTENT
20030,634068,35000,35000,0,0,0,0,0,754706,35,634033,35,636,636,1270,667,1,1000,558,636,636,636,635,635,20,1,35000,35,35,35,10,1270,10,1270,35000,35,35000,35,754706,35,14434978,0,634000,634000,14419614,14419614,634000,634000,0,0,0,0,635,635,634,634,670,670,CONSISTENT
20040,634440,35000,35000,0,0,0,0,0,754706,35,634405,35,636,636,1270,1039,2,1000,558,636,637,636,635,635,30,1,35000,35,35,35,10,1270,10,1270,35000,35,35000,35,754706,35,14443511,0,635000,635000,14442614,14442614,634000,634000,0,0,0,0,636,636,634,634,1039,1039,CONSISTENT
20050,634811,35000,35000,0,0,0,0,0,754706,35,634776,35,637,637,1271,1410,2,0,1052,637,637,637,635,635,8,1,35000,35,35,35,10,1271,10,1271,35000,35,35000,35,754706,35,14452044,0,635000,635000,14442614,14442614,634000,634000,0,0,0,0,636,636,634,634,1410,1410,CONSISTENT
20060,635186,35000,35000,0,0,0,0,0,754706,35,635151,35,637,637,1271,1785,2,0,1052,637,637,637,635,635,18,1,35000,35,35,35,10,1271,10,1271,35000,35,35000,35,754706,35,14460669,0,635000,635000,14442614,14442614,634000,634000,0,0,0,0,636,636,634,634,1785,1785,CONSISTENT
20070,635387,35000,35000,0,0,0,0,0,754706,35,635352,35,637,637,1272,987,1,1000,882,637,637,637,636,636,30,1,35000,35,35,35,10,1272,10,1272,35000,35,35000,35,754706,35,14465315,0,635000,635000,14442614,14442614,635000,635000,0,0,0,0,636,636,635,635,987,987,CONSISTENT
20080,635756,35000,35000,0,0,0,0,0,754706,35,635721,35,638,638,1273,1356,2,0,1053,638,638,638,636,636,8,1,35000,35,35,35,10,1273,10,1273,35000,35,35000,35,754706,35,14473825,0,636000,636000,14465614,14465614,635000,635000,0,0,0,0,637,637,635,635,1357,1357,CONSISTENT
20090,636090,35000,35000,0,0,0,0,0,754706,35,636055,35,638,638,1273,1690,2,0,1053,638,638,638,636,636,16,1,35000,35,35,35,10,1273,10,1273,35000,35,35000,35,754706,35,14481484,0,636000,636000,14465614,14465614,635000,635000,0,0,0,0,637,637,635,635,1691,1691,CONSISTENT
20100,636280,35000,35000,0,0,0,0,0,754706,35,636245,35,638,638,1274,881,1,1000,714,638,638,638,637,637,26,1,35000,35,35,35,10,1274,10,1274,35000,35,35000,35,754706,35,14485877,0,636000,636000,14465614,14465614,636000,636000,0,0,0,0,637,637,636,636,881,881,CONSISTENT
20110,636542,35000,35000,0,0,0,0,0,754706,35,636507,35,639,639,1275,1143,2,0,1038,639,639,639,637,637,2,1,35000,35,35,35,10,1275,10,1275,35000,35,35000,35,754706,35,14491903,0,637000,637000,14488614,14488614,636000,636000,0,0,0,0,638,638,636,636,1145,1145,CONSISTENT
20120,636918,35000,35000,0,0,0,0,0,754706,35,636883,35,639,639,1275,1519,2,0,1038,639,639,639,637,637,12,1,35000,35,35,35,10,1275,10,1275,35000,35,35000,35,754706,35,14500551,0,637000,637000,14488614,14488614,636000,636000,0,0,0,0,638,638,636,636,1519,1519,CONSISTENT
20130,637270,35000,35000,0,0,0,0,0,754706,35,637235,35,639,639,1276,872,1,1000,866,639,639,639,638,638,22,1,35000,35,35,35,10,1276,10,1276,35000,35,35000,35,754706,35,14508670,0,637000,637000,14488614,14488614,637000,637000,0,0,0,0,638,638,637,637,872,872,CONSISTENT
20140,637453,35000,35000,0,0,0,0,0,754706,35,637418,35,640,640,1277,1055,2,0,1038,640,640,640,638,638,0,1,35000,35,35,35,10,1277,10,1277,35000,35,35000,35,754706,35,14512902,0,638000,638000,14511614,14511614,637000,637000,0,0,0,0,639,639,637,637,1058,1059,TORN-PERSISTENT
20150,637824,35000,35000,0,0,0,0,0,754706,35,637789,35,640,640,1277,1426,2,0,1038,640,640,640,638,638,10,1,35000,35,35,35,10,1277,10,1277,35000,35,35000,35,754706,35,14521412,0,638000,638000,14511614,14511614,637000,637000,0,0,0,0,639,639,637,637,1427,1427,CONSISTENT
20160,638081,35000,35000,0,0,0,0,0,754706,35,638046,35,640,640,1278,684,1,1000,676,640,640,640,639,639,20,1,35000,35,35,35,10,1278,10,1278,35000,35,35000,35,754706,35,14527346,0,638000,638000,14511614,14511614,638000,638000,0,0,0,0,639,639,638,638,684,684,CONSISTENT
20170,638400,35000,35000,0,0,0,0,0,754706,35,638365,35,640,640,1278,1003,2,1000,676,640,641,640,639,639,30,1,35000,35,35,35,10,1278,10,1278,35000,35,35000,35,754706,35,14534706,0,639000,639000,14534614,14534614,638000,638000,0,0,0,0,640,640,638,638,1005,1005,CONSISTENT
20180,638778,35000,35000,0,0,0,0,0,754706,35,638743,35,641,641,1279,1381,2,0,1064,641,641,641,639,639,8,1,35000,35,35,35,10,1279,10,1279,35000,35,35000,35,754706,35,14543400,0,639000,639000,14534614,14534614,638000,638000,0,0,0,0,640,640,638,638,1382,1382,CONSISTENT
20190,638958,35000,35000,0,0,0,0,0,754706,35,638923,35,641,641,1280,562,1,1000,557,641,641,641,640,640,16,1,35000,35,35,35,10,1280,10,1280,35000,35,35000,35,754706,35,14547540,0,639000,639000,14534614,14534614,639000,639000,0,0,0,0,640,640,639,639,562,562,CONSISTENT
20200,639303,35000,35000,0,0,0,0,0,754706,35,639268,35,641,641,1280,907,1,1000,557,641,641,641,640,640,26,1,35000,35,35,35,10,1280,10,1280,35000,35,35000,35,754706,35,14555498,0,639000,639000,14534614,14534614,639000,639000,0,0,0,0,640,640,639,639,908,908,CONSISTENT
20210,639682,35000,35000,0,0,0,0,0,754706,35,639647,35,642,642,1281,1286,2,0,1064,642,642,642,640,640,4,1,35000,35,35,35,10,1281,10,1281,35000,35,35000,35,754706,35,14564192,0,640000,640000,14557614,14557614,639000,639000,0,0,0,0,641,641,639,639,1286,1286,CONSISTENT
20220,640051,35000,35000,0,0,0,0,0,754706,35,640016,35,642,642,1281,1655,2,0,1064,642,642,642,640,640,16,1,35000,35,35,35,10,1281,10,1281,35000,35,35000,35,754706,35,14572679,0,640000,640000,14557614,14557614,639000,639000,0,0,0,0,641,641,639,639,1655,1655,CONSISTENT
20230,640254,35000,35000,0,0,0,0,0,754706,35,640219,35,642,642,1282,859,1,1000,856,642,642,642,641,641,24,1,35000,35,35,35,10,1282,10,1282,35000,35,35000,35,754706,35,14577371,0,640000,640000,14557614,14557614,640000,640000,0,0,0,0,641,641,640,640,859,859,CONSISTENT
20240,640629,35000,35000,0,0,0,0,0,754706,35,640594,35,643,643,1283,1234,2,0,1017,643,643,643,641,641,4,1,35000,35,35,35,10,1283,10,1283,35000,35,35000,35,754706,35,14585996,0,641000,641000,14580614,14580614,640000,640000,0,0,0,0,642,642,640,640,1235,1236,TORN-PERSISTENT
20250,640957,35000,35000,0,0,0,0,0,754706,35,640922,35,643,643,1283,1562,2,0,1017,643,643,643,641,641,14,1,35000,35,35,35,10,1283,10,1283,35000,35,35000,35,754706,35,14593563,0,641000,641000,14580614,14580614,640000,640000,0,0,0,0,642,642,640,640,1563,1563,CONSISTENT
20260,641156,35000,35000,0,0,0,0,0,754706,35,641121,35,643,643,1284,762,1,1000,662,643,643,643,642,642,24,1,35000,35,35,35,10,1284,10,1284,35000,35,35000,35,754706,35,14598163,0,641000,641000,14580614,14580614,641000,641000,0,0,0,0,642,642,641,641,765,765,CONSISTENT
20270,641540,35000,35000,0,0,0,0,0,754706,35,641505,35,644,644,1285,1146,2,0,1020,644,644,644,642,642,2,1,35000,35,35,35,10,1285,10,1285,35000,35,35000,35,754706,35,14606995,0,642000,642000,14603614,14603614,641000,641000,0,0,0,0,643,643,641,641,1147,1147,CONSISTENT
20280,641909,35000,35000,0,0,0,0,0,754706,35,641874,35,644,644,1286,516,1,1000,509,644,644,644,643,643,13,1,35000,35,35,35,10,1286,10,1286,35000,35,35000,35,754706,35,14615482,0,642000,642000,14603614,14603614,642000,642000,0,0,0,0,643,643,642,642,517,517,CONSISTENT
20290,642110,35000,35000,0,0,0,0,0,754706,35,642075,35,644,644,1286,717,1,1000,509,644,644,644,643,643,22,1,35000,35,35,35,10,1286,10,1286,35000,35,35000,35,754706,35,14620105,0,642000,642000,14603614,14603614,642000,642000,0,0,0,0,643,643,642,642,720,720,CONSISTENT
20300,642447,35000,35000,0,0,0,0,0,754706,35,642412,35,645,645,1287,1054,2,0,1027,645,645,645,643,643,0,1,35000,35,35,35,10,1287,10,1287,35000,35,35000,35,754706,35,14627902,0,643000,643000,14626614,14626614,642000,642000,0,0,0,0,644,644,642,642,1058,1058,CONSISTENT
20310,642820,35000,35000,0,0,0,0,0,754706,35,642785,35,645,645,1287,1427,2,0,1027,645,645,645,643,643,10,1,35000,35,35,35,10,1287,10,1287,35000,35,35000,35,754706,35,14636435,0,643000,643000,14626614,14626614,642000,642000,0,0,0,0,644,644,642,642,1427,1427,CONSISTENT
20320,643179,35000,35000,0,0,0,0,0,754706,35,643144,35,645,645,1287,1786,2,0,1027,645,645,645,643,643,20,1,35000,35,35,35,10,1287,10,1287,35000,35,35000,35,754706,35,14644692,0,643000,643000,14626614,14626614,642000,642000,0,0,0,0,644,644,642,642,1787,1787,CONSISTENT
20330,643369,35000,35000,0,0,0,0,0,754706,35,643334,35,645,645,1288,977,1,1000,812,645,645,645,644,644,30,1,35000,35,35,35,10,1288,10,1288,35000,35,35000,35,754706,35,14649085,0,643000,643000,14626614,14626614,643000,643000,0,0,0,0,644,644,643,643,977,977,CONSISTENT
20340,643734,35000,35000,0,0,0,0,0,754706,35,643699,35,646,646,1289,1342,2,0,1019,646,646,646,644,644,8,1,35000,35,35,35,10,1289,10,1289,35000,35,35000,35,754706,35,14657480,0,644000,644000,14649614,14649614,643000,643000,0,0,0,0,645,645,643,643,1343,1343,CONSISTENT
20350,644029,35000,35000,0,0,0,0,0,754706,35,643994,35,646,646,1290,638,1,1000,629,646,646,646,645,645,16,1,35000,35,35,35,10,1290,10,1290,35000,35,35000,35,754706,35,14664288,0,644000,644000,14649614,14649614,644000,644000,0,0,0,0,645,645,644,644,638,638,CONSISTENT
20360,644271,35000,35000,0,0,0,0,0,754706,35,644236,35,646,646,1290,880,1,1000,629,646,646,646,645,645,28,1,35000,35,35,35,10,1290,10,1290,35000,35,35000,35,754706,35,14669877,0,644000,644000,14649614,14649614,644000,644000,0,0,0,0,645,645,644,644,881,881,CONSISTENT
20370,644644,35000,35000,0,0,0,0,0,754706,35,644609,35,647,647,1291,1253,2,0,1021,647,647,647,645,645,6,1,35000,35,35,35,10,1291,10,1291,35000,35,35000,35,754706,35,14678433,0,645000,645000,14672614,14672614,644000,644000,0,0,0,0,646,646,644,644,1255,1255,CONSISTENT
20380,645016,35000,35000,0,0,0,0,0,754706,35,644981,35,647,647,1291,1625,2,0,1021,647,647,647,645,645,14,1,35000,35,35,35,10,1291,10,1291,35000,35,35000,35,754706,35,14686989,0,645000,645000,14672614,14672614,644000,644000,0,0,0,0,646,646,644,644,1625,1625,CONSISTENT
20390,645300,35000,35000,0,0,0,0,0,754706,35,645265,35,647,647,1292,910,1,1000,890,647,647,647,646,646,26,1,35000,35,35,35,10,1292,10,1292,35000,35,35000,35,754706,35,14693544,0,645000,645000,14672614,14672614,645000,645000,0,0,0,0,646,646,645,645,910,910,CONSISTENT
20400,645571,35000,35000,0,0,0,0,0,754706,35,645536,35,648,648,1293,1181,2,0,1045,648,648,648,646,646,2,1,35000,35,35,35,10,1293,10,1293,35000,35,35000,35,754706,35,14699777,0,646000,646000,14695614,14695614,645000,645000,0,0,0,0,647,647,645,645,1181,1181,CONSISTENT
20410,645806,35000,35000,0,0,0,0,0,754706,35,645771,35,648,648,1293,1416,2,0,1045,648,648,648,646,646,13,1,35000,35,35,35,10,1293,10,1293,35000,35,35000,35,754706,35,14705182,0,646000,646000,14695614,14695614,645000,645000,0,0,0,0,647,647,645,645,1416,1416,CONSISTENT
20420,645991,35000,35000,0,0,0,0,0,754706,35,645956,35,648,648,1294,602,1,1000,483,648,648,648,647,647,23,1,35000,35,35,35,10,1294,10,1294,35000,35,35000,35,754706,35,14709460,0,646000,646000,14695614,14695614,646000,646000,0,0,0,0,647,647,646,646,606,606,CONSISTENT
20430,646375,35000,35000,0,0,0,0,0,754706,35,646340,35,648,648,1294,986,1,1000,483,648,648,648,647,647,33,1,35000,35,35,35,10,1294,10,1294,35000,35,35000,35,754706,35,14718315,0,646000,646000,14695614,14695614,646000,646000,0,0,0,0,647,647,646,646,987,987,CONSISTENT
20440,646745,35000,35000,0,0,0,0,0,754706,35,646710,35,649,649,1295,1356,2,0,1032,649,649,649,647,647,8,1,35000,35,35,35,10,1295,10,1295,35000,35,35000,35,754706,35,14726802,0,647000,647000,14718614,14718614,646000,646000,0,0,0,0,648,648,646,646,1356,1356,CONSISTENT
20450,647119,35000,35000,0,0,0,0,0,754706,35,647084,35,649,649,1295,1730,2,0,1032,649,649,649,647,647,18,1,35000,35,35,35,10,1295,10,1295,35000,35,35000,35,754706,35,14735404,0,647000,647000,14718614,14718614,646000,646000,0,0,0,0,648,648,646,646,1733,1733,CONSISTENT
20460,647293,35000,35000,0,0,0,0,0,754706,35,647258,35,649,649,1296,905,1,1000,900,649,649,649,648,648,26,1,35000,35,35,35,10,1296,10,1296,35000,35,35000,35,754706,35,14739429,0,647000,647000,14718614,14718614,647000,647000,0,0,0,0,648,648,647,647,905,905,CONSISTENT
20470,647642,35000,35000,0,0,0,0,0,754706,35,647607,35,650,650,1297,1254,2,0,1044,650,650,650,648,648,4,1,35000,35,35,35,10,1297,10,1297,35000,35,35000,35,754706,35,14747502,0,648000,648000,14741614,14741614,647000,647000,0,0,0,0,649,649,647,647,1257,1257,CONSISTENT
20480,648026,35000,35000,0,0,0,0,0,754706,35,647991,35,650,650,1297,1638,2,0,1044,650,650,650,648,648,16,1,35000,35,35,35,10,1297,10,1297,35000,35,35000,35,754706,35,14756288,0,648000,648000,14741614,14741614,647000,647000,0,0,0,0,649,649,647,647,1638,1638,CONSISTENT
20490,648223,35000,35000,0,0,0,0,0,754706,35,648188,35,650,650,1298,836,1,1000,765,650,650,650,649,649,26,1,35000,35,35,35,10,1298,10,1298,35000,35,35000,35,754706,35,14760842,0,648000,648000,14741614,14741614,648000,648000,0,0,0,0,649,649,648,648,839,840,TORN-PERSISTENT
20500,648599,35000,35000,0,0,0,0,0,754706,35,648564,35,651,651,1299,1212,2,0,1052,651,651,651,649,649,4,1,35000,35,35,35,10,1299,10,1299,35000,35,35000,35,754706,35,14769490,0,649000,649000,14764614,14764614,648000,648000,0,0,0,0,650,650,648,648,1213,1214,TORN-PERSISTENT
20510,648938,35000,35000,0,0,0,0,0,754706,35,648903,35,651,651,1299,1551,2,0,1052,651,651,651,649,649,12,1,35000,35,35,35,10,1299,10,1299,35000,35,35000,35,754706,35,14777287,0,649000,649000,14764614,14764614,648000,648000,0,0,0,0,650,650,648,648,1553,1554,TORN-PERSISTENT
20520,649133,35000,35000,0,0,0,0,0,754706,35,649098,35,651,651,1300,747,1,1000,603,651,651,651,650,650,22,1,35000,35,35,35,10,1300,10,1300,35000,35,35000,35,754706,35,14781795,0,649000,649000,14764614,14764614,649000,649000,0,0,0,0,650,650,649,649,750,750,CONSISTENT
20530,649504,35000,35000,0,0,0,0,0,754706,35,649469,35,652,652,1301,1118,2,0,1008,652,652,652,650,650,2,1,35000,35,35,35,10,1301,10,1301,35000,35,35000,35,754706,35,14790374,0,650000,650000,14787614,14787614,649000,649000,0,0,0,0,651,651,649,649,1120,1120,CONSISTENT
20540,649892,35000,35000,0,0,0,0,0,754706,35,649857,35,652,652,1301,1506,2,0,1008,652,652,652,650,650,12,1,35000,35,35,35,10,1301,10,1301,35000,35,35000,35,754706,35,14799252,0,650000,650000,14787614,14787614,649000,649000,0,0,0,0,651,651,649,649,1506,1506,CONSISTENT
20550,650264,35000,35000,0,0,0,0,0,754706,35,650229,35,652,652,1301,1878,2,0,1008,652,652,652,650,650,22,1,35000,35,35,35,10,1301,10,1301,35000,35,35000,35,754706,35,14807808,0,650000,650000,14787614,14787614,649000,649000,0,0,0,0,651,651,649,649,1879,1879,CONSISTENT
20561,650458,35000,35000,0,0,0,0,0,754706,35,650423,35,653,653,1303,1073,2,0,1018,653,653,653,651,651,0,1,35000,35,35,35,10,1303,10,1303,35000,35,35000,35,754706,35,14812293,0,651000,651000,14810614,14810614,650000,650000,0,0,0,0,652,652,650,650,1074,1074,CONSISTENT
20570,650779,35000,35000,0,0,0,0,0,754706,35,650744,35,653,653,1304,395,1,1000,390,653,653,653,652,652,10,1,35000,35,35,35,10,1304,10,1304,35000,35,35000,35,754706,35,14819699,0,651000,651000,14810614,14810614,651000,651000,0,0,0,0,652,652,651,651,395,395,CONSISTENT
20580,651003,35000,35000,0,0,0,0,0,754706,35,650968,35,653,653,1304,619,1,1000,390,653,653,653,652,652,20,1,35000,35,35,35,10,1304,10,1304,35000,35,35000,35,754706,35,14824851,0,651000,651000,14810614,14810614,651000,651000,0,0,0,0,652,652,651,651,622,622,CONSISTENT
20590,651384,35000,35000,0,0,0,0,0,754706,35,651349,35,653,653,1304,1000,1,1000,390,653,653,653,652,652,30,1,35000,35,35,35,10,1304,10,1304,35000,35,35000,35,754706,35,14833614,0,652000,652000,14833614,14833614,651000,651000,0,0,0,0,653,653,651,651,1001,1001,CONSISTENT
20600,651753,35000,35000,0,0,0,0,0,754706,35,651718,35,654,654,1305,1369,2,0,1050,654,654,654,652,652,8,1,35000,35,35,35,10,1305,10,1305,35000,35,35000,35,754706,35,14842101,0,652000,652000,14833614,14833614,651000,651000,0,0,0,0,653,653,651,651,1369,1369,CONSISTENT
20610,651975,35000,35000,0,0,0,0,0,754706,35,651940,35,654,654,1306,592,1,1000,591,654,654,654,653,653,18,1,35000,35,35,35,10,1306,10,1306,35000,35,35000,35,754706,35,14847230,0,652000,652000,14833614,14833614,652000,652000,0,0,0,0,653,653,652,652,592,592,CONSISTENT
20620,652276,35000,35000,0,0,0,0,0,754706,35,652241,35,654,654,1306,893,1,1000,591,654,654,654,653,653,28,1,35000,35,35,35,10,1306,10,1306,35000,35,35000,35,754706,35,14854153,0,652000,652000,14833614,14833614,652000,652000,0,0,0,0,653,653,652,652,896,897,TORN-PERSISTENT
20630,652655,35000,35000,0,0,0,0,0,754706,35,652620,35,655,655,1307,1272,2,0,1045,655,655,655,653,653,6,1,35000,35,35,35,10,1307,10,1307,35000,35,35000,35,754706,35,14862893,0,653000,653000,14856614,14856614,652000,652000,0,0,0,0,654,654,652,652,1273,1273,CONSISTENT
20640,653020,35000,35000,0,0,0,0,0,754706,35,652985,35,655,655,1307,1637,2,0,1045,655,655,655,653,653,16,1,35000,35,35,35,10,1307,10,1307,35000,35,35000,35,754706,35,14871265,0,653000,653000,14856614,14856614,652000,652000,0,0,0,0,654,654,652,652,1639,1639,CONSISTENT
20650,653289,35000,35000,0,0,0,0,0,754706,35,653254,35,655,655,1308,907,1,1000,898,655,655,655,654,654,26,1,35000,35,35,35,10,1308,10,1308,35000,35,35000,35,754706,35,14877475,0,653000,653000,14856614,14856614,653000,653000,0,0,0,0,654,654,653,653,907,907,CONSISTENT
20660,653597,35000,35000,0,0,0,0,0,754706,35,653562,35,656,656,1309,1215,2,0,1066,656,656,656,654,654,4,1,35000,35,35,35,10,1309,10,1309,35000,35,35000,35,754706,35,14884559,0,654000,654000,14879614,14879614,653000,653000,0,0,0,0,655,655,653,653,1215,1215,CONSISTENT
20670,653925,35000,35000,0,0,0,0,0,754706,35,653890,35,656,656,1309,1543,2,0,1066,656,656,656,654,654,12,1,35000,35,35,35,10,1309,10,1309,35000,35,35000,35,754706,35,14892126,0,654000,654000,14879614,14879614,653000,653000,0,0,0,0,655,655,653,653,1545,1546,TORN-PERSISTENT
20680,654122,35000,35000,0,0,0,0,0,754706,35,654087,35,656,656,1310,741,1,1000,649,656,656,656,655,655,22,1,35000,35,35,35,10,1310,10,1310,35000,35,35000,35,754706,35,14896680,0,654000,654000,14879614,14879614,654000,654000,0,0,0,0,655,655,654,654,743,743,CONSISTENT
20690,654504,35000,35000,0,0,0,0,0,754706,35,654469,35,657,657,1311,1123,2,0,1060,657,657,657,655,655,0,1,35000,35,35,35,10,1311,10,1311,35000,35,35000,35,754706,35,14905443,0,655000,655000,14902614,14902614,654000,654000,0,0,0,0,656,656,654,654,1123,1123,CONSISTENT
20700,654869,35000,35000,0,0,0,0,0,754706,35,654834,35,657,657,1311,1488,2,0,1060,657,657,657,655,655,10,1,35000,35,35,35,10,1311,10,1311,35000,35,35000,35,754706,35,14913838,0,655000,655000,14902614,14902614,654000,654000,0,0,0,0,656,656,654,654,1488,1488,CONSISTENT
20710,654970,35000,35000,0,0,0,0,0,754706,35,654935,35,657,657,1312,590,1,1000,489,657,657,657,656,656,20,1,35000,35,35,35,10,1312,10,1312,35000,35,35000,35,754706,35,14916184,0,655000,655000,14902614,14902614,655000,655000,0,0,0,0,656,656,655,655,593,593,CONSISTENT
20720,655331,35000,35000,0,0,0,0,0,754706,35,655296,35,657,657,1312,951,1,1000,489,657,657,657,656,656,30,1,35000,35,35,35,10,1312,10,1312,35000,35,35000,35,754706,35,14924487,0,655000,655000,14902614,14902614,655000,655000,0,0,0,0,656,656,655,655,951,951,CONSISTENT
20730,655667,35000,35000,0,0,0,0,0,754706,35,655632,35,658,658,1313,1287,2,0,1070,658,658,658,656,656,4,1,35000,35,35,35,10,1313,10,1313,35000,35,35000,35,754706,35,14932215,0,656000,656000,14925614,14925614,655000,655000,0,0,0,0,657,657,655,655,1287,1287,CONSISTENT
20740,656039,35000,35000,0,0,0,0,0,754706,35,656004,35,658,658,1313,1659,2,0,1070,658,658,658,656,656,16,1,35000,35,35,35,10,1313,10,1313,35000,35,35000,35,754706,35,14940817,0,656000,656000,14925614,14925614,655000,655000,0,0,0,0,657,657,655,655,1661,1661,CONSISTENT
20750,656231,35000,35000,0,0,0,0,0,754706,35,656196,35,658,658,1314,852,1,1000,734,658,658,658,657,657,26,1,35000,35,35,35,10,1314,10,1314,35000,35,35000,35,754706,35,14945210,0,656000,656000,14925614,14925614,656000,656000,0,0,0,0,657,657,656,656,852,852,CONSISTENT
20760,656605,35000,35000,0,0,0,0,0,754706,35,656570,35,659,659,1315,1226,2,0,1062,659,659,659,657,657,4,1,35000,35,35,35,10,1315,10,1315,35000,35,35000,35,754706,35,14953812,0,657000,657000,14948614,14948614,656000,656000,0,0,0,0,658,658,656,656,1226,1226,CONSISTENT
20770,656927,35000,35000,0,0,0,0,0,754706,35,656892,35,659,659,1316,549,1,1000,539,659,659,659,658,658,14,1,35000,35,35,35,10,1316,10,1316,35000,35,35000,35,754706,35,14961241,0,657000,657000,14948614,14948614,657000,657000,0,0,0,0,658,658,657,657,549,549,CONSISTENT
20781,657167,35000,35000,0,0,0,0,0,754706,35,657132,35,659,659,1316,789,1,1000,539,659,659,659,658,658,24,1,35000,35,35,35,10,1316,10,1316,35000,35,35000,35,754706,35,14966761,0,657000,657000,14948614,14948614,657000,657000,0,0,0,0,658,658,657,657,790,790,CONSISTENT
20790,657508,35000,35000,0,0,0,0,0,754706,35,657473,35,660,660,1317,1130,2,0,1063,660,660,660,658,658,0,1,35000,35,35,35,10,1317,10,1317,35000,35,35000,35,754706,35,14974627,0,658000,658000,14971614,14971614,657000,657000,0,0,0,0,659,659,657,657,1131,1131,CONSISTENT
20800,657878,35000,35000,0,0,0,0,0,754706,35,657843,35,660,660,1317,1500,2,0,1063,660,660,660,658,658,10,1,35000,35,35,35,10,1317,10,1317,35000,35,35000,35,754706,35,14983114,0,658000,658000,14971614,14971614,657000,657000,0,0,0,0,659,659,657,657,1501,1501,CONSISTENT
20810,658254,35000,35000,0,0,0,0,0,754706,35,658219,35,660,660,1318,877,1,1000,874,660,660,660,659,659,21,1,35000,35,35,35,10,1318,10,1318,35000,35,35000,35,754706,35,14991808,0,658000,658000,14971614,14971614,658000,658000,0,0,0,0,659,659,658,658,878,878,CONSISTENT
20820,658451,35000,35000,0,0,0,0,0,754706,35,658416,35,661,661,1319,1074,2,0,1012,661,661,661,659,659,0,1,35000,35,35,35,10,1319,10,1319,35000,35,35000,35,754706,35,14996339,0,659000,659000,14994614,14994614,658000,658000,0,0,0,0,660,660,658,658,1076,1076,CONSISTENT
20830,658831,35000,35000,0,0,0,0,0,754706,35,658796,35,661,661,1319,1454,2,0,1012,661,661,661,659,659,10,1,35000,35,35,35,10,1319,10,1319,35000,35,35000,35,754706,35,15005056,0,659000,659000,14994614,14994614,658000,658000,0,0,0,0,660,660,658,658,1454,1454,CONSISTENT
20840,659077,35000,35000,0,0,0,0,0,754706,35,659042,35,661,661,1320,701,1,1000,695,661,661,661,660,660,20,1,35000,35,35,35,10,1320,10,1320,35000,35,35000,35,754706,35,15010737,0,659000,659000,14994614,14994614,659000,659000,0,0,0,0,660,660,659,659,701,701,CONSISTENT
20850,659359,35000,35000,0,0,0,0,0,754706,35,659324,35,661,661,1320,983,1,1000,695,661,661,661,660,660,30,1,35000,35,35,35,10,1320,10,1320,35000,35,35000,35,754706,35,15017223,0,659000,659000,14994614,14994614,659000,659000,0,0,0,0,660,660,659,659,983,983,CONSISTENT
20860,659739,35000,35000,0,0,0,0,0,754706,35,659704,35,662,662,1321,1363,2,0,1016,662,662,662,660,660,8,1,35000,35,35,35,10,1321,10,1321,35000,35,35000,35,754706,35,15025963,0,660000,660000,15017614,15017614,659000,659000,0,0,0,0,661,661,659,659,1363,1363,CONSISTENT
20870,659926,35000,35000,0,0,0,0,0,754706,35,659891,35,662,662,1322,551,1,1000,522,662,662,662,661,661,18,1,35000,35,35,35,10,1322,10,1322,35000,35,35000,35,754706,35,15030287,0,660000,660000,15017614,15017614,660000,660000,0,0,0,0,661,661,660,660,551,551,CONSISTENT
20880,660301,35000,35000,0,0,0,0,0,754706,35,660266,35,662,662,1322,926,1,1000,522,662,662,662,661,661,28,1,35000,35,35,35,10,1322,10,1322,35000,35,35000,35,754706,35,15038912,0,660000,660000,15017614,15017614,660000,660000,0,0,0,0,661,661,660,660,930,930,CONSISTENT
20890,660640,35000,35000,0,0,0,0,0,754706,35,660605,35,663,663,1323,1265,2,0,1039,663,663,663,661,661,6,1,35000,35,35,35,10,1323,10,1323,35000,35,35000,35,754706,35,15046709,0,661000,661000,15040614,15040614,660000,660000,0,0,0,0,662,662,660,660,1266,1266,CONSISTENT
20900,661009,35000,35000,0,0,0,0,0,754706,35,660974,35,663,663,1323,1634,2,0,1039,663,663,663,661,661,16,1,35000,35,35,35,10,1323,10,1323,35000,35,35000,35,754706,35,15055196,0,661000,661000,15040614,15040614,660000,660000,0,0,0,0,662,662,660,660,1634,1634,CONSISTENT
20910,661214,35000,35000,0,0,0,0,0,754706,35,661179,35,663,663,1324,840,1,1000,832,663,663,663,662,662,26,1,35000,35,35,35,10,1324,10,1324,35000,35,35000,35,754706,35,15059934,0,661000,661000,15040614,15040614,661000,661000,0,0,0,0,662,662,661,661,840,840,CONSISTENT
20920,661581,35000,35000,0,0,0,0,0,754706,35,661546,35,664,664,1325,1207,2,0,1030,664,664,664,662,662,4,1,35000,35,35,35,10,1325,10,1325,35000,35,35000,35,754706,35,15068375,0,662000,662000,15063614,15063614,661000,661000,0,0,0,0,663,663,661,661,1207,1207,CONSISTENT
20930,661936,35000,35000,0,0,0,0,0,754706,35,661901,35,664,664,1325,1562,2,0,1030,664,664,664,662,662,14,1,35000,35,35,35,10,1325,10,1325,35000,35,35000,35,754706,35,15076540,0,662000,662000,15063614,15063614,661000,661000,0,0,0,0,663,663,661,661,1567,1567,CONSISTENT
20940,662135,35000,35000,0,0,0,0,0,754706,35,662100,35,664,664,1326,762,1,1000,655,664,664,664,663,663,24,1,35000,35,35,35,10,1326,10,1326,35000,35,35000,35,754706,35,15081140,0,662000,662000,15063614,15063614,662000,662000,0,0,0,0,663,663,662,662,765,766,TORN-PERSISTENT
20950,662477,35000,35000,0,0,0,0,0,754706,35,662442,35,665,665,1327,1104,2,0,1043,665,665,665,663,663,0,1,35000,35,35,35,10,1327,10,1327,35000,35,35000,35,754706,35,15089006,0,663000,663000,15086614,15086614,662000,662000,0,0,0,0,664,664,662,662,1106,1108,TORN-PERSISTENT
20960,662842,35000,35000,0,0,0,0,0,754706,35,662807,35,665,665,1327,1469,2,0,1043,665,665,665,663,663,10,1,35000,35,35,35,10,1327,10,1327,35000,35,35000,35,754706,35,15097424,0,663000,663000,15086614,15086614,662000,662000,0,0,0,0,664,664,662,662,1473,1474,TORN-PERSISTENT
20970,663038,35000,35000,0,0,0,0,0,754706,35,663003,35,665,665,1328,666,1,1000,492,665,665,665,664,664,22,1,35000,35,35,35,10,1328,10,1328,35000,35,35000,35,754706,35,15101955,0,663000,663000,15086614,15086614,663000,663000,0,0,0,0,664,664,663,663,668,668,CONSISTENT
20980,663419,35000,35000,0,0,0,0,0,754706,35,663384,35,666,666,1329,1047,2,0,1041,666,666,666,664,664,0,1,35000,35,35,35,10,1329,10,1329,35000,35,35000,35,754706,35,15110695,0,664000,664000,15109614,15109614,663000,663000,0,0,0,0,665,665,663,663,1048,1048,CONSISTENT
20990,663793,35000,35000,0,0,0,0,0,754706,35,663758,35,666,666,1329,1421,2,0,1041,666,666,666,664,664,10,1,35000,35,35,35,10,1329,10,1329,35000,35,35000,35,754706,35,15119320,0,664000,664000,15109614,15109614,663000,663000,0,0,0,0,665,665,663,663,1423,1423,CONSISTENT
21000,664134,35000,35000,0,0,0,0,0,754706,35,664099,35,666,666,1329,1762,2,0,1041,666,666,666,664,664,18,1,35000,35,35,35,10,1329,10,1329,35000,35,35000,35,754706,35,15127140,0,664000,664000,15109614,15109614,663000,663000,0,0,0,0,665,665,663,663,1762,1762,CONSISTENT
21010,664216,35000,35000,0,0,0,0,0,754706,35,664181,35,666,666,1330,845,1,1000,775,666,666,666,665,665,29,1,35000,35,35,35,10,1330,10,1330,35000,35,35000,35,754706,35,15129072,0,664000,664000,15109614,15109614,664000,664000,0,0,0,0,665,665,664,664,849,850,TORN-PERSISTENT
21020,664595,35000,35000,0,0,0,0,0,754706,35,664560,35,667,667,1331,1224,2,0,1061,667,667,667,665,665,4,1,35000,35,35,35,10,1331,10,1331,35000,35,35000,35,754706,35,15137766,0,665000,665000,15132614,15132614,664000,664000,0,0,0,0,666,666,664,664,1229,1229,CONSISTENT
21030,664964,35000,35000,0,0,0,0,0,754706,35,664929,35,667,667,1331,1593,2,0,1061,667,667,667,665,665,14,1,35000,35,35,35,10,1331,10,1331,35000,35,35000,35,754706,35,15146276,0,665000,665000,15132614,15132614,664000,664000,0,0,0,0,666,666,664,664,1594,1594,CONSISTENT
21040,665213,35000,35000,0,0,0,0,0,754706,35,665178,35,667,667,1332,843,1,1000,842,667,667,667,666,666,22,1,35000,35,35,35,10,1332,10,1332,35000,35,35000,35,754706,35,15152003,0,665000,665000,15132614,15132614,665000,665000,0,0,0,0,666,666,665,665,843,843,CONSISTENT
21050,665490,35000,35000,0,0,0,0,0,754706,35,665455,35,668,668,1333,1120,2,0,1050,668,668,668,666,666,0,1,35000,35,35,35,10,1333,10,1333,35000,35,35000,35,754706,35,15158397,0,666000,666000,15155614,15155614,665000,665000,0,0,0,0,667,667,665,665,1123,1124,TORN-PERSISTENT
21060,665868,35000,35000,0,0,0,0,0,754706,35,665833,35,668,668,1333,1498,2,0,1050,668,668,668,666,666,12,1,35000,35,35,35,10,1333,10,1333,35000,35,35000,35,754706,35,15167068,0,666000,666000,15155614,15155614,665000,665000,0,0,0,0,667,667,665,665,1501,1501,CONSISTENT
21070,666121,35000,35000,0,0,0,0,0,754706,35,666086,35,668,668,1334,752,1,1000,747,668,668,668,667,667,22,1,35000,35,35,35,10,1334,10,1334,35000,35,35000,35,754706,35,15172910,0,666000,666000,15155614,15155614,666000,666000,0,0,0,0,667,667,666,666,752,752,CONSISTENT
21080,666433,35000,35000,0,0,0,0,0,754706,35,666398,35,668,668,1334,1064,2,1000,747,668,669,668,667,667,30,1,35000,35,35,35,10,1334,10,1334,35000,35,35000,35,754706,35,15180109,0,667000,667000,15178614,15178614,666000,666000,0,0,0,0,668,668,666,666,1065,1065,CONSISTENT
21090,666768,35000,35000,0,0,0,0,0,754706,35,666733,35,669,669,1335,1399,2,0,1070,669,669,669,667,667,8,1,35000,35,35,35,10,1335,10,1335,35000,35,35000,35,754706,35,15187791,0,667000,667000,15178614,15178614,666000,666000,0,0,0,0,668,668,666,666,1400,1400,CONSISTENT
21100,666959,35000,35000,0,0,0,0,0,754706,35,666924,35,669,669,1336,591,1,1000,562,669,669,669,668,668,18,1,35000,35,35,35,10,1336,10,1336,35000,35,35000,35,754706,35,15192207,0,667000,667000,15178614,15178614,667000,667000,0,0,0,0,668,668,667,667,594,595,TORN-PERSISTENT
21110,667338,35000,35000,0,0,0,0,0,754706,35,667303,35,669,669,1336,970,1,1000,562,669,669,669,668,668,28,1,35000,35,35,35,10,1336,10,1336,35000,35,35000,35,754706,35,15200947,0,667000,667000,15178614,15178614,667000,667000,0,0,0,0,668,668,667,667,971,971,CONSISTENT
21120,667711,35000,35000,0,0,0,0,0,754706,35,667676,35,670,670,1337,1343,2,0,1063,670,670,670,668,668,6,1,35000,35,35,35,10,1337,10,1337,35000,35,35000,35,754706,35,15209526,0,668000,668000,15201614,15201614,667000,667000,0,0,0,0,669,669,667,667,1344,1344,CONSISTENT
21130,668074,35000,35000,0,0,0,0,0,754706,35,668039,35,670,670,1337,1706,2,0,1063,670,670,670,668,668,16,1,35000,35,35,35,10,1337,10,1337,35000,35,35000,35,754706,35,15217852,0,668000,668000,15201614,15201614,667000,667000,0,0,0,0,669,669,667,667,1706,1706,CONSISTENT
21140,668260,35000,35000,0,0,0,0,0,754706,35,668225,35,670,670,1338,893,1,1000,861,670,670,670,669,669,26,1,35000,35,35,35,10,1338,10,1338,35000,35,35000,35,754706,35,15222153,0,668000,668000,15201614,15201614,668000,668000,0,0,0,0,669,669,668,668,896,897,TORN-PERSISTENT
21150,668602,35000,35000,0,0,0,0,0,754706,35,668567,35,671,671,1339,1235,2,0,1069,671,671,671,669,669,4,1,35000,35,35,35,10,1339,10,1339,35000,35,35000,35,754706,35,15230019,0,669000,669000,15224614,15224614,668000,668000,0,0,0,0,670,670,668,668,1236,1236,CONSISTENT
21160,668979,35000,35000,0,0,0,0,0,754706,35,668944,35,671,671,1339,1612,2,0,1069,671,671,671,669,669,14,1,35000,35,35,35,10,1339,10,1339,35000,35,35000,35,754706,35,15238713,0,669000,669000,15224614,15224614,668000,668000,0,0,0,0,670,670,668,668,1617,1617,CONSISTENT
21170,669183,35000,35000,0,0,0,0,0,754706,35,669148,35,671,671,1340,817,1,1000,687,671,671,671,670,670,24,1,35000,35,35,35,10,1340,10,1340,35000,35,35000,35,754706,35,15243405,0,669000,669000,15224614,15224614,669000,669000,0,0,0,0,670,670,669,669,817,817,CONSISTENT
21180,669550,35000,35000,0,0,0,0,0,754706,35,669515,35,672,672,1341,1184,2,0,1004,672,672,672,670,670,4,1,35000,35,35,35,10,1341,10,1341,35000,35,35000,35,754706,35,15251846,0,670000,670000,15247614,15247614,669000,669000,0,0,0,0,671,671,669,669,1184,1184,CONSISTENT
21190,669882,35000,35000,0,0,0,0,0,754706,35,669847,35,672,672,1342,517,1,1000,515,672,672,672,671,671,14,1,35000,35,35,35,10,1342,10,1342,35000,35,35000,35,754706,35,15259505,0,670000,670000,15247614,15247614,670000,670000,0,0,0,0,671,671,670,670,517,517,CONSISTENT
21200,670071,35000,35000,0,0,0,0,0,754706,35,670036,35,672,672,1342,706,1,1000,515,672,672,672,671,671,24,1,35000,35,35,35,10,1342,10,1342,35000,35,35000,35,754706,35,15263898,0,670000,670000,15247614,15247614,670000,670000,0,0,0,0,671,671,670,670,708,708,CONSISTENT
21210,670448,35000,35000,0,0,0,0,0,754706,35,670413,35,673,673,1343,1083,2,0,1059,673,673,673,671,671,0,1,35000,35,35,35,10,1343,10,1343,35000,35,35000,35,754706,35,15272523,0,671000,671000,15270614,15270614,670000,670000,0,0,0,0,672,672,670,670,1083,1083,CONSISTENT
21220,670814,35000,35000,0,0,0,0,0,754706,35,670779,35,673,673,1343,1449,2,0,1059,673,673,673,671,671,10,1,35000,35,35,35,10,1343,10,1343,35000,35,35000,35,754706,35,15280941,0,671000,671000,15270614,15270614,670000,670000,0,0,0,0,672,672,670,670,1450,1450,CONSISTENT
21230,671182,35000,35000,0,0,0,0,0,754706,35,671147,35,673,673,1344,818,1,1000,811,673,673,673,672,672,20,1,35000,35,35,35,10,1344,10,1344,35000,35,35000,35,754706,35,15289428,0,671000,671000,15270614,15270614,671000,671000,0,0,0,0,672,672,671,671,820,820,CONSISTENT
21240,671379,35000,35000,0,0,0,0,0,754706,35,671344,35,673,673,1344,1015,2,1000,811,673,674,673,672,672,30,1,35000,35,35,35,10,1344,10,1344,35000,35,35000,35,754706,35,15293959,0,672000,672000,15293614,15293614,671000,671000,0,0,0,0,673,673,671,671,1015,1015,CONSISTENT
21250,671708,35000,35000,0,0,0,0,0,754706,35,671673,35,674,674,1345,1344,2,0,1072,674,674,674,672,672,6,1,35000,35,35,35,10,1345,10,1345,35000,35,35000,35,754706,35,15301526,0,672000,672000,15293614,15293614,671000,671000,0,0,0,0,673,673,671,671,1344,1344,CONSISTENT
21260,671983,35000,35000,0,0,0,0,0,754706,35,671948,35,674,674,1346,620,1,1000,614,674,674,674,673,673,16,1,35000,35,35,35,10,1346,10,1346,35000,35,35000,35,754706,35,15307874,0,672000,672000,15293614,15293614,672000,672000,0,0,0,0,673,673,672,672,620,620,CONSISTENT
21270,672265,35000,35000,0,0,0,0,0,754706,35,672230,35,674,674,1346,902,1,1000,614,674,674,674,673,673,26,1,35000,35,35,35,10,1346,10,1346,35000,35,35000,35,754706,35,15314360,0,672000,672000,15293614,15293614,672000,672000,0,0,0,0,673,673,672,672,904,905,TORN-PERSISTENT
21280,672636,35000,35000,0,0,0,0,0,754706,35,672601,35,675,675,1347,1273,2,0,1052,675,675,675,673,673,4,1,35000,35,35,35,10,1347,10,1347,35000,35,35000,35,754706,35,15322893,0,673000,673000,15316614,15316614,672000,672000,0,0,0,0,674,674,672,672,1273,1273,CONSISTENT
21290,673002,35000,35000,0,0,0,0,0,754706,35,672967,35,675,675,1347,1639,2,0,1052,675,675,675,673,673,14,1,35000,35,35,35,10,1347,10,1347,35000,35,35000,35,754706,35,15331311,0,673000,673000,15316614,15316614,672000,672000,0,0,0,0,674,674,672,672,1640,1640,CONSISTENT
21300,673232,35000,35000,0,0,0,0,0,754706,35,673197,35,675,675,1348,870,1,1000,867,675,675,675,674,674,24,1,35000,35,35,35,10,1348,10,1348,35000,35,35000,35,754706,35,15336624,0,673000,673000,15316614,15316614,673000,673000,0,0,0,0,674,674,673,673,870,870,CONSISTENT
21310,673480,35000,35000,0,0,0,0,0,754706,35,673445,35,676,676,1349,1118,2,0,1024,676,676,676,674,674,2,1,35000,35,35,35,10,1349,10,1349,35000,35,35000,35,754706,35,15342328,0,674000,674000,15339614,15339614,673000,673000,0,0,0,0,675,675,673,673,1121,1121,CONSISTENT
21320,673725,35000,35000,0,0,0,0,0,754706,35,673690,35,676,676,1350,364,1,1000,359,676,676,676,675,675,12,1,35000,35,35,35,10,1350,10,1350,35000,35,35000,35,754706,35,15347986,0,674000,674000,15339614,15339614,674000,674000,0,0,0,0,675,675,674,674,364,364,CONSISTENT
21330,674059,35000,35000,0,0,0,0,0,754706,35,674024,35,676,676,1350,698,1,1000,359,676,676,676,675,675,22,1,35000,35,35,35,10,1350,10,1350,35000,35,35000,35,754706,35,15355668,0,674000,674000,15339614,15339614,674000,674000,0,0,0,0,675,675,674,674,699,699,CONSISTENT
21340,674428,35000,35000,0,0,0,0,0,754706,35,674393,35,677,677,1351,1067,2,0,1026,677,677,677,675,675,0,1,35000,35,35,35,10,1351,10,1351,35000,35,35000,35,754706,35,15364155,0,675000,675000,15362614,15362614,674000,674000,0,0,0,0,676,676,674,674,1067,1067,CONSISTENT
21350,674800,35000,35000,0,0,0,0,0,754706,35,674765,35,677,677,1351,1439,2,0,1026,677,677,677,675,675,10,1,35000,35,35,35,10,1351,10,1351,35000,35,35000,35,754706,35,15372734,0,675000,675000,15362614,15362614,674000,674000,0,0,0,0,676,676,674,674,1443,1445,TORN-PERSISTENT
21360,675113,35000,35000,0,0,0,0,0,754706,35,675078,35,677,677,1352,753,1,1000,747,677,677,677,676,676,19,1,35000,35,35,35,10,1352,10,1352,35000,35,35000,35,754706,35,15379933,0,675000,675000,15362614,15362614,675000,675000,0,0,0,0,676,676,675,675,753,753,CONSISTENT
21370,675326,35000,35000,0,0,0,0,0,754706,35,675291,35,677,677,1352,966,1,1000,747,677,677,677,676,676,28,1,35000,35,35,35,10,1352,10,1352,35000,35,35000,35,754706,35,15384832,0,675000,675000,15362614,15362614,675000,675000,0,0,0,0,676,676,675,675,967,969,TORN-PERSISTENT
21380,675694,35000,35000,0,0,0,0,0,754706,35,675659,35,678,678,1353,1334,2,0,1045,678,678,678,676,676,8,1,35000,35,35,35,10,1353,10,1353,35000,35,35000,35,754706,35,15393296,0,676000,676000,15385614,15385614,675000,675000,0,0,0,0,677,677,675,675,1338,1338,CONSISTENT
21390,676074,35000,35000,0,0,0,0,0,754706,35,676039,35,678,678,1353,1714,2,0,1045,678,678,678,676,676,18,1,35000,35,35,35,10,1353,10,1353,35000,35,35000,35,754706,35,15402036,0,676000,676000,15385614,15385614,675000,675000,0,0,0,0,677,677,675,675,1715,1716,TORN-PERSISTENT
21400,676264,35000,35000,0,0,0,0,0,754706,35,676229,35,678,678,1354,905,1,1000,770,678,678,678,677,677,28,1,35000,35,35,35,10,1354,10,1354,35000,35,35000,35,754706,35,15406429,0,676000,676000,15385614,15385614,676000,676000,0,0,0,0,677,677,676,676,907,907,CONSISTENT
21410,676596,35000,35000,0,0,0,0,0,754706,35,676561,35,679,679,1355,1237,2,0,1033,679,679,679,677,677,4,1,35000,35,35,35,10,1355,10,1355,35000,35,35000,35,754706,35,15414111,0,677000,677000,15408614,15408614,676000,676000,0,0,0,0,678,678,676,676,1240,1240,CONSISTENT
21420,676931,35000,35000,0,0,0,0,0,754706,35,676896,35,679,679,1356,573,1,1000,569,679,679,679,678,678,14,1,35000,35,35,35,10,1356,10,1356,35000,35,35000,35,754706,35,15421793,0,677000,677000,15408614,15408614,677000,677000,0,0,0,0,678,678,677,677,573,573,CONSISTENT
21430,677164,35000,35000,0,0,0,0,0,754706,35,677129,35,679,679,1356,806,1,1000,569,679,679,679,678,678,24,1,35000,35,35,35,10,1356,10,1356,35000,35,35000,35,754706,35,15427152,0,677000,677000,15408614,15408614,677000,677000,0,0,0,0,678,678,677,677,807,807,CONSISTENT
21440,677535,35000,35000,0,0,0,0,0,754706,35,677500,35,680,680,1357,1177,2,0,1051,680,680,680,678,678,2,1,35000,35,35,35,10,1357,10,1357,35000,35,35000,35,754706,35,15435685,0,678000,678000,15431614,15431614,677000,677000,0,0,0,0,679,679,677,677,1177,1177,CONSISTENT
21450,677901,35000,35000,0,0,0,0,0,754706,35,677866,35,680,680,1357,1543,2,0,1051,680,680,680,678,678,12,1,35000,35,35,35,10,1357,10,1357,35000,35,35000,35,754706,35,15444103,0,678000,678000,15431614,15431614,677000,677000,0,0,0,0,679,679,677,677,1544,1544,CONSISTENT
21460,678226,35000,35000,0,0,0,0,0,754706,35,678191,35,680,680,1358,869,1,1000,869,680,680,680,679,679,22,1,35000,35,35,35,10,1358,10,1358,35000,35,35000,35,754706,35,15451601,0,678000,678000,15431614,15431614,678000,678000,0,0,0,0,679,679,678,678,871,871,CONSISTENT
21470,678416,35000,35000,0,0,0,0,0,754706,35,678381,35,681,681,1359,1059,2,0,1023,681,681,681,679,679,0,1,35000,35,35,35,10,1359,10,1359,35000,35,35000,35,754706,35,15455971,0,679000,679000,15454614,15454614,678000,678000,0,0,0,0,680,680,678,678,1059,1059,CONSISTENT
21480,678785,35000,35000,0,0,0,0,0,754706,35,678750,35,681,681,1359,1428,2,0,1023,681,681,681,679,679,10,1,35000,35,35,35,10,1359,10,1359,35000,35,35000,35,754706,35,15464458,0,679000,679000,15454614,15454614,678000,678000,0,0,0,0,680,680,678,678,1430,1432,TORN-PERSISTENT
21490,679021,35000,35000,0,0,0,0,0,754706,35,678986,35,681,681,1360,665,1,1000,657,681,681,681,680,680,20,1,35000,35,35,35,10,1360,10,1360,35000,35,35000,35,754706,35,15469909,0,679000,679000,15454614,15454614,679000,679000,0,0,0,0,680,680,679,679,665,665,CONSISTENT
21500,679339,35000,35000,0,0,0,0,0,754706,35,679304,35,681,681,1360,983,1,1000,657,681,681,681,680,680,30,1,35000,35,35,35,10,1360,10,1360,35000,35,35000,35,754706,35,15477246,0,679000,679000,15454614,15454614,679000,679000,0,0,0,0,680,680,679,679,984,984,CONSISTENT
21510,679664,35000,35000,0,0,0,0,0,754706,35,679629,35,682,682,1361,1308,2,0,1023,682,682,682,680,680,8,1,35000,35,35,35,10,1361,10,1361,35000,35,35000,35,754706,35,15484698,0,680000,680000,15477614,15477614,679000,679000,0,0,0,0,681,681,679,679,1309,1309,CONSISTENT
21520,679957,35000,35000,0,0,0,0,0,754706,35,679922,35,682,682,1362,602,1,1000,594,682,682,682,681,681,18,1,35000,35,35,35,10,1362,10,1362,35000,35,35000,35,754706,35,15491460,0,680000,680000,15477614,15477614,680000,680000,0,0,0,0,681,681,680,680,602,602,CONSISTENT
21530,680225,35000,35000,0,0,0,0,0,754706,35,680190,35,682,682,1362,870,1,1000,594,682,682,682,681,681,28,1,35000,35,35,35,10,1362,10,1362,35000,35,35000,35,754706,35,15497624,0,680000,680000,15477614,15477614,680000,680000,0,0,0,0,681,681,680,680,876,876,CONSISTENT
21540,680599,35000,35000,0,0,0,0,0,754706,35,680564,35,683,683,1363,1244,2,0,1003,683,683,683,681,681,6,1,35000,35,35,35,10,1363,10,1363,35000,35,35000,35,754706,35,15506226,0,681000,681000,15500614,15500614,680000,680000,0,0,0,0,682,682,680,680,1244,1244,CONSISTENT
21550,680966,35000,35000,0,0,0,0,0,754706,35,680931,35,683,683,1363,1611,2,0,1003,683,683,683,681,681,16,1,35000,35,35,35,10,1363,10,1363,35000,35,35000,35,754706,35,15514667,0,681000,681000,15500614,15500614,680000,680000,0,0,0,0,682,682,680,680,1611,1611,CONSISTENT
21560,681158,35000,35000,0,0,0,0,0,754706,35,681123,35,683,683,1364,804,1,1000,763,683,683,683,682,682,26,1,35000,35,35,35,10,1364,10,1364,35000,35,35000,35,754706,35,15519129,0,681000,681000,15500614,15500614,681000,681000,0,0,0,0,682,682,681,681,806,807,TORN-PERSISTENT
21570,681491,35000,35000,0,0,0,0,0,754706,35,681456,35,684,684,1365,1137,2,0,1010,684,684,684,682,682,2,1,35000,35,35,35,10,1365,10,1365,35000,35,35000,35,754706,35,15526765,0,682000,682000,15523614,15523614,681000,681000,0,0,0,0,683,683,681,681,1137,1137,CONSISTENT
21580,681864,35000,35000,0,0,0,0,0,754706,35,681829,35,684,684,1365,1510,2,0,1010,684,684,684,682,682,12,1,35000,35,35,35,10,1365,10,1365,35000,35,35000,35,754706,35,15535344,0,682000,682000,15523614,15523614,681000,681000,0,0,0,0,683,683,681,681,1512,1512,CONSISTENT
21590,682049,35000,35000,0,0,0,0,0,754706,35,682014,35,684,684,1366,696,1,1000,561,684,684,684,683,683,22,1,35000,35,35,35,10,1366,10,1366,35000,35,35000,35,754706,35,15539622,0,682000,682000,15523614,15523614,682000,682000,0,0,0,0,683,683,682,682,696,696,CONSISTENT
21600,682418,35000,35000,0,0,0,0,0,754706,35,682383,35,685,685,1367,1065,2,0,1004,685,685,685,683,683,0,1,35000,35,35,35,10,1367,10,1367,35000,35,35000,35,754706,35,15548109,0,683000,683000,15546614,15546614,682000,682000,0,0,0,0,684,684,682,682,1065,1065,CONSISTENT
21610,682682,35000,35000,0,0,0,0,0,754706,35,682647,35,685,685,1367,1329,2,0,1004,685,685,685,683,683,10,1,35000,35,35,35,10,1367,10,1367,35000,35,35000,35,754706,35,15554181,0,683000,683000,15546614,15546614,682000,682000,0,0,0,0,684,684,682,682,1330,1332,TORN-PERSISTENT
21620,683021,35000,35000,0,0,0,0,0,754706,35,682986,35,685,685,1367,1668,2,0,1004,685,685,685,683,683,20,1,35000,35,35,35,10,1367,10,1367,35000,35,35000,35,754706,35,15561978,0,683000,683000,15546614,15546614,682000,682000,0,0,0,0,684,684,682,682,1668,1668,CONSISTENT
21630,683210,35000,35000,0,0,0,0,0,754706,35,683175,35,685,685,1368,858,1,1000,681,685,685,685,684,684,30,1,35000,35,35,35,10,1368,10,1368,35000,35,35000,35,754706,35,15566348,0,683000,683000,15546614,15546614,683000,683000,0,0,0,0,684,684,683,683,858,858,CONSISTENT
21640,683591,35000,35000,0,0,0,0,0,754706,35,683556,35,686,686,1369,1239,2,0,1076,686,686,686,684,684,4,1,35000,35,35,35,10,1369,10,1369,35000,35,35000,35,754706,35,15575111,0,684000,684000,15569614,15569614,683000,683000,0,0,0,0,685,685,683,683,1242,1244,TORN-PERSISTENT
21650,683856,35000,35000,0,0,0,0,0,754706,35,683821,35,686,686,1370,505,1,1000,501,686,686,686,685,685,14,1,35000,35,35,35,10,1370,10,1370,35000,35,35000,35,754706,35,15581229,0,684000,684000,15569614,15569614,684000,684000,0,0,0,0,685,685,684,684,505,505,CONSISTENT
21660,684153,35000,35000,0,0,0,0,0,754706,35,684118,35,686,686,1370,802,1,1000,501,686,686,686,685,685,24,1,35000,35,35,35,10,1370,10,1370,35000,35,35000,35,754706,35,15588083,0,684000,684000,15569614,15569614,684000,684000,0,0,0,0,685,685,684,684,806,806,CONSISTENT
21670,684486,35000,35000,0,0,0,0,0,754706,35,684451,35,687,687,1371,1135,2,0,1001,687,687,687,685,685,2,1,35000,35,35,35,10,1371,10,1371,35000,35,35000,35,754706,35,15595742,0,685000,685000,15592614,15592614,684000,684000,0,0,0,0,686,686,684,684,1138,1139,TORN-PERSISTENT
21680,684845,35000,35000,0,0,0,0,0,754706,35,684810,35,687,687,1371,1494,2,0,1001,687,687,687,685,685,14,1,35000,35,35,35,10,1371,10,1371,35000,35,35000,35,754706,35,15603976,0,685000,685000,15592614,15592614,684000,684000,0,0,0,0,686,686,684,684,1497,1498,TORN-PERSISTENT
21690,685142,35000,35000,0,0,0,0,0,754706,35,685107,35,687,687,1372,792,1,1000,787,687,687,687,686,686,24,1,35000,35,35,35,10,1372,10,1372,35000,35,35000,35,754706,35,15610830,0,685000,685000,15592614,15592614,685000,685000,0,0,0,0,686,686,685,685,792,792,CONSISTENT
21700,685412,35000,35000,0,0,0,0,0,754706,35,685377,35,687,687,1372,1062,2,1000,787,687,688,687,686,686,32,1,35000,35,35,35,10,1372,10,1372,35000,35,35000,35,754706,35,15617040,0,686000,686000,15615614,15615614,685000,685000,0,0,0,0,687,687,685,685,1062,1062,CONSISTENT
21710,685783,35000,35000,0,0,0,0,0,754706,35,685748,35,688,688,1373,1433,2,0,1154,688,688,688,686,686,6,1,35000,35,35,35,10,1373,10,1373,35000,35,35000,35,754706,35,15625573,0,686000,686000,15615614,15615614,685000,685000,0,0,0,0,687,687,685,685,1434,1434,CONSISTENT
21720,685977,35000,35000,0,0,0,0,0,754706,35,685942,35,688,688,1374,628,1,1000,620,688,688,688,687,687,16,1,35000,35,35,35,10,1374,10,1374,35000,35,35000,35,754706,35,15630058,0,686000,686000,15615614,15615614,686000,686000,0,0,0,0,687,687,686,686,628,628,CONSISTENT
21730,686307,35000,35000,0,0,0,0,0,754706,35,686272,35,688,688,1374,958,1,1000,620,688,688,688,687,687,26,1,35000,35,35,35,10,1374,10,1374,35000,35,35000,35,754706,35,15637671,0,686000,686000,15615614,15615614,686000,686000,0,0,0,0,687,687,686,686,959,959,CONSISTENT
21740,686683,35000,35000,0,0,0,0,0,754706,35,686648,35,689,689,1375,1334,2,0,1065,689,689,689,687,687,6,1,35000,35,35,35,10,1375,10,1375,35000,35,35000,35,754706,35,15646296,0,687000,687000,15638614,15638614,686000,686000,0,0,0,0,688,688,686,686,1335,1336,TORN-PERSISTENT
21750,686982,35000,35000,0,0,0,0,0,754706,35,686947,35,689,689,1376,634,1,1000,624,689,689,689,688,688,16,1,35000,35,35,35,10,1376,10,1376,35000,35,35000,35,754706,35,15653196,0,687000,687000,15638614,15638614,687000,687000,0,0,0,0,688,688,687,687,634,634,CONSISTENT
21760,687249,35000,35000,0,0,0,0,0,754706,35,687214,35,689,689,1376,901,1,1000,624,689,689,689,688,688,26,1,35000,35,35,35,10,1376,10,1376,35000,35,35000,35,754706,35,15659337,0,687000,687000,15638614,15638614,687000,687000,0,0,0,0,688,688,687,687,901,901,CONSISTENT
21770,687582,35000,35000,0,0,0,0,0,754706,35,687547,35,690,690,1377,1234,2,0,1055,690,690,690,688,688,4,1,35000,35,35,35,10,1377,10,1377,35000,35,35000,35,754706,35,15666996,0,688000,688000,15661614,15661614,687000,687000,0,0,0,0,689,689,687,687,1235,1235,CONSISTENT
21780,687944,35000,35000,0,0,0,0,0,754706,35,687909,35,690,690,1377,1596,2,0,1055,690,690,690,688,688,14,1,35000,35,35,35,10,1377,10,1377,35000,35,35000,35,754706,35,15675345,0,688000,688000,15661614,15661614,687000,687000,0,0,0,0,689,689,687,687,1597,1597,CONSISTENT
21790,688137,35000,35000,0,0,0,0,0,754706,35,688102,35,690,690,1378,790,1,1000,721,690,690,690,689,689,24,1,35000,35,35,35,10,1378,10,1378,35000,35,35000,35,754706,35,15679784,0,688000,688000,15661614,15661614,688000,688000,0,0,0,0,689,689,688,688,793,793,CONSISTENT
21800,688509,35000,35000,0,0,0,0,0,754706,35,688474,35,691,691,1379,1162,2,0,1066,691,691,691,689,689,2,1,35000,35,35,35,10,1379,10,1379,35000,35,35000,35,754706,35,15688386,0,689000,689000,15684614,15684614,688000,688000,0,0,0,0,690,690,688,688,1164,1164,CONSISTENT
21810,688876,35000,35000,0,0,0,0,0,754706,35,688841,35,691,691,1379,1529,2,0,1066,691,691,691,689,689,12,1,35000,35,35,35,10,1379,10,1379,35000,35,35000,35,754706,35,15696781,0,689000,689000,15684614,15684614,688000,688000,0,0,0,0,690,690,688,688,1529,1529,CONSISTENT
21820,689028,35000,35000,0,0,0,0,0,754706,35,688993,35,691,691,1380,682,1,1000,535,691,691,691,690,690,22,1,35000,35,35,35,10,1380,10,1380,35000,35,35000,35,754706,35,15700300,0,689000,689000,15684614,15684614,689000,689000,0,0,0,0,690,690,689,689,682,682,CONSISTENT
21830,689391,35000,35000,0,0,0,0,0,754706,35,689356,35,692,692,1381,1045,2,0,1036,692,692,692,690,690,0,1,35000,35,35,35,10,1381,10,1381,35000,35,35000,35,754706,35,15708649,0,690000,690000,15707614,15707614,689000,689000,0,0,0,0,691,691,689,689,1049,1049,CONSISTENT
21840,689771,35000,35000,0,0,0,0,0,754706,35,689736,35,692,692,1381,1425,2,0,1036,692,692,692,690,690,10,1,35000,35,35,35,10,1381,10,1381,35000,35,35000,35,754706,35,15717389,0,690000,690000,15707614,15707614,689000,689000,0,0,0,0,691,691,689,689,1425,1425,CONSISTENT
21850,690136,35000,35000,0,0,0,0,0,754706,35,690101,35,692,692,1381,1790,2,0,1036,692,692,692,690,690,18,1,35000,35,35,35,10,1381,10,1381,35000,35,35000,35,754706,35,15725784,0,690000,690000,15707614,15707614,689000,689000,0,0,0,0,691,691,689,689,1790,1790,CONSISTENT
21860,690324,35000,35000,0,0,0,0,0,754706,35,690289,35,692,692,1382,979,1,1000,836,692,692,692,691,691,30,1,35000,35,35,35,10,1382,10,1382,35000,35,35000,35,754706,35,15730131,0,690000,690000,15707614,15707614,690000,690000,0,0,0,0,691,691,690,690,979,979,CONSISTENT
21870,690675,35000,35000,0,0,0,0,0,754706,35,690640,35,693,693,1383,1330,2,0,1035,693,693,693,691,691,8,1,35000,35,35,35,10,1383,10,1383,35000,35,35000,35,754706,35,15738204,0,691000,691000,15730614,15730614,690000,690000,0,0,0,0,692,692,690,690,1330,1330,CONSISTENT
21880,690996,35000,35000,0,0,0,0,0,754706,35,690961,35,693,693,1384,652,1,1000,649,693,693,693,692,692,17,1,35000,35,35,35,10,1384,10,1384,35000,35,35000,35,754706,35,15745610,0,691000,691000,15730614,15730614,691000,691000,0,0,0,0,692,692,691,691,652,652,CONSISTENT
21890,691186,35000,35000,0,0,0,0,0,754706,35,691151,35,693,693,1384,842,1,1000,649,693,693,693,692,692,26,1,35000,35,35,35,10,1384,10,1384,35000,35,35000,35,754706,35,15749980,0,691000,691000,15730614,15730614,691000,691000,0,0,0,0,692,692,691,691,842,842,CONSISTENT
21900,691562,35000,35000,0,0,0,0,0,754706,35,691527,35,694,694,1385,1218,2,0,1005,694,694,694,692,692,4,1,35000,35,35,35,10,1385,10,1385,35000,35,35000,35,754706,35,15758651,0,692000,692000,15753614,15753614,691000,691000,0,0,0,0,693,693,691,691,1219,1219,CONSISTENT
21910,691641,35000,35000,0,0,0,0,0,754706,35,691606,35,694,694,1386,298,1,1000,264,694,694,694,693,693,15,1,35000,35,35,35,10,1386,10,1386,35000,35,35000,35,754706,35,15760468,0,692000,692000,15753614,15753614,692000,692000,0,0,0,0,693,693,692,692,299,299,CONSISTENT
21920,692001,35000,35000,0,0,0,0,0,754706,35,691966,35,694,694,1386,658,1,1000,264,694,694,694,693,693,25,1,35000,35,35,35,10,1386,10,1386,35000,35,35000,35,754706,35,15768748,0,692000,692000,15753614,15753614,692000,692000,0,0,0,0,693,693,692,692,659,659,CONSISTENT
21930,692329,35000,35000,0,0,0,0,0,754706,35,692294,35,694,694,1386,986,1,1000,264,694,694,694,693,693,33,1,35000,35,35,35,10,1386,10,1386,35000,35,35000,35,754706,35,15776315,0,692000,692000,15753614,15753614,692000,692000,0,0,0,0,693,693,692,692,988,989,TORN-PERSISTENT
21940,692700,35000,35000,0,0,0,0,0,754706,35,692665,35,695,695,1387,1357,2,0,1004,695,695,695,693,693,8,1,35000,35,35,35,10,1387,10,1387,35000,35,35000,35,754706,35,15784825,0,693000,693000,15776614,15776614,692000,692000,0,0,0,0,694,694,692,692,1357,1357,CONSISTENT
21950,692889,35000,35000,0,0,0,0,0,754706,35,692854,35,695,695,1388,547,1,1000,541,695,695,695,694,694,18,1,35000,35,35,35,10,1388,10,1388,35000,35,35000,35,754706,35,15789195,0,693000,693000,15776614,15776614,693000,693000,0,0,0,0,694,694,693,693,547,547,CONSISTENT
21960,693259,35000,35000,0,0,0,0,0,754706,35,693224,35,695,695,1388,917,1,1000,541,695,695,695,694,694,28,1,35000,35,35,35,10,1388,10,1388,35000,35,35000,35,754706,35,15797705,0,693000,693000,15776614,15776614,693000,693000,0,0,0,0,694,694,693,693,917,917,CONSISTENT
21970,693615,35000,35000,0,0,0,0,0,754706,35,693580,35,696,696,1389,1273,2,0,1058,696,696,696,694,694,6,1,35000,35,35,35,10,1389,10,1389,35000,35,35000,35,754706,35,15805893,0,694000,694000,15799614,15799614,693000,693000,0,0,0,0,695,695,693,693,1274,1274,CONSISTENT
21980,693987,35000,35000,0,0,0,0,0,754706,35,693952,35,696,696,1389,1645,2,0,1058,696,696,696,694,694,14,1,35000,35,35,35,10,1389,10,1389,35000,35,35000,35,754706,35,15814449,0,694000,694000,15799614,15799614,693000,693000,0,0,0,0,695,695,693,693,1645,1645,CONSISTENT
21990,694180,35000,35000,0,0,0,0,0,754706,35,694145,35,696,696,1390,839,1,1000,835,696,696,696,695,695,24,1,35000,35,35,35,10,1390,10,1390,35000,35,35000,35,754706,35,15818911,0,694000,694000,15799614,15799614,694000,694000,0,0,0,0,695,695,694,694,839,839,CONSISTENT
22000,694522,35000,35000,0,0,0,0,0,754706,35,694487,35,697,697,1391,1181,2,0,1071,697,697,697,695,695,2,1,35000,35,35,35,10,1391,10,1391,35000,35,35000,35,754706,35,15826777,0,695000,695000,15822614,15822614,694000,694000,0,0,0,0,696,696,694,694,1181,1181,CONSISTENT
22010,694898,35000,35000,0,0,0,0,0,754706,35,694863,35,697,697,1391,1557,2,0,1071,697,697,697,695,695,12,1,35000,35,35,35,10,1391,10,1391,35000,35,35000,35,754706,35,15835425,0,695000,695000,15822614,15822614,694000,694000,0,0,0,0,696,696,694,694,1557,1557,CONSISTENT
22020,695082,35000,35000,0,0,0,0,0,754706,35,695047,35,697,697,1392,742,1,1000,648,697,697,697,696,696,22,1,35000,35,35,35,10,1392,10,1392,35000,35,35000,35,754706,35,15839680,0,695000,695000,15822614,15822614,695000,695000,0,0,0,0,696,696,695,695,742,742,CONSISTENT
22030,695460,35000,35000,0,0,0,0,0,754706,35,695425,35,698,698,1393,1120,2,0,1063,698,698,698,696,696,0,1,35000,35,35,35,10,1393,10,1393,35000,35,35000,35,754706,35,15848374,0,696000,696000,15845614,15845614,695000,695000,0,0,0,0,697,697,695,695,1124,1124,CONSISTENT
22040,695790,35000,35000,0,0,0,0,0,754706,35,695755,35,698,698,1393,1450,2,0,1063,698,698,698,696,696,10,1,35000,35,35,35,10,1393,10,1393,35000,35,35000,35,754706,35,15855964,0,696000,696000,15845614,15845614,695000,695000,0,0,0,0,697,697,695,695,1451,1451,CONSISTENT
22050,695976,35000,35000,0,0,0,0,0,754706,35,695941,35,698,698,1394,637,1,1000,453,698,698,698,697,697,20,1,35000,35,35,35,10,1394,10,1394,35000,35,35000,35,754706,35,15860265,0,696000,696000,15845614,15845614,696000,696000,0,0,0,0,697,697,696,696,638,638,CONSISTENT
22060,696343,35000,35000,0,0,0,0,0,754706,35,696308,35,698,698,1394,1004,2,1000,453,698,699,698,697,697,30,1,35000,35,35,35,10,1394,10,1394,35000,35,35000,35,754706,35,15868706,0,697000,697000,15868614,15868614,696000,696000,0,0,0,0,698,698,696,696,1005,1005,CONSISTENT
22070,696717,35000,35000,0,0,0,0,0,754706,35,696682,35,699,699,1395,1378,2,0,1065,699,699,699,697,697,8,1,35000,35,35,35,10,1395,10,1395,35000,35,35000,35,754706,35,15877308,0,697000,697000,15868614,15868614,696000,696000,0,0,0,0,698,698,696,696,1379,1380,TORN-PERSISTENT
22080,697077,35000,35000,0,0,0,0,0,754706,35,697042,35,699,699,1396,739,1,1000,733,699,699,699,698,698,18,1,35000,35,35,35,10,1396,10,1396,35000,35,35000,35,754706,35,15885611,0,697000,697000,15868614,15868614,697000,697000,0,0,0,0,698,698,697,697,739,739,CONSISTENT
22090,697247,35000,35000,0,0,0,0,0,754706,35,697212,35,699,699,1396,909,1,1000,733,699,699,699,698,698,26,1,35000,35,35,35,10,1396,10,1396,35000,35,35000,35,754706,35,15889521,0,697000,697000,15868614,15868614,697000,697000,0,0,0,0,698,698,697,697,911,912,TORN-PERSISTENT
22100,697618,35000,35000,0,0,0,0,0,754706,35,697583,35,700,700,1397,1280,2,0,1052,700,700,700,698,698,6,1,35000,35,35,35,10,1397,10,1397,35000,35,35000,35,754706,35,15898054,0,698000,698000,15891614,15891614,697000,697000,0,0,0,0,699,699,697,697,1281,1282,TORN-PERSISTENT
22110,697874,35000,35000,0,0,0,0,0,754706,35,697839,35,700,700,1398,537,1,1000,533,700,700,700,699,699,16,1,35000,35,35,35,10,1398,10,1398,35000,35,35000,35,754706,35,15903965,0,698000,698000,15891614,15891614,698000,698000,0,0,0,0,699,699,698,698,537,537,CONSISTENT
22120,698178,35000,35000,0,0,0,0,0,754706,35,698143,35,700,700,1398,841,1,1000,533,700,700,700,699,699,26,1,35000,35,35,35,10,1398,10,1398,35000,35,35000,35,754706,35,15910957,0,698000,698000,15891614,15891614,698000,698000,0,0,0,0,699,699,698,698,842,842,CONSISTENT
22130,698543,35000,35000,0,0,0,0,0,754706,35,698508,35,701,701,1399,1206,2,0,1068,701,701,701,699,699,2,1,35000,35,35,35,10,1399,10,1399,35000,35,35000,35,754706,35,15919398,0,699000,699000,15914614,15914614,698000,698000,0,0,0,0,700,700,698,698,1208,1208,CONSISTENT
22140,698914,35000,35000,0,0,0,0,0,754706,35,698879,35,701,701,1399,1577,2,0,1068,701,701,701,699,699,14,1,35000,35,35,35,10,1399,10,1399,35000,35,35000,35,754706,35,15927885,0,699000,699000,15914614,15914614,698000,698000,0,0,0,0,700,700,698,698,1580,1581,TORN-PERSISTENT
22150,699178,35000,35000,0,0,0,0,0,754706,35,699143,35,701,701,1400,842,1,1000,833,701,701,701,700,700,22,1,35000,35,35,35,10,1400,10,1400,35000,35,35000,35,754706,35,15933980,0,699000,699000,15914614,15914614,699000,699000,0,0,0,0,700,700,699,699,842,842,CONSISTENT
22160,699444,35000,35000,0,0,0,0,0,754706,35,699409,35,702,702,1401,1108,2,0,1053,702,702,702,700,700,0,1,35000,35,35,35,10,1401,10,1401,35000,35,35000,35,754706,35,15940098,0,700000,700000,15937614,15937614,699000,699000,0,0,0,0,701,701,699,699,1108,1108,CONSISTENT
22170,699805,35000,35000,0,0,0,0,0,754706,35,699770,35,702,702,1401,1469,2,0,1053,702,702,702,700,700,10,1,35000,35,35,35,10,1401,10,1401,35000,35,35000,35,754706,35,15948401,0,700000,700000,15937614,15937614,699000,699000,0,0,0,0,701,701,699,699,1470,1470,CONSISTENT
22180,699980,35000,35000,0,0,0,0,0,754706,35,699945,35,702,702,1402,645,1,1000,598,702,702,702,701,701,20,1,35000,35,35,35,10,1402,10,1402,35000,35,35000,35,754706,35,15952449,0,700000,700000,15937614,15937614,700000,700000,0,0,0,0,701,701,700,700,648,648,CONSISTENT
22190,700353,35000,35000,0,0,0,0,0,754706,35,700318,35,702,702,1402,1018,2,1000,598,702,703,702,701,701,30,1,35000,35,35,35,10,1402,10,1402,35000,35,35000,35,754706,35,15961028,0,701000,701000,15960614,15960614,700000,700000,0,0,0,0,702,702,700,700,1020,1020,CONSISTENT
22200,700687,35000,35000,0,0,0,0,0,754706,35,700652,35,703,703,1403,1352,2,0,1114,703,703,703,701,701,6,1,35000,35,35,35,10,1403,10,1403,35000,35,35000,35,754706,35,15968710,0,701000,701000,15960614,15960614,700000,700000,0,0,0,0,702,702,700,700,1352,1352,CONSISTENT
22210,700948,35000,35000,0,0,0,0,0,754706,35,700913,35,703,703,1403,1613,2,0,1114,703,703,703,701,701,16,1,35000,35,35,35,10,1403,10,1403,35000,35,35000,35,754706,35,15974736,0,701000,701000,15960614,15960614,700000,700000,0,0,0,0,702,702,700,700,1614,1614,CONSISTENT
22220,701132,35000,35000,0,0,0,0,0,754706,35,701097,35,703,703,1404,798,1,1000,736,703,703,703,702,702,26,1,35000,35,35,35,10,1404,10,1404,35000,35,35000,35,754706,35,15978968,0,701000,701000,15960614,15960614,701000,701000,0,0,0,0,702,702,701,701,798,798,CONSISTENT
22230,701495,35000,35000,0,0,0,0,0,754706,35,701460,35,704,704,1405,1161,2,0,1040,704,704,704,702,702,2,1,35000,35,35,35,10,1405,10,1405,35000,35,35000,35,754706,35,15987317,0,702000,702000,15983614,15983614,701000,701000,0,0,0,0,703,703,701,701,1162,1162,CONSISTENT
22240,701847,35000,35000,0,0,0,0,0,754706,35,701812,35,704,704,1405,1513,2,0,1040,704,704,704,702,702,12,1,35000,35,35,35,10,1405,10,1405,35000,35,35000,35,754706,35,15995413,0,702000,702000,15983614,15983614,701000,701000,0,0,0,0,703,703,701,701,1516,1517,TORN-PERSISTENT
22250,702002,35000,35000,0,0,0,0,0,754706,35,701967,35,704,704,1406,669,1,1000,572,704,704,704,703,703,22,1,35000,35,35,35,10,1406,10,1406,35000,35,35000,35,754706,35,15999024,0,702000,702000,15983614,15983614,702000,702000,0,0,0,0,703,703,702,702,673,674,TORN-PERSISTENT
22260,702362,35000,35000,0,0,0,0,0,754706,35,702327,35,704,704,1406,1029,2,1000,572,704,705,704,703,703,32,1,35000,35,35,35,10,1406,10,1406,35000,35,35000,35,754706,35,16007281,0,703000,703000,16006614,16006614,702000,702000,0,0,0,0,704,704,702,702,1029,1029,CONSISTENT
22270,702726,35000,35000,0,0,0,0,0,754706,35,702691,35,705,705,1407,1393,2,0,1166,705,705,705,703,703,6,1,35000,35,35,35,10,1407,10,1407,35000,35,35000,35,754706,35,16015653,0,703000,703000,16006614,16006614,702000,702000,0,0,0,0,704,704,702,702,1395,1395,CONSISTENT
22280,703098,35000,35000,0,0,0,0,0,754706,35,703063,35,705,705,1407,1766,2,0,1166,705,705,705,703,703,16,1,35000,35,35,35,10,1407,10,1407,35000,35,35000,35,754706,35,16024232,0,703000,703000,16006614,16006614,702000,702000,0,0,0,0,704,704,702,702,1766,1766,CONSISTENT
22290,703284,35000,35000,0,0,0,0,0,754706,35,703249,35,705,705,1408,952,1,1000,862,705,705,705,704,704,26,1,35000,35,35,35,10,1408,10,1408,35000,35,35000,35,754706,35,16028533,0,703000,703000,16006614,16006614,703000,703000,0,0,0,0,704,704,703,703,953,953,CONSISTENT
22300,703619,35000,35000,0,0,0,0,0,754706,35,703584,35,706,706,1409,1287,2,0,1004,706,706,706,704,704,6,1,35000,35,35,35,10,1409,10,1409,35000,35,35000,35,754706,35,16036215,0,704000,704000,16029614,16029614,703000,703000,0,0,0,0,705,705,703,703,1287,1287,CONSISTENT
22310,703975,35000,35000,0,0,0,0,0,754706,35,703940,35,706,706,1409,1643,2,0,1004,706,706,706,704,704,16,1,35000,35,35,35,10,1409,10,1409,35000,35,35000,35,754706,35,16044449,0,704000,704000,16029614,16029614,703000,703000,0,0,0,0,705,705,703,703,1647,1648,TORN-PERSISTENT
22320,704177,35000,35000,0,0,0,0,0,754706,35,704142,35,706,706,1410,846,1,1000,668,706,706,706,705,705,28,1,35000,35,35,35,10,1410,10,1410,35000,35,35000,35,754706,35,16049072,0,704000,704000,16029614,16029614,704000,704000,0,0,0,0,705,705,704,704,846,846,CONSISTENT
22330,704540,35000,35000,0,0,0,0,0,754706,35,704505,35,707,707,1411,1209,2,0,1058,707,707,707,705,705,4,1,35000,35,35,35,10,1411,10,1411,35000,35,35000,35,754706,35,16057421,0,705000,705000,16052614,16052614,704000,704000,0,0,0,0,706,706,704,704,1210,1210,CONSISTENT
22340,704815,35000,35000,0,0,0,0,0,754706,35,704780,35,707,707,1412,485,1,1000,474,707,707,707,706,706,12,1,35000,35,35,35,10,1412,10,1412,35000,35,35000,35,754706,35,16063769,0,705000,705000,16052614,16052614,705000,705000,0,0,0,0,706,706,705,705,485,485,CONSISTENT
22350,705111,35000,35000,0,0,0,0,0,754706,35,705076,35,707,707,1412,781,1,1000,474,707,707,707,706,706,22,1,35000,35,35,35,10,1412,10,1412,35000,35,35000,35,754706,35,16070600,0,705000,705000,16052614,16052614,705000,705000,0,0,0,0,706,706,705,705,784,784,CONSISTENT
22360,705447,35000,35000,0,0,0,0,0,754706,35,705412,35,708,708,1413,1117,2,0,1003,708,708,708,706,706,2,1,35000,35,35,35,10,1413,10,1413,35000,35,35000,35,754706,35,16078305,0,706000,706000,16075614,16075614,705000,705000,0,0,0,0,707,707,705,705,1120,1121,TORN-PERSISTENT
22370,705822,35000,35000,0,0,0,0,0,754706,35,705787,35,708,708,1413,1492,2,0,1003,708,708,708,706,706,12,1,35000,35,35,35,10,1413,10,1413,35000,35,35000,35,754706,35,16086953,0,706000,706000,16075614,16075614,705000,705000,0,0,0,0,707,707,705,705,1496,1496,CONSISTENT
22380,706140,35000,35000,0,0,0,0,0,754706,35,706105,35,708,708,1414,811,1,1000,805,708,708,708,707,707,22,1,35000,35,35,35,10,1414,10,1414,35000,35,35000,35,754706,35,16094267,0,706000,706000,16075614,16075614,706000,706000,0,0,0,0,707,707,706,706,811,811,CONSISTENT
22390,706378,35000,35000,0,0,0,0,0,754706,35,706343,35,708,708,1414,1049,2,1000,805,708,709,708,707,707,32,1,35000,35,35,35,10,1414,10,1414,35000,35,35000,35,754706,35,16099741,0,707000,707000,16098614,16098614,706000,706000,0,0,0,0,708,708,706,706,1051,1051,CONSISTENT
22400,706710,35000,35000,0,0,0,0,0,754706,35,706675,35,709,709,1415,1381,2,0,1055,709,709,709,707,707,8,1,35000,35,35,35,10,1415,10,1415,35000,35,35000,35,754706,35,16107400,0,707000,707000,16098614,16098614,706000,706000,0,0,0,0,708,708,706,706,1382,1382,CONSISTENT
22410,706943,35000,35000,0,0,0,0,0,754706,35,706908,35,709,709,1416,615,1,1000,607,709,709,709,708,708,18,1,35000,35,35,35,10,1416,10,1416,35000,35,35000,35,754706,35,16112759,0,707000,707000,16098614,16098614,707000,707000,0,0,0,0,708,708,707,707,615,615,CONSISTENT
22420,707270,35000,35000,0,0,0,0,0,754706,35,707235,35,709,709,1416,942,1,1000,607,709,709,709,708,708,28,1,35000,35,35,35,10,1416,10,1416,35000,35,35000,35,754706,35,16120280,0,707000,707000,16098614,16098614,707000,707000,0,0,0,0,708,708,707,707,942,942,CONSISTENT
22430,707625,35000,35000,0,0,0,0,0,754706,35,707590,35,710,710,1417,1297,2,0,1061,710,710,710,708,708,6,1,35000,35,35,35,10,1417,10,1417,35000,35,35000,35,754706,35,16128445,0,708000,708000,16121614,16121614,707000,707000,0,0,0,0,709,709,707,707,1298,1298,CONSISTENT
22440,707983,35000,35000,0,0,0,0,0,754706,35,707948,35,710,710,1417,1655,2,0,1061,710,710,710,708,708,16,1,35000,35,35,35,10,1417,10,1417,35000,35,35000,35,754706,35,16136679,0,708000,708000,16121614,16121614,707000,707000,0,0,0,0,709,709,707,707,1658,1658,CONSISTENT
22450,708211,35000,35000,0,0,0,0,0,754706,35,708176,35,710,710,1418,884,1,1000,876,710,710,710,709,709,26,1,35000,35,35,35,10,1418,10,1418,35000,35,35000,35,754706,35,16141946,0,708000,708000,16121614,16121614,708000,708000,0,0,0,0,709,709,708,708,884,884,CONSISTENT
22460,708510,35000,35000,0,0,0,0,0,754706,35,708475,35,711,711,1419,1183,2,0,1028,711,711,711,709,709,4,1,35000,35,35,35,10,1419,10,1419,35000,35,35000,35,754706,35,16148823,0,709000,709000,16144614,16144614,708000,708000,0,0,0,0,710,710,708,708,1183,1183,CONSISTENT
22470,708876,35000,35000,0,0,0,0,0,754706,35,708841,35,711,711,1419,1549,2,0,1028,711,711,711,709,709,14,1,35000,35,35,35,10,1419,10,1419,35000,35,35000,35,754706,35,16157241,0,709000,709000,16144614,16144614,708000,708000,0,0,0,0,710,710,708,708,1549,1549,CONSISTENT
22480,709068,35000,35000,0,0,0,0,0,754706,35,709033,35,711,711,1420,742,1,1000,697,711,711,711,710,710,24,1,35000,35,35,35,10,1420,10,1420,35000,35,35000,35,754706,35,16161703,0,709000,709000,16144614,16144614,709000,709000,0,0,0,0,710,710,709,709,744,744,CONSISTENT
22490,709430,35000,35000,0,0,0,0,0,754706,35,709395,35,712,712,1421,1104,2,0,1020,712,712,712,710,710,2,1,35000,35,35,35,10,1421,10,1421,35000,35,35000,35,754706,35,16170006,0,710000,710000,16167614,16167614,709000,709000,0,0,0,0,711,711,709,709,1105,1105,CONSISTENT
22500,709789,35000,35000,0,0,0,0,0,754706,35,709754,35,712,712,1421,1463,2,0,1020,712,712,712,710,710,10,1,35000,35,35,35,10,1421,10,1421,35000,35,35000,35,754706,35,16178263,0,710000,710000,16167614,16167614,709000,709000,0,0,0,0,711,711,709,709,1463,1463,CONSISTENT
22510,709842,35000,35000,0,0,0,0,0,754706,35,709807,35,712,712,1422,517,1,1000,464,712,712,712,711,711,21,1,35000,35,35,35,10,1422,10,1422,35000,35,35000,35,754706,35,16179505,0,710000,710000,16167614,16167614,710000,710000,0,0,0,0,711,711,710,710,518,518,CONSISTENT
22520,710206,35000,35000,0,0,0,0,0,754706,35,710171,35,712,712,1422,881,1,1000,464,712,712,712,711,711,31,1,35000,35,35,35,10,1422,10,1422,35000,35,35000,35,754706,35,16187877,0,710000,710000,16167614,16167614,710000,710000,0,0,0,0,711,711,710,710,883,885,TORN-PERSISTENT
22530,710569,35000,35000,0,0,0,0,0,754706,35,710534,35,713,713,1423,1244,2,0,1070,713,713,713,711,711,4,1,35000,35,35,35,10,1423,10,1423,35000,35,35000,35,754706,35,16196249,0,711000,711000,16190614,16190614,710000,710000,0,0,0,0,712,712,710,710,1245,1245,CONSISTENT
22540,710935,35000,35000,0,0,0,0,0,754706,35,710900,35,713,713,1423,1610,2,0,1070,713,713,713,711,711,14,1,35000,35,35,35,10,1423,10,1423,35000,35,35000,35,754706,35,16204667,0,711000,711000,16190614,16190614,710000,710000,0,0,0,0,712,712,710,710,1612,1613,TORN-PERSISTENT
22550,711131,35000,35000,0,0,0,0,0,754706,35,711096,35,713,713,1424,807,1,1000,652,713,713,713,712,712,24,1,35000,35,35,35,10,1424,10,1424,35000,35,35000,35,754706,35,16209221,0,711000,711000,16190614,16190614,711000,711000,0,0,0,0,712,712,711,711,810,810,CONSISTENT
22560,711461,35000,35000,0,0,0,0,0,754706,35,711426,35,714,714,1425,1137,2,0,1010,714,714,714,712,712,2,1,35000,35,35,35,10,1425,10,1425,35000,35,35000,35,754706,35,16216788,0,712000,712000,16213614,16213614,711000,711000,0,0,0,0,713,713,711,711,1141,1141,CONSISTENT
22570,711838,35000,35000,0,0,0,0,0,754706,35,711803,35,714,714,1425,1514,2,0,1010,714,714,714,712,712,14,1,35000,35,35,35,10,1425,10,1425,35000,35,35000,35,754706,35,16225436,0,712000,712000,16213614,16213614,711000,711000,0,0,0,0,713,713,711,711,1516,1516,CONSISTENT
22580,712047,35000,35000,0,0,0,0,0,754706,35,712012,35,714,714,1426,724,1,1000,569,714,714,714,713,713,24,1,35000,35,35,35,10,1426,10,1426,35000,35,35000,35,754706,35,16230266,0,712000,712000,16213614,16213614,712000,712000,0,0,0,0,713,713,712,712,724,724,CONSISTENT
22590,712405,35000,35000,0,0,0,0,0,754706,35,712370,35,715,715,1427,1082,2,0,1005,715,715,715,713,713,2,1,35000,35,35,35,10,1427,10,1427,35000,35,35000,35,754706,35,16238500,0,713000,713000,16236614,16236614,712000,712000,0,0,0,0,714,714,712,712,1082,1082,CONSISTENT
22600,712783,35000,35000,0,0,0,0,0,754706,35,712748,35,715,715,1427,1460,2,0,1005,715,715,715,713,713,12,1,35000,35,35,35,10,1427,10,1427,35000,35,35000,35,754706,35,16247194,0,713000,713000,16236614,16236614,712000,712000,0,0,0,0,714,714,712,712,1461,1461,CONSISTENT
22611,713121,35000,35000,0,0,0,0,0,754706,35,713086,35,715,715,1428,799,1,1000,791,715,715,715,714,714,21,1,35000,35,35,35,10,1428,10,1428,35000,35,35000,35,754706,35,16254991,0,713000,713000,16236614,16236614,713000,713000,0,0,0,0,714,714,713,713,799,799,CONSISTENT
22620,713289,35000,35000,0,0,0,0,0,754706,35,713254,35,715,715,1428,967,1,1000,791,715,715,715,714,714,30,1,35000,35,35,35,10,1428,10,1428,35000,35,35000,35,754706,35,16258855,0,713000,713000,16236614,16236614,713000,713000,0,0,0,0,714,714,713,713,967,967,CONSISTENT
22630,713650,35000,35000,0,0,0,0,0,754706,35,713615,35,716,716,1429,1328,2,0,1058,716,716,716,714,714,5,1,35000,35,35,35,10,1429,10,1429,35000,35,35000,35,754706,35,16267181,0,714000,714000,16259614,16259614,713000,713000,0,0,0,0,715,715,713,713,1329,1329,CONSISTENT
22640,713899,35000,35000,0,0,0,0,0,754706,35,713864,35,716,716,1430,578,1,1000,574,716,716,716,715,715,16,1,35000,35,35,35,10,1430,10,1430,35000,35,35000,35,754706,35,16272908,0,714000,714000,16259614,16259614,714000,714000,0,0,0,0,715,715,714,714,578,578,CONSISTENT
22650,714199,35000,35000,0,0,0,0,0,754706,35,714164,35,716,716,1430,878,1,1000,574,716,716,716,715,715,26,1,35000,35,35,35,10,1430,10,1430,35000,35,35000,35,754706,35,16279808,0,714000,714000,16259614,16259614,714000,714000,0,0,0,0,715,715,714,714,881,882,TORN-PERSISTENT
22660,714561,35000,35000,0,0,0,0,0,754706,35,714526,35,717,717,1431,1240,2,0,1026,717,717,717,715,715,4,1,35000,35,35,35,10,1431,10,1431,35000,35,35000,35,754706,35,16288134,0,715000,715000,16282614,16282614,714000,714000,0,0,0,0,716,716,714,714,1243,1243,CONSISTENT
22670,714894,35000,35000,0,0,0,0,0,754706,35,714859,35,717,717,1431,1573,2,0,1026,717,717,717,715,715,14,1,35000,35,35,35,10,1431,10,1431,35000,35,35000,35,754706,35,16295793,0,715000,715000,16282614,16282614,714000,714000,0,0,0,0,716,716,714,714,1573,1573,CONSISTENT
22680,715211,35000,35000,0,0,0,0,0,754706,35,715176,35,717,717,1432,891,1,1000,883,717,717,717,716,716,24,1,35000,35,35,35,10,1432,10,1432,35000,35,35000,35,754706,35,16303107,0,715000,715000,16282614,16282614,715000,715000,0,0,0,0,716,716,715,715,891,891,CONSISTENT
22690,715446,35000,35000,0,0,0,0,0,754706,35,715411,35,718,718,1433,1126,2,0,1037,718,718,718,716,716,2,1,35000,35,35,35,10,1433,10,1433,35000,35,35000,35,754706,35,16308512,0,716000,716000,16305614,16305614,715000,715000,0,0,0,0,717,717,715,715,1127,1127,CONSISTENT
22700,715805,35000,35000,0,0,0,0,0,754706,35,715770,35,718,718,1433,1485,2,0,1037,718,718,718,716,716,12,1,35000,35,35,35,10,1433,10,1433,35000,35,35000,35,754706,35,16316769,0,716000,716000,16305614,16305614,715000,715000,0,0,0,0,717,717,715,715,1486,1487,TORN-PERSISTENT
22710,715994,35000,35000,0,0,0,0,0,754706,35,715959,35,718,718,1434,675,1,1000,635,718,718,718,717,717,22,1,35000,35,35,35,10,1434,10,1434,35000,35,35000,35,754706,35,16321162,0,716000,716000,16305614,16305614,716000,716000,0,0,0,0,717,717,716,716,676,676,CONSISTENT
22721,716359,35000,35000,0,0,0,0,0,754706,35,716324,35,718,718,1434,1040,2,1000,635,718,719,718,717,717,32,1,35000,35,35,35,10,1434,10,1434,35000,35,35000,35,754706,35,16329534,0,717000,717000,16328614,16328614,716000,716000,0,0,0,0,718,718,716,716,1041,1041,CONSISTENT
22730,716688,35000,35000,0,0,0,0,0,754706,35,716653,35,719,719,1435,1369,2,0,1072,719,719,719,717,717,8,1,35000,35,35,35,10,1435,10,1435,35000,35,35000,35,754706,35,16337101,0,717000,717000,16328614,16328614,716000,716000,0,0,0,0,718,718,716,716,1369,1369,CONSISTENT
22740,716881,35000,35000,0,0,0,0,0,754706,35,716846,35,719,719,1436,563,1,1000,460,719,719,719,718,718,18,1,35000,35,35,35,10,1436,10,1436,35000,35,35000,35,754706,35,16341586,0,717000,717000,16328614,16328614,717000,717000,0,0,0,0,718,718,717,717,564,564,CONSISTENT
22750,717249,35000,35000,0,0,0,0,0,754706,35,717214,35,719,719,1436,931,1,1000,460,719,719,719,718,718,28,1,35000,35,35,35,10,1436,10,1436,35000,35,35000,35,754706,35,16350050,0,717000,717000,16328614,16328614,717000,717000,0,0,0,0,718,718,717,717,932,932,CONSISTENT
22760,717608,35000,35000,0,0,0,0,0,754706,35,717573,35,720,720,1437,1290,2,0,1064,720,720,720,718,718,6,1,35000,35,35,35,10,1437,10,1437,35000,35,35000,35,754706,35,16358284,0,718000,718000,16351614,16351614,717000,717000,0,0,0,0,719,719,717,717,1290,1290,CONSISTENT
22770,717973,35000,35000,0,0,0,0,0,754706,35,717938,35,720,720,1437,1655,2,0,1064,720,720,720,718,718,16,1,35000,35,35,35,10,1437,10,1437,35000,35,35000,35,754706,35,16366679,0,718000,718000,16351614,16351614,717000,717000,0,0,0,0,719,719,717,717,1657,1659,TORN-PERSISTENT
22780,718132,35000,35000,0,0,0,0,0,754706,35,718097,35,720,720,1438,815,1,1000,769,720,720,720,719,719,24,1,35000,35,35,35,10,1438,10,1438,35000,35,35000,35,754706,35,16370382,0,718000,718000,16351614,16351614,718000,718000,0,0,0,0,719,719,718,718,816,816,CONSISTENT
22790,718494,35000,35000,0,0,0,0,0,754706,35,718459,35,721,721,1439,1177,2,0,1045,721,721,721,719,719,2,1,35000,35,35,35,10,1439,10,1439,35000,35,35000,35,754706,35,16378708,0,719000,719000,16374614,16374614,718000,718000,0,0,0,0,720,720,718,718,1182,1182,CONSISTENT
22800,718859,35000,35000,0,0,0,0,0,754706,35,718824,35,721,721,1439,1542,2,0,1045,721,721,721,719,719,12,1,35000,35,35,35,10,1439,10,1439,35000,35,35000,35,754706,35,16387080,0,719000,719000,16374614,16374614,718000,718000,0,0,0,0,720,720,718,718,1542,1542,CONSISTENT
22810,718933,35000,35000,0,0,0,0,0,754706,35,718898,35,721,721,1440,617,1,1000,543,721,721,721,720,720,22,1,35000,35,35,35,10,1440,10,1440,35000,35,35000,35,754706,35,16388805,0,719000,719000,16374614,16374614,719000,719000,0,0,0,0,720,720,719,719,618,618,CONSISTENT
22820,719307,35000,35000,0,0,0,0,0,754706,35,719272,35,721,721,1440,991,1,1000,543,721,721,721,720,720,32,1,35000,35,35,35,10,1440,10,1440,35000,35,35000,35,754706,35,16397430,0,719000,719000,16374614,16374614,719000,719000,0,0,0,0,720,720,719,719,992,992,CONSISTENT
22831,719670,35000,35000,0,0,0,0,0,754706,35,719635,35,722,722,1441,1354,2,0,1114,722,722,722,720,720,6,1,35000,35,35,35,10,1441,10,1441,35000,35,35000,35,754706,35,16405756,0,720000,720000,16397614,16397614,719000,719000,0,0,0,0,721,721,719,719,1354,1354,CONSISTENT
22840,719965,35000,35000,0,0,0,0,0,754706,35,719930,35,722,722,1442,650,1,1000,644,722,722,722,721,721,14,1,35000,35,35,35,10,1442,10,1442,35000,35,35000,35,754706,35,16412564,0,720000,720000,16397614,16397614,720000,720000,0,0,0,0,721,721,720,720,650,650,CONSISTENT
22850,720190,35000,35000,0,0,0,0,0,754706,35,720155,35,722,722,1442,875,1,1000,644,722,722,722,721,721,26,1,35000,35,35,35,10,1442,10,1442,35000,35,35000,35,754706,35,16417739,0,720000,720000,16397614,16397614,720000,720000,0,0,0,0,721,721,720,720,875,875,CONSISTENT
22860,720553,35000,35000,0,0,0,0,0,754706,35,720518,35,723,723,1443,1238,2,0,1006,723,723,723,721,721,6,1,35000,35,35,35,10,1443,10,1443,35000,35,35000,35,754706,35,16426088,0,721000,721000,16420614,16420614,720000,720000,0,0,0,0,722,722,720,720,1238,1238,CONSISTENT
22870,720923,35000,35000,0,0,0,0,0,754706,35,720888,35,723,723,1443,1608,2,0,1006,723,723,723,721,721,16,1,35000,35,35,35,10,1443,10,1443,35000,35,35000,35,754706,35,16434598,0,721000,721000,16420614,16420614,720000,720000,0,0,0,0,722,722,720,720,1611,1611,CONSISTENT
22880,721244,35000,35000,0,0,0,0,0,754706,35,721209,35,723,723,1444,930,1,1000,921,723,723,723,722,722,26,1,35000,35,35,35,10,1444,10,1444,35000,35,35000,35,754706,35,16442004,0,721000,721000,16420614,16420614,721000,721000,0,0,0,0,722,722,721,721,930,930,CONSISTENT
22890,721442,35000,35000,0,0,0,0,0,754706,35,721407,35,724,724,1445,1128,2,0,1064,724,724,724,722,722,0,1,35000,35,35,35,10,1445,10,1445,35000,35,35000,35,754706,35,16446581,0,722000,722000,16443614,16443614,721000,721000,0,0,0,0,723,723,721,721,1129,1129,CONSISTENT
22900,721806,35000,35000,0,0,0,0,0,754706,35,721771,35,724,724,1445,1492,2,0,1064,724,724,724,722,722,10,1,35000,35,35,35,10,1445,10,1445,35000,35,35000,35,754706,35,16454930,0,722000,722000,16443614,16443614,721000,721000,0,0,0,0,723,723,721,721,1492,1492,CONSISTENT
22910,721999,35000,35000,0,0,0,0,0,754706,35,721964,35,724,724,1446,686,1,1000,679,724,724,724,723,723,20,1,35000,35,35,35,10,1446,10,1446,35000,35,35000,35,754706,35,16459392,0,722000,722000,16443614,16443614,722000,722000,0,0,0,0,723,723,722,722,686,686,CONSISTENT
22920,722352,35000,35000,0,0,0,0,0,754706,35,722317,35,724,724,1446,1039,2,1000,679,724,725,724,723,723,30,1,35000,35,35,35,10,1446,10,1446,35000,35,35000,35,754706,35,16467534,0,723000,723000,16466614,16466614,722000,722000,0,0,0,0,724,724,722,722,1042,1044,TORN-PERSISTENT
22930,722725,35000,35000,0,0,0,0,0,754706,35,722690,35,725,725,1447,1412,2,0,1056,725,725,725,723,723,8,1,35000,35,35,35,10,1447,10,1447,35000,35,35000,35,754706,35,16476113,0,723000,723000,16466614,16466614,722000,722000,0,0,0,0,724,724,722,722,1413,1413,CONSISTENT
22940,722873,35000,35000,0,0,0,0,0,754706,35,722838,35,725,725,1448,561,1,1000,518,725,725,725,724,724,18,1,35000,35,35,35,10,1448,10,1448,35000,35,35000,35,754706,35,16479517,0,723000,723000,16466614,16466614,723000,723000,0,0,0,0,724,724,723,723,563,563,CONSISTENT
22950,723230,35000,35000,0,0,0,0,0,754706,35,723195,35,725,725,1448,918,1,1000,518,725,725,725,724,724,28,1,35000,35,35,35,10,1448,10,1448,35000,35,35000,35,754706,35,16487728,0,723000,723000,16466614,16466614,723000,723000,0,0,0,0,724,724,723,723,920,920,CONSISTENT
22960,723604,35000,35000,0,0,0,0,0,754706,35,723569,35,726,726,1449,1292,2,0,1021,726,726,726,724,724,6,1,35000,35,35,35,10,1449,10,1449,35000,35,35000,35,754706,35,16496330,0,724000,724000,16489614,16489614,723000,723000,0,0,0,0,725,725,723,723,1295,1296,TORN-PERSISTENT
22970,723962,35000,35000,0,0,0,0,0,754706,35,723927,35,726,726,1449,1650,2,0,1021,726,726,726,724,724,16,1,35000,35,35,35,10,1449,10,1449,35000,35,35000,35,754706,35,16504564,0,724000,724000,16489614,16489614,723000,723000,0,0,0,0,725,725,723,723,1650,1650,CONSISTENT
22980,724153,35000,35000,0,0,0,0,0,754706,35,724118,35,726,726,1450,842,1,1000,787,726,726,726,725,725,26,1,35000,35,35,35,10,1450,10,1450,35000,35,35000,35,754706,35,16508980,0,724000,724000,16489614,16489614,724000,724000,0,0,0,0,725,725,724,724,843,844,TORN-PERSISTENT
22990,724485,35000,35000,0,0,0,0,0,754706,35,724450,35,727,727,1451,1174,2,0,1020,727,727,727,725,725,4,1,35000,35,35,35,10,1451,10,1451,35000,35,35000,35,754706,35,16516616,0,725000,725000,16512614,16512614,724000,724000,0,0,0,0,726,726,724,724,1174,1174,CONSISTENT
23000,724852,35000,35000,0,0,0,0,0,754706,35,724817,35,727,727,1451,1541,2,0,1020,727,727,727,725,725,14,1,35000,35,35,35,10,1451,10,1451,35000,35,35000,35,754706,35,16525057,0,725000,725000,16512614,16512614,724000,724000,0,0,0,0,726,726,724,724,1541,1541,CONSISTENT
23010,725047,35000,35000,0,0,0,0,0,754706,35,725012,35,727,727,1452,737,1,1000,587,727,727,727,726,726,24,1,35000,35,35,35,10,1452,10,1452,35000,35,35000,35,754706,35,16529565,0,725000,725000,16512614,16512614,725000,725000,0,0,0,0,726,726,725,725,737,737,CONSISTENT
23020,725403,35000,35000,0,0,0,0,0,754706,35,725368,35,728,728,1453,1093,2,0,1069,728,728,728,726,726,0,1,35000,35,35,35,10,1453,10,1453,35000,35,35000,35,754706,35,16537799,0,726000,726000,16535614,16535614,725000,725000,0,0,0,0,727,727,725,725,1095,1095,CONSISTENT
23030,725767,35000,35000,0,0,0,0,0,754706,35,725732,35,728,728,1453,1457,2,0,1069,728,728,728,726,726,10,1,35000,35,35,35,10,1453,10,1453,35000,35,35000,35,754706,35,16546125,0,726000,726000,16535614,16535614,725000,725000,0,0,0,0,727,727,725,725,1459,1460,TORN-PERSISTENT
23040,726129,35000,35000,0,0,0,0,0,754706,35,726094,35,728,728,1453,1819,2,0,1069,728,728,728,726,726,20,1,35000,35,35,35,10,1453,10,1453,35000,35,35000,35,754706,35,16554497,0,726000,726000,16535614,16535614,725000,725000,0,0,0,0,727,727,725,725,1821,1821,CONSISTENT
23050,726289,35000,35000,0,0,0,0,0,754706,35,726254,35,728,728,1454,980,1,1000,873,728,728,728,727,727,28,1,35000,35,35,35,10,1454,10,1454,35000,35,35000,35,754706,35,16558154,0,726000,726000,16535614,16535614,726000,726000,0,0,0,0,727,727,726,726,980,980,CONSISTENT
23060,726652,35000,35000,0,0,0,0,0,754706,35,726617,35,729,729,1455,1343,2,0,1071,729,729,729,727,727,6,1,35000,35,35,35,10,1455,10,1455,35000,35,35000,35,754706,35,16566526,0,727000,727000,16558614,16558614,726000,726000,0,0,0,0,728,728,726,726,1344,1344,CONSISTENT
23070,726973,35000,35000,0,0,0,0,0,754706,35,726938,35,729,729,1456,665,1,1000,658,729,729,729,728,728,16,1,35000,35,35,35,10,1456,10,1456,35000,35,35000,35,754706,35,16573909,0,727000,727000,16558614,16558614,727000,727000,0,0,0,0,728,728,727,727,665,665,CONSISTENT
23080,727191,35000,35000,0,0,0,0,0,754706,35,727156,35,729,729,1456,883,1,1000,658,729,729,729,728,728,26,1,35000,35,35,35,10,1456,10,1456,35000,35,35000,35,754706,35,16578923,0,727000,727000,16558614,16558614,727000,727000,0,0,0,0,728,728,727,727,884,886,TORN-PERSISTENT
23090,727552,35000,35000,0,0,0,0,0,754706,35,727517,35,730,730,1457,1244,2,0,1027,730,730,730,728,728,6,1,35000,35,35,35,10,1457,10,1457,35000,35,35000,35,754706,35,16587226,0,728000,728000,16581614,16581614,727000,727000,0,0,0,0,729,729,727,727,1247,1247,CONSISTENT
23100,727726,35000,35000,0,0,0,0,0,754706,35,727691,35,730,730,1458,419,1,1000,416,730,730,730,729,729,14,1,35000,35,35,35,10,1458,10,1458,35000,35,35000,35,754706,35,16591251,0,728000,728000,16581614,16581614,728000,728000,0,0,0,0,729,729,728,728,419,419,CONSISTENT
23110,727973,35000,35000,0,0,0,0,0,754706,35,727938,35,730,730,1458,666,1,1000,416,730,730,730,729,729,25,1,35000,35,35,35,10,1458,10,1458,35000,35,35000,35,754706,35,16596932,0,728000,728000,16581614,16581614,728000,728000,0,0,0,0,729,729,728,728,666,666,CONSISTENT
23120,728333,35000,35000,0,0,0,0,0,754706,35,728298,35,731,731,1459,1026,2,0,1022,731,731,731,729,729,0,1,35000,35,35,35,10,1459,10,1459,35000,35,35000,35,754706,35,16605212,0,729000,729000,16604614,16604614,728000,728000,0,0,0,0,730,730,728,728,1026,1026,CONSISTENT
23130,728693,35000,35000,0,0,0,0,0,754706,35,728658,35,731,731,1459,1386,2,0,1022,731,731,731,729,729,10,1,35000,35,35,35,10,1459,10,1459,35000,35,35000,35,754706,35,16613492,0,729000,729000,16604614,16604614,728000,728000,0,0,0,0,730,730,728,728,1388,1389,TORN-PERSISTENT
23140,728882,35000,35000,0,0,0,0,0,754706,35,728847,35,731,731,1460,576,1,1000,496,731,731,731,730,730,20,1,35000,35,35,35,10,1460,10,1460,35000,35,35000,35,754706,35,16617862,0,729000,729000,16604614,16604614,729000,729000,0,0,0,0,730,730,729,729,579,579,CONSISTENT
23150,729207,35000,35000,0,0,0,0,0,754706,35,729172,35,731,731,1460,901,1,1000,496,731,731,731,730,730,28,1,35000,35,35,35,10,1460,10,1460,35000,35,35000,35,754706,35,16625360,0,729000,729000,16604614,16604614,729000,729000,0,0,0,0,730,730,729,729,902,902,CONSISTENT
23160,729569,35000,35000,0,0,0,0,0,754706,35,729534,35,732,732,1461,1263,2,0,1047,732,732,732,730,730,4,1,35000,35,35,35,10,1461,10,1461,35000,35,35000,35,754706,35,16633663,0,730000,730000,16627614,16627614,729000,729000,0,0,0,0,731,731,729,729,1263,1263,CONSISTENT
23170,729932,35000,35000,0,0,0,0,0,754706,35,729897,35,732,732,1461,1626,2,0,1047,732,732,732,730,730,14,1,35000,35,35,35,10,1461,10,1461,35000,35,35000,35,754706,35,16642035,0,730000,730000,16627614,16627614,729000,729000,0,0,0,0,731,731,729,729,1628,1628,CONSISTENT
23180,730121,35000,35000,0,0,0,0,0,754706,35,730086,35,732,732,1462,816,1,1000,752,732,732,732,731,731,24,1,35000,35,35,35,10,1462,10,1462,35000,35,35000,35,754706,35,16646382,0,730000,730000,16627614,16627614,730000,730000,0,0,0,0,731,731,730,730,816,816,CONSISTENT
23190,730488,35000,35000,0,0,0,0,0,754706,35,730453,35,733,733,1463,1183,2,0,1045,733,733,733,731,731,2,1,35000,35,35,35,10,1463,10,1463,35000,35,35000,35,754706,35,16654823,0,731000,731000,16650614,16650614,730000,730000,0,0,0,0,732,732,730,730,1183,1183,CONSISTENT
23200,730808,35000,35000,0,0,0,0,0,754706,35,730773,35,733,733,1463,1503,2,0,1045,733,733,733,731,731,12,1,35000,35,35,35,10,1463,10,1463,35000,35,35000,35,754706,35,16662183,0,731000,731000,16650614,16650614,730000,730000,0,0,0,0,732,732,730,730,1504,1504,CONSISTENT
23210,731004,35000,35000,0,0,0,0,0,754706,35,730969,35,733,733,1464,700,1,1000,521,733,733,733,732,732,22,1,35000,35,35,35,10,1464,10,1464,35000,35,35000,35,754706,35,16666714,0,731000,731000,16650614,16650614,731000,731000,0,0,0,0,732,732,731,731,703,703,CONSISTENT
23220,731376,35000,35000,0,0,0,0,0,754706,35,731341,35,734,734,1465,1072,2,0,1018,734,734,734,732,732,0,1,35000,35,35,35,10,1465,10,1465,35000,35,35000,35,754706,35,16675293,0,732000,732000,16673614,16673614,731000,731000,0,0,0,0,733,733,731,731,1073,1073,CONSISTENT
23230,731737,35000,35000,0,0,0,0,0,754706,35,731702,35,734,734,1465,1433,2,0,1018,734,734,734,732,732,10,1,35000,35,35,35,10,1465,10,1465,35000,35,35000,35,754706,35,16683573,0,732000,732000,16673614,16673614,731000,731000,0,0,0,0,733,733,731,731,1433,1433,CONSISTENT
23240,732100,35000,35000,0,0,0,0,0,754706,35,732065,35,734,734,1465,1796,2,0,1018,734,734,734,732,732,20,1,35000,35,35,35,10,1465,10,1465,35000,35,35000,35,754706,35,16691922,0,732000,732000,16673614,16673614,731000,731000,0,0,0,0,733,733,731,731,1799,1799,CONSISTENT
23250,732250,35000,35000,0,0,0,0,0,754706,35,732215,35,734,734,1466,947,1,1000,801,734,734,734,733,733,30,1,35000,35,35,35,10,1466,10,1466,35000,35,35000,35,754706,35,16695418,0,732000,732000,16673614,16673614,732000,732000,0,0,0,0,733,733,732,732,948,948,CONSISTENT
23260,732618,35000,35000,0,0,0,0,0,754706,35,732583,35,735,735,1467,1315,2,0,1012,735,735,735,733,733,8,1,35000,35,35,35,10,1467,10,1467,35000,35,35000,35,754706,35,16703859,0,733000,733000,16696614,16696614,732000,732000,0,0,0,0,734,734,732,732,1315,1315,CONSISTENT
23270,732898,35000,35000,0,0,0,0,0,754706,35,732863,35,735,735,1468,596,1,1000,586,735,735,735,734,734,18,1,35000,35,35,35,10,1468,10,1468,35000,35,35000,35,754706,35,16710322,0,733000,733000,16696614,16696614,733000,733000,0,0,0,0,734,734,733,733,596,596,CONSISTENT
23280,733169,35000,35000,0,0,0,0,0,754706,35,733134,35,735,735,1468,867,1,1000,586,735,735,735,734,734,28,1,35000,35,35,35,10,1468,10,1468,35000,35,35000,35,754706,35,16716555,0,733000,733000,16696614,16696614,733000,733000,0,0,0,0,734,734,733,733,867,867,CONSISTENT
23290,733531,35000,35000,0,0,0,0,0,754706,35,733496,35,736,736,1469,1229,2,0,1068,736,736,736,734,734,4,1,35000,35,35,35,10,1469,10,1469,35000,35,35000,35,754706,35,16724904,0,734000,734000,16719614,16719614,733000,733000,0,0,0,0,735,735,733,733,1234,1234,CONSISTENT
23300,733899,35000,35000,0,0,0,0,0,754706,35,733864,35,736,736,1469,1597,2,0,1068,736,736,736,734,734,14,1,35000,35,35,35,10,1469,10,1469,35000,35,35000,35,754706,35,16733345,0,734000,734000,16719614,16719614,733000,733000,0,0,0,0,735,735,733,733,1597,1597,CONSISTENT
23310,734044,35000,35000,0,0,0,0,0,754706,35,734009,35,736,736,1470,743,1,1000,688,736,736,736,735,735,24,1,35000,35,35,35,10,1470,10,1470,35000,35,35000,35,754706,35,16736703,0,734000,734000,16719614,16719614,734000,734000,0,0,0,0,735,735,734,734,745,745,CONSISTENT
23320,734413,35000,35000,0,0,0,0,0,754706,35,734378,35,737,737,1471,1112,2,0,1063,737,737,737,735,735,0,1,35000,35,35,35,10,1471,10,1471,35000,35,35000,35,754706,35,16745213,0,735000,735000,16742614,16742614,734000,734000,0,0,0,0,736,736,734,734,1115,1115,CONSISTENT
23330,734775,35000,35000,0,0,0,0,0,754706,35,734740,35,737,737,1471,1474,2,0,1063,737,737,737,735,735,10,1,35000,35,35,35,10,1471,10,1471,35000,35,35000,35,754706,35,16753539,0,735000,735000,16742614,16742614,734000,734000,0,0,0,0,736,736,734,734,1476,1476,CONSISTENT
23340,734993,35000,35000,0,0,0,0,0,754706,35,734958,35,737,737,1472,693,1,1000,678,737,737,737,736,736,20,1,35000,35,35,35,10,1472,10,1472,35000,35,35000,35,754706,35,16758553,0,735000,735000,16742614,16742614,735000,735000,0,0,0,0,736,736,735,735,693,693,CONSISTENT
23350,735330,35000,35000,0,0,0,0,0,754706,35,735295,35,737,737,1472,1030,2,1000,678,737,738,737,736,736,30,1,35000,35,35,35,10,1472,10,1472,35000,35,35000,35,754706,35,16766304,0,736000,736000,16765614,16765614,735000,735000,0,0,0,0,737,737,735,735,1035,1035,CONSISTENT
23360,735662,35000,35000,0,0,0,0,0,754706,35,735627,35,738,738,1473,1362,2,0,1030,738,738,738,736,736,8,1,35000,35,35,35,10,1473,10,1473,35000,35,35000,35,754706,35,16773940,0,736000,736000,16765614,16765614,735000,735000,0,0,0,0,737,737,735,735,1362,1362,CONSISTENT
23370,735840,35000,35000,0,0,0,0,0,754706,35,735805,35,738,738,1474,541,1,1000,512,738,738,738,737,737,18,1,35000,35,35,35,10,1474,10,1474,35000,35,35000,35,754706,35,16778057,0,736000,736000,16765614,16765614,736000,736000,0,0,0,0,737,737,736,736,543,543,CONSISTENT
23380,736207,35000,35000,0,0,0,0,0,754706,35,736172,35,738,738,1474,908,1,1000,512,738,738,738,737,737,28,1,35000,35,35,35,10,1474,10,1474,35000,35,35000,35,754706,35,16786521,0,736000,736000,16765614,16765614,736000,736000,0,0,0,0,737,737,736,736,909,909,CONSISTENT
23390,736563,35000,35000,0,0,0,0,0,754706,35,736528,35,739,739,1475,1264,2,0,1020,739,739,739,737,737,6,1,35000,35,35,35,10,1475,10,1475,35000,35,35000,35,754706,35,16794732,0,737000,737000,16788614,16788614,736000,736000,0,0,0,0,738,738,736,736,1266,1266,CONSISTENT
23400,736905,35000,35000,0,0,0,0,0,754706,35,736870,35,739,739,1475,1606,2,0,1020,739,739,739,737,737,16,1,35000,35,35,35,10,1475,10,1475,35000,35,35000,35,754706,35,16802552,0,737000,737000,16788614,16788614,736000,736000,0,0,0,0,738,738,736,736,1606,1606,CONSISTENT
23410,736961,35000,35000,0,0,0,0,0,754706,35,736926,35,739,739,1476,663,1,1000,607,739,739,739,738,738,25,1,35000,35,35,35,10,1476,10,1476,35000,35,35000,35,754706,35,16803886,0,737000,737000,16788614,16788614,737000,737000,0,0,0,0,738,738,737,737,666,667,TORN-PERSISTENT
23420,737321,35000,35000,0,0,0,0,0,754706,35,737286,35,740,740,1477,1023,2,0,1001,740,740,740,738,738,0,1,35000,35,35,35,10,1477,10,1477,35000,35,35000,35,754706,35,16812166,0,738000,738000,16811614,16811614,737000,737000,0,0,0,0,739,739,737,737,1024,1024,CONSISTENT
23430,737670,35000,35000,0,0,0,0,0,754706,35,737635,35,740,740,1477,1372,2,0,1001,740,740,740,738,738,10,1,35000,35,35,35,10,1477,10,1477,35000,35,35000,35,754706,35,16820170,0,738000,738000,16811614,16811614,737000,737000,0,0,0,0,739,739,737,737,1372,1372,CONSISTENT
23440,738031,35000,35000,0,0,0,0,0,754706,35,737996,35,740,740,1477,1733,2,0,1001,740,740,740,738,738,20,1,35000,35,35,35,10,1477,10,1477,35000,35,35000,35,754706,35,16828496,0,738000,738000,16811614,16811614,737000,737000,0,0,0,0,739,739,737,737,1735,1735,CONSISTENT
23450,738219,35000,35000,0,0,0,0,0,754706,35,738184,35,740,740,1478,922,1,1000,853,740,740,740,739,739,30,1,35000,35,35,35,10,1478,10,1478,35000,35,35000,35,754706,35,16832843,0,738000,738000,16811614,16811614,738000,738000,0,0,0,0,739,739,738,738,925,927,TORN-PERSISTENT
23460,738549,35000,35000,0,0,0,0,0,754706,35,738514,35,741,741,1479,1252,2,0,1057,741,741,741,739,739,4,1,35000,35,35,35,10,1479,10,1479,35000,35,35000,35,754706,35,16840410,0,739000,739000,16834614,16834614,738000,738000,0,0,0,0,740,740,738,738,1252,1252,CONSISTENT
23470,738906,35000,35000,0,0,0,0,0,754706,35,738871,35,741,741,1479,1609,2,0,1057,741,741,741,739,739,14,1,35000,35,35,35,10,1479,10,1479,35000,35,35000,35,754706,35,16848621,0,739000,739000,16834614,16834614,738000,738000,0,0,0,0,740,740,738,738,1609,1609,CONSISTENT
23480,739093,35000,35000,0,0,0,0,0,754706,35,739058,35,741,741,1480,797,1,1000,635,741,741,741,740,740,24,1,35000,35,35,35,10,1480,10,1480,35000,35,35000,35,754706,35,16852945,0,739000,739000,16834614,16834614,739000,739000,0,0,0,0,740,740,739,739,797,797,CONSISTENT
23490,739459,35000,35000,0,0,0,0,0,754706,35,739424,35,742,742,1481,1163,2,0,1012,742,742,742,740,740,4,1,35000,35,35,35,10,1481,10,1481,35000,35,35000,35,754706,35,16861363,0,740000,740000,16857614,16857614,739000,739000,0,0,0,0,741,741,739,739,1164,1164,CONSISTENT
23500,739750,35000,35000,0,0,0,0,0,754706,35,739715,35,742,742,1482,455,1,1000,451,742,742,742,741,741,14,1,35000,35,35,35,10,1482,10,1482,35000,35,35000,35,754706,35,16868079,0,740000,740000,16857614,16857614,740000,740000,0,0,0,0,741,741,740,740,455,455,CONSISTENT
23510,740002,35000,35000,0,0,0,0,0,754706,35,739967,35,742,742,1482,707,1,1000,451,742,742,742,741,741,24,1,35000,35,35,35,10,1482,10,1482,35000,35,35000,35,754706,35,16873898,0,740000,740000,16857614,16857614,740000,740000,0,0,0,0,741,741,740,740,708,708,CONSISTENT
23520,740323,35000,35000,0,0,0,0,0,754706,35,740288,35,742,742,1482,1028,2,1000,451,742,743,742,741,741,32,1,35000,35,35,35,10,1482,10,1482,35000,35,35000,35,754706,35,16881281,0,741000,741000,16880614,16880614,740000,740000,0,0,0,0,742,742,740,740,1030,1030,CONSISTENT
23530,740679,35000,35000,0,0,0,0,0,754706,35,740644,35,743,743,1483,1384,2,0,1127,743,743,743,741,741,6,1,35000,35,35,35,10,1483,10,1483,35000,35,35000,35,754706,35,16889469,0,741000,741000,16880614,16880614,740000,740000,0,0,0,0,742,742,740,740,1385,1385,CONSISTENT
23540,741005,35000,35000,0,0,0,0,0,754706,35,740970,35,743,743,1484,711,1,1000,703,743,743,743,742,742,16,1,35000,35,35,35,10,1484,10,1484,35000,35,35000,35,754706,35,16896967,0,741000,741000,16880614,16880614,741000,741000,0,0,0,0,742,742,741,741,711,711,CONSISTENT
23550,741228,35000,35000,0,0,0,0,0,754706,35,741193,35,743,743,1484,934,1,1000,703,743,743,743,742,742,26,1,35000,35,35,35,10,1484,10,1484,35000,35,35000,35,754706,35,16902096,0,741000,741000,16880614,16880614,741000,741000,0,0,0,0,742,742,741,741,936,938,TORN-PERSISTENT
23560,741600,35000,35000,0,0,0,0,0,754706,35,741565,35,744,744,1485,1306,2,0,1028,744,744,744,742,742,6,1,35000,35,35,35,10,1485,10,1485,35000,35,35000,35,754706,35,16910652,0,742000,742000,16903614,16903614,741000,741000,0,0,0,0,743,743,741,741,1306,1306,CONSISTENT
23570,741802,35000,35000,0,0,0,0,0,754706,35,741767,35,744,744,1486,509,1,1000,498,744,744,744,743,743,16,1,35000,35,35,35,10,1486,10,1486,35000,35,35000,35,754706,35,16915321,0,742000,742000,16903614,16903614,742000,742000,0,0,0,0,743,743,742,742,509,509,CONSISTENT
23580,742115,35000,35000,0,0,0,0,0,754706,35,742080,35,744,744,1486,822,1,1000,498,744,744,744,743,743,26,1,35000,35,35,35,10,1486,10,1486,35000,35,35000,35,754706,35,16922520,0,742000,742000,16903614,16903614,742000,742000,0,0,0,0,743,743,742,742,824,824,CONSISTENT
23590,742483,35000,35000,0,0,0,0,0,754706,35,742448,35,745,745,1487,1190,2,0,1006,745,745,745,743,743,4,1,35000,35,35,35,10,1487,10,1487,35000,35,35000,35,754706,35,16930984,0,743000,743000,16926614,16926614,742000,742000,0,0,0,0,744,744,742,742,1192,1193,TORN-PERSISTENT
23600,742848,35000,35000,0,0,0,0,0,754706,35,742813,35,745,745,1487,1555,2,0,1006,745,745,745,743,743,14,1,35000,35,35,35,10,1487,10,1487,35000,35,35000,35,754706,35,16939379,0,743000,743000,16926614,16926614,742000,742000,0,0,0,0,744,744,742,742,1555,1555,CONSISTENT
23610,743087,35000,35000,0,0,0,0,0,754706,35,743052,35,745,745,1488,795,1,1000,790,745,745,745,744,744,24,1,35000,35,35,35,10,1488,10,1488,35000,35,35000,35,754706,35,16944899,0,743000,743000,16926614,16926614,743000,743000,0,0,0,0,744,744,743,743,795,795,CONSISTENT
23620,743350,35000,35000,0,0,0,0,0,754706,35,743315,35,745,745,1488,1058,2,1000,790,745,746,745,744,744,32,1,35000,35,35,35,10,1488,10,1488,35000,35,35000,35,754706,35,16950948,0,744000,744000,16949614,16949614,743000,743000,0,0,0,0,745,745,743,743,1062,1063,TORN-PERSISTENT
23630,743714,35000,35000,0,0,0,0,0,754706,35,743679,35,746,746,1489,1422,2,0,1068,746,746,746,744,744,10,1,35000,35,35,35,10,1489,10,1489,35000,35,35000,35,754706,35,16959389,0,744000,744000,16949614,16949614,743000,743000,0,0,0,0,745,745,743,743,1427,1427,CONSISTENT
23640,743904,35000,35000,0,0,0,0,0,754706,35,743869,35,746,746,1490,613,1,1000,560,746,746,746,745,745,20,1,35000,35,35,35,10,1490,10,1490,35000,35,35000,35,754706,35,16963736,0,744000,744000,16949614,16949614,744000,744000,0,0,0,0,745,745,744,744,617,618,TORN-PERSISTENT
23650,744278,35000,35000,0,0,0,0,0,754706,35,744243,35,746,746,1490,987,1,1000,560,746,746,746,745,745,30,1,35000,35,35,35,10,1490,10,1490,35000,35,35000,35,754706,35,16972315,0,744000,744000,16949614,16949614,744000,744000,0,0,0,0,745,745,744,744,988,988,CONSISTENT
23660,744631,35000,35000,0,0,0,0,0,754706,35,744596,35,747,747,1491,1340,2,0,1042,747,747,747,745,745,6,1,35000,35,35,35,10,1491,10,1491,35000,35,35000,35,754706,35,16980434,0,745000,745000,16972614,16972614,744000,744000,0,0,0,0,746,746,744,744,1343,1343,CONSISTENT
23670,744959,35000,35000,0,0,0,0,0,754706,35,744924,35,747,747,1491,1668,2,0,1042,747,747,747,745,745,16,1,35000,35,35,35,10,1491,10,1491,35000,35,35000,35,754706,35,16988001,0,745000,745000,16972614,16972614,744000,744000,0,0,0,0,746,746,744,744,1670,1670,CONSISTENT
23680,745141,35000,35000,0,0,0,0,0,754706,35,745106,35,747,747,1492,851,1,1000,761,747,747,747,746,746,26,1,35000,35,35,35,10,1492,10,1492,35000,35,35000,35,754706,35,16992210,0,745000,745000,16972614,16972614,745000,745000,0,0,0,0,746,746,745,745,855,856,TORN-PERSISTENT
23690,745507,35000,35000,0,0,0,0,0,754706,35,745472,35,748,748,1493,1217,2,0,1020,748,748,748,746,746,4,1,35000,35,35,35,10,1493,10,1493,35000,35,35000,35,754706,35,17000605,0,746000,746000,16995614,16995614,745000,745000,0,0,0,0,747,747,745,745,1218,1218,CONSISTENT
23700,745855,35000,35000,0,0,0,0,0,754706,35,745820,35,748,748,1493,1565,2,0,1020,748,748,748,746,746,14,1,35000,35,35,35,10,1493,10,1493,35000,35,35000,35,754706,35,17008609,0,746000,746000,16995614,16995614,745000,745000,0,0,0,0,747,747,745,745,1565,1565,CONSISTENT
23710,745947,35000,35000,0,0,0,0,0,754706,35,745912,35,748,748,1494,658,1,1000,566,748,748,748,747,747,24,1,35000,35,35,35,10,1494,10,1494,35000,35,35000,35,754706,35,17010748,0,746000,746000,16995614,16995614,746000,746000,0,0,0,0,747,747,746,746,658,658,CONSISTENT
23720,746274,35000,35000,0,0,0,0,0,754706,35,746239,35,748,748,1494,985,1,1000,566,748,748,748,747,747,34,1,35000,35,35,35,10,1494,10,1494,35000,35,35000,35,754706,35,17018269,0,746000,746000,16995614,16995614,746000,746000,0,0,0,0,747,747,746,746,986,986,CONSISTENT
23730,746639,35000,35000,0,0,0,0,0,754706,35,746604,35,749,749,1495,1350,2,0,1034,749,749,749,747,747,8,1,35000,35,35,35,10,1495,10,1495,35000,35,35000,35,754706,35,17026664,0,747000,747000,17018614,17018614,746000,746000,0,0,0,0,748,748,746,746,1354,1354,CONSISTENT
23740,746995,35000,35000,0,0,0,0,0,754706,35,746960,35,749,749,1495,1706,2,0,1034,749,749,749,747,747,18,1,35000,35,35,35,10,1495,10,1495,35000,35,35000,35,754706,35,17034852,0,747000,747000,17018614,17018614,746000,746000,0,0,0,0,748,748,746,746,1708,1709,TORN-PERSISTENT
23750,747187,35000,35000,0,0,0,0,0,754706,35,747152,35,749,749,1496,899,1,1000,731,749,749,749,748,748,28,1,35000,35,35,35,10,1496,10,1496,35000,35,35000,35,754706,35,17039291,0,747000,747000,17018614,17018614,747000,747000,0,0,0,0,748,748,747,747,902,903,TORN-PERSISTENT
23760,747556,35000,35000,0,0,0,0,0,754706,35,747521,35,750,750,1497,1268,2,0,1029,750,750,750,748,748,6,1,35000,35,35,35,10,1497,10,1497,35000,35,35000,35,754706,35,17047778,0,748000,748000,17041614,17041614,747000,747000,0,0,0,0,749,749,747,747,1268,1268,CONSISTENT
23770,747814,35000,35000,0,0,0,0,0,754706,35,747779,35,750,750,1498,527,1,1000,516,750,750,750,749,749,14,1,35000,35,35,35,10,1498,10,1498,35000,35,35000,35,754706,35,17053735,0,748000,748000,17041614,17041614,748000,748000,0,0,0,0,749,749,748,748,527,527,CONSISTENT
23780,748072,35000,35000,0,0,0,0,0,754706,35,748037,35,750,750,1498,785,1,1000,516,750,750,750,749,749,24,1,35000,35,35,35,10,1498,10,1498,35000,35,35000,35,754706,35,17059669,0,748000,748000,17041614,17041614,748000,748000,0,0,0,0,749,749,748,748,786,786,CONSISTENT
23790,748437,35000,35000,0,0,0,0,0,754706,35,748402,35,751,751,1499,1150,2,0,1012,751,751,751,749,749,4,1,35000,35,35,35,10,1499,10,1499,35000,35,35000,35,754706,35,17068064,0,749000,749000,17064614,17064614,748000,748000,0,0,0,0,750,750,748,748,1150,1150,CONSISTENT
23800,748810,35000,35000,0,0,0,0,0,754706,35,748775,35,751,751,1499,1523,2,0,1012,751,751,751,749,749,12,1,35000,35,35,35,10,1499,10,1499,35000,35,35000,35,754706,35,17076643,0,749000,749000,17064614,17064614,748000,748000,0,0,0,0,750,750,748,748,1523,1523,CONSISTENT
23810,749102,35000,35000,0,0,0,0,0,754706,35,749067,35,751,751,1500,816,1,1000,810,751,751,751,750,750,22,1,35000,35,35,35,10,1500,10,1500,35000,35,35000,35,754706,35,17083382,0,749000,749000,17064614,17064614,749000,749000,0,0,0,0,750,750,749,749,816,816,CONSISTENT
23820,749338,35000,35000,0,0,0,0,0,754706,35,749303,35,752,752,1501,1052,2,0,1018,752,752,752,750,750,0,1,35000,35,35,35,10,1501,10,1501,35000,35,35000,35,754706,35,17088810,0,750000,750000,17087614,17087614,749000,749000,0,0,0,0,751,751,749,749,1052,1052,CONSISTENT
23830,749698,35000,35000,0,0,0,0,0,754706,35,749663,35,752,752,1501,1412,2,0,1018,752,752,752,750,750,10,1,35000,35,35,35,10,1501,10,1501,35000,35,35000,35,754706,35,17097090,0,750000,750000,17087614,17087614,749000,749000,0,0,0,0,751,751,749,749,1415,1415,CONSISTENT
23840,749907,35000,35000,0,0,0,0,0,754706,35,749872,35,752,752,1502,622,1,1000,601,752,752,752,751,751,20,1,35000,35,35,35,10,1502,10,1502,35000,35,35000,35,754706,35,17101920,0,750000,750000,17087614,17087614,750000,750000,0,0,0,0,751,751,750,750,622,622,CONSISTENT
23850,750264,35000,35000,0,0,0,0,0,754706,35,750229,35,752,752,1502,979,1,1000,601,752,752,752,751,751,30,1,35000,35,35,35,10,1502,10,1502,35000,35,35000,35,754706,35,17110131,0,750000,750000,17087614,17087614,750000,750000,0,0,0,0,751,751,750,750,980,980,CONSISTENT
23860,750628,35000,35000,0,0,0,0,0,754706,35,750593,35,753,753,1503,1343,2,0,1001,753,753,753,751,751,8,1,35000,35,35,35,10,1503,10,1503,35000,35,35000,35,754706,35,17118503,0,751000,751000,17110614,17110614,750000,750000,0,0,0,0,752,752,750,750,1345,1345,CONSISTENT
23871,750990,35000,35000,0,0,0,0,0,754706,35,750955,35,753,753,1503,1705,2,0,1001,753,753,753,751,751,18,1,35000,35,35,35,10,1503,10,1503,35000,35,35000,35,754706,35,17126829,0,751000,751000,17110614,17110614,750000,750000,0,0,0,0,752,752,750,750,1707,1708,TORN-PERSISTENT
23880,751172,35000,35000,0,0,0,0,0,754706,35,751137,35,753,753,1504,888,1,1000,883,753,753,753,752,752,28,1,35000,35,35,35,10,1504,10,1504,35000,35,35000,35,754706,35,17131038,0,751000,751000,17110614,17110614,751000,751000,0,0,0,0,752,752,751,751,888,888,CONSISTENT
23890,751512,35000,35000,0,0,0,0,0,754706,35,751477,35,754,754,1505,1228,2,0,1002,754,754,754,752,752,6,1,35000,35,35,35,10,1505,10,1505,35000,35,35000,35,754706,35,17138858,0,752000,752000,17133614,17133614,751000,751000,0,0,0,0,753,753,751,751,1231,1231,CONSISTENT
23900,751870,35000,35000,0,0,0,0,0,754706,35,751835,35,754,754,1505,1586,2,0,1002,754,754,754,752,752,16,1,35000,35,35,35,10,1505,10,1505,35000,35,35000,35,754706,35,17147092,0,752000,752000,17133614,17133614,751000,751000,0,0,0,0,753,753,751,751,1586,1586,CONSISTENT
23910,752070,35000,35000,0,0,0,0,0,754706,35,752035,35,754,754,1506,787,1,1000,670,754,754,754,753,753,26,1,35000,35,35,35,10,1506,10,1506,35000,35,35000,35,754706,35,17151715,0,752000,752000,17133614,17133614,752000,752000,0,0,0,0,753,753,752,752,787,787,CONSISTENT
23920,752391,35000,35000,0,0,0,0,0,754706,35,752356,35,755,755,1507,1108,2,0,1054,755,755,755,753,753,0,1,35000,35,35,35,10,1507,10,1507,35000,35,35000,35,754706,35,17159121,0,753000,753000,17156614,17156614,752000,752000,0,0,0,0,754,754,752,752,1109,1109,CONSISTENT
23930,752750,35000,35000,0,0,0,0,0,754706,35,752715,35,755,755,1507,1467,2,0,1054,755,755,755,753,753,10,1,35000,35,35,35,10,1507,10,1507,35000,35,35000,35,754706,35,17167355,0,753000,753000,17156614,17156614,752000,752000,0,0,0,0,754,754,752,752,1470,1471,TORN-PERSISTENT
23940,752934,35000,35000,0,0,0,0,0,754706,35,752899,35,755,755,1508,653,1,1000,492,755,755,755,754,754,20,1,35000,35,35,35,10,1508,10,1508,35000,35,35000,35,754706,35,17171633,0,753000,753000,17156614,17156614,753000,753000,0,0,0,0,754,754,753,753,653,653,CONSISTENT
23950,753299,35000,35000,0,0,0,0,0,754706,35,753264,35,755,755,1508,1017,2,1000,492,755,756,755,754,754,30,1,35000,35,35,35,10,1508,10,1508,35000,35,35000,35,754706,35,17180051,0,754000,754000,17179614,17179614,753000,753000,0,0,0,0,755,755,753,753,1019,1019,CONSISTENT
23960,753667,35000,35000,0,0,0,0,0,754706,35,753632,35,756,756,1509,1385,2,0,1039,756,756,756,754,754,8,1,35000,35,35,35,10,1509,10,1509,35000,35,35000,35,754706,35,17188469,0,754000,754000,17179614,17179614,753000,753000,0,0,0,0,755,755,753,753,1387,1388,TORN-PERSISTENT
23970,753994,35000,35000,0,0,0,0,0,754706,35,753959,35,756,756,1509,1712,2,0,1039,756,756,756,754,754,18,1,35000,35,35,35,10,1509,10,1509,35000,35,35000,35,754706,35,17196013,0,754000,754000,17179614,17179614,753000,753000,0,0,0,0,755,755,753,753,1714,1714,CONSISTENT
23980,754181,35000,35000,0,0,0,0,0,754706,35,754146,35,756,756,1510,900,1,1000,777,756,756,756,755,755,28,1,35000,35,35,35,10,1510,10,1510,35000,35,35000,35,754706,35,17200337,0,754000,754000,17179614,17179614,754000,754000,0,0,0,0,755,755,754,754,901,901,CONSISTENT
23990,754543,35000,35000,0,0,0,0,0,754706,35,754508,35,757,757,1511,1262,2,0,1013,757,757,757,755,755,6,1,35000,35,35,35,10,1511,10,1511,35000,35,35000,35,754706,35,17208640,0,755000,755000,17202614,17202614,754000,754000,0,0,0,0,756,756,754,754,1262,1262,CONSISTENT
24000,754843,35000,35000,0,0,0,0,0,754706,35,754808,35,757,757,1512,563,1,1000,560,757,757,757,756,756,16,1,35000,35,35,35,10,1512,10,1512,35000,35,35000,35,754706,35,17215563,0,755000,755000,17202614,17202614,755000,755000,0,0,0,0,756,756,755,755,563,563,CONSISTENT
24010,755086,35000,35000,0,0,0,0,0,754706,35,755051,35,757,757,1512,806,1,1000,560,757,757,757,756,756,26,1,35000,35,35,35,10,1512,10,1512,35000,35,35000,35,754706,35,17221152,0,755000,755000,17202614,17202614,755000,755000,0,0,0,0,756,756,755,755,809,809,CONSISTENT
24020,755445,35000,35000,0,0,0,0,0,754706,35,755410,35,758,758,1513,1165,2,0,1011,758,758,758,756,756,4,1,35000,35,35,35,10,1513,10,1513,35000,35,35000,35,754706,35,17229432,0,756000,756000,17225614,17225614,755000,755000,0,0,0,0,757,757,755,755,1168,1169,TORN-PERSISTENT
24030,755765,35000,35000,0,0,0,0,0,754706,35,755730,35,758,758,1513,1485,2,0,1011,758,758,758,756,756,12,1,35000,35,35,35,10,1513,10,1513,35000,35,35000,35,754706,35,17236769,0,756000,756000,17225614,17225614,755000,755000,0,0,0,0,757,757,755,755,1485,1485,CONSISTENT
24040,756117,35000,35000,0,0,0,0,0,754706,35,756082,35,758,758,1514,838,1,1000,835,758,758,758,757,757,23,1,35000,35,35,35,10,1514,10,1514,35000,35,35000,35,754706,35,17244888,0,756000,756000,17225614,17225614,756000,756000,0,0,0,0,757,757,756,756,838,838,CONSISTENT
24050,756318,35000,35000,0,0,0,0,0,754706,35,756283,35,759,759,1515,1039,2,0,1038,759,759,759,757,757,0,1,35000,35,35,35,10,1515,10,1515,35000,35,35000,35,754706,35,17249511,0,757000,757000,17248614,17248614,756000,756000,0,0,0,0,758,758,756,756,1039,1039,CONSISTENT
24060,756671,35000,35000,0,0,0,0,0,754706,35,756636,35,759,759,1515,1392,2,0,1038,759,759,759,757,757,10,1,35000,35,35,35,10,1515,10,1515,35000,35,35000,35,754706,35,17257630,0,757000,757000,17248614,17248614,756000,756000,0,0,0,0,758,758,756,756,1392,1392,CONSISTENT
24070,756922,35000,35000,0,0,0,0,0,754706,35,756887,35,759,759,1516,644,1,1000,635,759,759,759,758,758,20,1,35000,35,35,35,10,1516,10,1516,35000,35,35000,35,754706,35,17263426,0,757000,757000,17248614,17248614,757000,757000,0,0,0,0,758,758,757,757,644,644,CONSISTENT
24080,757192,35000,35000,0,0,0,0,0,754706,35,757157,35,759,759,1516,914,1,1000,635,759,759,759,758,758,28,1,35000,35,35,35,10,1516,10,1516,35000,35,35000,35,754706,35,17269636,0,757000,757000,17248614,17248614,757000,757000,0,0,0,0,758,758,757,757,918,918,CONSISTENT
24090,757555,35000,35000,0,0,0,0,0,754706,35,757520,35,760,760,1517,1277,2,0,1023,760,760,760,758,758,6,1,35000,35,35,35,10,1517,10,1517,35000,35,35000,35,754706,35,17277985,0,758000,758000,17271614,17271614,757000,757000,0,0,0,0,759,759,757,757,1279,1279,CONSISTENT
24100,757925,35000,35000,0,0,0,0,0,754706,35,757890,35,760,760,1517,1647,2,0,1023,760,760,760,758,758,16,1,35000,35,35,35,10,1517,10,1517,35000,35,35000,35,754706,35,17286495,0,758000,758000,17271614,17271614,757000,757000,0,0,0,0,759,759,757,757,1647,1647,CONSISTENT
24110,758114,35000,35000,0,0,0,0,0,754706,35,758079,35,760,760,1518,837,1,1000,680,760,760,760,759,759,26,1,35000,35,35,35,10,1518,10,1518,35000,35,35000,35,754706,35,17290865,0,758000,758000,17271614,17271614,758000,758000,0,0,0,0,759,759,758,758,838,838,CONSISTENT
24120,758479,35000,35000,0,0,0,0,0,754706,35,758444,35,761,761,1519,1202,2,0,1006,761,761,761,759,759,4,1,35000,35,35,35,10,1519,10,1519,35000,35,35000,35,754706,35,17299260,0,759000,759000,17294614,17294614,758000,758000,0,0,0,0,760,760,758,758,1202,1202,CONSISTENT
24131,758838,35000,35000,0,0,0,0,0,754706,35,758803,35,761,761,1519,1561,2,0,1006,761,761,761,759,759,14,1,35000,35,35,35,10,1519,10,1519,35000,35,35000,35,754706,35,17307517,0,759000,759000,17294614,17294614,758000,758000,0,0,0,0,760,760,758,758,1564,1565,TORN-PERSISTENT
24140,758986,35000,35000,0,0,0,0,0,754706,35,758951,35,761,761,1520,710,1,1000,690,761,761,761,760,760,24,1,35000,35,35,35,10,1520,10,1520,35000,35,35000,35,754706,35,17310990,0,759000,759000,17294614,17294614,759000,759000,0,0,0,0,760,760,759,759,712,712,CONSISTENT
24150,759343,35000,35000,0,0,0,0,0,754706,35,759308,35,762,762,1521,1067,2,0,1036,762,762,762,760,760,0,1,35000,35,35,35,10,1521,10,1521,35000,35,35000,35,754706,35,17319178,0,760000,760000,17317614,17317614,759000,759000,0,0,0,0,761,761,759,759,1068,1068,CONSISTENT
24160,759711,35000,35000,0,0,0,0,0,754706,35,759676,35,762,762,1521,1435,2,0,1036,762,762,762,760,760,10,1,35000,35,35,35,10,1521,10,1521,35000,35,35000,35,754706,35,17327619,0,760000,760000,17317614,17317614,759000,759000,0,0,0,0,761,761,759,759,1435,1435,CONSISTENT
24170,759894,35000,35000,0,0,0,0,0,754706,35,759859,35,762,762,1522,619,1,1000,498,762,762,762,761,761,20,1,35000,35,35,35,10,1522,10,1522,35000,35,35000,35,754706,35,17331874,0,760000,760000,17317614,17317614,760000,760000,0,0,0,0,761,761,760,760,622,623,TORN-PERSISTENT
24180,760255,35000,35000,0,0,0,0,0,754706,35,760220,35,762,762,1522,980,1,1000,498,762,762,762,761,761,30,1,35000,35,35,35,10,1522,10,1522,35000,35,35000,35,754706,35,17340154,0,760000,760000,17317614,17317614,760000,760000,0,0,0,0,761,761,760,760,982,982,CONSISTENT
24190,760584,35000,35000,0,0,0,0,0,754706,35,760549,35,763,763,1523,1309,2,0,1032,763,763,763,761,761,6,1,35000,35,35,35,10,1523,10,1523,35000,35,35000,35,754706,35,17347721,0,761000,761000,17340614,17340614,760000,760000,0,0,0,0,762,762,760,760,1310,1311,TORN-PERSISTENT
24200,760941,35000,35000,0,0,0,0,0,754706,35,760906,35,763,763,1523,1666,2,0,1032,763,763,763,761,761,16,1,35000,35,35,35,10,1523,10,1523,35000,35,35000,35,754706,35,17355932,0,761000,761000,17340614,17340614,760000,760000,0,0,0,0,762,762,760,760,1666,1666,CONSISTENT
24210,761135,35000,35000,0,0,0,0,0,754706,35,761100,35,763,763,1524,861,1,1000,757,763,763,763,762,762,28,1,35000,35,35,35,10,1524,10,1524,35000,35,35000,35,754706,35,17360417,0,761000,761000,17340614,17340614,761000,761000,0,0,0,0,762,762,761,761,862,862,CONSISTENT
24220,761503,35000,35000,0,0,0,0,0,754706,35,761468,35,764,764,1525,1229,2,0,1001,764,764,764,762,762,4,1,35000,35,35,35,10,1525,10,1525,35000,35,35000,35,754706,35,17368881,0,762000,762000,17363614,17363614,761000,761000,0,0,0,0,763,763,761,761,1229,1229,CONSISTENT
24230,761825,35000,35000,0,0,0,0,0,754706,35,761790,35,764,764,1526,552,1,1000,541,764,764,764,763,763,15,1,35000,35,35,35,10,1526,10,1526,35000,35,35000,35,754706,35,17376310,0,762000,762000,17363614,17363614,762000,762000,0,0,0,0,763,763,762,762,552,552,CONSISTENT
24240,762015,35000,35000,0,0,0,0,0,754706,35,761980,35,764,764,1526,742,1,1000,541,764,764,764,763,763,24,1,35000,35,35,35,10,1526,10,1526,35000,35,35000,35,754706,35,17380703,0,762000,762000,17363614,17363614,762000,762000,0,0,0,0,763,763,762,762,743,743,CONSISTENT
24250,762373,35000,35000,0,0,0,0,0,754706,35,762338,35,765,765,1527,1100,2,0,1062,765,765,765,763,763,0,1,35000,35,35,35,10,1527,10,1527,35000,35,35000,35,754706,35,17388937,0,763000,763000,17386614,17386614,762000,762000,0,0,0,0,764,764,762,762,1101,1101,CONSISTENT
24260,762736,35000,35000,0,0,0,0,0,754706,35,762701,35,765,765,1527,1463,2,0,1062,765,765,765,763,763,10,1,35000,35,35,35,10,1527,10,1527,35000,35,35000,35,754706,35,17397263,0,763000,763000,17386614,17386614,762000,762000,0,0,0,0,764,764,762,762,1464,1464,CONSISTENT
24270,763077,35000,35000,0,0,0,0,0,754706,35,763042,35,765,765,1528,805,1,1000,800,765,765,765,764,764,20,1,35000,35,35,35,10,1528,10,1528,35000,35,35000,35,754706,35,17405129,0,763000,763000,17386614,17386614,763000,763000,0,0,0,0,764,764,763,763,805,805,CONSISTENT
24280,763271,35000,35000,0,0,0,0,0,754706,35,763236,35,765,765,1528,999,1,1000,800,765,765,765,764,764,30,1,35000,35,35,35,10,1528,10,1528,35000,35,35000,35,754706,35,17409614,0,764000,764000,17409614,17409614,763000,763000,0,0,0,0,765,765,763,763,1002,1002,CONSISTENT
24290,763626,35000,35000,0,0,0,0,0,754706,35,763591,35,766,766,1529,1354,2,0,1014,766,766,766,764,764,8,1,35000,35,35,35,10,1529,10,1529,35000,35,35000,35,754706,35,17417756,0,764000,764000,17409614,17409614,763000,763000,0,0,0,0,765,765,763,763,1354,1354,CONSISTENT
24300,763844,35000,35000,0,0,0,0,0,754706,35,763809,35,766,766,1530,573,1,1000,569,766,766,766,765,765,16,1,35000,35,35,35,10,1530,10,1530,35000,35,35000,35,754706,35,17422793,0,764000,764000,17409614,17409614,764000,764000,0,0,0,0,765,765,764,764,573,573,CONSISTENT
24310,764066,35000,35000,0,0,0,0,0,754706,35,764031,35,766,766,1530,795,1,1000,569,766,766,766,765,765,28,1,35000,35,35,35,10,1530,10,1530,35000,35,35000,35,754706,35,17427899,0,764000,764000,17409614,17409614,764000,764000,0,0,0,0,765,765,764,764,798,799,TORN-PERSISTENT
24320,764418,35000,35000,0,0,0,0,0,754706,35,764383,35,767,767,1531,1147,2,0,1054,767,767,767,765,765,2,1,35000,35,35,35,10,1531,10,1531,35000,35,35000,35,754706,35,17435995,0,765000,765000,17432614,17432614,764000,764000,0,0,0,0,766,766,764,764,1149,1151,TORN-PERSISTENT
24330,764790,35000,35000,0,0,0,0,0,754706,35,764755,35,767,767,1531,1519,2,0,1054,767,767,767,765,765,12,1,35000,35,35,35,10,1531,10,1531,35000,35,35000,35,754706,35,17444551,0,765000,765000,17432614,17432614,764000,764000,0,0,0,0,766,766,764,764,1519,1519,CONSISTENT
24340,764972,35000,35000,0,0,0,0,0,754706,35,764937,35,767,767,1532,702,1,1000,680,767,767,767,766,766,22,1,35000,35,35,35,10,1532,10,1532,35000,35,35000,35,754706,35,17448760,0,765000,765000,17432614,17432614,765000,765000,0,0,0,0,766,766,765,765,702,702,CONSISTENT
24350,765296,35000,35000,0,0,0,0,0,754706,35,765261,35,768,768,1533,1026,2,0,1015,768,768,768,766,766,0,1,35000,35,35,35,10,1533,10,1533,35000,35,35000,35,754706,35,17456235,0,766000,766000,17455614,17455614,765000,765000,0,0,0,0,767,767,765,765,1027,1027,CONSISTENT
24360,765657,35000,35000,0,0,0,0,0,754706,35,765622,35,768,768,1533,1387,2,0,1015,768,768,768,766,766,10,1,35000,35,35,35,10,1533,10,1533,35000,35,35000,35,754706,35,17464538,0,766000,766000,17455614,17455614,765000,765000,0,0,0,0,767,767,765,765,1388,1388,CONSISTENT
24370,765848,35000,35000,0,0,0,0,0,754706,35,765813,35,768,768,1534,579,1,1000,512,768,768,768,767,767,18,1,35000,35,35,35,10,1534,10,1534,35000,35,35000,35,754706,35,17468931,0,766000,766000,17455614,17455614,766000,766000,0,0,0,0,767,767,766,766,581,582,TORN-PERSISTENT
24380,766215,35000,35000,0,0,0,0,0,754706,35,766180,35,768,768,1534,946,1,1000,512,768,768,768,767,767,30,1,35000,35,35,35,10,1534,10,1534,35000,35,35000,35,754706,35,17477372,0,766000,766000,17455614,17455614,766000,766000,0,0,0,0,767,767,766,766,946,946,CONSISTENT
24390,766578,35000,35000,0,0,0,0,0,754706,35,766543,35,769,769,1535,1309,2,0,1014,769,769,769,767,767,8,1,35000,35,35,35,10,1535,10,1535,35000,35,35000,35,754706,35,17485744,0,767000,767000,17478614,17478614,766000,766000,0,0,0,0,768,768,766,766,1312,1312,CONSISTENT
24400,766906,35000,35000,0,0,0,0,0,754706,35,766871,35,769,769,1535,1637,2,0,1014,769,769,769,767,767,16,1,35000,35,35,35,10,1535,10,1535,35000,35,35000,35,754706,35,17493265,0,767000,767000,17478614,17478614,766000,766000,0,0,0,0,768,768,766,766,1637,1637,CONSISTENT
24410,767090,35000,35000,0,0,0,0,0,754706,35,767055,35,769,769,1536,822,1,1000,769,769,769,769,768,768,26,1,35000,35,35,35,10,1536,10,1536,35000,35,35000,35,754706,35,17497543,0,767000,767000,17478614,17478614,767000,767000,0,0,0,0,768,768,767,767,823,823,CONSISTENT
24420,767447,35000,35000,0,0,0,0,0,754706,35,767412,35,770,770,1537,1179,2,0,1046,770,770,770,768,768,2,1,35000,35,35,35,10,1537,10,1537,35000,35,35000,35,754706,35,17505731,0,768000,768000,17501614,17501614,767000,767000,0,0,0,0,769,769,767,767,1179,1179,CONSISTENT
24430,767809,35000,35000,0,0,0,0,0,754706,35,767774,35,770,770,1537,1541,2,0,1046,770,770,770,768,768,12,1,35000,35,35,35,10,1537,10,1537,35000,35,35000,35,754706,35,17514057,0,768000,768000,17501614,17501614,767000,767000,0,0,0,0,769,769,767,767,1542,1542,CONSISTENT
24440,767999,35000,35000,0,0,0,0,0,754706,35,767964,35,770,770,1538,732,1,1000,566,770,770,770,769,769,22,1,35000,35,35,35,10,1538,10,1538,35000,35,35000,35,754706,35,17518473,0,768000,768000,17501614,17501614,768000,768000,0,0,0,0,769,769,768,768,735,735,CONSISTENT
24450,768369,35000,35000,0,0,0,0,0,754706,35,768334,35,771,771,1539,1102,2,0,1052,771,771,771,769,769,0,1,35000,35,35,35,10,1539,10,1539,35000,35,35000,35,754706,35,17526960,0,769000,769000,17524614,17524614,768000,768000,0,0,0,0,770,770,768,768,1102,1102,CONSISTENT
24460,768705,35000,35000,0,0,0,0,0,754706,35,768670,35,771,771,1539,1438,2,0,1052,771,771,771,769,769,10,1,35000,35,35,35,10,1539,10,1539,35000,35,35000,35,754706,35,17534711,0,769000,769000,17524614,17524614,768000,768000,0,0,0,0,770,770,768,768,1440,1440,CONSISTENT
24470,769063,35000,35000,0,0,0,0,0,754706,35,769028,35,771,771,1539,1796,2,0,1052,771,771,771,769,769,20,1,35000,35,35,35,10,1539,10,1539,35000,35,35000,35,754706,35,17542922,0,769000,769000,17524614,17524614,768000,768000,0,0,0,0,770,770,768,768,1796,1796,CONSISTENT
24480,769237,35000,35000,0,0,0,0,0,754706,35,769202,35,771,771,1540,971,1,1000,849,771,771,771,770,770,30,1,35000,35,35,35,10,1540,10,1540,35000,35,35000,35,754706,35,17546970,0,769000,769000,17524614,17524614,769000,769000,0,0,0,0,770,770,769,769,972,972,CONSISTENT
24490,769604,35000,35000,0,0,0,0,0,754706,35,769569,35,772,772,1541,1338,2,0,1002,772,772,772,770,770,8,1,35000,35,35,35,10,1541,10,1541,35000,35,35000,35,754706,35,17555388,0,770000,770000,17547614,17547614,769000,769000,0,0,0,0,771,771,769,769,1338,1338,CONSISTENT
24500,769895,35000,35000,0,0,0,0,0,754706,35,769860,35,772,772,1542,630,1,1000,625,772,772,772,771,771,18,1,35000,35,35,35,10,1542,10,1542,35000,35,35000,35,754706,35,17562104,0,770000,770000,17547614,17547614,770000,770000,0,0,0,0,771,771,770,770,630,630,CONSISTENT
24510,770152,35000,35000,0,0,0,0,0,754706,35,770117,35,772,772,1542,887,1,1000,625,772,772,772,771,771,28,1,35000,35,35,35,10,1542,10,1542,35000,35,35000,35,754706,35,17568038,0,770000,770000,17547614,17547614,770000,770000,0,0,0,0,771,771,770,770,889,890,TORN-PERSISTENT
24520,770483,35000,35000,0,0,0,0,0,754706,35,770448,35,773,773,1543,1218,2,0,1004,773,773,773,771,771,6,1,35000,35,35,35,10,1543,10,1543,35000,35,35000,35,754706,35,17575651,0,771000,771000,17570614,17570614,770000,770000,0,0,0,0,772,772,770,770,1220,1221,TORN-PERSISTENT
24530,770853,35000,35000,0,0,0,0,0,754706,35,770818,35,773,773,1543,1588,2,0,1004,773,773,773,771,771,16,1,35000,35,35,35,10,1543,10,1543,35000,35,35000,35,754706,35,17584138,0,771000,771000,17570614,17570614,770000,770000,0,0,0,0,772,772,770,770,1588,1588,CONSISTENT
24540,771037,35000,35000,0,0,0,0,0,754706,35,771002,35,773,773,1544,774,1,1000,631,773,773,773,772,772,26,1,35000,35,35,35,10,1544,10,1544,35000,35,35000,35,754706,35,17588416,0,771000,771000,17570614,17570614,771000,771000,0,0,0,0,772,772,771,771,774,774,CONSISTENT
24550,771395,35000,35000,0,0,0,0,0,754706,35,771360,35,774,774,1545,1131,2,0,1043,774,774,774,772,772,2,1,35000,35,35,35,10,1545,10,1545,35000,35,35000,35,754706,35,17596627,0,772000,772000,17593614,17593614,771000,771000,0,0,0,0,773,773,771,771,1132,1132,CONSISTENT
24560,771765,35000,35000,0,0,0,0,0,754706,35,771730,35,774,774,1545,1501,2,0,1043,774,774,774,772,772,12,1,35000,35,35,35,10,1545,10,1545,35000,35,35000,35,754706,35,17605137,0,772000,772000,17593614,17593614,771000,771000,0,0,0,0,773,773,771,771,1503,1503,CONSISTENT
24570,771981,35000,35000,0,0,0,0,0,754706,35,771946,35,774,774,1546,718,1,1000,709,774,774,774,773,773,20,1,35000,35,35,35,10,1546,10,1546,35000,35,35000,35,754706,35,17610128,0,772000,772000,17593614,17593614,772000,772000,0,0,0,0,773,773,772,772,718,718,CONSISTENT
24580,772283,35000,35000,0,0,0,0,0,754706,35,772248,35,774,774,1546,1020,2,1000,709,774,775,774,773,773,30,1,35000,35,35,35,10,1546,10,1546,35000,35,35000,35,754706,35,17617143,0,773000,773000,17616614,17616614,772000,772000,0,0,0,0,774,774,772,772,1023,1023,CONSISTENT
24590,772639,35000,35000,0,0,0,0,0,754706,35,772604,35,775,775,1547,1376,2,0,1047,775,775,775,773,773,8,1,35000,35,35,35,10,1547,10,1547,35000,35,35000,35,754706,35,17625262,0,773000,773000,17616614,17616614,772000,772000,0,0,0,0,774,774,772,772,1376,1376,CONSISTENT
24600,772823,35000,35000,0,0,0,0,0,754706,35,772788,35,775,775,1548,561,1,1000,471,775,775,775,774,774,18,1,35000,35,35,35,10,1548,10,1548,35000,35,35000,35,754706,35,17629517,0,773000,773000,17616614,17616614,773000,773000,0,0,0,0,774,774,773,773,564,565,TORN-PERSISTENT
24610,773076,35000,35000,0,0,0,0,0,754706,35,773041,35,775,775,1548,814,1,1000,471,775,775,775,774,774,28,1,35000,35,35,35,10,1548,10,1548,35000,35,35000,35,754706,35,17635336,0,773000,773000,17616614,17616614,773000,773000,0,0,0,0,774,774,773,773,816,816,CONSISTENT
24620,773407,35000,35000,0,0,0,0,0,754706,35,773372,35,776,776,1549,1145,2,0,1058,776,776,776,774,774,2,1,35000,35,35,35,10,1549,10,1549,35000,35,35000,35,754706,35,17642949,0,774000,774000,17639614,17639614,773000,773000,0,0,0,0,775,775,773,773,1146,1146,CONSISTENT
24630,773761,35000,35000,0,0,0,0,0,754706,35,773726,35,776,776,1549,1499,2,0,1058,776,776,776,774,774,12,1,35000,35,35,35,10,1549,10,1549,35000,35,35000,35,754706,35,17651091,0,774000,774000,17639614,17639614,773000,773000,0,0,0,0,775,775,773,773,1500,1500,CONSISTENT
24640,773945,35000,35000,0,0,0,0,0,754706,35,773910,35,776,776,1550,684,1,1000,535,776,776,776,775,775,22,1,35000,35,35,35,10,1550,10,1550,35000,35,35000,35,754706,35,17655346,0,774000,774000,17639614,17639614,774000,774000,0,0,0,0,775,775,774,774,687,687,CONSISTENT
24650,774295,35000,35000,0,0,0,0,0,754706,35,774260,35,777,777,1551,1034,2,0,1028,777,777,777,775,775,0,1,35000,35,35,35,10,1551,10,1551,35000,35,35000,35,754706,35,17663419,0,775000,775000,17662614,17662614,774000,774000,0,0,0,0,776,776,774,774,1035,1035,CONSISTENT
24660,774657,35000,35000,0,0,0,0,0,754706,35,774622,35,777,777,1551,1396,2,0,1028,777,777,777,775,775,10,1,35000,35,35,35,10,1551,10,1551,35000,35,35000,35,754706,35,17671722,0,775000,775000,17662614,17662614,774000,774000,0,0,0,0,776,776,774,774,1396,1396,CONSISTENT
24670,774982,35000,35000,0,0,0,0,0,754706,35,774947,35,777,777,1551,1721,2,0,1028,777,777,777,775,775,18,1,35000,35,35,35,10,1551,10,1551,35000,35,35000,35,754706,35,17679220,0,775000,775000,17662614,17662614,774000,774000,0,0,0,0,776,776,774,774,1725,1725,CONSISTENT
24680,775178,35000,35000,0,0,0,0,0,754706,35,775143,35,777,777,1552,918,1,1000,796,777,777,777,776,776,28,1,35000,35,35,35,10,1552,10,1552,35000,35,35000,35,754706,35,17683728,0,775000,775000,17662614,17662614,775000,775000,0,0,0,0,776,776,775,775,921,921,CONSISTENT
24690,775532,35000,35000,0,0,0,0,0,754706,35,775497,35,778,778,1553,1272,2,0,1001,778,778,778,776,776,6,1,35000,35,35,35,10,1553,10,1553,35000,35,35000,35,754706,35,17691893,0,776000,776000,17685614,17685614,775000,775000,0,0,0,0,777,777,775,775,1273,1273,CONSISTENT
24700,775853,35000,35000,0,0,0,0,0,754706,35,775818,35,778,778,1554,594,1,1000,587,778,778,778,777,777,16,1,35000,35,35,35,10,1554,10,1554,35000,35,35000,35,754706,35,17699276,0,776000,776000,17685614,17685614,776000,776000,0,0,0,0,777,777,776,776,594,594,CONSISTENT
24710,776091,35000,35000,0,0,0,0,0,754706,35,776056,35,778,778,1554,832,1,1000,587,778,778,778,777,777,26,1,35000,35,35,35,10,1554,10,1554,35000,35,35000,35,754706,35,17704750,0,776000,776000,17685614,17685614,776000,776000,0,0,0,0,777,777,776,776,834,835,TORN-PERSISTENT
24720,776451,35000,35000,0,0,0,0,0,754706,35,776416,35,779,779,1555,1192,2,0,1068,779,779,779,777,777,2,1,35000,35,35,35,10,1555,10,1555,35000,35,35000,35,754706,35,17713053,0,777000,777000,17708614,17708614,776000,776000,0,0,0,0,778,778,776,776,1193,1193,CONSISTENT
24730,776780,35000,35000,0,0,0,0,0,754706,35,776745,35,779,779,1555,1521,2,0,1068,779,779,779,777,777,12,1,35000,35,35,35,10,1555,10,1555,35000,35,35000,35,754706,35,17720643,0,777000,777000,17708614,17708614,776000,776000,0,0,0,0,778,778,776,776,1525,1525,CONSISTENT
24740,777114,35000,35000,0,0,0,0,0,754706,35,777079,35,779,779,1556,856,1,1000,848,779,779,779,778,778,22,1,35000,35,35,35,10,1556,10,1556,35000,35,35000,35,754706,35,17728302,0,777000,777000,17708614,17708614,777000,777000,0,0,0,0,778,778,777,777,856,856,CONSISTENT
24750,777334,35000,35000,0,0,0,0,0,754706,35,777299,35,780,780,1557,1076,2,0,1040,780,780,780,778,778,0,1,35000,35,35,35,10,1557,10,1557,35000,35,35000,35,754706,35,17733362,0,778000,778000,17731614,17731614,777000,777000,0,0,0,0,779,779,777,777,1076,1076,CONSISTENT
24760,777704,35000,35000,0,0,0,0,0,754706,35,777669,35,780,780,1557,1446,2,0,1040,780,780,780,778,778,10,1,35000,35,35,35,10,1557,10,1557,35000,35,35000,35,754706,35,17741872,0,778000,778000,17731614,17731614,777000,777000,0,0,0,0,779,779,777,777,1448,1448,CONSISTENT
24770,777907,35000,35000,0,0,0,0,0,754706,35,777872,35,780,780,1558,650,1,1000,643,780,780,780,779,779,20,1,35000,35,35,35,10,1558,10,1558,35000,35,35000,35,754706,35,17746564,0,778000,778000,17731614,17731614,778000,778000,0,0,0,0,779,779,778,778,650,650,CONSISTENT
24780,778213,35000,35000,0,0,0,0,0,754706,35,778178,35,780,780,1558,956,1,1000,643,780,780,780,779,779,30,1,35000,35,35,35,10,1558,10,1558,35000,35,35000,35,754706,35,17753625,0,778000,778000,17731614,17731614,778000,778000,0,0,0,0,779,779,778,778,957,957,CONSISTENT
24790,778573,35000,35000,0,0,0,0,0,754706,35,778538,35,781,781,1559,1316,2,0,1111,781,781,781,779,779,4,1,35000,35,35,35,10,1559,10,1559,35000,35,35000,35,754706,35,17761905,0,779000,779000,17754614,17754614,778000,778000,0,0,0,0,780,780,778,778,1317,1317,CONSISTENT
24800,778929,35000,35000,0,0,0,0,0,754706,35,778894,35,781,781,1560,673,1,1000,666,781,781,781,780,780,16,1,35000,35,35,35,10,1560,10,1560,35000,35,35000,35,754706,35,17770093,0,779000,779000,17754614,17754614,779000,779000,0,0,0,0,780,780,779,779,674,674,CONSISTENT
24810,779131,35000,35000,0,0,0,0,0,754706,35,779096,35,781,781,1560,875,1,1000,666,781,781,781,780,780,26,1,35000,35,35,35,10,1560,10,1560,35000,35,35000,35,754706,35,17774762,0,779000,779000,17754614,17754614,779000,779000,0,0,0,0,780,780,779,779,878,878,CONSISTENT
24820,779495,35000,35000,0,0,0,0,0,754706,35,779460,35,782,782,1561,1239,2,0,1007,782,782,782,780,780,6,1,35000,35,35,35,10,1561,10,1561,35000,35,35000,35,754706,35,17783134,0,780000,780000,17777614,17777614,779000,779000,0,0,0,0,781,781,779,779,1240,1240,CONSISTENT
24830,779810,35000,35000,0,0,0,0,0,754706,35,779775,35,782,782,1561,1554,2,0,1007,782,782,782,780,780,14,1,35000,35,35,35,10,1561,10,1561,35000,35,35000,35,754706,35,17790356,0,780000,780000,17777614,17777614,779000,779000,0,0,0,0,781,781,779,779,1554,1554,CONSISTENT
24840,779992,35000,35000,0,0,0,0,0,754706,35,779957,35,782,782,1562,737,1,1000,704,782,782,782,781,781,24,1,35000,35,35,35,10,1562,10,1562,35000,35,35000,35,754706,35,17794565,0,780000,780000,17777614,17777614,780000,780000,0,0,0,0,781,781,780,780,737,737,CONSISTENT
24850,780354,35000,35000,0,0,0,0,0,754706,35,780319,35,783,783,1563,1099,2,0,1029,783,783,783,781,781,0,1,35000,35,35,35,10,1563,10,1563,35000,35,35000,35,754706,35,17802891,0,781000,781000,17800614,17800614,780000,780000,0,0,0,0,782,782,780,780,1102,1103,TORN-PERSISTENT
24860,780722,35000,35000,0,0,0,0,0,754706,35,780687,35,783,783,1563,1467,2,0,1029,783,783,783,781,781,10,1,35000,35,35,35,10,1563,10,1563,35000,35,35000,35,754706,35,17811378,0,781000,781000,17800614,17800614,780000,780000,0,0,0,0,782,782,780,780,1468,1468,CONSISTENT
24870,780917,35000,35000,0,0,0,0,0,754706,35,780882,35,783,783,1564,663,1,1000,493,783,783,783,782,782,20,1,35000,35,35,35,10,1564,10,1564,35000,35,35000,35,754706,35,17815863,0,781000,781000,17800614,17800614,781000,781000,0,0,0,0,782,782,781,781,663,663,CONSISTENT
24880,781268,35000,35000,0,0,0,0,0,754706,35,781233,35,783,783,1564,1014,2,1000,493,783,784,783,782,782,30,1,35000,35,35,35,10,1564,10,1564,35000,35,35000,35,754706,35,17823936,0,782000,782000,17823614,17823614,781000,781000,0,0,0,0,783,783,781,781,1017,1017,CONSISTENT
24890,781597,35000,35000,0,0,0,0,0,754706,35,781562,35,784,784,1565,1343,2,0,1025,784,784,784,782,782,8,1,35000,35,35,35,10,1565,10,1565,35000,35,35000,35,754706,35,17831503,0,782000,782000,17823614,17823614,781000,781000,0,0,0,0,783,783,781,781,1343,1343,CONSISTENT
24900,781943,35000,35000,0,0,0,0,0,754706,35,781908,35,784,784,1565,1689,2,0,1025,784,784,784,782,782,18,1,35000,35,35,35,10,1565,10,1565,35000,35,35000,35,754706,35,17839461,0,782000,782000,17823614,17823614,781000,781000,0,0,0,0,783,783,781,781,1689,1689,CONSISTENT
24910,782015,35000,35000,0,0,0,0,0,754706,35,781980,35,784,784,1566,762,1,1000,697,784,784,784,783,783,28,1,35000,35,35,35,10,1566,10,1566,35000,35,35000,35,754706,35,17841140,0,782000,782000,17823614,17823614,782000,782000,0,0,0,0,783,783,782,782,763,763,CONSISTENT
24920,782372,35000,35000,0,0,0,0,0,754706,35,782337,35,785,785,1567,1119,2,0,1013,785,785,785,783,783,2,1,35000,35,35,35,10,1567,10,1567,35000,35,35000,35,754706,35,17849351,0,783000,783000,17846614,17846614,782000,782000,0,0,0,0,784,784,782,782,1120,1120,CONSISTENT
24930,782737,35000,35000,0,0,0,0,0,754706,35,782702,35,785,785,1567,1484,2,0,1013,785,785,785,783,783,12,1,35000,35,35,35,10,1567,10,1567,35000,35,35000,35,754706,35,17857746,0,783000,783000,17846614,17846614,782000,782000,0,0,0,0,784,784,782,782,1486,1487,TORN-PERSISTENT
24940,783066,35000,35000,0,0,0,0,0,754706,35,783031,35,785,785,1567,1813,2,0,1013,785,785,785,783,783,20,1,35000,35,35,35,10,1567,10,1567,35000,35,35000,35,754706,35,17865313,0,783000,783000,17846614,17846614,782000,782000,0,0,0,0,784,784,782,782,1813,1813,CONSISTENT
24950,783258,35000,35000,0,0,0,0,0,754706,35,783223,35,785,785,1568,1006,2,1000,850,785,786,785,784,784,30,1,35000,35,35,35,10,1568,10,1568,35000,35,35000,35,754706,35,17869752,0,784000,784000,17869614,17869614,783000,783000,0,0,0,0,785,785,783,783,1006,1006,CONSISTENT
24960,783617,35000,35000,0,0,0,0,0,754706,35,783582,35,786,786,1569,1365,2,0,1017,786,786,786,784,784,8,1,35000,35,35,35,10,1569,10,1569,35000,35,35000,35,754706,35,17878032,0,784000,784000,17869614,17869614,783000,783000,0,0,0,0,785,785,783,783,1369,1369,CONSISTENT
24970,783901,35000,35000,0,0,0,0,0,754706,35,783866,35,786,786,1570,650,1,1000,644,786,786,786,785,785,20,1,35000,35,35,35,10,1570,10,1570,35000,35,35000,35,754706,35,17884564,0,784000,784000,17869614,17869614,784000,784000,0,0,0,0,785,785,784,784,650,650,CONSISTENT
24980,784156,35000,35000,0,0,0,0,0,754706,35,784121,35,786,786,1570,905,1,1000,644,786,786,786,785,785,30,1,35000,35,35,35,10,1570,10,1570,35000,35,35000,35,754706,35,17890429,0,784000,784000,17869614,17869614,784000,784000,0,0,0,0,785,785,784,784,905,905,CONSISTENT
24990,784514,35000,35000,0,0,0,0,0,754706,35,784479,35,787,787,1571,1263,2,0,1036,787,787,787,785,785,4,1,35000,35,35,35,10,1571,10,1571,35000,35,35000,35,754706,35,17898663,0,785000,785000,17892614,17892614,784000,784000,0,0,0,0,786,786,784,784,1266,1267,TORN-PERSISTENT
25000,784848,35000,35000,0,0,0,0,0,754706,35,784813,35,787,787,1571,1597,2,0,1036,787,787,787,785,785,14,1,35000,35,35,35,10,1571,10,1571,35000,35,35000,35,754706,35,17906391,0,785000,785000,17892614,17892614,784000,784000,0,0,0,0,786,786,784,784,1599,1599,CONSISTENT
25010,785132,35000,35000,0,0,0,0,0,754706,35,785097,35,787,787,1572,882,1,1000,876,787,787,787,786,786,24,1,35000,35,35,35,10,1572,10,1572,35000,35,35000,35,754706,35,17912900,0,785000,785000,17892614,17892614,785000,785000,0,0,0,0,786,786,785,785,882,882,CONSISTENT
25020,785400,35000,35000,0,0,0,0,0,754706,35,785365,35,788,788,1573,1150,2,0,1041,788,788,788,786,786,2,1,35000,35,35,35,10,1573,10,1573,35000,35,35000,35,754706,35,17919087,0,786000,786000,17915614,17915614,785000,785000,0,0,0,0,787,787,785,785,1153,1153,CONSISTENT
25030,785595,35000,35000,0,0,0,0,0,754706,35,785560,35,788,788,1574,346,1,1000,322,788,788,788,787,787,12,1,35000,35,35,35,10,1574,10,1574,35000,35,35000,35,754706,35,17923572,0,786000,786000,17915614,17915614,786000,786000,0,0,0,0,787,787,786,786,348,348,CONSISTENT
25040,785969,35000,35000,0,0,0,0,0,754706,35,785934,35,788,788,1574,720,1,1000,322,788,788,788,787,787,22,1,35000,35,35,35,10,1574,10,1574,35000,35,35000,35,754706,35,17932174,0,786000,786000,17915614,17915614,786000,786000,0,0,0,0,787,787,786,786,722,722,CONSISTENT
25050,786306,35000,35000,0,0,0,0,0,754706,35,786271,35,789,789,1575,1057,2,0,1028,789,789,789,787,787,0,1,35000,35,35,35,10,1575,10,1575,35000,35,35000,35,754706,35,17939925,0,787000,787000,17938614,17938614,786000,786000,0,0,0,0,788,788,786,786,1058,1058,CONSISTENT
25060,786665,35000,35000,0,0,0,0,0,754706,35,786630,35,789,789,1575,1416,2,0,1028,789,789,789,787,787,10,1,35000,35,35,35,10,1575,10,1575,35000,35,35000,35,754706,35,17948182,0,787000,787000,17938614,17938614,786000,786000,0,0,0,0,788,788,786,786,1418,1419,TORN-PERSISTENT
25070,786847,35000,35000,0,0,0,0,0,754706,35,786812,35,789,789,1576,599,1,1000,513,789,789,789,788,788,20,1,35000,35,35,35,10,1576,10,1576,35000,35,35000,35,754706,35,17952391,0,787000,787000,17938614,17938614,787000,787000,0,0,0,0,788,788,787,787,599,599,CONSISTENT
25080,787225,35000,35000,0,0,0,0,0,754706,35,787190,35,789,789,1576,977,1,1000,513,789,789,789,788,788,30,1,35000,35,35,35,10,1576,10,1576,35000,35,35000,35,754706,35,17961085,0,787000,787000,17938614,17938614,787000,787000,0,0,0,0,788,788,787,787,977,977,CONSISTENT
25090,787578,35000,35000,0,0,0,0,0,754706,35,787543,35,790,790,1577,1330,2,0,1022,790,790,790,788,788,8,1,35000,35,35,35,10,1577,10,1577,35000,35,35000,35,754706,35,17969204,0,788000,788000,17961614,17961614,787000,787000,0,0,0,0,789,789,787,787,1332,1333,TORN-PERSISTENT
25100,787906,35000,35000,0,0,0,0,0,754706,35,787871,35,790,790,1577,1658,2,0,1022,790,790,790,788,788,16,1,35000,35,35,35,10,1577,10,1577,35000,35,35000,35,754706,35,17976748,0,788000,788000,17961614,17961614,787000,787000,0,0,0,0,789,789,787,787,1658,1658,CONSISTENT
25110,788082,35000,35000,0,0,0,0,0,754706,35,788047,35,790,790,1578,835,1,1000,773,790,790,790,789,789,28,1,35000,35,35,35,10,1578,10,1578,35000,35,35000,35,754706,35,17980842,0,788000,788000,17961614,17961614,788000,788000,0,0,0,0,789,789,788,788,838,839,TORN-PERSISTENT
25120,788452,35000,35000,0,0,0,0,0,754706,35,788417,35,791,791,1579,1205,2,0,1040,791,791,791,789,789,4,1,35000,35,35,35,10,1579,10,1579,35000,35,35000,35,754706,35,17989329,0,789000,789000,17984614,17984614,788000,788000,0,0,0,0,790,790,788,788,1205,1205,CONSISTENT
25130,788808,35000,35000,0,0,0,0,0,754706,35,788773,35,791,791,1579,1561,2,0,1040,791,791,791,789,789,14,1,35000,35,35,35,10,1579,10,1579,35000,35,35000,35,754706,35,17997517,0,789000,789000,17984614,17984614,788000,788000,0,0,0,0,790,790,788,788,1562,1562,CONSISTENT
25140,789000,35000,35000,0,0,0,0,0,754706,35,788965,35,791,791,1580,754,1,1000,567,791,791,791,790,790,22,1,35000,35,35,35,10,1580,10,1580,35000,35,35000,35,754706,35,18001956,0,789000,789000,17984614,17984614,789000,789000,0,0,0,0,790,790,789,789,756,756,CONSISTENT
25150,789324,35000,35000,0,0,0,0,0,754706,35,789289,35,792,792,1581,1078,2,0,1036,792,792,792,790,790,0,1,35000,35,35,35,10,1581,10,1581,35000,35,35000,35,754706,35,18009431,0,790000,790000,18007614,18007614,789000,789000,0,0,0,0,791,791,789,789,1079,1079,CONSISTENT
25160,789691,35000,35000,0,0,0,0,0,754706,35,789656,35,792,792,1581,1445,2,0,1036,792,792,792,790,790,10,1,35000,35,35,35,10,1581,10,1581,35000,35,35000,35,754706,35,18017849,0,790000,790000,18007614,18007614,789000,789000,0,0,0,0,791,791,789,789,1445,1445,CONSISTENT
25170,790053,35000,35000,0,0,0,0,0,754706,35,790018,35,792,792,1581,1807,2,0,1036,792,792,792,790,790,20,1,35000,35,35,35,10,1581,10,1581,35000,35,35000,35,754706,35,18026175,0,790000,790000,18007614,18007614,789000,789000,0,0,0,0,791,791,789,789,1807,1807,CONSISTENT
25180,790243,35000,35000,0,0,0,0,0,754706,35,790208,35,792,792,1582,998,1,1000,834,792,792,792,791,791,30,1,35000,35,35,35,10,1582,10,1582,35000,35,35000,35,754706,35,18030568,0,790000,790000,18007614,18007614,790000,790000,0,0,0,0,791,791,790,790,998,998,CONSISTENT
25190,790604,35000,35000,0,0,0,0,0,754706,35,790569,35,793,793,1583,1359,2,0,1009,793,793,793,791,791,8,1,35000,35,35,35,10,1583,10,1583,35000,35,35000,35,754706,35,18038894,0,791000,791000,18030614,18030614,790000,790000,0,0,0,0,792,792,790,790,1361,1362,TORN-PERSISTENT
25200,790885,35000,35000,0,0,0,0,0,754706,35,790850,35,793,793,1584,641,1,1000,633,793,793,793,792,792,18,1,35000,35,35,35,10,1584,10,1584,35000,35,35000,35,754706,35,18045357,0,791000,791000,18030614,18030614,791000,791000,0,0,0,0,792,792,791,791,641,641,CONSISTENT
25210,791117,35000,35000,0,0,0,0,0,754706,35,791082,35,793,793,1584,874,1,1000,633,793,793,793,792,792,27,1,35000,35,35,35,10,1584,10,1584,35000,35,35000,35,754706,35,18050716,0,791000,791000,18030614,18030614,791000,791000,0,0,0,0,792,792,791,791,874,874,CONSISTENT
25220,791474,35000,35000,0,0,0,0,0,754706,35,791439,35,794,794,1585,1230,2,0,1025,794,794,794,792,792,4,1,35000,35,35,35,10,1585,10,1585,35000,35,35000,35,754706,35,18058904,0,792000,792000,18053614,18053614,791000,791000,0,0,0,0,793,793,791,791,1230,1230,CONSISTENT
25230,791825,35000,35000,0,0,0,0,0,754706,35,791790,35,794,794,1585,1581,2,0,1025,794,794,794,792,792,14,1,35000,35,35,35,10,1585,10,1585,35000,35,35000,35,754706,35,18066977,0,792000,792000,18053614,18053614,791000,791000,0,0,0,0,793,793,791,791,1581,1581,CONSISTENT
25240,792052,35000,35000,0,0,0,0,0,754706,35,792017,35,794,794,1586,809,1,1000,802,794,794,794,793,793,26,1,35000,35,35,35,10,1586,10,1586,35000,35,35000,35,754706,35,18072221,0,792000,792000,18053614,18053614,792000,792000,0,0,0,0,793,793,792,792,809,809,CONSISTENT
25250,792376,35000,35000,0,0,0,0,0,754706,35,792341,35,795,795,1587,1133,2,0,1052,795,795,795,793,793,2,1,35000,35,35,35,10,1587,10,1587,35000,35,35000,35,754706,35,18079673,0,793000,793000,18076614,18076614,792000,792000,0,0,0,0,794,794,792,792,1133,1133,CONSISTENT
25260,792705,35000,35000,0,0,0,0,0,754706,35,792670,35,795,795,1587,1462,2,0,1052,795,795,795,793,793,10,1,35000,35,35,35,10,1587,10,1587,35000,35,35000,35,754706,35,18087263,0,793000,793000,18076614,18076614,792000,792000,0,0,0,0,794,794,792,792,1463,1463,CONSISTENT
25270,792892,35000,35000,0,0,0,0,0,754706,35,792857,35,795,795,1588,650,1,1000,636,795,795,795,794,794,20,1,35000,35,35,35,10,1588,10,1588,35000,35,35000,35,754706,35,18091564,0,793000,793000,18076614,18076614,793000,793000,0,0,0,0,794,794,793,793,653,654,TORN-PERSISTENT
25280,793254,35000,35000,0,0,0,0,0,754706,35,793219,35,795,795,1588,1012,2,1000,636,795,796,795,794,794,30,1,35000,35,35,35,10,1588,10,1588,35000,35,35000,35,754706,35,18099913,0,794000,794000,18099614,18099614,793000,793000,0,0,0,0,795,795,793,793,1013,1013,CONSISTENT
25290,793596,35000,35000,0,0,0,0,0,754706,35,793561,35,796,796,1589,1354,2,0,1046,796,796,796,794,794,8,1,35000,35,35,35,10,1589,10,1589,35000,35,35000,35,754706,35,18107779,0,794000,794000,18099614,18099614,793000,793000,0,0,0,0,795,795,793,793,1355,1355,CONSISTENT
25300,793771,35000,35000,0,0,0,0,0,754706,35,793736,35,796,796,1590,530,1,1000,431,796,796,796,795,795,18,1,35000,35,35,35,10,1590,10,1590,35000,35,35000,35,754706,35,18111827,0,794000,794000,18099614,18099614,794000,794000,0,0,0,0,795,795,794,794,531,531,CONSISTENT
25310,794086,35000,35000,0,0,0,0,0,754706,35,794051,35,796,796,1590,845,1,1000,431,796,796,796,795,795,28,1,35000,35,35,35,10,1590,10,1590,35000,35,35000,35,754706,35,18119049,0,794000,794000,18099614,18099614,794000,794000,0,0,0,0,795,795,794,794,845,845,CONSISTENT
25320,794455,35000,35000,0,0,0,0,0,754706,35,794420,35,797,797,1591,1214,2,0,1055,797,797,797,795,795,4,1,35000,35,35,35,10,1591,10,1591,35000,35,35000,35,754706,35,18127536,0,795000,795000,18122614,18122614,794000,794000,0,0,0,0,796,796,794,794,1215,1215,CONSISTENT
25330,794812,35000,35000,0,0,0,0,0,754706,35,794777,35,797,797,1591,1571,2,0,1055,797,797,797,795,795,14,1,35000,35,35,35,10,1591,10,1591,35000,35,35000,35,754706,35,18135793,0,795000,795000,18122614,18122614,794000,794000,0,0,0,0,796,796,794,794,1574,1574,CONSISTENT
25340,795024,35000,35000,0,0,0,0,0,754706,35,794989,35,797,797,1592,784,1,1000,650,797,797,797,796,796,24,1,35000,35,35,35,10,1592,10,1592,35000,35,35000,35,754706,35,18140669,0,795000,795000,18122614,18122614,795000,795000,0,0,0,0,796,796,795,795,787,788,TORN-PERSISTENT
25350,795376,35000,35000,0,0,0,0,0,754706,35,795341,35,798,798,1593,1136,2,0,1056,798,798,798,796,796,2,1,35000,35,35,35,10,1593,10,1593,35000,35,35000,35,754706,35,18148765,0,796000,796000,18145614,18145614,795000,795000,0,0,0,0,797,797,795,795,1137,1137,CONSISTENT
25360,795704,35000,35000,0,0,0,0,0,754706,35,795669,35,798,798,1593,1464,2,0,1056,798,798,798,796,796,10,1,35000,35,35,35,10,1593,10,1593,35000,35,35000,35,754706,35,18156286,0,796000,796000,18145614,18145614,795000,795000,0,0,0,0,797,797,795,795,1466,1467,TORN-PERSISTENT
25370,795889,35000,35000,0,0,0,0,0,754706,35,795854,35,798,798,1594,650,1,1000,516,798,798,798,797,797,20,1,35000,35,35,35,10,1594,10,1594,35000,35,35000,35,754706,35,18160564,0,796000,796000,18145614,18145614,796000,796000,0,0,0,0,797,797,796,796,651,651,CONSISTENT
25380,796253,35000,35000,0,0,0,0,0,754706,35,796218,35,798,798,1594,1014,2,1000,516,798,799,798,797,797,30,1,35000,35,35,35,10,1594,10,1594,35000,35,35000,35,754706,35,18168936,0,797000,797000,18168614,18168614,796000,796000,0,0,0,0,798,798,796,796,1017,1017,CONSISTENT
25390,796604,35000,35000,0,0,0,0,0,754706,35,796569,35,799,799,1595,1365,2,0,1023,799,799,799,797,797,8,1,35000,35,35,35,10,1595,10,1595,35000,35,35000,35,754706,35,18177009,0,797000,797000,18168614,18168614,796000,796000,0,0,0,0,798,798,796,796,1365,1365,CONSISTENT
25400,796964,35000,35000,0,0,0,0,0,754706,35,796929,35,799,799,1595,1725,2,0,1023,799,799,799,797,797,20,1,35000,35,35,35,10,1595,10,1595,35000,35,35000,35,754706,35,18185289,0,797000,797000,18168614,18168614,796000,796000,0,0,0,0,798,798,796,796,1727,1728,TORN-PERSISTENT
25410,797131,35000,35000,0,0,0,0,0,754706,35,797096,35,799,799,1596,893,1,1000,761,799,799,799,798,798,28,1,35000,35,35,35,10,1596,10,1596,35000,35,35000,35,754706,35,18189153,0,797000,797000,18168614,18168614,797000,797000,0,0,0,0,798,798,797,797,893,893,CONSISTENT
25420,797487,35000,35000,0,0,0,0,0,754706,35,797452,35,800,800,1597,1249,2,0,1087,800,800,800,798,798,4,1,35000,35,35,35,10,1597,10,1597,35000,35,35000,35,754706,35,18197341,0,798000,798000,18191614,18191614,797000,797000,0,0,0,0,799,799,797,797,1252,1252,CONSISTENT
25430,797824,35000,35000,0,0,0,0,0,754706,35,797789,35,800,800,1598,587,1,1000,579,800,800,800,799,799,14,1,35000,35,35,35,10,1598,10,1598,35000,35,35000,35,754706,35,18205115,0,798000,798000,18191614,18191614,798000,798000,0,0,0,0,799,799,798,798,587,587,CONSISTENT
25440,798046,35000,35000,0,0,0,0,0,754706,35,798011,35,800,800,1598,809,1,1000,579,800,800,800,799,799,24,1,35000,35,35,35,10,1598,10,1598,35000,35,35000,35,754706,35,18210221,0,798000,798000,18191614,18191614,798000,798000,0,0,0,0,799,799,798,798,810,810,CONSISTENT
25450,798402,35000,35000,0,0,0,0,0,754706,35,798367,35,801,801,1599,1165,2,0,1059,801,801,801,799,799,2,1,35000,35,35,35,10,1599,10,1599,35000,35,35000,35,754706,35,18218432,0,799000,799000,18214614,18214614,798000,798000,0,0,0,0,800,800,798,798,1167,1167,CONSISTENT
25460,798726,35000,35000,0,0,0,0,0,754706,35,798691,35,801,801,1599,1489,2,0,1059,801,801,801,799,799,12,1,35000,35,35,35,10,1599,10,1599,35000,35,35000,35,754706,35,18225861,0,799000,799000,18214614,18214614,798000,798000,0,0,0,0,800,800,798,798,1491,1492,TORN-PERSISTENT
25470,799074,35000,35000,0,0,0,0,0,754706,35,799039,35,801,801,1600,838,1,1000,831,801,801,801,800,800,22,1,35000,35,35,35,10,1600,10,1600,35000,35,35000,35,754706,35,18233888,0,799000,799000,18214614,18214614,799000,799000,0,0,0,0,800,800,799,799,838,838,CONSISTENT
25480,799291,35000,35000,0,0,0,0,0,754706,35,799256,35,802,802,1601,1055,2,0,1030,802,802,802,800,800,0,1,35000,35,35,35,10,1601,10,1601,35000,35,35000,35,754706,35,18238902,0,800000,800000,18237614,18237614,799000,799000,0,0,0,0,801,801,799,799,1057,1057,CONSISTENT
25490,799643,35000,35000,0,0,0,0,0,754706,35,799608,35,802,802,1601,1407,2,0,1030,802,802,802,800,800,10,1,35000,35,35,35,10,1601,10,1601,35000,35,35000,35,754706,35,18246998,0,800000,800000,18237614,18237614,799000,799000,0,0,0,0,801,801,799,799,1408,1408,CONSISTENT
25500,799849,35000,35000,0,0,0,0,0,754706,35,799814,35,802,802,1602,614,1,1000,611,802,802,802,801,801,20,1,35000,35,35,35,10,1602,10,1602,35000,35,35000,35,754706,35,18251736,0,800000,800000,18237614,18237614,800000,800000,0,0,0,0,801,801,800,800,614,614,CONSISTENT
25510,800078,35000,35000,0,0,0,0,0,754706,35,800043,35,802,802,1602,843,1,1000,611,802,802,802,801,801,30,1,35000,35,35,35,10,1602,10,1602,35000,35,35000,35,754706,35,18257026,0,800000,800000,18237614,18237614,800000,800000,0,0,0,0,801,801,800,800,844,844,CONSISTENT
25520,800437,35000,35000,0,0,0,0,0,754706,35,800402,35,803,803,1603,1202,2,0,1041,803,803,803,801,801,4,1,35000,35,35,35,10,1603,10,1603,35000,35,35000,35,754706,35,18265260,0,801000,801000,18260614,18260614,800000,800000,0,0,0,0,802,802,800,800,1204,1204,CONSISTENT
25530,800798,35000,35000,0,0,0,0,0,754706,35,800763,35,803,803,1603,1563,2,0,1041,803,803,803,801,801,14,1,35000,35,35,35,10,1603,10,1603,35000,35,35000,35,754706,35,18273563,0,801000,801000,18260614,18260614,800000,800000,0,0,0,0,802,802,800,800,1565,1565,CONSISTENT
25540,800989,35000,35000,0,0,0,0,0,754706,35,800954,35,803,803,1604,755,1,1000,729,803,803,803,802,802,24,1,35000,35,35,35,10,1604,10,1604,35000,35,35000,35,754706,35,18278002,0,801000,801000,18260614,18260614,801000,801000,0,0,0,0,802,802,801,801,756,756,CONSISTENT
25550,801345,35000,35000,0,0,0,0,0,754706,35,801310,35,804,804,1605,1111,2,0,1003,804,804,804,802,802,2,1,35000,35,35,35,10,1605,10,1605,35000,35,35000,35,754706,35,18286167,0,802000,802000,18283614,18283614,801000,801000,0,0,0,0,803,803,801,801,1114,1115,TORN-PERSISTENT
25560,801680,35000,35000,0,0,0,0,0,754706,35,801645,35,804,804,1605,1446,2,0,1003,804,804,804,802,802,10,1,35000,35,35,35,10,1605,10,1605,35000,35,35000,35,754706,35,18293872,0,802000,802000,18283614,18283614,801000,801000,0,0,0,0,803,803,801,801,1448,1450,TORN-PERSISTENT
25570,801872,35000,35000,0,0,0,0,0,754706,35,801837,35,804,804,1606,639,1,1000,519,804,804,804,803,803,20,1,35000,35,35,35,10,1606,10,1606,35000,35,35000,35,754706,35,18298311,0,802000,802000,18283614,18283614,802000,802000,0,0,0,0,803,803,802,802,639,639,CONSISTENT
25580,802230,35000,35000,0,0,0,0,0,754706,35,802195,35,804,804,1606,997,1,1000,519,804,804,804,803,803,30,1,35000,35,35,35,10,1606,10,1606,35000,35,35000,35,754706,35,18306545,0,802000,802000,18283614,18283614,802000,802000,0,0,0,0,803,803,802,802,1000,1000,CONSISTENT
25590,802594,35000,35000,0,0,0,0,0,754706,35,802559,35,805,805,1607,1361,2,0,1006,805,805,805,803,803,8,1,35000,35,35,35,10,1607,10,1607,35000,35,35000,35,754706,35,18314917,0,803000,803000,18306614,18306614,802000,802000,0,0,0,0,804,804,802,802,1363,1363,CONSISTENT
25600,802953,35000,35000,0,0,0,0,0,754706,35,802918,35,805,805,1607,1720,2,0,1006,805,805,805,803,803,20,1,35000,35,35,35,10,1607,10,1607,35000,35,35000,35,754706,35,18323197,0,803000,803000,18306614,18306614,802000,802000,0,0,0,0,804,804,802,802,1721,1721,CONSISTENT
25610,803100,35000,35000,0,0,0,0,0,754706,35,803065,35,805,805,1608,868,1,1000,784,805,805,805,804,804,28,1,35000,35,35,35,10,1608,10,1608,35000,35,35000,35,754706,35,18326578,0,803000,803000,18306614,18306614,803000,803000,0,0,0,0,804,804,803,803,869,869,CONSISTENT
25620,803450,35000,35000,0,0,0,0,0,754706,35,803415,35,806,806,1609,1218,2,0,1036,806,806,806,804,804,4,1,35000,35,35,35,10,1609,10,1609,35000,35,35000,35,754706,35,18334628,0,804000,804000,18329614,18329614,803000,803000,0,0,0,0,805,805,803,803,1219,1222,TORN-PERSISTENT
25630,803793,35000,35000,0,0,0,0,0,754706,35,803758,35,806,806,1610,562,1,1000,559,806,806,806,805,805,14,1,35000,35,35,35,10,1610,10,1610,35000,35,35000,35,754706,35,18342540,0,804000,804000,18329614,18329614,804000,804000,0,0,0,0,805,805,804,804,562,562,CONSISTENT
25640,803995,35000,35000,0,0,0,0,0,754706,35,803960,35,806,806,1610,764,1,1000,559,806,806,806,805,805,24,1,35000,35,35,35,10,1610,10,1610,35000,35,35000,35,754706,35,18347186,0,804000,804000,18329614,18329614,804000,804000,0,0,0,0,805,805,804,804,765,765,CONSISTENT
25650,804356,35000,35000,0,0,0,0,0,754706,35,804321,35,807,807,1611,1125,2,0,1015,807,807,807,805,805,2,1,35000,35,35,35,10,1611,10,1611,35000,35,35000,35,754706,35,18355512,0,805000,805000,18352614,18352614,804000,804000,0,0,0,0,806,806,804,804,1128,1129,TORN-PERSISTENT
25660,804677,35000,35000,0,0,0,0,0,754706,35,804642,35,807,807,1611,1446,2,0,1015,807,807,807,805,805,12,1,35000,35,35,35,10,1611,10,1611,35000,35,35000,35,754706,35,18362872,0,805000,805000,18352614,18352614,804000,804000,0,0,0,0,806,806,804,804,1449,1450,TORN-PERSISTENT
25670,805027,35000,35000,0,0,0,0,0,754706,35,804992,35,807,807,1612,797,1,1000,788,807,807,807,806,806,22,1,35000,35,35,35,10,1612,10,1612,35000,35,35000,35,754706,35,18370945,0,805000,805000,18352614,18352614,805000,805000,0,0,0,0,806,806,805,805,797,797,CONSISTENT
25680,805231,35000,35000,0,0,0,0,0,754706,35,805196,35,807,807,1612,1001,2,1000,788,807,808,807,806,806,32,1,35000,35,35,35,10,1612,10,1612,35000,35,35000,35,754706,35,18375660,0,806000,806000,18375614,18375614,805000,805000,0,0,0,0,807,807,805,805,1002,1002,CONSISTENT
25690,805583,35000,35000,0,0,0,0,0,754706,35,805548,35,808,808,1613,1353,2,0,1042,808,808,808,806,806,8,1,35000,35,35,35,10,1613,10,1613,35000,35,35000,35,754706,35,18383733,0,806000,806000,18375614,18375614,805000,805000,0,0,0,0,807,807,805,805,1354,1355,TORN-PERSISTENT
25700,805808,35000,35000,0,0,0,0,0,754706,35,805773,35,808,808,1614,579,1,1000,576,808,808,808,807,807,18,1,35000,35,35,35,10,1614,10,1614,35000,35,35000,35,754706,35,18388931,0,806000,806000,18375614,18375614,806000,806000,0,0,0,0,807,807,806,806,579,579,CONSISTENT
25710,806084,35000,35000,0,0,0,0,0,754706,35,806049,35,808,808,1614,855,1,1000,576,808,808,808,807,807,26,1,35000,35,35,35,10,1614,10,1614,35000,35,35000,35,754706,35,18395302,0,806000,806000,18375614,18375614,806000,806000,0,0,0,0,807,807,806,806,856,856,CONSISTENT
25720,806435,35000,35000,0,0,0,0,0,754706,35,806400,35,809,809,1615,1206,2,0,1017,809,809,809,807,807,4,1,35000,35,35,35,10,1615,10,1615,35000,35,35000,35,754706,35,18403352,0,807000,807000,18398614,18398614,806000,806000,0,0,0,0,808,808,806,806,1207,1207,CONSISTENT
25730,806785,35000,35000,0,0,0,0,0,754706,35,806750,35,809,809,1615,1556,2,0,1017,809,809,809,807,807,14,1,35000,35,35,35,10,1615,10,1615,35000,35,35000,35,754706,35,18411402,0,807000,807000,18398614,18398614,806000,806000,0,0,0,0,808,808,806,806,1556,1556,CONSISTENT
25740,807039,35000,35000,0,0,0,0,0,754706,35,807004,35,809,809,1616,811,1,1000,800,809,809,809,808,808,24,1,35000,35,35,35,10,1616,10,1616,35000,35,35000,35,754706,35,18417267,0,807000,807000,18398614,18398614,807000,807000,0,0,0,0,808,808,807,807,811,811,CONSISTENT
25750,807335,35000,35000,0,0,0,0,0,754706,35,807300,35,810,810,1617,1107,2,0,1036,810,810,810,808,808,0,1,35000,35,35,35,10,1617,10,1617,35000,35,35000,35,754706,35,18424098,0,808000,808000,18421614,18421614,807000,807000,0,0,0,0,809,809,807,807,1108,1108,CONSISTENT
25760,807653,35000,35000,0,0,0,0,0,754706,35,807618,35,810,810,1617,1425,2,0,1036,810,810,810,808,808,10,1,35000,35,35,35,10,1617,10,1617,35000,35,35000,35,754706,35,18431412,0,808000,808000,18421614,18421614,807000,807000,0,0,0,0,809,809,807,807,1427,1428,TORN-PERSISTENT
25770,807844,35000,35000,0,0,0,0,0,754706,35,807809,35,810,810,1618,617,1,1000,576,810,810,810,809,809,20,1,35000,35,35,35,10,1618,10,1618,35000,35,35000,35,754706,35,18435805,0,808000,808000,18421614,18421614,808000,808000,0,0,0,0,809,809,808,808,620,620,CONSISTENT
25780,808205,35000,35000,0,0,0,0,0,754706,35,808170,35,810,810,1618,978,1,1000,576,810,810,810,809,809,30,1,35000,35,35,35,10,1618,10,1618,35000,35,35000,35,754706,35,18444108,0,808000,808000,18421614,18421614,808000,808000,0,0,0,0,809,809,808,808,978,978,CONSISTENT
25790,808560,35000,35000,0,0,0,0,0,754706,35,808525,35,811,811,1619,1333,2,0,1020,811,811,811,809,809,8,1,35000,35,35,35,10,1619,10,1619,35000,35,35000,35,754706,35,18452296,0,809000,809000,18444614,18444614,808000,808000,0,0,0,0,810,810,808,808,1337,1337,CONSISTENT
25800,808921,35000,35000,0,0,0,0,0,754706,35,808886,35,811,811,1619,1694,2,0,1020,811,811,811,809,809,18,1,35000,35,35,35,10,1619,10,1619,35000,35,35000,35,754706,35,18460576,0,809000,809000,18444614,18444614,808000,808000,0,0,0,0,810,810,808,808,1694,1694,CONSISTENT
25810,808968,35000,35000,0,0,0,0,0,754706,35,808933,35,811,811,1620,742,1,1000,695,811,811,811,810,810,28,1,35000,35,35,35,10,1620,10,1620,35000,35,35000,35,754706,35,18461680,0,809000,809000,18444614,18444614,809000,809000,0,0,0,0,810,810,809,809,743,743,CONSISTENT
25820,809326,35000,35000,0,0,0,0,0,754706,35,809291,35,812,812,1621,1100,2,0,1020,812,812,812,810,810,2,1,35000,35,35,35,10,1621,10,1621,35000,35,35000,35,754706,35,18469914,0,810000,810000,18467614,18467614,809000,809000,0,0,0,0,811,811,809,809,1100,1100,CONSISTENT
25830,809676,35000,35000,0,0,0,0,0,754706,35,809641,35,812,812,1622,451,1,1000,449,812,812,812,811,811,12,1,35000,35,35,35,10,1622,10,1622,35000,35,35000,35,754706,35,18477987,0,810000,810000,18467614,18467614,810000,810000,0,0,0,0,811,811,810,810,453,453,CONSISTENT
25840,809873,35000,35000,0,0,0,0,0,754706,35,809838,35,812,812,1622,648,1,1000,449,812,812,812,811,811,20,1,35000,35,35,35,10,1622,10,1622,35000,35,35000,35,754706,35,18482518,0,810000,810000,18467614,18467614,810000,810000,0,0,0,0,811,811,810,810,649,649,CONSISTENT
25850,810242,35000,35000,0,0,0,0,0,754706,35,810207,35,813,813,1623,1017,2,0,1015,813,813,813,811,811,0,1,35000,35,35,35,10,1623,10,1623,35000,35,35000,35,754706,35,18491028,0,811000,811000,18490614,18490614,810000,810000,0,0,0,0,812,812,810,810,1020,1020,CONSISTENT
25860,810557,35000,35000,0,0,0,0,0,754706,35,810522,35,813,813,1623,1332,2,0,1015,813,813,813,811,811,8,1,35000,35,35,35,10,1623,10,1623,35000,35,35000,35,754706,35,18498250,0,811000,811000,18490614,18490614,810000,810000,0,0,0,0,812,812,810,810,1332,1332,CONSISTENT
25870,810918,35000,35000,0,0,0,0,0,754706,35,810883,35,813,813,1623,1693,2,0,1015,813,813,813,811,811,18,1,35000,35,35,35,10,1623,10,1623,35000,35,35000,35,754706,35,18506553,0,811000,811000,18490614,18490614,810000,810000,0,0,0,0,812,812,810,810,1694,1694,CONSISTENT
25880,811114,35000,35000,0,0,0,0,0,754706,35,811079,35,813,813,1624,890,1,1000,733,813,813,813,812,812,28,1,35000,35,35,35,10,1624,10,1624,35000,35,35000,35,754706,35,18511084,0,811000,811000,18490614,18490614,811000,811000,0,0,0,0,812,812,811,811,890,890,CONSISTENT
25890,811476,35000,35000,0,0,0,0,0,754706,35,811441,35,814,814,1625,1252,2,0,1053,814,814,814,812,812,4,1,35000,35,35,35,10,1625,10,1625,35000,35,35000,35,754706,35,18519433,0,812000,812000,18513614,18513614,811000,811000,0,0,0,0,813,813,811,811,1253,1253,CONSISTENT
25900,811770,35000,35000,0,0,0,0,0,754706,35,811735,35,814,814,1626,547,1,1000,543,814,814,814,813,813,14,1,35000,35,35,35,10,1626,10,1626,35000,35,35000,35,754706,35,18526195,0,812000,812000,18513614,18513614,812000,812000,0,0,0,0,813,813,812,812,547,547,CONSISTENT
25910,812028,35000,35000,0,0,0,0,0,754706,35,811993,35,814,814,1626,805,1,1000,543,814,814,814,813,813,24,1,35000,35,35,35,10,1626,10,1626,35000,35,35000,35,754706,35,18532152,0,812000,812000,18513614,18513614,812000,812000,0,0,0,0,813,813,812,812,806,806,CONSISTENT
25920,812363,35000,35000,0,0,0,0,0,754706,35,812328,35,815,815,1627,1140,2,0,1058,815,815,815,813,813,2,1,35000,35,35,35,10,1627,10,1627,35000,35,35000,35,754706,35,18539857,0,813000,813000,18536614,18536614,812000,812000,0,0,0,0,814,814,812,812,1141,1141,CONSISTENT
25930,812718,35000,35000,0,0,0,0,0,754706,35,812683,35,815,815,1627,1495,2,0,1058,815,815,815,813,813,12,1,35000,35,35,35,10,1627,10,1627,35000,35,35000,35,754706,35,18547999,0,813000,813000,18536614,18536614,812000,812000,0,0,0,0,814,814,812,812,1495,1495,CONSISTENT
25940,813022,35000,35000,0,0,0,0,0,754706,35,812987,35,815,815,1628,800,1,1000,795,815,815,815,814,814,22,1,35000,35,35,35,10,1628,10,1628,35000,35,35000,35,754706,35,18555014,0,813000,813000,18536614,18536614,813000,813000,0,0,0,0,814,814,813,813,800,800,CONSISTENT
25950,813266,35000,35000,0,0,0,0,0,754706,35,813231,35,816,816,1629,1044,2,0,1021,816,816,816,814,814,0,1,35000,35,35,35,10,1629,10,1629,35000,35,35000,35,754706,35,18560626,0,814000,814000,18559614,18559614,813000,813000,0,0,0,0,815,815,813,813,1044,1044,CONSISTENT
25960,813628,35000,35000,0,0,0,0,0,754706,35,813593,35,816,816,1629,1406,2,0,1021,816,816,816,814,814,10,1,35000,35,35,35,10,1629,10,1629,35000,35,35000,35,754706,35,18568952,0,814000,814000,18559614,18559614,813000,813000,0,0,0,0,815,815,813,813,1407,1407,CONSISTENT
25971,813813,35000,35000,0,0,0,0,0,754706,35,813778,35,816,816,1630,592,1,1000,579,816,816,816,815,815,20,1,35000,35,35,35,10,1630,10,1630,35000,35,35000,35,754706,35,18573230,0,814000,814000,18559614,18559614,814000,814000,0,0,0,0,815,815,814,814,595,595,CONSISTENT
25980,814130,35000,35000,0,0,0,0,0,754706,35,814095,35,816,816,1630,909,1,1000,579,816,816,816,815,815,28,1,35000,35,35,35,10,1630,10,1630,35000,35,35000,35,754706,35,18580521,0,814000,814000,18559614,18559614,814000,814000,0,0,0,0,815,815,814,814,910,910,CONSISTENT
25990,814495,35000,35000,0,0,0,0,0,754706,35,814460,35,817,817,1631,1274,2,0,1003,817,817,817,815,815,6,1,35000,35,35,35,10,1631,10,1631,35000,35,35000,35,754706,35,18588939,0,815000,815000,18582614,18582614,814000,814000,0,0,0,0,816,816,814,814,1277,1278,TORN-PERSISTENT
26000,814864,35000,35000,0,0,0,0,0,754706,35,814829,35,817,817,1631,1643,2,0,1003,817,817,817,815,815,16,1,35000,35,35,35,10,1631,10,1631,35000,35,35000,35,754706,35,18597403,0,815000,815000,18582614,18582614,814000,814000,0,0,0,0,816,816,814,814,1643,1643,CONSISTENT
26010,815076,35000,35000,0,0,0,0,0,754706,35,815041,35,817,817,1632,856,1,1000,848,817,817,817,816,816,26,1,35000,35,35,35,10,1632,10,1632,35000,35,35000,35,754706,35,18602302,0,815000,815000,18582614,18582614,815000,815000,0,0,0,0,816,816,815,815,856,856,CONSISTENT
26020,815407,35000,35000,0,0,0,0,0,754706,35,815372,35,818,818,1633,1187,2,0,1039,818,818,818,816,816,4,1,35000,35,35,35,10,1633,10,1633,35000,35,35000,35,754706,35,18609915,0,816000,816000,18605614,18605614,815000,815000,0,0,0,0,817,817,815,815,1187,1187,CONSISTENT
26030,815728,35000,35000,0,0,0,0,0,754706,35,815693,35,818,818,1633,1508,2,0,1039,818,818,818,816,816,12,1,35000,35,35,35,10,1633,10,1633,35000,35,35000,35,754706,35,18617321,0,816000,816000,18605614,18605614,815000,815000,0,0,0,0,817,817,815,815,1509,1509,CONSISTENT
26040,815908,35000,35000,0,0,0,0,0,754706,35,815873,35,818,818,1634,689,1,1000,613,818,818,818,817,817,22,1,35000,35,35,35,10,1634,10,1634,35000,35,35000,35,754706,35,18621484,0,816000,816000,18605614,18605614,816000,816000,0,0,0,0,817,817,816,816,690,690,CONSISTENT
26050,816264,35000,35000,0,0,0,0,0,754706,35,816229,35,819,819,1635,1045,2,0,1024,819,819,819,817,817,0,1,35000,35,35,35,10,1635,10,1635,35000,35,35000,35,754706,35,18629649,0,817000,817000,18628614,18628614,816000,816000,0,0,0,0,818,818,816,816,1047,1047,CONSISTENT
26060,816622,35000,35000,0,0,0,0,0,754706,35,816587,35,819,819,1635,1403,2,0,1024,819,819,819,817,817,10,1,35000,35,35,35,10,1635,10,1635,35000,35,35000,35,754706,35,18637883,0,817000,817000,18628614,18628614,816000,816000,0,0,0,0,818,818,816,816,1404,1404,CONSISTENT
26070,816976,35000,35000,0,0,0,0,0,754706,35,816941,35,819,819,1635,1757,2,0,1024,819,819,819,817,817,20,1,35000,35,35,35,10,1635,10,1635,35000,35,35000,35,754706,35,18646025,0,817000,817000,18628614,18628614,816000,816000,0,0,0,0,818,818,816,816,1758,1758,CONSISTENT
26080,817110,35000,35000,0,0,0,0,0,754706,35,817075,35,819,819,1636,892,1,1000,861,819,819,819,818,818,28,1,35000,35,35,35,10,1636,10,1636,35000,35,35000,35,754706,35,18649130,0,817000,817000,18628614,18628614,817000,817000,0,0,0,0,818,818,817,817,894,894,CONSISTENT
26090,817449,35000,35000,0,0,0,0,0,754706,35,817414,35,820,820,1637,1231,2,0,1036,820,820,820,818,818,6,1,35000,35,35,35,10,1637,10,1637,35000,35,35000,35,754706,35,18656927,0,818000,818000,18651614,18651614,817000,817000,0,0,0,0,819,819,817,817,1234,1234,CONSISTENT
26100,817814,35000,35000,0,0,0,0,0,754706,35,817779,35,820,820,1637,1596,2,0,1036,820,820,820,818,818,16,1,35000,35,35,35,10,1637,10,1637,35000,35,35000,35,754706,35,18665345,0,818000,818000,18651614,18651614,817000,817000,0,0,0,0,819,819,817,817,1597,1597,CONSISTENT
26110,817893,35000,35000,0,0,0,0,0,754706,35,817858,35,820,820,1638,676,1,1000,605,820,820,820,819,819,25,1,35000,35,35,35,10,1638,10,1638,35000,35,35000,35,754706,35,18667162,0,818000,818000,18651614,18651614,818000,818000,0,0,0,0,819,819,818,818,676,676,CONSISTENT
26120,818256,35000,35000,0,0,0,0,0,754706,35,818221,35,821,821,1639,1039,2,0,1028,821,821,821,819,819,0,1,35000,35,35,35,10,1639,10,1639,35000,35,35000,35,754706,35,18675534,0,819000,819000,18674614,18674614,818000,818000,0,0,0,0,820,820,818,818,1040,1040,CONSISTENT
26130,818577,35000,35000,0,0,0,0,0,754706,35,818542,35,821,821,1639,1360,2,0,1028,821,821,821,819,819,8,1,35000,35,35,35,10,1639,10,1639,35000,35,35000,35,754706,35,18682917,0,819000,819000,18674614,18674614,818000,818000,0,0,0,0,820,820,818,818,1361,1361,CONSISTENT
26140,818936,35000,35000,0,0,0,0,0,754706,35,818901,35,821,821,1639,1719,2,0,1028,821,821,821,819,819,18,1,35000,35,35,35,10,1639,10,1639,35000,35,35000,35,754706,35,18691174,0,819000,819000,18674614,18674614,818000,818000,0,0,0,0,820,820,818,818,1721,1721,CONSISTENT
26150,819122,35000,35000,0,0,0,0,0,754706,35,819087,35,821,821,1640,906,1,1000,773,821,821,821,820,820,28,1,35000,35,35,35,10,1640,10,1640,35000,35,35000,35,754706,35,18695452,0,819000,819000,18674614,18674614,819000,819000,0,0,0,0,820,820,819,819,907,907,CONSISTENT
26160,819483,35000,35000,0,0,0,0,0,754706,35,819448,35,822,822,1641,1267,2,0,1058,822,822,822,820,820,4,1,35000,35,35,35,10,1641,10,1641,35000,35,35000,35,754706,35,18703778,0,820000,820000,18697614,18697614,819000,819000,0,0,0,0,821,821,819,819,1268,1268,CONSISTENT
26170,819763,35000,35000,0,0,0,0,0,754706,35,819728,35,822,822,1642,548,1,1000,543,822,822,822,821,821,14,1,35000,35,35,35,10,1642,10,1642,35000,35,35000,35,754706,35,18710218,0,820000,820000,18697614,18697614,820000,820000,0,0,0,0,821,821,820,820,548,548,CONSISTENT
26180,819972,35000,35000,0,0,0,0,0,754706,35,819937,35,822,822,1642,757,1,1000,543,822,822,822,821,821,24,1,35000,35,35,35,10,1642,10,1642,35000,35,35000,35,754706,35,18715025,0,820000,820000,18697614,18697614,820000,820000,0,0,0,0,821,821,820,820,759,760,TORN-PERSISTENT
26190,820335,35000,35000,0,0,0,0,0,754706,35,820300,35,823,823,1643,1120,2,0,1040,823,823,823,821,821,2,1,35000,35,35,35,10,1643,10,1643,35000,35,35000,35,754706,35,18723374,0,821000,821000,18720614,18720614,820000,820000,0,0,0,0,822,822,820,820,1120,1120,CONSISTENT
26200,820689,35000,35000,0,0,0,0,0,754706,35,820654,35,823,823,1643,1474,2,0,1040,823,823,823,821,821,12,1,35000,35,35,35,10,1643,10,1643,35000,35,35000,35,754706,35,18731516,0,821000,821000,18720614,18720614,820000,820000,0,0,0,0,822,822,820,820,1474,1474,CONSISTENT
26210,821011,35000,35000,0,0,0,0,0,754706,35,820976,35,823,823,1644,797,1,1000,791,823,823,823,822,822,22,1,35000,35,35,35,10,1644,10,1644,35000,35,35000,35,754706,35,18738945,0,821000,821000,18720614,18720614,821000,821000,0,0,0,0,822,822,821,821,797,797,CONSISTENT
26220,821234,35000,35000,0,0,0,0,0,754706,35,821199,35,823,823,1644,1020,2,1000,791,823,824,823,822,822,32,1,35000,35,35,35,10,1644,10,1644,35000,35,35000,35,754706,35,18744097,0,822000,822000,18743614,18743614,821000,821000,0,0,0,0,823,823,821,821,1022,1023,TORN-PERSISTENT
26230,821578,35000,35000,0,0,0,0,0,754706,35,821543,35,824,824,1645,1364,2,0,1056,824,824,824,822,822,8,1,35000,35,35,35,10,1645,10,1645,35000,35,35000,35,754706,35,18751986,0,822000,822000,18743614,18743614,821000,821000,0,0,0,0,823,823,821,821,1364,1364,CONSISTENT
26240,821765,35000,35000,0,0,0,0,0,754706,35,821730,35,824,824,1646,552,1,1000,541,824,824,824,823,823,16,1,35000,35,35,35,10,1646,10,1646,35000,35,35000,35,754706,35,18756310,0,822000,822000,18743614,18743614,822000,822000,0,0,0,0,823,823,822,822,552,552,CONSISTENT
26250,822085,35000,35000,0,0,0,0,0,754706,35,822050,35,824,824,1646,872,1,1000,541,824,824,824,823,823,28,1,35000,35,35,35,10,1646,10,1646,35000,35,35000,35,754706,35,18763670,0,822000,822000,18743614,18743614,822000,822000,0,0,0,0,823,823,822,822,874,875,TORN-PERSISTENT
26260,822439,35000,35000,0,0,0,0,0,754706,35,822404,35,825,825,1647,1226,2,0,1029,825,825,825,823,823,4,1,35000,35,35,35,10,1647,10,1647,35000,35,35000,35,754706,35,18771812,0,823000,823000,18766614,18766614,822000,822000,0,0,0,0,824,824,822,822,1226,1226,CONSISTENT
26270,822790,35000,35000,0,0,0,0,0,754706,35,822755,35,825,825,1647,1577,2,0,1029,825,825,825,823,823,14,1,35000,35,35,35,10,1647,10,1647,35000,35,35000,35,754706,35,18779908,0,823000,823000,18766614,18766614,822000,822000,0,0,0,0,824,824,822,822,1578,1578,CONSISTENT
26280,823013,35000,35000,0,0,0,0,0,754706,35,822978,35,825,825,1648,801,1,1000,793,825,825,825,824,824,24,1,35000,35,35,35,10,1648,10,1648,35000,35,35000,35,754706,35,18785037,0,823000,823000,18766614,18766614,823000,823000,0,0,0,0,824,824,823,823,801,801,CONSISTENT
26290,823300,35000,35000,0,0,0,0,0,754706,35,823265,35,826,826,1649,1088,2,0,1048,826,826,826,824,824,0,1,35000,35,35,35,10,1649,10,1649,35000,35,35000,35,754706,35,18791638,0,824000,824000,18789614,18789614,823000,823000,0,0,0,0,825,825,823,823,1088,1088,CONSISTENT
26300,823657,35000,35000,0,0,0,0,0,754706,35,823622,35,826,826,1649,1445,2,0,1048,826,826,826,824,824,10,1,35000,35,35,35,10,1649,10,1649,35000,35,35000,35,754706,35,18799849,0,824000,824000,18789614,18789614,823000,823000,0,0,0,0,825,825,823,823,1446,1446,CONSISTENT
26310,823859,35000,35000,0,0,0,0,0,754706,35,823824,35,826,826,1650,648,1,1000,591,826,826,826,825,825,20,1,35000,35,35,35,10,1650,10,1650,35000,35,35000,35,754706,35,18804518,0,824000,824000,18789614,18789614,824000,824000,0,0,0,0,825,825,824,824,648,648,CONSISTENT
26320,824217,35000,35000,0,0,0,0,0,754706,35,824182,35,826,826,1650,1006,2,1000,591,826,827,826,825,825,30,1,35000,35,35,35,10,1650,10,1650,35000,35,35000,35,754706,35,18812775,0,825000,825000,18812614,18812614,824000,824000,0,0,0,0,826,826,824,824,1007,1007,CONSISTENT
26330,824572,35000,35000,0,0,0,0,0,754706,35,824537,35,827,827,1651,1361,2,0,1122,827,827,827,825,825,6,1,35000,35,35,35,10,1651,10,1651,35000,35,35000,35,754706,35,18820940,0,825000,825000,18812614,18812614,824000,824000,0,0,0,0,826,826,824,824,1363,1363,CONSISTENT
26341,824930,35000,35000,0,0,0,0,0,754706,35,824895,35,827,827,1651,1719,2,0,1122,827,827,827,825,825,16,1,35000,35,35,35,10,1651,10,1651,35000,35,35000,35,754706,35,18829151,0,825000,825000,18812614,18812614,824000,824000,0,0,0,0,826,826,824,824,1719,1719,CONSISTENT
26350,825086,35000,35000,0,0,0,0,0,754706,35,825051,35,827,827,1652,876,1,1000,828,827,827,827,826,826,26,1,35000,35,35,35,10,1652,10,1652,35000,35,35000,35,754706,35,18832785,0,825000,825000,18812614,18812614,825000,825000,0,0,0,0,826,826,825,825,878,878,CONSISTENT
26360,825446,35000,35000,0,0,0,0,0,754706,35,825411,35,828,828,1653,1236,2,0,1020,828,828,828,826,826,6,1,35000,35,35,35,10,1653,10,1653,35000,35,35000,35,754706,35,18841065,0,826000,826000,18835614,18835614,825000,825000,0,0,0,0,827,827,825,825,1237,1237,CONSISTENT
26370,825798,35000,35000,0,0,0,0,0,754706,35,825763,35,828,828,1653,1588,2,0,1020,828,828,828,826,826,16,1,35000,35,35,35,10,1653,10,1653,35000,35,35000,35,754706,35,18849138,0,826000,826000,18835614,18835614,825000,825000,0,0,0,0,827,827,825,825,1588,1588,CONSISTENT
26380,825982,35000,35000,0,0,0,0,0,754706,35,825947,35,828,828,1654,773,1,1000,663,828,828,828,827,827,26,1,35000,35,35,35,10,1654,10,1654,35000,35,35000,35,754706,35,18853393,0,826000,826000,18835614,18835614,826000,826000,0,0,0,0,827,827,826,826,775,776,TORN-PERSISTENT
26390,826340,35000,35000,0,0,0,0,0,754706,35,826305,35,829,829,1655,1131,2,0,1043,829,829,829,827,827,2,1,35000,35,35,35,10,1655,10,1655,35000,35,35000,35,754706,35,18861627,0,827000,827000,18858614,18858614,826000,826000,0,0,0,0,828,828,826,826,1134,1135,TORN-PERSISTENT
26400,826664,35000,35000,0,0,0,0,0,754706,35,826629,35,829,829,1655,1455,2,0,1043,829,829,829,827,827,10,1,35000,35,35,35,10,1655,10,1655,35000,35,35000,35,754706,35,18869079,0,827000,827000,18858614,18858614,826000,826000,0,0,0,0,828,828,826,826,1458,1459,TORN-PERSISTENT
26410,826858,35000,35000,0,0,0,0,0,754706,35,826823,35,829,829,1656,650,1,1000,641,829,829,829,828,828,21,1,35000,35,35,35,10,1656,10,1656,35000,35,35000,35,754706,35,18873564,0,827000,827000,18858614,18858614,827000,827000,0,0,0,0,828,828,827,827,650,650,CONSISTENT
26420,827099,35000,35000,0,0,0,0,0,754706,35,827064,35,829,829,1656,891,1,1000,641,829,829,829,828,828,31,1,35000,35,35,35,10,1656,10,1656,35000,35,35000,35,754706,35,18879107,0,827000,827000,18858614,18858614,827000,827000,0,0,0,0,828,828,827,827,891,891,CONSISTENT
26430,827468,35000,35000,0,0,0,0,0,754706,35,827433,35,830,830,1657,1260,2,0,1018,830,830,830,828,828,6,1,35000,35,35,35,10,1657,10,1657,35000,35,35000,35,754706,35,18887617,0,828000,828000,18881614,18881614,827000,827000,0,0,0,0,829,829,827,827,1262,1263,TORN-PERSISTENT
26440,827723,35000,35000,0,0,0,0,0,754706,35,827688,35,830,830,1658,516,1,1000,512,830,830,830,829,829,16,1,35000,35,35,35,10,1658,10,1658,35000,35,35000,35,754706,35,18893482,0,828000,828000,18881614,18881614,828000,828000,0,0,0,0,829,829,828,828,516,516,CONSISTENT
26450,827971,35000,35000,0,0,0,0,0,754706,35,827936,35,830,830,1658,764,1,1000,512,830,830,830,829,829,24,1,35000,35,35,35,10,1658,10,1658,35000,35,35000,35,754706,35,18899186,0,828000,828000,18881614,18881614,828000,828000,0,0,0,0,829,829,828,828,767,767,CONSISTENT
26460,828325,35000,35000,0,0,0,0,0,754706,35,828290,35,831,831,1659,1118,2,0,1044,831,831,831,829,829,2,1,35000,35,35,35,10,1659,10,1659,35000,35,35000,35,754706,35,18907328,0,829000,829000,18904614,18904614,828000,828000,0,0,0,0,830,830,828,828,1118,1118,CONSISTENT
26470,828687,35000,35000,0,0,0,0,0,754706,35,828652,35,831,831,1659,1480,2,0,1044,831,831,831,829,829,10,1,35000,35,35,35,10,1659,10,1659,35000,35,35000,35,754706,35,18915654,0,829000,829000,18904614,18904614,828000,828000,0,0,0,0,830,830,828,828,1481,1481,CONSISTENT
26480,828966,35000,35000,0,0,0,0,0,754706,35,828931,35,831,831,1660,760,1,1000,752,831,831,831,830,830,20,1,35000,35,35,35,10,1660,10,1660,35000,35,35000,35,754706,35,18922094,0,829000,829000,18904614,18904614,829000,829000,0,0,0,0,830,830,829,829,760,760,CONSISTENT
26490,829219,35000,35000,0,0,0,0,0,754706,35,829184,35,831,831,1660,1013,2,1000,752,831,832,831,830,830,31,1,35000,35,35,35,10,1660,10,1660,35000,35,35000,35,754706,35,18927913,0,830000,830000,18927614,18927614,829000,829000,0,0,0,0,831,831,829,829,1013,1013,CONSISTENT
26500,829536,35000,35000,0,0,0,0,0,754706,35,829501,35,832,832,1661,1330,2,0,1031,832,832,832,830,830,8,1,35000,35,35,35,10,1661,10,1661,35000,35,35000,35,754706,35,18935227,0,830000,830000,18927614,18927614,829000,829000,0,0,0,0,831,831,829,829,1331,1331,CONSISTENT
26510,829725,35000,35000,0,0,0,0,0,754706,35,829690,35,832,832,1662,520,1,1000,517,832,832,832,831,831,18,1,35000,35,35,35,10,1662,10,1662,35000,35,35000,35,754706,35,18939574,0,830000,830000,18927614,18927614,830000,830000,0,0,0,0,831,831,830,830,520,520,CONSISTENT
26520,830081,35000,35000,0,0,0,0,0,754706,35,830046,35,832,832,1662,876,1,1000,517,832,832,832,831,831,28,1,35000,35,35,35,10,1662,10,1662,35000,35,35000,35,754706,35,18947762,0,830000,830000,18927614,18927614,830000,830000,0,0,0,0,831,831,830,830,876,876,CONSISTENT
26530,830430,35000,35000,0,0,0,0,0,754706,35,830395,35,833,833,1663,1225,2,0,1057,833,833,833,831,831,4,1,35000,35,35,35,10,1663,10,1663,35000,35,35000,35,754706,35,18955789,0,831000,831000,18950614,18950614,830000,830000,0,0,0,0,832,832,830,830,1228,1229,TORN-PERSISTENT
26540,830800,35000,35000,0,0,0,0,0,754706,35,830765,35,833,833,1663,1595,2,0,1057,833,833,833,831,831,14,1,35000,35,35,35,10,1663,10,1663,35000,35,35000,35,754706,35,18964299,0,831000,831000,18950614,18950614,830000,830000,0,0,0,0,832,832,830,830,1595,1595,CONSISTENT
26550,830983,35000,35000,0,0,0,0,0,754706,35,830948,35,833,833,1664,779,1,1000,775,833,833,833,832,832,24,1,35000,35,35,35,10,1664,10,1664,35000,35,35000,35,754706,35,18968531,0,831000,831000,18950614,18950614,831000,831000,0,0,0,0,832,832,831,831,779,779,CONSISTENT
26560,831295,35000,35000,0,0,0,0,0,754706,35,831260,35,834,834,1665,1091,2,0,1026,834,834,834,832,832,0,1,35000,35,35,35,10,1665,10,1665,35000,35,35000,35,754706,35,18975707,0,832000,832000,18973614,18973614,831000,831000,0,0,0,0,833,833,831,831,1091,1091,CONSISTENT
26570,831641,35000,35000,0,0,0,0,0,754706,35,831606,35,834,834,1665,1437,2,0,1026,834,834,834,832,832,10,1,35000,35,35,35,10,1665,10,1665,35000,35,35000,35,754706,35,18983688,0,832000,832000,18973614,18973614,831000,831000,0,0,0,0,833,833,831,831,1438,1438,CONSISTENT
26580,831825,35000,35000,0,0,0,0,0,754706,35,831790,35,834,834,1666,622,1,1000,514,834,834,834,833,833,22,1,35000,35,35,35,10,1666,10,1666,35000,35,35000,35,754706,35,18987943,0,832000,832000,18973614,18973614,832000,832000,0,0,0,0,833,833,832,832,623,623,CONSISTENT
26590,832173,35000,35000,0,0,0,0,0,754706,35,832138,35,834,834,1666,970,1,1000,514,834,834,834,833,833,32,1,35000,35,35,35,10,1666,10,1666,35000,35,35000,35,754706,35,18995924,0,832000,832000,18973614,18973614,832000,832000,0,0,0,0,833,833,832,832,972,973,TORN-PERSISTENT
26600,832537,35000,35000,0,0,0,0,0,754706,35,832502,35,835,835,1667,1334,2,0,1034,835,835,835,833,833,6,1,35000,35,35,35,10,1667,10,1667,35000,35,35000,35,754706,35,19004319,0,833000,833000,18996614,18996614,832000,832000,0,0,0,0,834,834,832,832,1337,1338,TORN-PERSISTENT
26610,832859,35000,35000,0,0,0,0,0,754706,35,832824,35,835,835,1667,1656,2,0,1034,835,835,835,833,833,16,1,35000,35,35,35,10,1667,10,1667,35000,35,35000,35,754706,35,19011702,0,833000,833000,18996614,18996614,832000,832000,0,0,0,0,834,834,832,832,1657,1657,CONSISTENT
26620,833041,35000,35000,0,0,0,0,0,754706,35,833006,35,835,835,1668,839,1,1000,750,835,835,835,834,834,26,1,35000,35,35,35,10,1668,10,1668,35000,35,35000,35,754706,35,19015911,0,833000,833000,18996614,18996614,833000,833000,0,0,0,0,834,834,833,833,840,840,CONSISTENT
26630,833391,35000,35000,0,0,0,0,0,754706,35,833356,35,836,836,1669,1189,2,0,1008,836,836,836,834,834,4,1,35000,35,35,35,10,1669,10,1669,35000,35,35000,35,754706,35,19023961,0,834000,834000,19019614,19019614,833000,833000,0,0,0,0,835,835,833,833,1191,1191,CONSISTENT
26640,833723,35000,35000,0,0,0,0,0,754706,35,833688,35,836,836,1670,522,1,1000,510,836,836,836,835,835,14,1,35000,35,35,35,10,1670,10,1670,35000,35,35000,35,754706,35,19031620,0,834000,834000,19019614,19019614,834000,834000,0,0,0,0,835,835,834,834,522,522,CONSISTENT
26650,833967,35000,35000,0,0,0,0,0,754706,35,833932,35,836,836,1670,766,1,1000,510,836,836,836,835,835,24,1,35000,35,35,35,10,1670,10,1670,35000,35,35000,35,754706,35,19037232,0,834000,834000,19019614,19019614,834000,834000,0,0,0,0,835,835,834,834,767,767,CONSISTENT
26660,834278,35000,35000,0,0,0,0,0,754706,35,834243,35,837,837,1671,1077,2,0,1055,837,837,837,835,835,0,1,35000,35,35,35,10,1671,10,1671,35000,35,35000,35,754706,35,19044385,0,835000,835000,19042614,19042614,834000,834000,0,0,0,0,836,836,834,834,1078,1081,TORN-PERSISTENT
26670,834650,35000,35000,0,0,0,0,0,754706,35,834615,35,837,837,1671,1449,2,0,1055,837,837,837,835,835,10,1,35000,35,35,35,10,1671,10,1671,35000,35,35000,35,754706,35,19052941,0,835000,835000,19042614,19042614,834000,834000,0,0,0,0,836,836,834,834,1449,1449,CONSISTENT
26680,834997,35000,35000,0,0,0,0,0,754706,35,834962,35,837,837,1672,797,1,1000,791,837,837,837,836,836,20,1,35000,35,35,35,10,1672,10,1672,35000,35,35000,35,754706,35,19060945,0,835000,835000,19042614,19042614,835000,835000,0,0,0,0,836,836,835,835,797,797,CONSISTENT
26690,835196,35000,35000,0,0,0,0,0,754706,35,835161,35,837,837,1672,996,1,1000,791,837,837,837,836,836,30,1,35000,35,35,35,10,1672,10,1672,35000,35,35000,35,754706,35,19065522,0,835000,835000,19042614,19042614,835000,835000,0,0,0,0,836,836,835,835,996,996,CONSISTENT
26700,835542,35000,35000,0,0,0,0,0,754706,35,835507,35,838,838,1673,1342,2,0,1046,838,838,838,836,836,8,1,35000,35,35,35,10,1673,10,1673,35000,35,35000,35,754706,35,19073480,0,836000,836000,19065614,19065614,835000,835000,0,0,0,0,837,837,835,835,1342,1342,CONSISTENT
26710,835587,35000,35000,0,0,0,0,0,754706,35,835552,35,838,838,1674,388,1,1000,374,838,838,838,837,837,17,1,35000,35,35,35,10,1674,10,1674,35000,35,35000,35,754706,35,19074584,0,836000,836000,19065614,19065614,836000,836000,0,0,0,0,837,837,836,836,390,390,CONSISTENT
26720,835956,35000,35000,0,0,0,0,0,754706,35,835921,35,838,838,1674,757,1,1000,374,838,838,838,837,837,27,1,35000,35,35,35,10,1674,10,1674,35000,35,35000,35,754706,35,19083025,0,836000,836000,19065614,19065614,836000,836000,0,0,0,0,837,837,836,836,757,757,CONSISTENT
26730,836306,35000,35000,0,0,0,0,0,754706,35,836271,35,839,839,1675,1107,2,0,1027,839,839,839,837,837,2,1,35000,35,35,35,10,1675,10,1675,35000,35,35000,35,754706,35,19091075,0,837000,837000,19088614,19088614,836000,836000,0,0,0,0,838,838,836,836,1107,1107,CONSISTENT
26740,836667,35000,35000,0,0,0,0,0,754706,35,836632,35,839,839,1675,1468,2,0,1027,839,839,839,837,837,12,1,35000,35,35,35,10,1675,10,1675,35000,35,35000,35,754706,35,19099378,0,837000,837000,19088614,19088614,836000,836000,0,0,0,0,838,838,836,836,1471,1472,TORN-PERSISTENT
26750,836865,35000,35000,0,0,0,0,0,754706,35,836830,35,839,839,1676,667,1,1000,638,839,839,839,838,838,20,1,35000,35,35,35,10,1676,10,1676,35000,35,35000,35,754706,35,19103955,0,837000,837000,19088614,19088614,837000,837000,0,0,0,0,838,838,837,837,669,670,TORN-PERSISTENT
26761,837212,35000,35000,0,0,0,0,0,754706,35,837177,35,839,839,1676,1014,2,1000,638,839,840,839,838,838,31,1,35000,35,35,35,10,1676,10,1676,35000,35,35000,35,754706,35,19111959,0,838000,838000,19111614,19111614,837000,837000,0,0,0,0,839,839,837,837,1015,1015,CONSISTENT
26770,837529,35000,35000,0,0,0,0,0,754706,35,837494,35,840,840,1677,1331,2,0,1021,840,840,840,838,838,8,1,35000,35,35,35,10,1677,10,1677,35000,35,35000,35,754706,35,19119227,0,838000,838000,19111614,19111614,837000,837000,0,0,0,0,839,839,837,837,1331,1331,CONSISTENT
26780,837876,35000,35000,0,0,0,0,0,754706,35,837841,35,840,840,1677,1678,2,0,1021,840,840,840,838,838,18,1,35000,35,35,35,10,1677,10,1677,35000,35,35000,35,754706,35,19127208,0,838000,838000,19111614,19111614,837000,837000,0,0,0,0,839,839,837,837,1682,1682,CONSISTENT
26790,838072,35000,35000,0,0,0,0,0,754706,35,838037,35,840,840,1678,875,1,1000,863,840,840,840,839,839,28,1,35000,35,35,35,10,1678,10,1678,35000,35,35000,35,754706,35,19131739,0,838000,838000,19111614,19111614,838000,838000,0,0,0,0,839,839,838,838,875,875,CONSISTENT
26800,838426,35000,35000,0,0,0,0,0,754706,35,838391,35,841,841,1679,1229,2,0,1038,841,841,841,839,839,4,1,35000,35,35,35,10,1679,10,1679,35000,35,35000,35,754706,35,19139881,0,839000,839000,19134614,19134614,838000,838000,0,0,0,0,840,840,838,838,1231,1232,TORN-PERSISTENT
26810,838792,35000,35000,0,0,0,0,0,754706,35,838757,35,841,841,1679,1596,2,0,1038,841,841,841,839,839,14,1,35000,35,35,35,10,1679,10,1679,35000,35,35000,35,754706,35,19148322,0,839000,839000,19134614,19134614,838000,838000,0,0,0,0,840,840,838,838,1597,1598,TORN-PERSISTENT
26820,838945,35000,35000,0,0,0,0,0,754706,35,838910,35,841,841,1680,749,1,1000,655,841,841,841,840,840,24,1,35000,35,35,35,10,1680,10,1680,35000,35,35000,35,754706,35,19151864,0,839000,839000,19134614,19134614,839000,839000,0,0,0,0,840,840,839,839,751,751,CONSISTENT
26830,839311,35000,35000,0,0,0,0,0,754706,35,839276,35,842,842,1681,1115,2,0,1032,842,842,842,840,840,2,1,35000,35,35,35,10,1681,10,1681,35000,35,35000,35,754706,35,19160259,0,840000,840000,19157614,19157614,839000,839000,0,0,0,0,841,841,839,839,1115,1115,CONSISTENT
26840,839623,35000,35000,0,0,0,0,0,754706,35,839588,35,842,842,1682,428,1,1000,421,842,842,842,841,841,12,1,35000,35,35,35,10,1682,10,1682,35000,35,35000,35,754706,35,19167458,0,840000,840000,19157614,19157614,840000,840000,0,0,0,0,841,841,840,840,428,428,CONSISTENT
26850,839846,35000,35000,0,0,0,0,0,754706,35,839811,35,842,842,1682,651,1,1000,421,842,842,842,841,841,22,1,35000,35,35,35,10,1682,10,1682,35000,35,35000,35,754706,35,19172610,0,840000,840000,19157614,19157614,840000,840000,0,0,0,0,841,841,840,840,655,655,CONSISTENT
26860,840206,35000,35000,0,0,0,0,0,754706,35,840171,35,842,842,1682,1011,2,1000,421,842,843,842,841,841,32,1,35000,35,35,35,10,1682,10,1682,35000,35,35000,35,754706,35,19180867,0,841000,841000,19180614,19180614,840000,840000,0,0,0,0,842,842,840,840,1013,1013,CONSISTENT
26870,840523,35000,35000,0,0,0,0,0,754706,35,840488,35,843,843,1683,1328,2,0,1040,843,843,843,841,841,8,1,35000,35,35,35,10,1683,10,1683,35000,35,35000,35,754706,35,19188158,0,841000,841000,19180614,19180614,840000,840000,0,0,0,0,842,842,840,840,1329,1329,CONSISTENT
26880,840866,35000,35000,0,0,0,0,0,754706,35,840831,35,843,843,1684,672,1,1000,667,843,843,843,842,842,18,1,35000,35,35,35,10,1684,10,1684,35000,35,35000,35,754706,35,19196070,0,841000,841000,19180614,19180614,841000,841000,0,0,0,0,842,842,841,841,672,672,CONSISTENT
26890,841065,35000,35000,0,0,0,0,0,754706,35,841030,35,843,843,1684,871,1,1000,667,843,843,843,842,842,26,1,35000,35,35,35,10,1684,10,1684,35000,35,35000,35,754706,35,19200670,0,841000,841000,19180614,19180614,841000,841000,0,0,0,0,842,842,841,841,872,872,CONSISTENT
26900,841419,35000,35000,0,0,0,0,0,754706,35,841384,35,844,844,1685,1225,2,0,1030,844,844,844,842,842,4,1,35000,35,35,35,10,1685,10,1685,35000,35,35000,35,754706,35,19208812,0,842000,842000,19203614,19203614,841000,841000,0,0,0,0,843,843,841,841,1227,1229,TORN-PERSISTENT
26910,841769,35000,35000,0,0,0,0,0,754706,35,841734,35,844,844,1685,1575,2,0,1030,844,844,844,842,842,14,1,35000,35,35,35,10,1685,10,1685,35000,35,35000,35,754706,35,19216839,0,842000,842000,19203614,19203614,841000,841000,0,0,0,0,843,843,841,841,1578,1579,TORN-PERSISTENT
26920,841949,35000,35000,0,0,0,0,0,754706,35,841914,35,844,844,1686,756,1,1000,749,844,844,844,843,843,24,1,35000,35,35,35,10,1686,10,1686,35000,35,35000,35,754706,35,19221002,0,842000,842000,19203614,19203614,842000,842000,0,0,0,0,843,843,842,842,756,756,CONSISTENT
26930,842271,35000,35000,0,0,0,0,0,754706,35,842236,35,845,845,1687,1078,2,0,1051,845,845,845,843,843,0,1,35000,35,35,35,10,1687,10,1687,35000,35,35000,35,754706,35,19228408,0,843000,843000,19226614,19226614,842000,842000,0,0,0,0,844,844,842,842,1079,1079,CONSISTENT
26940,842636,35000,35000,0,0,0,0,0,754706,35,842601,35,845,845,1687,1443,2,0,1051,845,845,845,843,843,10,1,35000,35,35,35,10,1687,10,1687,35000,35,35000,35,754706,35,19236803,0,843000,843000,19226614,19226614,842000,842000,0,0,0,0,844,844,842,842,1444,1444,CONSISTENT
26950,842876,35000,35000,0,0,0,0,0,754706,35,842841,35,845,845,1688,684,1,1000,679,845,845,845,844,844,20,1,35000,35,35,35,10,1688,10,1688,35000,35,35000,35,754706,35,19242346,0,843000,843000,19226614,19226614,843000,843000,0,0,0,0,844,844,843,843,684,684,CONSISTENT
26960,843172,35000,35000,0,0,0,0,0,754706,35,843137,35,845,845,1688,980,1,1000,679,845,845,845,844,844,31,1,35000,35,35,35,10,1688,10,1688,35000,35,35000,35,754706,35,19249154,0,843000,843000,19226614,19226614,843000,843000,0,0,0,0,844,844,843,843,980,980,CONSISTENT
26970,843485,35000,35000,0,0,0,0,0,754706,35,843450,35,846,846,1689,1293,2,0,1022,846,846,846,844,844,6,1,35000,35,35,35,10,1689,10,1689,35000,35,35000,35,754706,35,19256353,0,844000,844000,19249614,19249614,843000,843000,0,0,0,0,845,845,843,843,1294,1294,CONSISTENT
26980,843745,35000,35000,0,0,0,0,0,754706,35,843710,35,846,846,1690,554,1,1000,546,846,846,846,845,845,16,1,35000,35,35,35,10,1690,10,1690,35000,35,35000,35,754706,35,19262356,0,844000,844000,19249614,19249614,844000,844000,0,0,0,0,845,845,844,844,554,554,CONSISTENT
26990,844022,35000,35000,0,0,0,0,0,754706,35,843987,35,846,846,1690,831,1,1000,546,846,846,846,845,845,26,1,35000,35,35,35,10,1690,10,1690,35000,35,35000,35,754706,35,19268727,0,844000,844000,19249614,19249614,844000,844000,0,0,0,0,845,845,844,844,831,831,CONSISTENT
27000,844371,35000,35000,0,0,0,0,0,754706,35,844336,35,847,847,1691,1180,2,0,1038,847,847,847,845,845,4,1,35000,35,35,35,10,1691,10,1691,35000,35,35000,35,754706,35,19276777,0,845000,845000,19272614,19272614,844000,844000,0,0,0,0,846,846,844,844,1181,1181,CONSISTENT
27010,844624,35000,35000,0,0,0,0,0,754706,35,844589,35,847,847,1691,1433,2,0,1038,847,847,847,845,845,13,1,35000,35,35,35,10,1691,10,1691,35000,35,35000,35,754706,35,19282573,0,845000,845000,19272614,19272614,844000,844000,0,0,0,0,846,846,844,844,1433,1433,CONSISTENT
27020,844762,35000,35000,0,0,0,0,0,754706,35,844727,35,847,847,1692,572,1,1000,495,847,847,847,846,846,21,1,35000,35,35,35,10,1692,10,1692,35000,35,35000,35,754706,35,19285793,0,845000,845000,19272614,19272614,845000,845000,0,0,0,0,846,846,845,845,575,575,CONSISTENT
27030,845119,35000,35000,0,0,0,0,0,754706,35,845084,35,847,847,1692,929,1,1000,495,847,847,847,846,846,32,1,35000,35,35,35,10,1692,10,1692,35000,35,35000,35,754706,35,19294004,0,845000,845000,19272614,19272614,845000,845000,0,0,0,0,846,846,845,845,931,932,TORN-PERSISTENT
27040,845490,35000,35000,0,0,0,0,0,754706,35,845455,35,848,848,1693,1300,2,0,1024,848,848,848,846,846,6,1,35000,35,35,35,10,1693,10,1693,35000,35,35000,35,754706,35,19302514,0,846000,846000,19295614,19295614,845000,845000,0,0,0,0,847,847,845,845,1301,1303,TORN-PERSISTENT
27050,845848,35000,35000,0,0,0,0,0,754706,35,845813,35,848,848,1693,1658,2,0,1024,848,848,848,846,846,16,1,35000,35,35,35,10,1693,10,1693,35000,35,35000,35,754706,35,19310748,0,846000,846000,19295614,19295614,845000,845000,0,0,0,0,847,847,845,845,1660,1660,CONSISTENT
27060,846042,35000,35000,0,0,0,0,0,754706,35,846007,35,848,848,1694,853,1,1000,727,848,848,848,847,847,28,1,35000,35,35,35,10,1694,10,1694,35000,35,35000,35,754706,35,19315233,0,846000,846000,19295614,19295614,846000,846000,0,0,0,0,847,847,846,846,853,853,CONSISTENT
27070,846363,35000,35000,0,0,0,0,0,754706,35,846328,35,849,849,1695,1174,2,0,1062,849,849,849,847,847,2,1,35000,35,35,35,10,1695,10,1695,35000,35,35000,35,754706,35,19322616,0,847000,847000,19318614,19318614,846000,846000,0,0,0,0,848,848,846,846,1174,1174,CONSISTENT
27080,846686,35000,35000,0,0,0,0,0,754706,35,846651,35,849,849,1696,498,1,1000,495,849,849,849,848,848,12,1,35000,35,35,35,10,1696,10,1696,35000,35,35000,35,754706,35,19330068,0,847000,847000,19318614,19318614,847000,847000,0,0,0,0,848,848,847,847,498,498,CONSISTENT
27090,846906,35000,35000,0,0,0,0,0,754706,35,846871,35,849,849,1696,718,1,1000,495,849,849,849,848,848,22,1,35000,35,35,35,10,1696,10,1696,35000,35,35000,35,754706,35,19335128,0,847000,847000,19318614,19318614,847000,847000,0,0,0,0,848,848,847,847,720,721,TORN-PERSISTENT
27100,847258,35000,35000,0,0,0,0,0,754706,35,847223,35,850,850,1697,1070,2,0,1039,850,850,850,848,848,0,1,35000,35,35,35,10,1697,10,1697,35000,35,35000,35,754706,35,19343247,0,848000,848000,19341614,19341614,847000,847000,0,0,0,0,849,849,847,847,1072,1073,TORN-PERSISTENT
27110,847604,35000,35000,0,0,0,0,0,754706,35,847569,35,850,850,1697,1416,2,0,1039,850,850,850,848,848,10,1,35000,35,35,35,10,1697,10,1697,35000,35,35000,35,754706,35,19351182,0,848000,848000,19341614,19341614,847000,847000,0,0,0,0,849,849,847,847,1416,1416,CONSISTENT
27120,847915,35000,35000,0,0,0,0,0,754706,35,847880,35,850,850,1698,728,1,1000,718,850,850,850,849,849,20,1,35000,35,35,35,10,1698,10,1698,35000,35,35000,35,754706,35,19358358,0,848000,848000,19341614,19341614,848000,848000,0,0,0,0,849,849,848,848,728,728,CONSISTENT
27130,848112,35000,35000,0,0,0,0,0,754706,35,848077,35,850,850,1698,925,1,1000,718,850,850,850,849,849,30,1,35000,35,35,35,10,1698,10,1698,35000,35,35000,35,754706,35,19362889,0,848000,848000,19341614,19341614,848000,848000,0,0,0,0,849,849,848,848,927,928,TORN-PERSISTENT
27140,848477,35000,35000,0,0,0,0,0,754706,35,848442,35,851,851,1699,1290,2,0,1053,851,851,851,849,849,6,1,35000,35,35,35,10,1699,10,1699,35000,35,35000,35,754706,35,19371284,0,849000,849000,19364614,19364614,848000,848000,0,0,0,0,850,850,848,848,1293,1293,CONSISTENT
27150,848671,35000,35000,0,0,0,0,0,754706,35,848636,35,851,851,1700,485,1,1000,480,851,851,851,850,850,16,1,35000,35,35,35,10,1700,10,1700,35000,35,35000,35,754706,35,19375769,0,849000,849000,19364614,19364614,849000,849000,0,0,0,0,850,850,849,849,485,485,CONSISTENT
27160,849023,35000,35000,0,0,0,0,0,754706,35,848988,35,851,851,1700,837,1,1000,480,851,851,851,850,850,26,1,35000,35,35,35,10,1700,10,1700,35000,35,35000,35,754706,35,19383865,0,849000,849000,19364614,19364614,849000,849000,0,0,0,0,850,850,849,849,838,838,CONSISTENT
27170,849347,35000,35000,0,0,0,0,0,754706,35,849312,35,852,852,1701,1161,2,0,1036,852,852,852,850,850,2,1,35000,35,35,35,10,1701,10,1701,35000,35,35000,35,754706,35,19391317,0,850000,850000,19387614,19387614,849000,849000,0,0,0,0,851,851,849,849,1161,1161,CONSISTENT
27180,849702,35000,35000,0,0,0,0,0,754706,35,849667,35,852,852,1701,1516,2,0,1036,852,852,852,850,850,12,1,35000,35,35,35,10,1701,10,1701,35000,35,35000,35,754706,35,19399505,0,850000,850000,19387614,19387614,849000,849000,0,0,0,0,851,851,849,849,1519,1519,CONSISTENT
27190,849931,35000,35000,0,0,0,0,0,754706,35,849896,35,852,852,1702,746,1,1000,734,852,852,852,851,851,22,1,35000,35,35,35,10,1702,10,1702,35000,35,35000,35,754706,35,19404772,0,850000,850000,19387614,19387614,850000,850000,0,0,0,0,851,851,850,850,746,746,CONSISTENT
27200,850254,35000,35000,0,0,0,0,0,754706,35,850219,35,852,852,1702,1069,2,1000,734,852,853,852,851,851,32,1,35000,35,35,35,10,1702,10,1702,35000,35,35000,35,754706,35,19412201,0,851000,851000,19410614,19410614,850000,850000,0,0,0,0,852,852,850,850,1069,1069,CONSISTENT
27210,850614,35000,35000,0,0,0,0,0,754706,35,850579,35,853,853,1703,1429,2,0,1073,853,853,853,851,851,10,1,35000,35,35,35,10,1703,10,1703,35000,35,35000,35,754706,35,19420481,0,851000,851000,19410614,19410614,850000,850000,0,0,0,0,852,852,850,850,1433,1434,TORN-PERSISTENT
27220,850808,35000,35000,0,0,0,0,0,754706,35,850773,35,853,853,1704,625,1,1000,531,853,853,853,852,852,20,1,35000,35,35,35,10,1704,10,1704,35000,35,35000,35,754706,35,19424989,0,851000,851000,19410614,19410614,851000,851000,0,0,0,0,852,852,851,851,627,628,TORN-PERSISTENT
27230,851126,35000,35000,0,0,0,0,0,754706,35,851091,35,853,853,1704,942,1,1000,531,853,853,853,852,852,28,1,35000,35,35,35,10,1704,10,1704,35000,35,35000,35,754706,35,19432280,0,851000,851000,19410614,19410614,851000,851000,0,0,0,0,852,852,851,851,942,942,CONSISTENT
27240,851471,35000,35000,0,0,0,0,0,754706,35,851436,35,854,854,1705,1287,2,0,1060,854,854,854,852,852,6,1,35000,35,35,35,10,1705,10,1705,35000,35,35000,35,754706,35,19440215,0,852000,852000,19433614,19433614,851000,851000,0,0,0,0,853,853,851,851,1288,1289,TORN-PERSISTENT
27250,851822,35000,35000,0,0,0,0,0,754706,35,851787,35,854,854,1705,1638,2,0,1060,854,854,854,852,852,16,1,35000,35,35,35,10,1705,10,1705,35000,35,35000,35,754706,35,19448288,0,852000,852000,19433614,19433614,851000,851000,0,0,0,0,853,853,851,851,1639,1639,CONSISTENT
27260,852003,35000,35000,0,0,0,0,0,754706,35,851968,35,854,854,1706,820,1,1000,746,854,854,854,853,853,26,1,35000,35,35,35,10,1706,10,1706,35000,35,35000,35,754706,35,19452474,0,852000,852000,19433614,19433614,852000,852000,0,0,0,0,853,853,852,852,820,820,CONSISTENT
27270,852356,35000,35000,0,0,0,0,0,754706,35,852321,35,855,855,1707,1173,2,0,1055,855,855,855,853,853,2,1,35000,35,35,35,10,1707,10,1707,35000,35,35000,35,754706,35,19460616,0,853000,853000,19456614,19456614,852000,852000,0,0,0,0,854,854,852,852,1176,1177,TORN-PERSISTENT
27280,852678,35000,35000,0,0,0,0,0,754706,35,852643,35,855,855,1707,1495,2,0,1055,855,855,855,853,853,12,1,35000,35,35,35,10,1707,10,1707,35000,35,35000,35,754706,35,19467999,0,853000,853000,19456614,19456614,852000,852000,0,0,0,0,854,854,852,852,1495,1495,CONSISTENT
27290,852855,35000,35000,0,0,0,0,0,754706,35,852820,35,855,855,1708,673,1,1000,537,855,855,855,854,854,22,1,35000,35,35,35,10,1708,10,1708,35000,35,35000,35,754706,35,19472093,0,853000,853000,19456614,19456614,853000,853000,0,0,0,0,854,854,853,853,673,673,CONSISTENT
27300,853194,35000,35000,0,0,0,0,0,754706,35,853159,35,855,855,1708,1012,2,1000,537,855,856,855,854,854,32,1,35000,35,35,35,10,1708,10,1708,35000,35,35000,35,754706,35,19479890,0,854000,854000,19479614,19479614,853000,853000,0,0,0,0,855,855,853,853,1012,1012,CONSISTENT
27310,853439,35000,35000,0,0,0,0,0,754706,35,853404,35,856,856,1709,1257,2,0,1118,856,856,856,854,854,4,1,35000,35,35,35,10,1709,10,1709,35000,35,35000,35,754706,35,19485548,0,854000,854000,19479614,19479614,853000,853000,0,0,0,0,855,855,853,853,1258,1258,CONSISTENT
27320,853752,35000,35000,0,0,0,0,0,754706,35,853717,35,856,856,1710,571,1,1000,566,856,856,856,855,855,14,1,35000,35,35,35,10,1710,10,1710,35000,35,35000,35,754706,35,19492747,0,854000,854000,19479614,19479614,854000,854000,0,0,0,0,855,855,854,854,571,571,CONSISTENT
27330,853941,35000,35000,0,0,0,0,0,754706,35,853906,35,856,856,1710,760,1,1000,566,856,856,856,855,855,22,1,35000,35,35,35,10,1710,10,1710,35000,35,35000,35,754706,35,19497094,0,854000,854000,19479614,19479614,854000,854000,0,0,0,0,855,855,854,854,760,760,CONSISTENT
27340,854304,35000,35000,0,0,0,0,0,754706,35,854269,35,857,857,1711,1123,2,0,1067,857,857,857,855,855,0,1,35000,35,35,35,10,1711,10,1711,35000,35,35000,35,754706,35,19505466,0,855000,855000,19502614,19502614,854000,854000,0,0,0,0,856,856,854,854,1126,1127,TORN-PERSISTENT
27350,854673,35000,35000,0,0,0,0,0,754706,35,854638,35,857,857,1711,1492,2,0,1067,857,857,857,855,855,10,1,35000,35,35,35,10,1711,10,1711,35000,35,35000,35,754706,35,19513976,0,855000,855000,19502614,19502614,854000,854000,0,0,0,0,856,856,854,854,1495,1495,CONSISTENT
27360,855023,35000,35000,0,0,0,0,0,754706,35,854988,35,857,857,1711,1842,2,0,1067,857,857,857,855,855,20,1,35000,35,35,35,10,1711,10,1711,35000,35,35000,35,754706,35,19521980,0,855000,855000,19502614,19502614,854000,854000,0,0,0,0,856,856,854,854,1842,1842,CONSISTENT
27370,855204,35000,35000,0,0,0,0,0,754706,35,855169,35,857,857,1712,1024,2,1000,844,857,858,857,856,856,30,1,35000,35,35,35,10,1712,10,1712,35000,35,35000,35,754706,35,19526212,0,856000,856000,19525614,19525614,855000,855000,0,0,0,0,857,857,855,855,1026,1026,CONSISTENT
27380,855526,35000,35000,0,0,0,0,0,754706,35,855491,35,858,858,1713,1346,2,0,1127,858,858,858,856,856,6,1,35000,35,35,35,10,1713,10,1713,35000,35,35000,35,754706,35,19533572,0,856000,856000,19525614,19525614,855000,855000,0,0,0,0,857,857,855,855,1347,1348,TORN-PERSISTENT
27390,855798,35000,35000,0,0,0,0,0,754706,35,855763,35,858,858,1714,619,1,1000,609,858,858,858,857,857,16,1,35000,35,35,35,10,1714,10,1714,35000,35,35000,35,754706,35,19539851,0,856000,856000,19525614,19525614,856000,856000,0,0,0,0,857,857,856,856,619,619,CONSISTENT
27400,856051,35000,35000,0,0,0,0,0,754706,35,856016,35,858,858,1714,872,1,1000,609,858,858,858,857,857,26,1,35000,35,35,35,10,1714,10,1714,35000,35,35000,35,754706,35,19545670,0,856000,856000,19525614,19525614,856000,856000,0,0,0,0,857,857,856,856,872,872,CONSISTENT
27410,856397,35000,35000,0,0,0,0,0,754706,35,856362,35,859,859,1715,1218,2,0,1053,859,859,859,857,857,4,1,35000,35,35,35,10,1715,10,1715,35000,35,35000,35,754706,35,19553628,0,857000,857000,19548614,19548614,856000,856000,0,0,0,0,858,858,856,856,1219,1219,CONSISTENT
27420,856743,35000,35000,0,0,0,0,0,754706,35,856708,35,859,859,1715,1564,2,0,1053,859,859,859,857,857,14,1,35000,35,35,35,10,1715,10,1715,35000,35,35000,35,754706,35,19561586,0,857000,857000,19548614,19548614,856000,856000,0,0,0,0,858,858,856,856,1568,1568,CONSISTENT
27430,856986,35000,35000,0,0,0,0,0,754706,35,856951,35,859,859,1716,808,1,1000,792,859,859,859,858,858,24,1,35000,35,35,35,10,1716,10,1716,35000,35,35000,35,754706,35,19567198,0,857000,857000,19548614,19548614,857000,857000,0,0,0,0,858,858,857,857,808,808,CONSISTENT
27440,857265,35000,35000,0,0,0,0,0,754706,35,857230,35,860,860,1717,1087,2,0,1016,860,860,860,858,858,0,1,35000,35,35,35,10,1717,10,1717,35000,35,35000,35,754706,35,19573638,0,858000,858000,19571614,19571614,857000,857000,0,0,0,0,859,859,857,857,1088,1088,CONSISTENT
27450,857624,35000,35000,0,0,0,0,0,754706,35,857589,35,860,860,1717,1446,2,0,1016,860,860,860,858,858,10,1,35000,35,35,35,10,1717,10,1717,35000,35,35000,35,754706,35,19581872,0,858000,858000,19571614,19571614,857000,857000,0,0,0,0,859,859,857,857,1446,1446,CONSISTENT
27460,857813,35000,35000,0,0,0,0,0,754706,35,857778,35,860,860,1718,636,1,1000,576,860,860,860,859,859,20,1,35000,35,35,35,10,1718,10,1718,35000,35,35000,35,754706,35,19586242,0,858000,858000,19571614,19571614,858000,858000,0,0,0,0,859,859,858,858,639,639,CONSISTENT
27470,858159,35000,35000,0,0,0,0,0,754706,35,858124,35,860,860,1718,982,1,1000,576,860,860,860,859,859,30,1,35000,35,35,35,10,1718,10,1718,35000,35,35000,35,754706,35,19594200,0,858000,858000,19571614,19571614,858000,858000,0,0,0,0,859,859,858,858,983,984,TORN-PERSISTENT
27480,858519,35000,35000,0,0,0,0,0,754706,35,858484,35,861,861,1719,1342,2,0,1064,861,861,861,859,859,6,1,35000,35,35,35,10,1719,10,1719,35000,35,35000,35,754706,35,19602503,0,859000,859000,19594614,19594614,858000,858000,0,0,0,0,860,860,858,858,1343,1343,CONSISTENT
27490,858841,35000,35000,0,0,0,0,0,754706,35,858806,35,861,861,1719,1664,2,0,1064,861,861,861,859,859,16,1,35000,35,35,35,10,1719,10,1719,35000,35,35000,35,754706,35,19609886,0,859000,859000,19594614,19594614,858000,858000,0,0,0,0,860,860,858,858,1664,1664,CONSISTENT
27500,859025,35000,35000,0,0,0,0,0,754706,35,858990,35,861,861,1720,849,1,1000,810,861,861,861,860,860,26,1,35000,35,35,35,10,1720,10,1720,35000,35,35000,35,754706,35,19614164,0,859000,859000,19594614,19594614,859000,859000,0,0,0,0,860,860,859,859,851,853,TORN-PERSISTENT
27510,859387,35000,35000,0,0,0,0,0,754706,35,859352,35,862,862,1721,1211,2,0,1012,862,862,862,860,860,4,1,35000,35,35,35,10,1721,10,1721,35000,35,35000,35,754706,35,19622490,0,860000,860000,19617614,19617614,859000,859000,0,0,0,0,861,861,859,859,1212,1212,CONSISTENT
27520,859730,35000,35000,0,0,0,0,0,754706,35,859695,35,862,862,1721,1554,2,0,1012,862,862,862,860,860,15,1,35000,35,35,35,10,1721,10,1721,35000,35,35000,35,754706,35,19630379,0,860000,860000,19617614,19617614,859000,859000,0,0,0,0,861,861,859,859,1556,1556,CONSISTENT
27530,859921,35000,35000,0,0,0,0,0,754706,35,859886,35,862,862,1722,746,1,1000,575,862,862,862,861,861,25,1,35000,35,35,35,10,1722,10,1722,35000,35,35000,35,754706,35,19634772,0,860000,860000,19617614,19617614,860000,860000,0,0,0,0,861,861,860,860,748,748,CONSISTENT
27540,860251,35000,35000,0,0,0,0,0,754706,35,860216,35,863,863,1723,1076,2,0,1005,863,863,863,861,861,0,1,35000,35,35,35,10,1723,10,1723,35000,35,35000,35,754706,35,19642362,0,861000,861000,19640614,19640614,860000,860000,0,0,0,0,862,862,860,860,1076,1076,CONSISTENT
27550,860618,35000,35000,0,0,0,0,0,754706,35,860583,35,863,863,1723,1443,2,0,1005,863,863,863,861,861,12,1,35000,35,35,35,10,1723,10,1723,35000,35,35000,35,754706,35,19650803,0,861000,861000,19640614,19640614,860000,860000,0,0,0,0,862,862,860,860,1444,1444,CONSISTENT
27560,860980,35000,35000,0,0,0,0,0,754706,35,860945,35,863,863,1723,1805,2,0,1005,863,863,863,861,861,22,1,35000,35,35,35,10,1723,10,1723,35000,35,35000,35,754706,35,19659152,0,861000,861000,19640614,19640614,860000,860000,0,0,0,0,862,862,860,860,1808,1808,CONSISTENT
27570,861162,35000,35000,0,0,0,0,0,754706,35,861127,35,863,863,1724,988,1,1000,827,863,863,863,862,862,32,1,35000,35,35,35,10,1724,10,1724,35000,35,35000,35,754706,35,19663384,0,861000,861000,19640614,19640614,861000,861000,0,0,0,0,862,862,861,861,991,991,CONSISTENT
27580,861520,35000,35000,0,0,0,0,0,754706,35,861485,35,864,864,1725,1346,2,0,1038,864,864,864,862,862,8,1,35000,35,35,35,10,1725,10,1725,35000,35,35000,35,754706,35,19671595,0,862000,862000,19663614,19663614,861000,861000,0,0,0,0,863,863,861,861,1347,1347,CONSISTENT
27590,861760,35000,35000,0,0,0,0,0,754706,35,861725,35,864,864,1726,587,1,1000,582,864,864,864,863,863,16,1,35000,35,35,35,10,1726,10,1726,35000,35,35000,35,754706,35,19677115,0,862000,862000,19663614,19663614,862000,862000,0,0,0,0,863,863,862,862,587,587,CONSISTENT
27600,862002,35000,35000,0,0,0,0,0,754706,35,861967,35,864,864,1726,829,1,1000,582,864,864,864,863,863,27,1,35000,35,35,35,10,1726,10,1726,35000,35,35000,35,754706,35,19682704,0,862000,862000,19663614,19663614,862000,862000,0,0,0,0,863,863,862,862,831,831,CONSISTENT
27610,862259,35000,35000,0,0,0,0,0,754706,35,862224,35,865,865,1727,1086,2,0,1062,865,865,865,863,863,0,1,35000,35,35,35,10,1727,10,1727,35000,35,35000,35,754706,35,19688592,0,863000,863000,19686614,19686614,862000,862000,0,0,0,0,864,864,862,862,1087,1087,CONSISTENT
27620,862618,35000,35000,0,0,0,0,0,754706,35,862583,35,865,865,1727,1445,2,0,1062,865,865,865,863,863,10,1,35000,35,35,35,10,1727,10,1727,35000,35,35000,35,754706,35,19696849,0,863000,863000,19686614,19686614,862000,862000,0,0,0,0,864,864,862,862,1445,1445,CONSISTENT
27630,862796,35000,35000,0,0,0,0,0,754706,35,862761,35,865,865,1728,624,1,1000,611,865,865,865,864,864,20,1,35000,35,35,35,10,1728,10,1728,35000,35,35000,35,754706,35,19700966,0,863000,863000,19686614,19686614,863000,863000,0,0,0,0,864,864,863,863,624,624,CONSISTENT
27640,863121,35000,35000,0,0,0,0,0,754706,35,863086,35,865,865,1728,949,1,1000,611,865,865,865,864,864,30,1,35000,35,35,35,10,1728,10,1728,35000,35,35000,35,754706,35,19708441,0,863000,863000,19686614,19686614,863000,863000,0,0,0,0,864,864,863,863,949,949,CONSISTENT
27650,863472,35000,35000,0,0,0,0,0,754706,35,863437,35,866,866,1729,1300,2,0,1002,866,866,866,864,864,8,1,35000,35,35,35,10,1729,10,1729,35000,35,35000,35,754706,35,19716537,0,864000,864000,19709614,19709614,863000,863000,0,0,0,0,865,865,863,863,1301,1301,CONSISTENT
27660,863826,35000,35000,0,0,0,0,0,754706,35,863791,35,866,866,1729,1654,2,0,1002,866,866,866,864,864,16,1,35000,35,35,35,10,1729,10,1729,35000,35,35000,35,754706,35,19724656,0,864000,864000,19709614,19709614,863000,863000,0,0,0,0,865,865,863,863,1655,1655,CONSISTENT
27670,864006,35000,35000,0,0,0,0,0,754706,35,863971,35,866,866,1730,835,1,1000,830,866,866,866,865,865,26,1,35000,35,35,35,10,1730,10,1730,35000,35,35000,35,754706,35,19728819,0,864000,864000,19709614,19709614,864000,864000,0,0,0,0,865,865,864,864,835,835,CONSISTENT
27680,864364,35000,35000,0,0,0,0,0,754706,35,864329,35,867,867,1731,1193,2,0,1059,867,867,867,865,865,4,1,35000,35,35,35,10,1731,10,1731,35000,35,35000,35,754706,35,19737076,0,865000,865000,19732614,19732614,864000,864000,0,0,0,0,866,866,864,864,1196,1197,TORN-PERSISTENT
27690,864725,35000,35000,0,0,0,0,0,754706,35,864690,35,867,867,1731,1554,2,0,1059,867,867,867,865,865,14,1,35000,35,35,35,10,1731,10,1731,35000,35,35000,35,754706,35,19745356,0,865000,865000,19732614,19732614,864000,864000,0,0,0,0,866,866,864,864,1554,1554,CONSISTENT
27700,864868,35000,35000,0,0,0,0,0,754706,35,864833,35,867,867,1732,698,1,1000,607,867,867,867,866,866,22,1,35000,35,35,35,10,1732,10,1732,35000,35,35000,35,754706,35,19748668,0,865000,865000,19732614,19732614,865000,865000,0,0,0,0,866,866,865,865,698,698,CONSISTENT
27710,865220,35000,35000,0,0,0,0,0,754706,35,865185,35,868,868,1733,1050,2,0,1007,868,868,868,866,866,0,1,35000,35,35,35,10,1733,10,1733,35000,35,35000,35,754706,35,19756764,0,866000,866000,19755614,19755614,865000,865000,0,0,0,0,867,867,865,865,1050,1050,CONSISTENT
27720,865579,35000,35000,0,0,0,0,0,754706,35,865544,35,868,868,1733,1409,2,0,1007,868,868,868,866,866,10,1,35000,35,35,35,10,1733,10,1733,35000,35,35000,35,754706,35,19765067,0,866000,866000,19755614,19755614,865000,865000,0,0,0,0,867,867,865,865,1411,1411,CONSISTENT
27730,865813,35000,35000,0,0,0,0,0,754706,35,865778,35,868,868,1734,644,1,1000,636,868,868,868,867,867,20,1,35000,35,35,35,10,1734,10,1734,35000,35,35000,35,754706,35,19770426,0,866000,866000,19755614,19755614,866000,866000,0,0,0,0,867,867,866,866,644,644,CONSISTENT
27740,866125,35000,35000,0,0,0,0,0,754706,35,866090,35,868,868,1734,956,1,1000,636,868,868,868,867,867,30,1,35000,35,35,35,10,1734,10,1734,35000,35,35000,35,754706,35,19777625,0,866000,866000,19755614,19755614,866000,866000,0,0,0,0,867,867,866,866,957,957,CONSISTENT
27750,866488,35000,35000,0,0,0,0,0,754706,35,866453,35,869,869,1735,1319,2,0,1053,869,869,869,867,867,6,1,35000,35,35,35,10,1735,10,1735,35000,35,35000,35,754706,35,19785951,0,867000,867000,19778614,19778614,866000,866000,0,0,0,0,868,868,866,866,1319,1319,CONSISTENT
27760,866801,35000,35000,0,0,0,0,0,754706,35,866766,35,869,869,1736,633,1,1000,624,869,869,869,868,868,16,1,35000,35,35,35,10,1736,10,1736,35000,35,35000,35,754706,35,19793173,0,867000,867000,19778614,19778614,867000,867000,0,0,0,0,868,868,867,867,633,633,CONSISTENT
27770,866995,35000,35000,0,0,0,0,0,754706,35,866960,35,869,869,1736,827,1,1000,624,869,869,869,868,868,26,1,35000,35,35,35,10,1736,10,1736,35000,35,35000,35,754706,35,19797635,0,867000,867000,19778614,19778614,867000,867000,0,0,0,0,868,868,867,867,827,827,CONSISTENT
27780,867347,35000,35000,0,0,0,0,0,754706,35,867312,35,870,870,1737,1179,2,0,1004,870,870,870,868,868,4,1,35000,35,35,35,10,1737,10,1737,35000,35,35000,35,754706,35,19805777,0,868000,868000,19801614,19801614,867000,867000,0,0,0,0,869,869,867,867,1181,1181,CONSISTENT
27790,867703,35000,35000,0,0,0,0,0,754706,35,867668,35,870,870,1737,1535,2,0,1004,870,870,870,868,868,14,1,35000,35,35,35,10,1737,10,1737,35000,35,35000,35,754706,35,19813965,0,868000,868000,19801614,19801614,867000,867000,0,0,0,0,869,869,867,867,1537,1537,CONSISTENT
27800,868039,35000,35000,0,0,0,0,0,754706,35,868004,35,870,870,1738,872,1,1000,864,870,870,870,869,869,24,1,35000,35,35,35,10,1738,10,1738,35000,35,35000,35,754706,35,19821670,0,868000,868000,19801614,19801614,868000,868000,0,0,0,0,869,869,868,868,872,872,CONSISTENT
27810,868219,35000,35000,0,0,0,0,0,754706,35,868184,35,870,870,1738,1052,2,1000,864,870,871,870,869,869,32,1,35000,35,35,35,10,1738,10,1738,35000,35,35000,35,754706,35,19825810,0,869000,869000,19824614,19824614,868000,868000,0,0,0,0,870,870,868,868,1052,1052,CONSISTENT
27820,868570,35000,35000,0,0,0,0,0,754706,35,868535,35,871,871,1739,1403,2,0,1067,871,871,871,869,869,8,1,35000,35,35,35,10,1739,10,1739,35000,35,35000,35,754706,35,19833883,0,869000,869000,19824614,19824614,868000,868000,0,0,0,0,870,870,868,868,1403,1403,CONSISTENT
27830,868824,35000,35000,0,0,0,0,0,754706,35,868789,35,871,871,1740,658,1,1000,632,871,871,871,870,870,18,1,35000,35,35,35,10,1740,10,1740,35000,35,35000,35,754706,35,19839748,0,869000,869000,19824614,19824614,869000,869000,0,0,0,0,870,870,869,869,658,658,CONSISTENT
27840,869124,35000,35000,0,0,0,0,0,754706,35,869089,35,871,871,1740,958,1,1000,632,871,871,871,870,870,28,1,35000,35,35,35,10,1740,10,1740,35000,35,35000,35,754706,35,19846648,0,869000,869000,19824614,19824614,869000,869000,0,0,0,0,870,870,869,869,958,958,CONSISTENT
27850,869465,35000,35000,0,0,0,0,0,754706,35,869430,35,872,872,1741,1299,2,0,1026,872,872,872,870,870,6,1,35000,35,35,35,10,1741,10,1741,35000,35,35000,35,754706,35,19854491,0,870000,870000,19847614,19847614,869000,869000,0,0,0,0,871,871,869,869,1303,1303,CONSISTENT
27860,869832,35000,35000,0,0,0,0,0,754706,35,869797,35,872,872,1741,1666,2,0,1026,872,872,872,870,870,16,1,35000,35,35,35,10,1741,10,1741,35000,35,35000,35,754706,35,19862955,0,870000,870000,19847614,19847614,869000,869000,0,0,0,0,871,871,869,869,1669,1669,CONSISTENT
27870,869973,35000,35000,0,0,0,0,0,754706,35,869938,35,872,872,1742,808,1,1000,691,872,872,872,871,871,26,1,35000,35,35,35,10,1742,10,1742,35000,35,35000,35,754706,35,19866244,0,870000,870000,19847614,19847614,870000,870000,0,0,0,0,871,871,870,870,811,811,CONSISTENT
27880,870329,35000,35000,0,0,0,0,0,754706,35,870294,35,873,873,1743,1164,2,0,1007,873,873,873,871,871,4,1,35000,35,35,35,10,1743,10,1743,35000,35,35000,35,754706,35,19874409,0,871000,871000,19870614,19870614,870000,870000,0,0,0,0,872,872,870,870,1165,1165,CONSISTENT
27890,870672,35000,35000,0,0,0,0,0,754706,35,870637,35,873,873,1743,1507,2,0,1007,873,873,873,871,871,14,1,35000,35,35,35,10,1743,10,1743,35000,35,35000,35,754706,35,19882275,0,871000,871000,19870614,19870614,870000,870000,0,0,0,0,872,872,870,870,1509,1509,CONSISTENT
27900,870858,35000,35000,0,0,0,0,0,754706,35,870823,35,873,873,1744,694,1,1000,659,873,873,873,872,872,24,1,35000,35,35,35,10,1744,10,1744,35000,35,35000,35,754706,35,19886576,0,871000,871000,19870614,19870614,871000,871000,0,0,0,0,872,872,871,871,694,694,CONSISTENT
27910,871062,35000,35000,0,0,0,0,0,754706,35,871027,35,873,873,1744,898,1,1000,659,873,873,873,872,872,33,1,35000,35,35,35,10,1744,10,1744,35000,35,35000,35,754706,35,19891291,0,871000,871000,19870614,19870614,871000,871000,0,0,0,0,872,872,871,871,901,901,CONSISTENT
27920,871428,35000,35000,0,0,0,0,0,754706,35,871393,35,874,874,1745,1264,2,0,1035,874,874,874,872,872,6,1,35000,35,35,35,10,1745,10,1745,35000,35,35000,35,754706,35,19899686,0,872000,872000,19893614,19893614,871000,871000,0,0,0,0,873,873,871,871,1265,1265,CONSISTENT
27930,871790,35000,35000,0,0,0,0,0,754706,35,871755,35,874,874,1745,1626,2,0,1035,874,874,874,872,872,16,1,35000,35,35,35,10,1745,10,1745,35000,35,35000,35,754706,35,19908012,0,872000,872000,19893614,19893614,871000,871000,0,0,0,0,873,873,871,871,1626,1626,CONSISTENT
27940,871980,35000,35000,0,0,0,0,0,754706,35,871945,35,874,874,1746,817,1,1000,686,874,874,874,873,873,24,1,35000,35,35,35,10,1746,10,1746,35000,35,35000,35,754706,35,19912405,0,872000,872000,19893614,19893614,872000,872000,0,0,0,0,873,873,872,872,818,818,CONSISTENT
27950,872320,35000,35000,0,0,0,0,0,754706,35,872285,35,875,875,1747,1157,2,0,1014,875,875,875,873,873,4,1,35000,35,35,35,10,1747,10,1747,35000,35,35000,35,754706,35,19920271,0,873000,873000,19916614,19916614,872000,872000,0,0,0,0,874,874,872,872,1159,1159,CONSISTENT
27960,872624,35000,35000,0,0,0,0,0,754706,35,872589,35,875,875,1748,462,1,1000,449,875,875,875,874,874,14,1,35000,35,35,35,10,1748,10,1748,35000,35,35000,35,754706,35,19927240,0,873000,873000,19916614,19916614,873000,873000,0,0,0,0,874,874,873,873,462,462,CONSISTENT
27970,872830,35000,35000,0,0,0,0,0,754706,35,872795,35,875,875,1748,668,1,1000,449,875,875,875,874,874,22,1,35000,35,35,35,10,1748,10,1748,35000,35,35000,35,754706,35,19932001,0,873000,873000,19916614,19916614,873000,873000,0,0,0,0,874,874,873,873,669,669,CONSISTENT
27980,873201,35000,35000,0,0,0,0,0,754706,35,873166,35,875,875,1748,1039,2,1000,449,875,876,875,874,874,32,1,35000,35,35,35,10,1748,10,1748,35000,35,35000,35,754706,35,19940511,0,874000,874000,19939614,19939614,873000,873000,0,0,0,0,875,875,873,873,1041,1042,TORN-PERSISTENT
27990,873549,35000,35000,0,0,0,0,0,754706,35,873514,35,876,876,1749,1387,2,0,1051,876,876,876,874,874,8,1,35000,35,35,35,10,1749,10,1749,35000,35,35000,35,754706,35,19948515,0,874000,874000,19939614,19939614,873000,873000,0,0,0,0,875,875,873,873,1388,1388,CONSISTENT
28000,873887,35000,35000,0,0,0,0,0,754706,35,873852,35,876,876,1750,726,1,1000,709,876,876,876,875,875,18,1,35000,35,35,35,10,1750,10,1750,35000,35,35000,35,754706,35,19956312,0,874000,874000,19939614,19939614,874000,874000,0,0,0,0,875,875,874,874,726,726,CONSISTENT
28010,874105,35000,35000,0,0,0,0,0,754706,35,874070,35,876,876,1750,944,1,1000,709,876,876,876,875,875,28,1,35000,35,35,35,10,1750,10,1750,35000,35,35000,35,754706,35,19961326,0,874000,874000,19939614,19939614,874000,874000,0,0,0,0,875,875,874,874,944,944,CONSISTENT
28020,874424,35000,35000,0,0,0,0,0,754706,35,874389,35,877,877,1751,1263,2,0,1037,877,877,877,875,875,6,1,35000,35,35,35,10,1751,10,1751,35000,35,35000,35,754706,35,19968663,0,875000,875000,19962614,19962614,874000,874000,0,0,0,0,876,876,874,874,1265,1265,CONSISTENT
28030,874635,35000,35000,0,0,0,0,0,754706,35,874600,35,877,877,1752,475,1,1000,469,877,877,877,876,876,16,1,35000,35,35,35,10,1752,10,1752,35000,35,35000,35,754706,35,19973539,0,875000,875000,19962614,19962614,875000,875000,0,0,0,0,876,876,875,875,475,475,CONSISTENT
28040,874964,35000,35000,0,0,0,0,0,754706,35,874929,35,877,877,1752,804,1,1000,469,877,877,877,876,876,26,1,35000,35,35,35,10,1752,10,1752,35000,35,35000,35,754706,35,19981129,0,875000,875000,19962614,19962614,875000,875000,0,0,0,0,876,876,875,875,806,807,TORN-PERSISTENT
28050,875332,35000,35000,0,0,0,0,0,754706,35,875297,35,878,878,1753,1172,2,0,1056,878,878,878,876,876,2,1,35000,35,35,35,10,1753,10,1753,35000,35,35000,35,754706,35,19989593,0,876000,876000,19985614,19985614,875000,875000,0,0,0,0,877,877,875,875,1174,1174,CONSISTENT
28060,875684,35000,35000,0,0,0,0,0,754706,35,875649,35,878,878,1753,1524,2,0,1056,878,878,878,876,876,12,1,35000,35,35,35,10,1753,10,1753,35000,35,35000,35,754706,35,19997666,0,876000,876000,19985614,19985614,875000,875000,0,0,0,0,877,877,875,875,1526,1527,TORN-PERSISTENT
28070,875926,35000,35000,0,0,0,0,0,754706,35,875891,35,878,878,1754,767,1,1000,766,878,878,878,877,877,22,1,35000,35,35,35,10,1754,10,1754,35000,35,35000,35,754706,35,20003255,0,876000,876000,19985614,19985614,876000,876000,0,0,0,0,877,877,876,876,767,767,CONSISTENT
28080,876115,35000,35000,0,0,0,0,0,754706,35,876080,35,878,878,1754,956,1,1000,766,878,878,878,877,877,30,1,35000,35,35,35,10,1754,10,1754,35000,35,35000,35,754706,35,20007602,0,876000,876000,19985614,19985614,876000,876000,0,0,0,0,877,877,876,876,956,956,CONSISTENT
28090,876468,35000,35000,0,0,0,0,0,754706,35,876433,35,879,879,1755,1309,2,0,1030,879,879,879,877,877,6,1,35000,35,35,35,10,1755,10,1755,35000,35,35000,35,754706,35,20015721,0,877000,877000,20008614,20008614,876000,876000,0,0,0,0,878,878,876,876,1312,1312,CONSISTENT
28100,876675,35000,35000,0,0,0,0,0,754706,35,876640,35,879,879,1756,517,1,1000,508,879,879,879,878,878,17,1,35000,35,35,35,10,1756,10,1756,35000,35,35000,35,754706,35,20020505,0,877000,877000,20008614,20008614,877000,877000,0,0,0,0,878,878,877,877,517,517,CONSISTENT
28110,877010,35000,35000,0,0,0,0,0,754706,35,876975,35,879,879,1756,852,1,1000,508,879,879,879,878,878,27,1,35000,35,35,35,10,1756,10,1756,35000,35,35000,35,754706,35,20028233,0,877000,877000,20008614,20008614,877000,877000,0,0,0,0,878,878,877,877,853,853,CONSISTENT
28120,877325,35000,35000,0,0,0,0,0,754706,35,877290,35,880,880,1757,1167,2,0,1046,880,880,880,878,878,2,1,35000,35,35,35,10,1757,10,1757,35000,35,35000,35,754706,35,20035455,0,878000,878000,20031614,20031614,877000,877000,0,0,0,0,879,879,877,877,1167,1167,CONSISTENT
28130,877673,35000,35000,0,0,0,0,0,754706,35,877638,35,880,880,1757,1515,2,0,1046,880,880,880,878,878,12,1,35000,35,35,35,10,1757,10,1757,35000,35,35000,35,754706,35,20043459,0,878000,878000,20031614,20031614,877000,877000,0,0,0,0,879,879,877,877,1517,1518,TORN-PERSISTENT
28140,877899,35000,35000,0,0,0,0,0,754706,35,877864,35,880,880,1758,742,1,1000,737,880,880,880,879,879,22,1,35000,35,35,35,10,1758,10,1758,35000,35,35000,35,754706,35,20048680,0,878000,878000,20031614,20031614,878000,878000,0,0,0,0,879,879,878,878,742,742,CONSISTENT
28150,878223,35000,35000,0,0,0,0,0,754706,35,878188,35,881,881,1759,1066,2,0,1017,881,881,881,879,879,0,1,35000,35,35,35,10,1759,10,1759,35000,35,35000,35,754706,35,20056132,0,879000,879000,20054614,20054614,878000,878000,0,0,0,0,880,880,878,878,1070,1071,TORN-PERSISTENT
28160,878562,35000,35000,0,0,0,0,0,754706,35,878527,35,881,881,1759,1405,2,0,1017,881,881,881,879,879,10,1,35000,35,35,35,10,1759,10,1759,35000,35,35000,35,754706,35,20063929,0,879000,879000,20054614,20054614,878000,878000,0,0,0,0,880,880,878,878,1407,1409,TORN-PERSISTENT
28170,878723,35000,35000,0,0,0,0,0,754706,35,878688,35,881,881,1760,567,1,1000,480,881,881,881,880,880,20,1,35000,35,35,35,10,1760,10,1760,35000,35,35000,35,754706,35,20067655,0,879000,879000,20054614,20054614,879000,879000,0,0,0,0,880,880,879,879,567,567,CONSISTENT
28180,879071,35000,35000,0,0,0,0,0,754706,35,879036,35,881,881,1760,915,1,1000,480,881,881,881,880,880,30,1,35000,35,35,35,10,1760,10,1760,35000,35,35000,35,754706,35,20075659,0,879000,879000,20054614,20054614,879000,879000,0,0,0,0,880,880,879,879,917,917,CONSISTENT
28190,879422,35000,35000,0,0,0,0,0,754706,35,879387,35,882,882,1761,1266,2,0,1022,882,882,882,880,880,6,1,35000,35,35,35,10,1761,10,1761,35000,35,35000,35,754706,35,20083755,0,880000,880000,20077614,20077614,879000,879000,0,0,0,0,881,881,879,879,1267,1267,CONSISTENT
28200,879763,35000,35000,0,0,0,0,0,754706,35,879728,35,882,882,1761,1607,2,0,1022,882,882,882,880,880,16,1,35000,35,35,35,10,1761,10,1761,35000,35,35000,35,754706,35,20091575,0,880000,880000,20077614,20077614,879000,879000,0,0,0,0,881,881,879,879,1607,1607,CONSISTENT
28210,879844,35000,35000,0,0,0,0,0,754706,35,879809,35,882,882,1762,689,1,1000,613,882,882,882,881,881,26,1,35000,35,35,35,10,1762,10,1762,35000,35,35000,35,754706,35,20093484,0,880000,880000,20077614,20077614,880000,880000,0,0,0,0,881,881,880,880,692,692,CONSISTENT
28220,880161,35000,35000,0,0,0,0,0,754706,35,880126,35,882,882,1762,1006,2,1000,613,882,883,882,881,881,35,1,35000,35,35,35,10,1762,10,1762,35000,35,35000,35,754706,35,20100775,0,881000,881000,20100614,20100614,880000,880000,0,0,0,0,882,882,880,880,1008,1009,TORN-PERSISTENT
28230,880518,35000,35000,0,0,0,0,0,754706,35,880483,35,883,883,1763,1363,2,0,1028,883,883,883,881,881,8,1,35000,35,35,35,10,1763,10,1763,35000,35,35000,35,754706,35,20108963,0,881000,881000,20100614,20100614,880000,880000,0,0,0,0,882,882,880,880,1363,1363,CONSISTENT
28240,880857,35000,35000,0,0,0,0,0,754706,35,880822,35,883,883,1763,1702,2,0,1028,883,883,883,881,881,18,1,35000,35,35,35,10,1763,10,1763,35000,35,35000,35,754706,35,20116760,0,881000,881000,20100614,20100614,880000,880000,0,0,0,0,882,882,880,880,1704,1704,CONSISTENT
28250,881046,35000,35000,0,0,0,0,0,754706,35,881011,35,883,883,1764,892,1,1000,776,883,883,883,882,882,28,1,35000,35,35,35,10,1764,10,1764,35000,35,35000,35,754706,35,20121130,0,881000,881000,20100614,20100614,881000,881000,0,0,0,0,882,882,881,881,892,892,CONSISTENT
28260,881406,35000,35000,0,0,0,0,0,754706,35,881371,35,884,884,1765,1252,2,0,1042,884,884,884,882,882,6,1,35000,35,35,35,10,1765,10,1765,35000,35,35000,35,754706,35,20129433,0,882000,882000,20123614,20123614,881000,881000,0,0,0,0,883,883,881,881,1253,1253,CONSISTENT
28271,881698,35000,35000,0,0,0,0,0,754706,35,881663,35,884,884,1766,545,1,1000,541,884,884,884,883,883,16,1,35000,35,35,35,10,1766,10,1766,35000,35,35000,35,754706,35,20136149,0,882000,882000,20123614,20123614,882000,882000,0,0,0,0,883,883,882,882,545,545,CONSISTENT
28280,881908,35000,35000,0,0,0,0,0,754706,35,881873,35,884,884,1766,755,1,1000,541,884,884,884,883,883,24,1,35000,35,35,35,10,1766,10,1766,35000,35,35000,35,754706,35,20140979,0,882000,882000,20123614,20123614,882000,882000,0,0,0,0,883,883,882,882,758,758,CONSISTENT
28290,882252,35000,35000,0,0,0,0,0,754706,35,882217,35,885,885,1767,1099,2,0,1014,885,885,885,883,883,2,1,35000,35,35,35,10,1767,10,1767,35000,35,35000,35,754706,35,20148891,0,883000,883000,20146614,20146614,882000,882000,0,0,0,0,884,884,882,882,1099,1099,CONSISTENT
28300,882616,35000,35000,0,0,0,0,0,754706,35,882581,35,885,885,1767,1463,2,0,1014,885,885,885,883,883,12,1,35000,35,35,35,10,1767,10,1767,35000,35,35000,35,754706,35,20157263,0,883000,883000,20146614,20146614,882000,882000,0,0,0,0,884,884,882,882,1467,1468,TORN-PERSISTENT
28310,882911,35000,35000,0,0,0,0,0,754706,35,882876,35,885,885,1768,759,1,1000,756,885,885,885,884,884,22,1,35000,35,35,35,10,1768,10,1768,35000,35,35000,35,754706,35,20164071,0,883000,883000,20146614,20146614,883000,883000,0,0,0,0,884,884,883,883,759,759,CONSISTENT
28321,883124,35000,35000,0,0,0,0,0,754706,35,883089,35,885,885,1768,972,1,1000,756,885,885,885,884,884,32,1,35000,35,35,35,10,1768,10,1768,35000,35,35000,35,754706,35,20168970,0,883000,883000,20146614,20146614,883000,883000,0,0,0,0,884,884,883,883,972,972,CONSISTENT
28330,883445,35000,35000,0,0,0,0,0,754706,35,883410,35,886,886,1769,1293,2,0,1067,886,886,886,884,884,6,1,35000,35,35,35,10,1769,10,1769,35000,35,35000,35,754706,35,20176376,0,884000,884000,20169614,20169614,883000,883000,0,0,0,0,885,885,883,883,1294,1294,CONSISTENT
28340,883646,35000,35000,0,0,0,0,0,754706,35,883611,35,886,886,1770,495,1,1000,493,886,886,886,885,885,16,1,35000,35,35,35,10,1770,10,1770,35000,35,35000,35,754706,35,20180999,0,884000,884000,20169614,20169614,884000,884000,0,0,0,0,885,885,884,884,495,495,CONSISTENT
28350,883992,35000,35000,0,0,0,0,0,754706,35,883957,35,886,886,1770,841,1,1000,493,886,886,886,885,885,26,1,35000,35,35,35,10,1770,10,1770,35000,35,35000,35,754706,35,20188957,0,884000,884000,20169614,20169614,884000,884000,0,0,0,0,885,885,884,884,841,841,CONSISTENT
28360,884339,35000,35000,0,0,0,0,0,754706,35,884304,35,887,887,1771,1188,2,0,1047,887,887,887,885,885,4,1,35000,35,35,35,10,1771,10,1771,35000,35,35000,35,754706,35,20197007,0,885000,885000,20192614,20192614,884000,884000,0,0,0,0,886,886,884,884,1192,1192,CONSISTENT
28370,884705,35000,35000,0,0,0,0,0,754706,35,884670,35,887,887,1771,1554,2,0,1047,887,887,887,885,885,14,1,35000,35,35,35,10,1771,10,1771,35000,35,35000,35,754706,35,20205356,0,885000,885000,20192614,20192614,884000,884000,0,0,0,0,886,886,884,884,1557,1557,CONSISTENT
28380,884893,35000,35000,0,0,0,0,0,754706,35,884858,35,887,887,1772,743,1,1000,736,887,887,887,886,886,22,1,35000,35,35,35,10,1772,10,1772,35000,35,35000,35,754706,35,20209703,0,885000,885000,20192614,20192614,885000,885000,0,0,0,0,886,886,885,885,743,743,CONSISTENT
28390,885208,35000,35000,0,0,0,0,0,754706,35,885173,35,887,887,1772,1058,2,1000,736,887,888,887,886,886,32,1,35000,35,35,35,10,1772,10,1772,35000,35,35000,35,754706,35,20216971,0,886000,886000,20215614,20215614,885000,885000,0,0,0,0,887,887,885,885,1060,1061,TORN-PERSISTENT
28400,885565,35000,35000,0,0,0,0,0,754706,35,885530,35,888,888,1773,1415,2,0,1069,888,888,888,886,886,8,1,35000,35,35,35,10,1773,10,1773,35000,35,35000,35,754706,35,20225182,0,886000,886000,20215614,20215614,885000,885000,0,0,0,0,887,887,885,885,1419,1419,CONSISTENT
28410,885753,35000,35000,0,0,0,0,0,754706,35,885718,35,888,888,1774,604,1,1000,505,888,888,888,887,887,18,1,35000,35,35,35,10,1774,10,1774,35000,35,35000,35,754706,35,20229506,0,886000,886000,20215614,20215614,886000,886000,0,0,0,0,887,887,886,886,605,605,CONSISTENT
28420,886105,35000,35000,0,0,0,0,0,754706,35,886070,35,888,888,1774,956,1,1000,505,888,888,888,887,887,28,1,35000,35,35,35,10,1774,10,1774,35000,35,35000,35,754706,35,20237602,0,886000,886000,20215614,20215614,886000,886000,0,0,0,0,887,887,886,886,956,956,CONSISTENT
28430,886409,35000,35000,0,0,0,0,0,754706,35,886374,35,889,889,1775,1260,2,0,1045,889,889,889,887,887,6,1,35000,35,35,35,10,1775,10,1775,35000,35,35000,35,754706,35,20244594,0,887000,887000,20238614,20238614,886000,886000,0,0,0,0,888,888,886,886,1261,1261,CONSISTENT
28440,886760,35000,35000,0,0,0,0,0,754706,35,886725,35,889,889,1775,1611,2,0,1045,889,889,889,887,887,16,1,35000,35,35,35,10,1775,10,1775,35000,35,35000,35,754706,35,20252667,0,887000,887000,20238614,20238614,886000,886000,0,0,0,0,888,888,886,886,1611,1611,CONSISTENT
28450,886937,35000,35000,0,0,0,0,0,754706,35,886902,35,889,889,1776,789,1,1000,686,889,889,889,888,888,26,1,35000,35,35,35,10,1776,10,1776,35000,35,35000,35,754706,35,20256761,0,887000,887000,20238614,20238614,887000,887000,0,0,0,0,888,888,887,887,789,789,CONSISTENT
28460,887283,35000,35000,0,0,0,0,0,754706,35,887248,35,890,890,1777,1135,2,0,1037,890,890,890,888,888,2,1,35000,35,35,35,10,1777,10,1777,35000,35,35000,35,754706,35,20264719,0,888000,888000,20261614,20261614,887000,887000,0,0,0,0,889,889,887,887,1137,1138,TORN-PERSISTENT
28470,887585,35000,35000,0,0,0,0,0,754706,35,887550,35,890,890,1778,438,1,1000,434,890,890,890,889,889,12,1,35000,35,35,35,10,1778,10,1778,35000,35,35000,35,754706,35,20271688,0,888000,888000,20261614,20261614,888000,888000,0,0,0,0,889,889,888,888,438,438,CONSISTENT
28480,887778,35000,35000,0,0,0,0,0,754706,35,887743,35,890,890,1778,631,1,1000,434,890,890,890,889,889,22,1,35000,35,35,35,10,1778,10,1778,35000,35,35000,35,754706,35,20276127,0,888000,888000,20261614,20261614,888000,888000,0,0,0,0,889,889,888,888,631,631,CONSISTENT
28490,888132,35000,35000,0,0,0,0,0,754706,35,888097,35,890,890,1778,985,1,1000,434,890,890,890,889,889,32,1,35000,35,35,35,10,1778,10,1778,35000,35,35000,35,754706,35,20284269,0,888000,888000,20261614,20261614,888000,888000,0,0,0,0,889,889,888,888,988,988,CONSISTENT
28500,888492,35000,35000,0,0,0,0,0,754706,35,888457,35,891,891,1779,1345,2,0,1143,891,891,891,889,889,4,1,35000,35,35,35,10,1779,10,1779,35000,35,35000,35,754706,35,20292549,0,889000,889000,20284614,20284614,888000,888000,0,0,0,0,890,890,888,888,1347,1347,CONSISTENT
28510,888643,35000,35000,0,0,0,0,0,754706,35,888608,35,891,891,1780,497,1,1000,493,891,891,891,890,890,14,1,35000,35,35,35,10,1780,10,1780,35000,35,35000,35,754706,35,20296045,0,889000,889000,20284614,20284614,889000,889000,0,0,0,0,890,890,889,889,497,497,CONSISTENT
28520,888922,35000,35000,0,0,0,0,0,754706,35,888887,35,891,891,1780,776,1,1000,493,891,891,891,890,890,24,1,35000,35,35,35,10,1780,10,1780,35000,35,35000,35,754706,35,20302462,0,889000,889000,20284614,20284614,889000,889000,0,0,0,0,890,890,889,889,777,777,CONSISTENT
28530,889229,35000,35000,0,0,0,0,0,754706,35,889194,35,892,892,1781,1083,2,0,1075,892,892,892,890,890,0,1,35000,35,35,35,10,1781,10,1781,35000,35,35000,35,754706,35,20309523,0,890000,890000,20307614,20307614,889000,889000,0,0,0,0,891,891,889,889,1083,1083,CONSISTENT
28540,889588,35000,35000,0,0,0,0,0,754706,35,889553,35,892,892,1781,1442,2,0,1075,892,892,892,890,890,10,1,35000,35,35,35,10,1781,10,1781,35000,35,35000,35,754706,35,20317803,0,890000,890000,20307614,20307614,889000,889000,0,0,0,0,891,891,889,889,1443,1443,CONSISTENT
28550,889849,35000,35000,0,0,0,0,0,754706,35,889814,35,892,892,1782,704,1,1000,697,892,892,892,891,891,20,1,35000,35,35,35,10,1782,10,1782,35000,35,35000,35,754706,35,20323806,0,890000,890000,20307614,20307614,890000,890000,0,0,0,0,891,891,890,890,704,704,CONSISTENT
28560,890110,35000,35000,0,0,0,0,0,754706,35,890075,35,892,892,1782,965,1,1000,697,892,892,892,891,891,30,1,35000,35,35,35,10,1782,10,1782,35000,35,35000,35,754706,35,20329855,0,890000,890000,20307614,20307614,890000,890000,0,0,0,0,891,891,890,890,968,968,CONSISTENT
28570,890455,35000,35000,0,0,0,0,0,754706,35,890420,35,893,893,1783,1310,2,0,1104,893,893,893,891,891,4,1,35000,35,35,35,10,1783,10,1783,35000,35,35000,35,754706,35,20337744,0,891000,891000,20330614,20330614,890000,890000,0,0,0,0,892,892,890,890,1312,1312,CONSISTENT
28580,890606,35000,35000,0,0,0,0,0,754706,35,890571,35,893,893,1784,462,1,1000,443,893,893,893,892,892,14,1,35000,35,35,35,10,1784,10,1784,35000,35,35000,35,754706,35,20341240,0,891000,891000,20330614,20330614,891000,891000,0,0,0,0,892,892,891,891,462,462,CONSISTENT
28590,890969,35000,35000,0,0,0,0,0,754706,35,890934,35,893,893,1784,825,1,1000,443,893,893,893,892,892,24,1,35000,35,35,35,10,1784,10,1784,35000,35,35000,35,754706,35,20349589,0,891000,891000,20330614,20330614,891000,891000,0,0,0,0,892,892,891,891,825,825,CONSISTENT
28600,891317,35000,35000,0,0,0,0,0,754706,35,891282,35,894,894,1785,1173,2,0,1054,894,894,894,892,892,2,1,35000,35,35,35,10,1785,10,1785,35000,35,35000,35,754706,35,20357593,0,892000,892000,20353614,20353614,891000,891000,0,0,0,0,893,893,891,891,1173,1173,CONSISTENT
28610,891662,35000,35000,0,0,0,0,0,754706,35,891627,35,894,894,1785,1518,2,0,1054,894,894,894,892,892,12,1,35000,35,35,35,10,1785,10,1785,35000,35,35000,35,754706,35,20365528,0,892000,892000,20353614,20353614,891000,891000,0,0,0,0,893,893,891,891,1519,1520,TORN-PERSISTENT
28620,891853,35000,35000,0,0,0,0,0,754706,35,891818,35,894,894,1786,710,1,1000,647,894,894,894,893,893,22,1,35000,35,35,35,10,1786,10,1786,35000,35,35000,35,754706,35,20369944,0,892000,892000,20353614,20353614,892000,892000,0,0,0,0,893,893,892,892,711,713,TORN-PERSISTENT
28630,892215,35000,35000,0,0,0,0,0,754706,35,892180,35,895,895,1787,1072,2,0,1006,895,895,895,893,893,0,1,35000,35,35,35,10,1787,10,1787,35000,35,35000,35,754706,35,20378293,0,893000,893000,20376614,20376614,892000,892000,0,0,0,0,894,894,892,892,1073,1073,CONSISTENT
28640,892537,35000,35000,0,0,0,0,0,754706,35,892502,35,895,895,1787,1394,2,0,1006,895,895,895,893,893,10,1,35000,35,35,35,10,1787,10,1787,35000,35,35000,35,754706,35,20385676,0,893000,893000,20376614,20376614,892000,892000,0,0,0,0,894,894,892,892,1395,1395,CONSISTENT
28650,892726,35000,35000,0,0,0,0,0,754706,35,892691,35,895,895,1788,584,1,1000,431,895,895,895,894,894,20,1,35000,35,35,35,10,1788,10,1788,35000,35,35000,35,754706,35,20390046,0,893000,893000,20376614,20376614,893000,893000,0,0,0,0,894,894,893,893,584,584,CONSISTENT
28660,893087,35000,35000,0,0,0,0,0,754706,35,893052,35,895,895,1788,945,1,1000,431,895,895,895,894,894,30,1,35000,35,35,35,10,1788,10,1788,35000,35,35000,35,754706,35,20398349,0,893000,893000,20376614,20376614,893000,893000,0,0,0,0,894,894,893,893,945,945,CONSISTENT
28670,893433,35000,35000,0,0,0,0,0,754706,35,893398,35,896,896,1789,1291,2,0,1066,896,896,896,894,894,6,1,35000,35,35,35,10,1789,10,1789,35000,35,35000,35,754706,35,20406307,0,894000,894000,20399614,20399614,893000,893000,0,0,0,0,895,895,893,893,1291,1291,CONSISTENT
28680,893783,35000,35000,0,0,0,0,0,754706,35,893748,35,896,896,1789,1641,2,0,1066,896,896,896,894,894,16,1,35000,35,35,35,10,1789,10,1789,35000,35,35000,35,754706,35,20414357,0,894000,894000,20399614,20399614,893000,893000,0,0,0,0,895,895,893,893,1641,1641,CONSISTENT
28690,893941,35000,35000,0,0,0,0,0,754706,35,893906,35,896,896,1790,800,1,1000,658,896,896,896,895,895,26,1,35000,35,35,35,10,1790,10,1790,35000,35,35000,35,754706,35,20418037,0,894000,894000,20399614,20399614,894000,894000,0,0,0,0,895,895,894,894,802,802,CONSISTENT
28700,894293,35000,35000,0,0,0,0,0,754706,35,894258,35,897,897,1791,1152,2,0,1001,897,897,897,895,895,4,1,35000,35,35,35,10,1791,10,1791,35000,35,35000,35,754706,35,20426110,0,895000,895000,20422614,20422614,894000,894000,0,0,0,0,896,896,894,894,1152,1152,CONSISTENT
28710,894641,35000,35000,0,0,0,0,0,754706,35,894606,35,897,897,1791,1500,2,0,1001,897,897,897,895,895,12,1,35000,35,35,35,10,1791,10,1791,35000,35,35000,35,754706,35,20434114,0,895000,895000,20422614,20422614,894000,894000,0,0,0,0,896,896,894,894,1502,1503,TORN-PERSISTENT
28720,894833,35000,35000,0,0,0,0,0,754706,35,894798,35,897,897,1792,693,1,1000,626,897,897,897,896,896,22,1,35000,35,35,35,10,1792,10,1792,35000,35,35000,35,754706,35,20438576,0,895000,895000,20422614,20422614,895000,895000,0,0,0,0,896,896,895,895,694,694,CONSISTENT
28730,895187,35000,35000,0,0,0,0,0,754706,35,895152,35,897,897,1792,1047,2,1000,626,897,898,897,896,896,32,1,35000,35,35,35,10,1792,10,1792,35000,35,35000,35,754706,35,20446695,0,896000,896000,20445614,20445614,895000,895000,0,0,0,0,897,897,895,895,1048,1048,CONSISTENT
28740,895502,35000,35000,0,0,0,0,0,754706,35,895467,35,898,898,1793,1362,2,0,1049,898,898,898,896,896,8,1,35000,35,35,35,10,1793,10,1793,35000,35,35000,35,754706,35,20453940,0,896000,896000,20445614,20445614,895000,895000,0,0,0,0,897,897,895,895,1362,1362,CONSISTENT
28750,895799,35000,35000,0,0,0,0,0,754706,35,895764,35,898,898,1794,660,1,1000,651,898,898,898,897,897,18,1,35000,35,35,35,10,1794,10,1794,35000,35,35000,35,754706,35,20460794,0,896000,896000,20445614,20445614,896000,896000,0,0,0,0,897,897,896,896,660,660,CONSISTENT
28760,896042,35000,35000,0,0,0,0,0,754706,35,896007,35,898,898,1794,903,1,1000,651,898,898,898,897,897,28,1,35000,35,35,35,10,1794,10,1794,35000,35,35000,35,754706,35,20466383,0,896000,896000,20445614,20445614,896000,896000,0,0,0,0,897,897,896,896,905,906,TORN-PERSISTENT
28770,896397,35000,35000,0,0,0,0,0,754706,35,896362,35,899,899,1795,1258,2,0,1070,899,899,899,897,897,4,1,35000,35,35,35,10,1795,10,1795,35000,35,35000,35,754706,35,20474548,0,897000,897000,20468614,20468614,896000,896000,0,0,0,0,898,898,896,896,1261,1261,CONSISTENT
28780,896629,35000,35000,0,0,0,0,0,754706,35,896594,35,899,899,1796,491,1,1000,484,899,899,899,898,898,14,1,35000,35,35,35,10,1796,10,1796,35000,35,35000,35,754706,35,20479907,0,897000,897000,20468614,20468614,897000,897000,0,0,0,0,898,898,897,897,491,491,CONSISTENT
28790,896899,35000,35000,0,0,0,0,0,754706,35,896864,35,899,899,1796,761,1,1000,484,899,899,899,898,898,24,1,35000,35,35,35,10,1796,10,1796,35000,35,35000,35,754706,35,20486117,0,897000,897000,20468614,20468614,897000,897000,0,0,0,0,898,898,897,897,762,762,CONSISTENT
28800,897243,35000,35000,0,0,0,0,0,754706,35,897208,35,900,900,1797,1105,2,0,1017,900,900,900,898,898,2,1,35000,35,35,35,10,1797,10,1797,35000,35,35000,35,754706,35,20494029,0,898000,898000,20491614,20491614,897000,897000,0,0,0,0,899,899,897,897,1105,1105,CONSISTENT
