elapsed_secs,topgun_or_prune_passes_total,topgun_or_prune_considered_total,topgun_or_prune_dropped_total,topgun_or_prune_matched_nothing_total,topgun_or_prune_absent_total,topgun_or_prune_restored_read_error_total,topgun_or_prune_restored_evicted_total,topgun_or_prune_restored_write_error_total,topgun_or_prune_bytes_freed_total,topgun_or_prune_epochs_drained_total,topgun_or_prune_empty_drains_total,topgun_or_prune_nonempty_drains_total,topgun_or_prune_lwm_advances_total,topgun_or_prune_lwm_epochs_advanced_total,topgun_or_prune_split_recomputes_total,topgun_or_prune_indexed_refs,topgun_or_prune_indexed_epochs,topgun_or_prune_eligible_refs,topgun_or_prune_ineligible_refs,topgun_or_prune_split_computed_epoch,topgun_or_prune_current_epoch,topgun_or_prune_low_water_mark,topgun_or_prune_durable_epoch_watermark,topgun_or_prune_last_drained_epoch,topgun_or_prune_lwm_stall_seconds,topgun_or_prune_tracked_claims,topgun_or_prune_drain_refs_sum,topgun_or_prune_drain_refs_count,topgun_or_prune_drain_epochs_sum,topgun_or_prune_drain_epochs_count,topgun_or_prune_claim_span_epochs_sum,topgun_or_prune_claim_span_epochs_count,topgun_or_prune_claim_lag_epochs_sum,topgun_or_prune_claim_lag_epochs_count,topgun_or_prune_epoch_considered_sum,topgun_or_prune_epoch_considered_count,topgun_or_prune_epoch_dropped_sum,topgun_or_prune_epoch_dropped_count,topgun_or_prune_epoch_bytes_freed_sum,topgun_or_prune_epoch_bytes_freed_count,topgun_ormap_tombstone_bytes_total,topgun_or_prune_drain_refs_p50
10,342,0,0,0,0,0,0,0,0,0,342,0,2,2,2,342,1,0,58,2,2,2,0,0,8,1,0,0,0,0,0,2,0,2,0,0,0,0,0,0,6659,0
20,712,0,0,0,0,0,0,0,0,0,712,0,2,2,2,712,1,0,58,2,2,2,0,0,18,1,0,0,0,0,0,2,0,2,0,0,0,0,0,0,14059,0
30,1025,0,0,0,0,0,0,0,0,0,1025,0,2,2,2,1025,2,0,58,2,3,2,0,0,26,1,0,0,0,0,0,2,0,2,0,0,0,0,0,0,20319,0
40,1399,0,0,0,0,0,0,0,0,0,1399,0,3,3,3,1399,2,0,1044,3,3,3,0,0,8,1,0,0,0,0,0,3,0,3,0,0,0,0,0,0,27799,0
50,1740,0,0,0,0,0,0,0,0,0,1740,0,3,3,4,741,1,1000,737,3,3,3,2,2,20,1,0,0,0,0,0,4,0,4,0,0,0,0,0,0,34915,0
60,1997,1000,1000,0,0,0,0,0,19819,1,1996,1,3,3,4,997,1,1000,737,3,3,3,2,2,28,1,1000,1,1,1,0,4,0,4,1000,1,1000,1,19819,1,40333,999.9447405703887
70,2340,1000,1000,0,0,0,0,0,19819,1,2339,1,4,4,5,1340,2,0,1073,4,4,4,2,2,6,1,1000,1,1,1,0,5,0,5,1000,1,1000,1,19819,1,47494,999.9447405703887
80,2699,1000,1000,0,0,0,0,0,19819,1,2698,1,4,4,5,1699,2,0,1073,4,4,4,2,2,16,1,1000,1,1,1,0,5,0,5,1000,1,1000,1,19819,1,55033,999.9447405703887
90,2950,2000,2000,0,0,0,0,0,40354,2,2948,2,4,4,6,950,1,1000,937,4,4,4,3,3,26,1,2000,2,2,2,0,6,0,6,2000,2,2000,2,40354,2,60304,999.9447405703887
101,3345,2000,2000,0,0,0,0,0,40354,2,3343,2,5,5,7,1345,2,0,1034,5,5,5,3,3,8,1,2000,2,2,2,0,7,0,7,2000,2,2000,2,40354,2,68599,999.9447405703887
110,3551,3000,3000,0,0,0,0,0,61354,3,3548,3,5,5,8,551,1,1000,484,5,5,5,4,4,16,1,3000,3,3,3,0,8,0,8,3000,3,3000,3,61354,3,72925,999.9447405703887
120,3910,3000,3000,0,0,0,0,0,61354,3,3907,3,5,5,8,910,1,1000,484,5,5,5,4,4,26,1,3000,3,3,3,0,8,0,8,3000,3,3000,3,61354,3,80464,999.9447405703887
130,4289,3000,3000,0,0,0,0,0,61354,3,4286,3,6,6,9,1289,2,0,1007,6,6,6,4,4,6,1,3000,3,3,3,0,9,0,9,3000,3,3000,3,61354,3,88423,999.9447405703887
140,4653,3000,3000,0,0,0,0,0,61354,3,4650,3,6,6,9,1653,2,0,1007,6,6,6,4,4,16,1,3000,3,3,3,0,9,0,9,3000,3,3000,3,61354,3,96067,999.9447405703887
150,4835,4000,4000,0,0,0,0,0,82354,4,4831,4,6,6,10,835,1,1000,671,6,6,6,5,5,26,1,4000,4,4,4,0,10,0,10,4000,4,4000,4,82354,4,99910,999.9447405703887
160,5204,4000,4000,0,0,0,0,0,82354,4,5200,4,7,7,11,1204,2,0,1015,7,7,7,5,5,4,1,4000,4,4,4,0,11,0,11,4000,4,4000,4,82354,4,107638,999.9447405703887
170,5562,4000,4000,0,0,0,0,0,82354,4,5558,4,7,7,11,1562,2,0,1015,7,7,7,5,5,14,1,4000,4,4,4,0,11,0,11,4000,4,4000,4,82354,4,115156,999.9447405703887
180,5832,4000,4000,0,0,0,0,0,82354,4,5828,4,7,7,12,833,1,1000,828,7,7,7,6,6,24,1,4000,4,4,4,0,12,0,12,4000,4,4000,4,82354,4,120847,999.9447405703887
190,6110,5000,5000,0,0,0,0,0,103354,5,6105,5,8,8,13,1110,2,0,1006,8,8,8,6,6,2,1,5000,5,5,5,0,13,0,13,5000,5,5000,5,103354,5,126664,999.9447405703887
200,6469,5000,5000,0,0,0,0,0,103354,5,6464,5,8,8,13,1469,2,0,1006,8,8,8,6,6,12,1,5000,5,5,5,0,13,0,13,5000,5,5000,5,103354,5,134203,999.9447405703887
210,6832,5000,5000,0,0,0,0,0,103354,5,6827,5,8,8,13,1832,2,0,1006,8,8,8,6,6,22,1,5000,5,5,5,0,13,0,13,5000,5,5000,5,103354,5,141826,999.9447405703887
220,7047,6000,6000,0,0,0,0,0,124354,6,7041,6,8,8,14,1047,2,1000,992,8,9,8,7,7,32,1,6000,6,6,6,0,14,0,14,6000,6,6000,6,124354,6,146341,999.9447405703887
230,7371,6000,6000,0,0,0,0,0,124354,6,7365,6,9,9,15,1371,2,0,1068,9,9,9,7,7,8,1,6000,6,6,6,0,15,0,15,6000,6,6000,6,124354,6,153145,999.9447405703887
240,7577,7000,7000,0,0,0,0,0,145354,7,7570,7,9,9,16,577,1,1000,509,9,9,9,8,8,18,1,7000,7,7,7,0,16,0,16,7000,7,7000,7,145354,7,157471,999.9447405703887
250,7946,7000,7000,0,0,0,0,0,145354,7,7939,7,9,9,16,946,1,1000,509,9,9,9,8,8,28,1,7000,7,7,7,0,16,0,16,7000,7,7000,7,145354,7,165220,999.9447405703887
260,8312,7000,7000,0,0,0,0,0,145354,7,8305,7,10,10,17,1312,2,0,1049,10,10,10,8,8,6,1,7000,7,7,7,0,17,0,17,7000,7,7000,7,145354,7,172906,999.9447405703887
270,8639,7000,7000,0,0,0,0,0,145354,7,8632,7,10,10,17,1639,2,0,1049,10,10,10,8,8,16,1,7000,7,7,7,0,17,0,17,7000,7,7000,7,145354,7,179794,999.9447405703887
280,8836,8000,8000,0,0,0,0,0,166354,8,8828,8,10,10,18,836,1,1000,677,10,10,10,9,9,26,1,8000,8,8,8,0,18,0,18,8000,8,8000,8,166354,8,183910,999.9447405703887
290,9203,8000,8000,0,0,0,0,0,166354,8,9195,8,11,11,19,1203,2,0,1027,11,11,11,9,9,4,1,8000,8,8,8,0,19,0,19,8000,8,8000,8,166354,8,191617,999.9447405703887
300,9553,8000,8000,0,0,0,0,0,166354,8,9545,8,11,11,19,1553,2,0,1027,11,11,11,9,9,14,1,8000,8,8,8,0,19,0,19,8000,8,8000,8,166354,8,198967,999.9447405703887
310,9632,9000,9000,0,0,0,0,0,187354,9,9623,9,11,11,20,632,1,1000,596,11,11,11,10,10,24,1,9000,9,9,9,0,20,0,20,9000,9,9000,9,187354,9,200626,999.9447405703887
320,9993,9000,9000,0,0,0,0,0,187354,9,9984,9,11,11,20,993,1,1000,596,11,11,11,10,10,34,1,9000,9,9,9,0,20,0,20,9000,9,9000,9,187354,9,208207,999.9447405703887
330,10356,9000,9000,0,0,0,0,0,187354,9,10347,9,12,12,21,1356,2,0,1041,12,12,12,10,10,8,1,9000,9,9,9,0,21,0,21,9000,9,9000,9,187354,9,215830,999.9447405703887
340,10721,9000,9000,0,0,0,0,0,187354,9,10712,9,12,12,21,1721,2,0,1041,12,12,12,10,10,18,1,9000,9,9,9,0,21,0,21,9000,9,9000,9,187354,9,223495,999.9447405703887
350,10885,10000,10000,0,0,0,0,0,208354,10,10875,10,12,12,22,885,1,1000,734,12,12,12,11,11,28,1,10000,10,10,10,0,22,0,22,10000,10,10000,10,208354,10,226939,999.9447405703887
360,11247,10000,10000,0,0,0,0,0,208354,10,11237,10,13,13,23,1247,2,0,1019,13,13,13,11,11,6,1,10000,10,10,10,0,23,0,23,10000,10,10000,10,208354,10,234541,999.9447405703887
370,11616,10000,10000,0,0,0,0,0,208354,10,11606,10,13,13,23,1616,2,0,1019,13,13,13,11,11,16,1,10000,10,10,10,0,23,0,23,10000,10,10000,10,208354,10,242290,999.9447405703887
380,11873,10000,10000,0,0,0,0,0,208354,10,11863,10,13,13,24,874,1,1000,865,13,13,13,12,12,26,1,10000,10,10,10,0,24,0,24,10000,10,10000,10,208354,10,247708,999.9447405703887
390,12137,11000,11000,0,0,0,0,0,229354,11,12126,11,14,14,25,1137,2,0,1064,14,14,14,12,12,2,1,11000,11,11,11,0,25,0,25,11000,11,11000,11,229354,11,253231,999.9447405703887
400,12508,11000,11000,0,0,0,0,0,229354,11,12497,11,14,14,25,1508,2,0,1064,14,14,14,12,12,12,1,11000,11,11,11,0,25,0,25,11000,11,11000,11,229354,11,261022,999.9447405703887
410,12873,11000,11000,0,0,0,0,0,229354,11,12862,11,14,14,25,1873,2,0,1064,14,14,14,12,12,22,1,11000,11,11,11,0,25,0,25,11000,11,11000,11,229354,11,268687,999.9447405703887
420,13075,12000,12000,0,0,0,0,0,250354,12,13063,12,15,15,27,1075,2,0,1055,15,15,15,13,13,0,1,12000,12,12,12,0,27,0,27,12000,12,12000,12,250354,12,272950,999.9447405703887
430,13403,12000,12000,0,0,0,0,0,250354,12,13391,12,15,15,27,1403,2,0,1055,15,15,15,13,13,8,1,12000,12,12,12,0,27,0,27,12000,12,12000,12,250354,12,279859,999.9447405703887
440,13595,12000,12000,0,0,0,0,0,250354,12,13583,12,15,15,28,596,1,1000,469,15,15,15,14,14,20,1,12000,12,12,12,0,28,0,28,12000,12,12000,12,250354,12,283891,999.9447405703887
450,13964,12000,12000,0,0,0,0,0,250354,12,13952,12,15,15,28,965,1,1000,469,15,15,15,14,14,30,1,12000,12,12,12,0,28,0,28,12000,12,12000,12,250354,12,291619,999.9447405703887
460,14331,12000,12000,0,0,0,0,0,250354,12,14319,12,16,16,29,1332,2,0,1024,16,16,16,14,14,8,1,12000,12,12,12,0,29,0,29,12000,12,12000,12,250354,12,299326,999.9447405703887
471,14692,12000,12000,0,0,0,0,0,250354,12,14680,12,16,16,29,1693,2,0,1024,16,16,16,14,14,18,1,12000,12,12,12,0,29,0,29,12000,12,12000,12,250354,12,306952,999.9447405703887
480,14968,12000,12000,0,0,0,0,0,250354,12,14956,12,16,16,30,970,1,1000,965,16,16,16,15,15,26,1,12000,12,12,12,0,30,0,30,12000,12,12000,12,250354,12,313046,0
490,15210,13000,13000,0,0,0,0,0,271354,13,15197,13,17,17,31,1211,2,0,1073,17,17,17,15,15,2,1,13000,13,13,13,0,31,0,31,13000,13,13000,13,271354,13,318348,999.9447405703887
500,15571,13000,13000,0,0,0,0,0,271354,13,15558,13,17,17,31,1572,2,0,1073,17,17,17,15,15,14,1,13000,13,13,13,0,31,0,31,13000,13,13000,13,271354,13,326312,999.9447405703887
511,15759,13000,13000,0,0,0,0,0,271354,13,15746,13,17,17,32,761,1,1000,685,17,17,17,16,16,24,1,13000,13,13,13,0,32,0,32,13000,13,13000,13,271354,13,330448,999.9447405703887
520,16088,13000,13000,0,0,0,0,0,271354,13,16075,13,18,18,33,1090,2,0,1029,18,18,18,16,16,0,1,13000,13,13,13,0,33,0,33,13000,13,13000,13,271354,13,337686,999.9447405703887
530,16444,13000,13000,0,0,0,0,0,271354,13,16431,13,18,18,33,1446,2,0,1029,18,18,18,16,16,10,1,13000,13,13,13,0,33,0,33,13000,13,13000,13,271354,13,345540,999.9447405703887
540,16789,13000,13000,0,0,0,0,0,271354,13,16776,13,18,18,34,792,1,1000,786,18,18,18,17,17,22,1,13000,13,13,13,0,34,0,34,13000,13,13000,13,271354,13,353130,999.9447405703887
550,17017,14000,14000,0,0,0,0,0,293354,14,17003,14,19,19,35,1019,2,0,1006,19,19,19,17,17,0,1,14000,14,14,14,0,35,0,35,14000,14,14000,14,293354,14,358146,999.9447405703887
560,17346,14000,14000,0,0,0,0,0,293354,14,17332,14,19,19,35,1348,2,0,1006,19,19,19,17,17,8,1,14000,14,14,14,0,35,0,35,14000,14,14000,14,293354,14,365362,999.9447405703887
570,17708,14000,14000,0,0,0,0,0,293354,14,17694,14,19,19,35,1710,2,0,1006,19,19,19,17,17,18,1,14000,14,14,14,0,35,0,35,14000,14,14000,14,293354,14,373326,999.9447405703887
580,17890,14000,14000,0,0,0,0,0,293354,14,17876,14,19,19,36,893,1,1000,866,19,19,19,18,18,28,1,14000,14,14,14,0,36,0,36,14000,14,14000,14,293354,14,377374,999.9447405703887
590,18264,14000,14000,0,0,0,0,0,293354,14,18250,14,20,20,37,1267,2,0,1056,20,20,20,18,18,6,1,14000,14,14,14,0,37,0,37,14000,14,14000,14,293354,14,385580,999.9447405703887
600,18589,14000,14000,0,0,0,0,0,293354,14,18575,14,20,20,37,1592,2,0,1056,20,20,20,18,18,14,1,14000,14,14,14,0,37,0,37,14000,14,14000,14,293354,14,392730,999.9447405703887
610,18765,14000,14000,0,0,0,0,0,293354,14,18751,14,20,20,38,769,1,1000,766,20,20,20,19,19,24,1,14000,14,14,14,0,38,0,38,14000,14,14000,14,293354,14,396624,0
620,19030,14000,14000,0,0,0,0,0,293354,14,19016,14,21,21,39,1034,2,0,1008,21,21,21,19,19,0,1,14000,14,14,14,0,39,0,39,14000,14,14000,14,293354,14,402454,0
630,19397,14000,14000,0,0,0,0,0,293354,14,19383,14,21,21,39,1401,2,0,1008,21,21,21,19,19,10,1,14000,14,14,14,0,39,0,39,14000,14,14000,14,293354,14,410528,0
640,19729,14000,14000,0,0,0,0,0,293354,14,19715,14,21,21,39,1733,2,0,1008,21,21,21,19,19,20,1,14000,14,14,14,0,39,0,39,14000,14,14000,14,293354,14,417832,0
650,19918,14000,14000,0,0,0,0,0,293354,14,19904,14,21,21,40,923,1,1000,837,21,21,21,20,20,30,1,14000,14,14,14,0,40,0,40,14000,14,14000,14,293354,14,422012,0
660,20275,14000,14000,0,0,0,0,0,293354,14,20261,14,22,22,41,1280,2,0,1050,22,22,22,20,20,6,1,14000,14,14,14,0,41,0,41,14000,14,14000,14,293354,14,429866,0
670,20645,14000,14000,0,0,0,0,0,293354,14,20631,14,22,22,41,1650,2,0,1050,22,22,22,20,20,16,1,14000,14,14,14,0,41,0,41,14000,14,14000,14,293354,14,438006,0
680,20926,14000,14000,0,0,0,0,0,293354,14,20912,14,22,22,42,932,1,1000,927,22,22,22,21,21,26,1,14000,14,14,14,0,42,0,42,14000,14,14000,14,293354,14,444210,0
690,21157,14000,14000,0,0,0,0,0,293354,14,21143,14,23,23,43,1163,2,0,1005,23,23,23,21,21,4,1,14000,14,14,14,0,43,0,43,14000,14,14000,14,293354,14,449314,0
700,21526,14000,14000,0,0,0,0,0,293354,14,21512,14,23,23,43,1532,2,0,1005,23,23,23,21,21,14,1,14000,14,14,14,0,43,0,43,14000,14,14000,14,293354,14,457410,0
710,21890,14000,14000,0,0,0,0,0,293354,14,21876,14,23,23,43,1896,2,0,1005,23,23,23,21,21,24,1,14000,14,14,14,0,43,0,43,14000,14,14000,14,293354,14,465418,0
720,22039,14000,14000,0,0,0,0,0,293354,14,22025,14,23,23,44,1046,2,1000,928,23,24,23,22,22,32,1,14000,14,14,14,0,44,0,44,14000,14,14000,14,293354,14,468718,0
730,22405,14000,14000,0,0,0,0,0,293354,14,22391,14,24,24,45,1412,2,0,1055,24,24,24,22,22,10,1,14000,14,14,14,0,45,0,45,14000,14,14000,14,293354,14,476770,0
740,22631,14000,14000,0,0,0,0,0,293354,14,22617,14,24,24,46,639,1,1000,633,24,24,24,23,23,20,1,14000,14,14,14,0,46,0,46,14000,14,14000,14,293354,14,481764,0
750,22966,14000,14000,0,0,0,0,0,293354,14,22952,14,24,24,46,974,1,1000,633,24,24,24,23,23,30,1,14000,14,14,14,0,46,0,46,14000,14,14000,14,293354,14,489156,0
760,23299,14000,14000,0,0,0,0,0,293354,14,23285,14,25,25,47,1307,2,0,1033,25,25,25,23,23,6,1,14000,14,14,14,0,47,0,47,14000,14,14000,14,293354,14,496460,0
770,23666,14000,14000,0,0,0,0,0,293354,14,23652,14,25,25,47,1674,2,0,1033,25,25,25,23,23,16,1,14000,14,14,14,0,47,0,47,14000,14,14000,14,293354,14,504534,0
780,24034,14000,14000,0,0,0,0,0,293354,14,24020,14,25,25,47,2042,3,0,1033,25,26,25,23,23,26,1,14000,14,14,14,0,47,0,47,14000,14,14000,14,293354,14,512652,0
790,24228,14000,14000,0,0,0,0,0,293354,14,24214,14,26,26,49,1237,2,1000,1105,26,26,26,24,24,10,1,14000,14,14,14,0,49,0,49,14000,14,14000,14,293354,14,516920,0
800,24587,14000,14000,0,0,0,0,0,293354,14,24573,14,26,26,49,1596,2,1000,1105,26,26,26,24,24,20,1,14000,14,14,14,0,49,0,49,14000,14,14000,14,293354,14,524818,0
810,24745,14000,14000,0,0,0,0,0,293354,14,24731,14,26,26,50,755,1,1000,610,26,26,26,25,25,28,1,14000,14,14,14,0,50,0,50,14000,14,14000,14,293354,14,528316,0
820,25100,14000,14000,0,0,0,0,0,293354,14,25086,14,27,27,51,1110,2,0,1050,27,27,27,25,25,0,1,14000,14,14,14,0,51,0,51,14000,14,14000,14,293354,14,536126,0
830,25465,14000,14000,0,0,0,0,0,293354,14,25451,14,27,27,51,1475,2,0,1050,27,27,27,25,25,12,1,14000,14,14,14,0,51,0,51,14000,14,14000,14,293354,14,544156,0
840,25685,14000,14000,0,0,0,0,0,293354,14,25671,14,27,27,52,696,1,1000,690,27,27,27,26,26,22,1,14000,14,14,14,0,52,0,52,14000,14,14000,14,293354,14,549018,0
850,25975,15000,15000,0,0,0,0,0,315354,15,25960,15,27,27,52,985,1,1000,690,27,27,27,26,26,30,1,15000,15,15,15,0,52,0,52,15000,15,15000,15,315354,15,555376,999.9447405703887
860,26327,15000,15000,0,0,0,0,0,315354,15,26312,15,28,28,53,1337,2,0,1012,28,28,28,26,26,8,1,15000,15,15,15,0,53,0,53,15000,15,15000,15,315354,15,563142,999.9447405703887
870,26690,15000,15000,0,0,0,0,0,315354,15,26675,15,28,28,53,1700,2,0,1012,28,28,28,26,26,18,1,15000,15,15,15,0,53,0,53,15000,15,15000,15,315354,15,571106,999.9447405703887
880,26883,15000,15000,0,0,0,0,0,315354,15,26868,15,28,28,54,894,1,1000,743,28,28,28,27,27,28,1,15000,15,15,15,0,54,0,54,15000,15,15000,15,315354,15,575418,999.9447405703887
890,27213,15000,15000,0,0,0,0,0,315354,15,27198,15,29,29,55,1224,2,0,1035,29,29,29,27,27,4,1,15000,15,15,15,0,55,0,55,15000,15,15000,15,315354,15,582656,999.9447405703887
900,27572,15000,15000,0,0,0,0,0,315354,15,27557,15,29,29,55,1583,2,0,1035,29,29,29,27,27,14,1,15000,15,15,15,0,55,0,55,15000,15,15000,15,315354,15,590532,999.9447405703887
910,27665,15000,15000,0,0,0,0,0,315354,15,27650,15,29,29,56,677,1,1000,615,29,29,29,28,28,25,1,15000,15,15,15,0,56,0,56,15000,15,15000,15,315354,15,592622,0
920,28025,15000,15000,0,0,0,0,0,315354,15,28010,15,30,30,57,1037,2,0,1004,30,30,30,28,28,0,1,15000,15,15,15,0,57,0,57,15000,15,15000,15,315354,15,600520,0
930,28353,15000,15000,0,0,0,0,0,315354,15,28338,15,30,30,57,1365,2,0,1004,30,30,30,28,28,10,1,15000,15,15,15,0,57,0,57,15000,15,15000,15,315354,15,607736,0
940,28649,15000,15000,0,0,0,0,0,315354,15,28634,15,30,30,58,662,1,1000,659,30,30,30,29,29,20,1,15000,15,15,15,0,58,0,58,15000,15,15000,15,315354,15,614270,0
950,28909,15000,15000,0,0,0,0,0,315354,15,28894,15,30,30,58,922,1,1000,659,30,30,30,29,29,30,1,15000,15,15,15,0,58,0,58,15000,15,15000,15,315354,15,620012,0
960,29276,15000,15000,0,0,0,0,0,315354,15,29261,15,31,31,59,1289,2,0,1050,31,31,31,29,29,6,1,15000,15,15,15,0,59,0,59,15000,15,15000,15,315354,15,628064,0
970,29638,15000,15000,0,0,0,0,0,315354,15,29623,15,31,31,59,1651,2,0,1050,31,31,31,29,29,16,1,15000,15,15,15,0,59,0,59,15000,15,15000,15,315354,15,636028,0
980,29803,15000,15000,0,0,0,0,0,315354,15,29788,15,31,31,60,817,1,1000,712,31,31,31,30,30,26,1,15000,15,15,15,0,60,0,60,15000,15,15000,15,315354,15,639680,0
990,30169,15000,15000,0,0,0,0,0,315354,15,30154,15,32,32,61,1183,2,0,1028,32,32,32,30,30,4,1,15000,15,15,15,0,61,0,61,15000,15,15000,15,315354,15,647732,0
1000,30535,15000,15000,0,0,0,0,0,315354,15,30520,15,32,32,61,1549,2,0,1028,32,32,32,30,30,14,1,15000,15,15,15,0,61,0,61,15000,15,15000,15,315354,15,655784,0
1010,30762,15000,15000,0,0,0,0,0,315354,15,30747,15,32,32,62,777,1,1000,771,32,32,32,31,31,24,1,15000,15,15,15,0,62,0,62,15000,15,15000,15,315354,15,660800,0
1020,31054,15000,15000,0,0,0,0,0,315354,15,31039,15,33,33,63,1069,2,0,1007,33,33,33,31,31,0,1,15000,15,15,15,0,63,0,63,15000,15,15000,15,315354,15,667224,0
1030,31427,15000,15000,0,0,0,0,0,315354,15,31412,15,33,33,63,1442,2,0,1007,33,33,33,31,31,12,1,15000,15,15,15,0,63,0,63,15000,15,15000,15,315354,15,675430,0
1040,31792,15000,15000,0,0,0,0,0,315354,15,31777,15,33,33,63,1807,2,0,1007,33,33,33,31,31,21,1,15000,15,15,15,0,63,0,63,15000,15,15000,15,315354,15,683460,0
1050,31982,15000,15000,0,0,0,0,0,315354,15,31967,15,33,33,64,998,1,1000,815,33,33,33,32,32,32,1,15000,15,15,15,0,64,0,64,15000,15,15000,15,315354,15,687662,0
1061,32350,15000,15000,0,0,0,0,0,315354,15,32335,15,34,34,65,1366,2,0,1059,34,34,34,32,32,8,1,15000,15,15,15,0,65,0,65,15000,15,15000,15,315354,15,695780,0
1070,32685,15000,15000,0,0,0,0,0,315354,15,32670,15,34,34,65,1701,2,0,1059,34,34,34,32,32,16,1,15000,15,15,15,0,65,0,65,15000,15,15000,15,315354,15,703172,0
1080,32873,15000,15000,0,0,0,0,0,315354,15,32858,15,34,34,66,890,1,1000,857,34,34,34,33,33,26,1,15000,15,15,15,0,66,0,66,15000,15,15000,15,315354,15,707286,0
1090,33244,15000,15000,0,0,0,0,0,315354,15,33229,15,35,35,67,1261,2,0,1037,35,35,35,33,33,6,1,15000,15,15,15,0,67,0,67,15000,15,15000,15,315354,15,715470,0
1101,33608,15000,15000,0,0,0,0,0,315354,15,33593,15,35,35,67,1625,2,0,1037,35,35,35,33,33,16,1,15000,15,15,15,0,67,0,67,15000,15,15000,15,315354,15,723456,0
1110,33887,15000,15000,0,0,0,0,0,315354,15,33872,15,35,35,68,905,1,1000,892,35,35,35,34,34,24,1,15000,15,15,15,0,68,0,68,15000,15,15000,15,315354,15,729616,0
1120,34132,15000,15000,0,0,0,0,0,315354,15,34117,15,36,36,69,1150,2,0,1016,36,36,36,34,34,2,1,15000,15,15,15,0,69,0,69,15000,15,15000,15,315354,15,735006,0
1130,34504,15000,15000,0,0,0,0,0,315354,15,34489,15,36,36,69,1522,2,0,1016,36,36,36,34,34,12,1,15000,15,15,15,0,69,0,69,15000,15,15000,15,315354,15,743190,0
1140,34704,15000,15000,0,0,0,0,0,315354,15,34689,15,36,36,70,723,1,1000,715,36,36,36,35,35,24,1,15000,15,15,15,0,70,0,70,15000,15,15000,15,315354,15,747612,0
1150,35025,15000,15000,0,0,0,0,0,315354,15,35010,15,36,36,70,1044,2,1000,715,36,37,36,35,35,32,1,15000,15,15,15,0,70,0,70,15000,15,15000,15,315354,15,754696,0
1160,35395,15000,15000,0,0,0,0,0,315354,15,35380,15,37,37,71,1414,2,0,1071,37,37,37,35,35,8,1,15000,15,15,15,0,71,0,71,15000,15,15000,15,315354,15,762814,0
1170,35762,15000,15000,0,0,0,0,0,315354,15,35747,15,37,37,71,1781,2,0,1071,37,37,37,35,35,18,1,15000,15,15,15,0,71,0,71,15000,15,15000,15,315354,15,770910,0
1180,35964,15000,15000,0,0,0,0,0,315354,15,35949,15,37,37,72,984,1,1000,941,37,37,37,36,36,28,1,15000,15,15,15,0,72,0,72,15000,15,15000,15,315354,15,775354,0
1190,36298,15000,15000,0,0,0,0,0,315354,15,36283,15,38,38,73,1318,2,0,1062,38,38,38,36,36,6,1,15000,15,15,15,0,73,0,73,15000,15,15000,15,315354,15,782702,0
1200,36669,15000,15000,0,0,0,0,0,315354,15,36654,15,38,38,73,1689,2,0,1062,38,38,38,36,36,16,1,15000,15,15,15,0,73,0,73,15000,15,15000,15,315354,15,790864,0
1210,36748,15000,15000,0,0,0,0,0,315354,15,36733,15,38,38,74,769,1,1000,719,38,38,38,37,37,26,1,15000,15,15,15,0,74,0,74,15000,15,15000,15,315354,15,792646,0
1220,37121,15000,15000,0,0,0,0,0,315354,15,37106,15,39,39,75,1142,2,0,1026,39,39,39,37,37,2,1,15000,15,15,15,0,75,0,75,15000,15,15000,15,315354,15,800830,0
1230,37456,15000,15000,0,0,0,0,0,315354,15,37441,15,39,39,75,1477,2,0,1026,39,39,39,37,37,12,1,15000,15,15,15,0,75,0,75,15000,15,15000,15,315354,15,808200,0
1240,37793,15000,15000,0,0,0,0,0,315354,15,37778,15,39,39,76,815,1,1000,808,39,39,39,38,38,22,1,15000,15,15,15,0,76,0,76,15000,15,15000,15,315354,15,815636,0
1250,38023,15000,15000,0,0,0,0,0,315354,15,38008,15,40,40,77,1045,2,0,1016,40,40,40,38,38,0,1,15000,15,15,15,0,77,0,77,15000,15,15000,15,315354,15,820696,0
1260,38388,15000,15000,0,0,0,0,0,315354,15,38373,15,40,40,77,1410,2,0,1016,40,40,40,38,38,10,1,15000,15,15,15,0,77,0,77,15000,15,15000,15,315354,15,828726,0
1271,38762,15000,15000,0,0,0,0,0,315354,15,38747,15,40,40,77,1784,2,0,1016,40,40,40,38,38,20,1,15000,15,15,15,0,77,0,77,15000,15,15000,15,315354,15,836954,0
1280,38918,15000,15000,0,0,0,0,0,315354,15,38903,15,40,40,78,941,1,1000,825,40,40,40,39,39,30,1,15000,15,15,15,0,78,0,78,15000,15,15000,15,315354,15,840408,0
1290,39286,15000,15000,0,0,0,0,0,315354,15,39271,15,41,41,79,1309,2,0,1006,41,41,41,39,39,8,1,15000,15,15,15,0,79,0,79,15000,15,15000,15,315354,15,848504,0
1300,39654,15000,15000,0,0,0,0,0,315354,15,39639,15,41,41,79,1677,2,0,1006,41,41,41,39,39,18,1,15000,15,15,15,0,79,0,79,15000,15,15000,15,315354,15,856600,0
1310,39842,15000,15000,0,0,0,0,0,315354,15,39827,15,41,41,80,866,1,1000,809,41,41,41,40,40,28,1,15000,15,15,15,0,80,0,80,15000,15,15000,15,315354,15,860758,0
1320,40177,15000,15000,0,0,0,0,0,315354,15,40162,15,42,42,81,1201,2,0,1048,42,42,42,40,40,4,1,15000,15,15,15,0,81,0,81,15000,15,15000,15,315354,15,868128,0
1330,40546,15000,15000,0,0,0,0,0,315354,15,40531,15,42,42,81,1570,2,0,1048,42,42,42,40,40,14,1,15000,15,15,15,0,81,0,81,15000,15,15000,15,315354,15,876268,0
1340,40873,15000,15000,0,0,0,0,0,315354,15,40858,15,42,42,82,898,1,1000,883,42,42,42,41,41,24,1,15000,15,15,15,0,82,0,82,15000,15,15000,15,315354,15,883462,0
1350,41115,15000,15000,0,0,0,0,0,315354,15,41100,15,43,43,83,1140,2,0,1042,43,43,43,41,41,2,1,15000,15,15,15,0,83,0,83,15000,15,15000,15,315354,15,888786,0
1360,41444,15000,15000,0,0,0,0,0,315354,15,41429,15,43,43,83,1469,2,0,1042,43,43,43,41,41,10,1,15000,15,15,15,0,83,0,83,15000,15,15000,15,315354,15,896024,0
1370,41806,15000,15000,0,0,0,0,0,315354,15,41791,15,43,43,83,1831,2,0,1042,43,43,43,41,41,20,1,15000,15,15,15,0,83,0,83,15000,15,15000,15,315354,15,903988,0
1380,41996,15000,15000,0,0,0,0,0,315354,15,41981,15,44,44,85,1022,2,0,1013,44,44,44,42,42,0,1,15000,15,15,15,0,85,0,85,15000,15,15000,15,315354,15,908190,0
1390,42365,15000,15000,0,0,0,0,0,315354,15,42350,15,44,44,85,1391,2,0,1013,44,44,44,42,42,10,1,15000,15,15,15,0,85,0,85,15000,15,15000,15,315354,15,916330,0
1400,42688,15000,15000,0,0,0,0,0,315354,15,42673,15,44,44,85,1714,2,0,1013,44,44,44,42,42,18,1,15000,15,15,15,0,85,0,85,15000,15,15000,15,315354,15,923480,0
1410,42921,15000,15000,0,0,0,0,0,315354,15,42906,15,44,44,86,948,1,1000,922,44,44,44,43,43,28,1,15000,15,15,15,0,86,0,86,15000,15,15000,15,315354,15,928562,0
1420,43267,15000,15000,0,0,0,0,0,315354,15,43252,15,45,45,87,1294,2,0,1009,45,45,45,43,43,6,1,15000,15,15,15,0,87,0,87,15000,15,15000,15,315354,15,936174,0
1430,43632,15000,15000,0,0,0,0,0,315354,15,43617,15,45,45,87,1659,2,0,1009,45,45,45,43,43,18,1,15000,15,15,15,0,87,0,87,15000,15,15000,15,315354,15,944204,0
1440,43825,15000,15000,0,0,0,0,0,315354,15,43810,15,45,45,88,853,1,1000,782,45,45,45,44,44,28,1,15000,15,15,15,0,88,0,88,15000,15,15000,15,315354,15,948472,0
1450,44161,15000,15000,0,0,0,0,0,315354,15,44146,15,46,46,89,1189,2,0,1059,46,46,46,44,44,2,1,15000,15,15,15,0,89,0,89,15000,15,15000,15,315354,15,955886,0
1460,44524,15000,15000,0,0,0,0,0,315354,15,44509,15,46,46,89,1552,2,0,1059,46,46,46,44,44,12,1,15000,15,15,15,0,89,0,89,15000,15,15000,15,315354,15,963850,0
1470,44903,15000,15000,0,0,0,0,0,315354,15,44888,15,46,46,89,1931,2,0,1059,46,46,46,44,44,22,1,15000,15,15,15,0,89,0,89,15000,15,15000,15,315354,15,972188,0
1480,45089,15000,15000,0,0,0,0,0,315354,15,45074,15,47,47,91,1118,2,0,1051,47,47,47,45,45,0,1,15000,15,15,15,0,91,0,91,15000,15,15000,15,315354,15,976302,0
1490,45422,15000,15000,0,0,0,0,0,315354,15,45407,15,47,47,91,1451,2,0,1051,47,47,47,45,45,10,1,15000,15,15,15,0,91,0,91,15000,15,15000,15,315354,15,983628,0
1500,45782,15000,15000,0,0,0,0,0,315354,15,45767,15,47,47,91,1811,2,0,1051,47,47,47,45,45,20,1,15000,15,15,15,0,91,0,91,15000,15,15000,15,315354,15,991548,0
1510,45875,15000,15000,0,0,0,0,0,315354,15,45860,15,47,47,92,905,1,1000,827,47,47,47,46,46,30,1,15000,15,15,15,0,92,0,92,15000,15,15000,15,315354,15,993616,0
1520,46245,15000,15000,0,0,0,0,0,315354,15,46230,15,48,48,93,1275,2,0,1017,48,48,48,46,46,6,1,15000,15,15,15,0,93,0,93,15000,15,15000,15,315354,15,1001756,0
1530,46576,15000,15000,0,0,0,0,0,315354,15,46561,15,48,48,93,1606,2,0,1017,48,48,48,46,46,16,1,15000,15,15,15,0,93,0,93,15000,15,15000,15,315354,15,1009038,0
1540,46770,15000,15000,0,0,0,0,0,315354,15,46755,15,48,48,94,801,1,1000,790,48,48,48,47,47,26,1,15000,15,15,15,0,94,0,94,15000,15,15000,15,315354,15,1013328,0
1550,47134,15000,15000,0,0,0,0,0,315354,15,47119,15,49,49,95,1165,2,0,1002,49,49,49,47,47,4,1,15000,15,15,15,0,95,0,95,15000,15,15000,15,315354,15,1021336,0
1560,47505,15000,15000,0,0,0,0,0,315354,15,47490,15,49,49,95,1536,2,0,1002,49,49,49,47,47,14,1,15000,15,15,15,0,95,0,95,15000,15,15000,15,315354,15,1029498,0
1570,47779,15000,15000,0,0,0,0,0,315354,15,47764,15,49,49,96,811,1,1000,797,49,49,49,48,48,24,1,15000,15,15,15,0,96,0,96,15000,15,15000,15,315354,15,1035548,0
1580,48030,15000,15000,0,0,0,0,0,315354,15,48015,15,50,50,97,1062,2,0,1054,50,50,50,48,48,0,1,15000,15,15,15,0,97,0,97,15000,15,15000,15,315354,15,1041070,0
1590,48404,15000,15000,0,0,0,0,0,315354,15,48389,15,50,50,97,1436,2,0,1054,50,50,50,48,48,10,1,15000,15,15,15,0,97,0,97,15000,15,15000,15,315354,15,1049298,0
1600,48771,15000,15000,0,0,0,0,0,315354,15,48756,15,50,50,98,804,1,1000,801,50,50,50,49,49,20,1,15000,15,15,15,0,98,0,98,15000,15,15000,15,315354,15,1057394,0
1610,48955,15000,15000,0,0,0,0,0,315354,15,48940,15,50,50,98,988,1,1000,801,50,50,50,49,49,30,1,15000,15,15,15,0,98,0,98,15000,15,15000,15,315354,15,1061486,0
1620,49283,15000,15000,0,0,0,0,0,315354,15,49268,15,51,51,99,1316,2,0,1035,51,51,51,49,49,6,1,15000,15,15,15,0,99,0,99,15000,15,15000,15,315354,15,1068658,0
1630,49664,15000,15000,0,0,0,0,0,315354,15,49649,15,51,51,99,1697,2,0,1035,51,51,51,49,49,18,1,15000,15,15,15,0,99,0,99,15000,15,15000,15,315354,15,1077040,0
1640,49852,15000,15000,0,0,0,0,0,315354,15,49837,15,51,51,100,886,1,1000,813,51,51,51,50,50,28,1,15000,15,15,15,0,100,0,100,15000,15,15000,15,315354,15,1081198,0
1650,50217,15000,15000,0,0,0,0,0,315354,15,50202,15,52,52,101,1251,2,0,1011,52,52,52,50,50,6,1,15000,15,15,15,0,101,0,101,15000,15,15000,15,315354,15,1089250,0
1660,50547,15000,15000,0,0,0,0,0,315354,15,50532,15,52,52,101,1581,2,0,1011,52,52,52,50,50,14,1,15000,15,15,15,0,101,0,101,15000,15,15000,15,315354,15,1096488,0
1670,50768,15000,15000,0,0,0,0,0,315354,15,50753,15,52,52,102,803,1,1000,796,52,52,52,51,51,26,1,15000,15,15,15,0,102,0,102,15000,15,15000,15,315354,15,1101372,0
1680,51106,15000,15000,0,0,0,0,0,315354,15,51091,15,53,53,103,1141,2,0,1069,53,53,53,51,51,2,1,15000,15,15,15,0,103,0,103,15000,15,15000,15,315354,15,1108808,0
1690,51479,15000,15000,0,0,0,0,0,315354,15,51464,15,53,53,103,1514,2,0,1069,53,53,53,51,51,12,1,15000,15,15,15,0,103,0,103,15000,15,15000,15,315354,15,1117014,0
1700,51763,15000,15000,0,0,0,0,0,315354,15,51748,15,53,53,104,799,1,1000,795,53,53,53,52,52,20,1,15000,15,15,15,0,104,0,104,15000,15,15000,15,315354,15,1123284,0
1710,51999,15000,15000,0,0,0,0,0,315354,15,51984,15,53,53,104,1035,2,1000,795,53,54,53,52,52,30,1,15000,15,15,15,0,104,0,104,15000,15,15000,15,315354,15,1128520,0
1720,52363,15000,15000,0,0,0,0,0,315354,15,52348,15,54,54,105,1399,2,0,1047,54,54,54,52,52,8,1,15000,15,15,15,0,105,0,105,15000,15,15000,15,315354,15,1136484,0
1730,52730,15000,15000,0,0,0,0,0,315354,15,52715,15,54,54,105,1766,2,0,1047,54,54,54,52,52,20,1,15000,15,15,15,0,105,0,105,15000,15,15000,15,315354,15,1144558,0
1740,52936,15000,15000,0,0,0,0,0,315354,15,52921,15,54,54,106,973,1,1000,769,54,54,54,53,53,28,1,15000,15,15,15,0,106,0,106,15000,15,15000,15,315354,15,1149112,0
1750,53267,15000,15000,0,0,0,0,0,315354,15,53252,15,55,55,107,1304,2,0,1033,55,55,55,53,53,6,1,15000,15,15,15,0,107,0,107,15000,15,15000,15,315354,15,1156394,0
1760,53638,15000,15000,0,0,0,0,0,315354,15,53623,15,55,55,107,1675,2,0,1033,55,55,55,53,53,16,1,15000,15,15,15,0,107,0,107,15000,15,15000,15,315354,15,1164556,0
1770,53824,15000,15000,0,0,0,0,0,315354,15,53809,15,55,55,108,862,1,1000,773,55,55,55,54,54,26,1,15000,15,15,15,0,108,0,108,15000,15,15000,15,315354,15,1168670,0
1780,54196,15000,15000,0,0,0,0,0,315354,15,54181,15,56,56,109,1234,2,0,1014,56,56,56,54,54,6,1,15000,15,15,15,0,109,0,109,15000,15,15000,15,315354,15,1176854,0
1790,54523,15000,15000,0,0,0,0,0,315354,15,54508,15,56,56,109,1561,2,0,1014,56,56,56,54,54,14,1,15000,15,15,15,0,109,0,109,15000,15,15000,15,315354,15,1184048,0
1800,54749,15000,15000,0,0,0,0,0,315354,15,54734,15,56,56,110,788,1,1000,779,56,56,56,55,55,24,1,15000,15,15,15,0,110,0,110,15000,15,15000,15,315354,15,1189042,0
1810,54994,15000,15000,0,0,0,0,0,315354,15,54979,15,57,57,111,1033,2,0,1004,57,57,57,55,55,0,1,15000,15,15,15,0,111,0,111,15000,15,15000,15,315354,15,1194454,0
1820,55365,15000,15000,0,0,0,0,0,315354,15,55350,15,57,57,111,1404,2,0,1004,57,57,57,55,55,10,1,15000,15,15,15,0,111,0,111,15000,15,15000,15,315354,15,1202594,0
1830,55531,15000,15000,0,0,0,0,0,315354,15,55516,15,57,57,112,571,1,1000,569,57,57,57,56,56,20,1,15000,15,15,15,0,112,0,112,15000,15,15000,15,315354,15,1206268,0
1840,55882,15000,15000,0,0,0,0,0,315354,15,55867,15,57,57,112,922,1,1000,569,57,57,57,56,56,30,1,15000,15,15,15,0,112,0,112,15000,15,15000,15,315354,15,1213990,0
1850,56257,15000,15000,0,0,0,0,0,315354,15,56242,15,58,58,113,1297,2,0,1055,58,58,58,56,56,6,1,15000,15,15,15,0,113,0,113,15000,15,15000,15,315354,15,1222240,0
1860,56614,15000,15000,0,0,0,0,0,315354,15,56599,15,58,58,113,1654,2,0,1055,58,58,58,56,56,16,1,15000,15,15,15,0,113,0,113,15000,15,15000,15,315354,15,1230094,0
1870,56805,15000,15000,0,0,0,0,0,315354,15,56790,15,58,58,114,846,1,1000,737,58,58,58,57,57,26,1,15000,15,15,15,0,114,0,114,15000,15,15000,15,315354,15,1234318,0
1880,57132,15000,15000,0,0,0,0,0,315354,15,57117,15,59,59,115,1173,2,0,1026,59,59,59,57,57,4,1,15000,15,15,15,0,115,0,115,15000,15,15000,15,315354,15,1241512,0
1890,57499,15000,15000,0,0,0,0,0,315354,15,57484,15,59,59,115,1540,2,0,1026,59,59,59,57,57,14,1,15000,15,15,15,0,115,0,115,15000,15,15000,15,315354,15,1249586,0
1900,57861,15000,15000,0,0,0,0,0,315354,15,57846,15,59,59,116,903,1,1000,897,59,59,59,58,58,24,1,15000,15,15,15,0,116,0,116,15000,15,15000,15,315354,15,1257572,0
1910,58067,15000,15000,0,0,0,0,0,315354,15,58052,15,60,60,117,1109,2,0,1012,60,60,60,58,58,2,1,15000,15,15,15,0,117,0,117,15000,15,15000,15,315354,15,1262126,0
1920,58397,15000,15000,0,0,0,0,0,315354,15,58382,15,60,60,117,1439,2,0,1012,60,60,60,58,58,10,1,15000,15,15,15,0,117,0,117,15000,15,15000,15,315354,15,1269430,0
1930,58597,15000,15000,0,0,0,0,0,315354,15,58582,15,60,60,118,641,1,1000,571,60,60,60,59,59,22,1,15000,15,15,15,0,118,0,118,15000,15,15000,15,315354,15,1273808,0
1940,58968,15000,15000,0,0,0,0,0,315354,15,58953,15,61,61,119,1011,2,0,1001,61,61,61,59,59,0,1,15000,15,15,15,0,119,0,119,15000,15,15000,15,315354,15,1281948,0
1950,59341,15000,15000,0,0,0,0,0,315354,15,59326,15,61,61,119,1384,2,0,1001,61,61,61,59,59,10,1,15000,15,15,15,0,119,0,119,15000,15,15000,15,315354,15,1290154,0
1960,59538,15000,15000,0,0,0,0,0,315354,15,59523,15,61,61,120,582,1,1000,572,61,61,61,60,60,18,1,15000,15,15,15,0,120,0,120,15000,15,15000,15,315354,15,1294510,0
1970,59869,15000,15000,0,0,0,0,0,315354,15,59854,15,61,61,120,913,1,1000,572,61,61,61,60,60,28,1,15000,15,15,15,0,120,0,120,15000,15,15000,15,315354,15,1301792,0
1980,60240,15000,15000,0,0,0,0,0,315354,15,60225,15,62,62,121,1284,2,0,1071,62,62,62,60,60,4,1,15000,15,15,15,0,121,0,121,15000,15,15000,15,315354,15,1309954,0
1990,60610,15000,15000,0,0,0,0,0,315354,15,60595,15,62,62,121,1654,2,0,1071,62,62,62,60,60,16,1,15000,15,15,15,0,121,0,121,15000,15,15000,15,315354,15,1318094,0
2000,60765,15000,15000,0,0,0,0,0,315354,15,60750,15,62,62,122,810,1,1000,670,62,62,62,61,61,24,1,15000,15,15,15,0,122,0,122,15000,15,15000,15,315354,15,1321548,0
2010,61137,15000,15000,0,0,0,0,0,315354,15,61122,15,63,63,123,1182,2,0,1051,63,63,63,61,61,2,1,15000,15,15,15,0,123,0,123,15000,15,15000,15,315354,15,1329710,0
2020,61506,15000,15000,0,0,0,0,0,315354,15,61491,15,63,63,123,1551,2,0,1051,63,63,63,61,61,12,1,15000,15,15,15,0,123,0,123,15000,15,15000,15,315354,15,1337828,0
2030,61871,15000,15000,0,0,0,0,0,315354,15,61856,15,63,63,123,1916,2,0,1051,63,63,63,61,61,22,1,15000,15,15,15,0,123,0,123,15000,15,15000,15,315354,15,1345858,0
2040,62062,15000,15000,0,0,0,0,0,315354,15,62047,15,64,64,125,1108,2,0,1059,64,64,64,62,62,4,1,15000,15,15,15,1,125,1,125,15000,15,15000,15,315354,15,1350082,0
2050,62394,15000,15000,0,0,0,0,0,315354,15,62379,15,64,64,125,1440,2,0,1059,64,64,64,62,62,14,1,15000,15,15,15,1,125,1,125,15000,15,15000,15,315354,15,1357386,0
2060,62592,15000,15000,0,0,0,0,0,315354,15,62577,15,64,64,126,639,1,1000,521,64,64,64,63,63,24,1,15000,15,15,15,1,126,1,126,15000,15,15000,15,315354,15,1361786,0
2070,62958,15000,15000,0,0,0,0,0,315354,15,62943,15,64,64,126,1005,2,1000,521,64,65,64,63,63,34,1,15000,15,15,15,1,126,1,126,15000,15,15000,15,315354,15,1369816,0
2080,63329,15000,15000,0,0,0,0,0,315354,15,63314,15,65,65,127,1376,2,0,1019,65,65,65,63,63,8,1,15000,15,15,15,1,127,1,127,15000,15,15000,15,315354,15,1377978,0
2091,63594,15000,15000,0,0,0,0,0,315354,15,63579,15,65,65,128,642,1,1000,634,65,65,65,64,64,18,1,15000,15,15,15,1,128,1,128,15000,15,15000,15,315354,15,1383830,0
2100,63857,15000,15000,0,0,0,0,0,315354,15,63842,15,65,65,128,905,1,1000,634,65,65,65,64,64,28,1,15000,15,15,15,1,128,1,128,15000,15,15000,15,315354,15,1389616,0
2110,64118,15000,15000,0,0,0,0,0,315354,15,64103,15,66,66,129,1166,2,0,1065,66,66,66,64,64,2,1,15000,15,15,15,1,129,1,129,15000,15,15000,15,315354,15,1395402,0
2120,64482,15000,15000,0,0,0,0,0,315354,15,64467,15,66,66,129,1530,2,0,1065,66,66,66,64,64,12,1,15000,15,15,15,1,129,1,129,15000,15,15000,15,315354,15,1403366,0
2130,64771,15000,15000,0,0,0,0,0,315354,15,64756,15,66,66,130,820,1,1000,814,66,66,66,65,65,22,1,15000,15,15,15,1,130,1,130,15000,15,15000,15,315354,15,1409746,0
2140,65010,15000,15000,0,0,0,0,0,315354,15,64995,15,67,67,131,1059,2,0,1042,67,67,67,65,65,0,1,15000,15,15,15,1,131,1,131,15000,15,15000,15,315354,15,1415026,0
2150,65374,15000,15000,0,0,0,0,0,315354,15,65359,15,67,67,131,1423,2,0,1042,67,67,67,65,65,10,1,15000,15,15,15,1,131,1,131,15000,15,15000,15,315354,15,1423012,0
2160,65739,15000,15000,0,0,0,0,0,315354,15,65724,15,67,67,131,1788,2,0,1042,67,67,67,65,65,20,1,15000,15,15,15,1,131,1,131,15000,15,15000,15,315354,15,1431042,0
2170,65937,15000,15000,0,0,0,0,0,315354,15,65922,15,67,67,132,987,1,1000,792,67,67,67,66,66,30,1,15000,15,15,15,1,132,1,132,15000,15,15000,15,315354,15,1435420,0
2180,66268,15000,15000,0,0,0,0,0,315354,15,66253,15,68,68,133,1318,2,0,1025,68,68,68,66,66,8,1,15000,15,15,15,1,133,1,133,15000,15,15000,15,315354,15,1442702,0
2190,66640,15000,15000,0,0,0,0,0,315354,15,66625,15,68,68,133,1690,2,0,1025,68,68,68,66,66,18,1,15000,15,15,15,1,133,1,133,15000,15,15000,15,315354,15,1450886,0
2200,66830,15000,15000,0,0,0,0,0,315354,15,66815,15,68,68,134,881,1,1000,766,68,68,68,67,67,28,1,15000,15,15,15,1,134,1,134,15000,15,15000,15,315354,15,1455088,0
2210,67198,15000,15000,0,0,0,0,0,315354,15,67183,15,69,69,135,1249,2,0,1004,69,69,69,67,67,6,1,15000,15,15,15,1,135,1,135,15000,15,15000,15,315354,15,1463184,0
2220,67533,15000,15000,0,0,0,0,0,315354,15,67518,15,69,69,135,1584,2,0,1004,69,69,69,67,67,14,1,15000,15,15,15,1,135,1,135,15000,15,15000,15,315354,15,1470576,0
2230,67733,15000,15000,0,0,0,0,0,315354,15,67718,15,69,69,136,785,1,1000,745,69,69,69,68,68,26,1,15000,15,15,15,1,136,1,136,15000,15,15000,15,315354,15,1474976,0
2240,68110,15000,15000,0,0,0,0,0,315354,15,68095,15,70,70,137,1162,2,0,1003,70,70,70,68,68,4,1,15000,15,15,15,1,137,1,137,15000,15,15000,15,315354,15,1483270,0
2250,68473,15000,15000,0,0,0,0,0,315354,15,68458,15,70,70,137,1525,2,0,1003,70,70,70,68,68,14,1,15000,15,15,15,1,137,1,137,15000,15,15000,15,315354,15,1491256,0
2260,68686,15000,15000,0,0,0,0,0,315354,15,68671,15,70,70,138,739,1,1000,732,70,70,70,69,69,24,1,15000,15,15,15,1,138,1,138,15000,15,15000,15,315354,15,1495964,0
2270,68992,15000,15000,0,0,0,0,0,315354,15,68977,15,70,70,138,1045,2,1000,732,70,71,70,69,69,32,1,15000,15,15,15,1,138,1,138,15000,15,15000,15,315354,15,1502696,0
2280,69362,15000,15000,0,0,0,0,0,315354,15,69347,15,71,71,139,1415,2,0,1051,71,71,71,69,69,10,1,15000,15,15,15,1,139,1,139,15000,15,15000,15,315354,15,1510836,0
2290,69661,15000,15000,0,0,0,0,0,315354,15,69646,15,71,71,140,715,1,1000,708,71,71,71,70,70,20,1,15000,15,15,15,1,140,1,140,15000,15,15000,15,315354,15,1517436,0
2300,69923,15000,15000,0,0,0,0,0,315354,15,69908,15,71,71,140,977,1,1000,708,71,71,71,70,70,30,1,15000,15,15,15,1,140,1,140,15000,15,15000,15,315354,15,1523200,0
2310,70253,15000,15000,0,0,0,0,0,315354,15,70238,15,72,72,141,1307,2,0,1110,72,72,72,70,70,4,1,15000,15,15,15,1,141,1,141,15000,15,15000,15,315354,15,1530482,0
2320,70613,15000,15000,0,0,0,0,0,315354,15,70598,15,72,72,142,668,1,1000,659,72,72,72,71,71,15,1,15000,15,15,15,1,142,1,142,15000,15,15000,15,315354,15,1538402,0
2330,70821,15000,15000,0,0,0,0,0,315354,15,70806,15,72,72,142,876,1,1000,659,72,72,72,71,71,24,1,15000,15,15,15,1,142,1,142,15000,15,15000,15,315354,15,1542978,0
2340,71192,15000,15000,0,0,0,0,0,315354,15,71177,15,73,73,143,1247,2,0,1022,73,73,73,71,71,6,1,15000,15,15,15,1,143,1,143,15000,15,15000,15,315354,15,1551140,0
2351,71568,15000,15000,0,0,0,0,0,315354,15,71553,15,73,73,143,1623,2,0,1022,73,73,73,71,71,16,1,15000,15,15,15,1,143,1,143,15000,15,15000,15,315354,15,1559412,0
2360,71724,15000,15000,0,0,0,0,0,315354,15,71709,15,73,73,144,780,1,1000,629,73,73,73,72,72,24,1,15000,15,15,15,1,144,1,144,15000,15,15000,15,315354,15,1562866,0
2370,72094,15000,15000,0,0,0,0,0,315354,15,72079,15,74,74,145,1150,2,0,1015,74,74,74,72,72,2,1,15000,15,15,15,1,145,1,145,15000,15,15000,15,315354,15,1571006,0
2380,72469,15000,15000,0,0,0,0,0,315354,15,72454,15,74,74,145,1525,2,0,1015,74,74,74,72,72,12,1,15000,15,15,15,1,145,1,145,15000,15,15000,15,315354,15,1579256,0
2390,72658,15000,15000,0,0,0,0,0,315354,15,72643,15,74,74,146,715,1,1000,616,74,74,74,73,73,22,1,15000,15,15,15,1,146,1,146,15000,15,15000,15,315354,15,1583436,0
2400,72995,15000,15000,0,0,0,0,0,315354,15,72980,15,75,75,147,1052,2,0,1010,75,75,75,73,73,0,1,15000,15,15,15,1,147,1,147,15000,15,15000,15,315354,15,1590872,0
2410,73259,15000,15000,0,0,0,0,0,315354,15,73244,15,75,75,147,1316,2,0,1010,75,75,75,73,73,10,1,15000,15,15,15,1,147,1,147,15000,15,15000,15,315354,15,1596658,0
2420,73447,15000,15000,0,0,0,0,0,315354,15,73432,15,75,75,148,505,1,1000,368,75,75,75,74,74,20,1,15000,15,15,15,1,148,1,148,15000,15,15000,15,315354,15,1600816,0
2430,73808,15000,15000,0,0,0,0,0,315354,15,73793,15,75,75,148,866,1,1000,368,75,75,75,74,74,30,1,15000,15,15,15,1,148,1,148,15000,15,15000,15,315354,15,1608758,0
2440,74145,15000,15000,0,0,0,0,0,315354,15,74130,15,76,76,149,1203,2,0,1050,76,76,76,74,74,4,1,15000,15,15,15,1,149,1,149,15000,15,15000,15,315354,15,1616194,0
2450,74508,15000,15000,0,0,0,0,0,315354,15,74493,15,76,76,149,1566,2,0,1050,76,76,76,74,74,14,1,15000,15,15,15,1,149,1,149,15000,15,15000,15,315354,15,1624158,0
2460,74852,15000,15000,0,0,0,0,0,315354,15,74837,15,76,76,150,911,1,1000,903,76,76,76,75,75,24,1,15000,15,15,15,1,150,1,150,15000,15,15000,15,315354,15,1631748,0
2470,75077,15000,15000,0,0,0,0,0,315354,15,75062,15,77,77,151,1136,2,0,1034,77,77,77,75,75,2,1,15000,15,15,15,1,151,1,151,15000,15,15000,15,315354,15,1636698,0
2480,75409,15000,15000,0,0,0,0,0,315354,15,75394,15,77,77,151,1468,2,0,1034,77,77,77,75,75,12,1,15000,15,15,15,1,151,1,151,15000,15,15000,15,315354,15,1644002,0
2490,75771,15000,15000,0,0,0,0,0,315354,15,75756,15,77,77,151,1830,2,0,1034,77,77,77,75,75,22,1,15000,15,15,15,1,151,1,151,15000,15,15000,15,315354,15,1651988,0
2500,75960,15000,15000,0,0,0,0,0,315354,15,75945,15,78,78,153,1020,2,0,1005,78,78,78,76,76,0,1,15000,15,15,15,1,153,1,153,15000,15,15000,15,315354,15,1656146,0
2510,76339,15000,15000,0,0,0,0,0,315354,15,76324,15,78,78,153,1399,2,0,1005,78,78,78,76,76,10,1,15000,15,15,15,1,153,1,153,15000,15,15000,15,315354,15,1664484,0
2520,76710,15000,15000,0,0,0,0,0,315354,15,76695,15,78,78,153,1770,2,0,1005,78,78,78,76,76,20,1,15000,15,15,15,1,153,1,153,15000,15,15000,15,315354,15,1672646,0
2530,76869,15000,15000,0,0,0,0,0,315354,15,76854,15,78,78,154,930,1,1000,838,78,78,78,77,77,28,1,15000,15,15,15,1,154,1,154,15000,15,15000,15,315354,15,1676166,0
2540,77242,15000,15000,0,0,0,0,0,315354,15,77227,15,79,79,155,1303,2,0,1012,79,79,79,77,77,8,1,15000,15,15,15,1,155,1,155,15000,15,15000,15,315354,15,1684394,0
2550,77614,15000,15000,0,0,0,0,0,315354,15,77599,15,79,79,155,1675,2,0,1012,79,79,79,77,77,18,1,15000,15,15,15,1,155,1,155,15000,15,15000,15,315354,15,1692556,0
2560,77803,15000,15000,0,0,0,0,0,315354,15,77788,15,79,79,156,865,1,1000,834,79,79,79,78,78,28,1,15000,15,15,15,1,156,1,156,15000,15,15000,15,315354,15,1696780,0
2570,78144,15000,15000,0,0,0,0,0,315354,15,78129,15,80,80,157,1206,2,0,1067,80,80,80,78,78,2,1,15000,15,15,15,1,157,1,157,15000,15,15000,15,315354,15,1704238,0
2580,78515,15000,15000,0,0,0,0,0,315354,15,78500,15,80,80,157,1577,2,0,1067,80,80,80,78,78,12,1,15000,15,15,15,1,157,1,157,15000,15,15000,15,315354,15,1712400,0
2590,78740,15000,15000,0,0,0,0,0,315354,15,78725,15,80,80,158,803,1,1000,795,80,80,80,79,79,22,1,15000,15,15,15,1,158,1,158,15000,15,15000,15,315354,15,1717372,0
2600,79083,15000,15000,0,0,0,0,0,315354,15,79068,15,81,81,159,1146,2,0,1061,81,81,81,79,79,2,1,15000,15,15,15,1,159,1,159,15000,15,15000,15,315354,15,1724918,0
2610,79419,15000,15000,0,0,0,0,0,315354,15,79404,15,81,81,159,1482,2,0,1061,81,81,81,79,79,10,1,15000,15,15,15,1,159,1,159,15000,15,15000,15,315354,15,1732332,0
2620,79721,15000,15000,0,0,0,0,0,315354,15,79706,15,81,81,160,785,1,1000,773,81,81,81,80,80,20,1,15000,15,15,15,1,160,1,160,15000,15,15000,15,315354,15,1738976,0
2630,79986,15000,15000,0,0,0,0,0,315354,15,79971,15,81,81,160,1050,2,1000,773,81,82,81,80,80,30,1,15000,15,15,15,1,160,1,160,15000,15,15000,15,315354,15,1744806,0
2640,80360,15000,15000,0,0,0,0,0,315354,15,80345,15,82,82,161,1424,2,0,1056,82,82,82,80,80,10,1,15000,15,15,15,1,161,1,161,15000,15,15000,15,315354,15,1753034,0
2650,80680,15000,15000,0,0,0,0,0,315354,15,80665,15,82,82,162,745,1,1000,740,82,82,82,81,81,18,1,15000,15,15,15,1,162,1,162,15000,15,15000,15,315354,15,1760096,0
2660,80894,15000,15000,0,0,0,0,0,315354,15,80879,15,82,82,162,959,1,1000,740,82,82,82,81,81,28,1,15000,15,15,15,1,162,1,162,15000,15,15000,15,315354,15,1764804,0
2670,81263,15000,15000,0,0,0,0,0,315354,15,81248,15,83,83,163,1328,2,0,1053,83,83,83,81,81,6,1,15000,15,15,15,1,163,1,163,15000,15,15000,15,315354,15,1772922,0
2680,81636,15000,15000,0,0,0,0,0,315354,15,81621,15,83,83,163,1701,2,0,1053,83,83,83,81,81,16,1,15000,15,15,15,1,163,1,163,15000,15,15000,15,315354,15,1781128,0
2690,81840,15000,15000,0,0,0,0,0,315354,15,81825,15,83,83,164,906,1,1000,708,83,83,83,82,82,26,1,15000,15,15,15,1,164,1,164,15000,15,15000,15,315354,15,1785638,0
2700,82169,15000,15000,0,0,0,0,0,315354,15,82154,15,84,84,165,1235,2,0,1052,84,84,84,82,82,4,1,15000,15,15,15,1,165,1,165,15000,15,15000,15,315354,15,1792876,0
2710,82403,15000,15000,0,0,0,0,0,315354,15,82388,15,84,84,166,470,1,1000,462,84,84,84,83,83,14,1,15000,15,15,15,1,166,1,166,15000,15,15000,15,315354,15,1798046,0
2720,82624,15000,15000,0,0,0,0,0,315354,15,82609,15,84,84,166,691,1,1000,462,84,84,84,83,83,24,1,15000,15,15,15,1,166,1,166,15000,15,15000,15,315354,15,1802908,0
2730,83001,15000,15000,0,0,0,0,0,315354,15,82986,15,85,85,167,1068,2,0,1036,85,85,85,83,83,0,1,15000,15,15,15,1,167,1,167,15000,15,15000,15,315354,15,1811246,0
2740,83334,15000,15000,0,0,0,0,0,315354,15,83319,15,85,85,167,1401,2,0,1036,85,85,85,83,83,10,1,15000,15,15,15,1,167,1,167,15000,15,15000,15,315354,15,1818550,0
2750,83704,15000,15000,0,0,0,0,0,315354,15,83689,15,85,85,167,1771,2,0,1036,85,85,85,83,83,20,1,15000,15,15,15,1,167,1,167,15000,15,15000,15,315354,15,1826668,0
2760,83937,15000,15000,0,0,0,0,0,315354,15,83922,15,86,86,169,1005,2,0,1005,86,86,86,84,84,2,1,15000,15,15,15,1,169,1,169,15000,15,15000,15,315354,15,1831816,0
2770,84267,15000,15000,0,0,0,0,0,315354,15,84252,15,86,86,169,1335,2,0,1005,86,86,86,84,84,12,1,15000,15,15,15,1,169,1,169,15000,15,15000,15,315354,15,1839076,0
2780,84458,15000,15000,0,0,0,0,0,315354,15,84443,15,86,86,170,527,1,1000,444,86,86,86,85,85,22,1,15000,15,15,15,1,170,1,170,15000,15,15000,15,315354,15,1843300,0
2790,84778,15000,15000,0,0,0,0,0,315354,15,84763,15,86,86,170,847,1,1000,444,86,86,86,85,85,32,1,15000,15,15,15,1,170,1,170,15000,15,15000,15,315354,15,1850362,0
2800,85142,15000,15000,0,0,0,0,0,315354,15,85127,15,87,87,171,1211,2,0,1064,87,87,87,85,85,4,1,15000,15,15,15,1,171,1,171,15000,15,15000,15,315354,15,1858348,0
2810,85508,15000,15000,0,0,0,0,0,315354,15,85493,15,87,87,171,1577,2,0,1064,87,87,87,85,85,14,1,15000,15,15,15,1,171,1,171,15000,15,15000,15,315354,15,1866400,0
2820,85884,15000,15000,0,0,0,0,0,315354,15,85869,15,87,87,171,1953,2,0,1064,87,87,87,85,85,24,1,15000,15,15,15,1,171,1,171,15000,15,15000,15,315354,15,1874694,0
2830,86044,15000,15000,0,0,0,0,0,315354,15,86029,15,88,88,173,1114,2,0,1005,88,88,88,86,86,6,1,15000,15,15,15,2,173,2,173,15000,15,15000,15,315354,15,1878214,0
2840,86370,15000,15000,0,0,0,0,0,315354,15,86355,15,88,88,174,441,1,1000,429,88,88,88,87,87,18,1,15000,15,15,15,2,174,2,174,15000,15,15000,15,315354,15,1885408,0
2850,86623,15000,15000,0,0,0,0,0,315354,15,86608,15,88,88,174,694,1,1000,429,88,88,88,87,87,28,1,15000,15,15,15,2,174,2,174,15000,15,15000,15,315354,15,1890974,0
2860,86999,15000,15000,0,0,0,0,0,315354,15,86984,15,89,89,175,1070,2,0,1048,89,89,89,87,87,0,1,15000,15,15,15,2,175,2,175,15000,15,15000,15,315354,15,1899246,0
2870,87324,15000,15000,0,0,0,0,0,315354,15,87309,15,89,89,175,1395,2,0,1048,89,89,89,87,87,8,1,15000,15,15,15,2,175,2,175,15000,15,15000,15,315354,15,1906396,0
2880,87691,15000,15000,0,0,0,0,0,315354,15,87676,15,89,89,175,1762,2,0,1048,89,89,89,87,87,18,1,15000,15,15,15,2,175,2,175,15000,15,15000,15,315354,15,1914492,0
2890,87904,15000,15000,0,0,0,0,0,315354,15,87889,15,89,89,176,976,1,1000,969,89,89,89,88,88,28,1,15000,15,15,15,2,176,2,176,15000,15,15000,15,315354,15,1919178,0
2900,88265,15000,15000,0,0,0,0,0,315354,15,88250,15,90,90,177,1337,2,0,1036,90,90,90,88,88,8,1,15000,15,15,15,2,177,2,177,15000,15,15000,15,315354,15,1927120,0
2910,88480,15000,15000,0,0,0,0,0,315354,15,88465,15,90,90,178,553,1,1000,545,90,90,90,89,89,16,1,15000,15,15,15,2,178,2,178,15000,15,15000,15,315354,15,1931872,0
2920,88796,15000,15000,0,0,0,0,0,315354,15,88781,15,90,90,178,869,1,1000,545,90,90,90,89,89,26,1,15000,15,15,15,2,178,2,178,15000,15,15000,15,315354,15,1938824,0
2930,89172,15000,15000,0,0,0,0,0,315354,15,89157,15,91,91,179,1245,2,0,1034,91,91,91,89,89,4,1,15000,15,15,15,2,179,2,179,15000,15,15000,15,315354,15,1947096,0
2940,89551,15000,15000,0,0,0,0,0,315354,15,89536,15,91,91,179,1624,2,0,1034,91,91,91,89,89,14,1,15000,15,15,15,2,179,2,179,15000,15,15000,15,315354,15,1955456,0
2950,89810,15000,15000,0,0,0,0,0,315354,15,89795,15,91,91,180,884,1,1000,879,91,91,91,90,90,26,1,15000,15,15,15,2,180,2,180,15000,15,15000,15,315354,15,1961154,0
2960,90063,15000,15000,0,0,0,0,0,315354,15,90048,15,92,92,181,1137,2,0,1025,92,92,92,90,90,2,1,15000,15,15,15,2,181,2,181,15000,15,15000,15,315354,15,1966720,0
2970,90436,15000,15000,0,0,0,0,0,315354,15,90421,15,92,92,181,1510,2,0,1025,92,92,92,90,90,12,1,15000,15,15,15,2,181,2,181,15000,15,15000,15,315354,15,1974926,0
2980,90631,15000,15000,0,0,0,0,0,315354,15,90616,15,92,92,182,706,1,1000,547,92,92,92,91,91,22,1,15000,15,15,15,2,182,2,182,15000,15,15000,15,315354,15,1979238,0
2990,90996,15000,15000,0,0,0,0,0,315354,15,90981,15,93,93,183,1071,2,0,1004,93,93,93,91,91,0,1,15000,15,15,15,2,183,2,183,15000,15,15000,15,315354,15,1987268,0
3000,91331,15000,15000,0,0,0,0,0,315354,15,91316,15,93,93,183,1406,2,0,1004,93,93,93,91,91,10,1,15000,15,15,15,2,183,2,183,15000,15,15000,15,315354,15,1994638,0
3010,91520,15000,15000,0,0,0,0,0,315354,15,91505,15,93,93,184,596,1,1000,592,93,93,93,92,92,20,1,15000,15,15,15,2,184,2,184,15000,15,15000,15,315354,15,1998818,0
3020,91783,15000,15000,0,0,0,0,0,315354,15,91768,15,93,93,184,859,1,1000,592,93,93,93,92,92,30,1,15000,15,15,15,2,184,2,184,15000,15,15000,15,315354,15,2004604,0
3030,92158,15000,15000,0,0,0,0,0,315354,15,92143,15,94,94,185,1234,2,0,1058,94,94,94,92,92,4,1,15000,15,15,15,2,185,2,185,15000,15,15000,15,315354,15,2012854,0
3040,92536,15000,15000,0,0,0,0,0,315354,15,92521,15,94,94,185,1612,2,0,1058,94,94,94,92,92,14,1,15000,15,15,15,2,185,2,185,15000,15,15000,15,315354,15,2021170,0
3050,92799,15000,15000,0,0,0,0,0,315354,15,92784,15,94,94,186,876,1,1000,860,94,94,94,93,93,24,1,15000,15,15,15,2,186,2,186,15000,15,15000,15,315354,15,2026978,0
3060,93072,15000,15000,0,0,0,0,0,315354,15,93057,15,95,95,187,1149,2,0,1057,95,95,95,93,93,2,1,15000,15,15,15,2,187,2,187,15000,15,15000,15,315354,15,2032984,0
3070,93448,15000,15000,0,0,0,0,0,315354,15,93433,15,95,95,187,1525,2,0,1057,95,95,95,93,93,12,1,15000,15,15,15,2,187,2,187,15000,15,15000,15,315354,15,2041256,0
3080,93645,15000,15000,0,0,0,0,0,315354,15,93630,15,95,95,188,723,1,1000,679,95,95,95,94,94,22,1,15000,15,15,15,2,188,2,188,15000,15,15000,15,315354,15,2045612,0
3090,93986,15000,15000,0,0,0,0,0,315354,15,93971,15,95,95,188,1064,2,1000,679,95,96,95,94,94,30,1,15000,15,15,15,2,188,2,188,15000,15,15000,15,315354,15,2053136,0
3100,94361,15000,15000,0,0,0,0,0,315354,15,94346,15,96,96,189,1439,2,0,1071,96,96,96,94,94,10,1,15000,15,15,15,2,189,2,189,15000,15,15000,15,315354,15,2061386,0
3110,94742,15000,15000,0,0,0,0,0,315354,15,94727,15,96,96,189,1820,2,0,1071,96,96,96,94,94,20,1,15000,15,15,15,2,189,2,189,15000,15,15000,15,315354,15,2069768,0
3120,94975,15000,15000,0,0,0,0,0,315354,15,94960,15,97,97,191,1054,2,1000,1047,97,97,97,95,95,4,1,15000,15,15,15,2,191,2,191,15000,15,15000,15,315354,15,2074894,0
3130,95281,15000,15000,0,0,0,0,0,315354,15,95266,15,97,97,191,1360,2,1000,1047,97,97,97,95,95,12,1,15000,15,15,15,2,191,2,191,15000,15,15000,15,315354,15,2081626,0
3140,95477,15000,15000,0,0,0,0,0,315354,15,95462,15,97,97,192,557,1,1000,451,97,97,97,96,96,22,1,15000,15,15,15,2,192,2,192,15000,15,15000,15,315354,15,2085960,0
3150,95840,15000,15000,0,0,0,0,0,315354,15,95825,15,97,97,192,920,1,1000,451,97,97,97,96,96,32,1,15000,15,15,15,2,192,2,192,15000,15,15000,15,315354,15,2093946,0
3160,96189,15000,15000,0,0,0,0,0,315354,15,96174,15,98,98,193,1269,2,0,1057,98,98,98,96,96,6,1,15000,15,15,15,2,193,2,193,15000,15,15000,15,315354,15,2101624,0
3170,96544,15000,15000,0,0,0,0,0,315354,15,96529,15,98,98,193,1624,2,0,1057,98,98,98,96,96,16,1,15000,15,15,15,2,193,2,193,15000,15,15000,15,315354,15,2109434,0
3180,96881,15000,15000,0,0,0,0,0,315354,15,96866,15,98,98,193,1961,2,0,1057,98,98,98,96,96,24,1,15000,15,15,15,2,193,2,193,15000,15,15000,15,315354,15,2116848,0
3190,97075,15000,15000,0,0,0,0,0,315354,15,97060,15,99,99,195,1156,2,0,1020,99,99,99,97,97,2,1,15000,15,15,15,2,195,2,195,15000,15,15000,15,315354,15,2121138,0
3200,97304,15000,15000,0,0,0,0,0,315354,15,97289,15,99,99,196,386,1,1000,380,99,99,99,98,98,12,1,15000,15,15,15,2,196,2,196,15000,15,15000,15,315354,15,2126198,0
3210,97646,15000,15000,0,0,0,0,0,315354,15,97631,15,99,99,196,728,1,1000,380,99,99,99,98,98,22,1,15000,15,15,15,2,196,2,196,15000,15,15000,15,315354,15,2133722,0
3220,97981,15000,15000,0,0,0,0,0,315354,15,97966,15,100,100,197,1063,2,0,1023,100,100,100,98,98,0,1,15000,15,15,15,2,197,2,197,15000,15,15000,15,315354,15,2141114,0
3230,98345,15000,15000,0,0,0,0,0,315354,15,98330,15,100,100,197,1427,2,0,1023,100,100,100,98,98,10,1,15000,15,15,15,2,197,2,197,15000,15,15000,15,315354,15,2149100,0
3240,98728,15000,15000,0,0,0,0,0,315354,15,98713,15,100,100,197,1810,2,0,1023,100,100,100,98,98,20,1,15000,15,15,15,2,197,2,197,15000,15,15000,15,315354,15,2157526,0
3250,98926,15000,15000,0,0,0,0,0,315354,15,98911,15,100,100,198,1009,2,1000,885,100,101,100,99,99,30,1,15000,15,15,15,2,198,2,198,15000,15,15000,15,315354,15,2161904,0
3261,99303,15000,15000,0,0,0,0,0,315354,15,99288,15,101,101,199,1386,2,0,1018,101,101,101,99,99,10,1,15000,15,15,15,2,199,2,199,15000,15,15000,15,315354,15,2170198,0
3270,99639,15000,15000,0,0,0,0,0,315354,15,99624,15,101,101,199,1722,2,0,1018,101,101,101,99,99,18,1,15000,15,15,15,2,199,2,199,15000,15,15000,15,315354,15,2177678,0
3280,99828,15000,15000,0,0,0,0,0,315354,15,99813,15,101,101,200,912,1,1000,819,101,101,101,100,100,28,1,15000,15,15,15,2,200,2,200,15000,15,15000,15,315354,15,2181770,0
3290,100204,15000,15000,0,0,0,0,0,315354,15,100189,15,102,102,201,1288,2,0,1016,102,102,102,100,100,6,1,15000,15,15,15,2,201,2,201,15000,15,15000,15,315354,15,2190042,0
3300,100569,15000,15000,0,0,0,0,0,315354,15,100554,15,102,102,201,1653,2,0,1016,102,102,102,100,100,16,1,15000,15,15,15,2,201,2,201,15000,15,15000,15,315354,15,2198072,0
3310,100627,15000,15000,0,0,0,0,0,315354,15,100612,15,102,102,202,712,1,1000,654,102,102,102,101,101,26,1,15000,15,15,15,2,202,2,202,15000,15,15000,15,315354,15,2199370,0
3320,100997,15000,15000,0,0,0,0,0,315354,15,100982,15,103,103,203,1083,2,0,1061,103,103,103,101,101,0,1,15000,15,15,15,2,203,2,203,15000,15,15000,15,315354,15,2207532,0
3330,101374,15000,15000,0,0,0,0,0,315354,15,101359,15,103,103,203,1459,2,0,1061,103,103,103,101,101,10,1,15000,15,15,15,2,203,2,203,15000,15,15000,15,315354,15,2215804,0
3340,101755,15000,15000,0,0,0,0,0,315354,15,101740,15,103,103,203,1840,2,0,1061,103,103,103,101,101,20,1,15000,15,15,15,2,203,2,203,15000,15,15000,15,315354,15,2224208,0
3350,101966,15000,15000,0,0,0,0,0,315354,15,101951,15,104,104,205,1052,2,0,1007,104,104,104,102,102,0,1,15000,15,15,15,2,205,2,205,15000,15,15000,15,315354,15,2228850,0
3360,102304,15000,15000,0,0,0,0,0,315354,15,102289,15,104,104,205,1390,2,0,1007,104,104,104,102,102,10,1,15000,15,15,15,2,205,2,205,15000,15,15000,15,315354,15,2236286,0
3370,102528,15000,15000,0,0,0,0,0,315354,15,102513,15,104,104,206,615,1,1000,610,104,104,104,103,103,20,1,15000,15,15,15,2,206,2,206,15000,15,15000,15,315354,15,2241236,0
3380,102875,15000,15000,0,0,0,0,0,315354,15,102860,15,104,104,206,962,1,1000,610,104,104,104,103,103,30,1,15000,15,15,15,2,206,2,206,15000,15,15000,15,315354,15,2248870,0
3390,103256,15000,15000,0,0,0,0,0,315354,15,103241,15,105,105,207,1343,2,0,1017,105,105,105,103,103,8,1,15000,15,15,15,2,207,2,207,15000,15,15000,15,315354,15,2257252,0
3400,103593,15000,15000,0,0,0,0,0,315354,15,103578,15,105,105,207,1680,2,0,1017,105,105,105,103,103,18,1,15000,15,15,15,2,207,2,207,15000,15,15000,15,315354,15,2264666,0
3410,103877,15000,15000,0,0,0,0,0,315354,15,103862,15,105,105,208,965,1,1000,953,105,105,105,104,104,28,1,15000,15,15,15,2,208,2,208,15000,15,15000,15,315354,15,2270936,0
3420,104176,15000,15000,0,0,0,0,0,315354,15,104161,15,106,106,209,1264,2,0,1027,106,106,106,104,104,6,1,15000,15,15,15,2,209,2,209,15000,15,15000,15,315354,15,2277514,0
3430,104436,15000,15000,0,0,0,0,0,315354,15,104421,15,106,106,210,525,1,1000,518,106,106,106,105,105,16,1,15000,15,15,15,2,210,2,210,15000,15,15000,15,315354,15,2283256,0
3440,104746,15000,15000,0,0,0,0,0,315354,15,104731,15,106,106,210,835,1,1000,518,106,106,106,105,105,26,1,15000,15,15,15,2,210,2,210,15000,15,15000,15,315354,15,2290076,0
3450,105088,15000,15000,0,0,0,0,0,315354,15,105073,15,107,107,211,1177,2,0,1034,107,107,107,105,105,2,1,15000,15,15,15,2,211,2,211,15000,15,15000,15,315354,15,2297600,0
3460,105464,15000,15000,0,0,0,0,0,315354,15,105449,15,107,107,211,1553,2,0,1034,107,107,107,105,105,14,1,15000,15,15,15,2,211,2,211,15000,15,15000,15,315354,15,2305872,0
3470,105756,15000,15000,0,0,0,0,0,315354,15,105741,15,107,107,212,846,1,1000,840,107,107,107,106,106,24,1,15000,15,15,15,2,212,2,212,15000,15,15000,15,315354,15,2312318,0
3480,106034,15000,15000,0,0,0,0,0,315354,15,106019,15,108,108,213,1124,2,0,1038,108,108,108,106,106,2,1,15000,15,15,15,2,213,2,213,15000,15,15000,15,315354,15,2318434,0
3490,106380,15000,15000,0,0,0,0,0,315354,15,106365,15,108,108,213,1470,2,0,1038,108,108,108,106,106,10,1,15000,15,15,15,2,213,2,213,15000,15,15000,15,315354,15,2326046,0
3500,106703,15000,15000,0,0,0,0,0,315354,15,106688,15,108,108,214,794,1,1000,791,108,108,108,107,107,20,1,15000,15,15,15,2,214,2,214,15000,15,15000,15,315354,15,2333174,0
3510,106949,15000,15000,0,0,0,0,0,315354,15,106934,15,108,108,214,1040,2,1000,791,108,109,108,107,107,30,1,15000,15,15,15,2,214,2,214,15000,15,15000,15,315354,15,2338586,0
3520,107335,15000,15000,0,0,0,0,0,315354,15,107320,15,109,109,215,1426,2,0,1044,109,109,109,107,107,10,1,15000,15,15,15,2,215,2,215,15000,15,15000,15,315354,15,2347078,0
3530,107638,15000,15000,0,0,0,0,0,315354,15,107623,15,109,109,216,730,1,1000,721,109,109,109,108,108,18,1,15000,15,15,15,2,216,2,216,15000,15,15000,15,315354,15,2353766,0
3540,107874,15000,15000,0,0,0,0,0,315354,15,107859,15,109,109,216,966,1,1000,721,109,109,109,108,108,28,1,15000,15,15,15,2,216,2,216,15000,15,15000,15,315354,15,2358980,0
3550,108254,15000,15000,0,0,0,0,0,315354,15,108239,15,110,110,217,1346,2,0,1062,110,110,110,108,108,6,1,15000,15,15,15,2,217,2,217,15000,15,15000,15,315354,15,2367318,0
3560,108567,15000,15000,0,0,0,0,0,315354,15,108552,15,110,110,218,660,1,1000,657,110,110,110,109,109,16,1,15000,15,15,15,2,218,2,218,15000,15,15000,15,315354,15,2374226,0
3570,108823,15000,15000,0,0,0,0,0,315354,15,108808,15,110,110,218,916,1,1000,657,110,110,110,109,109,26,1,15000,15,15,15,2,218,2,218,15000,15,15000,15,315354,15,2379858,0
3580,109157,15000,15000,0,0,0,0,0,315354,15,109142,15,111,111,219,1250,2,0,1072,111,111,111,109,109,4,1,15000,15,15,15,2,219,2,219,15000,15,15000,15,315354,15,2387228,0
3590,109524,15000,15000,0,0,0,0,0,315354,15,109509,15,111,111,220,618,1,1000,610,111,111,111,110,110,14,1,15000,15,15,15,2,220,2,220,15000,15,15000,15,315354,15,2395302,0
3600,109742,15000,15000,0,0,0,0,0,315354,15,109727,15,111,111,220,836,1,1000,610,111,111,111,110,110,24,1,15000,15,15,15,2,220,2,220,15000,15,15000,15,315354,15,2400098,0
3610,110008,15000,15000,0,0,0,0,0,315354,15,109993,15,112,112,221,1102,2,0,1063,112,112,112,110,110,0,1,15000,15,15,15,2,221,2,221,15000,15,15000,15,315354,15,2405950,0
3620,110339,15000,15000,0,0,0,0,0,315354,15,110324,15,112,112,221,1433,2,0,1063,112,112,112,110,110,10,1,15000,15,15,15,2,221,2,221,15000,15,15000,15,315354,15,2413232,0
3630,110720,15000,15000,0,0,0,0,0,315354,15,110705,15,112,112,221,1814,2,0,1063,112,112,112,110,110,20,1,15000,15,15,15,2,221,2,221,15000,15,15000,15,315354,15,2421636,0
3640,110929,15000,15000,0,0,0,0,0,315354,15,110914,15,113,113,223,1024,2,0,1007,113,113,113,111,111,0,1,15000,15,15,15,2,223,2,223,15000,15,15000,15,315354,15,2426234,0
3650,111300,15000,15000,0,0,0,0,0,315354,15,111285,15,113,113,223,1395,2,0,1007,113,113,113,111,111,10,1,15000,15,15,15,2,223,2,223,15000,15,15000,15,315354,15,2434396,0
3660,111502,15000,15000,0,0,0,0,0,315354,15,111487,15,113,113,224,598,1,1000,476,113,113,113,112,112,20,1,15000,15,15,15,2,224,2,224,15000,15,15000,15,315354,15,2438862,0
3670,111845,15000,15000,0,0,0,0,0,315354,15,111830,15,113,113,224,941,1,1000,476,113,113,113,112,112,30,1,15000,15,15,15,2,224,2,224,15000,15,15000,15,315354,15,2446408,0
3680,112219,15000,15000,0,0,0,0,0,315354,15,112204,15,114,114,225,1315,2,0,1013,114,114,114,112,112,8,1,15000,15,15,15,2,225,2,225,15000,15,15000,15,315354,15,2454636,0
3690,112604,15000,15000,0,0,0,0,0,315354,15,112589,15,114,114,225,1700,2,0,1013,114,114,114,112,112,18,1,15000,15,15,15,2,225,2,225,15000,15,15000,15,315354,15,2463106,0
3700,112795,15000,15000,0,0,0,0,0,315354,15,112780,15,114,114,226,893,1,1000,769,114,114,114,113,113,28,1,15000,15,15,15,2,226,2,226,15000,15,15000,15,315354,15,2467374,0
3710,113140,15000,15000,0,0,0,0,0,315354,15,113125,15,115,115,227,1237,2,0,1025,115,115,115,113,113,4,1,15000,15,15,15,2,227,2,227,15000,15,15000,15,315354,15,2474920,0
3720,113514,15000,15000,0,0,0,0,0,315354,15,113499,15,115,115,227,1611,2,0,1025,115,115,115,113,113,14,1,15000,15,15,15,2,227,2,227,15000,15,15000,15,315354,15,2483148,0
3730,113716,15000,15000,0,0,0,0,0,315354,15,113701,15,115,115,228,814,1,1000,714,115,115,115,114,114,26,1,15000,15,15,15,2,228,2,228,15000,15,15000,15,315354,15,2487614,0
3740,114101,15000,15000,0,0,0,0,0,315354,15,114086,15,116,116,229,1199,2,0,1036,116,116,116,114,114,4,1,15000,15,15,15,2,229,2,229,15000,15,15000,15,315354,15,2496084,0
3750,114480,15000,15000,0,0,0,0,0,315354,15,114465,15,116,116,229,1578,2,0,1036,116,116,116,114,114,14,1,15000,15,15,15,2,229,2,229,15000,15,15000,15,315354,15,2504422,0
3760,114638,15000,15000,0,0,0,0,0,315354,15,114623,15,116,116,230,737,1,1000,655,116,116,116,115,115,22,1,15000,15,15,15,2,230,2,230,15000,15,15000,15,315354,15,2507920,0
3770,115029,15000,15000,0,0,0,0,0,315354,15,115014,15,117,117,231,1128,2,0,1055,117,117,117,115,115,0,1,15000,15,15,15,2,231,2,231,15000,15,15000,15,315354,15,2516522,0
3780,115404,15000,15000,0,0,0,0,0,315354,15,115389,15,117,117,231,1503,2,0,1055,117,117,117,115,115,10,1,15000,15,15,15,2,231,2,231,15000,15,15000,15,315354,15,2524772,0
3790,115601,15000,15000,0,0,0,0,0,315354,15,115586,15,117,117,232,701,1,1000,590,117,117,117,116,116,22,1,15000,15,15,15,2,232,2,232,15000,15,15000,15,315354,15,2529128,0
3800,115948,15000,15000,0,0,0,0,0,315354,15,115933,15,117,117,232,1048,2,1000,590,117,118,117,116,116,30,1,15000,15,15,15,2,232,2,232,15000,15,15000,15,315354,15,2536762,0
3810,116317,15000,15000,0,0,0,0,0,315354,15,116302,15,118,118,233,1417,2,0,1076,118,118,118,116,116,8,1,15000,15,15,15,2,233,2,233,15000,15,15000,15,315354,15,2544880,0
3820,116515,15000,15000,0,0,0,0,0,315354,15,116500,15,118,118,234,616,1,1000,517,118,118,118,117,117,18,1,15000,15,15,15,2,234,2,234,15000,15,15000,15,315354,15,2549258,0
3830,116899,15000,15000,0,0,0,0,0,315354,15,116884,15,118,118,234,1000,1,1000,517,118,118,118,117,117,28,1,15000,15,15,15,2,234,2,234,15000,15,15000,15,315354,15,2557706,0
3840,117274,15000,15000,0,0,0,0,0,315354,15,117259,15,119,119,235,1375,2,0,1002,119,119,119,117,117,8,1,15000,15,15,15,2,235,2,235,15000,15,15000,15,315354,15,2565956,0
3850,117556,15000,15000,0,0,0,0,0,315354,15,117541,15,119,119,236,658,1,1000,650,119,119,119,118,118,18,1,15000,15,15,15,2,236,2,236,15000,15,15000,15,315354,15,2572182,0
3860,117819,15000,15000,0,0,0,0,0,315354,15,117804,15,119,119,236,921,1,1000,650,119,119,119,118,118,28,1,15000,15,15,15,2,236,2,236,15000,15,15000,15,315354,15,2577968,0
3870,118197,15000,15000,0,0,0,0,0,315354,15,118182,15,120,120,237,1299,2,0,1023,120,120,120,118,118,6,1,15000,15,15,15,2,237,2,237,15000,15,15000,15,315354,15,2586284,0
3880,118577,15000,15000,0,0,0,0,0,315354,15,118562,15,120,120,237,1679,2,0,1023,120,120,120,118,118,16,1,15000,15,15,15,2,237,2,237,15000,15,15000,15,315354,15,2594644,0
3890,118823,15000,15000,0,0,0,0,0,315354,15,118808,15,120,120,238,926,1,1000,922,120,120,120,119,119,26,1,15000,15,15,15,2,238,2,238,15000,15,15000,15,315354,15,2600078,0
3900,119115,15000,15000,0,0,0,0,0,315354,15,119100,15,121,121,239,1218,2,0,1027,121,121,121,119,119,4,1,15000,15,15,15,2,239,2,239,15000,15,15000,15,315354,15,2606502,0
3910,119383,15000,15000,0,0,0,0,0,315354,15,119368,15,121,121,239,1486,2,0,1027,121,121,121,119,119,14,1,15000,15,15,15,2,239,2,239,15000,15,15000,15,315354,15,2612398,0
3920,119579,15000,15000,0,0,0,0,0,315354,15,119564,15,121,121,240,683,1,1000,649,121,121,121,120,120,24,1,15000,15,15,15,2,240,2,240,15000,15,15000,15,315354,15,2616732,0
3930,119959,15000,15000,0,0,0,0,0,315354,15,119944,15,122,122,241,1063,2,0,1033,122,122,122,120,120,0,1,15000,15,15,15,2,241,2,241,15000,15,15000,15,315354,15,2625092,0
3940,120299,15000,15000,0,0,0,0,0,315354,15,120284,15,122,122,241,1403,2,0,1033,122,122,122,120,120,10,1,15000,15,15,15,2,241,2,241,15000,15,15000,15,315354,15,2632572,0
3950,120511,15000,15000,0,0,0,0,0,315354,15,120496,15,122,122,242,616,1,1000,604,122,122,122,121,121,20,1,15000,15,15,15,2,242,2,242,15000,15,15000,15,315354,15,2637258,0
3960,120890,15000,15000,0,0,0,0,0,315354,15,120875,15,122,122,242,995,1,1000,604,122,122,122,121,121,30,1,15000,15,15,15,2,242,2,242,15000,15,15000,15,315354,15,2645618,0
3970,121268,15000,15000,0,0,0,0,0,315354,15,121253,15,123,123,243,1373,2,0,1053,123,123,123,121,121,8,1,15000,15,15,15,2,243,2,243,15000,15,15000,15,315354,15,2653934,0
3980,121442,15000,15000,0,0,0,0,0,315354,15,121427,15,123,123,244,548,1,1000,534,123,123,123,122,122,16,1,15000,15,15,15,2,244,2,244,15000,15,15000,15,315354,15,2657762,0
3990,121816,15000,15000,0,0,0,0,0,315354,15,121801,15,123,123,244,922,1,1000,534,123,123,123,122,122,26,1,15000,15,15,15,2,244,2,244,15000,15,15000,15,315354,15,2666012,0
4000,122191,15000,15000,0,0,0,0,0,315354,15,122176,15,124,124,245,1297,2,0,1001,124,124,124,122,122,8,1,15000,15,15,15,2,245,2,245,15000,15,15000,15,315354,15,2674262,0
4010,122396,15000,15000,0,0,0,0,0,315354,15,122381,15,124,124,246,503,1,1000,470,124,124,124,123,123,18,1,15000,15,15,15,2,246,2,246,15000,15,15000,15,315354,15,2678772,0
4020,122780,15000,15000,0,0,0,0,0,315354,15,122765,15,124,124,246,887,1,1000,470,124,124,124,123,123,28,1,15000,15,15,15,2,246,2,246,15000,15,15000,15,315354,15,2687220,0
4030,123124,15000,15000,0,0,0,0,0,315354,15,123109,15,125,125,247,1231,2,0,1013,125,125,125,123,123,4,1,15000,15,15,15,2,247,2,247,15000,15,15000,15,315354,15,2694810,0
4040,123504,15000,15000,0,0,0,0,0,315354,15,123489,15,125,125,247,1611,2,0,1013,125,125,125,123,123,14,1,15000,15,15,15,2,247,2,247,15000,15,15000,15,315354,15,2703148,0
4050,123859,15000,15000,0,0,0,0,0,315354,15,123844,15,125,125,248,967,1,1000,960,125,125,125,124,124,26,1,15000,15,15,15,2,248,2,248,15000,15,15000,15,315354,15,2710980,0
4060,124083,15000,15000,0,0,0,0,0,315354,15,124068,15,126,126,249,1191,2,0,1036,126,126,126,124,124,4,1,15000,15,15,15,2,249,2,249,15000,15,15000,15,315354,15,2715908,0
4071,124462,15000,15000,0,0,0,0,0,315354,15,124447,15,126,126,249,1570,2,0,1036,126,126,126,124,124,14,1,15000,15,15,15,2,249,2,249,15000,15,15000,15,315354,15,2724246,0
4080,124620,15000,15000,0,0,0,0,0,315354,15,124605,15,126,126,250,729,1,1000,682,126,126,126,125,125,22,1,15000,15,15,15,2,250,2,250,15000,15,15000,15,315354,15,2727744,0
4090,125011,15000,15000,0,0,0,0,0,315354,15,124996,15,127,127,251,1120,2,0,1057,127,127,127,125,125,0,1,15000,15,15,15,2,251,2,251,15000,15,15000,15,315354,15,2736346,0
4100,125385,15000,15000,0,0,0,0,0,315354,15,125370,15,127,127,251,1494,2,0,1057,127,127,127,125,125,10,1,15000,15,15,15,2,251,2,251,15000,15,15000,15,315354,15,2744596,0
4110,125730,15000,15000,0,0,0,0,0,315354,15,125715,15,127,127,252,840,1,1000,828,127,127,127,126,126,22,1,15000,15,15,15,2,252,2,252,15000,15,15000,15,315354,15,2752186,0
4120,125943,15000,15000,0,0,0,0,0,315354,15,125928,15,128,128,253,1053,2,0,1002,128,128,128,126,126,0,1,15000,15,15,15,2,253,2,253,15000,15,15000,15,315354,15,2756894,0
4130,126316,15000,15000,0,0,0,0,0,315354,15,126301,15,128,128,253,1426,2,0,1002,128,128,128,126,126,10,1,15000,15,15,15,2,253,2,253,15000,15,15000,15,315354,15,2765078,0
4140,126640,15000,15000,0,0,0,0,0,315354,15,126625,15,128,128,254,751,1,1000,734,128,128,128,127,127,20,1,15000,15,15,15,2,254,2,254,15000,15,15000,15,315354,15,2772228,0
4150,126907,15000,15000,0,0,0,0,0,315354,15,126892,15,128,128,254,1018,2,1000,734,128,129,128,127,127,30,1,15000,15,15,15,2,254,2,254,15000,15,15000,15,315354,15,2778102,0
4161,127281,15000,15000,0,0,0,0,0,315354,15,127266,15,129,129,255,1392,2,0,1030,129,129,129,127,127,8,1,15000,15,15,15,2,255,2,255,15000,15,15000,15,315354,15,2786352,0
4170,127576,15000,15000,0,0,0,0,0,315354,15,127561,15,129,129,256,688,1,1000,678,129,129,129,128,128,18,1,15000,15,15,15,2,256,2,256,15000,15,15000,15,315354,15,2792842,0
4180,127826,15000,15000,0,0,0,0,0,315354,15,127811,15,129,129,256,938,1,1000,678,129,129,129,128,128,28,1,15000,15,15,15,2,256,2,256,15000,15,15000,15,315354,15,2798342,0
4190,128212,15000,15000,0,0,0,0,0,315354,15,128197,15,130,130,257,1324,2,0,1038,130,130,130,128,128,6,1,15000,15,15,15,2,257,2,257,15000,15,15000,15,315354,15,2806834,0
4200,128508,15000,15000,0,0,0,0,0,315354,15,128493,15,130,130,258,621,1,1000,608,130,130,130,129,129,16,1,15000,15,15,15,2,258,2,258,15000,15,15000,15,315354,15,2813368,0
4210,128747,15000,15000,0,0,0,0,0,315354,15,128732,15,130,130,258,860,1,1000,608,130,130,130,129,129,26,1,15000,15,15,15,2,258,2,258,15000,15,15000,15,315354,15,2818626,0
4220,129131,15000,15000,0,0,0,0,0,315354,15,129116,15,131,131,259,1244,2,0,1073,131,131,131,129,129,4,1,15000,15,15,15,2,259,2,259,15000,15,15000,15,315354,15,2827074,0
4230,129518,15000,15000,0,0,0,0,0,315354,15,129503,15,131,131,259,1631,2,0,1073,131,131,131,129,129,14,1,15000,15,15,15,2,259,2,259,15000,15,15000,15,315354,15,2835588,0
4240,129714,15000,15000,0,0,0,0,0,315354,15,129699,15,131,131,260,828,1,1000,665,131,131,131,130,130,24,1,15000,15,15,15,2,260,2,260,15000,15,15000,15,315354,15,2839944,0
4250,130099,15000,15000,0,0,0,0,0,315354,15,130084,15,132,132,261,1213,2,0,1019,132,132,132,130,130,4,1,15000,15,15,15,2,261,2,261,15000,15,15000,15,315354,15,2848392,0
4260,130440,15000,15000,0,0,0,0,0,315354,15,130425,15,132,132,261,1554,2,0,1019,132,132,132,130,130,14,1,15000,15,15,15,2,261,2,261,15000,15,15000,15,315354,15,2855894,0
4270,130825,15000,15000,0,0,0,0,0,315354,15,130810,15,132,132,261,1939,2,0,1019,132,132,132,130,130,24,1,15000,15,15,15,2,261,2,261,15000,15,15000,15,315354,15,2864386,0
4280,131022,15000,15000,0,0,0,0,0,315354,15,131007,15,133,133,263,1137,2,0,1041,133,133,133,131,131,2,1,15000,15,15,15,2,263,2,263,15000,15,15000,15,315354,15,2868720,0
4290,131400,15000,15000,0,0,0,0,0,315354,15,131385,15,133,133,263,1515,2,0,1041,133,133,133,131,131,12,1,15000,15,15,15,2,263,2,263,15000,15,15000,15,315354,15,2877036,0
4300,131740,15000,15000,0,0,0,0,0,315354,15,131725,15,133,133,264,856,1,1000,851,133,133,133,132,132,22,1,15000,15,15,15,2,264,2,264,15000,15,15000,15,315354,15,2884538,0
4310,131949,15000,15000,0,0,0,0,0,315354,15,131934,15,134,134,265,1065,2,0,1056,134,134,134,132,132,0,1,15000,15,15,15,2,265,2,265,15000,15,15000,15,315354,15,2889136,0
4320,132333,15000,15000,0,0,0,0,0,315354,15,132318,15,134,134,265,1449,2,0,1056,134,134,134,132,132,10,1,15000,15,15,15,2,265,2,265,15000,15,15000,15,315354,15,2897606,0
4330,132682,15000,15000,0,0,0,0,0,315354,15,132667,15,134,134,266,799,1,1000,791,134,134,134,133,133,20,1,15000,15,15,15,2,266,2,266,15000,15,15000,15,315354,15,2905284,0
4340,132911,15000,15000,0,0,0,0,0,315354,15,132896,15,135,135,267,1028,2,0,1009,135,135,135,133,133,0,1,15000,15,15,15,2,267,2,267,15000,15,15000,15,315354,15,2910322,0
4350,133253,15000,15000,0,0,0,0,0,315354,15,133238,15,135,135,267,1370,2,0,1009,135,135,135,133,133,8,1,15000,15,15,15,2,267,2,267,15000,15,15000,15,315354,15,2917846,0
4360,133591,15000,15000,0,0,0,0,0,315354,15,133576,15,135,135,268,709,1,1000,701,135,135,135,134,134,18,1,15000,15,15,15,2,268,2,268,15000,15,15000,15,315354,15,2925304,0
4370,133829,15000,15000,0,0,0,0,0,315354,15,133814,15,135,135,268,947,1,1000,701,135,135,135,134,134,30,1,15000,15,15,15,2,268,2,268,15000,15,15000,15,315354,15,2930540,0
4380,134214,15000,15000,0,0,0,0,0,315354,15,134199,15,136,136,269,1332,2,0,1017,136,136,136,134,134,8,1,15000,15,15,15,2,269,2,269,15000,15,15000,15,315354,15,2939010,0
4390,134486,15000,15000,0,0,0,0,0,315354,15,134471,15,136,136,270,605,1,1000,603,136,136,136,135,135,18,1,15000,15,15,15,2,270,2,270,15000,15,15000,15,315354,15,2945016,0
4400,134757,15000,15000,0,0,0,0,0,315354,15,134742,15,136,136,270,876,1,1000,603,136,136,136,135,135,26,1,15000,15,15,15,2,270,2,270,15000,15,15000,15,315354,15,2950978,0
4410,135143,15000,15000,0,0,0,0,0,315354,15,135128,15,137,137,271,1262,2,0,1049,137,137,137,135,135,4,1,15000,15,15,15,2,271,2,271,15000,15,15000,15,315354,15,2959470,0
4420,135524,15000,15000,0,0,0,0,0,315354,15,135509,15,137,137,271,1643,2,0,1049,137,137,137,135,135,14,1,15000,15,15,15,2,271,2,271,15000,15,15000,15,315354,15,2967852,0
4430,135801,15000,15000,0,0,0,0,0,315354,15,135786,15,137,137,272,921,1,1000,917,137,137,137,136,136,26,1,15000,15,15,15,2,272,2,272,15000,15,15000,15,315354,15,2973968,0
4441,136104,15000,15000,0,0,0,0,0,315354,15,136089,15,138,138,273,1225,2,0,1063,138,138,138,136,136,4,1,15000,15,15,15,2,273,2,273,15000,15,15000,15,315354,15,2980656,0
4450,136451,15000,15000,0,0,0,0,0,315354,15,136436,15,138,138,273,1571,2,0,1063,138,138,138,136,136,12,1,15000,15,15,15,2,273,2,273,15000,15,15000,15,315354,15,2988290,0
4460,136821,15000,15000,0,0,0,0,0,315354,15,136806,15,138,138,274,942,1,1000,936,138,138,138,137,137,23,1,15000,15,15,15,2,274,2,274,15000,15,15000,15,315354,15,2996430,0
4470,137031,15000,15000,0,0,0,0,0,315354,15,137016,15,139,139,275,1152,2,0,1005,139,139,139,137,137,2,1,15000,15,15,15,2,275,2,275,15000,15,15000,15,315354,15,3001050,0
4480,137371,15000,15000,0,0,0,0,0,315354,15,137356,15,139,139,276,493,1,1000,487,139,139,139,138,138,12,1,15000,15,15,15,2,276,2,276,15000,15,15000,15,315354,15,3008552,0
4490,137575,15000,15000,0,0,0,0,0,315354,15,137560,15,139,139,276,697,1,1000,487,139,139,139,138,138,22,1,15000,15,15,15,2,276,2,276,15000,15,15000,15,315354,15,3013040,0
4500,137957,15000,15000,0,0,0,0,0,315354,15,137942,15,140,140,277,1079,2,0,1034,140,140,140,138,138,0,1,15000,15,15,15,2,277,2,277,15000,15,15000,15,315354,15,3021444,0
4510,138217,15000,15000,0,0,0,0,0,315354,15,138202,15,140,140,277,1339,2,0,1034,140,140,140,138,138,10,1,15000,15,15,15,2,277,2,277,15000,15,15000,15,315354,15,3027164,0
4520,138451,15000,15000,0,0,0,0,0,315354,15,138436,15,140,140,278,574,1,1000,570,140,140,140,139,139,20,1,15000,15,15,15,2,278,2,278,15000,15,15000,15,315354,15,3032334,0
4530,138745,15000,15000,0,0,0,0,0,315354,15,138730,15,140,140,278,868,1,1000,570,140,140,140,139,139,30,1,15000,15,15,15,2,278,2,278,15000,15,15000,15,315354,15,3038824,0
4540,139137,15000,15000,0,0,0,0,0,315354,15,139122,15,141,141,279,1260,2,0,1006,141,141,141,139,139,6,1,15000,15,15,15,2,279,2,279,15000,15,15000,15,315354,15,3047426,0
4550,139522,15000,15000,0,0,0,0,0,315354,15,139507,15,141,141,279,1645,2,0,1006,141,141,141,139,139,16,1,15000,15,15,15,2,279,2,279,15000,15,15000,15,315354,15,3055896,0
4560,139870,15000,15000,0,0,0,0,0,315354,15,139855,15,141,141,280,994,1,1000,979,141,141,141,140,140,26,1,15000,15,15,15,2,280,2,280,15000,15,15000,15,315354,15,3063574,0
4570,140120,15000,15000,0,0,0,0,0,315354,15,140105,15,142,142,281,1244,2,0,1061,142,142,142,140,140,4,1,15000,15,15,15,2,281,2,281,15000,15,15000,15,315354,15,3069074,0
4580,140304,15000,15000,0,0,0,0,0,315354,15,140289,15,142,142,282,429,1,1000,419,142,142,142,141,141,14,1,15000,15,15,15,2,282,2,282,15000,15,15000,15,315354,15,3073144,0
4590,140665,15000,15000,0,0,0,0,0,315354,15,140650,15,142,142,282,790,1,1000,419,142,142,142,141,141,24,1,15000,15,15,15,2,282,2,282,15000,15,15000,15,315354,15,3081086,0
4600,141055,15000,15000,0,0,0,0,0,315354,15,141040,15,143,143,283,1180,2,0,1009,143,143,143,141,141,4,1,15000,15,15,15,2,283,2,283,15000,15,15000,15,315354,15,3089688,0
4610,141447,15000,15000,0,0,0,0,0,315354,15,141432,15,143,143,283,1572,2,0,1009,143,143,143,141,141,14,1,15000,15,15,15,2,283,2,283,15000,15,15000,15,315354,15,3098312,0
4621,141767,15000,15000,0,0,0,0,0,315354,15,141752,15,143,143,284,893,1,1000,883,143,143,143,142,142,24,1,15000,15,15,15,2,284,2,284,15000,15,15000,15,315354,15,3105352,0
4630,142000,15000,15000,0,0,0,0,0,315354,15,141985,15,144,144,285,1126,2,0,1057,144,144,144,142,142,0,1,15000,15,15,15,2,285,2,285,15000,15,15000,15,315354,15,3110478,0
4640,142382,15000,15000,0,0,0,0,0,315354,15,142367,15,144,144,285,1508,2,0,1057,144,144,144,142,142,12,1,15000,15,15,15,2,285,2,285,15000,15,15000,15,315354,15,3118882,0
4650,142668,15000,15000,0,0,0,0,0,315354,15,142653,15,144,144,286,795,1,1000,794,144,144,144,143,143,22,1,15000,15,15,15,2,286,2,286,15000,15,15000,15,315354,15,3125196,0
4660,142961,15000,15000,0,0,0,0,0,315354,15,142946,15,145,145,287,1088,2,0,1070,145,145,145,143,143,0,1,15000,15,15,15,2,287,2,287,15000,15,15000,15,315354,15,3131642,0
4670,143311,15000,15000,0,0,0,0,0,315354,15,143296,15,145,145,287,1438,2,0,1070,145,145,145,143,143,8,1,15000,15,15,15,2,287,2,287,15000,15,15000,15,315354,15,3139342,0
4680,143591,15000,15000,0,0,0,0,0,315354,15,143576,15,145,145,288,719,1,1000,713,145,145,145,144,144,18,1,15000,15,15,15,2,288,2,288,15000,15,15000,15,315354,15,3145524,0
4690,143895,15000,15000,0,0,0,0,0,315354,15,143880,15,145,145,288,1023,2,1000,713,145,146,145,144,144,28,1,15000,15,15,15,2,288,2,288,15000,15,15000,15,315354,15,3152212,0
4700,144286,15000,15000,0,0,0,0,0,315354,15,144271,15,146,146,289,1414,2,0,1035,146,146,146,144,144,8,1,15000,15,15,15,2,289,2,289,15000,15,15000,15,315354,15,3160814,0
4710,144505,15000,15000,0,0,0,0,0,315354,15,144490,15,146,146,290,634,1,1000,627,146,146,146,145,145,20,1,15000,15,15,15,2,290,2,290,15000,15,15000,15,315354,15,3165654,0
4720,144824,15000,15000,0,0,0,0,0,315354,15,144809,15,146,146,290,953,1,1000,627,146,146,146,145,145,28,1,15000,15,15,15,2,290,2,290,15000,15,15000,15,315354,15,3172672,0
4730,145211,15000,15000,0,0,0,0,0,315354,15,145196,15,147,147,291,1340,2,0,1058,147,147,147,145,145,6,1,15000,15,15,15,2,291,2,291,15000,15,15000,15,315354,15,3181186,0
4740,145420,15000,15000,0,0,0,0,0,315354,15,145405,15,147,147,292,550,1,1000,543,147,147,147,146,146,16,1,15000,15,15,15,2,292,2,292,15000,15,15000,15,315354,15,3185806,0
4750,145792,15000,15000,0,0,0,0,0,315354,15,145777,15,147,147,292,922,1,1000,543,147,147,147,146,146,26,1,15000,15,15,15,2,292,2,292,15000,15,15000,15,315354,15,3194012,0
4760,146180,15000,15000,0,0,0,0,0,315354,15,146165,15,148,148,293,1310,2,0,1014,148,148,148,146,146,6,1,15000,15,15,15,2,293,2,293,15000,15,15000,15,315354,15,3202823,0
4770,146522,15000,15000,0,0,0,0,0,315354,15,146507,15,148,148,293,1652,2,0,1014,148,148,148,146,146,16,1,15000,15,15,15,2,293,2,293,15000,15,15000,15,315354,15,3210666,0
4780,146726,15000,15000,0,0,0,0,0,315354,15,146711,15,148,148,294,857,1,1000,799,148,148,148,147,147,26,1,15000,15,15,15,2,294,2,294,15000,15,15000,15,315354,15,3215381,0
4790,147122,15000,15000,0,0,0,0,0,315354,15,147107,15,149,149,295,1253,2,0,1049,149,149,149,147,147,4,1,15000,15,15,15,2,295,2,295,15000,15,15000,15,315354,15,3224489,0
4800,147505,15000,15000,0,0,0,0,0,315354,15,147490,15,149,149,295,1636,2,0,1049,149,149,149,147,147,14,1,15000,15,15,15,2,295,2,295,15000,15,15000,15,315354,15,3233298,0
4810,147558,15000,15000,0,0,0,0,0,315354,15,147543,15,149,149,296,690,1,1000,649,149,149,149,148,148,24,1,15000,15,15,15,2,296,2,296,15000,15,15000,15,315354,15,3234540,0
4820,147937,15000,15000,0,0,0,0,0,315354,15,147922,15,150,150,297,1069,2,0,1052,150,150,150,148,148,0,1,15000,15,15,15,2,297,2,297,15000,15,15000,15,315354,15,3243257,0
4830,148334,15000,15000,0,0,0,0,0,315354,15,148319,15,150,150,297,1466,2,0,1052,150,150,150,148,148,10,1,15000,15,15,15,2,297,2,297,15000,15,15000,15,315354,15,3252388,0
4840,148530,15000,15000,0,0,0,0,0,315354,15,148515,15,150,150,298,663,1,1000,556,150,150,150,149,149,20,1,15000,15,15,15,2,298,2,298,15000,15,15000,15,315354,15,3256919,0
4850,148911,15000,15000,0,0,0,0,0,315354,15,148896,15,151,151,299,1044,2,0,1014,151,151,151,149,149,0,1,15000,15,15,15,2,299,2,299,15000,15,15000,15,315354,15,3265682,0
4860,149260,15000,15000,0,0,0,0,0,315354,15,149245,15,151,151,299,1393,2,0,1014,151,151,151,149,149,8,1,15000,15,15,15,2,299,2,299,15000,15,15000,15,315354,15,3273709,0
4870,149646,15000,15000,0,0,0,0,0,315354,15,149631,15,151,151,299,1779,2,0,1014,151,151,151,149,149,20,1,15000,15,15,15,2,299,2,299,15000,15,15000,15,315354,15,3282587,0
4880,149857,15000,15000,0,0,0,0,0,315354,15,149842,15,151,151,300,991,1,1000,983,151,151,151,150,150,30,1,15000,15,15,15,2,300,2,300,15000,15,15000,15,315354,15,3287463,0
4890,150231,15000,15000,0,0,0,0,0,315354,15,150216,15,152,152,301,1365,2,0,1038,152,152,152,150,150,8,1,15000,15,15,15,2,301,2,301,15000,15,15000,15,315354,15,3296065,0
4900,150431,16000,16000,0,0,0,0,0,338354,16,150415,16,152,152,302,565,1,1000,506,152,152,152,151,151,18,1,16000,16,16,16,2,302,2,302,16000,16,16000,16,338354,16,3300665,999.9447405703887
4910,150783,16000,16000,0,0,0,0,0,338354,16,150767,16,152,152,302,917,1,1000,506,152,152,152,151,151,26,1,16000,16,16,16,2,302,2,302,16000,16,16000,16,338354,16,3308761,999.9447405703887
4920,151173,16000,16000,0,0,0,0,0,338354,16,151157,16,153,153,303,1307,2,0,1001,153,153,153,151,151,6,1,16000,16,16,16,2,303,2,303,16000,16,16000,16,338354,16,3317731,999.9447405703887
4930,151564,16000,16000,0,0,0,0,0,338354,16,151548,16,153,153,303,1698,2,0,1001,153,153,153,151,151,18,1,16000,16,16,16,2,303,2,303,16000,16,16000,16,338354,16,3326747,999.9447405703887
4940,151771,16000,16000,0,0,0,0,0,338354,16,151755,16,153,153,304,906,1,1000,787,153,153,153,152,152,28,1,16000,16,16,16,2,304,2,304,16000,16,16000,16,338354,16,3331508,999.9447405703887
4951,152155,16000,16000,0,0,0,0,0,338354,16,152139,16,154,154,305,1290,2,0,1045,154,154,154,152,152,6,1,16000,16,16,16,2,305,2,305,16000,16,16000,16,338354,16,3340340,999.9447405703887
4960,152504,16000,16000,0,0,0,0,0,338354,16,152488,16,154,154,305,1639,2,0,1045,154,154,154,152,152,14,1,16000,16,16,16,2,305,2,305,16000,16,16000,16,338354,16,3348390,0
4970,152711,16000,16000,0,0,0,0,0,338354,16,152695,16,154,154,306,847,1,1000,700,154,154,154,153,153,24,1,16000,16,16,16,2,306,2,306,16000,16,16000,16,338354,16,3353151,0
4980,153101,16000,16000,0,0,0,0,0,338354,16,153085,16,155,155,307,1237,2,0,1011,155,155,155,153,153,4,1,16000,16,16,16,2,307,2,307,16000,16,16000,16,338354,16,3362121,0
4990,153482,16000,16000,0,0,0,0,0,338354,16,153466,16,155,155,308,619,1,1000,614,155,155,155,154,154,16,1,16000,16,16,16,2,308,2,308,16000,16,16000,16,338354,16,3370907,0
5000,153648,16000,16000,0,0,0,0,0,338354,16,153632,16,155,155,308,785,1,1000,614,155,155,155,154,154,24,1,16000,16,16,16,2,308,2,308,16000,16,16000,16,338354,16,3374725,0
5010,154027,16000,16000,0,0,0,0,0,338354,16,154011,16,156,156,309,1164,2,0,1037,156,156,156,154,154,2,1,16000,16,16,16,2,309,2,309,16000,16,16000,16,338354,16,3383442,0
5020,154419,16000,16000,0,0,0,0,0,338354,16,154403,16,156,156,309,1556,2,0,1037,156,156,156,154,154,12,1,16000,16,16,16,2,309,2,309,16000,16,16000,16,338354,16,3392458,0
5030,154615,16000,16000,0,0,0,0,0,338354,16,154599,16,156,156,310,753,1,1000,639,156,156,156,155,155,22,1,16000,16,16,16,2,310,2,310,16000,16,16000,16,338354,16,3397012,0
5040,155002,16000,16000,0,0,0,0,0,338354,16,154986,16,157,157,311,1140,2,0,1079,157,157,157,155,155,0,1,16000,16,16,16,2,311,2,311,16000,16,16000,16,338354,16,3405890,0
5050,155361,16000,16000,0,0,0,0,0,338354,16,155345,16,157,157,311,1499,2,0,1079,157,157,157,155,155,10,1,16000,16,16,16,2,311,2,311,16000,16,16000,16,338354,16,3414147,0
5060,155743,16000,16000,0,0,0,0,0,338354,16,155727,16,157,157,311,1881,2,0,1079,157,157,157,155,155,20,1,16000,16,16,16,2,311,2,311,16000,16,16000,16,338354,16,3422933,0
5070,155941,16000,16000,0,0,0,0,0,338354,16,155925,16,158,158,313,1080,2,0,1031,158,158,158,156,156,0,1,16000,16,16,16,2,313,2,313,16000,16,16000,16,338354,16,3427510,0
5080,156333,16000,16000,0,0,0,0,0,338354,16,156317,16,158,158,313,1472,2,0,1031,158,158,158,156,156,10,1,16000,16,16,16,2,313,2,313,16000,16,16000,16,338354,16,3436526,0
5090,156702,16000,16000,0,0,0,0,0,338354,16,156686,16,158,158,313,1841,2,0,1031,158,158,158,156,156,20,1,16000,16,16,16,2,313,2,313,16000,16,16000,16,338354,16,3445013,0
5100,156863,16000,16000,0,0,0,0,0,338354,16,156847,16,158,158,314,1003,2,1000,847,158,159,158,157,157,30,1,16000,16,16,16,2,314,2,314,16000,16,16000,16,338354,16,3448739,0
5110,157139,16000,16000,0,0,0,0,0,338354,16,157123,16,159,159,315,1279,2,0,1113,159,159,159,157,157,4,1,16000,16,16,16,2,315,2,315,16000,16,16000,16,338354,16,3455087,0
5120,157412,16000,16000,0,0,0,0,0,338354,16,157396,16,159,159,316,553,1,1000,540,159,159,159,158,158,14,1,16000,16,16,16,2,316,2,316,16000,16,16000,16,338354,16,3461389,0
5130,157725,16000,16000,0,0,0,0,0,338354,16,157709,16,159,159,316,866,1,1000,540,159,159,159,158,158,24,1,16000,16,16,16,2,316,2,316,16000,16,16000,16,338354,16,3468611,0
5141,158123,16000,16000,0,0,0,0,0,338354,16,158107,16,160,160,317,1264,2,0,1069,160,160,160,158,158,4,1,16000,16,16,16,2,317,2,317,16000,16,16000,16,338354,16,3477742,0
5150,158472,16000,16000,0,0,0,0,0,338354,16,158456,16,160,160,317,1613,2,0,1069,160,160,160,158,158,14,1,16000,16,16,16,2,317,2,317,16000,16,16000,16,338354,16,3485769,0
5160,158829,16000,16000,0,0,0,0,0,338354,16,158813,16,160,160,318,971,1,1000,965,160,160,160,159,159,24,1,16000,16,16,16,2,318,2,318,16000,16,16000,16,338354,16,3494003,0
5170,159064,16000,16000,0,0,0,0,0,338354,16,159048,16,161,161,319,1206,2,0,1026,161,161,161,159,159,4,1,16000,16,16,16,2,319,2,319,16000,16,16000,16,338354,16,3499408,0
5180,159445,16000,16000,0,0,0,0,0,338354,16,159429,16,161,161,319,1587,2,0,1026,161,161,161,159,159,14,1,16000,16,16,16,2,319,2,319,16000,16,16000,16,338354,16,3508194,0
5190,159605,16000,16000,0,0,0,0,0,338354,16,159589,16,161,161,320,748,1,1000,734,161,161,161,160,160,22,1,16000,16,16,16,2,320,2,320,16000,16,16000,16,338354,16,3511874,0
5200,160003,16000,16000,0,0,0,0,0,338354,16,159987,16,162,162,321,1146,2,0,1076,162,162,162,160,160,0,1,16000,16,16,16,2,321,2,321,16000,16,16000,16,338354,16,3521028,0
5210,160390,16000,16000,0,0,0,0,0,338354,16,160374,16,162,162,321,1533,2,0,1076,162,162,162,160,160,10,1,16000,16,16,16,2,321,2,321,16000,16,16000,16,338354,16,3529929,0
5220,160663,16000,16000,0,0,0,0,0,338354,16,160647,16,162,162,322,807,1,1000,803,162,162,162,161,161,22,1,16000,16,16,16,2,322,2,322,16000,16,16000,16,338354,16,3536231,0
5230,160979,16000,16000,0,0,0,0,0,338354,16,160963,16,163,163,323,1123,2,0,1029,163,163,163,161,161,2,1,16000,16,16,16,2,323,2,323,16000,16,16000,16,338354,16,3543499,0
5240,161324,16000,16000,0,0,0,0,0,338354,16,161308,16,163,163,323,1468,2,0,1029,163,163,163,161,161,10,1,16000,16,16,16,2,323,2,323,16000,16,16000,16,338354,16,3551434,0
5250,161550,16000,16000,0,0,0,0,0,338354,16,161534,16,163,163,324,695,1,1000,685,163,163,163,162,162,20,1,16000,16,16,16,2,324,2,324,16000,16,16000,16,338354,16,3556655,0
5260,161921,16000,16000,0,0,0,0,0,338354,16,161905,16,163,163,324,1066,2,1000,685,163,164,163,162,162,30,1,16000,16,16,16,2,324,2,324,16000,16,16000,16,338354,16,3565211,0
5270,162307,16000,16000,0,0,0,0,0,338354,16,162291,16,164,164,325,1452,2,0,1080,164,164,164,162,162,8,1,16000,16,16,16,2,325,2,325,16000,16,16000,16,338354,16,3574066,0
5280,162512,16000,16000,0,0,0,0,0,338354,16,162496,16,164,164,326,658,1,1000,600,164,164,164,163,163,20,1,16000,16,16,16,2,326,2,326,16000,16,16000,16,338354,16,3578804,0
5290,162869,16000,16000,0,0,0,0,0,338354,16,162853,16,164,164,326,1015,2,1000,600,164,165,164,163,163,28,1,16000,16,16,16,2,326,2,326,16000,16,16000,16,338354,16,3587015,0
5300,163254,16000,16000,0,0,0,0,0,338354,16,163238,16,165,165,327,1400,2,0,1050,165,165,165,163,163,8,1,16000,16,16,16,2,327,2,327,16000,16,16000,16,338354,16,3595893,0
5310,163458,16000,16000,0,0,0,0,0,338354,16,163442,16,165,165,328,605,1,1000,522,165,165,165,164,164,18,1,16000,16,16,16,2,328,2,328,16000,16,16000,16,338354,16,3600585,0
5320,163857,16000,16000,0,0,0,0,0,338354,16,163841,16,165,165,328,1004,2,1000,522,165,166,165,164,164,28,1,16000,16,16,16,2,328,2,328,16000,16,16000,16,338354,16,3609762,0
5330,164239,16000,16000,0,0,0,0,0,338354,16,164223,16,166,166,329,1386,2,0,1019,166,166,166,164,164,8,1,16000,16,16,16,2,329,2,329,16000,16,16000,16,338354,16,3618548,0
5340,164408,16000,16000,0,0,0,0,0,338354,16,164392,16,166,166,330,556,1,1000,415,166,166,166,165,165,18,1,16000,16,16,16,2,330,2,330,16000,16,16000,16,338354,16,3622458,0
5350,164801,16000,16000,0,0,0,0,0,338354,16,164785,16,166,166,330,949,1,1000,415,166,166,166,165,165,28,1,16000,16,16,16,2,330,2,330,16000,16,16000,16,338354,16,3631497,0
5360,165180,16000,16000,0,0,0,0,0,338354,16,165164,16,167,167,331,1328,2,0,1056,167,167,167,165,165,6,1,16000,16,16,16,2,331,2,331,16000,16,16000,16,338354,16,3640214,0
5370,165563,16000,16000,0,0,0,0,0,338354,16,165547,16,167,167,331,1712,2,0,1056,167,167,167,165,165,16,1,16000,16,16,16,2,331,2,331,16000,16,16000,16,338354,16,3649046,0
5380,165768,16000,16000,0,0,0,0,0,338354,16,165752,16,167,167,332,917,1,1000,864,167,167,167,166,166,26,1,16000,16,16,16,2,332,2,332,16000,16,16000,16,338354,16,3653784,0
5390,166122,16000,16000,0,0,0,0,0,338354,16,166106,16,168,168,333,1271,2,0,1022,168,168,168,166,166,6,1,16000,16,16,16,2,333,2,333,16000,16,16000,16,338354,16,3661903,0
5400,166517,16000,16000,0,0,0,0,0,338354,16,166501,16,168,168,333,1666,2,0,1022,168,168,168,166,166,16,1,16000,16,16,16,2,333,2,333,16000,16,16000,16,338354,16,3670988,0
5410,166600,16000,16000,0,0,0,0,0,338354,16,166584,16,168,168,334,750,1,1000,681,168,168,168,167,167,26,1,16000,16,16,16,2,334,2,334,16000,16,16000,16,338354,16,3672920,0
5420,166981,16000,16000,0,0,0,0,0,338354,16,166965,16,169,169,335,1131,2,0,1022,169,169,169,167,167,2,1,16000,16,16,16,2,335,2,335,16000,16,16000,16,338354,16,3681706,0
5430,167373,16000,16000,0,0,0,0,0,338354,16,167357,16,169,169,335,1523,2,0,1022,169,169,169,167,167,12,1,16000,16,16,16,2,335,2,335,16000,16,16000,16,338354,16,3690699,0
5440,167725,16000,16000,0,0,0,0,0,338354,16,167709,16,169,169,335,1875,2,0,1022,169,169,169,167,167,22,1,16000,16,16,16,2,335,2,335,16000,16,16000,16,338354,16,3698795,0
5450,167922,16000,16000,0,0,0,0,0,338354,16,167906,16,170,170,337,1073,2,0,1005,170,170,170,168,168,6,1,16000,16,16,16,3,337,3,337,16000,16,16000,16,338354,16,3703349,0
5460,168229,16000,16000,0,0,0,0,0,338354,16,168213,16,170,170,338,381,1,1000,376,170,170,170,169,169,16,1,16000,16,16,16,3,338,3,338,16000,16,16000,16,338354,16,3710433,0
5470,168520,16000,16000,0,0,0,0,0,338354,16,168504,16,170,170,338,672,1,1000,376,170,170,170,169,169,26,1,16000,16,16,16,3,338,3,338,16000,16,16000,16,338354,16,3717149,0
5480,168909,16000,16000,0,0,0,0,0,338354,16,168893,16,171,171,339,1061,2,0,1027,171,171,171,169,169,0,1,16000,16,16,16,3,339,3,339,16000,16,16000,16,338354,16,3726073,0
5490,169267,16000,16000,0,0,0,0,0,338354,16,169251,16,171,171,339,1419,2,0,1027,171,171,171,169,169,8,1,16000,16,16,16,3,339,3,339,16000,16,16000,16,338354,16,3734307,0
5500,169658,16000,16000,0,0,0,0,0,338354,16,169642,16,171,171,339,1810,2,0,1027,171,171,171,169,169,20,1,16000,16,16,16,3,339,3,339,16000,16,16000,16,338354,16,3743300,0
5510,169855,16000,16000,0,0,0,0,0,338354,16,169839,16,171,171,340,1008,2,1000,833,171,172,171,170,170,30,1,16000,16,16,16,3,340,3,340,16000,16,16000,16,338354,16,3747854,0
5520,170250,16000,16000,0,0,0,0,0,338354,16,170234,16,172,172,341,1403,2,0,1073,172,172,172,170,170,8,1,16000,16,16,16,3,341,3,341,16000,16,16000,16,338354,16,3756939,0
5530,170594,16000,16000,0,0,0,0,0,338354,16,170578,16,172,172,342,748,1,1000,742,172,172,172,171,171,18,1,16000,16,16,16,3,342,3,342,16000,16,16000,16,338354,16,3764874,0
5540,170813,16000,16000,0,0,0,0,0,338354,16,170797,16,172,172,342,967,1,1000,742,172,172,172,171,171,26,1,16000,16,16,16,3,342,3,342,16000,16,16000,16,338354,16,3769911,0
5550,171206,16000,16000,0,0,0,0,0,338354,16,171190,16,173,173,343,1360,2,0,1058,173,173,173,171,171,6,1,16000,16,16,16,3,343,3,343,16000,16,16000,16,338354,16,3778950,0
5560,171483,16000,16000,0,0,0,0,0,338354,16,171467,16,173,173,344,638,1,1000,633,173,173,173,172,172,18,1,16000,16,16,16,3,344,3,344,16000,16,16000,16,338354,16,3785344,0
5570,171792,16000,16000,0,0,0,0,0,338354,16,171776,16,173,173,344,947,1,1000,633,173,173,173,172,172,28,1,16000,16,16,16,3,344,3,344,16000,16,16000,16,338354,16,3792474,0
5580,172180,16000,16000,0,0,0,0,0,338354,16,172164,16,174,174,345,1335,2,0,1013,174,174,174,172,172,8,1,16000,16,16,16,3,345,3,345,16000,16,16000,16,338354,16,3801375,0
5590,172498,16000,16000,0,0,0,0,0,338354,16,172482,16,174,174,346,654,1,1000,652,174,174,174,173,173,16,1,16000,16,16,16,3,346,3,346,16000,16,16000,16,338354,16,3808712,0
5600,172734,16000,16000,0,0,0,0,0,338354,16,172718,16,174,174,346,890,1,1000,652,174,174,174,173,173,26,1,16000,16,16,16,3,346,3,346,16000,16,16000,16,338354,16,3814140,0
5610,173127,16000,16000,0,0,0,0,0,338354,16,173111,16,175,175,347,1283,2,0,1063,175,175,175,173,173,4,1,16000,16,16,16,3,347,3,347,16000,16,16000,16,338354,16,3823179,0
5620,173518,16000,16000,0,0,0,0,0,338354,16,173502,16,175,175,347,1674,2,0,1063,175,175,175,173,173,14,1,16000,16,16,16,3,347,3,347,16000,16,16000,16,338354,16,3832172,0
5630,173823,16000,16000,0,0,0,0,0,338354,16,173807,16,175,175,348,980,1,1000,974,175,175,175,174,174,26,1,16000,16,16,16,3,348,3,348,16000,16,16000,16,338354,16,3839210,0
5640,174067,16000,16000,0,0,0,0,0,338354,16,174051,16,176,176,349,1224,2,0,1021,176,176,176,174,174,4,1,16000,16,16,16,3,349,3,349,16000,16,16000,16,338354,16,3844822,0
5650,174362,16000,16000,0,0,0,0,0,338354,16,174346,16,176,176,350,520,1,1000,510,176,176,176,175,175,14,1,16000,16,16,16,3,350,3,350,16000,16,16000,16,338354,16,3851630,0
5660,174656,16000,16000,0,0,0,0,0,338354,16,174640,16,176,176,350,814,1,1000,510,176,176,176,175,175,24,1,16000,16,16,16,3,350,3,350,16000,16,16000,16,338354,16,3858392,0
5670,175046,16000,16000,0,0,0,0,0,338354,16,175030,16,177,177,351,1204,2,0,1070,177,177,177,175,175,2,1,16000,16,16,16,3,351,3,351,16000,16,16000,16,338354,16,3867362,0
5681,175442,16000,16000,0,0,0,0,0,338354,16,175426,16,177,177,351,1600,2,0,1070,177,177,177,175,175,12,1,16000,16,16,16,3,351,3,351,16000,16,16000,16,338354,16,3876470,0
5690,175604,16000,16000,0,0,0,0,0,338354,16,175588,16,177,177,352,763,1,1000,743,177,177,177,176,176,22,1,16000,16,16,16,3,352,3,352,16000,16,16000,16,338354,16,3880219,0
5700,175997,16000,16000,0,0,0,0,0,338354,16,175981,16,178,178,353,1156,2,0,1034,178,178,178,176,176,2,1,16000,16,16,16,3,353,3,353,16000,16,16000,16,338354,16,3889258,0
5710,176257,16000,16000,0,0,0,0,0,338354,16,176241,16,178,178,354,417,1,1000,410,178,178,178,177,177,12,1,16000,16,16,16,3,354,3,354,16000,16,16000,16,338354,16,3895261,0
5720,176482,16000,16000,0,0,0,0,0,338354,16,176466,16,178,178,354,642,1,1000,410,178,178,178,177,177,22,1,16000,16,16,16,3,354,3,354,16000,16,16000,16,338354,16,3900436,0
5731,176872,16000,16000,0,0,0,0,0,338354,16,176856,16,178,178,354,1032,2,1000,410,178,179,178,177,177,32,1,16000,16,16,16,3,354,3,354,16000,16,16000,16,338354,16,3909429,0
5740,177228,16000,16000,0,0,0,0,0,338354,16,177212,16,179,179,355,1388,2,0,1149,179,179,179,177,177,6,1,16000,16,16,16,3,355,3,355,16000,16,16000,16,338354,16,3917594,0
5750,177627,16000,16000,0,0,0,0,0,338354,16,177611,16,179,179,355,1787,2,0,1149,179,179,179,177,177,16,1,16000,16,16,16,3,355,3,355,16000,16,16000,16,338354,16,3926771,0
5760,177830,16000,16000,0,0,0,0,0,338354,16,177814,16,179,179,356,991,1,1000,848,179,179,179,178,178,26,1,16000,16,16,16,3,356,3,356,16000,16,16000,16,338354,16,3931463,0
5770,178216,16000,16000,0,0,0,0,0,338354,16,178200,16,180,180,357,1377,2,0,1050,180,180,180,178,178,8,1,16000,16,16,16,3,357,3,357,16000,16,16000,16,338354,16,3940341,0
5780,178438,16000,16000,0,0,0,0,0,338354,16,178422,16,180,180,358,600,1,1000,592,180,180,180,179,179,18,1,16000,16,16,16,3,358,3,358,16000,16,16000,16,338354,16,3945470,0
5790,178779,16000,16000,0,0,0,0,0,338354,16,178763,16,180,180,358,941,1,1000,592,180,180,180,179,179,26,1,16000,16,16,16,3,358,3,358,16000,16,16000,16,338354,16,3953313,0
5800,179166,16000,16000,0,0,0,0,0,338354,16,179150,16,181,181,359,1328,2,0,1018,181,181,181,179,179,8,1,16000,16,16,16,3,359,3,359,16000,16,16000,16,338354,16,3962214,0
5810,179467,16000,16000,0,0,0,0,0,338354,16,179451,16,181,181,360,630,1,1000,622,181,181,181,180,180,18,1,16000,16,16,16,3,360,3,360,16000,16,16000,16,338354,16,3969160,0
5820,179759,16000,16000,0,0,0,0,0,338354,16,179743,16,181,181,360,922,1,1000,622,181,181,181,180,180,28,1,16000,16,16,16,3,360,3,360,16000,16,16000,16,338354,16,3975876,0
5830,180157,16000,16000,0,0,0,0,0,338354,16,180141,16,182,182,361,1320,2,0,1067,182,182,182,180,180,6,1,16000,16,16,16,3,361,3,361,16000,16,16000,16,338354,16,3985030,0
5840,180368,16000,16000,0,0,0,0,0,338354,16,180352,16,182,182,362,532,1,1000,525,182,182,182,181,181,14,1,16000,16,16,16,3,362,3,362,16000,16,16000,16,338354,16,3989906,0
5850,180717,16000,16000,0,0,0,0,0,338354,16,180701,16,182,182,362,881,1,1000,525,182,182,182,181,181,24,1,16000,16,16,16,3,362,3,362,16000,16,16000,16,338354,16,3997933,0
5860,181111,16000,16000,0,0,0,0,0,338354,16,181095,16,183,183,363,1275,2,0,1042,183,183,183,181,181,6,1,16000,16,16,16,3,363,3,363,16000,16,16000,16,338354,16,4006995,0
5870,181503,16000,16000,0,0,0,0,0,338354,16,181487,16,183,183,363,1667,2,0,1042,183,183,183,181,181,16,1,16000,16,16,16,3,363,3,363,16000,16,16000,16,338354,16,4016011,0
5880,181799,16000,16000,0,0,0,0,0,338354,16,181783,16,183,183,364,964,1,1000,960,183,183,183,182,182,26,1,16000,16,16,16,3,364,3,364,16000,16,16000,16,338354,16,4022842,0
5890,182054,16000,16000,0,0,0,0,0,338354,16,182038,16,184,184,365,1219,2,0,1018,184,184,184,182,182,4,1,16000,16,16,16,3,365,3,365,16000,16,16000,16,338354,16,4028707,0
5900,182318,16000,16000,0,0,0,0,0,338354,16,182302,16,184,184,366,484,1,1000,479,184,184,184,183,183,14,1,16000,16,16,16,3,366,3,366,16000,16,16000,16,338354,16,4034802,0
5910,182650,16000,16000,0,0,0,0,0,338354,16,182634,16,184,184,366,816,1,1000,479,184,184,184,183,183,24,1,16000,16,16,16,3,366,3,366,16000,16,16000,16,338354,16,4042461,0
5920,183045,16000,16000,0,0,0,0,0,338354,16,183029,16,185,185,367,1211,2,0,1060,185,185,185,183,183,2,1,16000,16,16,16,3,367,3,367,16000,16,16000,16,338354,16,4051523,0
5931,183435,16000,16000,0,0,0,0,0,338354,16,183419,16,185,185,367,1601,2,0,1060,185,185,185,183,183,12,1,16000,16,16,16,3,367,3,367,16000,16,16000,16,338354,16,4060516,0
5940,183591,16000,16000,0,0,0,0,0,338354,16,183575,16,185,185,368,758,1,1000,753,185,185,185,184,184,22,1,16000,16,16,16,3,368,3,368,16000,16,16000,16,338354,16,4064104,0
5950,183981,16000,16000,0,0,0,0,0,338354,16,183965,16,186,186,369,1148,2,0,1028,186,186,186,184,184,2,1,16000,16,16,16,3,369,3,369,16000,16,16000,16,338354,16,4073074,0
5960,184377,16000,16000,0,0,0,0,0,338354,16,184361,16,186,186,369,1544,2,0,1028,186,186,186,184,184,12,1,16000,16,16,16,3,369,3,369,16000,16,16000,16,338354,16,4082182,0
5970,184582,16000,16000,0,0,0,0,0,338354,16,184566,16,186,186,370,750,1,1000,629,186,186,186,185,185,22,1,16000,16,16,16,3,370,3,370,16000,16,16000,16,338354,16,4086920,0
5980,184935,16000,16000,0,0,0,0,0,338354,16,184919,16,187,187,371,1103,2,0,1003,187,187,187,185,185,2,1,16000,16,16,16,3,371,3,371,16000,16,16000,16,338354,16,4095039,0
5990,185330,16000,16000,0,0,0,0,0,338354,16,185314,16,187,187,371,1498,2,0,1003,187,187,187,185,185,12,1,16000,16,16,16,3,371,3,371,16000,16,16000,16,338354,16,4104147,0
6000,185531,16000,16000,0,0,0,0,0,338354,16,185515,16,187,187,372,700,1,1000,514,187,187,187,186,186,22,1,16000,16,16,16,3,372,3,372,16000,16,16000,16,338354,16,4108770,0
6010,185806,16000,16000,0,0,0,0,0,338354,16,185790,16,187,187,372,975,1,1000,514,187,187,187,186,186,32,1,16000,16,16,16,3,372,3,372,16000,16,16000,16,338354,16,4115095,0
6020,186190,16000,16000,0,0,0,0,0,338354,16,186174,16,188,188,373,1359,2,0,1100,188,188,188,186,186,6,1,16000,16,16,16,3,373,3,373,16000,16,16000,16,338354,16,4123927,0
6030,186549,16000,16000,0,0,0,0,0,338354,16,186533,16,188,188,373,1718,2,0,1100,188,188,188,186,186,14,1,16000,16,16,16,3,373,3,373,16000,16,16000,16,338354,16,4132184,0
6040,186750,16000,16000,0,0,0,0,0,338354,16,186734,16,188,188,374,920,1,1000,736,188,188,188,187,187,26,1,16000,16,16,16,3,374,3,374,16000,16,16000,16,338354,16,4136830,0
6050,187135,16000,16000,0,0,0,0,0,338354,16,187119,16,189,189,375,1305,2,0,1066,189,189,189,187,187,6,1,16000,16,16,16,3,375,3,375,16000,16,16000,16,338354,16,4145685,0
6060,187464,16000,16000,0,0,0,0,0,338354,16,187448,16,189,189,376,635,1,1000,621,189,189,189,188,188,16,1,16000,16,16,16,3,376,3,376,16000,16,16000,16,338354,16,4153275,0
6070,187743,16000,16000,0,0,0,0,0,338354,16,187727,16,189,189,376,914,1,1000,621,189,189,189,188,188,26,1,16000,16,16,16,3,376,3,376,16000,16,16000,16,338354,16,4159692,0
6081,188140,16000,16000,0,0,0,0,0,338354,16,188124,16,190,190,377,1311,2,0,1042,190,190,190,188,188,6,1,16000,16,16,16,3,377,3,377,16000,16,16000,16,338354,16,4168823,0
6090,188494,16000,16000,0,0,0,0,0,338354,16,188478,16,190,190,377,1665,2,0,1042,190,190,190,188,188,14,1,16000,16,16,16,3,377,3,377,16000,16,16000,16,338354,16,4177034,0
6100,188702,16000,16000,0,0,0,0,0,338354,16,188686,16,190,190,378,874,1,1000,820,190,190,190,189,189,24,1,16000,16,16,16,3,378,3,378,16000,16,16000,16,338354,16,4181795,0
6110,189099,16000,16000,0,0,0,0,0,338354,16,189083,16,191,191,379,1271,2,0,1034,191,191,191,189,189,6,1,16000,16,16,16,3,379,3,379,16000,16,16000,16,338354,16,4190903,0
6120,189490,16000,16000,0,0,0,0,0,338354,16,189474,16,191,191,379,1662,2,0,1034,191,191,191,189,189,16,1,16000,16,16,16,3,379,3,379,16000,16,16000,16,338354,16,4199896,0
6130,189784,16000,16000,0,0,0,0,0,338354,16,189768,16,191,191,380,957,1,1000,954,191,191,191,190,190,26,1,16000,16,16,16,3,380,3,380,16000,16,16000,16,338354,16,4206681,0
6140,190042,16000,16000,0,0,0,0,0,338354,16,190026,16,192,192,381,1215,2,0,1004,192,192,192,190,190,4,1,16000,16,16,16,3,381,3,381,16000,16,16000,16,338354,16,4212615,0
6150,190439,16000,16000,0,0,0,0,0,338354,16,190423,16,192,192,381,1612,2,0,1004,192,192,192,190,190,14,1,16000,16,16,16,3,381,3,381,16000,16,16000,16,338354,16,4221769,0
6160,190634,16000,16000,0,0,0,0,0,338354,16,190618,16,192,192,382,808,1,1000,794,192,192,192,191,191,24,1,16000,16,16,16,3,382,3,382,16000,16,16000,16,338354,16,4226254,0
6170,191027,16000,16000,0,0,0,0,0,338354,16,191011,16,193,193,383,1201,2,0,1051,193,193,193,191,191,2,1,16000,16,16,16,3,383,3,383,16000,16,16000,16,338354,16,4235293,0
6181,191420,16000,16000,0,0,0,0,0,338354,16,191404,16,193,193,383,1594,2,0,1051,193,193,193,191,191,14,1,16000,16,16,16,3,383,3,383,16000,16,16000,16,338354,16,4244332,0
6190,191581,17000,17000,0,0,0,0,0,361354,17,191564,17,193,193,384,755,1,1000,718,193,193,193,192,192,22,1,17000,17,17,17,3,384,3,384,17000,17,17000,17,361354,17,4248058,999.9447405703887
6200,191975,17000,17000,0,0,0,0,0,361354,17,191958,17,194,194,385,1149,2,0,1017,194,194,194,192,192,2,1,17000,17,17,17,3,385,3,385,17000,17,17000,17,361354,17,4257097,999.9447405703887
6210,192367,17000,17000,0,0,0,0,0,361354,17,192350,17,194,194,385,1541,2,0,1017,194,194,194,192,192,12,1,17000,17,17,17,3,385,3,385,17000,17,17000,17,361354,17,4266113,999.9447405703887
6220,192582,17000,17000,0,0,0,0,0,361354,17,192565,17,194,194,386,757,1,1000,613,194,194,194,193,193,22,1,17000,17,17,17,3,386,3,386,17000,17,17000,17,361354,17,4271081,999.9447405703887
6230,192971,17000,17000,0,0,0,0,0,361354,17,192954,17,195,195,387,1146,2,0,1002,195,195,195,193,193,2,1,17000,17,17,17,3,387,3,387,17000,17,17000,17,361354,17,4280028,999.9447405703887
6240,193329,17000,17000,0,0,0,0,0,361354,17,193312,17,195,195,387,1504,2,0,1002,195,195,195,193,193,12,1,17000,17,17,17,3,387,3,387,17000,17,17000,17,361354,17,4288262,999.9447405703887
6250,193624,17000,17000,0,0,0,0,0,361354,17,193607,17,195,195,388,800,1,1000,791,195,195,195,194,194,22,1,17000,17,17,17,3,388,3,388,17000,17,17000,17,361354,17,4295070,0
6260,193930,17000,17000,0,0,0,0,0,361354,17,193913,17,196,196,389,1106,2,0,1060,196,196,196,194,194,0,1,17000,17,17,17,3,389,3,389,17000,17,17000,17,361354,17,4302108,0
6270,194331,17000,17000,0,0,0,0,0,361354,17,194314,17,196,196,389,1507,2,0,1060,196,196,196,194,194,10,1,17000,17,17,17,3,389,3,389,17000,17,17000,17,361354,17,4311331,0
6280,194727,17000,17000,0,0,0,0,0,361354,17,194710,17,196,196,389,1903,2,0,1060,196,196,196,194,194,20,1,17000,17,17,17,3,389,3,389,17000,17,17000,17,361354,17,4320439,0
6290,194892,17000,17000,0,0,0,0,0,361354,17,194875,17,197,197,391,1069,2,0,1038,197,197,197,195,195,0,1,17000,17,17,17,3,391,3,391,17000,17,17000,17,361354,17,4324257,0
6300,195281,17000,17000,0,0,0,0,0,361354,17,195264,17,197,197,391,1458,2,0,1038,197,197,197,195,195,10,1,17000,17,17,17,3,391,3,391,17000,17,17000,17,361354,17,4333204,0
6310,195375,17000,17000,0,0,0,0,0,361354,17,195358,17,197,197,392,553,1,1000,549,197,197,197,196,196,20,1,17000,17,17,17,3,392,3,392,17000,17,17000,17,361354,17,4335389,0
6320,195759,17000,17000,0,0,0,0,0,361354,17,195742,17,197,197,392,937,1,1000,549,197,197,197,196,196,30,1,17000,17,17,17,3,392,3,392,17000,17,17000,17,361354,17,4344221,0
6330,196153,17000,17000,0,0,0,0,0,361354,17,196136,17,198,198,393,1331,2,0,1052,198,198,198,196,196,6,1,17000,17,17,17,3,393,3,393,17000,17,17000,17,361354,17,4353283,0
6340,196327,17000,17000,0,0,0,0,0,361354,17,196310,17,198,198,394,506,1,1000,489,198,198,198,197,197,16,1,17000,17,17,17,3,394,3,394,17000,17,17000,17,361354,17,4357308,0
6350,196717,17000,17000,0,0,0,0,0,361354,17,196700,17,198,198,394,896,1,1000,489,198,198,198,197,197,26,1,17000,17,17,17,3,394,3,394,17000,17,17000,17,361354,17,4366278,0
6360,197104,17000,17000,0,0,0,0,0,361354,17,197087,17,199,199,395,1283,2,0,1031,199,199,199,197,197,6,1,17000,17,17,17,3,395,3,395,17000,17,17000,17,361354,17,4375179,0
6370,197494,17000,17000,0,0,0,0,0,361354,17,197477,17,199,199,395,1673,2,0,1031,199,199,199,197,197,16,1,17000,17,17,17,3,395,3,395,17000,17,17000,17,361354,17,4384149,0
6380,197722,17000,17000,0,0,0,0,0,361354,17,197705,17,199,199,396,902,1,1000,892,199,199,199,198,198,26,1,17000,17,17,17,3,396,3,396,17000,17,17000,17,361354,17,4389416,0
6390,198038,17000,17000,0,0,0,0,0,361354,17,198021,17,200,200,397,1218,2,0,1072,200,200,200,198,198,2,1,17000,17,17,17,3,397,3,397,17000,17,17000,17,361354,17,4396684,0
6400,198438,17000,17000,0,0,0,0,0,361354,17,198421,17,200,200,397,1618,2,0,1072,200,200,200,198,198,14,1,17000,17,17,17,3,397,3,397,17000,17,17000,17,361354,17,4405884,0
6410,198638,17000,17000,0,0,0,0,0,361354,17,198621,17,200,200,398,819,1,1000,765,200,200,200,199,199,24,1,17000,17,17,17,3,398,3,398,17000,17,17000,17,361354,17,4410507,0
6420,199018,17000,17000,0,0,0,0,0,361354,17,199001,17,201,201,399,1199,2,0,1042,201,201,201,199,199,4,1,17000,17,17,17,3,399,3,399,17000,17,17000,17,361354,17,4419293,0
6430,199405,17000,17000,0,0,0,0,0,361354,17,199388,17,201,201,399,1586,2,0,1042,201,201,201,199,199,14,1,17000,17,17,17,3,399,3,399,17000,17,17000,17,361354,17,4428148,0
6440,199572,17000,17000,0,0,0,0,0,361354,17,199555,17,201,201,400,754,1,1000,680,201,201,201,200,200,22,1,17000,17,17,17,3,400,3,400,17000,17,17000,17,361354,17,4432012,0
6450,199962,17000,17000,0,0,0,0,0,361354,17,199945,17,202,202,401,1144,2,0,1005,202,202,202,200,200,2,1,17000,17,17,17,3,401,3,401,17000,17,17000,17,361354,17,4440982,0
6460,200350,17000,17000,0,0,0,0,0,361354,17,200333,17,202,202,401,1532,2,0,1005,202,202,202,200,200,12,1,17000,17,17,17,3,401,3,401,17000,17,17000,17,361354,17,4449906,0
6470,200552,17000,17000,0,0,0,0,0,361354,17,200535,17,202,202,402,735,1,1000,549,202,202,202,201,201,24,1,17000,17,17,17,3,402,3,402,17000,17,17000,17,361354,17,4454575,0
6480,200939,17000,17000,0,0,0,0,0,361354,17,200922,17,203,203,403,1122,2,0,1035,203,203,203,201,201,2,1,17000,17,17,17,3,403,3,403,17000,17,17000,17,361354,17,4463476,0
6490,201263,17000,17000,0,0,0,0,0,361354,17,201246,17,203,203,404,447,1,1000,440,203,203,203,202,202,10,1,17000,17,17,17,3,404,3,404,17000,17,17000,17,361354,17,4470951,0
6500,201491,17000,17000,0,0,0,0,0,361354,17,201474,17,203,203,404,675,1,1000,440,203,203,203,202,202,20,1,17000,17,17,17,3,404,3,404,17000,17,17000,17,361354,17,4476195,0
6510,201877,17000,17000,0,0,0,0,0,361354,17,201860,17,204,204,405,1061,2,0,1001,204,204,204,202,202,0,1,17000,17,17,17,3,405,3,405,17000,17,17000,17,361354,17,4485073,0
6520,202274,17000,17000,0,0,0,0,0,361354,17,202257,17,204,204,405,1458,2,0,1001,204,204,204,202,202,10,1,17000,17,17,17,3,405,3,405,17000,17,17000,17,361354,17,4494227,0
6530,202664,17000,17000,0,0,0,0,0,361354,17,202647,17,204,204,405,1848,2,0,1001,204,204,204,202,202,20,1,17000,17,17,17,3,405,3,405,17000,17,17000,17,361354,17,4503174,0
6540,202825,17000,17000,0,0,0,0,0,361354,17,202808,17,204,204,406,1010,2,1000,850,204,205,204,203,203,30,1,17000,17,17,17,3,406,3,406,17000,17,17000,17,361354,17,4506900,0
6550,203219,17000,17000,0,0,0,0,0,361354,17,203202,17,205,205,407,1404,2,0,1043,205,205,205,203,203,8,1,17000,17,17,17,3,407,3,407,17000,17,17000,17,361354,17,4515962,0
6560,203540,17000,17000,0,0,0,0,0,361354,17,203523,17,205,205,408,726,1,1000,721,205,205,205,204,204,18,1,17000,17,17,17,3,408,3,408,17000,17,17000,17,361354,17,4523368,0
6570,203796,17000,17000,0,0,0,0,0,361354,17,203779,17,205,205,408,982,1,1000,721,205,205,205,204,204,28,1,17000,17,17,17,3,408,3,408,17000,17,17000,17,361354,17,4529279,0
6580,204154,17000,17000,0,0,0,0,0,361354,17,204137,17,206,206,409,1340,2,0,1080,206,206,206,204,204,6,1,17000,17,17,17,3,409,3,409,17000,17,17000,17,361354,17,4537490,0
6590,204429,17000,17000,0,0,0,0,0,361354,17,204412,17,206,206,410,616,1,1000,610,206,206,206,205,205,16,1,17000,17,17,17,3,410,3,410,17000,17,17000,17,361354,17,4543838,0
6600,204750,18000,18000,0,0,0,0,0,384354,18,204732,18,206,206,410,936,1,1000,610,206,206,206,205,205,26,1,18000,18,18,18,3,410,3,410,18000,18,18000,18,384354,18,4551198,999.9447405703887
6610,205025,18000,18000,0,0,0,0,0,384354,18,205007,18,207,207,411,1211,2,0,1025,207,207,207,205,205,4,1,18000,18,18,18,3,411,3,411,18000,18,18000,18,384354,18,4557523,999.9447405703887
6620,205233,18000,18000,0,0,0,0,0,384354,18,205215,18,207,207,412,420,1,1000,285,207,207,207,206,206,14,1,18000,18,18,18,3,412,3,412,18000,18,18000,18,384354,18,4562330,999.9447405703887
6630,205589,18000,18000,0,0,0,0,0,384354,18,205571,18,207,207,412,776,1,1000,285,207,207,207,206,206,24,1,18000,18,18,18,3,412,3,412,18000,18,18000,18,384354,18,4570518,999.9447405703887
6640,205985,18000,18000,0,0,0,0,0,384354,18,205967,18,208,208,413,1172,2,0,1002,208,208,208,206,206,4,1,18000,18,18,18,3,413,3,413,18000,18,18000,18,384354,18,4579626,999.9447405703887
6650,206382,18000,18000,0,0,0,0,0,384354,18,206364,18,208,208,413,1569,2,0,1002,208,208,208,206,206,14,1,18000,18,18,18,3,413,3,413,18000,18,18000,18,384354,18,4588757,999.9447405703887
6660,206582,18000,18000,0,0,0,0,0,384354,18,206564,18,208,208,414,770,1,1000,699,208,208,208,207,207,24,1,18000,18,18,18,3,414,3,414,18000,18,18000,18,384354,18,4593380,0
6670,206977,18000,18000,0,0,0,0,0,384354,18,206959,18,209,209,415,1165,2,0,1063,209,209,209,207,207,2,1,18000,18,18,18,3,415,3,415,18000,18,18000,18,384354,18,4602488,0
6680,207329,18000,18000,0,0,0,0,0,384354,18,207311,18,209,209,415,1517,2,0,1063,209,209,209,207,207,10,1,18000,18,18,18,3,415,3,415,18000,18,18000,18,384354,18,4610584,0
6690,207530,18000,18000,0,0,0,0,0,384354,18,207512,18,209,209,416,719,1,1000,588,209,209,209,208,208,22,1,18000,18,18,18,3,416,3,416,18000,18,18000,18,384354,18,4615207,0
6700,207926,18000,18000,0,0,0,0,0,384354,18,207908,18,210,210,417,1115,2,0,1029,210,210,210,208,208,2,1,18000,18,18,18,3,417,3,417,18000,18,18000,18,384354,18,4624315,0
6710,208321,18000,18000,0,0,0,0,0,384354,18,208303,18,210,210,417,1510,2,0,1029,210,210,210,208,208,12,1,18000,18,18,18,3,417,3,417,18000,18,18000,18,384354,18,4633400,0
6720,208558,18000,18000,0,0,0,0,0,384354,18,208540,18,210,210,418,748,1,1000,742,210,210,210,209,209,22,1,18000,18,18,18,3,418,3,418,18000,18,18000,18,384354,18,4638874,0
6730,208881,18000,18000,0,0,0,0,0,384354,18,208863,18,211,211,419,1071,2,0,1010,211,211,211,209,209,0,1,18000,18,18,18,3,419,3,419,18000,18,18000,18,384354,18,4646303,0
6740,209281,18000,18000,0,0,0,0,0,384354,18,209263,18,211,211,419,1471,2,0,1010,211,211,211,209,209,10,1,18000,18,18,18,3,419,3,419,18000,18,18000,18,384354,18,4655503,0
6750,209675,18000,18000,0,0,0,0,0,384354,18,209657,18,211,211,419,1865,2,0,1010,211,211,211,209,209,20,1,18000,18,18,18,3,419,3,419,18000,18,18000,18,384354,18,4664565,0
6760,209886,18000,18000,0,0,0,0,0,384354,18,209868,18,212,212,421,1077,2,0,1075,212,212,212,210,210,0,1,18000,18,18,18,3,421,3,421,18000,18,18000,18,384354,18,4669441,0
6770,210277,18000,18000,0,0,0,0,0,384354,18,210259,18,212,212,421,1468,2,0,1075,212,212,212,210,210,10,1,18000,18,18,18,3,421,3,421,18000,18,18000,18,384354,18,4678434,0
6780,210577,18000,18000,0,0,0,0,0,384354,18,210559,18,212,212,422,769,1,1000,759,212,212,212,211,211,18,1,18000,18,18,18,3,422,3,422,18000,18,18000,18,384354,18,4685357,0
6790,210837,18000,18000,0,0,0,0,0,384354,18,210819,18,212,212,422,1029,2,1000,759,212,213,212,211,211,28,1,18000,18,18,18,3,422,3,422,18000,18,18000,18,384354,18,4691337,0
6800,211238,18000,18000,0,0,0,0,0,384354,18,211220,18,213,213,423,1430,2,0,1061,213,213,213,211,211,8,1,18000,18,18,18,3,423,3,423,18000,18,18000,18,384354,18,4700560,0
6810,211448,18000,18000,0,0,0,0,0,384354,18,211430,18,213,213,424,641,1,1000,633,213,213,213,212,212,18,1,18000,18,18,18,3,424,3,424,18000,18,18000,18,384354,18,4705413,0
6820,211828,18000,18000,0,0,0,0,0,384354,18,211810,18,213,213,424,1021,2,1000,633,213,214,213,212,212,28,1,18000,18,18,18,3,424,3,424,18000,18,18000,18,384354,18,4714222,0
6830,212216,18000,18000,0,0,0,0,0,384354,18,212198,18,214,214,425,1409,2,0,1030,214,214,214,212,212,10,1,18000,18,18,18,3,425,3,425,18000,18,18000,18,384354,18,4723077,0
6840,212381,18000,18000,0,0,0,0,0,384354,18,212363,18,214,214,426,575,1,1000,515,214,214,214,213,213,18,1,18000,18,18,18,3,426,3,426,18000,18,18000,18,384354,18,4726918,0
6850,212780,18000,18000,0,0,0,0,0,384354,18,212762,18,214,214,426,974,1,1000,515,214,214,214,213,213,28,1,18000,18,18,18,3,426,3,426,18000,18,18000,18,384354,18,4736095,0
6860,213171,18000,18000,0,0,0,0,0,384354,18,213153,18,215,215,427,1365,2,0,1093,215,215,215,213,213,6,1,18000,18,18,18,3,427,3,427,18000,18,18000,18,384354,18,4745065,0
6870,213571,18000,18000,0,0,0,0,0,384354,18,213553,18,215,215,427,1765,2,0,1093,215,215,215,213,213,16,1,18000,18,18,18,3,427,3,427,18000,18,18000,18,384354,18,4754265,0
6880,213775,18000,18000,0,0,0,0,0,384354,18,213757,18,215,215,428,970,1,1000,911,215,215,215,214,214,26,1,18000,18,18,18,3,428,3,428,18000,18,18000,18,384354,18,4758980,0
6890,214127,18000,18000,0,0,0,0,0,384354,18,214109,18,216,216,429,1322,2,0,1063,216,216,216,214,214,6,1,18000,18,18,18,3,429,3,429,18000,18,18000,18,384354,18,4767076,0
6900,214424,18000,18000,0,0,0,0,0,384354,18,214406,18,216,216,430,620,1,1000,615,216,216,216,215,215,16,1,18000,18,18,18,3,430,3,430,18000,18,18000,18,384354,18,4773930,0
6910,214685,18000,18000,0,0,0,0,0,384354,18,214667,18,216,216,430,881,1,1000,615,216,216,216,215,215,26,1,18000,18,18,18,3,430,3,430,18000,18,18000,18,384354,18,4779933,0
6920,215078,18000,18000,0,0,0,0,0,384354,18,215060,18,217,217,431,1274,2,0,1009,217,217,217,215,215,6,1,18000,18,18,18,3,431,3,431,18000,18,18000,18,384354,18,4788972,0
6930,215377,18000,18000,0,0,0,0,0,384354,18,215359,18,217,217,432,574,1,1000,567,217,217,217,216,216,16,1,18000,18,18,18,3,432,3,432,18000,18,18000,18,384354,18,4795872,0
6940,215633,18000,18000,0,0,0,0,0,384354,18,215615,18,217,217,432,830,1,1000,567,217,217,217,216,216,24,1,18000,18,18,18,3,432,3,432,18000,18,18000,18,384354,18,4801783,0
6950,216037,18000,18000,0,0,0,0,0,384354,18,216019,18,218,218,433,1234,2,0,1071,218,218,218,216,216,4,1,18000,18,18,18,3,433,3,433,18000,18,18000,18,384354,18,4811052,0
6960,216431,18000,18000,0,0,0,0,0,384354,18,216413,18,218,218,433,1628,2,0,1071,218,218,218,216,216,14,1,18000,18,18,18,3,433,3,433,18000,18,18000,18,384354,18,4820114,0
6970,216793,18000,18000,0,0,0,0,0,384354,18,216775,18,218,218,434,991,1,1000,987,218,218,218,217,217,24,1,18000,18,18,18,3,434,3,434,18000,18,18000,18,384354,18,4828463,0
6980,217033,18000,18000,0,0,0,0,0,384354,18,217015,18,219,219,435,1231,2,0,1046,219,219,219,217,217,4,1,18000,18,18,18,3,435,3,435,18000,18,18000,18,384354,18,4833983,0
6991,217305,18000,18000,0,0,0,0,0,384354,18,217287,18,219,219,436,504,1,1000,491,219,219,219,218,218,14,1,18000,18,18,18,3,436,3,436,18000,18,18000,18,384354,18,4840262,0
7000,217601,18000,18000,0,0,0,0,0,384354,18,217583,18,219,219,436,800,1,1000,491,219,219,219,218,218,22,1,18000,18,18,18,3,436,3,436,18000,18,18000,18,384354,18,4847070,0
7010,217995,18000,18000,0,0,0,0,0,384354,18,217977,18,220,220,437,1194,2,0,1045,220,220,220,218,218,2,1,18000,18,18,18,3,437,3,437,18000,18,18000,18,384354,18,4856132,0
7020,218396,18000,18000,0,0,0,0,0,384354,18,218378,18,220,220,437,1595,2,0,1045,220,220,220,218,218,14,1,18000,18,18,18,3,437,3,437,18000,18,18000,18,384354,18,4865355,0
7030,218612,18000,18000,0,0,0,0,0,384354,18,218594,18,220,220,438,812,1,1000,804,220,220,220,219,219,24,1,18000,18,18,18,3,438,3,438,18000,18,18000,18,384354,18,4870346,0
7040,218998,18000,18000,0,0,0,0,0,384354,18,218980,18,221,221,439,1198,2,0,1030,221,221,221,219,219,4,1,18000,18,18,18,3,439,3,439,18000,18,18000,18,384354,18,4879247,0
7050,219351,18000,18000,0,0,0,0,0,384354,18,219333,18,221,221,439,1551,2,0,1030,221,221,221,219,219,12,1,18000,18,18,18,3,439,3,439,18000,18,18000,18,384354,18,4887366,0
7060,219553,18000,18000,0,0,0,0,0,384354,18,219535,18,221,221,440,754,1,1000,692,221,221,221,220,220,22,1,18000,18,18,18,3,440,3,440,18000,18,18000,18,384354,18,4892035,0
7070,219950,18000,18000,0,0,0,0,0,384354,18,219932,18,222,222,441,1151,2,0,1009,222,222,222,220,220,2,1,18000,18,18,18,3,441,3,441,18000,18,18000,18,384354,18,4901143,0
7080,220341,18000,18000,0,0,0,0,0,384354,18,220323,18,222,222,441,1542,2,0,1009,222,222,222,220,220,12,1,18000,18,18,18,3,441,3,441,18000,18,18000,18,384354,18,4910136,0
7090,220550,19000,19000,0,0,0,0,0,407354,19,220531,19,222,222,442,751,1,1000,570,222,222,222,221,221,22,1,19000,19,19,19,3,442,3,442,19000,19,19000,19,407354,19,4914943,999.9447405703887
7100,220910,19000,19000,0,0,0,0,0,407354,19,220891,19,223,223,443,1111,2,0,1065,223,223,223,221,221,0,1,19000,19,19,19,3,443,3,443,19000,19,19000,19,407354,19,4923223,999.9447405703887
7110,221304,19000,19000,0,0,0,0,0,407354,19,221285,19,223,223,443,1505,2,0,1065,223,223,223,221,221,10,1,19000,19,19,19,3,443,3,443,19000,19,19000,19,407354,19,4932285,999.9447405703887
7120,221696,19000,19000,0,0,0,0,0,407354,19,221677,19,223,223,443,1897,2,0,1065,223,223,223,221,221,20,1,19000,19,19,19,3,443,3,443,19000,19,19000,19,407354,19,4941301,999.9447405703887
7130,221910,19000,19000,0,0,0,0,0,407354,19,221891,19,224,224,445,1112,2,0,1044,224,224,224,222,222,0,1,19000,19,19,19,3,445,3,445,19000,19,19000,19,407354,19,4946246,999.9447405703887
7140,222306,19000,19000,0,0,0,0,0,407354,19,222287,19,224,224,445,1508,2,0,1044,224,224,224,222,222,10,1,19000,19,19,19,3,445,3,445,19000,19,19000,19,407354,19,4955377,999.9447405703887
7150,222472,19000,19000,0,0,0,0,0,407354,19,222453,19,224,224,446,675,1,1000,510,224,224,224,223,223,20,1,19000,19,19,19,3,446,3,446,19000,19,19000,19,407354,19,4959195,0
7160,222866,19000,19000,0,0,0,0,0,407354,19,222847,19,225,225,447,1069,2,0,1032,225,225,225,223,223,0,1,19000,19,19,19,3,447,3,447,19000,19,19000,19,407354,19,4968257,0
7170,223257,19000,19000,0,0,0,0,0,407354,19,223238,19,225,225,447,1460,2,0,1032,225,225,225,223,223,10,1,19000,19,19,19,3,447,3,447,19000,19,19000,19,407354,19,4977273,0
7180,223547,19000,19000,0,0,0,0,0,407354,19,223528,19,225,225,448,751,1,1000,745,225,225,225,224,224,20,1,19000,19,19,19,3,448,3,448,19000,19,19000,19,407354,19,4983943,0
7190,223849,19000,19000,0,0,0,0,0,407354,19,223830,19,226,226,449,1053,2,0,1001,226,226,226,224,224,0,1,19000,19,19,19,3,449,3,449,19000,19,19000,19,407354,19,4990889,0
7200,224214,19000,19000,0,0,0,0,0,407354,19,224195,19,226,226,449,1418,2,0,1001,226,226,226,224,224,10,1,19000,19,19,19,3,449,3,449,19000,19,19000,19,407354,19,4999284,0
7210,224314,19000,19000,0,0,0,0,0,407354,19,224295,19,226,226,450,519,1,1000,445,226,226,226,225,225,20,1,19000,19,19,19,3,450,3,450,19000,19,19000,19,407354,19,5001607,0
7220,224710,19000,19000,0,0,0,0,0,407354,19,224691,19,226,226,450,915,1,1000,445,226,226,226,225,225,30,1,19000,19,19,19,3,450,3,450,19000,19,19000,19,407354,19,5010738,0
7230,225103,19000,19000,0,0,0,0,0,407354,19,225084,19,227,227,451,1308,2,0,1055,227,227,227,225,225,6,1,19000,19,19,19,3,451,3,451,19000,19,19000,19,407354,19,5019754,0
7240,225497,19000,19000,0,0,0,0,0,407354,19,225478,19,227,227,451,1702,2,0,1055,227,227,227,225,225,16,1,19000,19,19,19,3,451,3,451,19000,19,19000,19,407354,19,5028816,0
7251,225702,19000,19000,0,0,0,0,0,407354,19,225683,19,227,227,452,908,1,1000,814,227,227,227,226,226,26,1,19000,19,19,19,3,452,3,452,19000,19,19000,19,407354,19,5033554,0
7260,226064,19000,19000,0,0,0,0,0,407354,19,226045,19,228,228,453,1270,2,0,1036,228,228,228,226,226,6,1,19000,19,19,19,3,453,3,453,19000,19,19000,19,407354,19,5041880,0
7270,226467,19000,19000,0,0,0,0,0,407354,19,226448,19,228,228,453,1673,2,0,1036,228,228,228,226,226,16,1,19000,19,19,19,3,453,3,453,19000,19,19000,19,407354,19,5051172,0
7280,226671,19000,19000,0,0,0,0,0,407354,19,226652,19,228,228,454,878,1,1000,706,228,228,228,227,227,26,1,19000,19,19,19,3,454,3,454,19000,19,19000,19,407354,19,5055864,0
7290,227067,19000,19000,0,0,0,0,0,407354,19,227048,19,229,229,455,1274,2,0,1032,229,229,229,227,227,6,1,19000,19,19,19,3,455,3,455,19000,19,19000,19,407354,19,5064995,0
7300,227361,19000,19000,0,0,0,0,0,407354,19,227342,19,229,229,456,569,1,1000,562,229,229,229,228,228,16,1,19000,19,19,19,3,456,3,456,19000,19,19000,19,407354,19,5071757,0
7310,227618,19000,19000,0,0,0,0,0,407354,19,227599,19,229,229,456,826,1,1000,562,229,229,229,228,228,24,1,19000,19,19,19,3,456,3,456,19000,19,19000,19,407354,19,5077668,0
7320,228013,19000,19000,0,0,0,0,0,407354,19,227994,19,230,230,457,1221,2,0,1001,230,230,230,228,228,4,1,19000,19,19,19,3,457,3,457,19000,19,19000,19,407354,19,5086753,0
7330,228411,19000,19000,0,0,0,0,0,407354,19,228392,19,230,230,457,1619,2,0,1001,230,230,230,228,228,14,1,19000,19,19,19,3,457,3,457,19000,19,19000,19,407354,19,5095907,0
7340,228618,19000,19000,0,0,0,0,0,407354,19,228599,19,230,230,458,827,1,1000,701,230,230,230,229,229,26,1,19000,19,19,19,3,458,3,458,19000,19,19000,19,407354,19,5100691,0
7350,229010,19000,19000,0,0,0,0,0,407354,19,228991,19,231,231,459,1219,2,0,1068,231,231,231,229,229,2,1,19000,19,19,19,3,459,3,459,19000,19,19000,19,407354,19,5109707,0
7360,229364,19000,19000,0,0,0,0,0,407354,19,229345,19,231,231,459,1573,2,0,1068,231,231,231,229,229,12,1,19000,19,19,19,3,459,3,459,19000,19,19000,19,407354,19,5117849,0
7370,229641,19000,19000,0,0,0,0,0,407354,19,229622,19,231,231,460,851,1,1000,846,231,231,231,230,230,22,1,19000,19,19,19,3,460,3,460,19000,19,19000,19,407354,19,5124243,0
7380,229959,19000,19000,0,0,0,0,0,407354,19,229940,19,232,232,461,1169,2,0,1034,232,232,232,230,230,2,1,19000,19,19,19,3,461,3,461,19000,19,19000,19,407354,19,5131557,0
7390,230355,19000,19000,0,0,0,0,0,407354,19,230336,19,232,232,461,1565,2,0,1034,232,232,232,230,230,12,1,19000,19,19,19,3,461,3,461,19000,19,19000,19,407354,19,5140665,0
7400,230557,19000,19000,0,0,0,0,0,407354,19,230538,19,232,232,462,768,1,1000,718,232,232,232,231,231,22,1,19000,19,19,19,3,462,3,462,19000,19,19000,19,407354,19,5145334,0
7411,230954,19000,19000,0,0,0,0,0,407354,19,230935,19,233,233,463,1165,2,0,1007,233,233,233,231,231,2,1,19000,19,19,19,3,463,3,463,19000,19,19000,19,407354,19,5154465,0
7420,231318,19000,19000,0,0,0,0,0,407354,19,231299,19,233,233,463,1529,2,0,1007,233,233,233,231,231,12,1,19000,19,19,19,3,463,3,463,19000,19,19000,19,407354,19,5162837,0
7430,231522,19000,19000,0,0,0,0,0,407354,19,231503,19,233,233,464,734,1,1000,612,233,233,233,232,232,22,1,19000,19,19,19,3,464,3,464,19000,19,19000,19,407354,19,5167552,0
7440,231913,19000,19000,0,0,0,0,0,407354,19,231894,19,234,234,465,1125,2,0,1011,234,234,234,232,232,2,1,19000,19,19,19,3,465,3,465,19000,19,19000,19,407354,19,5176568,0
7450,232277,19000,19000,0,0,0,0,0,407354,19,232258,19,234,234,466,490,1,1000,484,234,234,234,233,233,12,1,19000,19,19,19,3,466,3,466,19000,19,19000,19,407354,19,5184940,0
7460,232517,19000,19000,0,0,0,0,0,407354,19,232498,19,234,234,466,730,1,1000,484,234,234,234,233,233,22,1,19000,19,19,19,3,466,3,466,19000,19,19000,19,407354,19,5190483,0
7470,232867,19000,19000,0,0,0,0,0,407354,19,232848,19,235,235,467,1080,2,0,1054,235,235,235,233,233,0,1,19000,19,19,19,3,467,3,467,19000,19,19000,19,407354,19,5198510,0
7480,233269,19000,19000,0,0,0,0,0,407354,19,233250,19,235,235,467,1482,2,0,1054,235,235,235,233,233,10,1,19000,19,19,19,3,467,3,467,19000,19,19000,19,407354,19,5207802,0
7490,233653,19000,19000,0,0,0,0,0,407354,19,233634,19,235,235,468,867,1,1000,866,235,235,235,234,234,20,1,19000,19,19,19,3,468,3,468,19000,19,19000,19,407354,19,5216611,0
7500,233863,19000,19000,0,0,0,0,0,407354,19,233844,19,236,236,469,1077,2,0,1043,236,236,236,234,234,0,1,19000,19,19,19,3,469,3,469,19000,19,19000,19,407354,19,5221441,0
7510,234136,19000,19000,0,0,0,0,0,407354,19,234117,19,236,236,469,1350,2,0,1043,236,236,236,234,234,10,1,19000,19,19,19,3,469,3,469,19000,19,19000,19,407354,19,5227743,0
7520,234361,19000,19000,0,0,0,0,0,407354,19,234342,19,236,236,470,576,1,1000,568,236,236,236,235,235,20,1,19000,19,19,19,3,470,3,470,19000,19,19000,19,407354,19,5232918,0
7530,234699,19000,19000,0,0,0,0,0,407354,19,234680,19,236,236,470,914,1,1000,568,236,236,236,235,235,30,1,19000,19,19,19,3,470,3,470,19000,19,19000,19,407354,19,5240692,0
7540,235094,19000,19000,0,0,0,0,0,407354,19,235075,19,237,237,471,1309,2,0,1057,237,237,237,235,235,6,1,19000,19,19,19,3,471,3,471,19000,19,19000,19,407354,19,5249777,0
7550,235487,19000,19000,0,0,0,0,0,407354,19,235468,19,237,237,471,1702,2,0,1057,237,237,237,235,235,16,1,19000,19,19,19,3,471,3,471,19000,19,19000,19,407354,19,5258816,0
7560,235720,19000,19000,0,0,0,0,0,407354,19,235701,19,237,237,472,936,1,1000,921,237,237,237,236,236,26,1,19000,19,19,19,3,472,3,472,19000,19,19000,19,407354,19,5264198,0
7571,236099,19000,19000,0,0,0,0,0,407354,19,236080,19,238,238,473,1315,2,0,1052,238,238,238,236,236,6,1,19000,19,19,19,3,473,3,473,19000,19,19000,19,407354,19,5272915,0
7580,236282,19000,19000,0,0,0,0,0,407354,19,236263,19,238,238,474,499,1,1000,494,238,238,238,237,237,14,1,19000,19,19,19,3,474,3,474,19000,19,19000,19,407354,19,5277147,0
7590,236659,19000,19000,0,0,0,0,0,407354,19,236640,19,238,238,474,876,1,1000,494,238,238,238,237,237,26,1,19000,19,19,19,3,474,3,474,19000,19,19000,19,407354,19,5285841,0
7600,237053,19000,19000,0,0,0,0,0,407354,19,237034,19,239,239,475,1270,2,0,1026,239,239,239,237,237,6,1,19000,19,19,19,3,475,3,475,19000,19,19000,19,407354,19,5294903,0
7610,237451,19000,19000,0,0,0,0,0,407354,19,237432,19,239,239,475,1668,2,0,1026,239,239,239,237,237,16,1,19000,19,19,19,3,475,3,475,19000,19,19000,19,407354,19,5304034,0
7620,237652,19000,19000,0,0,0,0,0,407354,19,237633,19,239,239,476,870,1,1000,750,239,239,239,238,238,26,1,19000,19,19,19,3,476,3,476,19000,19,19000,19,407354,19,5308703,0
7630,238011,19000,19000,0,0,0,0,0,407354,19,237992,19,240,240,477,1229,2,0,1017,240,240,240,238,238,4,1,19000,19,19,19,3,477,3,477,19000,19,19000,19,407354,19,5316960,0
7640,238407,19000,19000,0,0,0,0,0,407354,19,238388,19,240,240,477,1625,2,0,1017,240,240,240,238,238,14,1,19000,19,19,19,3,477,3,477,19000,19,19000,19,407354,19,5326045,0
7650,238608,19000,19000,0,0,0,0,0,407354,19,238589,19,240,240,478,827,1,1000,632,240,240,240,239,239,24,1,19000,19,19,19,3,478,3,478,19000,19,19000,19,407354,19,5330691,0
7660,238998,19000,19000,0,0,0,0,0,407354,19,238979,19,241,241,479,1217,2,0,1068,241,241,241,239,239,2,1,19000,19,19,19,3,479,3,479,19000,19,19000,19,407354,19,5339661,0
7670,239297,19000,19000,0,0,0,0,0,407354,19,239278,19,241,241,480,517,1,1000,513,241,241,241,240,240,14,1,19000,19,19,19,3,480,3,480,19000,19,19000,19,407354,19,5346561,0
7680,239599,20000,20000,0,0,0,0,0,430354,20,239579,20,241,241,480,818,1,1000,513,241,241,241,240,240,24,1,20000,20,20,20,3,480,3,480,20000,20,20000,20,430354,20,5353484,999.9447405703887
7690,239952,20000,20000,0,0,0,0,0,430354,20,239932,20,242,242,481,1171,2,0,1043,242,242,242,240,240,2,1,20000,20,20,20,3,481,3,481,20000,20,20000,20,430354,20,5361603,999.9447405703887
7700,240348,20000,20000,0,0,0,0,0,430354,20,240328,20,242,242,481,1567,2,0,1043,242,242,242,240,240,12,1,20000,20,20,20,3,481,3,481,20000,20,20000,20,430354,20,5370711,999.9447405703887
7710,240680,20000,20000,0,0,0,0,0,430354,20,240660,20,242,242,482,900,1,1000,890,242,242,242,241,241,22,1,20000,20,20,20,3,482,3,482,20000,20,20000,20,430354,20,5378370,999.9447405703887
7720,240948,21000,21000,0,0,0,0,0,453354,21,240927,21,243,243,483,1167,2,0,1032,243,243,243,241,241,2,1,21000,21,21,21,3,483,3,483,21000,21,21000,21,453354,21,5384534,999.9447405703887
7730,241348,21000,21000,0,0,0,0,0,453354,21,241327,21,243,243,483,1567,2,0,1032,243,243,243,241,241,12,1,21000,21,21,21,3,483,3,483,21000,21,21000,21,453354,21,5393711,999.9447405703887
7740,241524,22000,22000,0,0,0,0,0,476354,22,241502,22,243,243,484,743,1,1000,578,243,243,243,242,242,22,1,22000,22,22,22,3,484,3,484,22000,22,22000,22,476354,22,5397759,999.9447405703887
7750,241913,22000,22000,0,0,0,0,0,476354,22,241891,22,244,244,485,1132,2,0,1017,244,244,244,242,242,2,1,22000,22,22,22,3,485,3,485,22000,22,22000,22,476354,22,5406706,999.9447405703887
7760,242310,22000,22000,0,0,0,0,0,476354,22,242288,22,244,244,485,1529,2,0,1017,244,244,244,242,242,12,1,22000,22,22,22,3,485,3,485,22000,22,22000,22,476354,22,5415837,999.9447405703887
7770,242527,23000,23000,0,0,0,0,0,499354,23,242504,23,244,244,486,746,1,1000,612,244,244,244,243,243,22,1,23000,23,23,23,3,486,3,486,23000,23,23000,23,499354,23,5420828,999.9447405703887
7780,242928,23000,23000,0,0,0,0,0,499354,23,242905,23,245,245,487,1147,2,0,1018,245,245,245,243,243,2,1,23000,23,23,23,3,487,3,487,23000,23,23000,23,499354,23,5430074,999.9447405703887
7791,243282,23000,23000,0,0,0,0,0,499354,23,243259,23,245,245,488,502,1,1000,496,245,245,245,244,244,12,1,23000,23,23,23,3,488,3,488,23000,23,23000,23,499354,23,5438216,999.9447405703887
7800,243487,23000,23000,0,0,0,0,0,499354,23,243464,23,245,245,488,707,1,1000,496,245,245,245,244,244,22,1,23000,23,23,23,3,488,3,488,23000,23,23000,23,499354,23,5442931,999.9447405703887
7810,243762,23000,23000,0,0,0,0,0,499354,23,243739,23,245,245,488,982,1,1000,496,245,245,245,244,244,32,1,23000,23,23,23,3,488,3,488,23000,23,23000,23,499354,23,5449256,999.9447405703887
7820,244144,23000,23000,0,0,0,0,0,499354,23,244121,23,246,246,489,1364,2,0,1037,246,246,246,244,244,8,1,23000,23,23,23,3,489,3,489,23000,23,23000,23,499354,23,5458042,0
7830,244501,23000,23000,0,0,0,0,0,499354,23,244478,23,246,246,490,722,1,1000,714,246,246,246,245,245,18,1,23000,23,23,23,3,490,3,490,23000,23,23000,23,499354,23,5466276,0
7840,244755,23000,23000,0,0,0,0,0,499354,23,244732,23,246,246,490,976,1,1000,714,246,246,246,245,245,28,1,23000,23,23,23,3,490,3,490,23000,23,23000,23,499354,23,5472118,0
7850,245108,23000,23000,0,0,0,0,0,499354,23,245085,23,247,247,491,1329,2,0,1022,247,247,247,245,245,6,1,23000,23,23,23,3,491,3,491,23000,23,23000,23,499354,23,5480237,0
7860,245354,23000,23000,0,0,0,0,0,499354,23,245331,23,247,247,492,576,1,1000,570,247,247,247,246,246,18,1,23000,23,23,23,3,492,3,492,23000,23,23000,23,499354,23,5485918,0
7870,245707,23000,23000,0,0,0,0,0,499354,23,245684,23,247,247,492,929,1,1000,570,247,247,247,246,246,28,1,23000,23,23,23,3,492,3,492,23000,23,23000,23,499354,23,5494037,0
7880,246103,23000,23000,0,0,0,0,0,499354,23,246080,23,248,248,493,1325,2,0,1078,248,248,248,246,246,6,1,23000,23,23,23,3,493,3,493,23000,23,23000,23,499354,23,5503168,0
7890,246495,23000,23000,0,0,0,0,0,499354,23,246472,23,248,248,493,1717,2,0,1078,248,248,248,246,246,16,1,23000,23,23,23,3,493,3,493,23000,23,23000,23,499354,23,5512184,0
7900,246703,23000,23000,0,0,0,0,0,499354,23,246680,23,248,248,494,926,1,1000,918,248,248,248,247,247,24,1,23000,23,23,23,3,494,3,494,23000,23,23000,23,499354,23,5516968,0
7910,247059,23000,23000,0,0,0,0,0,499354,23,247036,23,249,249,495,1282,2,0,1071,249,249,249,247,247,4,1,23000,23,23,23,3,495,3,495,23000,23,23000,23,499354,23,5525179,0
7920,247450,23000,23000,0,0,0,0,0,499354,23,247427,23,249,249,495,1673,2,0,1071,249,249,249,247,247,14,1,23000,23,23,23,3,495,3,495,23000,23,23000,23,499354,23,5534172,0
7930,247658,23000,23000,0,0,0,0,0,499354,23,247635,23,249,249,496,882,1,1000,823,249,249,249,248,248,24,1,23000,23,23,23,3,496,3,496,23000,23,23000,23,499354,23,5538956,0
7940,248060,23000,23000,0,0,0,0,0,499354,23,248037,23,250,250,497,1284,2,0,1041,250,250,250,248,248,6,1,23000,23,23,23,3,497,3,497,23000,23,23000,23,499354,23,5548202,0
7950,248451,23000,23000,0,0,0,0,0,499354,23,248428,23,250,250,497,1675,2,0,1041,250,250,250,248,248,16,1,23000,23,23,23,3,497,3,497,23000,23,23000,23,499354,23,5557195,0
7960,248614,24000,24000,0,0,0,0,0,522354,24,248590,24,250,250,498,838,1,1000,709,250,250,250,249,249,24,1,24000,24,24,24,3,498,3,498,24000,24,24000,24,522354,24,5560944,999.9447405703887
7970,249011,24000,24000,0,0,0,0,0,522354,24,248987,24,251,251,499,1235,2,0,1016,251,251,251,249,249,4,1,24000,24,24,24,3,499,3,499,24000,24,24000,24,522354,24,5570075,999.9447405703887
7980,249363,24000,24000,0,0,0,0,0,522354,24,249339,24,251,251,500,588,1,1000,569,251,251,251,250,250,14,1,24000,24,24,24,3,500,3,500,24000,24,24000,24,522354,24,5578194,999.9447405703887
7990,249620,24000,24000,0,0,0,0,0,522354,24,249596,24,251,251,500,845,1,1000,569,251,251,251,250,250,24,1,24000,24,24,24,3,500,3,500,24000,24,24000,24,522354,24,5584105,999.9447405703887
8000,250022,24000,24000,0,0,0,0,0,522354,24,249998,24,252,252,501,1247,2,0,1023,252,252,252,250,250,4,1,24000,24,24,24,3,501,3,501,24000,24,24000,24,522354,24,5593351,999.9447405703887
8011,250232,24000,24000,0,0,0,0,0,522354,24,250208,24,252,252,502,458,1,1000,456,252,252,252,251,251,14,1,24000,24,24,24,3,502,3,502,24000,24,24000,24,522354,24,5598204,999.9447405703887
8020,250579,24000,24000,0,0,0,0,0,522354,24,250555,24,252,252,502,805,1,1000,456,252,252,252,251,251,24,1,24000,24,24,24,3,502,3,502,24000,24,24000,24,522354,24,5606185,0
8030,250975,24000,24000,0,0,0,0,0,522354,24,250951,24,253,253,503,1201,2,0,1070,253,253,253,251,251,2,1,24000,24,24,24,3,503,3,503,24000,24,24000,24,522354,24,5615293,0
8040,251372,24000,24000,0,0,0,0,0,522354,24,251348,24,253,253,503,1598,2,0,1070,253,253,253,251,251,12,1,24000,24,24,24,3,503,3,503,24000,24,24000,24,522354,24,5624424,0
8050,251617,24000,24000,0,0,0,0,0,522354,24,251593,24,253,253,504,844,1,1000,841,253,253,253,252,252,22,1,24000,24,24,24,3,504,3,504,24000,24,24000,24,522354,24,5630082,0
8060,251983,25000,25000,0,0,0,0,0,545354,25,251958,25,254,254,505,1209,2,0,1076,254,254,254,252,252,2,1,25000,25,25,25,3,505,3,505,25000,25,25000,25,545354,25,5638477,999.9447405703887
8070,252338,25000,25000,0,0,0,0,0,545354,25,252313,25,254,254,505,1564,2,0,1076,254,254,254,252,252,12,1,25000,25,25,25,3,505,3,505,25000,25,25000,25,545354,25,5646665,999.9447405703887
8080,252542,26000,26000,0,0,0,0,0,568354,26,252516,26,254,254,506,768,1,1000,696,254,254,254,253,253,22,1,26000,26,26,26,3,506,3,506,26000,26,26000,26,568354,26,5651334,999.9447405703887
8090,252942,26000,26000,0,0,0,0,0,568354,26,252916,26,255,255,507,1168,2,0,1054,255,255,255,253,253,2,1,26000,26,26,26,3,507,3,507,26000,26,26000,26,568354,26,5660534,999.9447405703887
8100,253325,26000,26000,0,0,0,0,0,568354,26,253299,26,255,255,508,552,1,1000,548,255,255,255,254,254,12,1,26000,26,26,26,3,508,3,508,26000,26,26000,26,568354,26,5669389,999.9447405703887
8110,253549,27000,27000,0,0,0,0,0,591354,27,253522,27,255,255,508,775,1,1000,548,255,255,255,254,254,22,1,27000,27,27,27,3,508,3,508,27000,27,27000,27,591354,27,5674495,999.9447405703887
8120,253944,27000,27000,0,0,0,0,0,591354,27,253917,27,256,256,509,1170,2,0,1065,256,256,256,254,254,2,1,27000,27,27,27,3,509,3,509,27000,27,27000,27,591354,27,5683626,999.9447405703887
8130,254304,27000,27000,0,0,0,0,0,591354,27,254277,27,256,256,509,1530,2,0,1065,256,256,256,254,254,10,1,27000,27,27,27,3,509,3,509,27000,27,27000,27,591354,27,5691860,999.9447405703887
8140,254700,27000,27000,0,0,0,0,0,591354,27,254673,27,256,256,509,1926,2,0,1065,256,256,256,254,254,22,1,27000,27,27,27,3,509,3,509,27000,27,27000,27,591354,27,5700968,999.9447405703887
8150,254908,28000,28000,0,0,0,0,0,614354,28,254880,28,257,257,511,1134,2,0,1046,257,257,257,255,255,2,1,28000,28,28,28,3,511,3,511,28000,28,28000,28,614354,28,5705752,999.9447405703887
8160,255109,28000,28000,0,0,0,0,0,614354,28,255081,28,257,257,512,336,1,1000,315,257,257,257,256,256,12,1,28000,28,28,28,3,512,3,512,28000,28,28000,28,614354,28,5710398,999.9447405703887
8170,255511,28000,28000,0,0,0,0,0,614354,28,255483,28,257,257,512,738,1,1000,315,257,257,257,256,256,22,1,28000,28,28,28,3,512,3,512,28000,28,28000,28,614354,28,5719644,999.9447405703887
8180,255869,28000,28000,0,0,0,0,0,614354,28,255841,28,258,258,513,1096,2,0,1022,258,258,258,256,256,0,1,28000,28,28,28,3,513,3,513,28000,28,28000,28,614354,28,5727878,999.9447405703887
8190,256267,28000,28000,0,0,0,0,0,614354,28,256239,28,258,258,513,1494,2,0,1022,258,258,258,256,256,10,1,28000,28,28,28,3,513,3,513,28000,28,28000,28,614354,28,5737032,999.9447405703887
8200,256479,28000,28000,0,0,0,0,0,614354,28,256451,28,258,258,514,707,1,1000,702,258,258,258,257,257,20,1,28000,28,28,28,3,514,3,514,28000,28,28000,28,614354,28,5741931,0
8210,256864,28000,28000,0,0,0,0,0,614354,28,256836,28,259,259,515,1092,2,0,1016,259,259,259,257,257,0,1,28000,28,28,28,3,515,3,515,28000,28,28000,28,614354,28,5750786,0
8220,257246,28000,28000,0,0,0,0,0,614354,28,257218,28,259,259,515,1474,2,0,1016,259,259,259,257,257,12,1,28000,28,28,28,3,515,3,515,28000,28,28000,28,614354,28,5759572,0
8230,257456,28000,28000,0,0,0,0,0,614354,28,257428,28,259,259,516,685,1,1000,557,259,259,259,258,258,22,1,28000,28,28,28,3,516,3,516,28000,28,28000,28,614354,28,5764425,0
8240,257805,28000,28000,0,0,0,0,0,614354,28,257777,28,259,259,516,1034,2,1000,557,259,260,259,258,258,30,1,28000,28,28,28,3,516,3,516,28000,28,28000,28,614354,28,5772452,0
8250,258200,28000,28000,0,0,0,0,0,614354,28,258172,28,260,260,517,1429,2,0,1056,260,260,260,258,258,8,1,28000,28,28,28,3,517,3,517,28000,28,28000,28,614354,28,5781537,0
8260,258605,28000,28000,0,0,0,0,0,614354,28,258577,28,260,260,517,1834,2,0,1056,260,260,260,258,258,18,1,28000,28,28,28,3,517,3,517,28000,28,28000,28,614354,28,5790875,0
8270,258805,28000,28000,0,0,0,0,0,614354,28,258777,28,260,260,518,1035,2,1000,936,260,261,260,259,259,28,1,28000,28,28,28,3,518,3,518,28000,28,28000,28,614354,28,5795475,0
8280,259164,28000,28000,0,0,0,0,0,614354,28,259136,28,261,261,520,395,1,1000,394,261,261,261,260,260,8,1,28000,28,28,28,3,520,3,520,28000,28,28000,28,614354,28,5803755,0
8291,259407,29000,29000,0,0,0,0,0,637354,29,259378,29,261,261,520,637,1,1000,394,261,261,261,260,260,18,1,29000,29,29,29,3,520,3,520,29000,29,29000,29,637354,29,5809321,999.9447405703887
8300,259765,29000,29000,0,0,0,0,0,637354,29,259736,29,261,261,520,995,1,1000,394,261,261,261,260,260,28,1,29000,29,29,29,3,520,3,520,29000,29,29000,29,637354,29,5817555,999.9447405703887
8310,260156,29000,29000,0,0,0,0,0,637354,29,260127,29,262,262,521,1386,2,0,1026,262,262,262,260,260,8,1,29000,29,29,29,3,521,3,521,29000,29,29000,29,637354,29,5826571,999.9447405703887
8320,260442,29000,29000,0,0,0,0,0,637354,29,260413,29,262,262,522,673,1,1000,666,262,262,262,261,261,18,1,29000,29,29,29,3,522,3,522,29000,29,29000,29,637354,29,5833149,999.9447405703887
8330,260768,29000,29000,0,0,0,0,0,637354,29,260739,29,262,262,522,999,1,1000,666,262,262,262,261,261,28,1,29000,29,29,29,3,522,3,522,29000,29,29000,29,637354,29,5840647,999.9447405703887
8340,261170,29000,29000,0,0,0,0,0,637354,29,261141,29,263,263,523,1401,2,0,1031,263,263,263,261,261,8,1,29000,29,29,29,3,523,3,523,29000,29,29000,29,637354,29,5849893,999.9447405703887
8350,261339,29000,29000,0,0,0,0,0,637354,29,261310,29,263,263,524,571,1,1000,541,263,263,263,262,262,18,1,29000,29,29,29,3,524,3,524,29000,29,29000,29,637354,29,5853826,0
8360,261742,29000,29000,0,0,0,0,0,637354,29,261713,29,263,263,524,974,1,1000,541,263,263,263,262,262,28,1,29000,29,29,29,3,524,3,524,29000,29,29000,29,637354,29,5863072,0
8370,262145,29000,29000,0,0,0,0,0,637354,29,262116,29,264,264,525,1377,2,0,1025,264,264,264,262,262,8,1,29000,29,29,29,3,525,3,525,29000,29,29000,29,637354,29,5872341,0
8380,262540,29000,29000,0,0,0,0,0,637354,29,262511,29,264,264,525,1772,2,0,1025,264,264,264,262,262,18,1,29000,29,29,29,3,525,3,525,29000,29,29000,29,637354,29,5881449,0
8390,262748,30000,30000,0,0,0,0,0,660354,30,262718,30,264,264,526,980,1,1000,926,264,264,264,263,263,28,1,30000,30,30,30,3,526,3,526,30000,30,30000,30,660354,30,5886210,999.9447405703887
8400,263137,30000,30000,0,0,0,0,0,660354,30,263107,30,265,265,527,1369,2,0,1107,265,265,265,263,263,6,1,30000,30,30,30,3,527,3,527,30000,30,30000,30,660354,30,5895157,999.9447405703887
8410,263363,30000,30000,0,0,0,0,0,660354,30,263333,30,265,265,528,596,1,1000,584,265,265,265,264,264,15,1,30000,30,30,30,3,528,3,528,30000,30,30000,30,660354,30,5900378,999.9447405703887
8420,263602,31000,31000,0,0,0,0,0,683354,31,263571,31,265,265,528,834,1,1000,584,265,265,265,264,264,25,1,31000,31,31,31,3,528,3,528,31000,31,31000,31,683354,31,5905852,999.9447405703887
8430,263989,31000,31000,0,0,0,0,0,683354,31,263958,31,266,266,529,1221,2,0,1048,266,266,266,264,264,4,1,31000,31,31,31,3,529,3,529,31000,31,31000,31,683354,31,5914753,999.9447405703887
8440,264268,31000,31000,0,0,0,0,0,683354,31,264237,31,266,266,530,501,1,1000,491,266,266,266,265,265,14,1,31000,31,31,31,3,530,3,530,31000,31,31000,31,683354,31,5921193,999.9447405703887
8450,264601,32000,32000,0,0,0,0,0,706354,32,264569,32,266,266,530,833,1,1000,491,266,266,266,265,265,24,1,32000,32,32,32,3,530,3,530,32000,32,32000,32,706354,32,5928829,999.9447405703887
8460,264997,32000,32000,0,0,0,0,0,706354,32,264965,32,267,267,531,1229,2,0,1027,267,267,267,265,265,4,1,32000,32,32,32,3,531,3,531,32000,32,32000,32,706354,32,5937937,999.9447405703887
8470,265355,32000,32000,0,0,0,0,0,706354,32,265323,32,267,267,531,1587,2,0,1027,267,267,267,265,265,12,1,32000,32,32,32,3,531,3,531,32000,32,32000,32,706354,32,5946171,999.9447405703887
8480,265641,32000,32000,0,0,0,0,0,706354,32,265609,32,267,267,532,874,1,1000,865,267,267,267,266,266,24,1,32000,32,32,32,3,532,3,532,32000,32,32000,32,706354,32,5952772,999.9447405703887
8490,265958,33000,33000,0,0,0,0,0,729354,33,265925,33,268,268,533,1190,2,0,1031,268,268,268,266,266,4,1,33000,33,33,33,3,533,3,533,33000,33,33000,33,729354,33,5960040,999.9447405703887
8500,266357,33000,33000,0,0,0,0,0,729354,33,266324,33,268,268,533,1589,2,0,1031,268,268,268,266,266,14,1,33000,33,33,33,3,533,3,533,33000,33,33000,33,729354,33,5969217,999.9447405703887
8510,266564,34000,34000,0,0,0,0,0,752354,34,266530,34,268,268,534,796,1,1000,724,268,268,268,267,267,24,1,34000,34,34,34,3,534,3,534,34000,34,34000,34,752354,34,5973978,999.9447405703887
8520,266927,34000,34000,0,0,0,0,0,752354,34,266893,34,269,269,535,1159,2,0,1014,269,269,269,267,267,2,1,34000,34,34,34,3,535,3,535,34000,34,34000,34,752354,34,5982327,999.9447405703887
8530,267323,34000,34000,0,0,0,0,0,752354,34,267289,34,269,269,535,1555,2,0,1014,269,269,269,267,267,12,1,34000,34,34,34,3,535,3,535,34000,34,34000,34,752354,34,5991435,999.9447405703887
8540,267539,34000,34000,0,0,0,0,0,752354,34,267505,34,269,269,536,772,1,1000,589,269,269,269,268,268,22,1,34000,34,34,34,3,536,3,536,34000,34,34000,34,752354,34,5996426,999.9447405703887
8550,267941,34000,34000,0,0,0,0,0,752354,34,267907,34,270,270,537,1174,2,0,1015,270,270,270,268,268,2,1,34000,34,34,34,3,537,3,537,34000,34,34000,34,752354,34,6005672,0
8560,268337,34000,34000,0,0,0,0,0,752354,34,268303,34,270,270,537,1570,2,0,1015,270,270,270,268,268,14,1,34000,34,34,34,3,537,3,537,34000,34,34000,34,752354,34,6014803,0
8570,268734,34000,34000,0,0,0,0,0,752354,34,268700,34,270,270,538,968,1,1000,963,270,270,270,269,269,24,1,34000,34,34,34,3,538,3,538,34000,34,34000,34,752354,34,6023934,0
8580,268916,35000,35000,0,0,0,0,0,775354,35,268881,35,271,271,539,1149,2,0,1009,271,271,271,269,269,2,1,35000,35,35,35,3,539,3,539,35000,35,35000,35,775354,35,6028097,999.9447405703887
8590,269292,35000,35000,0,0,0,0,0,775354,35,269257,35,271,271,540,526,1,1000,518,271,271,271,270,270,12,1,35000,35,35,35,3,540,3,540,35000,35,35000,35,775354,35,6036768,999.9447405703887
8600,269522,36000,36000,0,0,0,0,0,798354,36,269486,36,271,271,540,755,1,1000,518,271,271,271,270,270,22,1,36000,36,36,36,3,540,3,540,36000,36,36000,36,798354,36,6042035,999.9447405703887
8610,269920,36000,36000,0,0,0,0,0,798354,36,269884,36,272,272,541,1153,2,0,1013,272,272,272,270,270,2,1,36000,36,36,36,3,541,3,541,36000,36,36000,36,798354,36,6051189,999.9447405703887
8620,270322,36000,36000,0,0,0,0,0,798354,36,270286,36,272,272,541,1555,2,0,1013,272,272,272,270,270,12,1,36000,36,36,36,3,541,3,541,36000,36,36000,36,798354,36,6060435,999.9447405703887
8631,270538,36000,36000,0,0,0,0,0,798354,36,270502,36,272,272,542,772,1,1000,743,272,272,272,271,271,22,1,36000,36,36,36,3,542,3,542,36000,36,36000,36,798354,36,6065449,999.9447405703887
8640,270896,36000,36000,0,0,0,0,0,798354,36,270860,36,273,273,543,1130,2,0,1012,273,273,273,271,271,2,1,36000,36,36,36,3,543,3,543,36000,36,36000,36,798354,36,6073660,0
8650,271293,36000,36000,0,0,0,0,0,798354,36,271257,36,273,273,543,1527,2,0,1012,273,273,273,271,271,12,1,36000,36,36,36,3,543,3,543,36000,36,36000,36,798354,36,6082791,0
8660,271502,37000,37000,0,0,0,0,0,821354,37,271465,37,273,273,544,736,1,1000,626,273,273,273,272,272,22,1,37000,37,37,37,3,544,3,544,37000,37,37000,37,821354,37,6087598,999.9447405703887
8670,271901,37000,37000,0,0,0,0,0,821354,37,271864,37,274,274,545,1135,2,0,1073,274,274,274,272,272,0,1,37000,37,37,37,3,545,3,545,37000,37,37000,37,821354,37,6096775,999.9447405703887
8680,272275,37000,37000,0,0,0,0,0,821354,37,272238,37,274,274,546,510,1,1000,502,274,274,274,273,273,10,1,37000,37,37,37,3,546,3,546,37000,37,37000,37,821354,37,6105400,999.9447405703887
8690,272471,37000,37000,0,0,0,0,0,821354,37,272434,37,274,274,546,706,1,1000,502,274,274,274,273,273,20,1,37000,37,37,37,3,546,3,546,37000,37,37000,37,821354,37,6109908,999.9447405703887
8700,272862,37000,37000,0,0,0,0,0,821354,37,272825,37,275,275,547,1097,2,0,1071,275,275,275,273,273,0,1,37000,37,37,37,3,547,3,547,37000,37,37000,37,821354,37,6118901,999.9447405703887
8710,273142,37000,37000,0,0,0,0,0,821354,37,273105,37,275,275,547,1377,2,0,1071,275,275,275,273,273,10,1,37000,37,37,37,3,547,3,547,37000,37,37000,37,821354,37,6125364,999.9447405703887
8720,273501,37000,37000,0,0,0,0,0,821354,37,273464,37,275,275,548,737,1,1000,728,275,275,275,274,274,20,1,37000,37,37,37,3,548,3,548,37000,37,37000,37,821354,37,6133621,0
8730,273741,38000,38000,0,0,0,0,0,844354,38,273703,38,275,275,548,976,1,1000,728,275,275,275,274,274,30,1,38000,38,38,38,3,548,3,548,38000,38,38000,38,844354,38,6139118,999.9447405703887
8741,274147,38000,38000,0,0,0,0,0,844354,38,274109,38,276,276,549,1382,2,0,1017,276,276,276,274,274,8,1,38000,38,38,38,3,549,3,549,38000,38,38000,38,844354,38,6148456,999.9447405703887
8750,274363,38000,38000,0,0,0,0,0,844354,38,274325,38,276,276,550,599,1,1000,592,276,276,276,275,275,16,1,38000,38,38,38,3,550,3,550,38000,38,38000,38,844354,38,6153447,999.9447405703887
8760,274708,38000,38000,0,0,0,0,0,844354,38,274670,38,276,276,550,944,1,1000,592,276,276,276,275,275,28,1,38000,38,38,38,3,550,3,550,38000,38,38000,38,844354,38,6161382,999.9447405703887
8770,275105,38000,38000,0,0,0,0,0,844354,38,275067,38,277,277,551,1341,2,0,1012,277,277,277,275,275,8,1,38000,38,38,38,3,551,3,551,38000,38,38000,38,844354,38,6170513,999.9447405703887
8780,275501,38000,38000,0,0,0,0,0,844354,38,275463,38,277,277,551,1737,2,0,1012,277,277,277,275,275,18,1,38000,38,38,38,3,551,3,551,38000,38,38000,38,844354,38,6179621,999.9447405703887
8790,275744,38000,38000,0,0,0,0,0,844354,38,275706,38,277,277,552,981,1,1000,975,277,277,277,276,276,28,1,38000,38,38,38,3,552,3,552,38000,38,38000,38,844354,38,6185233,0
8800,276069,39000,39000,0,0,0,0,0,867354,39,276030,39,278,278,553,1305,2,0,1001,278,278,278,276,276,6,1,39000,39,39,39,3,553,3,553,39000,39,39000,39,867354,39,6192685,999.9447405703887
8810,276278,39000,39000,0,0,0,0,0,867354,39,276239,39,278,278,554,515,1,1000,345,278,278,278,277,277,16,1,39000,39,39,39,3,554,3,554,39000,39,39000,39,867354,39,6197538,999.9447405703887
8820,276681,39000,39000,0,0,0,0,0,867354,39,276642,39,278,278,554,918,1,1000,345,278,278,278,277,277,26,1,39000,39,39,39,3,554,3,554,39000,39,39000,39,867354,39,6206784,999.9447405703887
8830,277080,39000,39000,0,0,0,0,0,867354,39,277041,39,279,279,555,1317,2,0,1002,279,279,279,277,277,6,1,39000,39,39,39,3,555,3,555,39000,39,39000,39,867354,39,6215984,999.9447405703887
8840,277472,39000,39000,0,0,0,0,0,867354,39,277433,39,279,279,555,1709,2,0,1002,279,279,279,277,277,18,1,39000,39,39,39,3,555,3,555,39000,39,39000,39,867354,39,6224977,999.9447405703887
8850,277690,40000,40000,0,0,0,0,0,890354,40,277650,40,279,279,556,927,1,1000,739,279,279,279,278,278,28,1,40000,40,40,40,3,556,3,556,40000,40,40000,40,890354,40,6229991,999.9447405703887
8860,278048,40000,40000,0,0,0,0,0,890354,40,278008,40,280,280,557,1285,2,0,1073,280,280,280,278,278,4,1,40000,40,40,40,3,557,3,557,40000,40,40000,40,890354,40,6238225,999.9447405703887
8870,278373,40000,40000,0,0,0,0,0,890354,40,278333,40,280,280,558,611,1,1000,605,280,280,280,279,279,14,1,40000,40,40,40,3,558,3,558,40000,40,40000,40,890354,40,6245723,999.9447405703887
8880,278648,41000,41000,0,0,0,0,0,913354,41,278607,41,280,280,558,885,1,1000,605,280,280,280,279,279,24,1,41000,41,41,41,3,558,3,558,41000,41,41000,41,913354,41,6252025,999.9447405703887
8890,279046,41000,41000,0,0,0,0,0,913354,41,279005,41,281,281,559,1283,2,0,1068,281,281,281,279,279,4,1,41000,41,41,41,3,559,3,559,41000,41,41000,41,913354,41,6261179,999.9447405703887
8900,279254,41000,41000,0,0,0,0,0,913354,41,279213,41,281,281,560,492,1,1000,468,281,281,281,280,280,14,1,41000,41,41,41,3,560,3,560,41000,41,41000,41,913354,41,6265986,999.9447405703887
8910,279654,41000,41000,0,0,0,0,0,913354,41,279613,41,281,281,560,892,1,1000,468,281,281,281,280,280,24,1,41000,41,41,41,3,560,3,560,41000,41,41000,41,913354,41,6275186,999.9447405703887
8920,280014,41000,41000,0,0,0,0,0,913354,41,279973,41,282,282,561,1252,2,0,1058,282,282,282,280,280,4,1,41000,41,41,41,3,561,3,561,41000,41,41000,41,913354,41,6283466,999.9447405703887
8930,280410,41000,41000,0,0,0,0,0,913354,41,280369,41,282,282,561,1648,2,0,1058,282,282,282,280,280,14,1,41000,41,41,41,3,561,3,561,41000,41,41000,41,913354,41,6292574,999.9447405703887
8940,280611,42000,42000,0,0,0,0,0,936354,42,280569,42,282,282,562,850,1,1000,841,282,282,282,281,281,24,1,42000,42,42,42,3,562,3,562,42000,42,42000,42,936354,42,6297220,999.9447405703887
8950,281016,42000,42000,0,0,0,0,0,936354,42,280974,42,283,283,563,1254,2,0,1035,283,283,283,281,281,4,1,42000,42,42,42,3,563,3,563,42000,42,42000,42,936354,42,6306512,999.9447405703887
8960,281403,42000,42000,0,0,0,0,0,936354,42,281361,42,283,283,563,1641,2,0,1035,283,283,283,281,281,14,1,42000,42,42,42,3,563,3,563,42000,42,42000,42,936354,42,6315459,999.9447405703887
8971,281610,42000,42000,0,0,0,0,0,936354,42,281568,42,283,283,564,849,1,1000,689,283,283,283,282,282,24,1,42000,42,42,42,3,564,3,564,42000,42,42000,42,936354,42,6320197,999.9447405703887
8980,281968,42000,42000,0,0,0,0,0,936354,42,281926,42,284,284,565,1207,2,0,1022,284,284,284,282,282,4,1,42000,42,42,42,3,565,3,565,42000,42,42000,42,936354,42,6328454,999.9447405703887
8990,282331,42000,42000,0,0,0,0,0,936354,42,282289,42,284,284,566,571,1,1000,564,284,284,284,283,283,14,1,42000,42,42,42,3,566,3,566,42000,42,42000,42,936354,42,6336803,999.9447405703887
9000,282570,43000,43000,0,0,0,0,0,959354,43,282527,43,284,284,566,809,1,1000,564,284,284,284,283,283,24,1,43000,43,43,43,3,566,3,566,43000,43,43000,43,959354,43,6342277,999.9447405703887
9010,282845,43000,43000,0,0,0,0,0,959354,43,282802,43,285,285,567,1084,2,0,1050,285,285,285,283,283,0,1,43000,43,43,43,3,567,3,567,43000,43,43000,43,959354,43,6348602,999.9447405703887
9020,283233,43000,43000,0,0,0,0,0,959354,43,283190,43,285,285,567,1472,2,0,1050,285,285,285,283,283,10,1,43000,43,43,43,3,567,3,567,43000,43,43000,43,959354,43,6357526,999.9447405703887
9030,283543,43000,43000,0,0,0,0,0,959354,43,283500,43,285,285,568,783,1,1000,777,285,285,285,284,284,18,1,43000,43,43,43,3,568,3,568,43000,43,43000,43,959354,43,6364679,999.9447405703887
9040,283792,43000,43000,0,0,0,0,0,959354,43,283749,43,286,286,569,1032,2,0,1032,286,286,286,284,284,0,1,43000,43,43,43,3,569,3,569,43000,43,43000,43,959354,43,6370429,999.9447405703887
9050,284186,43000,43000,0,0,0,0,0,959354,43,284143,43,286,286,569,1426,2,0,1032,286,286,286,284,284,10,1,43000,43,43,43,3,569,3,569,43000,43,43000,43,959354,43,6379468,0
9060,284394,43000,43000,0,0,0,0,0,959354,43,284351,43,286,286,570,635,1,1000,630,286,286,286,285,285,20,1,43000,43,43,43,3,570,3,570,43000,43,43000,43,959354,43,6384275,0
9070,284787,43000,43000,0,0,0,0,0,959354,43,284744,43,287,287,571,1028,2,0,1009,287,287,287,285,285,0,1,43000,43,43,43,3,571,3,571,43000,43,43000,43,959354,43,6393314,0
9080,285188,43000,43000,0,0,0,0,0,959354,43,285145,43,287,287,571,1429,2,0,1009,287,287,287,285,285,10,1,43000,43,43,43,3,571,3,571,43000,43,43000,43,959354,43,6402537,0
9090,285355,43000,43000,0,0,0,0,0,959354,43,285312,43,287,287,572,597,1,1000,498,287,287,287,286,286,18,1,43000,43,43,43,3,572,3,572,43000,43,43000,43,959354,43,6406401,0
9100,285753,43000,43000,0,0,0,0,0,959354,43,285710,43,287,287,572,995,1,1000,498,287,287,287,286,286,28,1,43000,43,43,43,3,572,3,572,43000,43,43000,43,959354,43,6415555,0
9110,286151,43000,43000,0,0,0,0,0,959354,43,286108,43,288,288,573,1393,2,0,1007,288,288,288,286,286,8,1,43000,43,43,43,3,573,3,573,43000,43,43000,43,959354,43,6424732,0
9120,286554,43000,43000,0,0,0,0,0,959354,43,286511,43,288,288,573,1796,2,0,1007,288,288,288,286,286,18,1,43000,43,43,43,3,573,3,573,43000,43,43000,43,959354,43,6433978,0
9130,286758,43000,43000,0,0,0,0,0,959354,43,286715,43,288,288,574,1001,2,1000,869,288,289,288,287,287,30,1,43000,43,43,43,3,574,3,574,43000,43,43000,43,959354,43,6438693,0
9141,287159,43000,43000,0,0,0,0,0,959354,43,287116,43,289,289,575,1402,2,0,1072,289,289,289,287,287,8,1,43000,43,43,43,3,575,3,575,43000,43,43000,43,959354,43,6447916,0
9150,287505,43000,43000,0,0,0,0,0,959354,43,287462,43,289,289,576,749,1,1000,746,289,289,289,288,288,17,1,43000,43,43,43,3,576,3,576,43000,43,43000,43,959354,43,6455897,0
9160,287720,43000,43000,0,0,0,0,0,959354,43,287677,43,289,289,576,964,1,1000,746,289,289,289,288,288,26,1,43000,43,43,43,3,576,3,576,43000,43,43000,43,959354,43,6460865,0
9170,288110,43000,43000,0,0,0,0,0,959354,43,288067,43,290,290,577,1354,2,0,1069,290,290,290,288,288,6,1,43000,43,43,43,3,577,3,577,43000,43,43000,43,959354,43,6469812,0
9180,288371,43000,43000,0,0,0,0,0,959354,43,288328,43,290,290,578,616,1,1000,609,290,290,290,289,289,16,1,43000,43,43,43,3,578,3,578,43000,43,43000,43,959354,43,6475838,0
9190,288707,43000,43000,0,0,0,0,0,959354,43,288664,43,290,290,578,952,1,1000,609,290,290,290,289,289,26,1,43000,43,43,43,3,578,3,578,43000,43,43000,43,959354,43,6483566,0
9200,289065,43000,43000,0,0,0,0,0,959354,43,289022,43,291,291,579,1310,2,0,1039,291,291,291,289,289,6,1,43000,43,43,43,3,579,3,579,43000,43,43000,43,959354,43,6491800,0
9210,289271,43000,43000,0,0,0,0,0,959354,43,289228,43,291,291,580,517,1,1000,472,291,291,291,290,290,16,1,43000,43,43,43,3,580,3,580,43000,43,43000,43,959354,43,6496561,0
9220,289668,43000,43000,0,0,0,0,0,959354,43,289625,43,291,291,580,914,1,1000,472,291,291,291,290,290,26,1,43000,43,43,43,3,580,3,580,43000,43,43000,43,959354,43,6505692,0
9230,290059,43000,43000,0,0,0,0,0,959354,43,290016,43,292,292,581,1305,2,0,1020,292,292,292,290,290,6,1,43000,43,43,43,3,581,3,581,43000,43,43000,43,959354,43,6514685,0
9240,290454,43000,43000,0,0,0,0,0,959354,43,290411,43,292,292,581,1700,2,0,1020,292,292,292,290,290,16,1,43000,43,43,43,3,581,3,581,43000,43,43000,43,959354,43,6523770,0
9250,290668,44000,44000,0,0,0,0,0,982354,44,290624,44,292,292,582,914,1,1000,842,292,292,292,291,291,26,1,44000,44,44,44,3,582,3,582,44000,44,44000,44,982354,44,6528692,999.9447405703887
9260,291028,44000,44000,0,0,0,0,0,982354,44,290984,44,293,293,583,1274,2,0,1019,293,293,293,291,291,6,1,44000,44,44,44,3,583,3,583,44000,44,44000,44,982354,44,6536972,999.9447405703887
9270,291425,44000,44000,0,0,0,0,0,982354,44,291381,44,293,293,583,1671,2,0,1019,293,293,293,291,291,16,1,44000,44,44,44,3,583,3,583,44000,44,44000,44,982354,44,6546103,999.9447405703887
9280,291631,44000,44000,0,0,0,0,0,982354,44,291587,44,293,293,584,878,1,1000,694,293,293,293,292,292,26,1,44000,44,44,44,3,584,3,584,44000,44,44000,44,982354,44,6550864,999.9447405703887
9290,292029,44000,44000,0,0,0,0,0,982354,44,291985,44,294,294,585,1276,2,0,1003,294,294,294,292,292,6,1,44000,44,44,44,3,585,3,585,44000,44,44000,44,982354,44,6560018,999.9447405703887
9300,292317,44000,44000,0,0,0,0,0,982354,44,292273,44,294,294,586,565,1,1000,559,294,294,294,293,293,16,1,44000,44,44,44,3,586,3,586,44000,44,44000,44,982354,44,6566665,999.9447405703887
9310,292600,45000,45000,0,0,0,0,0,1005354,45,292555,45,294,294,586,847,1,1000,559,294,294,294,293,293,26,1,45000,45,45,45,3,586,3,586,45000,45,45000,45,1005354,45,6573174,999.9447405703887
9320,292951,45000,45000,0,0,0,0,0,1005354,45,292906,45,295,295,587,1199,2,0,1049,295,295,295,293,293,2,1,45000,45,45,45,3,587,3,587,45000,45,45000,45,1005354,45,6581247,999.9447405703887
9330,293352,45000,45000,0,0,0,0,0,1005354,45,293307,45,295,295,587,1599,2,0,1049,295,295,295,293,293,14,1,45000,45,45,45,3,587,3,587,45000,45,45000,45,1005354,45,6590470,999.9447405703887
9340,293636,45000,45000,0,0,0,0,0,1005354,45,293591,45,295,295,588,884,1,1000,882,295,295,295,294,294,24,1,45000,45,45,45,3,588,3,588,45000,45,45000,45,1005354,45,6597002,999.9447405703887
9350,293954,46000,46000,0,0,0,0,0,1028354,46,293908,46,296,296,589,1201,2,0,1027,296,296,296,294,294,4,1,46000,46,46,46,3,589,3,589,46000,46,46000,46,1028354,46,6604293,999.9447405703887
9360,294353,46000,46000,0,0,0,0,0,1028354,46,294307,46,296,296,589,1600,2,0,1027,296,296,296,294,294,14,1,46000,46,46,46,3,589,3,589,46000,46,46000,46,1028354,46,6613470,999.9447405703887
9370,294525,46000,46000,0,0,0,0,0,1028354,46,294479,46,296,296,590,773,1,1000,747,296,296,296,295,295,22,1,46000,46,46,46,3,590,3,590,46000,46,46000,46,1028354,46,6617449,999.9447405703887
9380,294928,46000,46000,0,0,0,0,0,1028354,46,294882,46,297,297,591,1176,2,0,1034,297,297,297,295,295,2,1,46000,46,46,46,3,591,3,591,46000,46,46000,46,1028354,46,6626718,999.9447405703887
9390,295321,46000,46000,0,0,0,0,0,1028354,46,295275,46,297,297,591,1569,2,0,1034,297,297,297,295,295,12,1,46000,46,46,46,3,591,3,591,46000,46,46000,46,1028354,46,6635757,0
9400,295531,46000,46000,0,0,0,0,0,1028354,46,295485,46,297,297,592,780,1,1000,606,297,297,297,296,296,22,1,46000,46,46,46,3,592,3,592,46000,46,46000,46,1028354,46,6640610,0
9410,295936,46000,46000,0,0,0,0,0,1028354,46,295890,46,298,298,593,1185,2,0,1020,298,298,298,296,296,4,1,46000,46,46,46,3,593,3,593,46000,46,46000,46,1028354,46,6649925,0
9420,296333,46000,46000,0,0,0,0,0,1028354,46,296287,46,298,298,593,1582,2,0,1020,298,298,298,296,296,14,1,46000,46,46,46,3,593,3,593,46000,46,46000,46,1028354,46,6659056,0
9430,296503,46000,46000,0,0,0,0,0,1028354,46,296457,46,298,298,594,753,1,1000,635,298,298,298,297,297,22,1,46000,46,46,46,3,594,3,594,46000,46,46000,46,1028354,46,6662989,0
9440,296895,46000,46000,0,0,0,0,0,1028354,46,296849,46,299,299,595,1145,2,0,1007,299,299,299,297,297,2,1,46000,46,46,46,3,595,3,595,46000,46,46000,46,1028354,46,6672005,0
9450,297297,46000,46000,0,0,0,0,0,1028354,46,297251,46,299,299,595,1547,2,0,1007,299,299,299,297,297,12,1,46000,46,46,46,3,595,3,595,46000,46,46000,46,1028354,46,6681251,0
9460,297628,46000,46000,0,0,0,0,0,1028354,46,297582,46,299,299,596,879,1,1000,873,299,299,299,298,298,22,1,46000,46,46,46,3,596,3,596,46000,46,46000,46,1028354,46,6688887,0
9470,297897,46000,46000,0,0,0,0,0,1028354,46,297851,46,300,300,597,1148,2,0,1007,300,300,300,298,298,2,1,46000,46,46,46,3,597,3,597,46000,46,46000,46,1028354,46,6695074,0
9481,298299,46000,46000,0,0,0,0,0,1028354,46,298253,46,300,300,597,1550,2,0,1007,300,300,300,298,298,12,1,46000,46,46,46,3,597,3,597,46000,46,46000,46,1028354,46,6704343,0
9490,298491,46000,46000,0,0,0,0,0,1028354,46,298445,46,300,300,598,743,1,1000,740,300,300,300,299,299,22,1,46000,46,46,46,3,598,3,598,46000,46,46000,46,1028354,46,6708759,0
9500,298862,46000,46000,0,0,0,0,0,1028354,46,298816,46,301,301,599,1114,2,0,1067,301,301,301,299,299,0,1,46000,46,46,46,3,599,3,599,46000,46,46000,46,1028354,46,6717292,0
9510,299261,46000,46000,0,0,0,0,0,1028354,46,299215,46,301,301,599,1513,2,0,1067,301,301,301,299,299,10,1,46000,46,46,46,3,599,3,599,46000,46,46000,46,1028354,46,6726469,0
9520,299473,47000,47000,0,0,0,0,0,1051354,47,299426,47,301,301,600,725,1,1000,602,301,301,301,300,300,20,1,47000,47,47,47,3,600,3,600,47000,47,47000,47,1051354,47,6731345,999.9447405703887
9530,299861,47000,47000,0,0,0,0,0,1051354,47,299814,47,302,302,601,1113,2,0,1067,302,302,302,300,300,0,1,47000,47,47,47,3,601,3,601,47000,47,47000,47,1051354,47,6740269,999.9447405703887
9540,300220,47000,47000,0,0,0,0,0,1051354,47,300173,47,302,302,601,1472,2,0,1067,302,302,302,300,300,10,1,47000,47,47,47,3,601,3,601,47000,47,47000,47,1051354,47,6748526,999.9447405703887
9550,300617,47000,47000,0,0,0,0,0,1051354,47,300570,47,302,302,601,1869,2,0,1067,302,302,302,300,300,20,1,47000,47,47,47,3,601,3,601,47000,47,47000,47,1051354,47,6757657,999.9447405703887
9560,300818,47000,47000,0,0,0,0,0,1051354,47,300771,47,303,303,603,1071,2,0,1043,303,303,303,301,301,0,1,47000,47,47,47,3,603,3,603,47000,47,47000,47,1051354,47,6762303,999.9447405703887
9570,301169,47000,47000,0,0,0,0,0,1051354,47,301122,47,303,303,604,423,1,1000,420,303,303,303,302,302,10,1,47000,47,47,47,3,604,3,604,47000,47,47000,47,1051354,47,6770399,999.9447405703887
9580,301419,47000,47000,0,0,0,0,0,1051354,47,301372,47,303,303,604,673,1,1000,420,303,303,303,302,302,20,1,47000,47,47,47,3,604,3,604,47000,47,47000,47,1051354,47,6776149,0
9590,301814,47000,47000,0,0,0,0,0,1051354,47,301767,47,304,304,605,1068,2,0,1037,304,304,304,302,302,0,1,47000,47,47,47,3,605,3,605,47000,47,47000,47,1051354,47,6785234,0
9600,302176,47000,47000,0,0,0,0,0,1051354,47,302129,47,304,304,605,1430,2,0,1037,304,304,304,302,302,8,1,47000,47,47,47,3,605,3,605,47000,47,47000,47,1051354,47,6793560,0
9610,302275,48000,48000,0,0,0,0,0,1074354,48,302227,48,304,304,606,529,1,1000,471,304,304,304,303,303,19,1,48000,48,48,48,3,606,3,606,48000,48,48000,48,1074354,48,6795837,999.9447405703887
9620,302668,48000,48000,0,0,0,0,0,1074354,48,302620,48,304,304,606,922,1,1000,471,304,304,304,303,303,29,1,48000,48,48,48,3,606,3,606,48000,48,48000,48,1074354,48,6804876,999.9447405703887
9630,303068,48000,48000,0,0,0,0,0,1074354,48,303020,48,305,305,607,1322,2,0,1057,305,305,305,303,303,6,1,48000,48,48,48,3,607,3,607,48000,48,48000,48,1074354,48,6814076,999.9447405703887
9640,303464,48000,48000,0,0,0,0,0,1074354,48,303416,48,305,305,607,1718,2,0,1057,305,305,305,303,303,16,1,48000,48,48,48,3,607,3,607,48000,48,48000,48,1074354,48,6823184,999.9447405703887
9650,303672,49000,49000,0,0,0,0,0,1097354,49,303623,49,305,305,608,926,1,1000,848,305,305,305,304,304,26,1,49000,49,49,49,3,608,3,608,49000,49,49000,49,1097354,49,6827968,999.9447405703887
9660,304032,49000,49000,0,0,0,0,0,1097354,49,303983,49,306,306,609,1286,2,0,1054,306,306,306,304,304,4,1,49000,49,49,49,3,609,3,609,49000,49,49000,49,1097354,49,6836248,999.9447405703887
9670,304427,49000,49000,0,0,0,0,0,1097354,49,304378,49,306,306,609,1681,2,0,1054,306,306,306,304,304,16,1,49000,49,49,49,3,609,3,609,49000,49,49000,49,1097354,49,6845333,999.9447405703887
9680,304630,49000,49000,0,0,0,0,0,1097354,49,304581,49,306,306,610,885,1,1000,708,306,306,306,305,305,26,1,49000,49,49,49,3,610,3,610,49000,49,49000,49,1097354,49,6850025,999.9447405703887
9690,305022,49000,49000,0,0,0,0,0,1097354,49,304973,49,307,307,611,1277,2,0,1030,307,307,307,305,305,6,1,49000,49,49,49,3,611,3,611,49000,49,49000,49,1097354,49,6859041,0
9700,305326,49000,49000,0,0,0,0,0,1097354,49,305277,49,307,307,612,582,1,1000,574,307,307,307,306,306,16,1,49000,49,49,49,3,612,3,612,49000,49,49000,49,1097354,49,6866056,0
9710,305587,49000,49000,0,0,0,0,0,1097354,49,305538,49,307,307,612,843,1,1000,574,307,307,307,306,306,24,1,49000,49,49,49,3,612,3,612,49000,49,49000,49,1097354,49,6872059,0
9720,305987,49000,49000,0,0,0,0,0,1097354,49,305938,49,308,308,613,1243,2,0,1007,308,308,308,306,306,4,1,49000,49,49,49,3,613,3,613,49000,49,49000,49,1097354,49,6881259,0
9730,306389,49000,49000,0,0,0,0,0,1097354,49,306340,49,308,308,613,1645,2,0,1007,308,308,308,306,306,14,1,49000,49,49,49,3,613,3,613,49000,49,49000,49,1097354,49,6890505,0
9740,306670,49000,49000,0,0,0,0,0,1097354,49,306621,49,308,308,614,927,1,1000,924,308,308,308,307,307,24,1,49000,49,49,49,3,614,3,614,49000,49,49000,49,1097354,49,6896991,0
9750,306990,49000,49000,0,0,0,0,0,1097354,49,306941,49,309,309,615,1247,2,0,1009,309,309,309,307,307,6,1,49000,49,49,49,3,615,3,615,49000,49,49000,49,1097354,49,6904351,0
9760,307199,50000,50000,0,0,0,0,0,1120354,50,307149,50,309,309,616,456,1,1000,417,309,309,309,308,308,16,1,50000,50,50,50,3,616,3,616,50000,50,50000,50,1120354,50,6909158,999.9447405703887
9770,307561,50000,50000,0,0,0,0,0,1120354,50,307511,50,309,309,616,818,1,1000,417,309,309,309,308,308,24,1,50000,50,50,50,3,616,3,616,50000,50,50000,50,1120354,50,6917484,999.9447405703887
9780,307955,50000,50000,0,0,0,0,0,1120354,50,307905,50,310,310,617,1212,2,0,1077,310,310,310,308,308,2,1,50000,50,50,50,3,617,3,617,50000,50,50000,50,1120354,50,6926546,999.9447405703887
9790,308356,50000,50000,0,0,0,0,0,1120354,50,308306,50,310,310,617,1613,2,0,1077,310,310,310,308,308,12,1,50000,50,50,50,3,617,3,617,50000,50,50000,50,1120354,50,6935769,999.9447405703887
9800,308565,50000,50000,0,0,0,0,0,1120354,50,308515,50,310,310,618,823,1,1000,666,310,310,310,309,309,22,1,50000,50,50,50,3,618,3,618,50000,50,50000,50,1120354,50,6940599,999.9447405703887
9810,308962,50000,50000,0,0,0,0,0,1120354,50,308912,50,311,311,619,1220,2,0,1078,311,311,311,309,309,2,1,50000,50,50,50,3,619,3,619,50000,50,50000,50,1120354,50,6949730,999.9447405703887
9820,309271,50000,50000,0,0,0,0,0,1120354,50,309221,50,311,311,620,530,1,1000,523,311,311,311,310,310,12,1,50000,50,50,50,3,620,3,620,50000,50,50000,50,1120354,50,6956860,0
9830,309526,50000,50000,0,0,0,0,0,1120354,50,309476,50,311,311,620,785,1,1000,523,311,311,311,310,310,22,1,50000,50,50,50,3,620,3,620,50000,50,50000,50,1120354,50,6962748,0
9840,309927,50000,50000,0,0,0,0,0,1120354,50,309877,50,312,312,621,1186,2,0,1062,312,312,312,310,310,2,1,50000,50,50,50,3,621,3,621,50000,50,50000,50,1120354,50,6971948,0
9850,310321,50000,50000,0,0,0,0,0,1120354,50,310271,50,312,312,621,1580,2,0,1062,312,312,312,310,310,12,1,50000,50,50,50,3,621,3,621,50000,50,50000,50,1120354,50,6981010,0
9860,310632,50000,50000,0,0,0,0,0,1120354,50,310582,50,312,312,622,892,1,1000,890,312,312,312,311,311,22,1,50000,50,50,50,3,622,3,622,50000,50,50000,50,1120354,50,6988186,0
9870,310927,51000,51000,0,0,0,0,0,1143354,51,310876,51,313,313,623,1186,2,0,1055,313,313,313,311,311,2,1,51000,51,51,51,3,623,3,623,51000,51,51000,51,1143354,51,6994971,999.9447405703887
9880,311327,51000,51000,0,0,0,0,0,1143354,51,311276,51,313,313,623,1586,2,0,1055,313,313,313,311,311,12,1,51000,51,51,51,3,623,3,623,51000,51,51000,51,1143354,51,7004148,999.9447405703887
9890,311501,51000,51000,0,0,0,0,0,1143354,51,311450,51,313,313,624,761,1,1000,753,313,313,313,312,312,22,1,51000,51,51,51,3,624,3,624,51000,51,51000,51,1143354,51,7008173,999.9447405703887
9900,311891,51000,51000,0,0,0,0,0,1143354,51,311840,51,314,314,625,1151,2,0,1047,314,314,314,312,312,2,1,51000,51,51,51,3,625,3,625,51000,51,51000,51,1143354,51,7017166,999.9447405703887
9910,312162,51000,51000,0,0,0,0,0,1143354,51,312111,51,314,314,626,423,1,1000,419,314,314,314,313,313,12,1,51000,51,51,51,3,626,3,626,51000,51,51000,51,1143354,51,7023399,999.9447405703887
9920,312373,51000,51000,0,0,0,0,0,1143354,51,312322,51,314,314,626,635,1,1000,419,314,314,314,313,313,22,1,51000,51,51,51,3,626,3,626,51000,51,51000,51,1143354,51,7028275,999.9447405703887
9930,312772,51000,51000,0,0,0,0,0,1143354,51,312721,51,314,314,626,1033,2,1000,419,314,315,314,313,313,32,1,51000,51,51,51,3,626,3,626,51000,51,51000,51,1143354,51,7037429,0
9940,313132,51000,51000,0,0,0,0,0,1143354,51,313081,51,315,315,627,1393,2,0,1164,315,315,315,313,313,4,1,51000,51,51,51,3,627,3,627,51000,51,51000,51,1143354,51,7045709,0
9950,313527,51000,51000,0,0,0,0,0,1143354,51,313476,51,315,315,627,1788,2,0,1164,315,315,315,313,313,14,1,51000,51,51,51,3,627,3,627,51000,51,51000,51,1143354,51,7054840,0
9960,313733,52000,52000,0,0,0,0,0,1166354,52,313681,52,315,315,628,994,1,1000,812,315,315,315,314,314,26,1,52000,52,52,52,3,628,3,628,52000,52,52000,52,1166354,52,7059532,999.9447405703887
9970,314131,52000,52000,0,0,0,0,0,1166354,52,314079,52,316,316,629,1392,2,0,1072,316,316,316,314,314,8,1,52000,52,52,52,3,629,3,629,52000,52,52000,52,1166354,52,7068686,999.9447405703887
9980,314427,52000,52000,0,0,0,0,0,1166354,52,314375,52,316,316,630,689,1,1000,677,316,316,316,315,315,18,1,52000,52,52,52,3,630,3,630,52000,52,52000,52,1166354,52,7075517,999.9447405703887
9990,314745,52000,52000,0,0,0,0,0,1166354,52,314693,52,316,316,630,1007,2,1000,677,316,317,316,315,315,28,1,52000,52,52,52,3,630,3,630,52000,52,52000,52,1166354,52,7082831,999.9447405703887
10000,315105,52000,52000,0,0,0,0,0,1166354,52,315053,52,317,317,631,1367,2,0,1061,317,317,317,315,315,6,1,52000,52,52,52,3,631,3,631,52000,52,52000,52,1166354,52,7091111,999.9447405703887
10010,315312,52000,52000,0,0,0,0,0,1166354,52,315260,52,317,317,632,575,1,1000,537,317,317,317,316,316,16,1,52000,52,52,52,3,632,3,632,52000,52,52000,52,1166354,52,7095895,999.9447405703887
10020,315713,52000,52000,0,0,0,0,0,1166354,52,315661,52,317,317,632,976,1,1000,537,317,317,317,316,316,26,1,52000,52,52,52,3,632,3,632,52000,52,52000,52,1166354,52,7105118,0
10030,316110,52000,52000,0,0,0,0,0,1166354,52,316058,52,318,318,633,1373,2,0,1066,318,318,318,316,316,6,1,52000,52,52,52,3,633,3,633,52000,52,52000,52,1166354,52,7114249,0
10040,316502,52000,52000,0,0,0,0,0,1166354,52,316450,52,318,318,633,1765,2,0,1066,318,318,318,316,316,16,1,52000,52,52,52,3,633,3,633,52000,52,52000,52,1166354,52,7123265,0
10050,316700,52000,52000,0,0,0,0,0,1166354,52,316648,52,318,318,634,964,1,1000,900,318,318,318,317,317,28,1,52000,52,52,52,3,634,3,634,52000,52,52000,52,1166354,52,7127842,0
10060,317036,52000,52000,0,0,0,0,0,1166354,52,316984,52,319,319,635,1300,2,0,1028,319,319,319,317,317,6,1,52000,52,52,52,3,635,3,635,52000,52,52000,52,1166354,52,7135570,0
10070,317232,52000,52000,0,0,0,0,0,1166354,52,317180,52,319,319,636,497,1,1000,453,319,319,319,318,318,16,1,52000,52,52,52,3,636,3,636,52000,52,52000,52,1166354,52,7140101,0
10080,317630,52000,52000,0,0,0,0,0,1166354,52,317578,52,319,319,636,895,1,1000,453,319,319,319,318,318,26,1,52000,52,52,52,3,636,3,636,52000,52,52000,52,1166354,52,7149255,0
10090,318020,52000,52000,0,0,0,0,0,1166354,52,317968,52,320,320,637,1285,2,0,1003,320,320,320,318,318,6,1,52000,52,52,52,3,637,3,637,52000,52,52000,52,1166354,52,7158225,0
10100,318404,52000,52000,0,0,0,0,0,1166354,52,318352,52,320,320,638,670,1,1000,659,320,320,320,319,319,17,1,52000,52,52,52,3,638,3,638,52000,52,52000,52,1166354,52,7167080,0
10110,318621,52000,52000,0,0,0,0,0,1166354,52,318569,52,320,320,638,887,1,1000,659,320,320,320,319,319,26,1,52000,52,52,52,3,638,3,638,52000,52,52000,52,1166354,52,7172071,0
10120,318977,52000,52000,0,0,0,0,0,1166354,52,318925,52,321,321,639,1243,2,0,1057,321,321,321,319,319,4,1,52000,52,52,52,3,639,3,639,52000,52,52000,52,1166354,52,7180259,0
10130,319258,52000,52000,0,0,0,0,0,1166354,52,319206,52,321,321,640,525,1,1000,522,321,321,321,320,320,14,1,52000,52,52,52,3,640,3,640,52000,52,52000,52,1166354,52,7186745,0
10140,319570,52000,52000,0,0,0,0,0,1166354,52,319518,52,321,321,640,837,1,1000,522,321,321,321,320,320,24,1,52000,52,52,52,3,640,3,640,52000,52,52000,52,1166354,52,7193921,0
10150,319970,52000,52000,0,0,0,0,0,1166354,52,319918,52,322,322,641,1237,2,0,1046,322,322,322,320,320,4,1,52000,52,52,52,3,641,3,641,52000,52,52000,52,1166354,52,7203121,0
10160,320366,52000,52000,0,0,0,0,0,1166354,52,320314,52,322,322,641,1633,2,0,1046,322,322,322,320,320,14,1,52000,52,52,52,3,641,3,641,52000,52,52000,52,1166354,52,7212229,0
10170,320589,52000,52000,0,0,0,0,0,1166354,52,320537,52,322,322,642,857,1,1000,850,322,322,322,321,321,24,1,52000,52,52,52,3,642,3,642,52000,52,52000,52,1166354,52,7217381,0
10180,320931,52000,52000,0,0,0,0,0,1166354,52,320879,52,323,323,643,1199,2,0,1031,323,323,323,321,321,4,1,52000,52,52,52,3,643,3,643,52000,52,52000,52,1166354,52,7225247,0
10190,321326,52000,52000,0,0,0,0,0,1166354,52,321274,52,323,323,643,1594,2,0,1031,323,323,323,321,321,14,1,52000,52,52,52,3,643,3,643,52000,52,52000,52,1166354,52,7234332,0
10200,321534,52000,52000,0,0,0,0,0,1166354,52,321482,52,323,323,644,803,1,1000,783,323,323,323,322,322,24,1,52000,52,52,52,3,644,3,644,52000,52,52000,52,1166354,52,7239139,0
10210,321812,52000,52000,0,0,0,0,0,1166354,52,321760,52,324,324,645,1081,2,0,1051,324,324,324,322,322,0,1,52000,52,52,52,3,645,3,645,52000,52,52000,52,1166354,52,7245533,0
10220,322207,52000,52000,0,0,0,0,0,1166354,52,322155,52,324,324,645,1476,2,0,1051,324,324,324,322,322,10,1,52000,52,52,52,3,645,3,645,52000,52,52000,52,1166354,52,7254618,0
10231,322598,52000,52000,0,0,0,0,0,1166354,52,322546,52,324,324,645,1867,2,0,1051,324,324,324,322,322,20,1,52000,52,52,52,3,645,3,645,52000,52,52000,52,1166354,52,7263611,0
10240,322760,52000,52000,0,0,0,0,0,1166354,52,322708,52,324,324,646,1030,2,1000,960,324,325,324,323,323,28,1,52000,52,52,52,3,646,3,646,52000,52,52000,52,1166354,52,7267360,0
10250,323155,52000,52000,0,0,0,0,0,1166354,52,323103,52,325,325,647,1425,2,0,1036,325,325,325,323,323,10,1,52000,52,52,52,3,647,3,647,52000,52,52000,52,1166354,52,7276445,0
10260,323445,52000,52000,0,0,0,0,0,1166354,52,323393,52,325,325,648,716,1,1000,706,325,325,325,324,324,20,1,52000,52,52,52,3,648,3,648,52000,52,52000,52,1166354,52,7283138,0
10270,323750,52000,52000,0,0,0,0,0,1166354,52,323698,52,326,326,649,1021,2,0,1010,326,326,326,324,324,0,1,52000,52,52,52,3,649,3,649,52000,52,52000,52,1166354,52,7290153,0
10280,324150,52000,52000,0,0,0,0,0,1166354,52,324098,52,326,326,649,1421,2,0,1010,326,326,326,324,324,10,1,52000,52,52,52,3,649,3,649,52000,52,52000,52,1166354,52,7299353,0
10290,324449,52000,52000,0,0,0,0,0,1166354,52,324397,52,326,326,650,721,1,1000,718,326,326,326,325,325,18,1,52000,52,52,52,3,650,3,650,52000,52,52000,52,1166354,52,7306253,0
10300,324707,52000,52000,0,0,0,0,0,1166354,52,324655,52,326,326,650,979,1,1000,718,326,326,326,325,325,28,1,52000,52,52,52,3,650,3,650,52000,52,52000,52,1166354,52,7312187,0
10310,325108,52000,52000,0,0,0,0,0,1166354,52,325056,52,327,327,651,1380,2,0,1002,327,327,327,325,325,8,1,52000,52,52,52,3,651,3,651,52000,52,52000,52,1166354,52,7321410,0
10320,325315,52000,52000,0,0,0,0,0,1166354,52,325263,52,327,327,652,588,1,1000,578,327,327,327,326,326,18,1,52000,52,52,52,3,652,3,652,52000,52,52000,52,1166354,52,7326194,0
10330,325708,52000,52000,0,0,0,0,0,1166354,52,325656,52,327,327,652,981,1,1000,578,327,327,327,326,326,28,1,52000,52,52,52,3,652,3,652,52000,52,52000,52,1166354,52,7335233,0
10340,326101,52000,52000,0,0,0,0,0,1166354,52,326049,52,328,328,653,1374,2,0,1071,328,328,328,326,326,6,1,52000,52,52,52,3,653,3,653,52000,52,52000,52,1166354,52,7344272,0
10350,326503,52000,52000,0,0,0,0,0,1166354,52,326451,52,328,328,653,1776,2,0,1071,328,328,328,326,326,16,1,52000,52,52,52,3,653,3,653,52000,52,52000,52,1166354,52,7353518,0
10360,326670,52000,52000,0,0,0,0,0,1166354,52,326618,52,328,328,654,944,1,1000,880,328,328,328,327,327,26,1,52000,52,52,52,3,654,3,654,52000,52,52000,52,1166354,52,7357382,0
10370,327066,52000,52000,0,0,0,0,0,1166354,52,327014,52,329,329,655,1340,2,0,1064,329,329,329,327,327,6,1,52000,52,52,52,3,655,3,655,52000,52,52000,52,1166354,52,7366490,0
10380,327463,52000,52000,0,0,0,0,0,1166354,52,327411,52,329,329,656,738,1,1000,733,329,329,329,328,328,17,1,52000,52,52,52,3,656,3,656,52000,52,52000,52,1166354,52,7375644,0
10390,327669,52000,52000,0,0,0,0,0,1166354,52,327617,52,329,329,656,944,1,1000,733,329,329,329,328,328,26,1,52000,52,52,52,3,656,3,656,52000,52,52000,52,1166354,52,7380382,0
10400,328067,52000,52000,0,0,0,0,0,1166354,52,328015,52,330,330,657,1342,2,0,1048,330,330,330,328,328,6,1,52000,52,52,52,3,657,3,657,52000,52,52000,52,1166354,52,7389559,0
10410,328413,52000,52000,0,0,0,0,0,1166354,52,328361,52,330,330,658,689,1,1000,677,330,330,330,329,329,16,1,52000,52,52,52,3,658,3,658,52000,52,52000,52,1166354,52,7397517,0
10420,328640,52000,52000,0,0,0,0,0,1166354,52,328588,52,330,330,658,916,1,1000,677,330,330,330,329,329,26,1,52000,52,52,52,3,658,3,658,52000,52,52000,52,1166354,52,7402738,0
10430,329028,52000,52000,0,0,0,0,0,1166354,52,328976,52,331,331,659,1304,2,0,1049,331,331,331,329,329,6,1,52000,52,52,52,3,659,3,659,52000,52,52000,52,1166354,52,7411662,0
10440,329288,52000,52000,0,0,0,0,0,1166354,52,329236,52,331,331,660,565,1,1000,554,331,331,331,330,330,16,1,52000,52,52,52,3,660,3,660,52000,52,52000,52,1166354,52,7417665,0
10450,329644,52000,52000,0,0,0,0,0,1166354,52,329592,52,331,331,660,921,1,1000,554,331,331,331,330,330,26,1,52000,52,52,52,3,660,3,660,52000,52,52000,52,1166354,52,7425853,0
10460,330041,52000,52000,0,0,0,0,0,1166354,52,329989,52,332,332,661,1318,2,0,1043,332,332,332,330,330,6,1,52000,52,52,52,3,661,3,661,52000,52,52000,52,1166354,52,7434984,0
10470,330440,52000,52000,0,0,0,0,0,1166354,52,330388,52,332,332,661,1717,2,0,1043,332,332,332,330,330,16,1,52000,52,52,52,3,661,3,661,52000,52,52000,52,1166354,52,7444161,0
10480,330672,52000,52000,0,0,0,0,0,1166354,52,330620,52,332,332,662,950,1,1000,945,332,332,332,331,331,26,1,52000,52,52,52,3,662,3,662,52000,52,52000,52,1166354,52,7449520,0
10490,331010,53000,53000,0,0,0,0,0,1189354,53,330957,53,333,333,663,1287,2,0,1034,333,333,333,331,331,6,1,53000,53,53,53,3,663,3,663,53000,53,53000,53,1189354,53,7457271,999.9447405703887
10500,331407,53000,53000,0,0,0,0,0,1189354,53,331354,53,333,333,663,1684,2,0,1034,333,333,333,331,331,16,1,53000,53,53,53,3,663,3,663,53000,53,53000,53,1189354,53,7466402,999.9447405703887
10510,331496,53000,53000,0,0,0,0,0,1189354,53,331443,53,333,333,664,774,1,1000,698,333,333,333,332,332,26,1,53000,53,53,53,3,664,3,664,53000,53,53000,53,1189354,53,7468472,999.9447405703887
10520,331885,53000,53000,0,0,0,0,0,1189354,53,331832,53,334,334,665,1163,2,0,1050,334,334,334,332,332,2,1,53000,53,53,53,3,665,3,665,53000,53,53000,53,1189354,53,7477419,999.9447405703887
10530,332207,53000,53000,0,0,0,0,0,1189354,53,332154,53,334,334,666,486,1,1000,484,334,334,334,333,333,12,1,53000,53,53,53,3,666,3,666,53000,53,53000,53,1189354,53,7484848,999.9447405703887
10540,332449,53000,53000,0,0,0,0,0,1189354,53,332396,53,334,334,666,728,1,1000,484,334,334,334,333,333,22,1,53000,53,53,53,3,666,3,666,53000,53,53000,53,1189354,53,7490414,999.9447405703887
10550,332846,53000,53000,0,0,0,0,0,1189354,53,332793,53,335,335,667,1125,2,0,1030,335,335,335,333,333,2,1,53000,53,53,53,3,667,3,667,53000,53,53000,53,1189354,53,7499545,0
10560,333244,53000,53000,0,0,0,0,0,1189354,53,333191,53,335,335,667,1523,2,0,1030,335,335,335,333,333,12,1,53000,53,53,53,3,667,3,667,53000,53,53000,53,1189354,53,7508699,0
10570,333581,53000,53000,0,0,0,0,0,1189354,53,333528,53,335,335,668,861,1,1000,852,335,335,335,334,334,22,1,53000,53,53,53,3,668,3,668,53000,53,53000,53,1189354,53,7516473,0
10580,333847,53000,53000,0,0,0,0,0,1189354,53,333794,53,336,336,669,1127,2,0,1038,336,336,336,334,334,2,1,53000,53,53,53,3,669,3,669,53000,53,53000,53,1189354,53,7522591,0
10590,334244,53000,53000,0,0,0,0,0,1189354,53,334191,53,336,336,669,1524,2,0,1038,336,336,336,334,334,12,1,53000,53,53,53,3,669,3,669,53000,53,53000,53,1189354,53,7531745,0
10600,334430,53000,53000,0,0,0,0,0,1189354,53,334377,53,336,336,670,711,1,1000,707,336,336,336,335,335,20,1,53000,53,53,53,3,670,3,670,53000,53,53000,53,1189354,53,7536023,0
10610,334806,54000,54000,0,0,0,0,0,1212354,54,334752,54,337,337,671,1086,2,0,1010,337,337,337,335,335,0,1,54000,54,54,54,3,671,3,671,54000,54,54000,54,1212354,54,7544648,999.9447405703887
10620,335206,54000,54000,0,0,0,0,0,1212354,54,335152,54,337,337,671,1486,2,0,1010,337,337,337,335,335,12,1,54000,54,54,54,3,671,3,671,54000,54,54000,54,1212354,54,7553848,999.9447405703887
10630,335414,54000,54000,0,0,0,0,0,1212354,54,335360,54,337,337,672,695,1,1000,571,337,337,337,336,336,22,1,54000,54,54,54,3,672,3,672,54000,54,54000,54,1212354,54,7558655,999.9447405703887
10640,335804,54000,54000,0,0,0,0,0,1212354,54,335750,54,338,338,673,1085,2,0,1015,338,338,338,336,336,0,1,54000,54,54,54,3,673,3,673,54000,54,54000,54,1212354,54,7567625,999.9447405703887
10650,336210,54000,54000,0,0,0,0,0,1212354,54,336156,54,338,338,673,1491,2,0,1015,338,338,338,336,336,12,1,54000,54,54,54,3,673,3,673,54000,54,54000,54,1212354,54,7576963,999.9447405703887
10660,336609,54000,54000,0,0,0,0,0,1212354,54,336555,54,338,338,673,1890,2,0,1015,338,338,338,336,336,22,1,54000,54,54,54,3,673,3,673,54000,54,54000,54,1212354,54,7586140,0
10670,336776,54000,54000,0,0,0,0,0,1212354,54,336722,54,339,339,675,1058,2,0,1009,339,339,339,337,337,0,1,54000,54,54,54,3,675,3,675,54000,54,54000,54,1212354,54,7590004,0
10680,337165,54000,54000,0,0,0,0,0,1212354,54,337111,54,339,339,676,448,1,1000,442,339,339,339,338,338,11,1,54000,54,54,54,3,676,3,676,54000,54,54000,54,1212354,54,7598974,0
10690,337389,55000,55000,0,0,0,0,0,1235354,55,337334,55,339,339,676,671,1,1000,442,339,339,339,338,338,20,1,55000,55,55,55,3,676,3,676,55000,55,55000,55,1235354,55,7604103,999.9447405703887
10700,337779,55000,55000,0,0,0,0,0,1235354,55,337724,55,339,339,676,1061,2,1000,442,339,340,339,338,338,30,1,55000,55,55,55,3,676,3,676,55000,55,55000,55,1235354,55,7613073,999.9447405703887
10710,338175,55000,55000,0,0,0,0,0,1235354,55,338120,55,340,340,677,1457,2,0,1162,340,340,340,338,338,6,1,55000,55,55,55,3,677,3,677,55000,55,55000,55,1235354,55,7622181,999.9447405703887
10720,338407,55000,55000,0,0,0,0,0,1235354,55,338352,55,340,340,678,690,1,1000,683,340,340,340,339,339,16,1,55000,55,55,55,3,678,3,678,55000,55,55000,55,1235354,55,7627540,999.9447405703887
10730,338744,56000,56000,0,0,0,0,0,1258354,56,338688,56,340,340,678,1026,2,1000,683,340,341,340,339,339,26,1,56000,56,56,56,3,678,3,678,56000,56,56000,56,1258354,56,7635268,999.9447405703887
10740,339140,56000,56000,0,0,0,0,0,1258354,56,339084,56,341,341,679,1422,2,0,1065,341,341,341,339,339,8,1,56000,56,56,56,3,679,3,679,56000,56,56000,56,1258354,56,7644376,999.9447405703887
10750,339344,56000,56000,0,0,0,0,0,1258354,56,339288,56,341,341,680,627,1,1000,536,341,341,341,340,340,18,1,56000,56,56,56,3,680,3,680,56000,56,56000,56,1258354,56,7649091,999.9447405703887
10760,339746,56000,56000,0,0,0,0,0,1258354,56,339690,56,341,341,680,1029,2,1000,536,341,342,341,340,340,28,1,56000,56,56,56,3,680,3,680,56000,56,56000,56,1258354,56,7658337,999.9447405703887
10770,340147,56000,56000,0,0,0,0,0,1258354,56,340091,56,342,342,681,1430,2,0,1055,342,342,342,340,340,8,1,56000,56,56,56,3,681,3,681,56000,56,56000,56,1258354,56,7667560,0
10780,340505,56000,56000,0,0,0,0,0,1258354,56,340449,56,342,342,681,1788,2,0,1055,342,342,342,340,340,18,1,56000,56,56,56,3,681,3,681,56000,56,56000,56,1258354,56,7675794,0
10790,340703,56000,56000,0,0,0,0,0,1258354,56,340647,56,342,342,682,987,1,1000,917,342,342,342,341,341,28,1,56000,56,56,56,3,682,3,682,56000,56,56000,56,1258354,56,7680394,0
10800,341110,56000,56000,0,0,0,0,0,1258354,56,341054,56,343,343,683,1394,2,0,1052,343,343,343,341,341,8,1,56000,56,56,56,3,683,3,683,56000,56,56000,56,1258354,56,7689732,0
10810,341275,56000,56000,0,0,0,0,0,1258354,56,341219,56,343,343,684,560,1,1000,556,343,343,343,342,342,18,1,56000,56,56,56,3,684,3,684,56000,56,56000,56,1258354,56,7693550,0
10820,341600,57000,57000,0,0,0,0,0,1281354,57,341543,57,343,343,684,884,1,1000,556,343,343,343,342,342,28,1,57000,57,57,57,3,684,3,684,57000,57,57000,57,1281354,57,7701002,999.9447405703887
10830,341998,57000,57000,0,0,0,0,0,1281354,57,341941,57,344,344,685,1282,2,0,1085,344,344,344,342,342,4,1,57000,57,57,57,3,685,3,685,57000,57,57000,57,1281354,57,7710156,999.9447405703887
10840,342349,57000,57000,0,0,0,0,0,1281354,57,342292,57,344,344,685,1633,2,0,1085,344,344,344,342,342,14,1,57000,57,57,57,3,685,3,685,57000,57,57000,57,1281354,57,7718252,999.9447405703887
10850,342565,57000,57000,0,0,0,0,0,1281354,57,342508,57,344,344,686,850,1,1000,727,344,344,344,343,343,22,1,57000,57,57,57,3,686,3,686,57000,57,57000,57,1281354,57,7723220,999.9447405703887
10860,342959,57000,57000,0,0,0,0,0,1281354,57,342902,57,345,345,687,1244,2,0,1011,345,345,345,343,343,6,1,57000,57,57,57,3,687,3,687,57000,57,57000,57,1281354,57,7732305,999.9447405703887
10870,343353,57000,57000,0,0,0,0,0,1281354,57,343296,57,345,345,687,1638,2,0,1011,345,345,345,343,343,16,1,57000,57,57,57,3,687,3,687,57000,57,57000,57,1281354,57,7741344,999.9447405703887
10880,343563,58000,58000,0,0,0,0,0,1304354,58,343505,58,345,345,688,848,1,1000,828,345,345,345,344,344,26,1,58000,58,58,58,3,688,3,688,58000,58,58000,58,1304354,58,7746174,999.9447405703887
10890,343961,58000,58000,0,0,0,0,0,1304354,58,343903,58,346,346,689,1246,2,0,1066,346,346,346,344,344,4,1,58000,58,58,58,3,689,3,689,58000,58,58000,58,1304354,58,7755328,999.9447405703887
10901,344359,58000,58000,0,0,0,0,0,1304354,58,344301,58,346,346,689,1644,2,0,1066,346,346,346,344,344,14,1,58000,58,58,58,3,689,3,689,58000,58,58000,58,1304354,58,7764482,999.9447405703887
10910,344532,59000,59000,0,0,0,0,0,1327354,59,344473,59,346,346,690,817,1,1000,679,346,346,346,345,345,22,1,59000,59,59,59,3,690,3,690,59000,59,59000,59,1327354,59,7768461,999.9447405703887
10920,344930,59000,59000,0,0,0,0,0,1327354,59,344871,59,347,347,691,1215,2,0,1072,347,347,347,345,345,2,1,59000,59,59,59,3,691,3,691,59000,59,59000,59,1327354,59,7777615,999.9447405703887
10930,345266,59000,59000,0,0,0,0,0,1327354,59,345207,59,347,347,692,552,1,1000,543,347,347,347,346,346,12,1,59000,59,59,59,3,692,3,692,59000,59,59000,59,1327354,59,7785366,999.9447405703887
10940,345534,60000,60000,0,0,0,0,0,1350354,60,345474,60,347,347,692,819,1,1000,543,347,347,347,346,346,22,1,60000,60,60,60,3,692,3,692,60000,60,60000,60,1350354,60,7791507,999.9447405703887
10950,345932,60000,60000,0,0,0,0,0,1350354,60,345872,60,348,348,693,1217,2,0,1054,348,348,348,346,346,4,1,60000,60,60,60,3,693,3,693,60000,60,60000,60,1350354,60,7800661,999.9447405703887
10960,346289,60000,60000,0,0,0,0,0,1350354,60,346229,60,348,348,693,1574,2,0,1054,348,348,348,346,346,12,1,60000,60,60,60,3,693,3,693,60000,60,60000,60,1350354,60,7808872,999.9447405703887
10970,346641,60000,60000,0,0,0,0,0,1350354,60,346581,60,348,348,694,927,1,1000,915,348,348,348,347,347,22,1,60000,60,60,60,3,694,3,694,60000,60,60000,60,1350354,60,7816991,999.9447405703887
10980,346897,60000,60000,0,0,0,0,0,1350354,60,346837,60,349,349,695,1183,2,0,1043,349,349,349,347,347,2,1,60000,60,60,60,3,695,3,695,60000,60,60000,60,1350354,60,7822879,0
10990,347292,60000,60000,0,0,0,0,0,1350354,60,347232,60,349,349,695,1578,2,0,1043,349,349,349,347,347,12,1,60000,60,60,60,3,695,3,695,60000,60,60000,60,1350354,60,7831964,0
11000,347499,61000,61000,0,0,0,0,0,1373354,61,347438,61,349,349,696,785,1,1000,746,349,349,349,348,348,22,1,61000,61,61,61,3,696,3,696,61000,61,61000,61,1373354,61,7836725,999.9447405703887
11010,347904,61000,61000,0,0,0,0,0,1373354,61,347843,61,350,350,697,1190,2,0,1047,350,350,350,348,348,2,1,61000,61,61,61,3,697,3,697,61000,61,61000,61,1373354,61,7846040,999.9447405703887
11021,348287,61000,61000,0,0,0,0,0,1373354,61,348226,61,350,350,697,1573,2,0,1047,350,350,350,348,348,12,1,61000,61,61,61,3,697,3,697,61000,61,61000,61,1373354,61,7854849,999.9447405703887
11030,348448,61000,61000,0,0,0,0,0,1373354,61,348387,61,350,350,698,735,1,1000,623,350,350,350,349,349,22,1,61000,61,61,61,3,698,3,698,61000,61,61000,61,1373354,61,7858598,999.9447405703887
11040,348847,61000,61000,0,0,0,0,0,1373354,61,348786,61,351,351,699,1134,2,0,1016,351,351,351,349,349,2,1,61000,61,61,61,3,699,3,699,61000,61,61000,61,1373354,61,7867752,999.9447405703887
11050,349211,61000,61000,0,0,0,0,0,1373354,61,349150,61,351,351,700,499,1,1000,490,351,351,351,350,350,12,1,61000,61,61,61,3,700,3,700,61000,61,61000,61,1373354,61,7876147,999.9447405703887
11060,349457,61000,61000,0,0,0,0,0,1373354,61,349396,61,351,351,700,745,1,1000,490,351,351,351,350,350,22,1,61000,61,61,61,3,700,3,700,61000,61,61000,61,1373354,61,7881805,0
11070,349850,61000,61000,0,0,0,0,0,1373354,61,349789,61,352,352,701,1138,2,0,1018,352,352,352,350,350,2,1,61000,61,61,61,3,701,3,701,61000,61,61000,61,1373354,61,7890844,0
11080,350250,61000,61000,0,0,0,0,0,1373354,61,350189,61,352,352,701,1538,2,0,1018,352,352,352,350,350,12,1,61000,61,61,61,3,701,3,701,61000,61,61000,61,1373354,61,7900044,0
11090,350589,61000,61000,0,0,0,0,0,1373354,61,350528,61,352,352,702,878,1,1000,872,352,352,352,351,351,22,1,61000,61,61,61,3,702,3,702,61000,61,61000,61,1373354,61,7907864,0
11100,350817,62000,62000,0,0,0,0,0,1396354,62,350755,62,353,353,703,1105,2,0,1001,353,353,353,351,351,2,1,62000,62,62,62,3,703,3,703,62000,62,62000,62,1396354,62,7913085,999.9447405703887
11110,351084,62000,62000,0,0,0,0,0,1396354,62,351022,62,353,353,703,1372,2,0,1001,353,353,353,351,351,12,1,62000,62,62,62,3,703,3,703,62000,62,62000,62,1396354,62,7919226,999.9447405703887
11120,351291,62000,62000,0,0,0,0,0,1396354,62,351229,62,353,353,704,580,1,1000,544,353,353,353,352,352,22,1,62000,62,62,62,3,704,3,704,62000,62,62000,62,1396354,62,7924010,999.9447405703887
11130,351693,62000,62000,0,0,0,0,0,1396354,62,351631,62,353,353,704,982,1,1000,544,353,353,353,352,352,32,1,62000,62,62,62,3,704,3,704,62000,62,62000,62,1396354,62,7933256,999.9447405703887
11140,352084,62000,62000,0,0,0,0,0,1396354,62,352022,62,354,354,705,1373,2,0,1041,354,354,354,352,352,8,1,62000,62,62,62,3,705,3,705,62000,62,62000,62,1396354,62,7942249,999.9447405703887
11150,352440,62000,62000,0,0,0,0,0,1396354,62,352378,62,354,354,705,1729,2,0,1041,354,354,354,352,352,16,1,62000,62,62,62,3,705,3,705,62000,62,62000,62,1396354,62,7950437,999.9447405703887
11160,352661,62000,62000,0,0,0,0,0,1396354,62,352599,62,354,354,706,951,1,1000,946,354,354,354,353,353,26,1,62000,62,62,62,3,706,3,706,62000,62,62000,62,1396354,62,7955543,0
11170,353043,62000,62000,0,0,0,0,0,1396354,62,352981,62,355,355,707,1333,2,0,1015,355,355,355,353,353,8,1,62000,62,62,62,3,707,3,707,62000,62,62000,62,1396354,62,7964329,0
11180,353246,63000,63000,0,0,0,0,0,1419354,63,353183,63,355,355,708,536,1,1000,469,355,355,355,354,354,18,1,63000,63,63,63,3,708,3,708,63000,63,63000,63,1419354,63,7968998,999.9447405703887
11190,353645,63000,63000,0,0,0,0,0,1419354,63,353582,63,355,355,708,935,1,1000,469,355,355,355,354,354,28,1,63000,63,63,63,3,708,3,708,63000,63,63000,63,1419354,63,7978175,999.9447405703887
11201,354040,63000,63000,0,0,0,0,0,1419354,63,353977,63,356,356,709,1330,2,0,1092,356,356,356,354,354,6,1,63000,63,63,63,3,709,3,709,63000,63,63000,63,1419354,63,7987283,999.9447405703887
11210,354384,63000,63000,0,0,0,0,0,1419354,63,354321,63,356,356,710,675,1,1000,669,356,356,356,355,355,14,1,63000,63,63,63,3,710,3,710,63000,63,63000,63,1419354,63,7995195,999.9447405703887
11220,354617,63000,63000,0,0,0,0,0,1419354,63,354554,63,356,356,710,908,1,1000,669,356,356,356,355,355,24,1,63000,63,63,63,3,710,3,710,63000,63,63000,63,1419354,63,8000577,999.9447405703887
11230,355009,63000,63000,0,0,0,0,0,1419354,63,354946,63,357,357,711,1300,2,0,1078,357,357,357,355,355,4,1,63000,63,63,63,3,711,3,711,63000,63,63000,63,1419354,63,8009570,999.9447405703887
11240,355250,63000,63000,0,0,0,0,0,1419354,63,355187,63,357,357,712,542,1,1000,537,357,357,357,356,356,14,1,63000,63,63,63,3,712,3,712,63000,63,63000,63,1419354,63,8015136,0
11250,355600,63000,63000,0,0,0,0,0,1419354,63,355537,63,357,357,712,892,1,1000,537,357,357,357,356,356,24,1,63000,63,63,63,3,712,3,712,63000,63,63000,63,1419354,63,8023186,0
11260,355991,63000,63000,0,0,0,0,0,1419354,63,355928,63,358,358,713,1283,2,0,1046,358,358,358,356,356,4,1,63000,63,63,63,3,713,3,713,63000,63,63000,63,1419354,63,8032179,0
11270,356343,63000,63000,0,0,0,0,0,1419354,63,356280,63,358,358,713,1635,2,0,1046,358,358,358,356,356,14,1,63000,63,63,63,3,713,3,713,63000,63,63000,63,1419354,63,8040275,0
11280,356611,63000,63000,0,0,0,0,0,1419354,63,356548,63,358,358,714,904,1,1000,895,358,358,358,357,357,24,1,63000,63,63,63,3,714,3,714,63000,63,63000,63,1419354,63,8046462,0
11290,356949,63000,63000,0,0,0,0,0,1419354,63,356886,63,359,359,715,1242,2,0,1042,359,359,359,357,357,4,1,63000,63,63,63,3,715,3,715,63000,63,63000,63,1419354,63,8054236,0
11300,357246,63000,63000,0,0,0,0,0,1419354,63,357183,63,359,359,716,540,1,1000,538,359,359,359,358,358,14,1,63000,63,63,63,3,716,3,716,63000,63,63000,63,1419354,63,8061090,0
11310,357547,64000,64000,0,0,0,0,0,1442354,64,357483,64,359,359,716,840,1,1000,538,359,359,359,358,358,24,1,64000,64,64,64,3,716,3,716,64000,64,64000,64,1442354,64,8067990,999.9447405703887
11320,357942,64000,64000,0,0,0,0,0,1442354,64,357878,64,360,360,717,1235,2,0,1017,360,360,360,358,358,4,1,64000,64,64,64,3,717,3,717,64000,64,64000,64,1442354,64,8077075,999.9447405703887
11330,358302,64000,64000,0,0,0,0,0,1442354,64,358238,64,360,360,717,1595,2,0,1017,360,360,360,358,358,14,1,64000,64,64,64,3,717,3,717,64000,64,64000,64,1442354,64,8085355,999.9447405703887
11340,358486,64000,64000,0,0,0,0,0,1442354,64,358422,64,360,360,718,780,1,1000,600,360,360,360,359,359,24,1,64000,64,64,64,3,718,3,718,64000,64,64000,64,1442354,64,8089610,999.9447405703887
11350,358888,64000,64000,0,0,0,0,0,1442354,64,358824,64,361,361,719,1182,2,0,1078,361,361,361,359,359,2,1,64000,64,64,64,3,719,3,719,64000,64,64000,64,1442354,64,8098879,999.9447405703887
11360,359255,64000,64000,0,0,0,0,0,1442354,64,359191,64,361,361,720,550,1,1000,545,361,361,361,360,360,12,1,64000,64,64,64,3,720,3,720,64000,64,64000,64,1442354,64,8107320,999.9447405703887
11370,359490,64000,64000,0,0,0,0,0,1442354,64,359426,64,361,361,720,785,1,1000,545,361,361,361,360,360,22,1,64000,64,64,64,3,720,3,720,64000,64,64000,64,1442354,64,8112725,0
11380,359881,64000,64000,0,0,0,0,0,1442354,64,359817,64,362,362,721,1176,2,0,1055,362,362,362,360,360,2,1,64000,64,64,64,3,721,3,721,64000,64,64000,64,1442354,64,8121718,0
11390,360244,64000,64000,0,0,0,0,0,1442354,64,360180,64,362,362,721,1539,2,0,1055,362,362,362,360,360,12,1,64000,64,64,64,3,721,3,721,64000,64,64000,64,1442354,64,8130067,0
11400,360580,64000,64000,0,0,0,0,0,1442354,64,360516,64,362,362,722,876,1,1000,868,362,362,362,361,361,22,1,64000,64,64,64,3,722,3,722,64000,64,64000,64,1442354,64,8137818,0
11410,360836,64000,64000,0,0,0,0,0,1442354,64,360772,64,363,363,723,1132,2,0,1051,363,363,363,361,361,2,1,64000,64,64,64,3,723,3,723,64000,64,64000,64,1442354,64,8143706,0
11420,361237,64000,64000,0,0,0,0,0,1442354,64,361173,64,363,363,723,1533,2,0,1051,363,363,363,361,361,12,1,64000,64,64,64,3,723,3,723,64000,64,64000,64,1442354,64,8152952,0
11430,361441,64000,64000,0,0,0,0,0,1442354,64,361377,64,363,363,724,738,1,1000,710,363,363,363,362,362,22,1,64000,64,64,64,3,724,3,724,64000,64,64000,64,1442354,64,8157644,0
11440,361836,64000,64000,0,0,0,0,0,1442354,64,361772,64,364,364,725,1133,2,0,1029,364,364,364,362,362,2,1,64000,64,64,64,3,725,3,725,64000,64,64000,64,1442354,64,8166729,0
11450,362195,64000,64000,0,0,0,0,0,1442354,64,362131,64,364,364,725,1492,2,0,1029,364,364,364,362,362,10,1,64000,64,64,64,3,725,3,725,64000,64,64000,64,1442354,64,8174986,0
11460,362404,64000,64000,0,0,0,0,0,1442354,64,362340,64,364,364,726,702,1,1000,560,364,364,364,363,363,20,1,64000,64,64,64,3,726,3,726,64000,64,64000,64,1442354,64,8179816,0
11470,362800,64000,64000,0,0,0,0,0,1442354,64,362736,64,365,365,727,1098,2,0,1020,365,365,365,363,363,2,1,64000,64,64,64,3,727,3,727,64000,64,64000,64,1442354,64,8188947,0
11480,363207,64000,64000,0,0,0,0,0,1442354,64,363143,64,365,365,727,1505,2,0,1020,365,365,365,363,363,10,1,64000,64,64,64,3,727,3,727,64000,64,64000,64,1442354,64,8198285,0
11490,363597,64000,64000,0,0,0,0,0,1442354,64,363533,64,365,365,727,1895,2,0,1020,365,365,365,363,363,20,1,64000,64,64,64,3,727,3,727,64000,64,64000,64,1442354,64,8207255,0
11500,363805,65000,65000,0,0,0,0,0,1465354,65,363740,65,366,366,729,1103,2,0,1021,366,366,366,364,364,2,1,65000,65,65,65,3,729,3,729,65000,65,65000,65,1465354,65,8212039,999.9447405703887
11510,364206,65000,65000,0,0,0,0,0,1465354,65,364141,65,366,366,729,1504,2,0,1021,366,366,366,364,364,12,1,65000,65,65,65,3,729,3,729,65000,65,65000,65,1465354,65,8221262,999.9447405703887
11520,364502,65000,65000,0,0,0,0,0,1465354,65,364437,65,366,366,730,801,1,1000,794,366,366,366,365,365,20,1,65000,65,65,65,3,730,3,730,65000,65,65000,65,1465354,65,8228093,999.9447405703887
11530,364772,65000,65000,0,0,0,0,0,1465354,65,364707,65,367,367,731,1071,2,0,1009,367,367,367,365,365,0,1,65000,65,65,65,3,731,3,731,65000,65,65000,65,1465354,65,8234303,999.9447405703887
11540,365172,65000,65000,0,0,0,0,0,1465354,65,365107,65,367,367,731,1471,2,0,1009,367,367,367,365,365,10,1,65000,65,65,65,3,731,3,731,65000,65,65000,65,1465354,65,8243503,999.9447405703887
11550,365384,65000,65000,0,0,0,0,0,1465354,65,365319,65,367,367,732,684,1,1000,675,367,367,367,366,366,20,1,65000,65,65,65,3,732,3,732,65000,65,65000,65,1465354,65,8248402,999.9447405703887
11560,365781,65000,65000,0,0,0,0,0,1465354,65,365716,65,368,368,733,1081,2,0,1017,368,368,368,366,366,0,1,65000,65,65,65,3,733,3,733,65000,65,65000,65,1465354,65,8257533,0
11570,366176,65000,65000,0,0,0,0,0,1465354,65,366111,65,368,368,733,1476,2,0,1017,368,368,368,366,366,10,1,65000,65,65,65,3,733,3,733,65000,65,65000,65,1465354,65,8266618,0
11580,366341,66000,66000,0,0,0,0,0,1488354,66,366275,66,368,368,734,641,1,1000,524,368,368,368,367,367,20,1,66000,66,66,66,3,734,3,734,66000,66,66000,66,1488354,66,8270413,999.9447405703887
11590,366741,66000,66000,0,0,0,0,0,1488354,66,366675,66,368,368,734,1041,2,1000,524,368,369,368,367,367,30,1,66000,66,66,66,3,734,3,734,66000,66,66000,66,1488354,66,8279613,999.9447405703887
11600,367133,66000,66000,0,0,0,0,0,1488354,66,367067,66,369,369,735,1433,2,0,1077,369,369,369,367,367,8,1,66000,66,66,66,3,735,3,735,66000,66,66000,66,1488354,66,8288629,999.9447405703887
11610,367539,66000,66000,0,0,0,0,0,1488354,66,367473,66,369,369,735,1839,2,0,1077,369,369,369,367,367,18,1,66000,66,66,66,3,735,3,735,66000,66,66000,66,1488354,66,8297967,999.9447405703887
11620,367742,67000,67000,0,0,0,0,0,1511354,67,367675,67,370,370,737,1042,2,0,1002,370,370,370,368,368,0,1,67000,67,67,67,3,737,3,737,67000,67,67000,67,1511354,67,8302636,999.9447405703887
11630,367949,67000,67000,0,0,0,0,0,1511354,67,367882,67,370,370,738,250,1,1000,230,370,370,370,369,369,10,1,67000,67,67,67,3,738,3,738,67000,67,67000,67,1511354,67,8307420,999.9447405703887
11640,368307,67000,67000,0,0,0,0,0,1511354,67,368240,67,370,370,738,608,1,1000,230,370,370,370,369,369,20,1,67000,67,67,67,3,738,3,738,67000,67,67000,67,1511354,67,8315654,999.9447405703887
11650,368705,67000,67000,0,0,0,0,0,1511354,67,368638,67,370,370,738,1006,2,1000,230,370,371,370,369,369,30,1,67000,67,67,67,3,738,3,738,67000,67,67000,67,1511354,67,8324808,999.9447405703887
11660,369105,67000,67000,0,0,0,0,0,1511354,67,369038,67,371,371,739,1406,2,0,1063,371,371,371,369,369,8,1,67000,67,67,67,3,739,3,739,67000,67,67000,67,1511354,67,8334031,999.9447405703887
11670,369311,67000,67000,0,0,0,0,0,1511354,67,369244,67,371,371,740,613,1,1000,608,371,371,371,370,370,18,1,67000,67,67,67,3,740,3,740,67000,67,67000,67,1511354,67,8338769,999.9447405703887
11680,369703,67000,67000,0,0,0,0,0,1511354,67,369636,67,371,371,740,1005,2,1000,608,371,372,371,370,370,28,1,67000,67,67,67,3,740,3,740,67000,67,67000,67,1511354,67,8347785,0
11690,370093,67000,67000,0,0,0,0,0,1511354,67,370026,67,372,372,741,1396,2,0,1134,372,372,372,370,370,6,1,67000,67,67,67,3,741,3,741,67000,67,67000,67,1511354,67,8356778,0
11700,370450,67000,67000,0,0,0,0,0,1511354,67,370383,67,372,372,741,1753,2,0,1134,372,372,372,370,370,14,1,67000,67,67,67,3,741,3,741,67000,67,67000,67,1511354,67,8365035,0
11710,370535,67000,67000,0,0,0,0,0,1511354,67,370468,67,372,372,742,838,1,1000,777,372,372,372,371,371,25,1,67000,67,67,67,3,742,3,742,67000,67,67000,67,1511354,67,8366944,0
11720,370940,67000,67000,0,0,0,0,0,1511354,67,370873,67,373,373,743,1243,2,0,1053,373,373,373,371,371,4,1,67000,67,67,67,3,743,3,743,67000,67,67000,67,1511354,67,8376259,0
11730,371280,67000,67000,0,0,0,0,0,1511354,67,371213,67,373,373,744,584,1,1000,581,373,373,373,372,372,14,1,67000,67,67,67,3,744,3,744,67000,67,67000,67,1511354,67,8384102,0
11740,371538,67000,67000,0,0,0,0,0,1511354,67,371471,67,373,373,744,842,1,1000,581,373,373,373,372,372,24,1,67000,67,67,67,3,744,3,744,67000,67,67000,67,1511354,67,8390036,0
11750,371931,67000,67000,0,0,0,0,0,1511354,67,371864,67,374,374,745,1235,2,0,1034,374,374,374,372,372,4,1,67000,67,67,67,3,745,3,745,67000,67,67000,67,1511354,67,8399075,0
11760,372290,67000,67000,0,0,0,0,0,1511354,67,372223,67,374,374,745,1594,2,0,1034,374,374,374,372,372,12,1,67000,67,67,67,3,745,3,745,67000,67,67000,67,1511354,67,8407332,0
11770,372622,67000,67000,0,0,0,0,0,1511354,67,372555,67,374,374,746,927,1,1000,922,374,374,374,373,373,22,1,67000,67,67,67,3,746,3,746,67000,67,67000,67,1511354,67,8414991,0
11780,372890,67000,67000,0,0,0,0,0,1511354,67,372823,67,375,375,747,1195,2,0,1033,375,375,375,373,373,4,1,67000,67,67,67,3,747,3,747,67000,67,67000,67,1511354,67,8421178,0
11790,373289,67000,67000,0,0,0,0,0,1511354,67,373222,67,375,375,747,1594,2,0,1033,375,375,375,373,373,14,1,67000,67,67,67,3,747,3,747,67000,67,67000,67,1511354,67,8430355,0
11800,373502,68000,68000,0,0,0,0,0,1534354,68,373434,68,375,375,748,807,1,1000,792,375,375,375,374,374,24,1,68000,68,68,68,3,748,3,748,68000,68,68000,68,1534354,68,8435231,999.9447405703887
11810,373902,68000,68000,0,0,0,0,0,1534354,68,373834,68,376,376,749,1207,2,0,1024,376,376,376,374,374,4,1,68000,68,68,68,3,749,3,749,68000,68,68000,68,1534354,68,8444431,999.9447405703887
11820,374254,68000,68000,0,0,0,0,0,1534354,68,374186,68,376,376,749,1559,2,0,1024,376,376,376,374,374,12,1,68000,68,68,68,3,749,3,749,68000,68,68000,68,1534354,68,8452527,999.9447405703887
11830,374460,68000,68000,0,0,0,0,0,1534354,68,374392,68,376,376,750,766,1,1000,680,376,376,376,375,375,22,1,68000,68,68,68,3,750,3,750,68000,68,68000,68,1534354,68,8457288,999.9447405703887
11840,374858,68000,68000,0,0,0,0,0,1534354,68,374790,68,377,377,751,1164,2,0,1022,377,377,377,375,375,2,1,68000,68,68,68,3,751,3,751,68000,68,68000,68,1534354,68,8466465,999.9447405703887
11850,375239,68000,68000,0,0,0,0,0,1534354,68,375171,68,377,377,752,546,1,1000,537,377,377,377,376,376,13,1,68000,68,68,68,3,752,3,752,68000,68,68000,68,1534354,68,8475228,999.9447405703887
11860,375469,69000,69000,0,0,0,0,0,1557354,69,375400,69,377,377,752,775,1,1000,537,377,377,377,376,376,22,1,69000,69,69,69,3,752,3,752,69000,69,69000,69,1557354,69,8480495,999.9447405703887
11870,375858,69000,69000,0,0,0,0,0,1557354,69,375789,69,378,378,753,1164,2,0,1013,378,378,378,376,376,4,1,69000,69,69,69,3,753,3,753,69000,69,69000,69,1557354,69,8489465,999.9447405703887
11880,376211,69000,69000,0,0,0,0,0,1557354,69,376142,69,378,378,753,1517,2,0,1013,378,378,378,376,376,12,1,69000,69,69,69,3,753,3,753,69000,69,69000,69,1557354,69,8497584,999.9447405703887
11890,376556,69000,69000,0,0,0,0,0,1557354,69,376487,69,378,378,754,863,1,1000,857,378,378,378,377,377,22,1,69000,69,69,69,3,754,3,754,69000,69,69000,69,1557354,69,8505519,999.9447405703887
11900,376810,69000,69000,0,0,0,0,0,1557354,69,376741,69,379,379,755,1117,2,0,1081,379,379,379,377,377,0,1,69000,69,69,69,3,755,3,755,69000,69,69000,69,1557354,69,8511384,999.9447405703887
11910,377208,69000,69000,0,0,0,0,0,1557354,69,377139,69,379,379,755,1515,2,0,1081,379,379,379,377,377,10,1,69000,69,69,69,3,755,3,755,69000,69,69000,69,1557354,69,8520515,0
11920,377491,69000,69000,0,0,0,0,0,1557354,69,377422,69,379,379,756,799,1,1000,798,379,379,379,378,378,20,1,69000,69,69,69,3,756,3,756,69000,69,69000,69,1557354,69,8527047,0
11930,377802,69000,69000,0,0,0,0,0,1557354,69,377733,69,380,380,757,1110,2,0,1055,380,380,380,378,378,0,1,69000,69,69,69,3,757,3,757,69000,69,69000,69,1557354,69,8534200,0
11940,378166,69000,69000,0,0,0,0,0,1557354,69,378097,69,380,380,757,1474,2,0,1055,380,380,380,378,378,10,1,69000,69,69,69,3,757,3,757,69000,69,69000,69,1557354,69,8542572,0
11950,378373,69000,69000,0,0,0,0,0,1557354,69,378304,69,380,380,758,682,1,1000,655,380,380,380,379,379,20,1,69000,69,69,69,3,758,3,758,69000,69,69000,69,1557354,69,8547379,0
11960,378775,69000,69000,0,0,0,0,0,1557354,69,378706,69,381,381,759,1084,2,0,1048,381,381,381,379,379,0,1,69000,69,69,69,3,759,3,759,69000,69,69000,69,1557354,69,8556602,0
11970,379170,69000,69000,0,0,0,0,0,1557354,69,379101,69,381,381,759,1479,2,0,1048,381,381,381,379,379,10,1,69000,69,69,69,3,759,3,759,69000,69,69000,69,1557354,69,8565687,0
11980,379372,70000,70000,0,0,0,0,0,1580354,70,379302,70,381,381,760,682,1,1000,526,381,381,381,380,380,20,1,70000,70,70,70,3,760,3,760,70000,70,70000,70,1580354,70,8570356,999.9447405703887
11990,379776,70000,70000,0,0,0,0,0,1580354,70,379706,70,382,382,761,1085,2,0,1048,382,382,382,380,380,0,1,70000,70,70,70,3,761,3,761,70000,70,70000,70,1580354,70,8579694,999.9447405703887
12000,380158,70000,70000,0,0,0,0,0,1580354,70,380088,70,382,382,761,1467,2,0,1048,382,382,382,380,380,10,1,70000,70,70,70,3,761,3,761,70000,70,70000,70,1580354,70,8588411,999.9447405703887
12010,380370,70000,70000,0,0,0,0,0,1580354,70,380300,70,382,382,762,680,1,1000,671,382,382,382,381,381,19,1,70000,70,70,70,3,762,3,762,70000,70,70000,70,1580354,70,8593310,999.9447405703887
12020,380617,71000,71000,0,0,0,0,0,1603354,71,380546,71,382,382,762,926,1,1000,671,382,382,382,381,381,29,1,71000,71,71,71,3,762,3,762,71000,71,71000,71,1603354,71,8598968,999.9447405703887
12030,381014,71000,71000,0,0,0,0,0,1603354,71,380943,71,383,383,763,1323,2,0,1058,383,383,383,381,381,6,1,71000,71,71,71,3,763,3,763,71000,71,71000,71,1603354,71,8608099,999.9447405703887
12040,381243,71000,71000,0,0,0,0,0,1603354,71,381172,71,383,383,764,553,1,1000,546,383,383,383,382,382,16,1,71000,71,71,71,3,764,3,764,71000,71,71000,71,1603354,71,8613389,999.9447405703887
12050,381623,71000,71000,0,0,0,0,0,1603354,71,381552,71,383,383,764,933,1,1000,546,383,383,383,382,382,26,1,71000,71,71,71,3,764,3,764,71000,71,71000,71,1603354,71,8622152,999.9447405703887
12060,382020,71000,71000,0,0,0,0,0,1603354,71,381949,71,384,384,765,1330,2,0,1066,384,384,384,382,382,6,1,71000,71,71,71,3,765,3,765,71000,71,71000,71,1603354,71,8631260,0
12070,382384,71000,71000,0,0,0,0,0,1603354,71,382313,71,384,384,765,1695,2,0,1066,384,384,384,382,382,14,1,71000,71,71,71,3,765,3,765,71000,71,71000,71,1603354,71,8639655,0
12080,382625,71000,71000,0,0,0,0,0,1603354,71,382554,71,384,384,766,936,1,1000,929,384,384,384,383,383,24,1,71000,71,71,71,3,766,3,766,71000,71,71000,71,1603354,71,8645198,0
12090,382979,71000,71000,0,0,0,0,0,1603354,71,382908,71,385,385,767,1290,2,0,1054,385,385,385,383,383,6,1,71000,71,71,71,3,767,3,767,71000,71,71000,71,1603354,71,8653340,0
12100,383376,71000,71000,0,0,0,0,0,1603354,71,383305,71,385,385,767,1687,2,0,1054,385,385,385,383,383,16,1,71000,71,71,71,3,767,3,767,71000,71,71000,71,1603354,71,8662471,0
12110,383583,71000,71000,0,0,0,0,0,1603354,71,383512,71,385,385,768,895,1,1000,756,385,385,385,384,384,24,1,71000,71,71,71,3,768,3,768,71000,71,71000,71,1603354,71,8667255,0
12120,383977,71000,71000,0,0,0,0,0,1603354,71,383906,71,386,386,769,1289,2,0,1050,386,386,386,384,384,6,1,71000,71,71,71,3,769,3,769,71000,71,71000,71,1603354,71,8676317,0
12130,384331,71000,71000,0,0,0,0,0,1603354,71,384260,71,386,386,769,1643,2,0,1050,386,386,386,384,384,14,1,71000,71,71,71,3,769,3,769,71000,71,71000,71,1603354,71,8684459,0
12140,384544,71000,71000,0,0,0,0,0,1603354,71,384473,71,386,386,770,857,1,1000,649,386,386,386,385,385,24,1,71000,71,71,71,3,770,3,770,71000,71,71000,71,1603354,71,8689381,0
12150,384943,71000,71000,0,0,0,0,0,1603354,71,384872,71,387,387,771,1256,2,0,1034,387,387,387,385,385,4,1,71000,71,71,71,3,771,3,771,71000,71,71000,71,1603354,71,8698558,0
12160,385209,71000,71000,0,0,0,0,0,1603354,71,385138,71,387,387,772,523,1,1000,510,387,387,387,386,386,14,1,71000,71,71,71,3,772,3,772,71000,71,71000,71,1603354,71,8704699,0
12170,385556,71000,71000,0,0,0,0,0,1603354,71,385485,71,387,387,772,870,1,1000,510,387,387,387,386,386,24,1,71000,71,71,71,3,772,3,772,71000,71,71000,71,1603354,71,8712703,0
12180,385948,71000,71000,0,0,0,0,0,1603354,71,385877,71,388,388,773,1262,2,0,1049,388,388,388,386,386,4,1,71000,71,71,71,3,773,3,773,71000,71,71000,71,1603354,71,8721696,0
12190,386346,71000,71000,0,0,0,0,0,1603354,71,386275,71,388,388,773,1660,2,0,1049,388,388,388,386,386,14,1,71000,71,71,71,3,773,3,773,71000,71,71000,71,1603354,71,8730873,0
12200,386580,71000,71000,0,0,0,0,0,1603354,71,386509,71,388,388,774,895,1,1000,893,388,388,388,387,387,24,1,71000,71,71,71,3,774,3,774,71000,71,71000,71,1603354,71,8736255,0
12210,386903,71000,71000,0,0,0,0,0,1603354,71,386832,71,389,389,775,1218,2,0,1030,389,389,389,387,387,4,1,71000,71,71,71,3,775,3,775,71000,71,71000,71,1603354,71,8743684,0
12220,387297,71000,71000,0,0,0,0,0,1603354,71,387226,71,389,389,775,1612,2,0,1030,389,389,389,387,387,14,1,71000,71,71,71,3,775,3,775,71000,71,71000,71,1603354,71,8752746,0
12230,387502,71000,71000,0,0,0,0,0,1603354,71,387431,71,389,389,776,818,1,1000,721,389,389,389,388,388,24,1,71000,71,71,71,3,776,3,776,71000,71,71000,71,1603354,71,8757484,0
12240,387895,71000,71000,0,0,0,0,0,1603354,71,387824,71,390,390,777,1211,2,0,1005,390,390,390,388,388,4,1,71000,71,71,71,3,777,3,777,71000,71,71000,71,1603354,71,8766523,0
12250,388281,71000,71000,0,0,0,0,0,1603354,71,388210,71,390,390,778,598,1,1000,592,390,390,390,389,389,15,1,71000,71,71,71,3,778,3,778,71000,71,71000,71,1603354,71,8775424,0
12261,388506,72000,72000,0,0,0,0,0,1626354,72,388434,72,390,390,778,823,1,1000,592,390,390,390,389,389,24,1,72000,72,72,72,3,778,3,778,72000,72,72000,72,1626354,72,8780599,999.9447405703887
12270,388871,72000,72000,0,0,0,0,0,1626354,72,388799,72,391,391,779,1187,2,0,1017,391,391,391,389,389,4,1,72000,72,72,72,3,779,3,779,72000,72,72000,72,1626354,72,8788971,999.9447405703887
12280,389266,72000,72000,0,0,0,0,0,1626354,72,389194,72,391,391,779,1582,2,0,1017,391,391,391,389,389,14,1,72000,72,72,72,3,779,3,779,72000,72,72000,72,1626354,72,8798102,999.9447405703887
12290,389657,72000,72000,0,0,0,0,0,1626354,72,389585,72,391,391,780,974,1,1000,966,391,391,391,390,390,24,1,72000,72,72,72,3,780,3,780,72000,72,72000,72,1626354,72,8807072,999.9447405703887
12300,389871,72000,72000,0,0,0,0,0,1626354,72,389799,72,392,392,781,1188,2,0,1077,392,392,392,390,390,2,1,72000,72,72,72,3,781,3,781,72000,72,72000,72,1626354,72,8811994,999.9447405703887
12310,389981,72000,72000,0,0,0,0,0,1626354,72,389909,72,392,392,782,299,1,1000,298,392,392,392,391,391,11,1,72000,72,72,72,3,782,3,782,72000,72,72000,72,1626354,72,8814547,999.9447405703887
12320,390308,72000,72000,0,0,0,0,0,1626354,72,390236,72,392,392,782,626,1,1000,298,392,392,392,391,391,20,1,72000,72,72,72,3,782,3,782,72000,72,72000,72,1626354,72,8822114,0
12330,390704,72000,72000,0,0,0,0,0,1626354,72,390632,72,392,392,782,1022,2,1000,298,392,393,392,391,391,30,1,72000,72,72,72,3,782,3,782,72000,72,72000,72,1626354,72,8831176,0
12340,391100,72000,72000,0,0,0,0,0,1626354,72,391028,72,393,393,783,1418,2,0,1023,393,393,393,391,391,10,1,72000,72,72,72,3,783,3,783,72000,72,72000,72,1626354,72,8840284,0
12350,391294,72000,72000,0,0,0,0,0,1626354,72,391222,72,393,393,784,613,1,1000,537,393,393,393,392,392,20,1,72000,72,72,72,3,784,3,784,72000,72,72000,72,1626354,72,8844769,0
12360,391685,72000,72000,0,0,0,0,0,1626354,72,391613,72,393,393,784,1004,2,1000,537,393,394,393,392,392,30,1,72000,72,72,72,3,784,3,784,72000,72,72000,72,1626354,72,8853762,0
12370,392083,72000,72000,0,0,0,0,0,1626354,72,392011,72,394,394,785,1402,2,0,1064,394,394,394,392,392,8,1,72000,72,72,72,3,785,3,785,72000,72,72000,72,1626354,72,8862916,0
12380,392470,72000,72000,0,0,0,0,0,1626354,72,392398,72,394,394,785,1789,2,0,1064,394,394,394,392,392,18,1,72000,72,72,72,3,785,3,785,72000,72,72000,72,1626354,72,8871840,0
12390,392650,72000,72000,0,0,0,0,0,1626354,72,392578,72,394,394,786,970,1,1000,874,394,394,394,393,393,26,1,72000,72,72,72,3,786,3,786,72000,72,72000,72,1626354,72,8875980,0
12400,393047,72000,72000,0,0,0,0,0,1626354,72,392975,72,395,395,787,1367,2,0,1070,395,395,395,393,393,6,1,72000,72,72,72,3,787,3,787,72000,72,72000,72,1626354,72,8885111,0
12410,393418,72000,72000,0,0,0,0,0,1626354,72,393346,72,395,395,788,739,1,1000,731,395,395,395,394,394,16,1,72000,72,72,72,3,788,3,788,72000,72,72000,72,1626354,72,8893667,0
12420,393654,72000,72000,0,0,0,0,0,1626354,72,393582,72,395,395,788,975,1,1000,731,395,395,395,394,394,26,1,72000,72,72,72,3,788,3,788,72000,72,72000,72,1626354,72,8899095,0
12430,394051,72000,72000,0,0,0,0,0,1626354,72,393979,72,396,396,789,1372,2,0,1058,396,396,396,394,394,6,1,72000,72,72,72,3,789,3,789,72000,72,72000,72,1626354,72,8908226,0
12440,394285,72000,72000,0,0,0,0,0,1626354,72,394213,72,396,396,790,607,1,1000,603,396,396,396,395,395,18,1,72000,72,72,72,3,790,3,790,72000,72,72000,72,1626354,72,8913631,0
12450,394614,72000,72000,0,0,0,0,0,1626354,72,394542,72,396,396,790,936,1,1000,603,396,396,396,395,395,26,1,72000,72,72,72,3,790,3,790,72000,72,72000,72,1626354,72,8921221,0
12460,395006,72000,72000,0,0,0,0,0,1626354,72,394934,72,397,397,791,1328,2,0,1063,397,397,397,395,395,6,1,72000,72,72,72,3,791,3,791,72000,72,72000,72,1626354,72,8930214,0
12470,395404,72000,72000,0,0,0,0,0,1626354,72,395332,72,397,397,791,1726,2,0,1063,397,397,397,395,395,16,1,72000,72,72,72,3,791,3,791,72000,72,72000,72,1626354,72,8939368,0
12480,395603,72000,72000,0,0,0,0,0,1626354,72,395531,72,397,397,792,926,1,1000,857,397,397,397,396,396,26,1,72000,72,72,72,3,792,3,792,72000,72,72000,72,1626354,72,8943968,0
12490,396008,72000,72000,0,0,0,0,0,1626354,72,395936,72,398,398,793,1331,2,0,1040,398,398,398,396,396,6,1,72000,72,72,72,3,793,3,793,72000,72,72000,72,1626354,72,8953283,0
12500,396411,72000,72000,0,0,0,0,0,1626354,72,396339,72,398,398,793,1734,2,0,1040,398,398,398,396,396,16,1,72000,72,72,72,3,793,3,793,72000,72,72000,72,1626354,72,8962552,0
12510,396581,73000,73000,0,0,0,0,0,1649354,73,396508,73,398,398,794,904,1,1000,828,398,398,398,397,397,26,1,73000,73,73,73,3,794,3,794,73000,73,73000,73,1649354,73,8966462,999.9447405703887
12520,396981,73000,73000,0,0,0,0,0,1649354,73,396908,73,399,399,795,1304,2,0,1033,399,399,399,397,397,6,1,73000,73,73,73,3,795,3,795,73000,73,73000,73,1649354,73,8975662,999.9447405703887
12530,397376,73000,73000,0,0,0,0,0,1649354,73,397303,73,399,399,796,700,1,1000,698,399,399,399,398,398,16,1,73000,73,73,73,3,796,3,796,73000,73,73000,73,1649354,73,8984770,999.9447405703887
12540,397589,74000,74000,0,0,0,0,0,1672354,74,397515,74,399,399,796,912,1,1000,698,399,399,399,398,398,26,1,74000,74,74,74,3,796,3,796,74000,74,74000,74,1672354,74,8989669,999.9447405703887
12550,397987,74000,74000,0,0,0,0,0,1672354,74,397913,74,400,400,797,1310,2,0,1045,400,400,400,398,398,6,1,74000,74,74,74,3,797,3,797,74000,74,74000,74,1672354,74,8998800,999.9447405703887
12560,398229,74000,74000,0,0,0,0,0,1672354,74,398155,74,400,400,798,553,1,1000,545,400,400,400,399,399,16,1,74000,74,74,74,3,798,3,798,74000,74,74000,74,1672354,74,9004389,999.9447405703887
12570,398551,74000,74000,0,0,0,0,0,1672354,74,398477,74,400,400,798,875,1,1000,545,400,400,400,399,399,26,1,74000,74,74,74,3,798,3,798,74000,74,74000,74,1672354,74,9011795,999.9447405703887
12580,398958,74000,74000,0,0,0,0,0,1672354,74,398884,74,401,401,799,1282,2,0,1032,401,401,401,399,399,6,1,74000,74,74,74,3,799,3,799,74000,74,74000,74,1672354,74,9021156,999.9447405703887
12590,399352,74000,74000,0,0,0,0,0,1672354,74,399278,74,401,401,799,1676,2,0,1032,401,401,401,399,399,16,1,74000,74,74,74,3,799,3,799,74000,74,74000,74,1672354,74,9030218,0
12600,399557,74000,74000,0,0,0,0,0,1672354,74,399483,74,401,401,800,882,1,1000,872,401,401,401,400,400,26,1,74000,74,74,74,3,800,3,800,74000,74,74000,74,1672354,74,9034956,0
12610,399835,74000,74000,0,0,0,0,0,1672354,74,399761,74,402,402,801,1160,2,0,1046,402,402,402,400,400,2,1,74000,74,74,74,3,801,3,801,74000,74,74000,74,1672354,74,9041350,0
12620,400138,74000,74000,0,0,0,0,0,1672354,74,400064,74,402,402,802,464,1,1000,456,402,402,402,401,401,12,1,74000,74,74,74,3,802,3,802,74000,74,74000,74,1672354,74,9048342,0
12630,400401,75000,75000,0,0,0,0,0,1695354,75,400326,75,402,402,802,726,1,1000,456,402,402,402,401,401,22,1,75000,75,75,75,3,802,3,802,75000,75,75000,75,1695354,75,9054368,999.9447405703887
12640,400788,75000,75000,0,0,0,0,0,1695354,75,400713,75,403,403,803,1113,2,0,1019,403,403,403,401,401,2,1,75000,75,75,75,3,803,3,803,75000,75,75000,75,1695354,75,9063269,999.9447405703887
12650,401189,75000,75000,0,0,0,0,0,1695354,75,401114,75,403,403,803,1514,2,0,1019,403,403,403,401,401,12,1,75000,75,75,75,3,803,3,803,75000,75,75000,75,1695354,75,9072492,999.9447405703887
12660,401590,75000,75000,0,0,0,0,0,1695354,75,401515,75,403,403,803,1915,2,0,1019,403,403,403,401,401,22,1,75000,75,75,75,3,803,3,803,75000,75,75000,75,1695354,75,9081715,999.9447405703887
12670,401789,75000,75000,0,0,0,0,0,1695354,75,401714,75,404,404,805,1115,2,0,1019,404,404,404,402,402,2,1,75000,75,75,75,3,805,3,805,75000,75,75000,75,1695354,75,9086315,999.9447405703887
12680,402142,75000,75000,0,0,0,0,0,1695354,75,402067,75,404,404,806,469,1,1000,458,404,404,404,403,403,12,1,75000,75,75,75,3,806,3,806,75000,75,75000,75,1695354,75,9094457,999.9447405703887
12690,402391,76000,76000,0,0,0,0,0,1718354,76,402315,76,404,404,806,717,1,1000,458,404,404,404,403,403,22,1,76000,76,76,76,3,806,3,806,76000,76,76000,76,1718354,76,9100161,999.9447405703887
12700,402743,76000,76000,0,0,0,0,0,1718354,76,402667,76,405,405,807,1069,2,0,1002,405,405,405,403,403,0,1,76000,76,76,76,3,807,3,807,76000,76,76000,76,1718354,76,9108280,999.9447405703887
12710,403142,76000,76000,0,0,0,0,0,1718354,76,403066,76,405,405,807,1468,2,0,1002,405,405,405,403,403,10,1,76000,76,76,76,3,807,3,807,76000,76,76000,76,1718354,76,9117434,999.9447405703887
12720,403346,76000,76000,0,0,0,0,0,1718354,76,403270,76,405,405,808,673,1,1000,668,405,405,405,404,404,22,1,76000,76,76,76,3,808,3,808,76000,76,76000,76,1718354,76,9122149,999.9447405703887
12730,403742,76000,76000,0,0,0,0,0,1718354,76,403666,76,406,406,809,1069,2,0,1062,406,406,406,404,404,0,1,76000,76,76,76,3,809,3,809,76000,76,76000,76,1718354,76,9131257,999.9447405703887
12740,404136,76000,76000,0,0,0,0,0,1718354,76,404060,76,406,406,809,1463,2,0,1062,406,406,406,404,404,8,1,76000,76,76,76,3,809,3,809,76000,76,76000,76,1718354,76,9140319,999.9447405703887
12750,404341,77000,77000,0,0,0,0,0,1741354,77,404264,77,406,406,810,668,1,1000,517,406,406,406,405,405,18,1,77000,77,77,77,3,810,3,810,77000,77,77000,77,1741354,77,9145034,999.9447405703887
12760,404744,77000,77000,0,0,0,0,0,1741354,77,404667,77,407,407,811,1071,2,0,1067,407,407,407,405,405,0,1,77000,77,77,77,3,811,3,811,77000,77,77000,77,1741354,77,9154303,999.9447405703887
12770,405102,77000,77000,0,0,0,0,0,1741354,77,405025,77,407,407,811,1429,2,0,1067,407,407,407,405,405,8,1,77000,77,77,77,3,811,3,811,77000,77,77000,77,1741354,77,9162537,999.9447405703887
12780,405498,77000,77000,0,0,0,0,0,1741354,77,405421,77,407,407,811,1825,2,0,1067,407,407,407,405,405,18,1,77000,77,77,77,3,811,3,811,77000,77,77000,77,1741354,77,9171645,999.9447405703887
12790,405712,78000,78000,0,0,0,0,0,1764354,78,405634,78,407,407,812,1039,2,1000,889,407,408,407,406,406,28,1,78000,78,78,78,3,812,3,812,78000,78,78000,78,1764354,78,9176567,999.9447405703887
12800,406109,78000,78000,0,0,0,0,0,1764354,78,406031,78,408,408,813,1436,2,0,1054,408,408,408,406,406,8,1,78000,78,78,78,3,813,3,813,78000,78,78000,78,1764354,78,9185698,999.9447405703887
12810,406424,78000,78000,0,0,0,0,0,1764354,78,406346,78,408,408,814,752,1,1000,748,408,408,408,407,407,18,1,78000,78,78,78,3,814,3,814,78000,78,78000,78,1764354,78,9192966,999.9447405703887
12820,406716,78000,78000,0,0,0,0,0,1764354,78,406638,78,408,408,814,1044,2,1000,748,408,409,408,407,407,28,1,78000,78,78,78,3,814,3,814,78000,78,78000,78,1764354,78,9199682,999.9447405703887
12830,407079,78000,78000,0,0,0,0,0,1764354,78,407001,78,409,409,815,1407,2,0,1062,409,409,409,407,407,8,1,78000,78,78,78,3,815,3,815,78000,78,78000,78,1764354,78,9208031,0
12840,407282,78000,78000,0,0,0,0,0,1764354,78,407204,78,409,409,816,611,1,1000,600,409,409,409,408,408,18,1,78000,78,78,78,3,816,3,816,78000,78,78000,78,1764354,78,9212723,0
12850,407680,78000,78000,0,0,0,0,0,1764354,78,407602,78,409,409,816,1009,2,1000,600,409,410,409,408,408,28,1,78000,78,78,78,3,816,3,816,78000,78,78000,78,1764354,78,9221877,0
12860,408074,78000,78000,0,0,0,0,0,1764354,78,407996,78,410,410,817,1403,2,0,1050,410,410,410,408,408,8,1,78000,78,78,78,3,817,3,817,78000,78,78000,78,1764354,78,9230939,0
12870,408473,78000,78000,0,0,0,0,0,1764354,78,408395,78,410,410,817,1802,2,0,1050,410,410,410,408,408,18,1,78000,78,78,78,3,817,3,817,78000,78,78000,78,1764354,78,9240116,0
12880,408677,78000,78000,0,0,0,0,0,1764354,78,408599,78,410,410,818,1007,2,1000,893,410,411,410,409,409,28,1,78000,78,78,78,3,818,3,818,78000,78,78000,78,1764354,78,9244854,0
12890,409027,78000,78000,0,0,0,0,0,1764354,78,408949,78,411,411,819,1357,2,0,1049,411,411,411,409,409,8,1,78000,78,78,78,3,819,3,819,78000,78,78000,78,1764354,78,9252881,0
12900,409288,78000,78000,0,0,0,0,0,1764354,78,409210,78,411,411,820,619,1,1000,610,411,411,411,410,410,18,1,78000,78,78,78,3,820,3,820,78000,78,78000,78,1764354,78,9258907,0
12910,409549,78000,78000,0,0,0,0,0,1764354,78,409471,78,411,411,820,880,1,1000,610,411,411,411,410,410,27,1,78000,78,78,78,3,820,3,820,78000,78,78000,78,1764354,78,9264933,0
12920,409949,78000,78000,0,0,0,0,0,1764354,78,409871,78,412,412,821,1280,2,0,1015,412,412,412,410,410,6,1,78000,78,78,78,3,821,3,821,78000,78,78000,78,1764354,78,9274110,0
12930,410160,78000,78000,0,0,0,0,0,1764354,78,410082,78,412,412,822,492,1,1000,469,412,412,412,411,411,16,1,78000,78,78,78,3,822,3,822,78000,78,78000,78,1764354,78,9278986,0
12940,410550,78000,78000,0,0,0,0,0,1764354,78,410472,78,412,412,822,882,1,1000,469,412,412,412,411,411,26,1,78000,78,78,78,3,822,3,822,78000,78,78000,78,1764354,78,9287956,0
12950,410908,78000,78000,0,0,0,0,0,1764354,78,410830,78,413,413,823,1240,2,0,1013,413,413,413,411,411,4,1,78000,78,78,78,3,823,3,823,78000,78,78000,78,1764354,78,9296190,0
12960,411300,78000,78000,0,0,0,0,0,1764354,78,411222,78,413,413,823,1632,2,0,1013,413,413,413,411,411,14,1,78000,78,78,78,3,823,3,823,78000,78,78000,78,1764354,78,9305206,0
12970,411520,78000,78000,0,0,0,0,0,1764354,78,411442,78,413,413,824,853,1,1000,851,413,413,413,412,412,24,1,78000,78,78,78,3,824,3,824,78000,78,78000,78,1764354,78,9310289,0
12980,411895,78000,78000,0,0,0,0,0,1764354,78,411817,78,414,414,825,1228,2,0,1074,414,414,414,412,412,4,1,78000,78,78,78,3,825,3,825,78000,78,78000,78,1764354,78,9318914,0
12990,412300,78000,78000,0,0,0,0,0,1764354,78,412222,78,414,414,825,1633,2,0,1074,414,414,414,412,412,14,1,78000,78,78,78,3,825,3,825,78000,78,78000,78,1764354,78,9328229,0
13000,412513,79000,79000,0,0,0,0,0,1787354,79,412434,79,414,414,826,846,1,1000,705,414,414,414,413,413,24,1,79000,79,79,79,3,826,3,826,79000,79,79000,79,1787354,79,9333128,999.9447405703887
13010,412909,79000,79000,0,0,0,0,0,1787354,79,412830,79,415,415,827,1242,2,0,1065,415,415,415,413,413,4,1,79000,79,79,79,3,827,3,827,79000,79,79000,79,1787354,79,9342236,999.9447405703887
13020,413229,79000,79000,0,0,0,0,0,1787354,79,413150,79,415,415,828,563,1,1000,559,415,415,415,414,414,12,1,79000,79,79,79,3,828,3,828,79000,79,79000,79,1787354,79,9349619,999.9447405703887
13030,413468,79000,79000,0,0,0,0,0,1787354,79,413389,79,415,415,828,802,1,1000,559,415,415,415,414,414,22,1,79000,79,79,79,3,828,3,828,79000,79,79000,79,1787354,79,9355116,999.9447405703887
13040,413861,79000,79000,0,0,0,0,0,1787354,79,413782,79,416,416,829,1195,2,0,1059,416,416,416,414,414,2,1,79000,79,79,79,3,829,3,829,79000,79,79000,79,1787354,79,9364155,999.9447405703887
13050,414256,79000,79000,0,0,0,0,0,1787354,79,414177,79,416,416,829,1590,2,0,1059,416,416,416,414,414,12,1,79000,79,79,79,3,829,3,829,79000,79,79000,79,1787354,79,9373263,999.9447405703887
13060,414551,79000,79000,0,0,0,0,0,1787354,79,414472,79,416,416,830,886,1,1000,881,416,416,416,415,415,22,1,79000,79,79,79,3,830,3,830,79000,79,79000,79,1787354,79,9380048,0
13070,414840,79000,79000,0,0,0,0,0,1787354,79,414761,79,417,417,831,1175,2,0,1029,417,417,417,415,415,2,1,79000,79,79,79,3,831,3,831,79000,79,79000,79,1787354,79,9386718,0
13080,415200,79000,79000,0,0,0,0,0,1787354,79,415121,79,417,417,831,1536,2,0,1029,417,417,417,415,415,12,1,79000,79,79,79,3,831,3,831,79000,79,79000,79,1787354,79,9394998,0
13090,415429,79000,79000,0,0,0,0,0,1787354,79,415350,79,417,417,832,765,1,1000,757,417,417,417,416,416,22,1,79000,79,79,79,3,832,3,832,79000,79,79000,79,1787354,79,9400265,0
13100,415800,79000,79000,0,0,0,0,0,1787354,79,415721,79,418,418,833,1136,2,0,1020,418,418,418,416,416,2,1,79000,79,79,79,3,833,3,833,79000,79,79000,79,1787354,79,9408798,0
13110,416194,79000,79000,0,0,0,0,0,1787354,79,416115,79,418,418,833,1530,2,0,1020,418,418,418,416,416,12,1,79000,79,79,79,3,833,3,833,79000,79,79000,79,1787354,79,9417860,0
13120,416403,79000,79000,0,0,0,0,0,1787354,79,416324,79,418,418,834,740,1,1000,612,418,418,418,417,417,22,1,79000,79,79,79,3,834,3,834,79000,79,79000,79,1787354,79,9422690,0
13130,416800,79000,79000,0,0,0,0,0,1787354,79,416721,79,419,419,835,1137,2,0,1003,419,419,419,417,417,2,1,79000,79,79,79,3,835,3,835,79000,79,79000,79,1787354,79,9431821,0
13140,417154,79000,79000,0,0,0,0,0,1787354,79,417075,79,419,419,835,1491,2,0,1003,419,419,419,417,417,12,1,79000,79,79,79,3,835,3,835,79000,79,79000,79,1787354,79,9439986,0
13150,417559,79000,79000,0,0,0,0,0,1787354,79,417480,79,419,419,835,1896,2,0,1003,419,419,419,417,417,22,1,79000,79,79,79,3,835,3,835,79000,79,79000,79,1787354,79,9449278,0
13160,417768,79000,79000,0,0,0,0,0,1787354,79,417689,79,420,420,837,1106,2,0,1016,420,420,420,418,418,2,1,79000,79,79,79,3,837,3,837,79000,79,79000,79,1787354,79,9454108,0
13170,418157,79000,79000,0,0,0,0,0,1787354,79,418078,79,420,420,837,1495,2,0,1016,420,420,420,418,418,12,1,79000,79,79,79,3,837,3,837,79000,79,79000,79,1787354,79,9463055,0
13180,418362,79000,79000,0,0,0,0,0,1787354,79,418283,79,420,420,838,701,1,1000,514,420,420,420,419,419,22,1,79000,79,79,79,3,838,3,838,79000,79,79000,79,1787354,79,9467816,0
13190,418757,79000,79000,0,0,0,0,0,1787354,79,418678,79,421,421,839,1096,2,0,1066,421,421,421,419,419,0,1,79000,79,79,79,3,839,3,839,79000,79,79000,79,1787354,79,9476878,0
13200,419149,79000,79000,0,0,0,0,0,1787354,79,419070,79,421,421,839,1488,2,0,1066,421,421,421,419,419,10,1,79000,79,79,79,3,839,3,839,79000,79,79000,79,1787354,79,9485894,0
13210,419203,79000,79000,0,0,0,0,0,1787354,79,419124,79,421,421,840,543,1,1000,494,421,421,421,420,420,19,1,79000,79,79,79,3,840,3,840,79000,79,79000,79,1787354,79,9487159,0
13220,419597,79000,79000,0,0,0,0,0,1787354,79,419518,79,421,421,840,937,1,1000,494,421,421,421,420,420,29,1,79000,79,79,79,3,840,3,840,79000,79,79000,79,1787354,79,9496221,0
13230,419996,79000,79000,0,0,0,0,0,1787354,79,419917,79,422,422,841,1336,2,0,1097,422,422,422,420,420,6,1,79000,79,79,79,3,841,3,841,79000,79,79000,79,1787354,79,9505398,0
13240,420389,79000,79000,0,0,0,0,0,1787354,79,420310,79,422,422,841,1729,2,0,1097,422,422,422,420,420,16,1,79000,79,79,79,3,841,3,841,79000,79,79000,79,1787354,79,9514437,0
13250,420596,79000,79000,0,0,0,0,0,1787354,79,420517,79,422,422,842,937,1,1000,850,422,422,422,421,421,26,1,79000,79,79,79,3,842,3,842,79000,79,79000,79,1787354,79,9519221,0
13260,420995,79000,79000,0,0,0,0,0,1787354,79,420916,79,423,423,843,1336,2,0,1080,423,423,423,421,421,6,1,79000,79,79,79,3,843,3,843,79000,79,79000,79,1787354,79,9528398,0
13270,421360,79000,79000,0,0,0,0,0,1787354,79,421281,79,423,423,843,1701,2,0,1080,423,423,423,421,421,14,1,79000,79,79,79,3,843,3,843,79000,79,79000,79,1787354,79,9536793,0
13280,421565,79000,79000,0,0,0,0,0,1787354,79,421486,79,423,423,844,907,1,1000,703,423,423,423,422,422,24,1,79000,79,79,79,3,844,3,844,79000,79,79000,79,1787354,79,9541531,0
13290,421964,79000,79000,0,0,0,0,0,1787354,79,421885,79,424,424,845,1306,2,0,1069,424,424,424,422,422,4,1,79000,79,79,79,3,845,3,845,79000,79,79000,79,1787354,79,9550708,0
13300,422222,79000,79000,0,0,0,0,0,1787354,79,422143,79,424,424,846,565,1,1000,555,424,424,424,423,423,14,1,79000,79,79,79,3,846,3,846,79000,79,79000,79,1787354,79,9556665,0
13310,422575,79000,79000,0,0,0,0,0,1787354,79,422496,79,424,424,846,918,1,1000,555,424,424,424,423,423,24,1,79000,79,79,79,3,846,3,846,79000,79,79000,79,1787354,79,9564784,0
13320,422967,79000,79000,0,0,0,0,0,1787354,79,422888,79,425,425,847,1310,2,0,1004,425,425,425,423,423,6,1,79000,79,79,79,3,847,3,847,79000,79,79000,79,1787354,79,9573800,0
13330,423364,79000,79000,0,0,0,0,0,1787354,79,423285,79,425,425,847,1707,2,0,1004,425,425,425,423,423,18,1,79000,79,79,79,3,847,3,847,79000,79,79000,79,1787354,79,9582931,0
13340,423599,79000,79000,0,0,0,0,0,1787354,79,423520,79,425,425,848,943,1,1000,940,425,425,425,424,424,26,1,79000,79,79,79,3,848,3,848,79000,79,79000,79,1787354,79,9588359,0
13350,423926,79000,79000,0,0,0,0,0,1787354,79,423847,79,426,426,849,1270,2,0,1060,426,426,426,424,424,4,1,79000,79,79,79,3,849,3,849,79000,79,79000,79,1787354,79,9595880,0
13360,424130,79000,79000,0,0,0,0,0,1787354,79,424051,79,426,426,850,475,1,1000,460,426,426,426,425,425,14,1,79000,79,79,79,3,850,3,850,79000,79,79000,79,1787354,79,9600595,0
13370,424527,79000,79000,0,0,0,0,0,1787354,79,424448,79,426,426,850,872,1,1000,460,426,426,426,425,425,24,1,79000,79,79,79,3,850,3,850,79000,79,79000,79,1787354,79,9609749,0
13380,424925,79000,79000,0,0,0,0,0,1787354,79,424846,79,427,427,851,1270,2,0,1064,427,427,427,425,425,4,1,79000,79,79,79,3,851,3,851,79000,79,79000,79,1787354,79,9618880,0
13390,425298,79000,79000,0,0,0,0,0,1787354,79,425219,79,427,427,852,644,1,1000,639,427,427,427,426,426,15,1,79000,79,79,79,3,852,3,852,79000,79,79000,79,1787354,79,9627482,0
13400,425474,79000,79000,0,0,0,0,0,1787354,79,425395,79,427,427,852,820,1,1000,639,427,427,427,426,426,24,1,79000,79,79,79,3,852,3,852,79000,79,79000,79,1787354,79,9631530,0
13410,425867,79000,79000,0,0,0,0,0,1787354,79,425788,79,428,428,853,1213,2,0,1029,428,428,428,426,426,4,1,79000,79,79,79,3,853,3,853,79000,79,79000,79,1787354,79,9640569,0
13420,426135,79000,79000,0,0,0,0,0,1787354,79,426056,79,428,428,854,482,1,1000,480,428,428,428,427,427,14,1,79000,79,79,79,3,854,3,854,79000,79,79000,79,1787354,79,9646756,0
13430,426467,79000,79000,0,0,0,0,0,1787354,79,426388,79,428,428,854,814,1,1000,480,428,428,428,427,427,24,1,79000,79,79,79,3,854,3,854,79000,79,79000,79,1787354,79,9654392,0
13440,426857,79000,79000,0,0,0,0,0,1787354,79,426778,79,429,429,855,1204,2,0,1026,429,429,429,427,427,4,1,79000,79,79,79,3,855,3,855,79000,79,79000,79,1787354,79,9663362,0
13450,427250,79000,79000,0,0,0,0,0,1787354,79,427171,79,429,429,855,1597,2,0,1026,429,429,429,427,427,14,1,79000,79,79,79,3,855,3,855,79000,79,79000,79,1787354,79,9672401,0
13460,427512,79000,79000,0,0,0,0,0,1787354,79,427433,79,429,429,856,860,1,1000,856,429,429,429,428,428,24,1,79000,79,79,79,3,856,3,856,79000,79,79000,79,1787354,79,9678450,0
13470,427815,80000,80000,0,0,0,0,0,1810354,80,427735,80,430,430,857,1162,2,0,1075,430,430,430,428,428,2,1,80000,80,80,80,3,857,3,857,80000,80,80000,80,1810354,80,9685396,999.9447405703887
13480,428206,80000,80000,0,0,0,0,0,1810354,80,428126,80,430,430,857,1553,2,0,1075,430,430,430,428,428,12,1,80000,80,80,80,3,857,3,857,80000,80,80000,80,1810354,80,9694389,999.9447405703887
13490,428418,80000,80000,0,0,0,0,0,1810354,80,428338,80,430,430,858,766,1,1000,689,430,430,430,429,429,22,1,80000,80,80,80,3,858,3,858,80000,80,80000,80,1810354,80,9699288,999.9447405703887
13500,428817,80000,80000,0,0,0,0,0,1810354,80,428737,80,431,431,859,1165,2,0,1062,431,431,431,429,429,2,1,80000,80,80,80,3,859,3,859,80000,80,80000,80,1810354,80,9708465,999.9447405703887
13510,428992,80000,80000,0,0,0,0,0,1810354,80,428912,80,431,431,860,341,1,1000,332,431,431,431,430,430,12,1,80000,80,80,80,3,860,3,860,80000,80,80000,80,1810354,80,9712513,999.9447405703887
13520,429297,80000,80000,0,0,0,0,0,1810354,80,429217,80,431,431,860,646,1,1000,332,431,431,431,430,430,22,1,80000,80,80,80,3,860,3,860,80000,80,80000,80,1810354,80,9719551,999.9447405703887
13530,429653,80000,80000,0,0,0,0,0,1810354,80,429573,80,431,431,860,1002,2,1000,332,431,432,431,430,430,30,1,80000,80,80,80,3,860,3,860,80000,80,80000,80,1810354,80,9727716,0
13540,430053,80000,80000,0,0,0,0,0,1810354,80,429973,80,432,432,861,1402,2,0,1017,432,432,432,430,430,8,1,80000,80,80,80,3,861,3,861,80000,80,80000,80,1810354,80,9736916,0
13550,430373,80000,80000,0,0,0,0,0,1810354,80,430293,80,432,432,862,723,1,1000,715,432,432,432,431,431,18,1,80000,80,80,80,3,862,3,862,80000,80,80000,80,1810354,80,9744299,0
13560,430657,80000,80000,0,0,0,0,0,1810354,80,430577,80,433,433,863,1007,2,0,1002,433,433,433,431,431,0,1,80000,80,80,80,3,863,3,863,80000,80,80000,80,1810354,80,9750831,0
13570,431059,80000,80000,0,0,0,0,0,1810354,80,430979,80,433,433,863,1409,2,0,1002,433,433,433,431,431,10,1,80000,80,80,80,3,863,3,863,80000,80,80000,80,1810354,80,9760077,0
13580,431259,80000,80000,0,0,0,0,0,1810354,80,431179,80,433,433,864,610,1,1000,574,433,433,433,432,432,18,1,80000,80,80,80,3,864,3,864,80000,80,80000,80,1810354,80,9764700,0
13590,431618,80000,80000,0,0,0,0,0,1810354,80,431538,80,433,433,864,969,1,1000,574,433,433,433,432,432,28,1,80000,80,80,80,3,864,3,864,80000,80,80000,80,1810354,80,9772980,0
13600,432018,80000,80000,0,0,0,0,0,1810354,80,431938,80,434,434,865,1369,2,0,1005,434,434,434,432,432,8,1,80000,80,80,80,3,865,3,865,80000,80,80000,80,1810354,80,9782180,0
13610,432418,80000,80000,0,0,0,0,0,1810354,80,432338,80,434,434,865,1769,2,0,1005,434,434,434,432,432,18,1,80000,80,80,80,3,865,3,865,80000,80,80000,80,1810354,80,9791357,0
13620,432617,80000,80000,0,0,0,0,0,1810354,80,432537,80,434,434,866,969,1,1000,926,434,434,434,433,433,28,1,80000,80,80,80,3,866,3,866,80000,80,80000,80,1810354,80,9795957,0
13630,433004,80000,80000,0,0,0,0,0,1810354,80,432924,80,435,435,867,1356,2,0,1073,435,435,435,433,433,6,1,80000,80,80,80,3,867,3,867,80000,80,80000,80,1810354,80,9804881,0
13640,433202,80000,80000,0,0,0,0,0,1810354,80,433122,80,435,435,868,555,1,1000,509,435,435,435,434,434,16,1,80000,80,80,80,3,868,3,868,80000,80,80000,80,1810354,80,9809435,0
13650,433593,80000,80000,0,0,0,0,0,1810354,80,433513,80,435,435,868,946,1,1000,509,435,435,435,434,434,26,1,80000,80,80,80,3,868,3,868,80000,80,80000,80,1810354,80,9818428,0
13660,433960,80000,80000,0,0,0,0,0,1810354,80,433880,80,436,436,869,1313,2,0,1055,436,436,436,434,434,6,1,80000,80,80,80,3,869,3,869,80000,80,80000,80,1810354,80,9826869,0
13670,434274,80000,80000,0,0,0,0,0,1810354,80,434194,80,436,436,870,628,1,1000,621,436,436,436,435,435,16,1,80000,80,80,80,3,870,3,870,80000,80,80000,80,1810354,80,9834114,0
13680,434565,80000,80000,0,0,0,0,0,1810354,80,434485,80,436,436,870,919,1,1000,621,436,436,436,435,435,26,1,80000,80,80,80,3,870,3,870,80000,80,80000,80,1810354,80,9840807,0
13690,434926,80000,80000,0,0,0,0,0,1810354,80,434846,80,437,437,871,1281,2,0,1040,437,437,437,435,435,6,1,80000,80,80,80,3,871,3,871,80000,80,80000,80,1810354,80,9849133,0
13700,435240,80000,80000,0,0,0,0,0,1810354,80,435160,80,437,437,872,595,1,1000,590,437,437,437,436,436,16,1,80000,80,80,80,3,872,3,872,80000,80,80000,80,1810354,80,9856355,0
13710,435517,80000,80000,0,0,0,0,0,1810354,80,435437,80,437,437,872,872,1,1000,590,437,437,437,436,436,26,1,80000,80,80,80,3,872,3,872,80000,80,80000,80,1810354,80,9862726,0
13720,435910,80000,80000,0,0,0,0,0,1810354,80,435830,80,438,438,873,1265,2,0,1076,438,438,438,436,436,4,1,80000,80,80,80,3,873,3,873,80000,80,80000,80,1810354,80,9871788,0
13730,436257,80000,80000,0,0,0,0,0,1810354,80,436177,80,438,438,873,1612,2,0,1076,438,438,438,436,436,12,1,80000,80,80,80,3,873,3,873,80000,80,80000,80,1810354,80,9879746,0
13740,436526,80000,80000,0,0,0,0,0,1810354,80,436446,80,438,438,874,882,1,1000,876,438,438,438,437,437,24,1,80000,80,80,80,3,874,3,874,80000,80,80000,80,1810354,80,9885956,0
13750,436847,80000,80000,0,0,0,0,0,1810354,80,436767,80,439,439,875,1203,2,0,1036,439,439,439,437,437,4,1,80000,80,80,80,3,875,3,875,80000,80,80000,80,1810354,80,9893339,0
13760,437239,80000,80000,0,0,0,0,0,1810354,80,437159,80,439,439,875,1595,2,0,1036,439,439,439,437,437,14,1,80000,80,80,80,3,875,3,875,80000,80,80000,80,1810354,80,9902355,0
13770,437433,80000,80000,0,0,0,0,0,1810354,80,437353,80,439,439,876,790,1,1000,764,439,439,439,438,438,24,1,80000,80,80,80,3,876,3,876,80000,80,80000,80,1810354,80,9906840,0
13780,437830,80000,80000,0,0,0,0,0,1810354,80,437750,80,440,440,877,1187,2,0,1001,440,440,440,438,438,4,1,80000,80,80,80,3,877,3,877,80000,80,80000,80,1810354,80,9915971,0
13790,438181,80000,80000,0,0,0,0,0,1810354,80,438101,80,440,440,877,1538,2,0,1001,440,440,440,438,438,12,1,80000,80,80,80,3,877,3,877,80000,80,80000,80,1810354,80,9924044,0
13800,438386,80000,80000,0,0,0,0,0,1810354,80,438306,80,440,440,878,744,1,1000,621,440,440,440,439,439,22,1,80000,80,80,80,3,878,3,878,80000,80,80000,80,1810354,80,9928782,0
13810,438660,80000,80000,0,0,0,0,0,1810354,80,438580,80,440,440,878,1018,2,1000,621,440,441,440,439,439,33,1,80000,80,80,80,3,878,3,878,80000,80,80000,80,1810354,80,9935107,0
13820,439051,80000,80000,0,0,0,0,0,1810354,80,438971,80,441,441,879,1409,2,0,1075,441,441,441,439,439,8,1,80000,80,80,80,3,879,3,879,80000,80,80000,80,1810354,80,9944077,0
13830,439444,80000,80000,0,0,0,0,0,1810354,80,439364,80,441,441,880,803,1,1000,795,441,441,441,440,440,18,1,80000,80,80,80,3,880,3,880,80000,80,80000,80,1810354,80,9953139,0
13840,439665,80000,80000,0,0,0,0,0,1810354,80,439585,80,441,441,880,1024,2,1000,795,441,442,441,440,440,28,1,80000,80,80,80,3,880,3,880,80000,80,80000,80,1810354,80,9958245,0
13850,440024,80000,80000,0,0,0,0,0,1810354,80,439944,80,442,442,881,1383,2,0,1064,442,442,442,440,440,8,1,80000,80,80,80,3,881,3,881,80000,80,80000,80,1810354,80,9966479,0
13860,440348,80000,80000,0,0,0,0,0,1810354,80,440268,80,442,442,882,708,1,1000,701,442,442,442,441,441,16,1,80000,80,80,80,3,882,3,882,80000,80,80000,80,1810354,80,9973954,0
13870,440625,80000,80000,0,0,0,0,0,1810354,80,440545,80,442,442,882,985,1,1000,701,442,442,442,441,441,26,1,80000,80,80,80,3,882,3,882,80000,80,80000,80,1810354,80,9980371,0
13880,441020,80000,80000,0,0,0,0,0,1810354,80,440940,80,443,443,883,1380,2,0,1066,443,443,443,441,441,8,1,80000,80,80,80,3,883,3,883,80000,80,80000,80,1810354,80,9989433,0
13890,441230,80000,80000,0,0,0,0,0,1810354,80,441150,80,443,443,884,591,1,1000,561,443,443,443,442,442,18,1,80000,80,80,80,3,884,3,884,80000,80,80000,80,1810354,80,9994263,0
13900,441626,80000,80000,0,0,0,0,0,1810354,80,441546,80,443,443,884,987,1,1000,561,443,443,443,442,442,28,1,80000,80,80,80,3,884,3,884,80000,80,80000,80,1810354,80,10003371,0
13910,442022,80000,80000,0,0,0,0,0,1810354,80,441942,80,444,444,885,1383,2,0,1050,444,444,444,442,442,8,1,80000,80,80,80,3,885,3,885,80000,80,80000,80,1810354,80,10012479,0
13920,442380,80000,80000,0,0,0,0,0,1810354,80,442300,80,444,444,885,1741,2,0,1050,444,444,444,442,442,16,1,80000,80,80,80,3,885,3,885,80000,80,80000,80,1810354,80,10020736,0
13930,442588,80000,80000,0,0,0,0,0,1810354,80,442508,80,444,444,886,950,1,1000,939,444,444,444,443,443,26,1,80000,80,80,80,3,886,3,886,80000,80,80000,80,1810354,80,10025520,0
13940,442980,80000,80000,0,0,0,0,0,1810354,80,442900,80,445,445,887,1342,2,0,1053,445,445,445,443,443,6,1,80000,80,80,80,3,887,3,887,80000,80,80000,80,1810354,80,10034559,0
13950,443366,80000,80000,0,0,0,0,0,1810354,80,443286,80,445,445,887,1728,2,0,1053,445,445,445,443,443,16,1,80000,80,80,80,3,887,3,887,80000,80,80000,80,1810354,80,10043414,0
13960,443568,80000,80000,0,0,0,0,0,1810354,80,443488,80,445,445,888,931,1,1000,763,445,445,445,444,444,26,1,80000,80,80,80,3,888,3,888,80000,80,80000,80,1810354,80,10048106,0
13970,443949,80000,80000,0,0,0,0,0,1810354,80,443869,80,446,446,889,1312,2,0,1020,446,446,446,444,444,6,1,80000,80,80,80,3,889,3,889,80000,80,80000,80,1810354,80,10056869,0
13980,444289,80000,80000,0,0,0,0,0,1810354,80,444209,80,446,446,889,1652,2,0,1020,446,446,446,444,444,16,1,80000,80,80,80,3,889,3,889,80000,80,80000,80,1810354,80,10064666,0
13990,444489,80000,80000,0,0,0,0,0,1810354,80,444409,80,446,446,890,853,1,1000,687,446,446,446,445,445,26,1,80000,80,80,80,3,890,3,890,80000,80,80000,80,1810354,80,10069289,0
14000,444867,80000,80000,0,0,0,0,0,1810354,80,444787,80,447,447,891,1231,2,0,1061,447,447,447,445,445,4,1,80000,80,80,80,3,891,3,891,80000,80,80000,80,1810354,80,10077983,0
14010,445198,80000,80000,0,0,0,0,0,1810354,80,445118,80,447,447,892,563,1,1000,556,447,447,447,446,446,14,1,80000,80,80,80,3,892,3,892,80000,80,80000,80,1810354,80,10085619,0
14020,445461,80000,80000,0,0,0,0,0,1810354,80,445381,80,447,447,892,826,1,1000,556,447,447,447,446,446,24,1,80000,80,80,80,3,892,3,892,80000,80,80000,80,1810354,80,10091668,0
14030,445848,80000,80000,0,0,0,0,0,1810354,80,445768,80,448,448,893,1213,2,0,1022,448,448,448,446,446,4,1,80000,80,80,80,3,893,3,893,80000,80,80000,80,1810354,80,10100569,0
14040,446060,80000,80000,0,0,0,0,0,1810354,80,445980,80,448,448,894,426,1,1000,409,448,448,448,447,447,14,1,80000,80,80,80,3,894,3,894,80000,80,80000,80,1810354,80,10105468,0
14050,446414,80000,80000,0,0,0,0,0,1810354,80,446334,80,448,448,894,780,1,1000,409,448,448,448,447,447,24,1,80000,80,80,80,3,894,3,894,80000,80,80000,80,1810354,80,10113610,0
14060,446801,80000,80000,0,0,0,0,0,1810354,80,446721,80,449,449,895,1167,2,0,1075,449,449,449,447,447,2,1,80000,80,80,80,3,895,3,895,80000,80,80000,80,1810354,80,10122511,0
14070,447198,80000,80000,0,0,0,0,0,1810354,80,447118,80,449,449,895,1564,2,0,1075,449,449,449,447,447,12,1,80000,80,80,80,3,895,3,895,80000,80,80000,80,1810354,80,10131642,0
14080,447460,80000,80000,0,0,0,0,0,1810354,80,447380,80,449,449,896,827,1,1000,823,449,449,449,448,448,22,1,80000,80,80,80,3,896,3,896,80000,80,80000,80,1810354,80,10137691,0
14090,447802,80000,80000,0,0,0,0,0,1810354,80,447722,80,450,450,897,1169,2,0,1001,450,450,450,448,448,4,1,80000,80,80,80,3,897,3,897,80000,80,80000,80,1810354,80,10145557,0
14100,448193,80000,80000,0,0,0,0,0,1810354,80,448113,80,450,450,897,1560,2,0,1001,450,450,450,448,448,14,1,80000,80,80,80,3,897,3,897,80000,80,80000,80,1810354,80,10154550,0
14111,448275,80000,80000,0,0,0,0,0,1810354,80,448195,80,450,450,898,643,1,1000,562,450,450,450,449,449,23,1,80000,80,80,80,3,898,3,898,80000,80,80000,80,1810354,80,10156459,0
14120,448623,80000,80000,0,0,0,0,0,1810354,80,448543,80,450,450,898,991,1,1000,562,450,450,450,449,449,33,1,80000,80,80,80,3,898,3,898,80000,80,80000,80,1810354,80,10164463,0
14130,449013,80000,80000,0,0,0,0,0,1810354,80,448933,80,451,451,899,1381,2,0,1059,451,451,451,449,449,8,1,80000,80,80,80,3,899,3,899,80000,80,80000,80,1810354,80,10173433,0
14140,449410,80000,80000,0,0,0,0,0,1810354,80,449330,80,451,451,899,1778,2,0,1059,451,451,451,449,449,18,1,80000,80,80,80,3,899,3,899,80000,80,80000,80,1810354,80,10182564,0
14150,449612,80000,80000,0,0,0,0,0,1810354,80,449532,80,451,451,900,981,1,1000,864,451,451,451,450,450,28,1,80000,80,80,80,3,900,3,900,80000,80,80000,80,1810354,80,10187233,0
14160,450003,80000,80000,0,0,0,0,0,1810354,80,449923,80,452,452,901,1372,2,0,1050,452,452,452,450,450,8,1,80000,80,80,80,3,901,3,901,80000,80,80000,80,1810354,80,10196226,0
14170,450353,80000,80000,0,0,0,0,0,1810354,80,450273,80,452,452,902,723,1,1000,716,452,452,452,451,451,18,1,80000,80,80,80,3,902,3,902,80000,80,80000,80,1810354,80,10204299,0
14180,450560,80000,80000,0,0,0,0,0,1810354,80,450480,80,452,452,902,930,1,1000,716,452,452,452,451,451,26,1,80000,80,80,80,3,902,3,902,80000,80,80000,80,1810354,80,10209060,0
14190,450961,80000,80000,0,0,0,0,0,1810354,80,450881,80,453,453,903,1331,2,0,1027,453,453,453,451,451,6,1,80000,80,80,80,3,903,3,903,80000,80,80000,80,1810354,80,10218283,0
14200,451218,80000,80000,0,0,0,0,0,1810354,80,451138,80,453,453,904,589,1,1000,583,453,453,453,452,452,16,1,80000,80,80,80,3,904,3,904,80000,80,80000,80,1810354,80,10224217,0
14210,451546,80000,80000,0,0,0,0,0,1810354,80,451466,80,453,453,904,917,1,1000,583,453,453,453,452,452,26,1,80000,80,80,80,3,904,3,904,80000,80,80000,80,1810354,80,10231761,0
14220,451942,80000,80000,0,0,0,0,0,1810354,80,451862,80,454,454,905,1313,2,0,1013,454,454,454,452,452,6,1,80000,80,80,80,3,905,3,905,80000,80,80000,80,1810354,80,10240892,0
14230,452335,80000,80000,0,0,0,0,0,1810354,80,452255,80,454,454,905,1706,2,0,1013,454,454,454,452,452,16,1,80000,80,80,80,3,905,3,905,80000,80,80000,80,1810354,80,10249931,0
14240,452571,80000,80000,0,0,0,0,0,1810354,80,452491,80,454,454,906,943,1,1000,940,454,454,454,453,453,26,1,80000,80,80,80,3,906,3,906,80000,80,80000,80,1810354,80,10255359,0
14250,452898,80000,80000,0,0,0,0,0,1810354,80,452818,80,455,455,907,1270,2,0,1062,455,455,455,453,453,4,1,80000,80,80,80,3,907,3,907,80000,80,80000,80,1810354,80,10262880,0
14260,453258,80000,80000,0,0,0,0,0,1810354,80,453178,80,455,455,908,631,1,1000,620,455,455,455,454,454,14,1,80000,80,80,80,3,908,3,908,80000,80,80000,80,1810354,80,10271183,0
14270,453506,80000,80000,0,0,0,0,0,1810354,80,453426,80,455,455,908,879,1,1000,620,455,455,455,454,454,24,1,80000,80,80,80,3,908,3,908,80000,80,80000,80,1810354,80,10276887,0
14280,453903,80000,80000,0,0,0,0,0,1810354,80,453823,80,456,456,909,1276,2,0,1078,456,456,456,454,454,4,1,80000,80,80,80,3,909,3,909,80000,80,80000,80,1810354,80,10286041,0
14290,454300,80000,80000,0,0,0,0,0,1810354,80,454220,80,456,456,909,1673,2,0,1078,456,456,456,454,454,14,1,80000,80,80,80,3,909,3,909,80000,80,80000,80,1810354,80,10295172,0
14300,454465,80000,80000,0,0,0,0,0,1810354,80,454385,80,456,456,910,839,1,1000,701,456,456,456,455,455,24,1,80000,80,80,80,3,910,3,910,80000,80,80000,80,1810354,80,10298967,0
14310,454854,80000,80000,0,0,0,0,0,1810354,80,454774,80,457,457,911,1228,2,0,1052,457,457,457,455,455,4,1,80000,80,80,80,3,911,3,911,80000,80,80000,80,1810354,80,10307914,0
14320,455194,80000,80000,0,0,0,0,0,1810354,80,455114,80,457,457,912,569,1,1000,561,457,457,457,456,456,14,1,80000,80,80,80,3,912,3,912,80000,80,80000,80,1810354,80,10315757,0
14330,455449,80000,80000,0,0,0,0,0,1810354,80,455369,80,457,457,912,824,1,1000,561,457,457,457,456,456,24,1,80000,80,80,80,3,912,3,912,80000,80,80000,80,1810354,80,10321645,0
14340,455846,80000,80000,0,0,0,0,0,1810354,80,455766,80,458,458,913,1221,2,0,1024,458,458,458,456,456,4,1,80000,80,80,80,3,913,3,913,80000,80,80000,80,1810354,80,10330753,0
14350,456234,80000,80000,0,0,0,0,0,1810354,80,456154,80,458,458,913,1609,2,0,1024,458,458,458,456,456,14,1,80000,80,80,80,3,913,3,913,80000,80,80000,80,1810354,80,10339723,0
14360,456438,80000,80000,0,0,0,0,0,1810354,80,456358,80,458,458,914,814,1,1000,640,458,458,458,457,457,24,1,80000,80,80,80,3,914,3,914,80000,80,80000,80,1810354,80,10344392,0
14370,456792,80000,80000,0,0,0,0,0,1810354,80,456712,80,459,459,915,1168,2,0,1013,459,459,459,457,457,2,1,80000,80,80,80,3,915,3,915,80000,80,80000,80,1810354,80,10352534,0
14380,457189,80000,80000,0,0,0,0,0,1810354,80,457109,80,459,459,915,1565,2,0,1013,459,459,459,457,457,14,1,80000,80,80,80,3,915,3,915,80000,80,80000,80,1810354,80,10361688,0
14390,457419,80000,80000,0,0,0,0,0,1810354,80,457339,80,459,459,916,796,1,1000,790,459,459,459,458,458,24,1,80000,80,80,80,3,916,3,916,80000,80,80000,80,1810354,80,10366978,0
14400,457777,80000,80000,0,0,0,0,0,1810354,80,457697,80,460,460,917,1154,2,0,1062,460,460,460,458,458,2,1,80000,80,80,80,3,917,3,917,80000,80,80000,80,1810354,80,10375212,0
14410,458052,80000,80000,0,0,0,0,0,1810354,80,457972,80,460,460,918,430,1,1000,424,460,460,460,459,459,12,1,80000,80,80,80,3,918,3,918,80000,80,80000,80,1810354,80,10381560,0
14420,458257,80000,80000,0,0,0,0,0,1810354,80,458177,80,460,460,918,635,1,1000,424,460,460,460,459,459,22,1,80000,80,80,80,3,918,3,918,80000,80,80000,80,1810354,80,10386275,0
14430,458603,80000,80000,0,0,0,0,0,1810354,80,458523,80,460,460,918,981,1,1000,424,460,460,460,459,459,30,1,80000,80,80,80,3,918,3,918,80000,80,80000,80,1810354,80,10394233,0
14440,458995,80000,80000,0,0,0,0,0,1810354,80,458915,80,461,461,919,1373,2,0,1070,461,461,461,459,459,6,1,80000,80,80,80,3,919,3,919,80000,80,80000,80,1810354,80,10403249,0
14450,459382,80000,80000,0,0,0,0,0,1810354,80,459302,80,461,461,919,1760,2,0,1070,461,461,461,459,459,16,1,80000,80,80,80,3,919,3,919,80000,80,80000,80,1810354,80,10412150,0
14460,459595,80000,80000,0,0,0,0,0,1810354,80,459515,80,461,461,920,974,1,1000,786,461,461,461,460,460,28,1,80000,80,80,80,3,920,3,920,80000,80,80000,80,1810354,80,10417072,0
14470,459981,80000,80000,0,0,0,0,0,1810354,80,459901,80,462,462,921,1360,2,0,1048,462,462,462,460,460,8,1,80000,80,80,80,3,921,3,921,80000,80,80000,80,1810354,80,10425950,0
14480,460279,80000,80000,0,0,0,0,0,1810354,80,460199,80,462,462,922,659,1,1000,650,462,462,462,461,461,18,1,80000,80,80,80,3,922,3,922,80000,80,80000,80,1810354,80,10432827,0
14491,460591,80000,80000,0,0,0,0,0,1810354,80,460511,80,462,462,922,971,1,1000,650,462,462,462,461,461,28,1,80000,80,80,80,3,922,3,922,80000,80,80000,80,1810354,80,10440003,0
14500,460954,80000,80000,0,0,0,0,0,1810354,80,460874,80,463,463,923,1334,2,0,1049,463,463,463,461,461,6,1,80000,80,80,80,3,923,3,923,80000,80,80000,80,1810354,80,10448352,0
14510,461156,80000,80000,0,0,0,0,0,1810354,80,461076,80,463,463,924,537,1,1000,508,463,463,463,462,462,16,1,80000,80,80,80,3,924,3,924,80000,80,80000,80,1810354,80,10453021,0
14520,461544,80000,80000,0,0,0,0,0,1810354,80,461464,80,463,463,924,925,1,1000,508,463,463,463,462,462,26,1,80000,80,80,80,3,924,3,924,80000,80,80000,80,1810354,80,10461945,0
14530,461940,80000,80000,0,0,0,0,0,1810354,80,461860,80,464,464,925,1321,2,0,1022,464,464,464,462,462,6,1,80000,80,80,80,3,925,3,925,80000,80,80000,80,1810354,80,10471076,0
14540,462326,80000,80000,0,0,0,0,0,1810354,80,462246,80,464,464,925,1707,2,0,1022,464,464,464,462,462,16,1,80000,80,80,80,3,925,3,925,80000,80,80000,80,1810354,80,10479931,0
14550,462526,80000,80000,0,0,0,0,0,1810354,80,462446,80,464,464,926,908,1,1000,883,464,464,464,463,463,26,1,80000,80,80,80,3,926,3,926,80000,80,80000,80,1810354,80,10484554,0
14560,462879,80000,80000,0,0,0,0,0,1810354,80,462799,80,465,465,927,1261,2,0,1087,465,465,465,463,463,4,1,80000,80,80,80,3,927,3,927,80000,80,80000,80,1810354,80,10492673,0
14570,463271,80000,80000,0,0,0,0,0,1810354,80,463191,80,465,465,927,1653,2,0,1087,465,465,465,463,463,14,1,80000,80,80,80,3,927,3,927,80000,80,80000,80,1810354,80,10501689,0
14580,463473,80000,80000,0,0,0,0,0,1810354,80,463393,80,465,465,928,856,1,1000,699,465,465,465,464,464,24,1,80000,80,80,80,3,928,3,928,80000,80,80000,80,1810354,80,10506381,0
14590,463871,80000,80000,0,0,0,0,0,1810354,80,463791,80,466,466,929,1254,2,0,1057,466,466,466,464,464,4,1,80000,80,80,80,3,929,3,929,80000,80,80000,80,1810354,80,10515512,0
14600,464213,80000,80000,0,0,0,0,0,1810354,80,464133,80,466,466,930,597,1,1000,591,466,466,466,465,465,14,1,80000,80,80,80,3,930,3,930,80000,80,80000,80,1810354,80,10523401,0
14610,464460,80000,80000,0,0,0,0,0,1810354,80,464380,80,466,466,930,844,1,1000,591,466,466,466,465,465,24,1,80000,80,80,80,3,930,3,930,80000,80,80000,80,1810354,80,10529082,0
14620,464816,80000,80000,0,0,0,0,0,1810354,80,464736,80,467,467,931,1200,2,0,1030,467,467,467,465,465,4,1,80000,80,80,80,3,931,3,931,80000,80,80000,80,1810354,80,10537270,0
14630,465212,80000,80000,0,0,0,0,0,1810354,80,465132,80,467,467,931,1596,2,0,1030,467,467,467,465,465,14,1,80000,80,80,80,3,931,3,931,80000,80,80000,80,1810354,80,10546378,0
14640,465563,80000,80000,0,0,0,0,0,1810354,80,465483,80,467,467,932,948,1,1000,939,467,467,467,466,466,24,1,80000,80,80,80,3,932,3,932,80000,80,80000,80,1810354,80,10554474,0
14650,465811,80000,80000,0,0,0,0,0,1810354,80,465731,80,468,468,933,1196,2,0,1028,468,468,468,466,466,4,1,80000,80,80,80,3,933,3,933,80000,80,80000,80,1810354,80,10560178,0
14660,466200,80000,80000,0,0,0,0,0,1810354,80,466120,80,468,468,933,1585,2,0,1028,468,468,468,466,466,14,1,80000,80,80,80,3,933,3,933,80000,80,80000,80,1810354,80,10569125,0
14670,466415,80000,80000,0,0,0,0,0,1810354,80,466335,80,468,468,934,801,1,1000,627,468,468,468,467,467,24,1,80000,80,80,80,3,934,3,934,80000,80,80000,80,1810354,80,10574093,0
14680,466807,80000,80000,0,0,0,0,0,1810354,80,466727,80,469,469,935,1193,2,0,1009,469,469,469,467,467,4,1,80000,80,80,80,3,935,3,935,80000,80,80000,80,1810354,80,10583109,0
14690,467159,80000,80000,0,0,0,0,0,1810354,80,467079,80,469,469,935,1545,2,0,1009,469,469,469,467,467,12,1,80000,80,80,80,3,935,3,935,80000,80,80000,80,1810354,80,10591205,0
14700,467360,80000,80000,0,0,0,0,0,1810354,80,467280,80,469,469,936,747,1,1000,691,469,469,469,468,468,22,1,80000,80,80,80,3,936,3,936,80000,80,80000,80,1810354,80,10595851,0
14710,467637,80000,80000,0,0,0,0,0,1810354,80,467557,80,470,470,937,1024,2,0,1001,470,470,470,468,468,0,1,80000,80,80,80,3,937,3,937,80000,80,80000,80,1810354,80,10602222,0
14720,468027,80000,80000,0,0,0,0,0,1810354,80,467947,80,470,470,937,1414,2,0,1001,470,470,470,468,468,10,1,80000,80,80,80,3,937,3,937,80000,80,80000,80,1810354,80,10611215,0
14730,468424,80000,80000,0,0,0,0,0,1810354,80,468344,80,470,470,937,1811,2,0,1001,470,470,470,468,468,20,1,80000,80,80,80,3,937,3,937,80000,80,80000,80,1810354,80,10620346,0
14740,468632,80000,80000,0,0,0,0,0,1810354,80,468552,80,470,470,938,1020,2,1000,874,470,471,470,469,469,30,1,80000,80,80,80,3,938,3,938,80000,80,80000,80,1810354,80,10625130,0
14750,468986,80000,80000,0,0,0,0,0,1810354,80,468906,80,471,471,939,1374,2,0,1062,471,471,471,469,469,8,1,80000,80,80,80,3,939,3,939,80000,80,80000,80,1810354,80,10633272,0
14760,469318,80000,80000,0,0,0,0,0,1810354,80,469238,80,471,471,940,707,1,1000,701,471,471,471,470,470,18,1,80000,80,80,80,3,940,3,940,80000,80,80000,80,1810354,80,10640931,0
14770,469588,80000,80000,0,0,0,0,0,1810354,80,469508,80,471,471,940,977,1,1000,701,471,471,471,470,470,26,1,80000,80,80,80,3,940,3,940,80000,80,80000,80,1810354,80,10647141,0
14780,469979,80000,80000,0,0,0,0,0,1810354,80,469899,80,472,472,941,1368,2,0,1054,472,472,472,470,470,8,1,80000,80,80,80,3,941,3,941,80000,80,80000,80,1810354,80,10656134,0
14790,470206,80000,80000,0,0,0,0,0,1810354,80,470126,80,472,472,942,596,1,1000,595,472,472,472,471,471,18,1,80000,80,80,80,3,942,3,942,80000,80,80000,80,1810354,80,10661378,0
14800,470578,80000,80000,0,0,0,0,0,1810354,80,470498,80,472,472,942,968,1,1000,595,472,472,472,471,471,28,1,80000,80,80,80,3,942,3,942,80000,80,80000,80,1810354,80,10669957,0
14811,470973,80000,80000,0,0,0,0,0,1810354,80,470893,80,473,473,943,1363,2,0,1035,473,473,473,471,471,8,1,80000,80,80,80,3,943,3,943,80000,80,80000,80,1810354,80,10679019,0
14820,471330,80000,80000,0,0,0,0,0,1810354,80,471250,80,473,473,943,1720,2,0,1035,473,473,473,471,471,16,1,80000,80,80,80,3,943,3,943,80000,80,80000,80,1810354,80,10687253,0
14830,471534,80000,80000,0,0,0,0,0,1810354,80,471454,80,473,473,944,925,1,1000,904,473,473,473,472,472,26,1,80000,80,80,80,3,944,3,944,80000,80,80000,80,1810354,80,10691945,0
14840,471929,80000,80000,0,0,0,0,0,1810354,80,471849,80,474,474,945,1320,2,0,1117,474,474,474,472,472,4,1,80000,80,80,80,3,945,3,945,80000,80,80000,80,1810354,80,10701030,0
14850,472322,80000,80000,0,0,0,0,0,1810354,80,472242,80,474,474,945,1713,2,0,1117,474,474,474,472,472,14,1,80000,80,80,80,3,945,3,945,80000,80,80000,80,1810354,80,10710069,0
14860,472537,80000,80000,0,0,0,0,0,1810354,80,472457,80,474,474,946,929,1,1000,817,474,474,474,473,473,24,1,80000,80,80,80,3,946,3,946,80000,80,80000,80,1810354,80,10715037,0
14870,472930,80000,80000,0,0,0,0,0,1810354,80,472850,80,475,475,947,1322,2,0,1015,475,475,475,473,473,6,1,80000,80,80,80,3,947,3,947,80000,80,80000,80,1810354,80,10724099,0
14880,473283,80000,80000,0,0,0,0,0,1810354,80,473203,80,475,475,947,1675,2,0,1015,475,475,475,473,473,16,1,80000,80,80,80,3,947,3,947,80000,80,80000,80,1810354,80,10732195,0
14890,473489,80000,80000,0,0,0,0,0,1810354,80,473409,80,475,475,948,882,1,1000,693,475,475,475,474,474,26,1,80000,80,80,80,3,948,3,948,80000,80,80000,80,1810354,80,10736979,0
14900,473873,80000,80000,0,0,0,0,0,1810354,80,473793,80,476,476,949,1266,2,0,1068,476,476,476,474,474,4,1,80000,80,80,80,3,949,3,949,80000,80,80000,80,1810354,80,10745788,0
14910,474166,80000,80000,0,0,0,0,0,1810354,80,474086,80,476,476,950,560,1,1000,558,476,476,476,475,475,14,1,80000,80,80,80,3,950,3,950,80000,80,80000,80,1810354,80,10752550,0
14920,474466,80000,80000,0,0,0,0,0,1810354,80,474386,80,476,476,950,860,1,1000,558,476,476,476,475,475,24,1,80000,80,80,80,3,950,3,950,80000,80,80000,80,1810354,80,10759450,0
14930,474858,80000,80000,0,0,0,0,0,1810354,80,474778,80,477,477,951,1252,2,0,1049,477,477,477,475,475,4,1,80000,80,80,80,3,951,3,951,80000,80,80000,80,1810354,80,10768466,0
14940,475252,80000,80000,0,0,0,0,0,1810354,80,475172,80,477,477,951,1646,2,0,1049,477,477,477,475,475,14,1,80000,80,80,80,3,951,3,951,80000,80,80000,80,1810354,80,10777551,0
14950,475532,80000,80000,0,0,0,0,0,1810354,80,475452,80,477,477,952,927,1,1000,922,477,477,477,476,476,24,1,80000,80,80,80,3,952,3,952,80000,80,80000,80,1810354,80,10783991,0
14960,475808,80000,80000,0,0,0,0,0,1810354,80,475728,80,478,478,953,1203,2,0,1023,478,478,478,476,476,4,1,80000,80,80,80,3,953,3,953,80000,80,80000,80,1810354,80,10790339,0
14970,476202,80000,80000,0,0,0,0,0,1810354,80,476122,80,478,478,953,1597,2,0,1023,478,478,478,476,476,14,1,80000,80,80,80,3,953,3,953,80000,80,80000,80,1810354,80,10799424,0
14980,476411,80000,80000,0,0,0,0,0,1810354,80,476331,80,478,478,954,807,1,1000,763,478,478,478,477,477,24,1,80000,80,80,80,3,954,3,954,80000,80,80000,80,1810354,80,10804231,0
14990,476808,80000,80000,0,0,0,0,0,1810354,80,476728,80,479,479,955,1204,2,0,1030,479,479,479,477,477,4,1,80000,80,80,80,3,955,3,955,80000,80,80000,80,1810354,80,10813362,0
15000,477199,80000,80000,0,0,0,0,0,1810354,80,477119,80,479,479,955,1595,2,0,1030,479,479,479,477,477,14,1,80000,80,80,80,3,955,3,955,80000,80,80000,80,1810354,80,10822378,0
15011,477286,80000,80000,0,0,0,0,0,1810354,80,477206,80,479,479,956,683,1,1000,600,479,479,479,478,478,23,1,80000,80,80,80,3,956,3,956,80000,80,80000,80,1810354,80,10824379,0
15020,477638,80000,80000,0,0,0,0,0,1810354,80,477558,80,480,480,957,1035,2,0,1029,480,480,480,478,478,0,1,80000,80,80,80,3,957,3,957,80000,80,80000,80,1810354,80,10832475,0
15030,478029,80000,80000,0,0,0,0,0,1810354,80,477949,80,480,480,957,1426,2,0,1029,480,480,480,478,478,10,1,80000,80,80,80,3,957,3,957,80000,80,80000,80,1810354,80,10841468,0
15040,478411,80000,80000,0,0,0,0,0,1810354,80,478331,80,480,480,958,809,1,1000,806,480,480,480,479,479,20,1,80000,80,80,80,3,958,3,958,80000,80,80000,80,1810354,80,10850277,0
15050,478626,80000,80000,0,0,0,0,0,1810354,80,478546,80,481,481,959,1024,2,0,1018,481,481,481,479,479,0,1,80000,80,80,80,3,959,3,959,80000,80,80000,80,1810354,80,10855222,0
15060,479021,80000,80000,0,0,0,0,0,1810354,80,478941,80,481,481,959,1419,2,0,1018,481,481,481,479,479,10,1,80000,80,80,80,3,959,3,959,80000,80,80000,80,1810354,80,10864307,0
15070,479265,80000,80000,0,0,0,0,0,1810354,80,479185,80,481,481,960,664,1,1000,657,481,481,481,480,480,20,1,80000,80,80,80,3,960,3,960,80000,80,80000,80,1810354,80,10869942,0
15080,479577,80000,80000,0,0,0,0,0,1810354,80,479497,80,481,481,960,976,1,1000,657,481,481,481,480,480,28,1,80000,80,80,80,3,960,3,960,80000,80,80000,80,1810354,80,10877118,0
15090,479977,80000,80000,0,0,0,0,0,1810354,80,479897,80,482,482,961,1376,2,0,1071,482,482,482,480,480,6,1,80000,80,80,80,3,961,3,961,80000,80,80000,80,1810354,80,10886318,0
15100,480186,80000,80000,0,0,0,0,0,1810354,80,480106,80,482,482,962,586,1,1000,527,482,482,482,481,481,16,1,80000,80,80,80,3,962,3,962,80000,80,80000,80,1810354,80,10891148,0
15110,480580,80000,80000,0,0,0,0,0,1810354,80,480500,80,482,482,962,980,1,1000,527,482,482,482,481,481,26,1,80000,80,80,80,3,962,3,962,80000,80,80000,80,1810354,80,10900210,0
15120,480975,80000,80000,0,0,0,0,0,1810354,80,480895,80,483,483,963,1375,2,0,1161,483,483,483,481,481,4,1,80000,80,80,80,3,963,3,963,80000,80,80000,80,1810354,80,10909318,0
15130,481366,80000,80000,0,0,0,0,0,1810354,80,481286,80,483,483,963,1766,2,0,1161,483,483,483,481,481,14,1,80000,80,80,80,3,963,3,963,80000,80,80000,80,1810354,80,10918288,0
15141,481573,80000,80000,0,0,0,0,0,1810354,80,481493,80,483,483,964,974,1,1000,902,483,483,483,482,482,24,1,80000,80,80,80,3,964,3,964,80000,80,80000,80,1810354,80,10923072,0
15150,481928,80000,80000,0,0,0,0,0,1810354,80,481848,80,484,484,965,1329,2,0,1066,484,484,484,482,482,6,1,80000,80,80,80,3,965,3,965,80000,80,80000,80,1810354,80,10931237,0
15160,482312,80000,80000,0,0,0,0,0,1810354,80,482232,80,484,484,965,1713,2,0,1066,484,484,484,482,482,16,1,80000,80,80,80,3,965,3,965,80000,80,80000,80,1810354,80,10940069,0
15170,482524,80000,80000,0,0,0,0,0,1810354,80,482444,80,484,484,966,926,1,1000,762,484,484,484,483,483,26,1,80000,80,80,80,3,966,3,966,80000,80,80000,80,1810354,80,10944968,0
15180,482916,80000,80000,0,0,0,0,0,1810354,80,482836,80,485,485,967,1318,2,0,1040,485,485,485,483,483,6,1,80000,80,80,80,3,967,3,967,80000,80,80000,80,1810354,80,10953984,0
15190,483234,80000,80000,0,0,0,0,0,1810354,80,483154,80,485,485,968,637,1,1000,613,485,485,485,484,484,16,1,80000,80,80,80,3,968,3,968,80000,80,80000,80,1810354,80,10961321,0
15200,483527,80000,80000,0,0,0,0,0,1810354,80,483447,80,485,485,968,930,1,1000,613,485,485,485,484,484,26,1,80000,80,80,80,3,968,3,968,80000,80,80000,80,1810354,80,10968060,0
15210,483891,80000,80000,0,0,0,0,0,1810354,80,483811,80,486,486,969,1294,2,0,1050,486,486,486,484,484,6,1,80000,80,80,80,3,969,3,969,80000,80,80000,80,1810354,80,10976455,0
15220,484110,80000,80000,0,0,0,0,0,1810354,80,484030,80,486,486,970,514,1,1000,512,486,486,486,485,485,16,1,80000,80,80,80,3,970,3,970,80000,80,80000,80,1810354,80,10981492,0
15230,484487,80000,80000,0,0,0,0,0,1810354,80,484407,80,486,486,970,891,1,1000,512,486,486,486,485,485,26,1,80000,80,80,80,3,970,3,970,80000,80,80000,80,1810354,80,10990186,0
15240,484883,80000,80000,0,0,0,0,0,1810354,80,484803,80,487,487,971,1287,2,0,1028,487,487,487,485,485,6,1,80000,80,80,80,3,971,3,971,80000,80,80000,80,1810354,80,10999271,0
15250,485275,80000,80000,0,0,0,0,0,1810354,80,485195,80,487,487,971,1679,2,0,1028,487,487,487,485,485,16,1,80000,80,80,80,3,971,3,971,80000,80,80000,80,1810354,80,11008287,0
15260,485479,80000,80000,0,0,0,0,0,1810354,80,485399,80,487,487,972,884,1,1000,869,487,487,487,486,486,26,1,80000,80,80,80,3,972,3,972,80000,80,80000,80,1810354,80,11013002,0
15270,485874,80000,80000,0,0,0,0,0,1810354,80,485794,80,488,488,973,1279,2,0,1025,488,488,488,486,486,6,1,80000,80,80,80,3,973,3,973,80000,80,80000,80,1810354,80,11022087,0
15280,486225,80000,80000,0,0,0,0,0,1810354,80,486145,80,488,488,973,1630,2,0,1025,488,488,488,486,486,14,1,80000,80,80,80,3,973,3,973,80000,80,80000,80,1810354,80,11030160,0
15290,486437,80000,80000,0,0,0,0,0,1810354,80,486357,80,488,488,974,843,1,1000,725,488,488,488,487,487,24,1,80000,80,80,80,3,974,3,974,80000,80,80000,80,1810354,80,11035059,0
15300,486830,80000,80000,0,0,0,0,0,1810354,80,486750,80,489,489,975,1236,2,0,1008,489,489,489,487,487,4,1,80000,80,80,80,3,975,3,975,80000,80,80000,80,1810354,80,11044098,0
15310,486996,80000,80000,0,0,0,0,0,1810354,80,486916,80,489,489,976,403,1,1000,378,489,489,489,488,488,15,1,80000,80,80,80,3,976,3,976,80000,80,80000,80,1810354,80,11047939,0
15320,487334,80000,80000,0,0,0,0,0,1810354,80,487254,80,489,489,976,741,1,1000,378,489,489,489,488,488,25,1,80000,80,80,80,3,976,3,976,80000,80,80000,80,1810354,80,11055736,0
15330,487729,80000,80000,0,0,0,0,0,1810354,80,487649,80,490,490,977,1136,2,0,1048,490,490,490,488,488,2,1,80000,80,80,80,3,977,3,977,80000,80,80000,80,1810354,80,11064798,0
15341,488132,80000,80000,0,0,0,0,0,1810354,80,488052,80,490,490,977,1539,2,0,1048,490,490,490,488,488,12,1,80000,80,80,80,3,977,3,977,80000,80,80000,80,1810354,80,11074090,0
15350,488379,80000,80000,0,0,0,0,0,1810354,80,488299,80,490,490,978,787,1,1000,785,490,490,490,489,489,20,1,80000,80,80,80,3,978,3,978,80000,80,80000,80,1810354,80,11079771,0
15360,488681,80000,80000,0,0,0,0,0,1810354,80,488601,80,491,491,979,1089,2,0,1026,491,491,491,489,489,0,1,80000,80,80,80,3,979,3,979,80000,80,80000,80,1810354,80,11086717,0
15370,489080,80000,80000,0,0,0,0,0,1810354,80,489000,80,491,491,979,1488,2,0,1026,491,491,491,489,489,10,1,80000,80,80,80,3,979,3,979,80000,80,80000,80,1810354,80,11095894,0
15380,489279,80000,80000,0,0,0,0,0,1810354,80,489199,80,491,491,980,688,1,1000,617,491,491,491,490,490,20,1,80000,80,80,80,3,980,3,980,80000,80,80000,80,1810354,80,11100494,0
15390,489669,80000,80000,0,0,0,0,0,1810354,80,489589,80,492,492,981,1078,2,0,1074,492,492,492,490,490,0,1,80000,80,80,80,3,981,3,981,80000,80,80000,80,1810354,80,11109464,0
15400,490058,80000,80000,0,0,0,0,0,1810354,80,489978,80,492,492,981,1467,2,0,1074,492,492,492,490,490,8,1,80000,80,80,80,3,981,3,981,80000,80,80000,80,1810354,80,11118411,0
15410,490404,80000,80000,0,0,0,0,0,1810354,80,490324,80,492,492,981,1813,2,0,1074,492,492,492,490,490,18,1,80000,80,80,80,3,981,3,981,80000,80,80000,80,1810354,80,11126369,0
15420,490608,80000,80000,0,0,0,0,0,1810354,80,490528,80,492,492,982,1018,2,1000,925,492,493,492,491,491,28,1,80000,80,80,80,3,982,3,982,80000,80,80000,80,1810354,80,11131084,0
15430,491004,80000,80000,0,0,0,0,0,1810354,80,490924,80,493,493,983,1414,2,0,1060,493,493,493,491,491,8,1,80000,80,80,80,3,983,3,983,80000,80,80000,80,1810354,80,11140192,0
15440,491311,80000,80000,0,0,0,0,0,1810354,80,491231,80,493,493,984,722,1,1000,716,493,493,493,492,492,18,1,80000,80,80,80,3,984,3,984,80000,80,80000,80,1810354,80,11147276,0
15450,491601,80000,80000,0,0,0,0,0,1810354,80,491521,80,493,493,984,1012,2,1000,716,493,494,493,492,492,28,1,80000,80,80,80,3,984,3,984,80000,80,80000,80,1810354,80,11153946,0
15460,491999,80000,80000,0,0,0,0,0,1810354,80,491919,80,494,494,985,1410,2,0,1036,494,494,494,492,492,8,1,80000,80,80,80,3,985,3,985,80000,80,80000,80,1810354,80,11163100,0
15471,492275,80000,80000,0,0,0,0,0,1810354,80,492195,80,494,494,986,687,1,1000,677,494,494,494,493,493,18,1,80000,80,80,80,3,986,3,986,80000,80,80000,80,1810354,80,11169471,0
15480,492560,80000,80000,0,0,0,0,0,1810354,80,492480,80,494,494,986,972,1,1000,677,494,494,494,493,493,28,1,80000,80,80,80,3,986,3,986,80000,80,80000,80,1810354,80,11176049,0
15490,492953,80000,80000,0,0,0,0,0,1810354,80,492873,80,495,495,987,1365,2,0,1045,495,495,495,493,493,8,1,80000,80,80,80,3,987,3,987,80000,80,80000,80,1810354,80,11185088,0
15500,493160,80000,80000,0,0,0,0,0,1810354,80,493080,80,495,495,988,573,1,1000,518,495,495,495,494,494,18,1,80000,80,80,80,3,988,3,988,80000,80,80000,80,1810354,80,11189849,0
15510,493560,80000,80000,0,0,0,0,0,1810354,80,493480,80,495,495,988,973,1,1000,518,495,495,495,494,494,28,1,80000,80,80,80,3,988,3,988,80000,80,80000,80,1810354,80,11199072,0
15520,493957,80000,80000,0,0,0,0,0,1810354,80,493877,80,496,496,989,1370,2,0,1020,496,496,496,494,494,8,1,80000,80,80,80,3,989,3,989,80000,80,80000,80,1810354,80,11208203,0
15530,494352,80000,80000,0,0,0,0,0,1810354,80,494272,80,496,496,989,1765,2,0,1020,496,496,496,494,494,18,1,80000,80,80,80,3,989,3,989,80000,80,80000,80,1810354,80,11217265,0
15540,494512,80000,80000,0,0,0,0,0,1810354,80,494432,80,496,496,990,926,1,1000,899,496,496,496,495,495,26,1,80000,80,80,80,3,990,3,990,80000,80,80000,80,1810354,80,11220968,0
15550,494903,80000,80000,0,0,0,0,0,1810354,80,494823,80,497,497,991,1317,2,0,1019,497,497,497,495,495,6,1,80000,80,80,80,3,991,3,991,80000,80,80000,80,1810354,80,11229961,0
15560,495288,80000,80000,0,0,0,0,0,1810354,80,495208,80,497,497,991,1702,2,0,1019,497,497,497,495,495,16,1,80000,80,80,80,3,991,3,991,80000,80,80000,80,1810354,80,11238816,0
15570,495492,80000,80000,0,0,0,0,0,1810354,80,495412,80,497,497,992,907,1,1000,722,497,497,497,496,496,26,1,80000,80,80,80,3,992,3,992,80000,80,80000,80,1810354,80,11243577,0
15580,495887,80000,80000,0,0,0,0,0,1810354,80,495807,80,498,498,993,1302,2,0,1067,498,498,498,496,496,6,1,80000,80,80,80,3,993,3,993,80000,80,80000,80,1810354,80,11252616,0
15590,496193,80000,80000,0,0,0,0,0,1810354,80,496113,80,498,498,994,609,1,1000,600,498,498,498,497,497,16,1,80000,80,80,80,3,994,3,994,80000,80,80000,80,1810354,80,11259677,0
15600,496485,80000,80000,0,0,0,0,0,1810354,80,496405,80,498,498,994,901,1,1000,600,498,498,498,497,497,26,1,80000,80,80,80,3,994,3,994,80000,80,80000,80,1810354,80,11266393,0
15610,496725,80000,80000,0,0,0,0,0,1810354,80,496645,80,499,499,995,1141,2,0,1083,499,499,499,497,497,0,1,80000,80,80,80,3,995,3,995,80000,80,80000,80,1810354,80,11271913,0
15620,497124,80000,80000,0,0,0,0,0,1810354,80,497044,80,499,499,995,1540,2,0,1083,499,499,499,497,497,10,1,80000,80,80,80,3,995,3,995,80000,80,80000,80,1810354,80,11281113,0
15630,497335,80000,80000,0,0,0,0,0,1810354,80,497255,80,499,499,996,752,1,1000,541,499,499,499,498,498,20,1,80000,80,80,80,3,996,3,996,80000,80,80000,80,1810354,80,11285966,0
15640,497722,80000,80000,0,0,0,0,0,1810354,80,497642,80,500,500,997,1139,2,0,1058,500,500,500,498,498,2,1,80000,80,80,80,3,997,3,997,80000,80,80000,80,1810354,80,11294867,0
15650,498120,80000,80000,0,0,0,0,0,1810354,80,498040,80,500,500,997,1537,2,0,1058,500,500,500,498,498,12,1,80000,80,80,80,3,997,3,997,80000,80,80000,80,1810354,80,11304044,0
15660,498327,80000,80000,0,0,0,0,0,1810354,80,498247,80,500,500,998,745,1,1000,629,500,500,500,499,499,22,1,80000,80,80,80,3,998,3,998,80000,80,80000,80,1810354,80,11308805,0
15670,498721,80000,80000,0,0,0,0,0,1810354,80,498641,80,501,501,999,1139,2,0,1043,501,501,501,499,499,2,1,80000,80,80,80,3,999,3,999,80000,80,80000,80,1810354,80,11317867,0
15680,499071,80000,80000,0,0,0,0,0,1810354,80,498991,80,501,501,999,1489,2,0,1043,501,501,501,499,499,10,1,80000,80,80,80,3,999,3,999,80000,80,80000,80,1810354,80,11325917,0
15690,499292,80000,80000,0,0,0,0,0,1810354,80,499212,80,501,501,1000,711,1,1000,649,501,501,501,500,500,20,1,80000,80,80,80,3,1000,3,1000,80000,80,80000,80,1810354,80,11331023,0
15700,499686,80000,80000,0,0,0,0,0,1810354,80,499606,80,502,502,1001,1105,2,0,1050,502,502,502,500,500,0,1,80000,80,80,80,3,1001,3,1001,80000,80,80000,80,1810354,80,11340085,0
15710,500074,80000,80000,0,0,0,0,0,1810354,80,499994,80,502,502,1001,1493,2,0,1050,502,502,502,500,500,10,1,80000,80,80,80,3,1001,3,1001,80000,80,80000,80,1810354,80,11349009,0
15720,500454,80000,80000,0,0,0,0,0,1810354,80,500374,80,502,502,1002,874,1,1000,863,502,502,502,501,501,20,1,80000,80,80,80,3,1002,3,1002,80000,80,80000,80,1810354,80,11357772,0
15730,500679,80000,80000,0,0,0,0,0,1810354,80,500599,80,503,503,1003,1099,2,0,1027,503,503,503,501,501,0,1,80000,80,80,80,3,1003,3,1003,80000,80,80000,80,1810354,80,11362947,0
15740,501027,80000,80000,0,0,0,0,0,1810354,80,500947,80,503,503,1003,1447,2,0,1027,503,503,503,501,501,10,1,80000,80,80,80,3,1003,3,1003,80000,80,80000,80,1810354,80,11370951,0
15750,501299,80000,80000,0,0,0,0,0,1810354,80,501219,80,503,503,1004,720,1,1000,717,503,503,503,502,502,20,1,80000,80,80,80,3,1004,3,1004,80000,80,80000,80,1810354,80,11377230,0
15760,501633,80000,80000,0,0,0,0,0,1810354,80,501553,80,504,504,1005,1054,2,0,1026,504,504,504,502,502,0,1,80000,80,80,80,3,1005,3,1005,80000,80,80000,80,1810354,80,11384912,0
15770,502030,80000,80000,0,0,0,0,0,1810354,80,501950,80,504,504,1005,1451,2,0,1026,504,504,504,502,502,10,1,80000,80,80,80,3,1005,3,1005,80000,80,80000,80,1810354,80,11394043,0
15780,502238,80000,80000,0,0,0,0,0,1810354,80,502158,80,504,504,1006,660,1,1000,578,504,504,504,503,503,20,1,80000,80,80,80,3,1006,3,1006,80000,80,80000,80,1810354,80,11398850,0
15790,502633,80000,80000,0,0,0,0,0,1810354,80,502553,80,505,505,1007,1055,2,0,1011,505,505,505,503,503,0,1,80000,80,80,80,3,1007,3,1007,80000,80,80000,80,1810354,80,11407958,0
15800,503025,80000,80000,0,0,0,0,0,1810354,80,502945,80,505,505,1007,1447,2,0,1011,505,505,505,503,503,10,1,80000,80,80,80,3,1007,3,1007,80000,80,80000,80,1810354,80,11416951,0
15810,503330,80000,80000,0,0,0,0,0,1810354,80,503250,80,505,505,1008,753,1,1000,735,505,505,505,504,504,20,1,80000,80,80,80,3,1008,3,1008,80000,80,80000,80,1810354,80,11423989,0
15820,503584,80000,80000,0,0,0,0,0,1810354,80,503504,80,506,506,1009,1007,2,0,1007,506,506,506,504,504,0,1,80000,80,80,80,3,1009,3,1009,80000,80,80000,80,1810354,80,11429831,0
15830,503973,80000,80000,0,0,0,0,0,1810354,80,503893,80,506,506,1009,1396,2,0,1007,506,506,506,504,504,10,1,80000,80,80,80,3,1009,3,1009,80000,80,80000,80,1810354,80,11438778,0
15840,504367,80000,80000,0,0,0,0,0,1810354,80,504287,80,506,506,1009,1790,2,0,1007,506,506,506,504,504,20,1,80000,80,80,80,3,1009,3,1009,80000,80,80000,80,1810354,80,11447886,0
15850,504574,80000,80000,0,0,0,0,0,1810354,80,504494,80,506,506,1010,998,1,1000,803,506,506,506,505,505,30,1,80000,80,80,80,3,1010,3,1010,80000,80,80000,80,1810354,80,11452624,0
15860,504961,80000,80000,0,0,0,0,0,1810354,80,504881,80,507,507,1011,1385,2,0,1061,507,507,507,505,505,8,1,80000,80,80,80,3,1011,3,1011,80000,80,80000,80,1810354,80,11461571,0
15870,505244,80000,80000,0,0,0,0,0,1810354,80,505164,80,507,507,1012,669,1,1000,648,507,507,507,506,506,16,1,80000,80,80,80,3,1012,3,1012,80000,80,80000,80,1810354,80,11468057,0
15880,505536,80000,80000,0,0,0,0,0,1810354,80,505456,80,507,507,1012,961,1,1000,648,507,507,507,506,506,26,1,80000,80,80,80,3,1012,3,1012,80000,80,80000,80,1810354,80,11474773,0
15890,505918,80000,80000,0,0,0,0,0,1810354,80,505838,80,508,508,1013,1343,2,0,1139,508,508,508,506,506,4,1,80000,80,80,80,3,1013,3,1013,80000,80,80000,80,1810354,80,11483559,0
15900,506150,80000,80000,0,0,0,0,0,1810354,80,506070,80,508,508,1014,576,1,1000,568,508,508,508,507,507,14,1,80000,80,80,80,3,1014,3,1014,80000,80,80000,80,1810354,80,11488918,0
15910,506400,80000,80000,0,0,0,0,0,1810354,80,506320,80,508,508,1014,826,1,1000,568,508,508,508,507,507,25,1,80000,80,80,80,3,1014,3,1014,80000,80,80000,80,1810354,80,11494668,0
15920,506793,80000,80000,0,0,0,0,0,1810354,80,506713,80,509,509,1015,1219,2,0,1036,509,509,509,507,507,4,1,80000,80,80,80,3,1015,3,1015,80000,80,80000,80,1810354,80,11503730,0
15930,507190,80000,80000,0,0,0,0,0,1810354,80,507110,80,509,509,1015,1616,2,0,1036,509,509,509,507,507,14,1,80000,80,80,80,3,1015,3,1015,80000,80,80000,80,1810354,80,11512861,0
15940,507349,80000,80000,0,0,0,0,0,1810354,80,507269,80,509,509,1016,776,1,1000,697,509,509,509,508,508,22,1,80000,80,80,80,3,1016,3,1016,80000,80,80000,80,1810354,80,11516518,0
15950,507738,80000,80000,0,0,0,0,0,1810354,80,507658,80,510,510,1017,1165,2,0,1013,510,510,510,508,508,4,1,80000,80,80,80,3,1017,3,1017,80000,80,80000,80,1810354,80,11525465,0
15960,508115,80000,80000,0,0,0,0,0,1810354,80,508035,80,510,510,1018,543,1,1000,537,510,510,510,509,509,13,1,80000,80,80,80,3,1018,3,1018,80000,80,80000,80,1810354,80,11534159,0
15970,508343,80000,80000,0,0,0,0,0,1810354,80,508263,80,510,510,1018,771,1,1000,537,510,510,510,509,509,22,1,80000,80,80,80,3,1018,3,1018,80000,80,80000,80,1810354,80,11539426,0
15980,508733,80000,80000,0,0,0,0,0,1810354,80,508653,80,511,511,1019,1161,2,0,1015,511,511,511,509,509,2,1,80000,80,80,80,3,1019,3,1019,80000,80,80000,80,1810354,80,11548373,0
15990,509122,80000,80000,0,0,0,0,0,1810354,80,509042,80,511,511,1019,1550,2,0,1015,511,511,511,509,509,12,1,80000,80,80,80,3,1019,3,1019,80000,80,80000,80,1810354,80,11557320,0
16000,509490,80000,80000,0,0,0,0,0,1810354,80,509410,80,511,511,1020,919,1,1000,912,511,511,511,510,510,24,1,80000,80,80,80,3,1020,3,1020,80000,80,80000,80,1810354,80,11565807,0
16010,509681,80000,80000,0,0,0,0,0,1810354,80,509601,80,512,512,1021,1110,2,0,1064,512,512,512,510,510,0,1,80000,80,80,80,3,1021,3,1021,80000,80,80000,80,1810354,80,11570200,0
16020,510069,80000,80000,0,0,0,0,0,1810354,80,509989,80,512,512,1021,1498,2,0,1064,512,512,512,510,510,10,1,80000,80,80,80,3,1021,3,1021,80000,80,80000,80,1810354,80,11579124,0
16030,510339,80000,80000,0,0,0,0,0,1810354,80,510259,80,512,512,1022,769,1,1000,762,512,512,512,511,511,20,1,80000,80,80,80,3,1022,3,1022,80000,80,80000,80,1810354,80,11585357,0
16040,510676,80000,80000,0,0,0,0,0,1810354,80,510596,80,513,513,1023,1106,2,0,1065,513,513,513,511,511,0,1,80000,80,80,80,3,1023,3,1023,80000,80,80000,80,1810354,80,11593108,0
16050,511064,80000,80000,0,0,0,0,0,1810354,80,510984,80,513,513,1023,1494,2,0,1065,513,513,513,511,511,10,1,80000,80,80,80,3,1023,3,1023,80000,80,80000,80,1810354,80,11602032,0
16060,511272,80000,80000,0,0,0,0,0,1810354,80,511192,80,513,513,1024,703,1,1000,618,513,513,513,512,512,20,1,80000,80,80,80,3,1024,3,1024,80000,80,80000,80,1810354,80,11606839,0
16071,511660,80000,80000,0,0,0,0,0,1810354,80,511580,80,514,514,1025,1091,2,0,1034,514,514,514,512,512,0,1,80000,80,80,80,3,1025,3,1025,80000,80,80000,80,1810354,80,11615786,0
16080,512013,80000,80000,0,0,0,0,0,1810354,80,511933,80,514,514,1025,1444,2,0,1034,514,514,514,512,512,10,1,80000,80,80,80,3,1025,3,1025,80000,80,80000,80,1810354,80,11623882,0
16090,512308,80000,80000,0,0,0,0,0,1810354,80,512228,80,514,514,1026,740,1,1000,738,514,514,514,513,513,20,1,80000,80,80,80,3,1026,3,1026,80000,80,80000,80,1810354,80,11630690,0
16100,512612,80000,80000,0,0,0,0,0,1810354,80,512532,80,515,515,1027,1044,2,0,1032,515,515,515,513,513,0,1,80000,80,80,80,3,1027,3,1027,80000,80,80000,80,1810354,80,11637682,0
16110,513002,80000,80000,0,0,0,0,0,1810354,80,512922,80,515,515,1027,1434,2,0,1032,515,515,515,513,513,10,1,80000,80,80,80,3,1027,3,1027,80000,80,80000,80,1810354,80,11646675,0
16120,513390,80000,80000,0,0,0,0,0,1810354,80,513310,80,515,515,1027,1822,2,0,1032,515,515,515,513,513,20,1,80000,80,80,80,3,1027,3,1027,80000,80,80000,80,1810354,80,11655599,0
16130,513602,80000,80000,0,0,0,0,0,1810354,80,513522,80,516,516,1029,1035,2,0,1007,516,516,516,514,514,0,1,80000,80,80,80,3,1029,3,1029,80000,80,80000,80,1810354,80,11660498,0
16140,513941,80000,80000,0,0,0,0,0,1810354,80,513861,80,516,516,1029,1374,2,0,1007,516,516,516,514,514,8,1,80000,80,80,80,3,1029,3,1029,80000,80,80000,80,1810354,80,11668272,0
16150,514288,80000,80000,0,0,0,0,0,1810354,80,514208,80,516,516,1030,722,1,1000,716,516,516,516,515,515,18,1,80000,80,80,80,3,1030,3,1030,80000,80,80000,80,1810354,80,11676276,0
16160,514529,80000,80000,0,0,0,0,0,1810354,80,514449,80,516,516,1030,963,1,1000,716,516,516,516,515,515,30,1,80000,80,80,80,3,1030,3,1030,80000,80,80000,80,1810354,80,11681819,0
16170,514922,80000,80000,0,0,0,0,0,1810354,80,514842,80,517,517,1031,1356,2,0,1132,517,517,517,515,515,4,1,80000,80,80,80,3,1031,3,1031,80000,80,80000,80,1810354,80,11690858,0
16180,515137,80000,80000,0,0,0,0,0,1810354,80,515057,80,517,517,1032,572,1,1000,565,517,517,517,516,516,14,1,80000,80,80,80,3,1032,3,1032,80000,80,80000,80,1810354,80,11695826,0
16190,515514,80000,80000,0,0,0,0,0,1810354,80,515434,80,517,517,1032,949,1,1000,565,517,517,517,516,516,26,1,80000,80,80,80,3,1032,3,1032,80000,80,80000,80,1810354,80,11704543,0
16200,515903,80000,80000,0,0,0,0,0,1810354,80,515823,80,518,518,1033,1338,2,0,1021,518,518,518,516,516,8,1,80000,80,80,80,3,1033,3,1033,80000,80,80000,80,1810354,80,11713444,0
16210,516146,80000,80000,0,0,0,0,0,1810354,80,516066,80,518,518,1033,1581,2,0,1021,518,518,518,516,516,17,1,80000,80,80,80,3,1033,3,1033,80000,80,80000,80,1810354,80,11719033,0
16220,516352,80000,80000,0,0,0,0,0,1810354,80,516272,80,518,518,1034,788,1,1000,730,518,518,518,517,517,27,1,80000,80,80,80,3,1034,3,1034,80000,80,80000,80,1810354,80,11723794,0
16230,516738,80000,80000,0,0,0,0,0,1810354,80,516658,80,519,519,1035,1174,2,0,1001,519,519,519,517,517,4,1,80000,80,80,80,3,1035,3,1035,80000,80,80000,80,1810354,80,11732672,0
16240,517121,80000,80000,0,0,0,0,0,1810354,80,517041,80,519,519,1035,1557,2,0,1001,519,519,519,517,517,14,1,80000,80,80,80,3,1035,3,1035,80000,80,80000,80,1810354,80,11741481,0
16250,517327,80000,80000,0,0,0,0,0,1810354,80,517247,80,519,519,1036,764,1,1000,619,519,519,519,518,518,24,1,80000,80,80,80,3,1036,3,1036,80000,80,80000,80,1810354,80,11746242,0
16260,517729,80000,80000,0,0,0,0,0,1810354,80,517649,80,520,520,1037,1166,2,0,1070,520,520,520,518,518,2,1,80000,80,80,80,3,1037,3,1037,80000,80,80000,80,1810354,80,11755488,0
16270,518040,80000,80000,0,0,0,0,0,1810354,80,517960,80,520,520,1038,478,1,1000,474,520,520,520,519,519,10,1,80000,80,80,80,3,1038,3,1038,80000,80,80000,80,1810354,80,11762664,0
16280,518289,80000,80000,0,0,0,0,0,1810354,80,518209,80,520,520,1038,727,1,1000,474,520,520,520,519,519,20,1,80000,80,80,80,3,1038,3,1038,80000,80,80000,80,1810354,80,11768391,0
16290,518670,80000,80000,0,0,0,0,0,1810354,80,518590,80,521,521,1039,1108,2,0,1043,521,521,521,519,519,0,1,80000,80,80,80,3,1039,3,1039,80000,80,80000,80,1810354,80,11777154,0
16300,519065,80000,80000,0,0,0,0,0,1810354,80,518985,80,521,521,1039,1503,2,0,1043,521,521,521,519,519,10,1,80000,80,80,80,3,1039,3,1039,80000,80,80000,80,1810354,80,11786262,0
16310,519412,80000,80000,0,0,0,0,0,1810354,80,519332,80,521,521,1040,851,1,1000,846,521,521,521,520,520,20,1,80000,80,80,80,3,1040,3,1040,80000,80,80000,80,1810354,80,11794243,0
16320,519652,80000,80000,0,0,0,0,0,1810354,80,519572,80,522,522,1041,1091,2,0,1028,522,522,522,520,520,0,1,80000,80,80,80,3,1041,3,1041,80000,80,80000,80,1810354,80,11799763,0
16330,520035,80000,80000,0,0,0,0,0,1810354,80,519955,80,522,522,1041,1474,2,0,1028,522,522,522,520,520,10,1,80000,80,80,80,3,1041,3,1041,80000,80,80000,80,1810354,80,11808572,0
16340,520244,80000,80000,0,0,0,0,0,1810354,80,520164,80,522,522,1042,684,1,1000,673,522,522,522,521,521,20,1,80000,80,80,80,3,1042,3,1042,80000,80,80000,80,1810354,80,11813402,0
16350,520598,80000,80000,0,0,0,0,0,1810354,80,520518,80,522,522,1042,1038,2,1000,673,522,523,522,521,521,30,1,80000,80,80,80,3,1042,3,1042,80000,80,80000,80,1810354,80,11821544,0
16360,520987,80000,80000,0,0,0,0,0,1810354,80,520907,80,523,523,1043,1427,2,0,1076,523,523,523,521,521,8,1,80000,80,80,80,3,1043,3,1043,80000,80,80000,80,1810354,80,11830491,0
16370,521196,80000,80000,0,0,0,0,0,1810354,80,521116,80,523,523,1044,637,1,1000,555,523,523,523,522,522,18,1,80000,80,80,80,3,1044,3,1044,80000,80,80000,80,1810354,80,11835344,0
16380,521582,80000,80000,0,0,0,0,0,1810354,80,521502,80,523,523,1044,1023,2,1000,555,523,524,523,522,522,28,1,80000,80,80,80,3,1044,3,1044,80000,80,80000,80,1810354,80,11844199,0
16390,521967,80000,80000,0,0,0,0,0,1810354,80,521887,80,524,524,1045,1408,2,0,1060,524,524,524,522,522,8,1,80000,80,80,80,3,1045,3,1045,80000,80,80000,80,1810354,80,11853054,0
16400,522322,80000,80000,0,0,0,0,0,1810354,80,522242,80,524,524,1045,1763,2,0,1060,524,524,524,522,522,18,1,80000,80,80,80,3,1045,3,1045,80000,80,80000,80,1810354,80,11861219,0
16410,522527,80000,80000,0,0,0,0,0,1810354,80,522447,80,524,524,1046,969,1,1000,824,524,524,524,523,523,28,1,80000,80,80,80,3,1046,3,1046,80000,80,80000,80,1810354,80,11865957,0
16420,522912,80000,80000,0,0,0,0,0,1810354,80,522832,80,525,525,1047,1354,2,0,1037,525,525,525,523,523,8,1,80000,80,80,80,3,1047,3,1047,80000,80,80000,80,1810354,80,11874812,0
16430,523309,80000,80000,0,0,0,0,0,1810354,80,523229,80,525,525,1047,1751,2,0,1037,525,525,525,523,523,18,1,80000,80,80,80,3,1047,3,1047,80000,80,80000,80,1810354,80,11883943,0
16440,523510,80000,80000,0,0,0,0,0,1810354,80,523430,80,525,525,1048,953,1,1000,773,525,525,525,524,524,28,1,80000,80,80,80,3,1048,3,1048,80000,80,80000,80,1810354,80,11888589,0
16450,523894,80000,80000,0,0,0,0,0,1810354,80,523814,80,526,526,1049,1337,2,0,1095,526,526,526,524,524,6,1,80000,80,80,80,3,1049,3,1049,80000,80,80000,80,1810354,80,11897421,0
16460,524198,80000,80000,0,0,0,0,0,1810354,80,524118,80,526,526,1050,642,1,1000,632,526,526,526,525,525,16,1,80000,80,80,80,3,1050,3,1050,80000,80,80000,80,1810354,80,11904436,0
16470,524452,80000,80000,0,0,0,0,0,1810354,80,524372,80,526,526,1050,896,1,1000,632,526,526,526,525,525,24,1,80000,80,80,80,3,1050,3,1050,80000,80,80000,80,1810354,80,11910278,0
16480,524847,80000,80000,0,0,0,0,0,1810354,80,524767,80,527,527,1051,1291,2,0,1067,527,527,527,525,525,4,1,80000,80,80,80,3,1051,3,1051,80000,80,80000,80,1810354,80,11919363,0
16490,525234,80000,80000,0,0,0,0,0,1810354,80,525154,80,527,527,1051,1678,2,0,1067,527,527,527,525,525,14,1,80000,80,80,80,3,1051,3,1051,80000,80,80000,80,1810354,80,11928264,0
16500,525442,80000,80000,0,0,0,0,0,1810354,80,525362,80,527,527,1052,887,1,1000,773,527,527,527,526,526,24,1,80000,80,80,80,3,1052,3,1052,80000,80,80000,80,1810354,80,11933094,0
16510,525715,80000,80000,0,0,0,0,0,1810354,80,525635,80,528,528,1053,1160,2,0,1052,528,528,528,526,526,2,1,80000,80,80,80,3,1053,3,1053,80000,80,80000,80,1810354,80,11939350,0
16520,526105,80000,80000,0,0,0,0,0,1810354,80,526025,80,528,528,1053,1550,2,0,1052,528,528,528,526,526,12,1,80000,80,80,80,3,1053,3,1053,80000,80,80000,80,1810354,80,11948320,0
16530,526269,80000,80000,0,0,0,0,0,1810354,80,526189,80,528,528,1054,715,1,1000,684,528,528,528,527,527,20,1,80000,80,80,80,3,1054,3,1054,80000,80,80000,80,1810354,80,11952115,0
16540,526664,80000,80000,0,0,0,0,0,1810354,80,526584,80,529,529,1055,1110,2,0,1044,529,529,529,527,527,0,1,80000,80,80,80,3,1055,3,1055,80000,80,80000,80,1810354,80,11961200,0
16550,527051,80000,80000,0,0,0,0,0,1810354,80,526971,80,529,529,1055,1497,2,0,1044,529,529,529,527,527,10,1,80000,80,80,80,3,1055,3,1055,80000,80,80000,80,1810354,80,11970101,0
16560,527251,80000,80000,0,0,0,0,0,1810354,80,527171,80,529,529,1056,698,1,1000,534,529,529,529,528,528,20,1,80000,80,80,80,3,1056,3,1056,80000,80,80000,80,1810354,80,11974724,0
16570,527651,80000,80000,0,0,0,0,0,1810354,80,527571,80,530,530,1057,1098,2,0,1012,530,530,530,528,528,2,1,80000,80,80,80,3,1057,3,1057,80000,80,80000,80,1810354,80,11983924,0
16580,528035,80000,80000,0,0,0,0,0,1810354,80,527955,80,530,530,1057,1482,2,0,1012,530,530,530,528,528,12,1,80000,80,80,80,3,1057,3,1057,80000,80,80000,80,1810354,80,11992756,0
16590,528431,80000,80000,0,0,0,0,0,1810354,80,528351,80,530,530,1057,1878,2,0,1012,530,530,530,528,528,20,1,80000,80,80,80,3,1057,3,1057,80000,80,80000,80,1810354,80,12001864,0
16601,528639,80000,80000,0,0,0,0,0,1810354,80,528559,80,531,531,1059,1087,2,0,1016,531,531,531,529,529,0,1,80000,80,80,80,3,1059,3,1059,80000,80,80000,80,1810354,80,12006671,0
16610,528987,80000,80000,0,0,0,0,0,1810354,80,528907,80,531,531,1060,436,1,1000,430,531,531,531,530,530,10,1,80000,80,80,80,3,1060,3,1060,80000,80,80000,80,1810354,80,12014698,0
16620,529196,80000,80000,0,0,0,0,0,1810354,80,529116,80,531,531,1060,645,1,1000,430,531,531,531,530,530,20,1,80000,80,80,80,3,1060,3,1060,80000,80,80000,80,1810354,80,12019505,0
16630,529590,80000,80000,0,0,0,0,0,1810354,80,529510,80,531,531,1060,1039,2,1000,430,531,532,531,530,530,30,1,80000,80,80,80,3,1060,3,1060,80000,80,80000,80,1810354,80,12028567,0
16640,529980,80000,80000,0,0,0,0,0,1810354,80,529900,80,532,532,1061,1429,2,0,1067,532,532,532,530,530,8,1,80000,80,80,80,3,1061,3,1061,80000,80,80000,80,1810354,80,12037537,0
16650,530179,80000,80000,0,0,0,0,0,1810354,80,530099,80,532,532,1062,629,1,1000,609,532,532,532,531,531,18,1,80000,80,80,80,3,1062,3,1062,80000,80,80000,80,1810354,80,12042137,0
16660,530569,80000,80000,0,0,0,0,0,1810354,80,530489,80,532,532,1062,1019,2,1000,609,532,533,532,531,531,28,1,80000,80,80,80,3,1062,3,1062,80000,80,80000,80,1810354,80,12051107,0
16670,530925,80000,80000,0,0,0,0,0,1810354,80,530845,80,533,533,1063,1375,2,0,1052,533,533,533,531,531,8,1,80000,80,80,80,3,1063,3,1063,80000,80,80000,80,1810354,80,12059295,0
16680,531243,80000,80000,0,0,0,0,0,1810354,80,531163,80,533,533,1064,694,1,1000,685,533,533,533,532,532,18,1,80000,80,80,80,3,1064,3,1064,80000,80,80000,80,1810354,80,12066632,0
16690,531519,80000,80000,0,0,0,0,0,1810354,80,531439,80,533,533,1064,970,1,1000,685,533,533,533,532,532,28,1,80000,80,80,80,3,1064,3,1064,80000,80,80000,80,1810354,80,12072980,0
16700,531911,80000,80000,0,0,0,0,0,1810354,80,531831,80,534,534,1065,1362,2,0,1027,534,534,534,532,532,8,1,80000,80,80,80,3,1065,3,1065,80000,80,80000,80,1810354,80,12081996,0
16710,532304,80000,80000,0,0,0,0,0,1810354,80,532224,80,534,534,1065,1755,2,0,1027,534,534,534,532,532,18,1,80000,80,80,80,3,1065,3,1065,80000,80,80000,80,1810354,80,12091035,0
16720,532505,80000,80000,0,0,0,0,0,1810354,80,532425,80,534,534,1066,957,1,1000,860,534,534,534,533,533,28,1,80000,80,80,80,3,1066,3,1066,80000,80,80000,80,1810354,80,12095704,0
16730,532891,80000,80000,0,0,0,0,0,1810354,80,532811,80,535,535,1067,1343,2,0,1098,535,535,535,533,533,6,1,80000,80,80,80,3,1067,3,1067,80000,80,80000,80,1810354,80,12104559,0
16740,533244,80000,80000,0,0,0,0,0,1810354,80,533164,80,535,535,1068,697,1,1000,696,535,535,535,534,534,15,1,80000,80,80,80,3,1068,3,1068,80000,80,80000,80,1810354,80,12112701,0
16750,533449,80000,80000,0,0,0,0,0,1810354,80,533369,80,535,535,1068,902,1,1000,696,535,535,535,534,534,24,1,80000,80,80,80,3,1068,3,1068,80000,80,80000,80,1810354,80,12117416,0
16760,533840,80000,80000,0,0,0,0,0,1810354,80,533760,80,536,536,1069,1293,2,0,1059,536,536,536,534,534,4,1,80000,80,80,80,3,1069,3,1069,80000,80,80000,80,1810354,80,12126409,0
16770,534100,80000,80000,0,0,0,0,0,1810354,80,534020,80,536,536,1070,554,1,1000,548,536,536,536,535,535,16,1,80000,80,80,80,3,1070,3,1070,80000,80,80000,80,1810354,80,12132412,0
16780,534426,80000,80000,0,0,0,0,0,1810354,80,534346,80,536,536,1070,880,1,1000,548,536,536,536,535,535,26,1,80000,80,80,80,3,1070,3,1070,80000,80,80000,80,1810354,80,12139910,0
16790,534812,80000,80000,0,0,0,0,0,1810354,80,534732,80,537,537,1071,1266,2,0,1025,537,537,537,535,535,6,1,80000,80,80,80,3,1071,3,1071,80000,80,80000,80,1810354,80,12148788,0
16800,535159,80000,80000,0,0,0,0,0,1810354,80,535079,80,537,537,1071,1613,2,0,1025,537,537,537,535,535,14,1,80000,80,80,80,3,1071,3,1071,80000,80,80000,80,1810354,80,12156792,0
16810,535249,80000,80000,0,0,0,0,0,1810354,80,535169,80,537,537,1072,704,1,1000,694,537,537,537,536,536,25,1,80000,80,80,80,3,1072,3,1072,80000,80,80000,80,1810354,80,12158862,0
16820,535636,80000,80000,0,0,0,0,0,1810354,80,535556,80,538,538,1073,1091,2,0,1073,538,538,538,536,536,0,1,80000,80,80,80,3,1073,3,1073,80000,80,80000,80,1810354,80,12167763,0
16830,536024,80000,80000,0,0,0,0,0,1810354,80,535944,80,538,538,1073,1479,2,0,1073,538,538,538,536,536,10,1,80000,80,80,80,3,1073,3,1073,80000,80,80000,80,1810354,80,12176687,0
16840,536229,80000,80000,0,0,0,0,0,1810354,80,536149,80,538,538,1074,685,1,1000,561,538,538,538,537,537,20,1,80000,80,80,80,3,1074,3,1074,80000,80,80000,80,1810354,80,12181425,0
16850,536608,80000,80000,0,0,0,0,0,1810354,80,536528,80,539,539,1075,1064,2,0,1030,539,539,539,537,537,0,1,80000,80,80,80,3,1075,3,1075,80000,80,80000,80,1810354,80,12190142,0
16860,537007,80000,80000,0,0,0,0,0,1810354,80,536927,80,539,539,1075,1463,2,0,1030,539,539,539,537,537,10,1,80000,80,80,80,3,1075,3,1075,80000,80,80000,80,1810354,80,12199319,0
16870,537359,80000,80000,0,0,0,0,0,1810354,80,537279,80,539,539,1075,1815,2,0,1030,539,539,539,537,537,18,1,80000,80,80,80,3,1075,3,1075,80000,80,80000,80,1810354,80,12207415,0
16880,537557,80000,80000,0,0,0,0,0,1810354,80,537477,80,539,539,1076,1014,2,1000,914,539,540,539,538,538,28,1,80000,80,80,80,3,1076,3,1076,80000,80,80000,80,1810354,80,12211992,0
16890,537946,80000,80000,0,0,0,0,0,1810354,80,537866,80,540,540,1077,1403,2,0,1020,540,540,540,538,538,8,1,80000,80,80,80,3,1077,3,1077,80000,80,80000,80,1810354,80,12220962,0
16900,538320,80000,80000,0,0,0,0,0,1810354,80,538240,80,540,540,1078,778,1,1000,773,540,540,540,539,539,19,1,80000,80,80,80,3,1078,3,1078,80000,80,80000,80,1810354,80,12229564,0
16910,538540,80000,80000,0,0,0,0,0,1810354,80,538460,80,540,540,1078,998,1,1000,773,540,540,540,539,539,30,1,80000,80,80,80,3,1078,3,1078,80000,80,80000,80,1810354,80,12234624,0
16920,538928,80000,80000,0,0,0,0,0,1810354,80,538848,80,541,541,1079,1386,2,0,1067,541,541,541,539,539,8,1,80000,80,80,80,3,1079,3,1079,80000,80,80000,80,1810354,80,12243548,0
16930,539189,80000,80000,0,0,0,0,0,1810354,80,539109,80,541,541,1080,648,1,1000,641,541,541,541,540,540,16,1,80000,80,80,80,3,1080,3,1080,80000,80,80000,80,1810354,80,12249574,0
16940,539478,80000,80000,0,0,0,0,0,1810354,80,539398,80,541,541,1080,937,1,1000,641,541,541,541,540,540,26,1,80000,80,80,80,3,1080,3,1080,80000,80,80000,80,1810354,80,12256221,0
16950,539863,80000,80000,0,0,0,0,0,1810354,80,539783,80,542,542,1081,1322,2,0,1060,542,542,542,540,540,6,1,80000,80,80,80,3,1081,3,1081,80000,80,80000,80,1810354,80,12265099,0
16960,540070,80000,80000,0,0,0,0,0,1810354,80,539990,80,542,542,1082,530,1,1000,507,542,542,542,541,541,16,1,80000,80,80,80,3,1082,3,1082,80000,80,80000,80,1810354,80,12269860,0
16970,540456,80000,80000,0,0,0,0,0,1810354,80,540376,80,542,542,1082,916,1,1000,507,542,542,542,541,541,26,1,80000,80,80,80,3,1082,3,1082,80000,80,80000,80,1810354,80,12278738,0
16980,540849,80000,80000,0,0,0,0,0,1810354,80,540769,80,543,543,1083,1309,2,0,1024,543,543,543,541,541,6,1,80000,80,80,80,3,1083,3,1083,80000,80,80000,80,1810354,80,12287777,0
16990,541237,80000,80000,0,0,0,0,0,1810354,80,541157,80,543,543,1083,1697,2,0,1024,543,543,543,541,541,16,1,80000,80,80,80,3,1083,3,1083,80000,80,80000,80,1810354,80,12296701,0
17000,541410,80000,80000,0,0,0,0,0,1810354,80,541330,80,543,543,1084,871,1,1000,854,543,543,543,542,542,26,1,80000,80,80,80,3,1084,3,1084,80000,80,80000,80,1810354,80,12300703,0
17010,541792,80000,80000,0,0,0,0,0,1810354,80,541712,80,544,544,1085,1253,2,0,1084,544,544,544,542,542,4,1,80000,80,80,80,3,1085,3,1085,80000,80,80000,80,1810354,80,12309489,0
17020,542180,80000,80000,0,0,0,0,0,1810354,80,542100,80,544,544,1085,1641,2,0,1084,544,544,544,542,542,14,1,80000,80,80,80,3,1085,3,1085,80000,80,80000,80,1810354,80,12318413,0
17030,542373,80000,80000,0,0,0,0,0,1810354,80,542293,80,544,544,1086,835,1,1000,704,544,544,544,543,543,24,1,80000,80,80,80,3,1086,3,1086,80000,80,80000,80,1810354,80,12322875,0
17040,542766,80000,80000,0,0,0,0,0,1810354,80,542686,80,545,545,1087,1228,2,0,1046,545,545,545,543,543,4,1,80000,80,80,80,3,1087,3,1087,80000,80,80000,80,1810354,80,12331914,0
17050,543100,80000,80000,0,0,0,0,0,1810354,80,543020,80,545,545,1088,563,1,1000,553,545,545,545,544,544,14,1,80000,80,80,80,3,1088,3,1088,80000,80,80000,80,1810354,80,12339619,0
17060,543353,80000,80000,0,0,0,0,0,1810354,80,543273,80,545,545,1088,816,1,1000,553,545,545,545,544,544,24,1,80000,80,80,80,3,1088,3,1088,80000,80,80000,80,1810354,80,12345438,0
17070,543709,80000,80000,0,0,0,0,0,1810354,80,543629,80,546,546,1089,1172,2,0,1012,546,546,546,544,544,4,1,80000,80,80,80,3,1089,3,1089,80000,80,80000,80,1810354,80,12353626,0
17080,544108,80000,80000,0,0,0,0,0,1810354,80,544028,80,546,546,1089,1571,2,0,1012,546,546,546,544,544,12,1,80000,80,80,80,3,1089,3,1089,80000,80,80000,80,1810354,80,12362803,0
17090,544477,80000,80000,0,0,0,0,0,1810354,80,544397,80,546,546,1090,941,1,1000,937,546,546,546,545,545,23,1,80000,80,80,80,3,1090,3,1090,80000,80,80000,80,1810354,80,12371313,0
17100,544703,80000,80000,0,0,0,0,0,1810354,80,544623,80,547,547,1091,1167,2,0,1004,547,547,547,545,545,2,1,80000,80,80,80,3,1091,3,1091,80000,80,80000,80,1810354,80,12376511,0
17110,544966,80000,80000,0,0,0,0,0,1810354,80,544886,80,547,547,1091,1430,2,0,1004,547,547,547,545,545,13,1,80000,80,80,80,3,1091,3,1091,80000,80,80000,80,1810354,80,12382583,0
17120,545177,80000,80000,0,0,0,0,0,1810354,80,545097,80,547,547,1092,642,1,1000,569,547,547,547,546,546,23,1,80000,80,80,80,3,1092,3,1092,80000,80,80000,80,1810354,80,12387436,0
17130,545557,80000,80000,0,0,0,0,0,1810354,80,545477,80,547,547,1092,1022,2,1000,569,547,548,547,546,546,33,1,80000,80,80,80,3,1092,3,1092,80000,80,80000,80,1810354,80,12396176,0
17140,545909,80000,80000,0,0,0,0,0,1810354,80,545829,80,548,548,1093,1374,2,0,1064,548,548,548,546,546,8,1,80000,80,80,80,3,1093,3,1093,80000,80,80000,80,1810354,80,12404272,0
17150,546108,80000,80000,0,0,0,0,0,1810354,80,546028,80,548,548,1094,574,1,1000,473,548,548,548,547,547,16,1,80000,80,80,80,3,1094,3,1094,80000,80,80000,80,1810354,80,12408872,0
17160,546502,80000,80000,0,0,0,0,0,1810354,80,546422,80,548,548,1094,968,1,1000,473,548,548,548,547,547,26,1,80000,80,80,80,3,1094,3,1094,80000,80,80000,80,1810354,80,12417957,0
17170,546892,80000,80000,0,0,0,0,0,1810354,80,546812,80,549,549,1095,1358,2,0,1052,549,549,549,547,547,8,1,80000,80,80,80,3,1095,3,1095,80000,80,80000,80,1810354,80,12426904,0
17180,547278,80000,80000,0,0,0,0,0,1810354,80,547198,80,549,549,1095,1744,2,0,1052,549,549,549,547,547,18,1,80000,80,80,80,3,1095,3,1095,80000,80,80000,80,1810354,80,12435782,0
17190,547476,80000,80000,0,0,0,0,0,1810354,80,547396,80,549,549,1096,943,1,1000,840,549,549,549,548,548,28,1,80000,80,80,80,3,1096,3,1096,80000,80,80000,80,1810354,80,12440359,0
17200,547823,80000,80000,0,0,0,0,0,1810354,80,547743,80,550,550,1097,1290,2,0,1013,550,550,550,548,548,6,1,80000,80,80,80,3,1097,3,1097,80000,80,80000,80,1810354,80,12448363,0
17210,548018,80000,80000,0,0,0,0,0,1810354,80,547938,80,550,550,1098,486,1,1000,339,550,550,550,549,549,16,1,80000,80,80,80,3,1098,3,1098,80000,80,80000,80,1810354,80,12452848,0
17220,548401,80000,80000,0,0,0,0,0,1810354,80,548321,80,550,550,1098,869,1,1000,339,550,550,550,549,549,26,1,80000,80,80,80,3,1098,3,1098,80000,80,80000,80,1810354,80,12461657,0
17230,548798,80000,80000,0,0,0,0,0,1810354,80,548718,80,551,551,1099,1266,2,0,1066,551,551,551,549,549,4,1,80000,80,80,80,3,1099,3,1099,80000,80,80000,80,1810354,80,12470788,0
17240,549083,80000,80000,0,0,0,0,0,1810354,80,549003,80,551,551,1100,552,1,1000,549,551,551,551,550,550,14,1,80000,80,80,80,3,1100,3,1100,80000,80,80000,80,1810354,80,12477366,0
17250,549392,80000,80000,0,0,0,0,0,1810354,80,549312,80,551,551,1100,861,1,1000,549,551,551,551,550,550,24,1,80000,80,80,80,3,1100,3,1100,80000,80,80000,80,1810354,80,12484496,0
17260,549786,80000,80000,0,0,0,0,0,1810354,80,549706,80,552,552,1101,1255,2,0,1038,552,552,552,550,550,4,1,80000,80,80,80,3,1101,3,1101,80000,80,80000,80,1810354,80,12493535,0
17270,550132,80000,80000,0,0,0,0,0,1810354,80,550052,80,552,552,1101,1601,2,0,1038,552,552,552,550,550,14,1,80000,80,80,80,3,1101,3,1101,80000,80,80000,80,1810354,80,12501493,0
17280,550445,80000,80000,0,0,0,0,0,1810354,80,550365,80,552,552,1102,915,1,1000,907,552,552,552,551,551,24,1,80000,80,80,80,3,1102,3,1102,80000,80,80000,80,1810354,80,12508715,0
17290,550717,80000,80000,0,0,0,0,0,1810354,80,550637,80,553,553,1103,1187,2,0,1016,553,553,553,551,551,4,1,80000,80,80,80,3,1103,3,1103,80000,80,80000,80,1810354,80,12514971,0
17300,551109,80000,80000,0,0,0,0,0,1810354,80,551029,80,553,553,1103,1579,2,0,1016,553,553,553,551,551,14,1,80000,80,80,80,3,1103,3,1103,80000,80,80000,80,1810354,80,12523987,0
17310,551312,80000,80000,0,0,0,0,0,1810354,80,551232,80,553,553,1104,783,1,1000,731,553,553,553,552,552,24,1,80000,80,80,80,3,1104,3,1104,80000,80,80000,80,1810354,80,12528679,0
17320,551685,80000,80000,0,0,0,0,0,1810354,80,551605,80,554,554,1105,1156,2,0,1052,554,554,554,552,552,2,1,80000,80,80,80,3,1105,3,1105,80000,80,80000,80,1810354,80,12537258,0
17330,552062,80000,80000,0,0,0,0,0,1810354,80,551982,80,554,554,1105,1533,2,0,1052,554,554,554,552,552,12,1,80000,80,80,80,3,1105,3,1105,80000,80,80000,80,1810354,80,12545929,0
17340,552237,80000,80000,0,0,0,0,0,1810354,80,552157,80,554,554,1106,709,1,1000,625,554,554,554,553,553,22,1,80000,80,80,80,3,1106,3,1106,80000,80,80000,80,1810354,80,12549977,0
17350,552617,80000,80000,0,0,0,0,0,1810354,80,552537,80,555,555,1107,1089,2,0,1011,555,555,555,553,553,2,1,80000,80,80,80,3,1107,3,1107,80000,80,80000,80,1810354,80,12558717,0
17360,552997,80000,80000,0,0,0,0,0,1810354,80,552917,80,555,555,1107,1469,2,0,1011,555,555,555,553,553,10,1,80000,80,80,80,3,1107,3,1107,80000,80,80000,80,1810354,80,12567457,0
17370,553197,80000,80000,0,0,0,0,0,1810354,80,553117,80,555,555,1108,671,1,1000,502,555,555,555,554,554,20,1,80000,80,80,80,3,1108,3,1108,80000,80,80000,80,1810354,80,12572103,0
17380,553581,80000,80000,0,0,0,0,0,1810354,80,553501,80,555,555,1108,1054,2,1000,502,555,556,555,554,554,30,1,80000,80,80,80,3,1108,3,1108,80000,80,80000,80,1810354,80,12580912,0
17390,553966,80000,80000,0,0,0,0,0,1810354,80,553886,80,556,556,1109,1439,2,0,1055,556,556,556,554,554,10,1,80000,80,80,80,3,1109,3,1109,80000,80,80000,80,1810354,80,12589767,0
17400,554348,80000,80000,0,0,0,0,0,1810354,80,554268,80,556,556,1109,1821,2,0,1055,556,556,556,554,554,20,1,80000,80,80,80,3,1109,3,1109,80000,80,80000,80,1810354,80,12598553,0
17410,554400,80000,80000,0,0,0,0,0,1810354,80,554320,80,556,556,1110,874,1,1000,822,556,556,556,555,555,29,1,80000,80,80,80,3,1110,3,1110,80000,80,80000,80,1810354,80,12599772,0
17420,554780,80000,80000,0,0,0,0,0,1810354,80,554700,80,557,557,1111,1254,2,0,1018,557,557,557,555,555,6,1,80000,80,80,80,3,1111,3,1111,80000,80,80000,80,1810354,80,12608512,0
17430,555076,80000,80000,0,0,0,0,0,1810354,80,554996,80,557,557,1112,551,1,1000,545,557,557,557,556,556,14,1,80000,80,80,80,3,1112,3,1112,80000,80,80000,80,1810354,80,12615343,0
17440,555380,80000,80000,0,0,0,0,0,1810354,80,555300,80,557,557,1112,855,1,1000,545,557,557,557,556,556,24,1,80000,80,80,80,3,1112,3,1112,80000,80,80000,80,1810354,80,12622335,0
17450,555773,80000,80000,0,0,0,0,0,1810354,80,555693,80,558,558,1113,1248,2,0,1013,558,558,558,556,556,6,1,80000,80,80,80,3,1113,3,1113,80000,80,80000,80,1810354,80,12631374,0
17460,556164,80000,80000,0,0,0,0,0,1810354,80,556084,80,558,558,1113,1639,2,0,1013,558,558,558,556,556,16,1,80000,80,80,80,3,1113,3,1113,80000,80,80000,80,1810354,80,12640367,0
17470,556417,80000,80000,0,0,0,0,0,1810354,80,556337,80,558,558,1114,893,1,1000,885,558,558,558,557,557,24,1,80000,80,80,80,3,1114,3,1114,80000,80,80000,80,1810354,80,12646209,0
17480,556715,80000,80000,0,0,0,0,0,1810354,80,556635,80,559,559,1115,1191,2,0,1063,559,559,559,557,557,2,1,80000,80,80,80,3,1115,3,1115,80000,80,80000,80,1810354,80,12653063,0
17490,557111,80000,80000,0,0,0,0,0,1810354,80,557031,80,559,559,1115,1587,2,0,1063,559,559,559,557,557,12,1,80000,80,80,80,3,1115,3,1115,80000,80,80000,80,1810354,80,12662194,0
17500,557318,80000,80000,0,0,0,0,0,1810354,80,557238,80,559,559,1116,795,1,1000,750,559,559,559,558,558,22,1,80000,80,80,80,3,1116,3,1116,80000,80,80000,80,1810354,80,12666955,0
17510,557716,80000,80000,0,0,0,0,0,1810354,80,557636,80,560,560,1117,1193,2,0,1061,560,560,560,558,558,2,1,80000,80,80,80,3,1117,3,1117,80000,80,80000,80,1810354,80,12676109,0
17520,558110,80000,80000,0,0,0,0,0,1810354,80,558030,80,560,560,1117,1587,2,0,1061,560,560,560,558,558,12,1,80000,80,80,80,3,1117,3,1117,80000,80,80000,80,1810354,80,12685171,0
17530,558271,80000,80000,0,0,0,0,0,1810354,80,558191,80,560,560,1118,749,1,1000,631,560,560,560,559,559,22,1,80000,80,80,80,3,1118,3,1118,80000,80,80000,80,1810354,80,12688897,0
17540,558660,80000,80000,0,0,0,0,0,1810354,80,558580,80,561,561,1119,1138,2,0,1031,561,561,561,559,559,2,1,80000,80,80,80,3,1119,3,1119,80000,80,80000,80,1810354,80,12697844,0
17550,559052,80000,80000,0,0,0,0,0,1810354,80,558972,80,561,561,1119,1530,2,0,1031,561,561,561,559,559,12,1,80000,80,80,80,3,1119,3,1119,80000,80,80000,80,1810354,80,12706860,0
17560,559248,80000,80000,0,0,0,0,0,1810354,80,559168,80,561,561,1120,727,1,1000,605,561,561,561,560,560,22,1,80000,80,80,80,3,1120,3,1120,80000,80,80000,80,1810354,80,12711391,0
17570,559641,80000,80000,0,0,0,0,0,1810354,80,559561,80,562,562,1121,1120,2,0,1018,562,562,562,560,560,2,1,80000,80,80,80,3,1121,3,1121,80000,80,80000,80,1810354,80,12720430,0
17580,560039,80000,80000,0,0,0,0,0,1810354,80,559959,80,562,562,1121,1518,2,0,1018,562,562,562,560,560,12,1,80000,80,80,80,3,1121,3,1121,80000,80,80000,80,1810354,80,12729584,0
17590,560370,80000,80000,0,0,0,0,0,1810354,80,560290,80,562,562,1122,850,1,1000,846,562,562,562,561,561,22,1,80000,80,80,80,3,1122,3,1122,80000,80,80000,80,1810354,80,12737220,0
17600,560620,80000,80000,0,0,0,0,0,1810354,80,560540,80,563,563,1123,1100,2,0,1068,563,563,563,561,561,0,1,80000,80,80,80,3,1123,3,1123,80000,80,80000,80,1810354,80,12742970,0
17610,560966,80000,80000,0,0,0,0,0,1810354,80,560886,80,563,563,1123,1446,2,0,1068,563,563,563,561,561,8,1,80000,80,80,80,3,1123,3,1123,80000,80,80000,80,1810354,80,12750928,0
17620,561198,80000,80000,0,0,0,0,0,1810354,80,561118,80,563,563,1124,679,1,1000,675,563,563,563,562,562,20,1,80000,80,80,80,3,1124,3,1124,80000,80,80000,80,1810354,80,12756287,0
17630,561552,80000,80000,0,0,0,0,0,1810354,80,561472,80,564,564,1125,1033,2,0,1025,564,564,564,562,562,0,1,80000,80,80,80,3,1125,3,1125,80000,80,80000,80,1810354,80,12764429,0
17640,561939,80000,80000,0,0,0,0,0,1810354,80,561859,80,564,564,1125,1420,2,0,1025,564,564,564,562,562,8,1,80000,80,80,80,3,1125,3,1125,80000,80,80000,80,1810354,80,12773330,0
17650,562135,80000,80000,0,0,0,0,0,1810354,80,562055,80,564,564,1126,617,1,1000,526,564,564,564,563,563,18,1,80000,80,80,80,3,1126,3,1126,80000,80,80000,80,1810354,80,12777884,0
17660,562529,80000,80000,0,0,0,0,0,1810354,80,562449,80,565,565,1127,1011,2,0,1008,565,565,565,563,563,0,1,80000,80,80,80,3,1127,3,1127,80000,80,80000,80,1810354,80,12786946,0
17670,562886,80000,80000,0,0,0,0,0,1810354,80,562806,80,565,565,1127,1368,2,0,1008,565,565,565,563,563,8,1,80000,80,80,80,3,1127,3,1127,80000,80,80000,80,1810354,80,12795134,0
17680,563271,80000,80000,0,0,0,0,0,1810354,80,563191,80,565,565,1127,1753,2,0,1008,565,565,565,563,563,18,1,80000,80,80,80,3,1127,3,1127,80000,80,80000,80,1810354,80,12804058,0
17690,563479,80000,80000,0,0,0,0,0,1810354,80,563399,80,565,565,1128,962,1,1000,894,565,565,565,564,564,28,1,80000,80,80,80,3,1128,3,1128,80000,80,80000,80,1810354,80,12808796,0
17700,563867,80000,80000,0,0,0,0,0,1810354,80,563787,80,566,566,1129,1350,2,0,1057,566,566,566,564,564,6,1,80000,80,80,80,3,1129,3,1129,80000,80,80000,80,1810354,80,12817720,0
17710,564033,80000,80000,0,0,0,0,0,1810354,80,563953,80,566,566,1130,517,1,1000,513,566,566,566,565,565,17,1,80000,80,80,80,3,1130,3,1130,80000,80,80000,80,1810354,80,12821561,0
17720,564333,80000,80000,0,0,0,0,0,1810354,80,564253,80,566,566,1130,817,1,1000,513,566,566,566,565,565,27,1,80000,80,80,80,3,1130,3,1130,80000,80,80000,80,1810354,80,12828461,0
17730,564718,80000,80000,0,0,0,0,0,1810354,80,564638,80,567,567,1131,1202,2,0,1028,567,567,567,565,565,4,1,80000,80,80,80,3,1131,3,1131,80000,80,80000,80,1810354,80,12837316,0
17740,565074,80000,80000,0,0,0,0,0,1810354,80,564994,80,567,567,1131,1558,2,0,1028,567,567,567,565,565,12,1,80000,80,80,80,3,1131,3,1131,80000,80,80000,80,1810354,80,12845504,0
17750,565397,80000,80000,0,0,0,0,0,1810354,80,565317,80,567,567,1132,882,1,1000,874,567,567,567,566,566,22,1,80000,80,80,80,3,1132,3,1132,80000,80,80000,80,1810354,80,12852956,0
17760,565662,80000,80000,0,0,0,0,0,1810354,80,565582,80,568,568,1133,1147,2,0,1072,568,568,568,566,566,0,1,80000,80,80,80,3,1133,3,1133,80000,80,80000,80,1810354,80,12859051,0
17770,566055,80000,80000,0,0,0,0,0,1810354,80,565975,80,568,568,1133,1540,2,0,1072,568,568,568,566,566,12,1,80000,80,80,80,3,1133,3,1133,80000,80,80000,80,1810354,80,12868090,0
17780,566263,80000,80000,0,0,0,0,0,1810354,80,566183,80,568,568,1134,749,1,1000,700,568,568,568,567,567,20,1,80000,80,80,80,3,1134,3,1134,80000,80,80000,80,1810354,80,12872897,0
17790,566660,80000,80000,0,0,0,0,0,1810354,80,566580,80,569,569,1135,1146,2,0,1079,569,569,569,567,567,0,1,80000,80,80,80,3,1135,3,1135,80000,80,80000,80,1810354,80,12882028,0
17801,567040,80000,80000,0,0,0,0,0,1810354,80,566960,80,569,569,1135,1526,2,0,1079,569,569,569,567,567,10,1,80000,80,80,80,3,1135,3,1135,80000,80,80000,80,1810354,80,12890768,0
17810,567198,80000,80000,0,0,0,0,0,1810354,80,567118,80,569,569,1136,685,1,1000,558,569,569,569,568,568,20,1,80000,80,80,80,3,1136,3,1136,80000,80,80000,80,1810354,80,12894425,0
17820,567586,80000,80000,0,0,0,0,0,1810354,80,567506,80,570,570,1137,1073,2,0,1025,570,570,570,568,568,0,1,80000,80,80,80,3,1137,3,1137,80000,80,80000,80,1810354,80,12903349,0
17830,567979,80000,80000,0,0,0,0,0,1810354,80,567899,80,570,570,1137,1466,2,0,1025,570,570,570,568,568,10,1,80000,80,80,80,3,1137,3,1137,80000,80,80000,80,1810354,80,12912388,0
17840,568369,80000,80000,0,0,0,0,0,1810354,80,568289,80,570,570,1137,1856,2,0,1025,570,570,570,568,568,20,1,80000,80,80,80,3,1137,3,1137,80000,80,80000,80,1810354,80,12921381,0
17850,568572,80000,80000,0,0,0,0,0,1810354,80,568492,80,571,571,1139,1060,2,0,1018,571,571,571,569,569,0,1,80000,80,80,80,3,1139,3,1139,80000,80,80000,80,1810354,80,12926050,0
17860,568958,80000,80000,0,0,0,0,0,1810354,80,568878,80,571,571,1139,1446,2,0,1018,571,571,571,569,569,10,1,80000,80,80,80,3,1139,3,1139,80000,80,80000,80,1810354,80,12934951,0
17870,569282,80000,80000,0,0,0,0,0,1810354,80,569202,80,571,571,1140,771,1,1000,765,571,571,571,570,570,20,1,80000,80,80,80,3,1140,3,1140,80000,80,80000,80,1810354,80,12942403,0
17880,569513,80000,80000,0,0,0,0,0,1810354,80,569433,80,571,571,1140,1002,2,1000,765,571,572,571,570,570,30,1,80000,80,80,80,3,1140,3,1140,80000,80,80000,80,1810354,80,12947716,0
17890,569896,80000,80000,0,0,0,0,0,1810354,80,569816,80,572,572,1141,1385,2,0,1055,572,572,572,570,570,8,1,80000,80,80,80,3,1141,3,1141,80000,80,80000,80,1810354,80,12956548,0
17900,570137,80000,80000,0,0,0,0,0,1810354,80,570057,80,572,572,1142,627,1,1000,607,572,572,572,571,571,18,1,80000,80,80,80,3,1142,3,1142,80000,80,80000,80,1810354,80,12962091,0
17910,570501,80000,80000,0,0,0,0,0,1810354,80,570421,80,572,572,1142,991,1,1000,607,572,572,572,571,571,28,1,80000,80,80,80,3,1142,3,1142,80000,80,80000,80,1810354,80,12970509,0
17920,570882,80000,80000,0,0,0,0,0,1810354,80,570802,80,573,573,1143,1372,2,0,1126,573,573,573,571,571,6,1,80000,80,80,80,3,1143,3,1143,80000,80,80000,80,1810354,80,12979226,0
17930,571256,80000,80000,0,0,0,0,0,1810354,80,571176,80,573,573,1144,747,1,1000,739,573,573,573,572,572,16,1,80000,80,80,80,3,1144,3,1144,80000,80,80000,80,1810354,80,12987851,0
17940,571430,80000,80000,0,0,0,0,0,1810354,80,571350,80,573,573,1144,921,1,1000,739,573,573,573,572,572,24,1,80000,80,80,80,3,1144,3,1144,80000,80,80000,80,1810354,80,12991853,0
17950,571819,80000,80000,0,0,0,0,0,1810354,80,571739,80,574,574,1145,1310,2,0,1009,574,574,574,572,572,6,1,80000,80,80,80,3,1145,3,1145,80000,80,80000,80,1810354,80,13000800,0
17960,572203,80000,80000,0,0,0,0,0,1810354,80,572123,80,574,574,1145,1694,2,0,1009,574,574,574,572,572,16,1,80000,80,80,80,3,1145,3,1145,80000,80,80000,80,1810354,80,13009632,0
17970,572398,80000,80000,0,0,0,0,0,1810354,80,572318,80,574,574,1146,890,1,1000,807,574,574,574,573,573,28,1,80000,80,80,80,3,1146,3,1146,80000,80,80000,80,1810354,80,13014140,0
17980,572777,80000,80000,0,0,0,0,0,1810354,80,572697,80,575,575,1147,1269,2,0,1038,575,575,575,573,573,6,1,80000,80,80,80,3,1147,3,1147,80000,80,80000,80,1810354,80,13022857,0
17990,573151,80000,80000,0,0,0,0,0,1810354,80,573071,80,575,575,1148,644,1,1000,640,575,575,575,574,574,15,1,80000,80,80,80,3,1148,3,1148,80000,80,80000,80,1810354,80,13031482,0
18000,573372,80000,80000,0,0,0,0,0,1810354,80,573292,80,575,575,1148,865,1,1000,640,575,575,575,574,574,24,1,80000,80,80,80,3,1148,3,1148,80000,80,80000,80,1810354,80,13036565,0
18010,573600,80000,80000,0,0,0,0,0,1810354,80,573520,80,576,576,1149,1093,2,0,1017,576,576,576,574,574,2,1,80000,80,80,80,3,1149,3,1149,80000,80,80000,80,1810354,80,13041809,0
18020,573986,80000,80000,0,0,0,0,0,1810354,80,573906,80,576,576,1149,1479,2,0,1017,576,576,576,574,574,12,1,80000,80,80,80,3,1149,3,1149,80000,80,80000,80,1810354,80,13050687,0
18030,574297,80000,80000,0,0,0,0,0,1810354,80,574217,80,576,576,1150,791,1,1000,784,576,576,576,575,575,22,1,80000,80,80,80,3,1150,3,1150,80000,80,80000,80,1810354,80,13057863,0
18040,574574,80000,80000,0,0,0,0,0,1810354,80,574494,80,577,577,1151,1068,2,0,1046,577,577,577,575,575,0,1,80000,80,80,80,3,1151,3,1151,80000,80,80000,80,1810354,80,13064234,0
18050,574971,80000,80000,0,0,0,0,0,1810354,80,574891,80,577,577,1151,1465,2,0,1046,577,577,577,575,575,10,1,80000,80,80,80,3,1151,3,1151,80000,80,80000,80,1810354,80,13073411,0
18060,575197,80000,80000,0,0,0,0,0,1810354,80,575117,80,577,577,1152,692,1,1000,687,577,577,577,576,576,20,1,80000,80,80,80,3,1152,3,1152,80000,80,80000,80,1810354,80,13078586,0
18070,575518,80000,80000,0,0,0,0,0,1810354,80,575438,80,577,577,1152,1013,2,1000,687,577,578,577,576,576,28,1,80000,80,80,80,3,1152,3,1152,80000,80,80000,80,1810354,80,13085969,0
18080,575917,80000,80000,0,0,0,0,0,1810354,80,575837,80,578,578,1153,1412,2,0,1038,578,578,578,576,576,8,1,80000,80,80,80,3,1153,3,1153,80000,80,80000,80,1810354,80,13095146,0
18090,576116,80000,80000,0,0,0,0,0,1810354,80,576036,80,578,578,1154,612,1,1000,545,578,578,578,577,577,18,1,80000,80,80,80,3,1154,3,1154,80000,80,80000,80,1810354,80,13099746,0
18100,576497,80000,80000,0,0,0,0,0,1810354,80,576417,80,578,578,1154,993,1,1000,545,578,578,578,577,577,28,1,80000,80,80,80,3,1154,3,1154,80000,80,80000,80,1810354,80,13108532,0
18110,576891,80000,80000,0,0,0,0,0,1810354,80,576811,80,579,579,1155,1387,2,0,1008,579,579,579,577,577,8,1,80000,80,80,80,3,1155,3,1155,80000,80,80000,80,1810354,80,13117594,0
18120,577277,80000,80000,0,0,0,0,0,1810354,80,577197,80,579,579,1155,1773,2,0,1008,579,579,579,577,577,18,1,80000,80,80,80,3,1155,3,1155,80000,80,80000,80,1810354,80,13126449,0
18130,577475,80000,80000,0,0,0,0,0,1810354,80,577395,80,579,579,1156,972,1,1000,917,579,579,579,578,578,28,1,80000,80,80,80,3,1156,3,1156,80000,80,80000,80,1810354,80,13131026,0
18140,577815,80000,80000,0,0,0,0,0,1810354,80,577735,80,580,580,1157,1312,2,0,1070,580,580,580,578,578,6,1,80000,80,80,80,3,1157,3,1157,80000,80,80000,80,1810354,80,13138869,0
18150,578026,80000,80000,0,0,0,0,0,1810354,80,577946,80,580,580,1158,524,1,1000,373,580,580,580,579,579,16,1,80000,80,80,80,3,1158,3,1158,80000,80,80000,80,1810354,80,13143722,0
18160,578416,80000,80000,0,0,0,0,0,1810354,80,578336,80,580,580,1158,914,1,1000,373,580,580,580,579,579,26,1,80000,80,80,80,3,1158,3,1158,80000,80,80000,80,1810354,80,13152692,0
18170,578806,80000,80000,0,0,0,0,0,1810354,80,578726,80,581,581,1159,1304,2,0,1037,581,581,581,579,579,6,1,80000,80,80,80,3,1159,3,1159,80000,80,80000,80,1810354,80,13161662,0
18180,579092,80000,80000,0,0,0,0,0,1810354,80,579012,80,581,581,1160,591,1,1000,591,581,581,581,580,580,16,1,80000,80,80,80,3,1160,3,1160,80000,80,80000,80,1810354,80,13168263,0
18190,579381,80000,80000,0,0,0,0,0,1810354,80,579301,80,581,581,1160,880,1,1000,591,581,581,581,580,580,26,1,80000,80,80,80,3,1160,3,1160,80000,80,80000,80,1810354,80,13174933,0
18200,579771,80000,80000,0,0,0,0,0,1810354,80,579691,80,582,582,1161,1270,2,0,1080,582,582,582,580,580,4,1,80000,80,80,80,3,1161,3,1161,80000,80,80000,80,1810354,80,13183880,0
18210,580118,80000,80000,0,0,0,0,0,1810354,80,580038,80,582,582,1161,1617,2,0,1080,582,582,582,580,580,12,1,80000,80,80,80,3,1161,3,1161,80000,80,80000,80,1810354,80,13191861,0
18220,580410,80000,80000,0,0,0,0,0,1810354,80,580330,80,582,582,1162,910,1,1000,907,582,582,582,581,581,24,1,80000,80,80,80,3,1162,3,1162,80000,80,80000,80,1810354,80,13198600,0
18230,580712,80000,80000,0,0,0,0,0,1810354,80,580632,80,583,583,1163,1212,2,0,1049,583,583,583,581,581,4,1,80000,80,80,80,3,1163,3,1163,80000,80,80000,80,1810354,80,13205569,0
18240,581097,80000,80000,0,0,0,0,0,1810354,80,581017,80,583,583,1163,1597,2,0,1049,583,583,583,581,581,14,1,80000,80,80,80,3,1163,3,1163,80000,80,80000,80,1810354,80,13214401,0
18250,581289,80000,80000,0,0,0,0,0,1810354,80,581209,80,583,583,1164,790,1,1000,732,583,583,583,582,582,24,1,80000,80,80,80,3,1164,3,1164,80000,80,80000,80,1810354,80,13218863,0
18260,581679,80000,80000,0,0,0,0,0,1810354,80,581599,80,584,584,1165,1180,2,0,1003,584,584,584,582,582,4,1,80000,80,80,80,3,1165,3,1165,80000,80,80000,80,1810354,80,13227810,0
18270,582063,80000,80000,0,0,0,0,0,1810354,80,581983,80,584,584,1165,1564,2,0,1003,584,584,584,582,582,14,1,80000,80,80,80,3,1165,3,1165,80000,80,80000,80,1810354,80,13236642,0
18280,582228,80000,80000,0,0,0,0,0,1810354,80,582148,80,584,584,1166,730,1,1000,592,584,584,584,583,583,22,1,80000,80,80,80,3,1166,3,1166,80000,80,80000,80,1810354,80,13240460,0
18290,582619,80000,80000,0,0,0,0,0,1810354,80,582539,80,585,585,1167,1121,2,0,1065,585,585,585,583,583,0,1,80000,80,80,80,3,1167,3,1167,80000,80,80000,80,1810354,80,13249453,0
18300,583003,80000,80000,0,0,0,0,0,1810354,80,582923,80,585,585,1167,1505,2,0,1065,585,585,585,583,583,10,1,80000,80,80,80,3,1167,3,1167,80000,80,80000,80,1810354,80,13258285,0
18310,583109,80000,80000,0,0,0,0,0,1810354,80,583029,80,585,585,1168,612,1,1000,610,585,585,585,584,584,21,1,80000,80,80,80,3,1168,3,1168,80000,80,80000,80,1810354,80,13260746,0
18320,583468,80000,80000,0,0,0,0,0,1810354,80,583388,80,585,585,1168,971,1,1000,610,585,585,585,584,584,31,1,80000,80,80,80,3,1168,3,1168,80000,80,80000,80,1810354,80,13269003,0
18330,583858,80000,80000,0,0,0,0,0,1810354,80,583778,80,586,586,1169,1361,2,0,1020,586,586,586,584,584,8,1,80000,80,80,80,3,1169,3,1169,80000,80,80000,80,1810354,80,13277996,0
18340,584080,80000,80000,0,0,0,0,0,1810354,80,584000,80,586,586,1170,584,1,1000,577,586,586,586,585,585,16,1,80000,80,80,80,3,1170,3,1170,80000,80,80000,80,1810354,80,13283102,0
18350,584414,80000,80000,0,0,0,0,0,1810354,80,584334,80,586,586,1170,918,1,1000,577,586,586,586,585,585,26,1,80000,80,80,80,3,1170,3,1170,80000,80,80000,80,1810354,80,13290784,0
18360,584801,80000,80000,0,0,0,0,0,1810354,80,584721,80,587,587,1171,1305,2,0,1011,587,587,587,585,585,6,1,80000,80,80,80,3,1171,3,1171,80000,80,80000,80,1810354,80,13299685,0
18370,585196,80000,80000,0,0,0,0,0,1810354,80,585116,80,587,587,1171,1700,2,0,1011,587,587,587,585,585,16,1,80000,80,80,80,3,1171,3,1171,80000,80,80000,80,1810354,80,13308770,0
18380,585427,80000,80000,0,0,0,0,0,1810354,80,585347,80,587,587,1172,932,1,1000,929,587,587,587,586,586,26,1,80000,80,80,80,3,1172,3,1172,80000,80,80000,80,1810354,80,13314106,0
18390,585789,80000,80000,0,0,0,0,0,1810354,80,585709,80,588,588,1173,1294,2,0,1058,588,588,588,586,586,6,1,80000,80,80,80,3,1173,3,1173,80000,80,80000,80,1810354,80,13322432,0
18400,585987,80000,80000,0,0,0,0,0,1810354,80,585907,80,588,588,1174,493,1,1000,464,588,588,588,587,587,16,1,80000,80,80,80,3,1174,3,1174,80000,80,80000,80,1810354,80,13327009,0
18410,586333,80000,80000,0,0,0,0,0,1810354,80,586253,80,588,588,1174,839,1,1000,464,588,588,588,587,587,24,1,80000,80,80,80,3,1174,3,1174,80000,80,80000,80,1810354,80,13334990,0
18420,586721,80000,80000,0,0,0,0,0,1810354,80,586641,80,589,589,1175,1227,2,0,1038,589,589,589,587,587,4,1,80000,80,80,80,3,1175,3,1175,80000,80,80000,80,1810354,80,13343891,0
18430,587104,80000,80000,0,0,0,0,0,1810354,80,587024,80,589,589,1175,1610,2,0,1038,589,589,589,587,587,14,1,80000,80,80,80,3,1175,3,1175,80000,80,80000,80,1810354,80,13352700,0
18440,587312,80000,80000,0,0,0,0,0,1810354,80,587232,80,589,589,1176,819,1,1000,614,589,589,589,588,588,24,1,80000,80,80,80,3,1176,3,1176,80000,80,80000,80,1810354,80,13357507,0
18450,587689,80000,80000,0,0,0,0,0,1810354,80,587609,80,590,590,1177,1196,2,0,1075,590,590,590,588,588,2,1,80000,80,80,80,3,1177,3,1177,80000,80,80000,80,1810354,80,13366224,0
18460,587969,80000,80000,0,0,0,0,0,1810354,80,587889,80,590,590,1178,477,1,1000,470,590,590,590,589,589,12,1,80000,80,80,80,3,1178,3,1178,80000,80,80000,80,1810354,80,13372641,0
18470,588275,80000,80000,0,0,0,0,0,1810354,80,588195,80,590,590,1178,783,1,1000,470,590,590,590,589,589,22,1,80000,80,80,80,3,1178,3,1178,80000,80,80000,80,1810354,80,13379748,0
18480,588619,80000,80000,0,0,0,0,0,1810354,80,588539,80,591,591,1179,1127,2,0,1053,591,591,591,589,589,0,1,80000,80,80,80,3,1179,3,1179,80000,80,80000,80,1810354,80,13387591,0
18490,589002,80000,80000,0,0,0,0,0,1810354,80,588922,80,591,591,1179,1510,2,0,1053,591,591,591,589,589,12,1,80000,80,80,80,3,1179,3,1179,80000,80,80000,80,1810354,80,13396423,0
18500,589322,80000,80000,0,0,0,0,0,1810354,80,589242,80,591,591,1180,831,1,1000,823,591,591,591,590,590,22,1,80000,80,80,80,3,1180,3,1180,80000,80,80000,80,1810354,80,13403783,0
18510,589593,80000,80000,0,0,0,0,0,1810354,80,589513,80,592,592,1181,1102,2,0,1015,592,592,592,590,590,2,1,80000,80,80,80,3,1181,3,1181,80000,80,80000,80,1810354,80,13410039,0
18520,589990,80000,80000,0,0,0,0,0,1810354,80,589910,80,592,592,1181,1499,2,0,1015,592,592,592,590,590,12,1,80000,80,80,80,3,1181,3,1181,80000,80,80000,80,1810354,80,13419147,0
18530,590196,80000,80000,0,0,0,0,0,1810354,80,590116,80,592,592,1182,706,1,1000,662,592,592,592,591,591,22,1,80000,80,80,80,3,1182,3,1182,80000,80,80000,80,1810354,80,13423908,0
18540,590585,80000,80000,0,0,0,0,0,1810354,80,590505,80,593,593,1183,1095,2,0,1060,593,593,593,591,591,0,1,80000,80,80,80,3,1183,3,1183,80000,80,80000,80,1810354,80,13432855,0
18550,590942,80000,80000,0,0,0,0,0,1810354,80,590862,80,593,593,1183,1452,2,0,1060,593,593,593,591,591,8,1,80000,80,80,80,3,1183,3,1183,80000,80,80000,80,1810354,80,13441089,0
18560,591138,80000,80000,0,0,0,0,0,1810354,80,591058,80,593,593,1184,649,1,1000,530,593,593,593,592,592,18,1,80000,80,80,80,3,1184,3,1184,80000,80,80000,80,1810354,80,13445597,0
18570,591531,80000,80000,0,0,0,0,0,1810354,80,591451,80,593,593,1184,1042,2,1000,530,593,594,593,592,592,28,1,80000,80,80,80,3,1184,3,1184,80000,80,80000,80,1810354,80,13454636,0
18580,591919,80000,80000,0,0,0,0,0,1810354,80,591839,80,594,594,1185,1430,2,0,1056,594,594,594,592,592,8,1,80000,80,80,80,3,1185,3,1185,80000,80,80000,80,1810354,80,13463583,0
18590,592298,80000,80000,0,0,0,0,0,1810354,80,592218,80,594,594,1185,1809,2,0,1056,594,594,594,592,592,18,1,80000,80,80,80,3,1185,3,1185,80000,80,80000,80,1810354,80,13472300,0
18600,592496,80000,80000,0,0,0,0,0,1810354,80,592416,80,595,595,1187,1008,2,0,1005,595,595,595,593,593,0,1,80000,80,80,80,3,1187,3,1187,80000,80,80000,80,1810354,80,13476854,0
18611,592768,80000,80000,0,0,0,0,0,1810354,80,592688,80,595,595,1187,1280,2,0,1005,595,595,595,593,593,9,1,80000,80,80,80,3,1187,3,1187,80000,80,80000,80,1810354,80,13483110,0
18620,592991,80000,80000,0,0,0,0,0,1810354,80,592911,80,595,595,1188,504,1,1000,499,595,595,595,594,594,17,1,80000,80,80,80,3,1188,3,1188,80000,80,80000,80,1810354,80,13488262,0
18630,593306,80000,80000,0,0,0,0,0,1810354,80,593226,80,595,595,1188,819,1,1000,499,595,595,595,594,594,27,1,80000,80,80,80,3,1188,3,1188,80000,80,80000,80,1810354,80,13495507,0
18640,593697,80000,80000,0,0,0,0,0,1810354,80,593617,80,596,596,1189,1210,2,0,1061,596,596,596,594,594,2,1,80000,80,80,80,3,1189,3,1189,80000,80,80000,80,1810354,80,13504500,0
18650,594085,80000,80000,0,0,0,0,0,1810354,80,594005,80,596,596,1189,1598,2,0,1061,596,596,596,594,594,12,1,80000,80,80,80,3,1189,3,1189,80000,80,80000,80,1810354,80,13513424,0
18660,594355,80000,80000,0,0,0,0,0,1810354,80,594275,80,596,596,1190,869,1,1000,859,596,596,596,595,595,24,1,80000,80,80,80,3,1190,3,1190,80000,80,80000,80,1810354,80,13519657,0
18670,594668,80000,80000,0,0,0,0,0,1810354,80,594588,80,597,597,1191,1182,2,0,1022,597,597,597,595,595,4,1,80000,80,80,80,3,1191,3,1191,80000,80,80000,80,1810354,80,13526856,0
18680,595019,80000,80000,0,0,0,0,0,1810354,80,594939,80,597,597,1191,1533,2,0,1022,597,597,597,595,595,12,1,80000,80,80,80,3,1191,3,1191,80000,80,80000,80,1810354,80,13534929,0
18690,595208,80000,80000,0,0,0,0,0,1810354,80,595128,80,597,597,1192,723,1,1000,703,597,597,597,596,596,22,1,80000,80,80,80,3,1192,3,1192,80000,80,80000,80,1810354,80,13539322,0
18700,595602,80000,80000,0,0,0,0,0,1810354,80,595522,80,598,598,1193,1117,2,0,1006,598,598,598,596,596,2,1,80000,80,80,80,3,1193,3,1193,80000,80,80000,80,1810354,80,13548361,0
18710,595999,80000,80000,0,0,0,0,0,1810354,80,595919,80,598,598,1193,1514,2,0,1006,598,598,598,596,596,12,1,80000,80,80,80,3,1193,3,1193,80000,80,80000,80,1810354,80,13557492,0
18720,596196,80000,80000,0,0,0,0,0,1810354,80,596116,80,598,598,1194,712,1,1000,563,598,598,598,597,597,22,1,80000,80,80,80,3,1194,3,1194,80000,80,80000,80,1810354,80,13562046,0
18730,596578,80000,80000,0,0,0,0,0,1810354,80,596498,80,599,599,1195,1094,2,0,1049,599,599,599,597,597,0,1,80000,80,80,80,3,1195,3,1195,80000,80,80000,80,1810354,80,13570832,0
18740,596962,80000,80000,0,0,0,0,0,1810354,80,596882,80,599,599,1195,1478,2,0,1049,599,599,599,597,597,10,1,80000,80,80,80,3,1195,3,1195,80000,80,80000,80,1810354,80,13579664,0
18750,597301,80000,80000,0,0,0,0,0,1810354,80,597221,80,599,599,1196,818,1,1000,812,599,599,599,598,598,20,1,80000,80,80,80,3,1196,3,1196,80000,80,80000,80,1810354,80,13587507,0
18760,597509,80000,80000,0,0,0,0,0,1810354,80,597429,80,600,600,1197,1026,2,0,1021,600,600,600,598,598,0,1,80000,80,80,80,3,1197,3,1197,80000,80,80000,80,1810354,80,13592268,0
18770,597904,80000,80000,0,0,0,0,0,1810354,80,597824,80,600,600,1197,1421,2,0,1021,600,600,600,598,598,10,1,80000,80,80,80,3,1197,3,1197,80000,80,80000,80,1810354,80,13601353,0
18780,598221,80000,80000,0,0,0,0,0,1810354,80,598141,80,600,600,1198,739,1,1000,737,600,600,600,599,599,20,1,80000,80,80,80,3,1198,3,1198,80000,80,80000,80,1810354,80,13608667,0
18790,598475,80000,80000,0,0,0,0,0,1810354,80,598395,80,600,600,1198,993,1,1000,737,600,600,600,599,599,30,1,80000,80,80,80,3,1198,3,1198,80000,80,80000,80,1810354,80,13614509,0
18800,598865,80000,80000,0,0,0,0,0,1810354,80,598785,80,601,601,1199,1383,2,0,1053,601,601,601,599,599,8,1,80000,80,80,80,3,1199,3,1199,80000,80,80000,80,1810354,80,13623479,0
18810,599073,80000,80000,0,0,0,0,0,1810354,80,598993,80,601,601,1200,592,1,1000,583,601,601,601,600,600,18,1,80000,80,80,80,3,1200,3,1200,80000,80,80000,80,1810354,80,13628286,0
18820,599415,80000,80000,0,0,0,0,0,1810354,80,599335,80,601,601,1200,934,1,1000,583,601,601,601,600,600,26,1,80000,80,80,80,3,1200,3,1200,80000,80,80000,80,1810354,80,13636152,0
18830,599800,80000,80000,0,0,0,0,0,1810354,80,599720,80,602,602,1201,1319,2,0,1114,602,602,602,600,600,4,1,80000,80,80,80,3,1201,3,1201,80000,80,80000,80,1810354,80,13645007,0
18840,600188,80000,80000,0,0,0,0,0,1810354,80,600108,80,602,602,1201,1707,2,0,1114,602,602,602,600,600,14,1,80000,80,80,80,3,1201,3,1201,80000,80,80000,80,1810354,80,13653931,0
18850,600394,80000,80000,0,0,0,0,0,1810354,80,600314,80,602,602,1202,914,1,1000,851,602,602,602,601,601,24,1,80000,80,80,80,3,1202,3,1202,80000,80,80000,80,1810354,80,13658692,0
18860,600781,80000,80000,0,0,0,0,0,1810354,80,600701,80,603,603,1203,1301,2,0,1004,603,603,603,601,601,6,1,80000,80,80,80,3,1203,3,1203,80000,80,80000,80,1810354,80,13667616,0
18870,601158,80000,80000,0,0,0,0,0,1810354,80,601078,80,603,603,1203,1678,2,0,1004,603,603,603,601,601,16,1,80000,80,80,80,3,1203,3,1203,80000,80,80000,80,1810354,80,13676264,0
18880,601356,80000,80000,0,0,0,0,0,1810354,80,601276,80,603,603,1204,877,1,1000,732,603,603,603,602,602,28,1,80000,80,80,80,3,1204,3,1204,80000,80,80000,80,1810354,80,13680841,0
18890,601692,80000,80000,0,0,0,0,0,1810354,80,601612,80,604,604,1205,1213,2,0,1019,604,604,604,602,602,4,1,80000,80,80,80,3,1205,3,1205,80000,80,80000,80,1810354,80,13688592,0
18900,602061,80000,80000,0,0,0,0,0,1810354,80,601981,80,604,604,1206,583,1,1000,577,604,604,604,603,603,14,1,80000,80,80,80,3,1206,3,1206,80000,80,80000,80,1810354,80,13697079,0
18910,602278,80000,80000,0,0,0,0,0,1810354,80,602198,80,604,604,1206,800,1,1000,577,604,604,604,603,603,25,1,80000,80,80,80,3,1206,3,1206,80000,80,80000,80,1810354,80,13702070,0
18920,602644,80000,80000,0,0,0,0,0,1810354,80,602564,80,605,605,1207,1166,2,0,1072,605,605,605,603,603,2,1,80000,80,80,80,3,1207,3,1207,80000,80,80000,80,1810354,80,13710511,0
18930,603026,80000,80000,0,0,0,0,0,1810354,80,602946,80,605,605,1207,1548,2,0,1072,605,605,605,603,603,12,1,80000,80,80,80,3,1207,3,1207,80000,80,80000,80,1810354,80,13719274,0
18940,603394,80000,80000,0,0,0,0,0,1810354,80,603314,80,605,605,1208,917,1,1000,914,605,605,605,604,604,22,1,80000,80,80,80,3,1208,3,1208,80000,80,80000,80,1810354,80,13727761,0
18950,603601,80000,80000,0,0,0,0,0,1810354,80,603521,80,606,606,1209,1124,2,0,1016,606,606,606,604,604,2,1,80000,80,80,80,3,1209,3,1209,80000,80,80000,80,1810354,80,13732522,0
18960,603937,80000,80000,0,0,0,0,0,1810354,80,603857,80,606,606,1209,1460,2,0,1016,606,606,606,604,604,12,1,80000,80,80,80,3,1209,3,1209,80000,80,80000,80,1810354,80,13740250,0
18970,604134,80000,80000,0,0,0,0,0,1810354,80,604054,80,606,606,1210,658,1,1000,526,606,606,606,605,605,20,1,80000,80,80,80,3,1210,3,1210,80000,80,80000,80,1810354,80,13744804,0
18980,604523,80000,80000,0,0,0,0,0,1810354,80,604443,80,606,606,1210,1047,2,1000,526,606,607,606,605,605,30,1,80000,80,80,80,3,1210,3,1210,80000,80,80000,80,1810354,80,13753751,0
18990,604914,80000,80000,0,0,0,0,0,1810354,80,604834,80,607,607,1211,1438,2,0,1059,607,607,607,605,605,8,1,80000,80,80,80,3,1211,3,1211,80000,80,80000,80,1810354,80,13762744,0
19000,605108,80000,80000,0,0,0,0,0,1810354,80,605028,80,607,607,1212,633,1,1000,576,607,607,607,606,606,18,1,80000,80,80,80,3,1212,3,1212,80000,80,80000,80,1810354,80,13767229,0
19010,605500,80000,80000,0,0,0,0,0,1810354,80,605420,80,608,608,1213,1025,2,0,1019,608,608,608,606,606,0,1,80000,80,80,80,3,1213,3,1213,80000,80,80000,80,1810354,80,13776245,0
19020,605890,80000,80000,0,0,0,0,0,1810354,80,605810,80,608,608,1213,1415,2,0,1019,608,608,608,606,606,10,1,80000,80,80,80,3,1213,3,1213,80000,80,80000,80,1810354,80,13785215,0
19030,606238,80000,80000,0,0,0,0,0,1810354,80,606158,80,608,608,1213,1763,2,0,1019,608,608,608,606,606,18,1,80000,80,80,80,3,1213,3,1213,80000,80,80000,80,1810354,80,13793219,0
19040,606441,80000,80000,0,0,0,0,0,1810354,80,606361,80,608,608,1214,967,1,1000,924,608,608,608,607,607,28,1,80000,80,80,80,3,1214,3,1214,80000,80,80000,80,1810354,80,13797911,0
19050,606810,80000,80000,0,0,0,0,0,1810354,80,606730,80,609,609,1215,1336,2,0,1011,609,609,609,607,607,8,1,80000,80,80,80,3,1215,3,1215,80000,80,80000,80,1810354,80,13806421,0
19060,607181,80000,80000,0,0,0,0,0,1810354,80,607101,80,609,609,1215,1707,2,0,1011,609,609,609,607,607,18,1,80000,80,80,80,3,1215,3,1215,80000,80,80000,80,1810354,80,13814931,0
19070,607378,80000,80000,0,0,0,0,0,1810354,80,607298,80,609,609,1216,905,1,1000,708,609,609,609,608,608,28,1,80000,80,80,80,3,1216,3,1216,80000,80,80000,80,1810354,80,13819485,0
19080,607753,80000,80000,0,0,0,0,0,1810354,80,607673,80,610,610,1217,1280,2,0,1007,610,610,610,608,608,6,1,80000,80,80,80,3,1217,3,1217,80000,80,80000,80,1810354,80,13828110,0
19090,608054,80000,80000,0,0,0,0,0,1810354,80,607974,80,610,610,1218,582,1,1000,575,610,610,610,609,609,16,1,80000,80,80,80,3,1218,3,1218,80000,80,80000,80,1810354,80,13835056,0
19100,608293,80000,80000,0,0,0,0,0,1810354,80,608213,80,610,610,1218,821,1,1000,575,610,610,610,609,609,26,1,80000,80,80,80,3,1218,3,1218,80000,80,80000,80,1810354,80,13840553,0
19110,608671,80000,80000,0,0,0,0,0,1810354,80,608591,80,611,611,1219,1199,2,0,1055,611,611,611,609,609,2,1,80000,80,80,80,3,1219,3,1219,80000,80,80000,80,1810354,80,13849247,0
19120,609065,80000,80000,0,0,0,0,0,1810354,80,608985,80,611,611,1219,1593,2,0,1055,611,611,611,609,609,14,1,80000,80,80,80,3,1219,3,1219,80000,80,80000,80,1810354,80,13858309,0
19130,609349,80000,80000,0,0,0,0,0,1810354,80,609269,80,611,611,1220,878,1,1000,869,611,611,611,610,610,24,1,80000,80,80,80,3,1220,3,1220,80000,80,80000,80,1810354,80,13864864,0
19140,609636,80000,80000,0,0,0,0,0,1810354,80,609556,80,612,612,1221,1165,2,0,1006,612,612,612,610,610,4,1,80000,80,80,80,3,1221,3,1221,80000,80,80000,80,1810354,80,13871465,0
19150,610028,80000,80000,0,0,0,0,0,1810354,80,609948,80,612,612,1221,1557,2,0,1006,612,612,612,610,610,14,1,80000,80,80,80,3,1221,3,1221,80000,80,80000,80,1810354,80,13880481,0
19160,610230,80000,80000,0,0,0,0,0,1810354,80,610150,80,612,612,1222,760,1,1000,707,612,612,612,611,611,24,1,80000,80,80,80,3,1222,3,1222,80000,80,80000,80,1810354,80,13885150,0
19170,610576,80000,80000,0,0,0,0,0,1810354,80,610496,80,613,613,1223,1106,2,0,1044,613,613,613,611,611,0,1,80000,80,80,80,3,1223,3,1223,80000,80,80000,80,1810354,80,13893108,0
19180,610967,80000,80000,0,0,0,0,0,1810354,80,610887,80,613,613,1223,1497,2,0,1044,613,613,613,611,611,10,1,80000,80,80,80,3,1223,3,1223,80000,80,80000,80,1810354,80,13902124,0
19190,611166,80000,80000,0,0,0,0,0,1810354,80,611086,80,613,613,1224,697,1,1000,574,613,613,613,612,612,20,1,80000,80,80,80,3,1224,3,1224,80000,80,80000,80,1810354,80,13906701,0
19200,611543,80000,80000,0,0,0,0,0,1810354,80,611463,80,614,614,1225,1074,2,0,1025,614,614,614,612,612,0,1,80000,80,80,80,3,1225,3,1225,80000,80,80000,80,1810354,80,13915372,0
19210,611813,80000,80000,0,0,0,0,0,1810354,80,611733,80,614,614,1225,1344,2,0,1025,614,614,614,612,612,10,1,80000,80,80,80,3,1225,3,1225,80000,80,80000,80,1810354,80,13921582,0
19220,612167,80000,80000,0,0,0,0,0,1810354,80,612087,80,614,614,1226,699,1,1000,697,614,614,614,613,613,20,1,80000,80,80,80,3,1226,3,1226,80000,80,80000,80,1810354,80,13929747,0
19230,612354,80000,80000,0,0,0,0,0,1810354,80,612274,80,614,614,1226,886,1,1000,697,614,614,614,613,613,28,1,80000,80,80,80,3,1226,3,1226,80000,80,80000,80,1810354,80,13934048,0
19240,612729,80000,80000,0,0,0,0,0,1810354,80,612649,80,615,615,1227,1261,2,0,1032,615,615,615,613,613,6,1,80000,80,80,80,3,1227,3,1227,80000,80,80000,80,1810354,80,13942673,0
19250,613009,80000,80000,0,0,0,0,0,1810354,80,612929,80,615,615,1228,542,1,1000,521,615,615,615,614,614,14,1,80000,80,80,80,3,1228,3,1228,80000,80,80000,80,1810354,80,13949136,0
19260,613322,80000,80000,0,0,0,0,0,1810354,80,613242,80,615,615,1228,855,1,1000,521,615,615,615,614,614,24,1,80000,80,80,80,3,1228,3,1228,80000,80,80000,80,1810354,80,13956335,0
19270,613710,80000,80000,0,0,0,0,0,1810354,80,613630,80,616,616,1229,1243,2,0,1017,616,616,616,614,614,4,1,80000,80,80,80,3,1229,3,1229,80000,80,80000,80,1810354,80,13965259,0
19280,614091,80000,80000,0,0,0,0,0,1810354,80,614011,80,616,616,1229,1624,2,0,1017,616,616,616,614,614,14,1,80000,80,80,80,3,1229,3,1229,80000,80,80000,80,1810354,80,13974022,0
19290,614333,80000,80000,0,0,0,0,0,1810354,80,614253,80,616,616,1230,867,1,1000,849,616,616,616,615,615,26,1,80000,80,80,80,3,1230,3,1230,80000,80,80000,80,1810354,80,13979611,0
19300,614649,80000,80000,0,0,0,0,0,1810354,80,614569,80,617,617,1231,1183,2,0,1060,617,617,617,615,615,2,1,80000,80,80,80,3,1231,3,1231,80000,80,80000,80,1810354,80,13986879,0
19310,615030,80000,80000,0,0,0,0,0,1810354,80,614950,80,617,617,1231,1564,2,0,1060,617,617,617,615,615,12,1,80000,80,80,80,3,1231,3,1231,80000,80,80000,80,1810354,80,13995642,0
19320,615223,80000,80000,0,0,0,0,0,1810354,80,615143,80,617,617,1232,758,1,1000,696,617,617,617,616,616,22,1,80000,80,80,80,3,1232,3,1232,80000,80,80000,80,1810354,80,14000127,0
19330,615595,80000,80000,0,0,0,0,0,1810354,80,615515,80,618,618,1233,1130,2,0,1020,618,618,618,616,616,2,1,80000,80,80,80,3,1233,3,1233,80000,80,80000,80,1810354,80,14008660,0
19340,615978,80000,80000,0,0,0,0,0,1810354,80,615898,80,618,618,1233,1513,2,0,1020,618,618,618,616,616,12,1,80000,80,80,80,3,1233,3,1233,80000,80,80000,80,1810354,80,14017469,0
19350,616177,80000,80000,0,0,0,0,0,1810354,80,616097,80,618,618,1234,713,1,1000,514,618,618,618,617,617,22,1,80000,80,80,80,3,1234,3,1234,80000,80,80000,80,1810354,80,14022069,0
19360,616556,80000,80000,0,0,0,0,0,1810354,80,616476,80,619,619,1235,1092,2,0,1046,619,619,619,617,617,0,1,80000,80,80,80,3,1235,3,1235,80000,80,80000,80,1810354,80,14030786,0
19370,616887,80000,80000,0,0,0,0,0,1810354,80,616807,80,619,619,1235,1423,2,0,1046,619,619,619,617,617,10,1,80000,80,80,80,3,1235,3,1235,80000,80,80000,80,1810354,80,14038399,0
19380,617265,80000,80000,0,0,0,0,0,1810354,80,617185,80,619,619,1235,1801,2,0,1046,619,619,619,617,617,20,1,80000,80,80,80,3,1235,3,1235,80000,80,80000,80,1810354,80,14047093,0
19390,617470,80000,80000,0,0,0,0,0,1810354,80,617390,80,619,619,1236,1007,2,1000,825,619,620,619,618,618,28,1,80000,80,80,80,3,1236,3,1236,80000,80,80000,80,1810354,80,14051831,0
19400,617850,80000,80000,0,0,0,0,0,1810354,80,617770,80,620,620,1237,1387,2,0,1007,620,620,620,618,618,10,1,80000,80,80,80,3,1237,3,1237,80000,80,80000,80,1810354,80,14060571,0
19410,618142,80000,80000,0,0,0,0,0,1810354,80,618062,80,620,620,1238,680,1,1000,670,620,620,620,619,619,20,1,80000,80,80,80,3,1238,3,1238,80000,80,80000,80,1810354,80,14067310,0
19420,618431,80000,80000,0,0,0,0,0,1810354,80,618351,80,620,620,1238,969,1,1000,670,620,620,620,619,619,30,1,80000,80,80,80,3,1238,3,1238,80000,80,80000,80,1810354,80,14073957,0
19430,618806,80000,80000,0,0,0,0,0,1810354,80,618726,80,621,621,1239,1344,2,0,1033,621,621,621,619,619,8,1,80000,80,80,80,3,1239,3,1239,80000,80,80000,80,1810354,80,14082605,0
19440,618987,80000,80000,0,0,0,0,0,1810354,80,618907,80,621,621,1240,526,1,1000,520,621,621,621,620,620,16,1,80000,80,80,80,3,1240,3,1240,80000,80,80000,80,1810354,80,14086768,0
19450,619357,80000,80000,0,0,0,0,0,1810354,80,619277,80,621,621,1240,896,1,1000,520,621,621,621,620,620,26,1,80000,80,80,80,3,1240,3,1240,80000,80,80000,80,1810354,80,14095278,0
19460,619740,80000,80000,0,0,0,0,0,1810354,80,619660,80,622,622,1241,1279,2,0,1082,622,622,622,620,620,4,1,80000,80,80,80,3,1241,3,1241,80000,80,80000,80,1810354,80,14104087,0
19470,620122,80000,80000,0,0,0,0,0,1810354,80,620042,80,622,622,1241,1661,2,0,1082,622,622,622,620,620,14,1,80000,80,80,80,3,1241,3,1241,80000,80,80000,80,1810354,80,14112873,0
19480,620316,80000,80000,0,0,0,0,0,1810354,80,620236,80,622,622,1242,856,1,1000,819,622,622,622,621,621,24,1,80000,80,80,80,3,1242,3,1242,80000,80,80000,80,1810354,80,14117358,0
19490,620686,80000,80000,0,0,0,0,0,1810354,80,620606,80,623,623,1243,1226,2,0,1005,623,623,623,621,621,4,1,80000,80,80,80,3,1243,3,1243,80000,80,80000,80,1810354,80,14125868,0
19500,621053,80000,80000,0,0,0,0,0,1810354,80,620973,80,623,623,1243,1593,2,0,1005,623,623,623,621,621,14,1,80000,80,80,80,3,1243,3,1243,80000,80,80000,80,1810354,80,14134309,0
19510,621108,80000,80000,0,0,0,0,0,1810354,80,621028,80,623,623,1244,649,1,1000,594,623,623,623,622,622,24,1,80000,80,80,80,3,1244,3,1244,80000,80,80000,80,1810354,80,14135597,0
19520,621477,80000,80000,0,0,0,0,0,1810354,80,621397,80,624,624,1245,1018,2,0,1012,624,624,624,622,622,0,1,80000,80,80,80,3,1245,3,1245,80000,80,80000,80,1810354,80,14144107,0
19530,621866,80000,80000,0,0,0,0,0,1810354,80,621786,80,624,624,1245,1407,2,0,1012,624,624,624,622,622,8,1,80000,80,80,80,3,1245,3,1245,80000,80,80000,80,1810354,80,14153077,0
19540,622252,80000,80000,0,0,0,0,0,1810354,80,622172,80,624,624,1245,1793,2,0,1012,624,624,624,622,622,18,1,80000,80,80,80,3,1245,3,1245,80000,80,80000,80,1810354,80,14161909,0
19550,622443,80000,80000,0,0,0,0,0,1810354,80,622363,80,624,624,1246,985,1,1000,876,624,624,624,623,623,30,1,80000,80,80,80,3,1246,3,1246,80000,80,80000,80,1810354,80,14166325,0
19560,622840,80000,80000,0,0,0,0,0,1810354,80,622760,80,625,625,1247,1382,2,0,1061,625,625,625,623,623,8,1,80000,80,80,80,3,1247,3,1247,80000,80,80000,80,1810354,80,14175456,0
19570,623178,80000,80000,0,0,0,0,0,1810354,80,623098,80,625,625,1248,721,1,1000,714,625,625,625,624,624,16,1,80000,80,80,80,3,1248,3,1248,80000,80,80000,80,1810354,80,14183253,0
19580,623378,80000,80000,0,0,0,0,0,1810354,80,623298,80,625,625,1248,921,1,1000,714,625,625,625,624,624,26,1,80000,80,80,80,3,1248,3,1248,80000,80,80000,80,1810354,80,14187853,0
19590,623761,80000,80000,0,0,0,0,0,1810354,80,623681,80,626,626,1249,1304,2,0,1018,626,626,626,624,624,6,1,80000,80,80,80,3,1249,3,1249,80000,80,80000,80,1810354,80,14196662,0
19600,623973,80000,80000,0,0,0,0,0,1810354,80,623893,80,626,626,1250,517,1,1000,512,626,626,626,625,625,16,1,80000,80,80,80,3,1250,3,1250,80000,80,80000,80,1810354,80,14201561,0
19610,624340,80000,80000,0,0,0,0,0,1810354,80,624260,80,626,626,1250,884,1,1000,512,626,626,626,625,625,26,1,80000,80,80,80,3,1250,3,1250,80000,80,80000,80,1810354,80,14210025,0
19620,624717,80000,80000,0,0,0,0,0,1810354,80,624637,80,627,627,1251,1261,2,0,1069,627,627,627,625,625,4,1,80000,80,80,80,3,1251,3,1251,80000,80,80000,80,1810354,80,14218673,0
19630,625103,80000,80000,0,0,0,0,0,1810354,80,625023,80,627,627,1251,1647,2,0,1069,627,627,627,625,625,14,1,80000,80,80,80,3,1251,3,1251,80000,80,80000,80,1810354,80,14227551,0
19640,625301,80000,80000,0,0,0,0,0,1810354,80,625221,80,627,627,1252,846,1,1000,843,627,627,627,626,626,24,1,80000,80,80,80,3,1252,3,1252,80000,80,80000,80,1810354,80,14232128,0
19650,625644,80000,80000,0,0,0,0,0,1810354,80,625564,80,628,628,1253,1189,2,0,1005,628,628,628,626,626,4,1,80000,80,80,80,3,1253,3,1253,80000,80,80000,80,1810354,80,14240040,0
19660,626033,80000,80000,0,0,0,0,0,1810354,80,625953,80,628,628,1253,1578,2,0,1005,628,628,628,626,626,14,1,80000,80,80,80,3,1253,3,1253,80000,80,80000,80,1810354,80,14248964,0
19670,626234,80000,80000,0,0,0,0,0,1810354,80,626154,80,628,628,1254,780,1,1000,691,628,628,628,627,627,24,1,80000,80,80,80,3,1254,3,1254,80000,80,80000,80,1810354,80,14253610,0
19680,626610,80000,80000,0,0,0,0,0,1810354,80,626530,80,629,629,1255,1156,2,0,1061,629,629,629,627,627,2,1,80000,80,80,80,3,1255,3,1255,80000,80,80000,80,1810354,80,14262258,0
19690,626970,80000,80000,0,0,0,0,0,1810354,80,626890,80,629,629,1256,517,1,1000,508,629,629,629,628,628,12,1,80000,80,80,80,3,1256,3,1256,80000,80,80000,80,1810354,80,14270561,0
19700,627194,80000,80000,0,0,0,0,0,1810354,80,627114,80,629,629,1256,741,1,1000,508,629,629,629,628,628,22,1,80000,80,80,80,3,1256,3,1256,80000,80,80000,80,1810354,80,14275713,0
19710,627539,80000,80000,0,0,0,0,0,1810354,80,627459,80,630,630,1257,1086,2,0,1012,630,630,630,628,628,0,1,80000,80,80,80,3,1257,3,1257,80000,80,80000,80,1810354,80,14283648,0
19720,627929,80000,80000,0,0,0,0,0,1810354,80,627849,80,630,630,1257,1476,2,0,1012,630,630,630,628,628,10,1,80000,80,80,80,3,1257,3,1257,80000,80,80000,80,1810354,80,14292618,0
19730,628309,80000,80000,0,0,0,0,0,1810354,80,628229,80,630,630,1258,857,1,1000,850,630,630,630,629,629,22,1,80000,80,80,80,3,1258,3,1258,80000,80,80000,80,1810354,80,14301381,0
19740,628518,80000,80000,0,0,0,0,0,1810354,80,628438,80,631,631,1259,1066,2,0,1003,631,631,631,629,629,0,1,80000,80,80,80,3,1259,3,1259,80000,80,80000,80,1810354,80,14306188,0
19750,628890,80000,80000,0,0,0,0,0,1810354,80,628810,80,631,631,1259,1438,2,0,1003,631,631,631,629,629,10,1,80000,80,80,80,3,1259,3,1259,80000,80,80000,80,1810354,80,14314744,0
19760,629151,80000,80000,0,0,0,0,0,1810354,80,629071,80,631,631,1260,700,1,1000,696,631,631,631,630,630,20,1,80000,80,80,80,3,1260,3,1260,80000,80,80000,80,1810354,80,14320770,0
19770,629472,80000,80000,0,0,0,0,0,1810354,80,629392,80,631,631,1260,1021,2,1000,696,631,632,631,630,630,30,1,80000,80,80,80,3,1260,3,1260,80000,80,80000,80,1810354,80,14328153,0
19780,629824,80000,80000,0,0,0,0,0,1810354,80,629744,80,632,632,1261,1373,2,0,1031,632,632,632,630,630,8,1,80000,80,80,80,3,1261,3,1261,80000,80,80000,80,1810354,80,14336249,0
19790,630014,80000,80000,0,0,0,0,0,1810354,80,629934,80,632,632,1262,564,1,1000,510,632,632,632,631,631,18,1,80000,80,80,80,3,1262,3,1262,80000,80,80000,80,1810354,80,14340642,0
19800,630389,80000,80000,0,0,0,0,0,1810354,80,630309,80,632,632,1262,939,1,1000,510,632,632,632,631,631,28,1,80000,80,80,80,3,1262,3,1262,80000,80,80000,80,1810354,80,14349290,0
19810,630657,80000,80000,0,0,0,0,0,1810354,80,630577,80,633,633,1263,1207,2,0,1065,633,633,633,631,631,2,1,80000,80,80,80,3,1263,3,1263,80000,80,80000,80,1810354,80,14355431,0
19820,631041,80000,80000,0,0,0,0,0,1810354,80,630961,80,633,633,1263,1591,2,0,1065,633,633,633,631,631,14,1,80000,80,80,80,3,1263,3,1263,80000,80,80000,80,1810354,80,14364263,0
19830,631236,80000,80000,0,0,0,0,0,1810354,80,631156,80,633,633,1264,787,1,1000,666,633,633,633,632,632,24,1,80000,80,80,80,3,1264,3,1264,80000,80,80000,80,1810354,80,14368771,0
19840,631623,80000,80000,0,0,0,0,0,1810354,80,631543,80,634,634,1265,1174,2,0,1010,634,634,634,632,632,4,1,80000,80,80,80,3,1265,3,1265,80000,80,80000,80,1810354,80,14377672,0
19850,631954,80000,80000,0,0,0,0,0,1810354,80,631874,80,634,634,1266,506,1,1000,491,634,634,634,633,633,12,1,80000,80,80,80,3,1266,3,1266,80000,80,80000,80,1810354,80,14385308,0
19860,632162,80000,80000,0,0,0,0,0,1810354,80,632082,80,634,634,1266,714,1,1000,491,634,634,634,633,633,22,1,80000,80,80,80,3,1266,3,1266,80000,80,80000,80,1810354,80,14390092,0
19870,632547,80000,80000,0,0,0,0,0,1810354,80,632467,80,635,635,1267,1099,2,0,1039,635,635,635,633,633,0,1,80000,80,80,80,3,1267,3,1267,80000,80,80000,80,1810354,80,14398947,0
19880,632930,80000,80000,0,0,0,0,0,1810354,80,632850,80,635,635,1267,1482,2,0,1039,635,635,635,633,633,10,1,80000,80,80,80,3,1267,3,1267,80000,80,80000,80,1810354,80,14407756,0
19890,633275,80000,80000,0,0,0,0,0,1810354,80,633195,80,635,635,1268,828,1,1000,821,635,635,635,634,634,20,1,80000,80,80,80,3,1268,3,1268,80000,80,80000,80,1810354,80,14415714,0
19900,633515,80000,80000,0,0,0,0,0,1810354,80,633435,80,636,636,1269,1068,2,0,1014,636,636,636,634,634,0,1,80000,80,80,80,3,1269,3,1269,80000,80,80000,80,1810354,80,14421234,0
19910,633898,80000,80000,0,0,0,0,0,1810354,80,633818,80,636,636,1269,1451,2,0,1014,636,636,636,634,634,10,1,80000,80,80,80,3,1269,3,1269,80000,80,80000,80,1810354,80,14430043,0
19920,634106,80000,80000,0,0,0,0,0,1810354,80,634026,80,636,636,1270,660,1,1000,657,636,636,636,635,635,20,1,80000,80,80,80,3,1270,3,1270,80000,80,80000,80,1810354,80,14434850,0
19930,634449,80000,80000,0,0,0,0,0,1810354,80,634369,80,636,636,1270,1003,2,1000,657,636,637,636,635,635,30,1,80000,80,80,80,3,1270,3,1270,80000,80,80000,80,1810354,80,14442762,0
19940,634825,80000,80000,0,0,0,0,0,1810354,80,634745,80,637,637,1271,1379,2,0,1050,637,637,637,635,635,8,1,80000,80,80,80,3,1271,3,1271,80000,80,80000,80,1810354,80,14451387,0
19950,635014,80000,80000,0,0,0,0,0,1810354,80,634934,80,637,637,1272,569,1,1000,509,637,637,637,636,636,18,1,80000,80,80,80,3,1272,3,1272,80000,80,80000,80,1810354,80,14455757,0
19960,635411,80000,80000,0,0,0,0,0,1810354,80,635331,80,637,637,1272,966,1,1000,509,637,637,637,636,636,28,1,80000,80,80,80,3,1272,3,1272,80000,80,80000,80,1810354,80,14464888,0
19970,635787,80000,80000,0,0,0,0,0,1810354,80,635707,80,638,638,1273,1342,2,0,1018,638,638,638,636,636,8,1,80000,80,80,80,3,1273,3,1273,80000,80,80000,80,1810354,80,14473536,0
19980,636170,80000,80000,0,0,0,0,0,1810354,80,636090,80,638,638,1273,1725,2,0,1018,638,638,638,636,636,18,1,80000,80,80,80,3,1273,3,1273,80000,80,80000,80,1810354,80,14482368,0
19990,636334,80000,80000,0,0,0,0,0,1810354,80,636254,80,638,638,1274,890,1,1000,835,638,638,638,637,637,26,1,80000,80,80,80,3,1274,3,1274,80000,80,80000,80,1810354,80,14486163,0
20000,636719,80000,80000,0,0,0,0,0,1810354,80,636639,80,639,639,1275,1275,2,0,1047,639,639,639,637,637,6,1,80000,80,80,80,3,1275,3,1275,80000,80,80000,80,1810354,80,14494995,0
20010,637095,80000,80000,0,0,0,0,0,1810354,80,637015,80,639,639,1275,1651,2,0,1047,639,639,639,637,637,16,1,80000,80,80,80,3,1275,3,1275,80000,80,80000,80,1810354,80,14503643,0
20020,637282,80000,80000,0,0,0,0,0,1810354,80,637202,80,639,639,1276,839,1,1000,655,639,639,639,638,638,24,1,80000,80,80,80,3,1276,3,1276,80000,80,80000,80,1810354,80,14507967,0
20030,637653,80000,80000,0,0,0,0,0,1810354,80,637573,80,640,640,1277,1210,2,0,1063,640,640,640,638,638,2,1,80000,80,80,80,3,1277,3,1277,80000,80,80000,80,1810354,80,14516500,0
20040,637891,80000,80000,0,0,0,0,0,1810354,80,637811,80,640,640,1278,449,1,1000,445,640,640,640,639,639,14,1,80000,80,80,80,3,1278,3,1278,80000,80,80000,80,1810354,80,14521997,0
20050,638228,80000,80000,0,0,0,0,0,1810354,80,638148,80,640,640,1278,786,1,1000,445,640,640,640,639,639,24,1,80000,80,80,80,3,1278,3,1278,80000,80,80000,80,1810354,80,14529748,0
20060,638579,80000,80000,0,0,0,0,0,1810354,80,638499,80,641,641,1279,1137,2,0,1008,641,641,641,639,639,2,1,80000,80,80,80,3,1279,3,1279,80000,80,80000,80,1810354,80,14537821,0
20070,638968,80000,80000,0,0,0,0,0,1810354,80,638888,80,641,641,1279,1526,2,0,1008,641,641,641,639,639,12,1,80000,80,80,80,3,1279,3,1279,80000,80,80000,80,1810354,80,14546768,0
20080,639254,80000,80000,0,0,0,0,0,1810354,80,639174,80,641,641,1280,813,1,1000,804,641,641,641,640,640,22,1,80000,80,80,80,3,1280,3,1280,80000,80,80000,80,1810354,80,14553369,0
20090,639553,80000,80000,0,0,0,0,0,1810354,80,639473,80,642,642,1281,1112,2,0,1076,642,642,642,640,640,0,1,80000,80,80,80,3,1281,3,1281,80000,80,80000,80,1810354,80,14560246,0
20100,639942,80000,80000,0,0,0,0,0,1810354,80,639862,80,642,642,1281,1501,2,0,1076,642,642,642,640,640,10,1,80000,80,80,80,3,1281,3,1281,80000,80,80000,80,1810354,80,14569193,0
20110,640033,80000,80000,0,0,0,0,0,1810354,80,639953,80,642,642,1282,593,1,1000,508,642,642,642,641,641,20,1,80000,80,80,80,3,1282,3,1282,80000,80,80000,80,1810354,80,14571309,0
20120,640359,80000,80000,0,0,0,0,0,1810354,80,640279,80,642,642,1282,919,1,1000,508,642,642,642,641,641,30,1,80000,80,80,80,3,1282,3,1282,80000,80,80000,80,1810354,80,14578807,0
20130,640739,80000,80000,0,0,0,0,0,1810354,80,640659,80,643,643,1283,1299,2,0,1066,643,643,643,641,641,6,1,80000,80,80,80,3,1283,3,1283,80000,80,80000,80,1810354,80,14587547,0
20140,641124,80000,80000,0,0,0,0,0,1810354,80,641044,80,643,643,1283,1684,2,0,1066,643,643,643,641,641,16,1,80000,80,80,80,3,1283,3,1283,80000,80,80000,80,1810354,80,14596402,0
20150,641326,80000,80000,0,0,0,0,0,1810354,80,641246,80,643,643,1284,887,1,1000,788,643,643,643,642,642,26,1,80000,80,80,80,3,1284,3,1284,80000,80,80000,80,1810354,80,14601071,0
20160,641708,80000,80000,0,0,0,0,0,1810354,80,641628,80,644,644,1285,1269,2,0,1040,644,644,644,642,642,4,1,80000,80,80,80,3,1285,3,1285,80000,80,80000,80,1810354,80,14609857,0
20170,642044,80000,80000,0,0,0,0,0,1810354,80,641964,80,644,644,1286,606,1,1000,599,644,644,644,643,643,16,1,80000,80,80,80,3,1286,3,1286,80000,80,80000,80,1810354,80,14617608,0
20180,642272,80000,80000,0,0,0,0,0,1810354,80,642192,80,644,644,1286,834,1,1000,599,644,644,644,643,643,26,1,80000,80,80,80,3,1286,3,1286,80000,80,80000,80,1810354,80,14622852,0
20190,642611,80000,80000,0,0,0,0,0,1810354,80,642531,80,645,645,1287,1173,2,0,1045,645,645,645,643,643,2,1,80000,80,80,80,3,1287,3,1287,80000,80,80000,80,1810354,80,14630672,0
20200,642978,80000,80000,0,0,0,0,0,1810354,80,642898,80,645,645,1287,1540,2,0,1045,645,645,645,643,643,12,1,80000,80,80,80,3,1287,3,1287,80000,80,80000,80,1810354,80,14639090,0
20210,643326,80000,80000,0,0,0,0,0,1810354,80,643246,80,645,645,1288,889,1,1000,882,645,645,645,644,644,22,1,80000,80,80,80,3,1288,3,1288,80000,80,80000,80,1810354,80,14647117,0
20220,643551,80000,80000,0,0,0,0,0,1810354,80,643471,80,646,646,1289,1114,2,0,1043,646,646,646,644,644,0,1,80000,80,80,80,3,1289,3,1289,80000,80,80000,80,1810354,80,14652292,0
20230,643920,80000,80000,0,0,0,0,0,1810354,80,643840,80,646,646,1289,1483,2,0,1043,646,646,646,644,644,10,1,80000,80,80,80,3,1289,3,1289,80000,80,80000,80,1810354,80,14660779,0
20240,644181,80000,80000,0,0,0,0,0,1810354,80,644101,80,646,646,1290,745,1,1000,730,646,646,646,645,645,20,1,80000,80,80,80,3,1290,3,1290,80000,80,80000,80,1810354,80,14666805,0
20251,644524,80000,80000,0,0,0,0,0,1810354,80,644444,80,647,647,1291,1088,2,0,1021,647,647,647,645,645,0,1,80000,80,80,80,3,1291,3,1291,80000,80,80000,80,1810354,80,14674694,0
20260,644864,80000,80000,0,0,0,0,0,1810354,80,644784,80,647,647,1291,1428,2,0,1021,647,647,647,645,645,10,1,80000,80,80,80,3,1291,3,1291,80000,80,80000,80,1810354,80,14682560,0
20270,645062,80000,80000,0,0,0,0,0,1810354,80,644982,80,647,647,1292,627,1,1000,589,647,647,647,646,646,20,1,80000,80,80,80,3,1292,3,1292,80000,80,80000,80,1810354,80,14687091,0
20280,645439,80000,80000,0,0,0,0,0,1810354,80,645359,80,647,647,1292,1004,2,1000,589,647,648,647,646,646,30,1,80000,80,80,80,3,1292,3,1292,80000,80,80000,80,1810354,80,14695762,0
20290,645804,80000,80000,0,0,0,0,0,1810354,80,645724,80,648,648,1293,1369,2,0,1033,648,648,648,646,646,8,1,80000,80,80,80,3,1293,3,1293,80000,80,80000,80,1810354,80,14704157,0
20300,646184,80000,80000,0,0,0,0,0,1810354,80,646104,80,648,648,1293,1749,2,0,1033,648,648,648,646,646,18,1,80000,80,80,80,3,1293,3,1293,80000,80,80000,80,1810354,80,14712920,0
20310,646386,80000,80000,0,0,0,0,0,1810354,80,646306,80,648,648,1294,952,1,1000,831,648,648,648,647,647,28,1,80000,80,80,80,3,1294,3,1294,80000,80,80000,80,1810354,80,14717589,0
20320,646727,80000,80000,0,0,0,0,0,1810354,80,646647,80,649,649,1295,1293,2,0,1075,649,649,649,647,647,4,1,80000,80,80,80,3,1295,3,1295,80000,80,80000,80,1810354,80,14725409,0
20330,647093,80000,80000,0,0,0,0,0,1810354,80,647013,80,649,649,1295,1659,2,0,1075,649,649,649,647,647,14,1,80000,80,80,80,3,1295,3,1295,80000,80,80000,80,1810354,80,14733827,0
20340,647291,80000,80000,0,0,0,0,0,1810354,80,647211,80,649,649,1296,858,1,1000,684,649,649,649,648,648,26,1,80000,80,80,80,3,1296,3,1296,80000,80,80000,80,1810354,80,14738404,0
20350,647679,80000,80000,0,0,0,0,0,1810354,80,647599,80,650,650,1297,1246,2,0,1010,650,650,650,648,648,6,1,80000,80,80,80,3,1297,3,1297,80000,80,80000,80,1810354,80,14747328,0
20360,647971,80000,80000,0,0,0,0,0,1810354,80,647891,80,650,650,1298,539,1,1000,535,650,650,650,649,649,16,1,80000,80,80,80,3,1298,3,1298,80000,80,80000,80,1810354,80,14754067,0
20370,648247,80000,80000,0,0,0,0,0,1810354,80,648167,80,650,650,1298,815,1,1000,535,650,650,650,649,649,24,1,80000,80,80,80,3,1298,3,1298,80000,80,80000,80,1810354,80,14760415,0
20380,648637,80000,80000,0,0,0,0,0,1810354,80,648557,80,651,651,1299,1205,2,0,1051,651,651,651,649,649,4,1,80000,80,80,80,3,1299,3,1299,80000,80,80000,80,1810354,80,14769408,0
20390,648983,80000,80000,0,0,0,0,0,1810354,80,648903,80,651,651,1299,1551,2,0,1051,651,651,651,649,649,12,1,80000,80,80,80,3,1299,3,1299,80000,80,80000,80,1810354,80,14777343,0
20400,649295,80000,80000,0,0,0,0,0,1810354,80,649215,80,651,651,1300,864,1,1000,860,651,651,651,650,650,22,1,80000,80,80,80,3,1300,3,1300,80000,80,80000,80,1810354,80,14784542,0
20410,649535,80000,80000,0,0,0,0,0,1810354,80,649455,80,652,652,1301,1104,2,0,1014,652,652,652,650,650,2,1,80000,80,80,80,3,1301,3,1301,80000,80,80000,80,1810354,80,14790062,0
20420,649914,80000,80000,0,0,0,0,0,1810354,80,649834,80,652,652,1301,1483,2,0,1014,652,652,652,650,650,12,1,80000,80,80,80,3,1301,3,1301,80000,80,80000,80,1810354,80,14798802,0
20430,650110,80000,80000,0,0,0,0,0,1810354,80,650030,80,652,652,1302,680,1,1000,641,652,652,652,651,651,22,1,80000,80,80,80,3,1302,3,1302,80000,80,80000,80,1810354,80,14803310,0
20440,650495,80000,80000,0,0,0,0,0,1810354,80,650415,80,653,653,1303,1065,2,0,1059,653,653,653,651,651,0,1,80000,80,80,80,3,1303,3,1303,80000,80,80000,80,1810354,80,14812165,0
20451,650871,80000,80000,0,0,0,0,0,1810354,80,650791,80,653,653,1303,1441,2,0,1059,653,653,653,651,651,10,1,80000,80,80,80,3,1303,3,1303,80000,80,80000,80,1810354,80,14820836,0
20460,651035,80000,80000,0,0,0,0,0,1810354,80,650955,80,653,653,1304,606,1,1000,454,653,653,653,652,652,18,1,80000,80,80,80,3,1304,3,1304,80000,80,80000,80,1810354,80,14824608,0
20470,651421,80000,80000,0,0,0,0,0,1810354,80,651341,80,653,653,1304,992,1,1000,454,653,653,653,652,652,28,1,80000,80,80,80,3,1304,3,1304,80000,80,80000,80,1810354,80,14833486,0
20480,651800,80000,80000,0,0,0,0,0,1810354,80,651720,80,654,654,1305,1371,2,0,1006,654,654,654,652,652,8,1,80000,80,80,80,3,1305,3,1305,80000,80,80000,80,1810354,80,14842203,0
20490,652178,80000,80000,0,0,0,0,0,1810354,80,652098,80,654,654,1305,1749,2,0,1006,654,654,654,652,652,18,1,80000,80,80,80,3,1305,3,1305,80000,80,80000,80,1810354,80,14850920,0
20500,652368,80000,80000,0,0,0,0,0,1810354,80,652288,80,654,654,1306,940,1,1000,757,654,654,654,653,653,30,1,80000,80,80,80,3,1306,3,1306,80000,80,80000,80,1810354,80,14855290,0
20510,652741,80000,80000,0,0,0,0,0,1810354,80,652661,80,655,655,1307,1313,2,0,1103,655,655,655,653,653,4,1,80000,80,80,80,3,1307,3,1307,80000,80,80000,80,1810354,80,14863892,0
20520,653013,80000,80000,0,0,0,0,0,1810354,80,652933,80,655,655,1308,586,1,1000,577,655,655,655,654,654,14,1,80000,80,80,80,3,1308,3,1308,80000,80,80000,80,1810354,80,14870148,0
20530,653291,80000,80000,0,0,0,0,0,1810354,80,653211,80,655,655,1308,864,1,1000,577,655,655,655,654,654,24,1,80000,80,80,80,3,1308,3,1308,80000,80,80000,80,1810354,80,14876542,0
20540,653663,80000,80000,0,0,0,0,0,1810354,80,653583,80,656,656,1309,1236,2,0,1054,656,656,656,654,654,4,1,80000,80,80,80,3,1309,3,1309,80000,80,80000,80,1810354,80,14885098,0
20550,654039,80000,80000,0,0,0,0,0,1810354,80,653959,80,656,656,1309,1612,2,0,1054,656,656,656,654,654,14,1,80000,80,80,80,3,1309,3,1309,80000,80,80000,80,1810354,80,14893746,0
20560,654330,80000,80000,0,0,0,0,0,1810354,80,654250,80,656,656,1310,904,1,1000,896,656,656,656,655,655,24,1,80000,80,80,80,3,1310,3,1310,80000,80,80000,80,1810354,80,14900462,0
20570,654623,80000,80000,0,0,0,0,0,1810354,80,654543,80,657,657,1311,1197,2,0,1068,657,657,657,655,655,2,1,80000,80,80,80,3,1311,3,1311,80000,80,80000,80,1810354,80,14907201,0
20580,655010,80000,80000,0,0,0,0,0,1810354,80,654930,80,657,657,1311,1584,2,0,1068,657,657,657,655,655,12,1,80000,80,80,80,3,1311,3,1311,80000,80,80000,80,1810354,80,14916125,0
20590,655169,80000,80000,0,0,0,0,0,1810354,80,655089,80,657,657,1312,744,1,1000,737,657,657,657,656,656,22,1,80000,80,80,80,3,1312,3,1312,80000,80,80000,80,1810354,80,14919782,0
20600,655550,80000,80000,0,0,0,0,0,1810354,80,655470,80,658,658,1313,1125,2,0,1036,658,658,658,656,656,2,1,80000,80,80,80,3,1313,3,1313,80000,80,80000,80,1810354,80,14928545,0
20610,655918,80000,80000,0,0,0,0,0,1810354,80,655838,80,658,658,1313,1493,2,0,1036,658,658,658,656,656,12,1,80000,80,80,80,3,1313,3,1313,80000,80,80000,80,1810354,80,14937009,0
20620,656099,80000,80000,0,0,0,0,0,1810354,80,656019,80,658,658,1314,675,1,1000,573,658,658,658,657,657,22,1,80000,80,80,80,3,1314,3,1314,80000,80,80000,80,1810354,80,14941195,0
20630,656487,80000,80000,0,0,0,0,0,1810354,80,656407,80,659,659,1315,1063,2,0,1045,659,659,659,657,657,0,1,80000,80,80,80,3,1315,3,1315,80000,80,80000,80,1810354,80,14950142,0
20640,656862,80000,80000,0,0,0,0,0,1810354,80,656782,80,659,659,1315,1438,2,0,1045,659,659,659,657,657,10,1,80000,80,80,80,3,1315,3,1315,80000,80,80000,80,1810354,80,14958744,0
20650,657245,80000,80000,0,0,0,0,0,1810354,80,657165,80,659,659,1315,1821,2,0,1045,659,659,659,657,657,20,1,80000,80,80,80,3,1315,3,1315,80000,80,80000,80,1810354,80,14967576,0
20660,657399,80000,80000,0,0,0,0,0,1810354,80,657319,80,659,659,1316,976,1,1000,822,659,659,659,658,658,28,1,80000,80,80,80,3,1316,3,1316,80000,80,80000,80,1810354,80,14971118,0
20670,657773,80000,80000,0,0,0,0,0,1810354,80,657693,80,660,660,1317,1350,2,0,1012,660,660,660,658,658,8,1,80000,80,80,80,3,1317,3,1317,80000,80,80000,80,1810354,80,14979720,0
20680,658034,80000,80000,0,0,0,0,0,1810354,80,657954,80,660,660,1318,612,1,1000,610,660,660,660,659,659,18,1,80000,80,80,80,3,1318,3,1318,80000,80,80000,80,1810354,80,14985746,0
20690,658348,80000,80000,0,0,0,0,0,1810354,80,658268,80,660,660,1318,926,1,1000,610,660,660,660,659,659,28,1,80000,80,80,80,3,1318,3,1318,80000,80,80000,80,1810354,80,14992991,0
20700,658735,80000,80000,0,0,0,0,0,1810354,80,658655,80,661,661,1319,1313,2,0,1022,661,661,661,659,659,6,1,80000,80,80,80,3,1319,3,1319,80000,80,80000,80,1810354,80,15001869,0
20710,658915,80000,80000,0,0,0,0,0,1810354,80,658835,80,661,661,1320,494,1,1000,485,661,661,661,660,660,17,1,80000,80,80,80,3,1320,3,1320,80000,80,80000,80,1810354,80,15006032,0
20721,659188,80000,80000,0,0,0,0,0,1810354,80,659108,80,661,661,1320,767,1,1000,485,661,661,661,660,660,27,1,80000,80,80,80,3,1320,3,1320,80000,80,80000,80,1810354,80,15012311,0
20730,659518,80000,80000,0,0,0,0,0,1810354,80,659439,80,662,662,1321,1098,2,0,1043,662,662,662,660,660,0,1,80000,80,80,80,3,1321,3,1321,80000,80,80000,80,1810354,80,15019924,0
20740,659902,80000,80000,0,0,0,0,0,1810354,80,659822,80,662,662,1321,1481,2,0,1043,662,662,662,660,660,10,1,80000,80,80,80,3,1321,3,1321,80000,80,80000,80,1810354,80,15028733,0
20750,660104,80000,80000,0,0,0,0,0,1810354,80,660024,80,662,662,1322,684,1,1000,627,662,662,662,661,661,20,1,80000,80,80,80,3,1322,3,1322,80000,80,80000,80,1810354,80,15033402,0
20760,660481,80000,80000,0,0,0,0,0,1810354,80,660401,80,662,662,1322,1061,2,1000,627,662,663,662,661,661,30,1,80000,80,80,80,3,1322,3,1322,80000,80,80000,80,1810354,80,15042073,0
20770,660852,80000,80000,0,0,0,0,0,1810354,80,660772,80,663,663,1323,1432,2,0,1071,663,663,663,661,661,8,1,80000,80,80,80,3,1323,3,1323,80000,80,80000,80,1810354,80,15050629,0
20780,661045,80000,80000,0,0,0,0,0,1810354,80,660965,80,663,663,1324,626,1,1000,604,663,663,663,662,662,18,1,80000,80,80,80,3,1324,3,1324,80000,80,80000,80,1810354,80,15055091,0
20790,661415,80000,80000,0,0,0,0,0,1810354,80,661335,80,663,663,1324,996,1,1000,604,663,663,663,662,662,28,1,80000,80,80,80,3,1324,3,1324,80000,80,80000,80,1810354,80,15063601,0
20800,661765,80000,80000,0,0,0,0,0,1810354,80,661685,80,664,664,1325,1346,2,0,1019,664,664,664,662,662,8,1,80000,80,80,80,3,1325,3,1325,80000,80,80000,80,1810354,80,15071628,0
20810,662151,80000,80000,0,0,0,0,0,1810354,80,662071,80,664,664,1325,1732,2,0,1019,664,664,664,662,662,18,1,80000,80,80,80,3,1325,3,1325,80000,80,80000,80,1810354,80,15080506,0
20820,662350,80000,80000,0,0,0,0,0,1810354,80,662270,80,664,664,1326,932,1,1000,775,664,664,664,663,663,28,1,80000,80,80,80,3,1326,3,1326,80000,80,80000,80,1810354,80,15085106,0
20830,662724,80000,80000,0,0,0,0,0,1810354,80,662644,80,665,665,1327,1306,2,0,1047,665,665,665,663,663,6,1,80000,80,80,80,3,1327,3,1327,80000,80,80000,80,1810354,80,15093708,0
20840,662996,80000,80000,0,0,0,0,0,1810354,80,662916,80,665,665,1328,579,1,1000,575,665,665,665,664,664,16,1,80000,80,80,80,3,1328,3,1328,80000,80,80000,80,1810354,80,15099987,0
20850,663294,80000,80000,0,0,0,0,0,1810354,80,663214,80,665,665,1328,877,1,1000,575,665,665,665,664,664,26,1,80000,80,80,80,3,1328,3,1328,80000,80,80000,80,1810354,80,15106841,0
20860,663635,80000,80000,0,0,0,0,0,1810354,80,663555,80,666,666,1329,1218,2,0,1069,666,666,666,664,664,2,1,80000,80,80,80,3,1329,3,1329,80000,80,80000,80,1810354,80,15114684,0
20870,664011,80000,80000,0,0,0,0,0,1810354,80,663931,80,666,666,1329,1594,2,0,1069,666,666,666,664,664,12,1,80000,80,80,80,3,1329,3,1329,80000,80,80000,80,1810354,80,15123332,0
20880,664284,80000,80000,0,0,0,0,0,1810354,80,664204,80,666,666,1330,868,1,1000,864,666,666,666,665,665,24,1,80000,80,80,80,3,1330,3,1330,80000,80,80000,80,1810354,80,15129634,0
20890,664576,80000,80000,0,0,0,0,0,1810354,80,664496,80,667,667,1331,1160,2,0,1008,667,667,667,665,665,4,1,80000,80,80,80,3,1331,3,1331,80000,80,80000,80,1810354,80,15136373,0
20900,664946,80000,80000,0,0,0,0,0,1810354,80,664866,80,667,667,1331,1530,2,0,1008,667,667,667,665,665,14,1,80000,80,80,80,3,1331,3,1331,80000,80,80000,80,1810354,80,15144860,0
20910,665142,80000,80000,0,0,0,0,0,1810354,80,665062,80,667,667,1332,727,1,1000,684,667,667,667,666,666,24,1,80000,80,80,80,3,1332,3,1332,80000,80,80000,80,1810354,80,15149391,0
20920,665503,80000,80000,0,0,0,0,0,1810354,80,665423,80,668,668,1333,1088,2,0,1005,668,668,668,666,666,2,1,80000,80,80,80,3,1333,3,1333,80000,80,80000,80,1810354,80,15157694,0
20930,665820,80000,80000,0,0,0,0,0,1810354,80,665740,80,668,668,1333,1405,2,0,1005,668,668,668,666,666,10,1,80000,80,80,80,3,1333,3,1333,80000,80,80000,80,1810354,80,15164985,0
20940,666011,80000,80000,0,0,0,0,0,1810354,80,665931,80,668,668,1334,597,1,1000,504,668,668,668,667,667,20,1,80000,80,80,80,3,1334,3,1334,80000,80,80000,80,1810354,80,15169401,0
20950,666365,80000,80000,0,0,0,0,0,1810354,80,666285,80,668,668,1334,951,1,1000,504,668,668,668,667,667,30,1,80000,80,80,80,3,1334,3,1334,80000,80,80000,80,1810354,80,15177566,0
20960,666731,80000,80000,0,0,0,0,0,1810354,80,666651,80,669,669,1335,1317,2,0,1062,669,669,669,667,667,6,1,80000,80,80,80,3,1335,3,1335,80000,80,80000,80,1810354,80,15185984,0
20970,667115,80000,80000,0,0,0,0,0,1810354,80,667035,80,669,669,1335,1701,2,0,1062,669,669,669,667,667,16,1,80000,80,80,80,3,1335,3,1335,80000,80,80000,80,1810354,80,15194816,0
20980,667317,80000,80000,0,0,0,0,0,1810354,80,667237,80,669,669,1336,904,1,1000,798,669,669,669,668,668,26,1,80000,80,80,80,3,1336,3,1336,80000,80,80000,80,1810354,80,15199462,0
20990,667694,80000,80000,0,0,0,0,0,1810354,80,667614,80,670,670,1337,1281,2,0,1071,670,670,670,668,668,4,1,80000,80,80,80,3,1337,3,1337,80000,80,80000,80,1810354,80,15208156,0
21000,668023,80000,80000,0,0,0,0,0,1810354,80,667943,80,670,670,1337,1610,2,0,1071,670,670,670,668,668,14,1,80000,80,80,80,3,1337,3,1337,80000,80,80000,80,1810354,80,15215700,0
21010,668097,80000,80000,0,0,0,0,0,1810354,80,668017,80,670,670,1338,685,1,1000,637,670,670,670,669,669,24,1,80000,80,80,80,3,1338,3,1338,80000,80,80000,80,1810354,80,15217448,0
21020,668486,80000,80000,0,0,0,0,0,1810354,80,668406,80,671,671,1339,1074,2,0,1060,671,671,671,669,669,0,1,80000,80,80,80,3,1339,3,1339,80000,80,80000,80,1810354,80,15226395,0
21030,668861,80000,80000,0,0,0,0,0,1810354,80,668781,80,671,671,1339,1449,2,0,1060,671,671,671,669,669,10,1,80000,80,80,80,3,1339,3,1339,80000,80,80000,80,1810354,80,15234997,0
21040,669138,80000,80000,0,0,0,0,0,1810354,80,669058,80,671,671,1340,727,1,1000,720,671,671,671,670,670,20,1,80000,80,80,80,3,1340,3,1340,80000,80,80000,80,1810354,80,15241391,0
21050,669440,80000,80000,0,0,0,0,0,1810354,80,669360,80,671,671,1340,1029,2,1000,720,671,672,671,670,670,30,1,80000,80,80,80,3,1340,3,1340,80000,80,80000,80,1810354,80,15248337,0
21061,669824,80000,80000,0,0,0,0,0,1810354,80,669744,80,672,672,1341,1413,2,0,1076,672,672,672,670,670,8,1,80000,80,80,80,3,1341,3,1341,80000,80,80000,80,1810354,80,15257169,0
21070,669969,80000,80000,0,0,0,0,0,1810354,80,669889,80,672,672,1342,559,1,1000,539,672,672,672,671,671,16,1,80000,80,80,80,3,1342,3,1342,80000,80,80000,80,1810354,80,15260550,0
21080,670352,80000,80000,0,0,0,0,0,1810354,80,670272,80,672,672,1342,942,1,1000,539,672,672,672,671,671,26,1,80000,80,80,80,3,1342,3,1342,80000,80,80000,80,1810354,80,15269336,0
21090,670735,80000,80000,0,0,0,0,0,1810354,80,670655,80,673,673,1343,1325,2,0,1033,673,673,673,671,671,6,1,80000,80,80,80,3,1343,3,1343,80000,80,80000,80,1810354,80,15278145,0
21100,671123,80000,80000,0,0,0,0,0,1810354,80,671043,80,673,673,1343,1713,2,0,1033,673,673,673,671,671,16,1,80000,80,80,80,3,1343,3,1343,80000,80,80000,80,1810354,80,15287115,0
21110,671323,80000,80000,0,0,0,0,0,1810354,80,671243,80,673,673,1344,914,1,1000,849,673,673,673,672,672,28,1,80000,80,80,80,3,1344,3,1344,80000,80,80000,80,1810354,80,15291692,0
21120,671698,80000,80000,0,0,0,0,0,1810354,80,671618,80,674,674,1345,1289,2,0,1061,674,674,674,672,672,6,1,80000,80,80,80,3,1345,3,1345,80000,80,80000,80,1810354,80,15300317,0
21130,672042,80000,80000,0,0,0,0,0,1810354,80,671962,80,674,674,1345,1633,2,0,1061,674,674,674,672,672,14,1,80000,80,80,80,3,1345,3,1345,80000,80,80000,80,1810354,80,15308229,0
21140,672230,80000,80000,0,0,0,0,0,1810354,80,672150,80,674,674,1346,822,1,1000,662,674,674,674,673,673,24,1,80000,80,80,80,3,1346,3,1346,80000,80,80000,80,1810354,80,15312576,0
21150,672598,80000,80000,0,0,0,0,0,1810354,80,672518,80,675,675,1347,1190,2,0,1017,675,675,675,673,673,4,1,80000,80,80,80,3,1347,3,1347,80000,80,80000,80,1810354,80,15321040,0
21160,672899,80000,80000,0,0,0,0,0,1810354,80,672819,80,675,675,1348,492,1,1000,485,675,675,675,674,674,14,1,80000,80,80,80,3,1348,3,1348,80000,80,80000,80,1810354,80,15327986,0
21170,673172,80000,80000,0,0,0,0,0,1810354,80,673092,80,675,675,1348,765,1,1000,485,675,675,675,674,674,24,1,80000,80,80,80,3,1348,3,1348,80000,80,80000,80,1810354,80,15334265,0
21180,673551,80000,80000,0,0,0,0,0,1810354,80,673471,80,676,676,1349,1144,2,0,1032,676,676,676,674,674,2,1,80000,80,80,80,3,1349,3,1349,80000,80,80000,80,1810354,80,15342982,0
21190,673940,80000,80000,0,0,0,0,0,1810354,80,673860,80,676,676,1349,1533,2,0,1032,676,676,676,674,674,12,1,80000,80,80,80,3,1349,3,1349,80000,80,80000,80,1810354,80,15351929,0
21200,674204,80000,80000,0,0,0,0,0,1810354,80,674124,80,676,676,1350,798,1,1000,797,676,676,676,675,675,22,1,80000,80,80,80,3,1350,3,1350,80000,80,80000,80,1810354,80,15358024,0
21210,674467,80000,80000,0,0,0,0,0,1810354,80,674387,80,676,676,1350,1061,2,1000,797,676,677,676,675,675,30,1,80000,80,80,80,3,1350,3,1350,80000,80,80000,80,1810354,80,15364096,0
21220,674845,80000,80000,0,0,0,0,0,1810354,80,674765,80,677,677,1351,1439,2,0,1070,677,677,677,675,675,8,1,80000,80,80,80,3,1351,3,1351,80000,80,80000,80,1810354,80,15372767,0
21230,675035,80000,80000,0,0,0,0,0,1810354,80,674955,80,677,677,1352,630,1,1000,586,677,677,677,676,676,20,1,80000,80,80,80,3,1352,3,1352,80000,80,80000,80,1810354,80,15377160,0
21240,675413,80000,80000,0,0,0,0,0,1810354,80,675333,80,678,678,1353,1008,2,0,1002,678,678,678,676,676,0,1,80000,80,80,80,3,1353,3,1353,80000,80,80000,80,1810354,80,15385854,0
21250,675789,80000,80000,0,0,0,0,0,1810354,80,675709,80,678,678,1353,1384,2,0,1002,678,678,678,676,676,10,1,80000,80,80,80,3,1353,3,1353,80000,80,80000,80,1810354,80,15394502,0
21260,676002,80000,80000,0,0,0,0,0,1810354,80,675922,80,678,678,1354,598,1,1000,463,678,678,678,677,677,20,1,80000,80,80,80,3,1354,3,1354,80000,80,80000,80,1810354,80,15399424,0
21270,676381,80000,80000,0,0,0,0,0,1810354,80,676301,80,678,678,1354,977,1,1000,463,678,678,678,677,677,30,1,80000,80,80,80,3,1354,3,1354,80000,80,80000,80,1810354,80,15408141,0
21280,676715,80000,80000,0,0,0,0,0,1810354,80,676635,80,679,679,1355,1311,2,0,1130,679,679,679,677,677,4,1,80000,80,80,80,3,1355,3,1355,80000,80,80000,80,1810354,80,15415869,0
21290,677090,80000,80000,0,0,0,0,0,1810354,80,677010,80,679,679,1355,1686,2,0,1130,679,679,679,677,677,14,1,80000,80,80,80,3,1355,3,1355,80000,80,80000,80,1810354,80,15424448,0
21300,677291,80000,80000,0,0,0,0,0,1810354,80,677211,80,679,679,1356,888,1,1000,733,679,679,679,678,678,24,1,80000,80,80,80,3,1356,3,1356,80000,80,80000,80,1810354,80,15429117,0
21310,677549,80000,80000,0,0,0,0,0,1810354,80,677469,80,680,680,1357,1146,2,0,1051,680,680,680,678,678,2,1,80000,80,80,80,3,1357,3,1357,80000,80,80000,80,1810354,80,15435028,0
21320,677919,80000,80000,0,0,0,0,0,1810354,80,677839,80,680,680,1357,1516,2,0,1051,680,680,680,678,678,12,1,80000,80,80,80,3,1357,3,1357,80000,80,80000,80,1810354,80,15443584,0
21330,678280,80000,80000,0,0,0,0,0,1810354,80,678200,80,680,680,1358,878,1,1000,874,680,680,680,679,679,22,1,80000,80,80,80,3,1358,3,1358,80000,80,80000,80,1810354,80,15451864,0
21340,678458,80000,80000,0,0,0,0,0,1810354,80,678378,80,680,680,1358,1056,2,1000,874,680,681,680,679,679,30,1,80000,80,80,80,3,1358,3,1358,80000,80,80000,80,1810354,80,15455958,0
21350,678832,80000,80000,0,0,0,0,0,1810354,80,678752,80,681,681,1359,1430,2,0,1058,681,681,681,679,679,8,1,80000,80,80,80,3,1359,3,1359,80000,80,80000,80,1810354,80,15464560,0
21360,679076,80000,80000,0,0,0,0,0,1810354,80,678996,80,681,681,1360,675,1,1000,673,681,681,681,680,680,18,1,80000,80,80,80,3,1360,3,1360,80000,80,80000,80,1810354,80,15470195,0
21370,679401,80000,80000,0,0,0,0,0,1810354,80,679321,80,681,681,1360,1000,1,1000,673,681,681,681,680,680,28,1,80000,80,80,80,3,1360,3,1360,80000,80,80000,80,1810354,80,15477670,0
21380,679781,80000,80000,0,0,0,0,0,1810354,80,679701,80,682,682,1361,1380,2,0,1024,682,682,682,680,680,8,1,80000,80,80,80,3,1361,3,1361,80000,80,80000,80,1810354,80,15486410,0
21390,679975,80000,80000,0,0,0,0,0,1810354,80,679895,80,682,682,1362,575,1,1000,487,682,682,682,681,681,18,1,80000,80,80,80,3,1362,3,1362,80000,80,80000,80,1810354,80,15490918,0
21400,680344,80000,80000,0,0,0,0,0,1810354,80,680264,80,682,682,1362,944,1,1000,487,682,682,682,681,681,28,1,80000,80,80,80,3,1362,3,1362,80000,80,80000,80,1810354,80,15499382,0
21410,680671,80000,80000,0,0,0,0,0,1810354,80,680591,80,683,683,1363,1271,2,0,1021,683,683,683,681,681,6,1,80000,80,80,80,3,1363,3,1363,80000,80,80000,80,1810354,80,15506903,0
21420,681048,80000,80000,0,0,0,0,0,1810354,80,680968,80,683,683,1363,1648,2,0,1021,683,683,683,681,681,16,1,80000,80,80,80,3,1363,3,1363,80000,80,80000,80,1810354,80,15515574,0
21430,681251,80000,80000,0,0,0,0,0,1810354,80,681171,80,683,683,1364,852,1,1000,791,683,683,683,682,682,26,1,80000,80,80,80,3,1364,3,1364,80000,80,80000,80,1810354,80,15520312,0
21440,681626,80000,80000,0,0,0,0,0,1810354,80,681546,80,684,684,1365,1227,2,0,1056,684,684,684,682,682,4,1,80000,80,80,80,3,1365,3,1365,80000,80,80000,80,1810354,80,15528891,0
21450,682010,80000,80000,0,0,0,0,0,1810354,80,681930,80,684,684,1365,1611,2,0,1056,684,684,684,682,682,14,1,80000,80,80,80,3,1365,3,1365,80000,80,80000,80,1810354,80,15537723,0
21460,682213,80000,80000,0,0,0,0,0,1810354,80,682133,80,684,684,1366,815,1,1000,631,684,684,684,683,683,24,1,80000,80,80,80,3,1366,3,1366,80000,80,80000,80,1810354,80,15542415,0
21470,682586,80000,80000,0,0,0,0,0,1810354,80,682506,80,685,685,1367,1188,2,0,1006,685,685,685,683,683,4,1,80000,80,80,80,3,1367,3,1367,80000,80,80000,80,1810354,80,15550994,0
21480,682929,80000,80000,0,0,0,0,0,1810354,80,682849,80,685,685,1367,1531,2,0,1006,685,685,685,683,683,14,1,80000,80,80,80,3,1367,3,1367,80000,80,80000,80,1810354,80,15558883,0
21490,683179,80000,80000,0,0,0,0,0,1810354,80,683099,80,685,685,1368,782,1,1000,779,685,685,685,684,684,22,1,80000,80,80,80,3,1368,3,1368,80000,80,80000,80,1810354,80,15564656,0
21500,683502,80000,80000,0,0,0,0,0,1810354,80,683422,80,686,686,1369,1105,2,0,1034,686,686,686,684,684,0,1,80000,80,80,80,3,1369,3,1369,80000,80,80000,80,1810354,80,15572131,0
21510,683876,80000,80000,0,0,0,0,0,1810354,80,683796,80,686,686,1369,1479,2,0,1034,686,686,686,684,684,12,1,80000,80,80,80,3,1369,3,1369,80000,80,80000,80,1810354,80,15580710,0
21520,684151,80000,80000,0,0,0,0,0,1810354,80,684071,80,686,686,1370,755,1,1000,752,686,686,686,685,685,22,1,80000,80,80,80,3,1370,3,1370,80000,80,80000,80,1810354,80,15587035,0
21530,684447,80000,80000,0,0,0,0,0,1810354,80,684367,80,687,687,1371,1051,2,0,1041,687,687,687,685,685,0,1,80000,80,80,80,3,1371,3,1371,80000,80,80000,80,1810354,80,15593866,0
21540,684826,80000,80000,0,0,0,0,0,1810354,80,684746,80,687,687,1371,1430,2,0,1041,687,687,687,685,685,10,1,80000,80,80,80,3,1371,3,1371,80000,80,80000,80,1810354,80,15602583,0
21550,684986,80000,80000,0,0,0,0,0,1810354,80,684906,80,687,687,1372,591,1,1000,570,687,687,687,686,686,18,1,80000,80,80,80,3,1372,3,1372,80000,80,80000,80,1810354,80,15606263,0
21560,685362,80000,80000,0,0,0,0,0,1810354,80,685282,80,687,687,1372,967,1,1000,570,687,687,687,686,686,28,1,80000,80,80,80,3,1372,3,1372,80000,80,80000,80,1810354,80,15614911,0
21570,685735,80000,80000,0,0,0,0,0,1810354,80,685655,80,688,688,1373,1340,2,0,1007,688,688,688,686,686,8,1,80000,80,80,80,3,1373,3,1373,80000,80,80000,80,1810354,80,15623513,0
21580,686110,80000,80000,0,0,0,0,0,1810354,80,686030,80,688,688,1373,1715,2,0,1007,688,688,688,686,686,18,1,80000,80,80,80,3,1373,3,1373,80000,80,80000,80,1810354,80,15632138,0
21590,686304,80000,80000,0,0,0,0,0,1810354,80,686224,80,688,688,1374,910,1,1000,854,688,688,688,687,687,28,1,80000,80,80,80,3,1374,3,1374,80000,80,80000,80,1810354,80,15636600,0
21600,686683,80000,80000,0,0,0,0,0,1810354,80,686603,80,689,689,1375,1289,2,0,1008,689,689,689,687,687,6,1,80000,80,80,80,3,1375,3,1375,80000,80,80000,80,1810354,80,15645317,0
21610,686892,80000,80000,0,0,0,0,0,1810354,80,686812,80,689,689,1376,499,1,1000,490,689,689,689,688,688,16,1,80000,80,80,80,3,1376,3,1376,80000,80,80000,80,1810354,80,15650147,0
21620,687120,80000,80000,0,0,0,0,0,1810354,80,687040,80,689,689,1376,727,1,1000,490,689,689,689,688,688,26,1,80000,80,80,80,3,1376,3,1376,80000,80,80000,80,1810354,80,15655391,0
21630,687497,80000,80000,0,0,0,0,0,1810354,80,687417,80,690,690,1377,1104,2,0,1034,690,690,690,688,688,0,1,80000,80,80,80,3,1377,3,1377,80000,80,80000,80,1810354,80,15664062,0
21640,687870,80000,80000,0,0,0,0,0,1810354,80,687790,80,690,690,1377,1477,2,0,1034,690,690,690,688,688,10,1,80000,80,80,80,3,1377,3,1377,80000,80,80000,80,1810354,80,15672641,0
21650,688221,80000,80000,0,0,0,0,0,1810354,80,688141,80,690,690,1378,829,1,1000,826,690,690,690,689,689,21,1,80000,80,80,80,3,1378,3,1378,80000,80,80000,80,1810354,80,15680737,0
21660,688433,80000,80000,0,0,0,0,0,1810354,80,688353,80,691,691,1379,1041,2,0,1035,691,691,691,689,689,0,1,80000,80,80,80,3,1379,3,1379,80000,80,80000,80,1810354,80,15685613,0
21670,688805,80000,80000,0,0,0,0,0,1810354,80,688725,80,691,691,1379,1413,2,0,1035,691,691,691,689,689,10,1,80000,80,80,80,3,1379,3,1379,80000,80,80000,80,1810354,80,15694192,0
21680,689036,80000,80000,0,0,0,0,0,1810354,80,688956,80,691,691,1380,645,1,1000,637,691,691,691,690,690,18,1,80000,80,80,80,3,1380,3,1380,80000,80,80000,80,1810354,80,15699505,0
21690,689341,80000,80000,0,0,0,0,0,1810354,80,689261,80,691,691,1380,950,1,1000,637,691,691,691,690,690,28,1,80000,80,80,80,3,1380,3,1380,80000,80,80000,80,1810354,80,15706520,0
21700,689727,80000,80000,0,0,0,0,0,1810354,80,689647,80,692,692,1381,1336,2,0,1143,692,692,692,690,690,4,1,80000,80,80,80,3,1381,3,1381,80000,80,80000,80,1810354,80,15715398,0
21710,689920,80000,80000,0,0,0,0,0,1810354,80,689840,80,692,692,1382,530,1,1000,521,692,692,692,691,691,14,1,80000,80,80,80,3,1382,3,1382,80000,80,80000,80,1810354,80,15719860,0
21720,690290,80000,80000,0,0,0,0,0,1810354,80,690210,80,692,692,1382,900,1,1000,521,692,692,692,691,691,24,1,80000,80,80,80,3,1382,3,1382,80000,80,80000,80,1810354,80,15728393,0
21730,690674,80000,80000,0,0,0,0,0,1810354,80,690594,80,693,693,1383,1284,2,0,1004,693,693,693,691,691,6,1,80000,80,80,80,3,1383,3,1383,80000,80,80000,80,1810354,80,15737225,0
21740,691042,80000,80000,0,0,0,0,0,1810354,80,690962,80,693,693,1383,1652,2,0,1004,693,693,693,691,691,16,1,80000,80,80,80,3,1383,3,1383,80000,80,80000,80,1810354,80,15745689,0
21750,691205,80000,80000,0,0,0,0,0,1810354,80,691125,80,693,693,1384,816,1,1000,729,693,693,693,692,692,26,1,80000,80,80,80,3,1384,3,1384,80000,80,80000,80,1810354,80,15749438,0
21760,691580,80000,80000,0,0,0,0,0,1810354,80,691500,80,694,694,1385,1191,2,0,1012,694,694,694,692,692,4,1,80000,80,80,80,3,1385,3,1385,80000,80,80000,80,1810354,80,15758086,0
21770,691927,80000,80000,0,0,0,0,0,1810354,80,691847,80,694,694,1386,539,1,1000,525,694,694,694,693,693,14,1,80000,80,80,80,3,1386,3,1386,80000,80,80000,80,1810354,80,15766067,0
21780,692145,80000,80000,0,0,0,0,0,1810354,80,692065,80,694,694,1386,757,1,1000,525,694,694,694,693,693,24,1,80000,80,80,80,3,1386,3,1386,80000,80,80000,80,1810354,80,15771104,0
21790,692526,80000,80000,0,0,0,0,0,1810354,80,692446,80,695,695,1387,1138,2,0,1034,695,695,695,693,693,2,1,80000,80,80,80,3,1387,3,1387,80000,80,80000,80,1810354,80,15779844,0
21800,692904,80000,80000,0,0,0,0,0,1810354,80,692824,80,695,695,1387,1516,2,0,1034,695,695,695,693,693,12,1,80000,80,80,80,3,1387,3,1387,80000,80,80000,80,1810354,80,15788561,0
21811,693240,80000,80000,0,0,0,0,0,1810354,80,693160,80,695,695,1388,853,1,1000,840,695,695,695,694,694,22,1,80000,80,80,80,3,1388,3,1388,80000,80,80000,80,1810354,80,15796289,0
21820,693446,80000,80000,0,0,0,0,0,1810354,80,693366,80,696,696,1389,1059,2,0,1057,696,696,696,694,694,0,1,80000,80,80,80,3,1389,3,1389,80000,80,80000,80,1810354,80,15801027,0
21830,693823,80000,80000,0,0,0,0,0,1810354,80,693743,80,696,696,1389,1436,2,0,1057,696,696,696,694,694,10,1,80000,80,80,80,3,1389,3,1389,80000,80,80000,80,1810354,80,15809698,0
21840,694049,80000,80000,0,0,0,0,0,1810354,80,693969,80,696,696,1390,663,1,1000,659,696,696,696,695,695,18,1,80000,80,80,80,3,1390,3,1390,80000,80,80000,80,1810354,80,15814919,0
21850,694378,80000,80000,0,0,0,0,0,1810354,80,694298,80,696,696,1390,992,1,1000,659,696,696,696,695,695,28,1,80000,80,80,80,3,1390,3,1390,80000,80,80000,80,1810354,80,15822555,0
21860,694752,80000,80000,0,0,0,0,0,1810354,80,694672,80,697,697,1391,1366,2,0,1002,697,697,697,695,695,8,1,80000,80,80,80,3,1391,3,1391,80000,80,80000,80,1810354,80,15831111,0
21870,694945,80000,80000,0,0,0,0,0,1810354,80,694865,80,697,697,1392,560,1,1000,464,697,697,697,696,696,18,1,80000,80,80,80,3,1392,3,1392,80000,80,80000,80,1810354,80,15835550,0
21880,695280,80000,80000,0,0,0,0,0,1810354,80,695200,80,697,697,1392,895,1,1000,464,697,697,697,696,696,28,1,80000,80,80,80,3,1392,3,1392,80000,80,80000,80,1810354,80,15843278,0
21890,695658,80000,80000,0,0,0,0,0,1810354,80,695578,80,698,698,1393,1273,2,0,1006,698,698,698,696,696,6,1,80000,80,80,80,3,1393,3,1393,80000,80,80000,80,1810354,80,15851949,0
21900,696027,80000,80000,0,0,0,0,0,1810354,80,695947,80,698,698,1393,1642,2,0,1006,698,698,698,696,696,16,1,80000,80,80,80,3,1393,3,1393,80000,80,80000,80,1810354,80,15860436,0
21910,696115,80000,80000,0,0,0,0,0,1810354,80,696035,80,698,698,1394,731,1,1000,665,698,698,698,697,697,25,1,80000,80,80,80,3,1394,3,1394,80000,80,80000,80,1810354,80,15862483,0
21920,696473,80000,80000,0,0,0,0,0,1810354,80,696393,80,699,699,1395,1089,2,0,1015,699,699,699,697,697,2,1,80000,80,80,80,3,1395,3,1395,80000,80,80000,80,1810354,80,15870717,0
21930,696854,80000,80000,0,0,0,0,0,1810354,80,696774,80,699,699,1395,1470,2,0,1015,699,699,699,697,697,12,1,80000,80,80,80,3,1395,3,1395,80000,80,80000,80,1810354,80,15879480,0
21940,697224,80000,80000,0,0,0,0,0,1810354,80,697144,80,699,699,1395,1840,2,0,1015,699,699,699,697,697,22,1,80000,80,80,80,3,1395,3,1395,80000,80,80000,80,1810354,80,15887990,0
21950,697381,80000,80000,0,0,0,0,0,1810354,80,697301,80,699,699,1396,998,1,1000,873,699,699,699,698,698,30,1,80000,80,80,80,3,1396,3,1396,80000,80,80000,80,1810354,80,15891624,0
21960,697760,80000,80000,0,0,0,0,0,1810354,80,697680,80,700,700,1397,1377,2,0,1016,700,700,700,698,698,8,1,80000,80,80,80,3,1397,3,1397,80000,80,80000,80,1810354,80,15900341,0
21970,698059,80000,80000,0,0,0,0,0,1810354,80,697979,80,700,700,1398,677,1,1000,675,700,700,700,699,699,18,1,80000,80,80,80,3,1398,3,1398,80000,80,80000,80,1810354,80,15907241,0
21980,698326,80000,80000,0,0,0,0,0,1810354,80,698246,80,700,700,1398,944,1,1000,675,700,700,700,699,699,28,1,80000,80,80,80,3,1398,3,1398,80000,80,80000,80,1810354,80,15913382,0
21990,698718,80000,80000,0,0,0,0,0,1810354,80,698638,80,701,701,1399,1336,2,0,1057,701,701,701,699,699,6,1,80000,80,80,80,3,1399,3,1399,80000,80,80000,80,1810354,80,15922421,0
22000,698898,80000,80000,0,0,0,0,0,1810354,80,698818,80,701,701,1400,517,1,1000,505,701,701,701,700,700,16,1,80000,80,80,80,3,1400,3,1400,80000,80,80000,80,1810354,80,15926584,0
22010,699272,80000,80000,0,0,0,0,0,1810354,80,699192,80,701,701,1400,891,1,1000,505,701,701,701,700,700,26,1,80000,80,80,80,3,1400,3,1400,80000,80,80000,80,1810354,80,15935186,0
22020,699617,80000,80000,0,0,0,0,0,1810354,80,699537,80,702,702,1401,1236,2,0,1057,702,702,702,700,700,4,1,80000,80,80,80,3,1401,3,1401,80000,80,80000,80,1810354,80,15943098,0
22030,699989,80000,80000,0,0,0,0,0,1810354,80,699909,80,702,702,1401,1608,2,0,1057,702,702,702,700,700,14,1,80000,80,80,80,3,1401,3,1401,80000,80,80000,80,1810354,80,15951700,0
22040,700189,80000,80000,0,0,0,0,0,1810354,80,700109,80,702,702,1402,809,1,1000,798,702,702,702,701,701,24,1,80000,80,80,80,3,1402,3,1402,80000,80,80000,80,1810354,80,15956277,0
22050,700567,80000,80000,0,0,0,0,0,1810354,80,700487,80,703,703,1403,1187,2,0,1018,703,703,703,701,701,4,1,80000,80,80,80,3,1403,3,1403,80000,80,80000,80,1810354,80,15964971,0
22060,700935,80000,80000,0,0,0,0,0,1810354,80,700855,80,703,703,1403,1555,2,0,1018,703,703,703,701,701,14,1,80000,80,80,80,3,1403,3,1403,80000,80,80000,80,1810354,80,15973435,0
22070,701137,80000,80000,0,0,0,0,0,1810354,80,701057,80,703,703,1404,758,1,1000,592,703,703,703,702,702,24,1,80000,80,80,80,3,1404,3,1404,80000,80,80000,80,1810354,80,15978127,0
22080,701520,80000,80000,0,0,0,0,0,1810354,80,701440,80,704,704,1405,1141,2,0,1032,704,704,704,702,702,2,1,80000,80,80,80,3,1405,3,1405,80000,80,80000,80,1810354,80,15986936,0
22090,701803,80000,80000,0,0,0,0,0,1810354,80,701723,80,704,704,1406,425,1,1000,421,704,704,704,703,703,10,1,80000,80,80,80,3,1406,3,1406,80000,80,80000,80,1810354,80,15993445,0
22100,702047,80000,80000,0,0,0,0,0,1810354,80,701967,80,704,704,1406,669,1,1000,421,704,704,704,703,703,22,1,80000,80,80,80,3,1406,3,1406,80000,80,80000,80,1810354,80,15999057,0
22110,702417,80000,80000,0,0,0,0,0,1810354,80,702337,80,705,705,1407,1039,2,0,1029,705,705,705,703,703,0,1,80000,80,80,80,3,1407,3,1407,80000,80,80000,80,1810354,80,16007567,0
22120,702794,80000,80000,0,0,0,0,0,1810354,80,702714,80,705,705,1407,1416,2,0,1029,705,705,705,703,703,8,1,80000,80,80,80,3,1407,3,1407,80000,80,80000,80,1810354,80,16016238,0
22130,703088,80000,80000,0,0,0,0,0,1810354,80,703008,80,705,705,1408,711,1,1000,707,705,705,705,704,704,18,1,80000,80,80,80,3,1408,3,1408,80000,80,80000,80,1810354,80,16023023,0
22140,703375,80000,80000,0,0,0,0,0,1810354,80,703295,80,705,705,1408,998,1,1000,707,705,705,705,704,704,28,1,80000,80,80,80,3,1408,3,1408,80000,80,80000,80,1810354,80,16029647,0
22150,703764,80000,80000,0,0,0,0,0,1810354,80,703684,80,706,706,1409,1387,2,0,1081,706,706,706,704,704,8,1,80000,80,80,80,3,1409,3,1409,80000,80,80000,80,1810354,80,16038571,0
22160,703910,80000,80000,0,0,0,0,0,1810354,80,703830,80,706,706,1410,534,1,1000,520,706,706,706,705,705,16,1,80000,80,80,80,3,1410,3,1410,80000,80,80000,80,1810354,80,16041952,0
22170,704277,80000,80000,0,0,0,0,0,1810354,80,704197,80,706,706,1410,901,1,1000,520,706,706,706,705,705,26,1,80000,80,80,80,3,1410,3,1410,80000,80,80000,80,1810354,80,16050393,0
22180,704644,80000,80000,0,0,0,0,0,1810354,80,704564,80,707,707,1411,1268,2,0,1067,707,707,707,705,705,4,1,80000,80,80,80,3,1411,3,1411,80000,80,80000,80,1810354,80,16058857,0
22190,705014,80000,80000,0,0,0,0,0,1810354,80,704934,80,707,707,1411,1638,2,0,1067,707,707,707,705,705,14,1,80000,80,80,80,3,1411,3,1411,80000,80,80000,80,1810354,80,16067344,0
22200,705205,80000,80000,0,0,0,0,0,1810354,80,705125,80,707,707,1412,830,1,1000,799,707,707,707,706,706,24,1,80000,80,80,80,3,1412,3,1412,80000,80,80000,80,1810354,80,16071760,0
22210,705462,80000,80000,0,0,0,0,0,1810354,80,705382,80,708,708,1413,1087,2,0,1052,708,708,708,706,706,0,1,80000,80,80,80,3,1413,3,1413,80000,80,80000,80,1810354,80,16077694,0
22220,705831,80000,80000,0,0,0,0,0,1810354,80,705751,80,708,708,1413,1456,2,0,1052,708,708,708,706,706,10,1,80000,80,80,80,3,1413,3,1413,80000,80,80000,80,1810354,80,16086181,0
22230,706155,80000,80000,0,0,0,0,0,1810354,80,706075,80,708,708,1413,1780,2,0,1052,708,708,708,706,706,20,1,80000,80,80,80,3,1413,3,1413,80000,80,80000,80,1810354,80,16093633,0
22240,706338,80000,80000,0,0,0,0,0,1810354,80,706258,80,708,708,1414,964,1,1000,840,708,708,708,707,707,30,1,80000,80,80,80,3,1414,3,1414,80000,80,80000,80,1810354,80,16097888,0
22250,706714,80000,80000,0,0,0,0,0,1810354,80,706634,80,709,709,1415,1340,2,0,1033,709,709,709,707,707,8,1,80000,80,80,80,3,1415,3,1415,80000,80,80000,80,1810354,80,16106490,0
22260,707050,80000,80000,0,0,0,0,0,1810354,80,706970,80,709,709,1416,677,1,1000,673,709,709,709,708,708,17,1,80000,80,80,80,3,1416,3,1416,80000,80,80000,80,1810354,80,16114241,0
22270,707279,80000,80000,0,0,0,0,0,1810354,80,707199,80,709,709,1416,906,1,1000,673,709,709,709,708,708,26,1,80000,80,80,80,3,1416,3,1416,80000,80,80000,80,1810354,80,16119531,0
22280,707649,80000,80000,0,0,0,0,0,1810354,80,707569,80,710,710,1417,1276,2,0,1056,710,710,710,708,708,6,1,80000,80,80,80,3,1417,3,1417,80000,80,80000,80,1810354,80,16128018,0
22291,707865,80000,80000,0,0,0,0,0,1810354,80,707785,80,710,710,1418,493,1,1000,482,710,710,710,709,709,16,1,80000,80,80,80,3,1418,3,1418,80000,80,80000,80,1810354,80,16133009,0
22300,708173,80000,80000,0,0,0,0,0,1810354,80,708093,80,710,710,1418,801,1,1000,482,710,710,710,709,709,24,1,80000,80,80,80,3,1418,3,1418,80000,80,80000,80,1810354,80,16140116,0
22310,708540,80000,80000,0,0,0,0,0,1810354,80,708460,80,711,711,1419,1168,2,0,1046,711,711,711,709,709,2,1,80000,80,80,80,3,1419,3,1419,80000,80,80000,80,1810354,80,16148534,0
22320,708923,80000,80000,0,0,0,0,0,1810354,80,708843,80,711,711,1419,1551,2,0,1046,711,711,711,709,709,12,1,80000,80,80,80,3,1419,3,1419,80000,80,80000,80,1810354,80,16157343,0
22330,709148,80000,80000,0,0,0,0,0,1810354,80,709068,80,711,711,1420,777,1,1000,770,711,711,711,710,710,22,1,80000,80,80,80,3,1420,3,1420,80000,80,80000,80,1810354,80,16162541,0
22340,709488,80000,80000,0,0,0,0,0,1810354,80,709408,80,712,712,1421,1117,2,0,1075,712,712,712,710,710,0,1,80000,80,80,80,3,1421,3,1421,80000,80,80000,80,1810354,80,16170384,0
22350,709866,80000,80000,0,0,0,0,0,1810354,80,709786,80,712,712,1421,1495,2,0,1075,712,712,712,710,710,10,1,80000,80,80,80,3,1421,3,1421,80000,80,80000,80,1810354,80,16179078,0
22360,710017,80000,80000,0,0,0,0,0,1810354,80,709937,80,712,712,1422,647,1,1000,588,712,712,712,711,711,20,1,80000,80,80,80,3,1422,3,1422,80000,80,80000,80,1810354,80,16182574,0
22370,710394,80000,80000,0,0,0,0,0,1810354,80,710314,80,713,713,1423,1024,2,0,1012,713,713,713,711,711,0,1,80000,80,80,80,3,1423,3,1423,80000,80,80000,80,1810354,80,16191222,0
22380,710766,80000,80000,0,0,0,0,0,1810354,80,710686,80,713,713,1423,1396,2,0,1012,713,713,713,711,711,10,1,80000,80,80,80,3,1423,3,1423,80000,80,80000,80,1810354,80,16199778,0
22390,710965,80000,80000,0,0,0,0,0,1810354,80,710885,80,713,713,1424,596,1,1000,490,713,713,713,712,712,20,1,80000,80,80,80,3,1424,3,1424,80000,80,80000,80,1810354,80,16204378,0
22400,711355,80000,80000,0,0,0,0,0,1810354,80,711275,80,713,713,1424,986,1,1000,490,713,713,713,712,712,30,1,80000,80,80,80,3,1424,3,1424,80000,80,80000,80,1810354,80,16213348,0
22410,711719,80000,80000,0,0,0,0,0,1810354,80,711639,80,714,714,1425,1350,2,0,1039,714,714,714,712,712,8,1,80000,80,80,80,3,1425,3,1425,80000,80,80000,80,1810354,80,16221743,0
22420,712079,80000,80000,0,0,0,0,0,1810354,80,711999,80,714,714,1426,711,1,1000,710,714,714,714,713,713,18,1,80000,80,80,80,3,1426,3,1426,80000,80,80000,80,1810354,80,16230023,0
22430,712252,80000,80000,0,0,0,0,0,1810354,80,712172,80,714,714,1426,884,1,1000,710,714,714,714,713,713,26,1,80000,80,80,80,3,1426,3,1426,80000,80,80000,80,1810354,80,16234002,0
22440,712631,80000,80000,0,0,0,0,0,1810354,80,712551,80,715,715,1427,1263,2,0,1042,715,715,715,713,713,4,1,80000,80,80,80,3,1427,3,1427,80000,80,80000,80,1810354,80,16242719,0
22450,712892,80000,80000,0,0,0,0,0,1810354,80,712812,80,715,715,1428,525,1,1000,516,715,715,715,714,714,14,1,80000,80,80,80,3,1428,3,1428,80000,80,80000,80,1810354,80,16248745,0
22460,713212,80000,80000,0,0,0,0,0,1810354,80,713132,80,715,715,1428,845,1,1000,516,715,715,715,714,714,26,1,80000,80,80,80,3,1428,3,1428,80000,80,80000,80,1810354,80,16256105,0
22470,713594,80000,80000,0,0,0,0,0,1810354,80,713514,80,716,716,1429,1227,2,0,1098,716,716,716,714,714,2,1,80000,80,80,80,3,1429,3,1429,80000,80,80000,80,1810354,80,16264891,0
22480,713959,80000,80000,0,0,0,0,0,1810354,80,713879,80,716,716,1429,1592,2,0,1098,716,716,716,714,714,12,1,80000,80,80,80,3,1429,3,1429,80000,80,80000,80,1810354,80,16273309,0
22491,714211,80000,80000,0,0,0,0,0,1810354,80,714131,80,716,716,1430,845,1,1000,840,716,716,716,715,715,22,1,80000,80,80,80,3,1430,3,1430,80000,80,80000,80,1810354,80,16279105,0
22500,714483,80000,80000,0,0,0,0,0,1810354,80,714403,80,717,717,1431,1117,2,0,1008,717,717,717,715,715,2,1,80000,80,80,80,3,1431,3,1431,80000,80,80000,80,1810354,80,16285361,0
22510,714745,80000,80000,0,0,0,0,0,1810354,80,714665,80,717,717,1431,1379,2,0,1008,717,717,717,715,715,12,1,80000,80,80,80,3,1431,3,1431,80000,80,80000,80,1810354,80,16291410,0
22520,714934,80000,80000,0,0,0,0,0,1810354,80,714854,80,717,717,1432,569,1,1000,444,717,717,717,716,716,22,1,80000,80,80,80,3,1432,3,1432,80000,80,80000,80,1810354,80,16295757,0
22530,715301,80000,80000,0,0,0,0,0,1810354,80,715221,80,717,717,1432,936,1,1000,444,717,717,717,716,716,32,1,80000,80,80,80,3,1432,3,1432,80000,80,80000,80,1810354,80,16304198,0
22540,715672,80000,80000,0,0,0,0,0,1810354,80,715592,80,718,718,1433,1307,2,0,1091,718,718,718,716,716,4,1,80000,80,80,80,3,1433,3,1433,80000,80,80000,80,1810354,80,16312731,0
22550,716038,80000,80000,0,0,0,0,0,1810354,80,715958,80,718,718,1433,1673,2,0,1091,718,718,718,716,716,14,1,80000,80,80,80,3,1433,3,1433,80000,80,80000,80,1810354,80,16321172,0
22560,716237,80000,80000,0,0,0,0,0,1810354,80,716157,80,718,718,1434,873,1,1000,699,718,718,718,717,717,26,1,80000,80,80,80,3,1434,3,1434,80000,80,80000,80,1810354,80,16325772,0
22570,716571,80000,80000,0,0,0,0,0,1810354,80,716491,80,719,719,1435,1207,2,0,1021,719,719,719,717,717,4,1,80000,80,80,80,3,1435,3,1435,80000,80,80000,80,1810354,80,16333431,0
22580,716884,80000,80000,0,0,0,0,0,1810354,80,716804,80,719,719,1436,521,1,1000,518,719,719,719,718,718,14,1,80000,80,80,80,3,1436,3,1436,80000,80,80000,80,1810354,80,16340653,0
22590,717133,80000,80000,0,0,0,0,0,1810354,80,717053,80,719,719,1436,770,1,1000,518,719,719,719,718,718,24,1,80000,80,80,80,3,1436,3,1436,80000,80,80000,80,1810354,80,16346380,0
22600,717509,80000,80000,0,0,0,0,0,1810354,80,717429,80,720,720,1437,1146,2,0,1008,720,720,720,718,718,2,1,80000,80,80,80,3,1437,3,1437,80000,80,80000,80,1810354,80,16355028,0
22610,717885,80000,80000,0,0,0,0,0,1810354,80,717805,80,720,720,1437,1522,2,0,1008,720,720,720,718,718,12,1,80000,80,80,80,3,1437,3,1437,80000,80,80000,80,1810354,80,16363676,0
22620,718176,80000,80000,0,0,0,0,0,1810354,80,718096,80,720,720,1438,814,1,1000,808,720,720,720,719,719,22,1,80000,80,80,80,3,1438,3,1438,80000,80,80000,80,1810354,80,16370392,0
22630,718451,80000,80000,0,0,0,0,0,1810354,80,718371,80,721,721,1439,1089,2,0,1050,721,721,721,719,719,0,1,80000,80,80,80,3,1439,3,1439,80000,80,80000,80,1810354,80,16376740,0
22640,718793,80000,80000,0,0,0,0,0,1810354,80,718713,80,721,721,1439,1431,2,0,1050,721,721,721,719,719,10,1,80000,80,80,80,3,1439,3,1439,80000,80,80000,80,1810354,80,16384583,0
22650,718988,80000,80000,0,0,0,0,0,1810354,80,718908,80,721,721,1440,627,1,1000,601,721,721,721,720,720,20,1,80000,80,80,80,3,1440,3,1440,80000,80,80000,80,1810354,80,16389091,0
22660,719363,80000,80000,0,0,0,0,0,1810354,80,719283,80,721,721,1440,1002,2,1000,601,721,722,721,720,720,30,1,80000,80,80,80,3,1440,3,1440,80000,80,80000,80,1810354,80,16397716,0
22670,719726,80000,80000,0,0,0,0,0,1810354,80,719646,80,722,722,1441,1365,2,0,1049,722,722,722,720,720,8,1,80000,80,80,80,3,1441,3,1441,80000,80,80000,80,1810354,80,16406065,0
22680,719925,80000,80000,0,0,0,0,0,1810354,80,719845,80,722,722,1442,565,1,1000,399,722,722,722,721,721,18,1,80000,80,80,80,3,1442,3,1442,80000,80,80000,80,1810354,80,16410688,0
22690,720289,80000,80000,0,0,0,0,0,1810354,80,720209,80,722,722,1442,929,1,1000,399,722,722,722,721,721,28,1,80000,80,80,80,3,1442,3,1442,80000,80,80000,80,1810354,80,16419037,0
22701,720669,80000,80000,0,0,0,0,0,1810354,80,720589,80,723,723,1443,1309,2,0,1071,723,723,723,721,721,6,1,80000,80,80,80,3,1443,3,1443,80000,80,80000,80,1810354,80,16427777,0
22710,721002,80000,80000,0,0,0,0,0,1810354,80,720922,80,723,723,1443,1642,2,0,1071,723,723,723,721,721,14,1,80000,80,80,80,3,1443,3,1443,80000,80,80000,80,1810354,80,16435436,0
22720,721190,80000,80000,0,0,0,0,0,1810354,80,721110,80,723,723,1444,831,1,1000,690,723,723,723,722,722,24,1,80000,80,80,80,3,1444,3,1444,80000,80,80000,80,1810354,80,16439806,0
22730,721561,80000,80000,0,0,0,0,0,1810354,80,721481,80,724,724,1445,1202,2,0,1066,724,724,724,722,722,2,1,80000,80,80,80,3,1445,3,1445,80000,80,80000,80,1810354,80,16448316,0
22740,721854,80000,80000,0,0,0,0,0,1810354,80,721774,80,724,724,1446,496,1,1000,492,724,724,724,723,723,12,1,80000,80,80,80,3,1446,3,1446,80000,80,80000,80,1810354,80,16455078,0
22750,722114,80000,80000,0,0,0,0,0,1810354,80,722034,80,724,724,1446,756,1,1000,492,724,724,724,723,723,22,1,80000,80,80,80,3,1446,3,1446,80000,80,80000,80,1810354,80,16461058,0
22760,722484,80000,80000,0,0,0,0,0,1810354,80,722404,80,725,725,1447,1126,2,0,1002,725,725,725,723,723,2,1,80000,80,80,80,3,1447,3,1447,80000,80,80000,80,1810354,80,16469568,0
22771,722856,80000,80000,0,0,0,0,0,1810354,80,722776,80,725,725,1447,1498,2,0,1002,725,725,725,723,723,12,1,80000,80,80,80,3,1447,3,1447,80000,80,80000,80,1810354,80,16478124,0
22780,723118,80000,80000,0,0,0,0,0,1810354,80,723038,80,725,725,1448,761,1,1000,760,725,725,725,724,724,22,1,80000,80,80,80,3,1448,3,1448,80000,80,80000,80,1810354,80,16484173,0
22790,723381,80000,80000,0,0,0,0,0,1810354,80,723301,80,725,725,1448,1024,2,1000,760,725,726,725,724,724,32,1,80000,80,80,80,3,1448,3,1448,80000,80,80000,80,1810354,80,16490222,0
22800,723764,80000,80000,0,0,0,0,0,1810354,80,723684,80,726,726,1449,1407,2,0,1075,726,726,726,724,724,8,1,80000,80,80,80,3,1449,3,1449,80000,80,80000,80,1810354,80,16499031,0
22810,723847,80000,80000,0,0,0,0,0,1810354,80,723767,80,726,726,1450,491,1,1000,425,726,726,726,725,725,18,1,80000,80,80,80,3,1450,3,1450,80000,80,80000,80,1810354,80,16500986,0
22820,724232,80000,80000,0,0,0,0,0,1810354,80,724152,80,726,726,1450,876,1,1000,425,726,726,726,725,725,29,1,80000,80,80,80,3,1450,3,1450,80000,80,80000,80,1810354,80,16509818,0
22830,724588,80000,80000,0,0,0,0,0,1810354,80,724508,80,727,727,1451,1232,2,0,1008,727,727,727,725,725,6,1,80000,80,80,80,3,1451,3,1451,80000,80,80000,80,1810354,80,16518029,0
22840,724959,80000,80000,0,0,0,0,0,1810354,80,724879,80,727,727,1451,1603,2,0,1008,727,727,727,725,725,16,1,80000,80,80,80,3,1451,3,1451,80000,80,80000,80,1810354,80,16526539,0
22850,725119,80000,80000,0,0,0,0,0,1810354,80,725039,80,727,727,1452,764,1,1000,639,727,727,727,726,726,24,1,80000,80,80,80,3,1452,3,1452,80000,80,80000,80,1810354,80,16530242,0
22860,725485,80000,80000,0,0,0,0,0,1810354,80,725405,80,728,728,1453,1130,2,0,1010,728,728,728,726,726,2,1,80000,80,80,80,3,1453,3,1453,80000,80,80000,80,1810354,80,16538660,0
22870,725799,80000,80000,0,0,0,0,0,1810354,80,725719,80,728,728,1454,445,1,1000,439,728,728,728,727,727,12,1,80000,80,80,80,3,1454,3,1454,80000,80,80000,80,1810354,80,16545905,0
22880,726058,80000,80000,0,0,0,0,0,1810354,80,725978,80,728,728,1454,704,1,1000,439,728,728,728,727,727,22,1,80000,80,80,80,3,1454,3,1454,80000,80,80000,80,1810354,80,16551862,0
22890,726439,80000,80000,0,0,0,0,0,1810354,80,726359,80,729,729,1455,1085,2,0,1043,729,729,729,727,727,0,1,80000,80,80,80,3,1455,3,1455,80000,80,80000,80,1810354,80,16560625,0
22900,726807,80000,80000,0,0,0,0,0,1810354,80,726727,80,729,729,1455,1453,2,0,1043,729,729,729,727,727,10,1,80000,80,80,80,3,1455,3,1455,80000,80,80000,80,1810354,80,16569112,0
22910,727106,80000,80000,0,0,0,0,0,1810354,80,727026,80,729,729,1456,753,1,1000,736,729,729,729,728,728,20,1,80000,80,80,80,3,1456,3,1456,80000,80,80000,80,1810354,80,16575989,0
22920,727352,80000,80000,0,0,0,0,0,1810354,80,727272,80,729,729,1456,999,1,1000,736,729,729,729,728,728,30,1,80000,80,80,80,3,1456,3,1456,80000,80,80000,80,1810354,80,16581647,0
22930,727715,80000,80000,0,0,0,0,0,1810354,80,727635,80,730,730,1457,1362,2,0,1057,730,730,730,728,728,8,1,80000,80,80,80,3,1457,3,1457,80000,80,80000,80,1810354,80,16589996,0
22940,727911,80000,80000,0,0,0,0,0,1810354,80,727831,80,730,730,1458,559,1,1000,551,730,730,730,729,729,18,1,80000,80,80,80,3,1458,3,1458,80000,80,80000,80,1810354,80,16594527,0
22950,728292,80000,80000,0,0,0,0,0,1810354,80,728212,80,730,730,1458,940,1,1000,551,730,730,730,729,729,28,1,80000,80,80,80,3,1458,3,1458,80000,80,80000,80,1810354,80,16603313,0
22960,728656,80000,80000,0,0,0,0,0,1810354,80,728576,80,731,731,1459,1304,2,0,1076,731,731,731,729,729,6,1,80000,80,80,80,3,1459,3,1459,80000,80,80000,80,1810354,80,16611662,0
22970,729033,80000,80000,0,0,0,0,0,1810354,80,728953,80,731,731,1459,1681,2,0,1076,731,731,731,729,729,16,1,80000,80,80,80,3,1459,3,1459,80000,80,80000,80,1810354,80,16620333,0
22980,729198,80000,80000,0,0,0,0,0,1810354,80,729118,80,731,731,1460,847,1,1000,842,731,731,731,730,730,24,1,80000,80,80,80,3,1460,3,1460,80000,80,80000,80,1810354,80,16624151,0
22990,729553,80000,80000,0,0,0,0,0,1810354,80,729473,80,732,732,1461,1202,2,0,1001,732,732,732,730,730,4,1,80000,80,80,80,3,1461,3,1461,80000,80,80000,80,1810354,80,16632316,0
23000,729932,80000,80000,0,0,0,0,0,1810354,80,729852,80,732,732,1461,1581,2,0,1001,732,732,732,730,730,14,1,80000,80,80,80,3,1461,3,1461,80000,80,80000,80,1810354,80,16641033,0
23010,730128,80000,80000,0,0,0,0,0,1810354,80,730048,80,732,732,1462,778,1,1000,642,732,732,732,731,731,24,1,80000,80,80,80,3,1462,3,1462,80000,80,80000,80,1810354,80,16645564,0
23020,730497,80000,80000,0,0,0,0,0,1810354,80,730417,80,733,733,1463,1147,2,0,1076,733,733,733,731,731,0,1,80000,80,80,80,3,1463,3,1463,80000,80,80000,80,1810354,80,16654051,0
23030,730857,80000,80000,0,0,0,0,0,1810354,80,730777,80,733,733,1464,508,1,1000,501,733,733,733,732,732,11,1,80000,80,80,80,3,1464,3,1464,80000,80,80000,80,1810354,80,16662354,0
23040,731052,80000,80000,0,0,0,0,0,1810354,80,730972,80,733,733,1464,703,1,1000,501,733,733,733,732,732,20,1,80000,80,80,80,3,1464,3,1464,80000,80,80000,80,1810354,80,16666885,0
23050,731395,80000,80000,0,0,0,0,0,1810354,80,731315,80,734,734,1465,1046,2,0,1026,734,734,734,732,732,0,1,80000,80,80,80,3,1465,3,1465,80000,80,80000,80,1810354,80,16674728,0
23060,731770,80000,80000,0,0,0,0,0,1810354,80,731690,80,734,734,1465,1421,2,0,1026,734,734,734,732,732,10,1,80000,80,80,80,3,1465,3,1465,80000,80,80000,80,1810354,80,16683353,0
23070,732116,80000,80000,0,0,0,0,0,1810354,80,732036,80,734,734,1466,768,1,1000,759,734,734,734,733,733,20,1,80000,80,80,80,3,1466,3,1466,80000,80,80000,80,1810354,80,16691334,0
23080,732338,80000,80000,0,0,0,0,0,1810354,80,732258,80,734,734,1466,990,1,1000,759,734,734,734,733,733,30,1,80000,80,80,80,3,1466,3,1466,80000,80,80000,80,1810354,80,16696440,0
23090,732705,80000,80000,0,0,0,0,0,1810354,80,732625,80,735,735,1467,1357,2,0,1020,735,735,735,733,733,8,1,80000,80,80,80,3,1467,3,1467,80000,80,80000,80,1810354,80,16704881,0
23100,732919,80000,80000,0,0,0,0,0,1810354,80,732839,80,735,735,1468,572,1,1000,553,735,735,735,734,734,18,1,80000,80,80,80,3,1468,3,1468,80000,80,80000,80,1810354,80,16709826,0
23110,733178,80000,80000,0,0,0,0,0,1810354,80,733098,80,735,735,1468,831,1,1000,553,735,735,735,734,734,28,1,80000,80,80,80,3,1468,3,1468,80000,80,80000,80,1810354,80,16715806,0
23120,733516,80000,80000,0,0,0,0,0,1810354,80,733436,80,736,736,1469,1169,2,0,1012,736,736,736,734,734,4,1,80000,80,80,80,3,1469,3,1469,80000,80,80000,80,1810354,80,16723557,0
23130,733881,80000,80000,0,0,0,0,0,1810354,80,733801,80,736,736,1469,1534,2,0,1012,736,736,736,734,734,14,1,80000,80,80,80,3,1469,3,1469,80000,80,80000,80,1810354,80,16731975,0
23140,734066,80000,80000,0,0,0,0,0,1810354,80,733986,80,736,736,1470,720,1,1000,642,736,736,736,735,735,24,1,80000,80,80,80,3,1470,3,1470,80000,80,80000,80,1810354,80,16736230,0
23150,734449,80000,80000,0,0,0,0,0,1810354,80,734369,80,737,737,1471,1103,2,0,1001,737,737,737,735,735,2,1,80000,80,80,80,3,1471,3,1471,80000,80,80000,80,1810354,80,16745039,0
23160,734813,80000,80000,0,0,0,0,0,1810354,80,734733,80,737,737,1471,1467,2,0,1001,737,737,737,735,735,12,1,80000,80,80,80,3,1471,3,1471,80000,80,80000,80,1810354,80,16753457,0
23170,735179,80000,80000,0,0,0,0,0,1810354,80,735099,80,737,737,1471,1833,2,0,1001,737,737,737,735,735,22,1,80000,80,80,80,3,1471,3,1471,80000,80,80000,80,1810354,80,16761829,0
23180,735366,80000,80000,0,0,0,0,0,1810354,80,735286,80,738,738,1473,1021,2,0,1013,738,738,738,736,736,0,1,80000,80,80,80,3,1473,3,1473,80000,80,80000,80,1810354,80,16766153,0
23190,735701,80000,80000,0,0,0,0,0,1810354,80,735621,80,738,738,1473,1356,2,0,1013,738,738,738,736,736,8,1,80000,80,80,80,3,1473,3,1473,80000,80,80000,80,1810354,80,16773858,0
23200,736061,80000,80000,0,0,0,0,0,1810354,80,735981,80,738,738,1474,717,1,1000,711,738,738,738,737,737,19,1,80000,80,80,80,3,1474,3,1474,80000,80,80000,80,1810354,80,16782161,0
23210,736268,80000,80000,0,0,0,0,0,1810354,80,736188,80,738,738,1474,924,1,1000,711,738,738,738,737,737,28,1,80000,80,80,80,3,1474,3,1474,80000,80,80000,80,1810354,80,16786922,0
23220,736634,80000,80000,0,0,0,0,0,1810354,80,736554,80,739,739,1475,1290,2,0,1015,739,739,739,737,737,6,1,80000,80,80,80,3,1475,3,1475,80000,80,80000,80,1810354,80,16795340,0
23230,736864,80000,80000,0,0,0,0,0,1810354,80,736784,80,739,739,1476,521,1,1000,510,739,739,739,738,738,16,1,80000,80,80,80,3,1476,3,1476,80000,80,80000,80,1810354,80,16800653,0
23240,737194,80000,80000,0,0,0,0,0,1810354,80,737114,80,739,739,1476,851,1,1000,510,739,739,739,738,738,26,1,80000,80,80,80,3,1476,3,1476,80000,80,80000,80,1810354,80,16808243,0
23250,737571,80000,80000,0,0,0,0,0,1810354,80,737491,80,740,740,1477,1228,2,0,1024,740,740,740,738,738,4,1,80000,80,80,80,3,1477,3,1477,80000,80,80000,80,1810354,80,16816914,0
23260,737897,80000,80000,0,0,0,0,0,1810354,80,737817,80,740,740,1477,1554,2,0,1024,740,740,740,738,738,14,1,80000,80,80,80,3,1477,3,1477,80000,80,80000,80,1810354,80,16824412,0
23270,738149,80000,80000,0,0,0,0,0,1810354,80,738069,80,740,740,1478,807,1,1000,801,740,740,740,739,739,24,1,80000,80,80,80,3,1478,3,1478,80000,80,80000,80,1810354,80,16830231,0
23280,738473,80000,80000,0,0,0,0,0,1810354,80,738393,80,741,741,1479,1131,2,0,1026,741,741,741,739,739,2,1,80000,80,80,80,3,1479,3,1479,80000,80,80000,80,1810354,80,16837683,0
23290,738846,80000,80000,0,0,0,0,0,1810354,80,738766,80,741,741,1479,1504,2,0,1026,741,741,741,739,739,12,1,80000,80,80,80,3,1479,3,1479,80000,80,80000,80,1810354,80,16846262,0
23300,739039,80000,80000,0,0,0,0,0,1810354,80,738959,80,741,741,1480,698,1,1000,616,741,741,741,740,740,22,1,80000,80,80,80,3,1480,3,1480,80000,80,80000,80,1810354,80,16850747,0
23310,739411,80000,80000,0,0,0,0,0,1810354,80,739331,80,742,742,1481,1070,2,0,1050,742,742,742,740,740,0,1,80000,80,80,80,3,1481,3,1481,80000,80,80000,80,1810354,80,16859303,0
23320,739746,80000,80000,0,0,0,0,0,1810354,80,739666,80,742,742,1481,1405,2,0,1050,742,742,742,740,740,8,1,80000,80,80,80,3,1481,3,1481,80000,80,80000,80,1810354,80,16866985,0
23330,740107,80000,80000,0,0,0,0,0,1810354,80,740027,80,742,742,1481,1766,2,0,1050,742,742,742,740,740,18,1,80000,80,80,80,3,1481,3,1481,80000,80,80000,80,1810354,80,16875288,0
23340,740305,80000,80000,0,0,0,0,0,1810354,80,740225,80,742,742,1482,965,1,1000,872,742,742,742,741,741,28,1,80000,80,80,80,3,1482,3,1482,80000,80,80000,80,1810354,80,16879888,0
23350,740669,80000,80000,0,0,0,0,0,1810354,80,740589,80,743,743,1483,1329,2,0,1045,743,743,743,741,741,8,1,80000,80,80,80,3,1483,3,1483,80000,80,80000,80,1810354,80,16888237,0
23360,741031,80000,80000,0,0,0,0,0,1810354,80,740951,80,743,743,1484,692,1,1000,688,743,743,743,742,742,18,1,80000,80,80,80,3,1484,3,1484,80000,80,80000,80,1810354,80,16896586,0
23370,741220,80000,80000,0,0,0,0,0,1810354,80,741140,80,743,743,1484,881,1,1000,688,743,743,743,742,742,28,1,80000,80,80,80,3,1484,3,1484,80000,80,80000,80,1810354,80,16900933,0
23380,741597,80000,80000,0,0,0,0,0,1810354,80,741517,80,744,744,1485,1258,2,0,1045,744,744,744,742,742,4,1,80000,80,80,80,3,1485,3,1485,80000,80,80000,80,1810354,80,16909627,0
23390,741862,80000,80000,0,0,0,0,0,1810354,80,741782,80,744,744,1486,524,1,1000,520,744,744,744,743,743,14,1,80000,80,80,80,3,1486,3,1486,80000,80,80000,80,1810354,80,16915722,0
23400,742136,80000,80000,0,0,0,0,0,1810354,80,742056,80,744,744,1486,798,1,1000,520,744,744,744,743,743,24,1,80000,80,80,80,3,1486,3,1486,80000,80,80000,80,1810354,80,16922047,0
23410,742405,80000,80000,0,0,0,0,0,1810354,80,742325,80,745,745,1487,1067,2,0,1048,745,745,745,743,743,0,1,80000,80,80,80,3,1487,3,1487,80000,80,80000,80,1810354,80,16928211,0
23420,742776,80000,80000,0,0,0,0,0,1810354,80,742696,80,745,745,1487,1438,2,0,1048,745,745,745,743,743,10,1,80000,80,80,80,3,1487,3,1487,80000,80,80000,80,1810354,80,16936744,0
23430,742969,80000,80000,0,0,0,0,0,1810354,80,742889,80,745,745,1488,632,1,1000,591,745,745,745,744,744,20,1,80000,80,80,80,3,1488,3,1488,80000,80,80000,80,1810354,80,16941206,0
23440,743339,80000,80000,0,0,0,0,0,1810354,80,743259,80,745,745,1488,1002,2,1000,591,745,746,745,744,744,30,1,80000,80,80,80,3,1488,3,1488,80000,80,80000,80,1810354,80,16949739,0
23450,743703,80000,80000,0,0,0,0,0,1810354,80,743623,80,746,746,1489,1366,2,0,1132,746,746,746,744,744,6,1,80000,80,80,80,3,1489,3,1489,80000,80,80000,80,1810354,80,16958088,0
23460,744035,80000,80000,0,0,0,0,0,1810354,80,743955,80,746,746,1489,1698,2,0,1132,746,746,746,744,744,14,1,80000,80,80,80,3,1489,3,1489,80000,80,80000,80,1810354,80,16965724,0
23470,744223,80000,80000,0,0,0,0,0,1810354,80,744143,80,746,746,1490,887,1,1000,858,746,746,746,745,745,24,1,80000,80,80,80,3,1490,3,1490,80000,80,80000,80,1810354,80,16970117,0
23480,744601,80000,80000,0,0,0,0,0,1810354,80,744521,80,747,747,1491,1265,2,0,1052,747,747,747,745,745,4,1,80000,80,80,80,3,1491,3,1491,80000,80,80000,80,1810354,80,16978765,0
23490,744969,80000,80000,0,0,0,0,0,1810354,80,744889,80,747,747,1491,1633,2,0,1052,747,747,747,745,745,14,1,80000,80,80,80,3,1491,3,1491,80000,80,80000,80,1810354,80,16987252,0
23500,745169,80000,80000,0,0,0,0,0,1810354,80,745089,80,747,747,1492,834,1,1000,683,747,747,747,746,746,26,1,80000,80,80,80,3,1492,3,1492,80000,80,80000,80,1810354,80,16991875,0
23510,745544,80000,80000,0,0,0,0,0,1810354,80,745464,80,748,748,1493,1209,2,0,1055,748,748,748,746,746,2,1,80000,80,80,80,3,1493,3,1493,80000,80,80000,80,1810354,80,17000500,0
23521,745840,80000,80000,0,0,0,0,0,1810354,80,745760,80,748,748,1494,506,1,1000,502,748,748,748,747,747,12,1,80000,80,80,80,3,1494,3,1494,80000,80,80000,80,1810354,80,17007308,0
23530,746075,80000,80000,0,0,0,0,0,1810354,80,745995,80,748,748,1494,741,1,1000,502,748,748,748,747,747,22,1,80000,80,80,80,3,1494,3,1494,80000,80,80000,80,1810354,80,17012713,0
23540,746448,80000,80000,0,0,0,0,0,1810354,80,746368,80,749,749,1495,1114,2,0,1006,749,749,749,747,747,2,1,80000,80,80,80,3,1495,3,1495,80000,80,80000,80,1810354,80,17021292,0
23550,746805,80000,80000,0,0,0,0,0,1810354,80,746725,80,749,749,1495,1471,2,0,1006,749,749,749,747,747,12,1,80000,80,80,80,3,1495,3,1495,80000,80,80000,80,1810354,80,17029503,0
23560,747088,80000,80000,0,0,0,0,0,1810354,80,747008,80,749,749,1496,755,1,1000,753,749,749,749,748,748,22,1,80000,80,80,80,3,1496,3,1496,80000,80,80000,80,1810354,80,17036035,0
23570,747353,80000,80000,0,0,0,0,0,1810354,80,747273,80,749,749,1496,1020,2,1000,753,749,750,749,748,748,32,1,80000,80,80,80,3,1496,3,1496,80000,80,80000,80,1810354,80,17042130,0
23580,747720,80000,80000,0,0,0,0,0,1810354,80,747640,80,750,750,1497,1387,2,0,1050,750,750,750,748,748,8,1,80000,80,80,80,3,1497,3,1497,80000,80,80000,80,1810354,80,17050571,0
23590,747879,80000,80000,0,0,0,0,0,1810354,80,747799,80,750,750,1498,547,1,1000,533,750,750,750,749,749,16,1,80000,80,80,80,3,1498,3,1498,80000,80,80000,80,1810354,80,17054251,0
23600,748254,80000,80000,0,0,0,0,0,1810354,80,748174,80,750,750,1498,922,1,1000,533,750,750,750,749,749,26,1,80000,80,80,80,3,1498,3,1498,80000,80,80000,80,1810354,80,17062899,0
23610,748629,80000,80000,0,0,0,0,0,1810354,80,748549,80,751,751,1499,1297,2,0,1074,751,751,751,749,749,6,1,80000,80,80,80,3,1499,3,1499,80000,80,80000,80,1810354,80,17071501,0
23620,749000,80000,80000,0,0,0,0,0,1810354,80,748920,80,751,751,1499,1668,2,0,1074,751,751,751,749,749,16,1,80000,80,80,80,3,1499,3,1499,80000,80,80000,80,1810354,80,17080034,0
23630,749190,80000,80000,0,0,0,0,0,1810354,80,749110,80,751,751,1500,859,1,1000,830,751,751,751,750,750,26,1,80000,80,80,80,3,1500,3,1500,80000,80,80000,80,1810354,80,17084427,0
23640,749567,80000,80000,0,0,0,0,0,1810354,80,749487,80,752,752,1501,1236,2,0,1074,752,752,752,750,750,4,1,80000,80,80,80,3,1501,3,1501,80000,80,80000,80,1810354,80,17093121,0
23650,749933,80000,80000,0,0,0,0,0,1810354,80,749853,80,752,752,1501,1602,2,0,1074,752,752,752,750,750,14,1,80000,80,80,80,3,1501,3,1501,80000,80,80000,80,1810354,80,17101516,0
23660,750082,80000,80000,0,0,0,0,0,1810354,80,750002,80,752,752,1502,752,1,1000,629,752,752,752,751,751,22,1,80000,80,80,80,3,1502,3,1502,80000,80,80000,80,1810354,80,17104966,0
23670,750442,80000,80000,0,0,0,0,0,1810354,80,750362,80,753,753,1503,1112,2,0,1008,753,753,753,751,751,2,1,80000,80,80,80,3,1503,3,1503,80000,80,80000,80,1810354,80,17113269,0
23680,750741,80000,80000,0,0,0,0,0,1810354,80,750661,80,753,753,1504,412,1,1000,407,753,753,753,752,752,12,1,80000,80,80,80,3,1504,3,1504,80000,80,80000,80,1810354,80,17120146,0
23690,750990,80000,80000,0,0,0,0,0,1810354,80,750910,80,753,753,1504,661,1,1000,407,753,753,753,752,752,22,1,80000,80,80,80,3,1504,3,1504,80000,80,80000,80,1810354,80,17125873,0
23700,751369,80000,80000,0,0,0,0,0,1810354,80,751289,80,753,753,1504,1040,2,1000,407,753,754,753,752,752,32,1,80000,80,80,80,3,1504,3,1504,80000,80,80000,80,1810354,80,17134590,0
23710,751617,80000,80000,0,0,0,0,0,1810354,80,751537,80,754,754,1505,1288,2,0,1048,754,754,754,752,752,6,1,80000,80,80,80,3,1505,3,1505,80000,80,80000,80,1810354,80,17140317,0
23720,751853,80000,80000,0,0,0,0,0,1810354,80,751773,80,754,754,1506,525,1,1000,517,754,754,754,753,753,16,1,80000,80,80,80,3,1506,3,1506,80000,80,80000,80,1810354,80,17145745,0
23730,752144,80000,80000,0,0,0,0,0,1810354,80,752064,80,754,754,1506,816,1,1000,517,754,754,754,753,753,24,1,80000,80,80,80,3,1506,3,1506,80000,80,80000,80,1810354,80,17152438,0
23740,752505,80000,80000,0,0,0,0,0,1810354,80,752425,80,755,755,1507,1177,2,0,1042,755,755,755,753,753,2,1,80000,80,80,80,3,1507,3,1507,80000,80,80000,80,1810354,80,17160741,0
23750,752871,80000,80000,0,0,0,0,0,1810354,80,752791,80,755,755,1507,1543,2,0,1042,755,755,755,753,753,12,1,80000,80,80,80,3,1507,3,1507,80000,80,80000,80,1810354,80,17169205,0
23760,753146,80000,80000,0,0,0,0,0,1810354,80,753066,80,755,755,1508,819,1,1000,808,755,755,755,754,754,22,1,80000,80,80,80,3,1508,3,1508,80000,80,80000,80,1810354,80,17175507,0
23770,753431,80000,80000,0,0,0,0,0,1810354,80,753351,80,756,756,1509,1104,2,0,1031,756,756,756,754,754,2,1,80000,80,80,80,3,1509,3,1509,80000,80,80000,80,1810354,80,17182062,0
23780,753798,80000,80000,0,0,0,0,0,1810354,80,753718,80,756,756,1509,1471,2,0,1031,756,756,756,754,754,12,1,80000,80,80,80,3,1509,3,1509,80000,80,80000,80,1810354,80,17190503,0
23790,754002,80000,80000,0,0,0,0,0,1810354,80,753922,80,756,756,1510,676,1,1000,609,756,756,756,755,755,20,1,80000,80,80,80,3,1510,3,1510,80000,80,80000,80,1810354,80,17195218,0
23800,754325,80000,80000,0,0,0,0,0,1810354,80,754245,80,756,756,1510,999,1,1000,609,756,756,756,755,755,30,1,80000,80,80,80,3,1510,3,1510,80000,80,80000,80,1810354,80,17202647,0
23810,754700,80000,80000,0,0,0,0,0,1810354,80,754620,80,757,757,1511,1374,2,0,1045,757,757,757,755,755,8,1,80000,80,80,80,3,1511,3,1511,80000,80,80000,80,1810354,80,17211295,0
23820,755064,80000,80000,0,0,0,0,0,1810354,80,754984,80,757,757,1511,1738,2,0,1045,757,757,757,755,755,18,1,80000,80,80,80,3,1511,3,1511,80000,80,80000,80,1810354,80,17219644,0
23830,755250,80000,80000,0,0,0,0,0,1810354,80,755170,80,757,757,1512,925,1,1000,865,757,757,757,756,756,28,1,80000,80,80,80,3,1512,3,1512,80000,80,80000,80,1810354,80,17223945,0
23840,755608,80000,80000,0,0,0,0,0,1810354,80,755528,80,758,758,1513,1283,2,0,1027,758,758,758,756,756,6,1,80000,80,80,80,3,1513,3,1513,80000,80,80000,80,1810354,80,17232179,0
23850,755969,80000,80000,0,0,0,0,0,1810354,80,755889,80,758,758,1513,1644,2,0,1027,758,758,758,756,756,16,1,80000,80,80,80,3,1513,3,1513,80000,80,80000,80,1810354,80,17240505,0
23860,756128,80000,80000,0,0,0,0,0,1810354,80,756048,80,758,758,1514,804,1,1000,649,758,758,758,757,757,26,1,80000,80,80,80,3,1514,3,1514,80000,80,80000,80,1810354,80,17244162,0
23870,756485,80000,80000,0,0,0,0,0,1810354,80,756405,80,759,759,1515,1161,2,0,1014,759,759,759,757,757,2,1,80000,80,80,80,3,1515,3,1515,80000,80,80000,80,1810354,80,17252373,0
23880,756850,80000,80000,0,0,0,0,0,1810354,80,756770,80,759,759,1515,1526,2,0,1014,759,759,759,757,757,14,1,80000,80,80,80,3,1515,3,1515,80000,80,80000,80,1810354,80,17260768,0
23890,757067,80000,80000,0,0,0,0,0,1810354,80,756987,80,759,759,1516,744,1,1000,729,759,759,759,758,758,24,1,80000,80,80,80,3,1516,3,1516,80000,80,80000,80,1810354,80,17265782,0
23900,757422,80000,80000,0,0,0,0,0,1810354,80,757342,80,760,760,1517,1099,2,0,1008,760,760,760,758,758,2,1,80000,80,80,80,3,1517,3,1517,80000,80,80000,80,1810354,80,17273947,0
23910,757799,80000,80000,0,0,0,0,0,1810354,80,757719,80,760,760,1517,1476,2,0,1008,760,760,760,758,758,12,1,80000,80,80,80,3,1517,3,1517,80000,80,80000,80,1810354,80,17282618,0
23920,758071,80000,80000,0,0,0,0,0,1810354,80,757991,80,760,760,1518,749,1,1000,747,760,760,760,759,759,22,1,80000,80,80,80,3,1518,3,1518,80000,80,80000,80,1810354,80,17288897,0
23930,758326,80000,80000,0,0,0,0,0,1810354,80,758246,80,760,760,1518,1004,2,1000,747,760,761,760,759,759,30,1,80000,80,80,80,3,1518,3,1518,80000,80,80000,80,1810354,80,17294762,0
23940,758693,80000,80000,0,0,0,0,0,1810354,80,758613,80,761,761,1519,1371,2,0,1013,761,761,761,759,759,8,1,80000,80,80,80,3,1519,3,1519,80000,80,80000,80,1810354,80,17303249,0
23950,758887,80000,80000,0,0,0,0,0,1810354,80,758807,80,761,761,1520,566,1,1000,560,761,761,761,760,760,18,1,80000,80,80,80,3,1520,3,1520,80000,80,80000,80,1810354,80,17307688,0
23960,759259,80000,80000,0,0,0,0,0,1810354,80,759179,80,761,761,1520,938,1,1000,560,761,761,761,760,760,28,1,80000,80,80,80,3,1520,3,1520,80000,80,80000,80,1810354,80,17316244,0
23970,759624,80000,80000,0,0,0,0,0,1810354,80,759544,80,762,762,1521,1303,2,0,1032,762,762,762,760,760,6,1,80000,80,80,80,3,1521,3,1521,80000,80,80000,80,1810354,80,17324662,0
23980,760000,80000,80000,0,0,0,0,0,1810354,80,759920,80,762,762,1521,1679,2,0,1032,762,762,762,760,760,16,1,80000,80,80,80,3,1521,3,1521,80000,80,80000,80,1810354,80,17333287,0
23990,760194,80000,80000,0,0,0,0,0,1810354,80,760114,80,762,762,1522,874,1,1000,864,762,762,762,761,761,26,1,80000,80,80,80,3,1522,3,1522,80000,80,80000,80,1810354,80,17337772,0
24000,760529,80000,80000,0,0,0,0,0,1810354,80,760449,80,763,763,1523,1209,2,0,1030,763,763,763,761,761,4,1,80000,80,80,80,3,1523,3,1523,80000,80,80000,80,1810354,80,17345477,0
24010,760783,80000,80000,0,0,0,0,0,1810354,80,760703,80,763,763,1524,464,1,1000,462,763,763,763,762,762,15,1,80000,80,80,80,3,1524,3,1524,80000,80,80000,80,1810354,80,17351342,0
24020,760972,80000,80000,0,0,0,0,0,1810354,80,760892,80,763,763,1524,653,1,1000,462,763,763,763,762,762,23,1,80000,80,80,80,3,1524,3,1524,80000,80,80000,80,1810354,80,17355689,0
24030,761343,80000,80000,0,0,0,0,0,1810354,80,761263,80,764,764,1525,1024,2,0,1023,764,764,764,762,762,0,1,80000,80,80,80,3,1525,3,1525,80000,80,80000,80,1810354,80,17364222,0
24040,761711,80000,80000,0,0,0,0,0,1810354,80,761631,80,764,764,1525,1392,2,0,1023,764,764,764,762,762,10,1,80000,80,80,80,3,1525,3,1525,80000,80,80000,80,1810354,80,17372709,0
24050,762080,80000,80000,0,0,0,0,0,1810354,80,762000,80,764,764,1526,762,1,1000,753,764,764,764,763,763,20,1,80000,80,80,80,3,1526,3,1526,80000,80,80000,80,1810354,80,17381196,0
24060,762243,80000,80000,0,0,0,0,0,1810354,80,762163,80,764,764,1526,925,1,1000,753,764,764,764,763,763,28,1,80000,80,80,80,3,1526,3,1526,80000,80,80000,80,1810354,80,17384968,0
24070,762606,80000,80000,0,0,0,0,0,1810354,80,762526,80,765,765,1527,1288,2,0,1022,765,765,765,763,763,6,1,80000,80,80,80,3,1527,3,1527,80000,80,80000,80,1810354,80,17393294,0
24080,762845,80000,80000,0,0,0,0,0,1810354,80,762765,80,765,765,1528,528,1,1000,518,765,765,765,764,764,16,1,80000,80,80,80,3,1528,3,1528,80000,80,80000,80,1810354,80,17398814,0
24090,763158,80000,80000,0,0,0,0,0,1810354,80,763078,80,765,765,1528,841,1,1000,518,765,765,765,764,764,26,1,80000,80,80,80,3,1528,3,1528,80000,80,80000,80,1810354,80,17406013,0
24100,763526,80000,80000,0,0,0,0,0,1810354,80,763446,80,766,766,1529,1209,2,0,1021,766,766,766,764,764,4,1,80000,80,80,80,3,1529,3,1529,80000,80,80000,80,1810354,80,17414500,0
24110,763897,80000,80000,0,0,0,0,0,1810354,80,763817,80,766,766,1529,1580,2,0,1021,766,766,766,764,764,14,1,80000,80,80,80,3,1529,3,1529,80000,80,80000,80,1810354,80,17423033,0
24120,764105,80000,80000,0,0,0,0,0,1810354,80,764025,80,766,766,1530,789,1,1000,784,766,766,766,765,765,24,1,80000,80,80,80,3,1530,3,1530,80000,80,80000,80,1810354,80,17427817,0
24130,764416,80000,80000,0,0,0,0,0,1810354,80,764336,80,767,767,1531,1100,2,0,1006,767,767,767,765,765,2,1,80000,80,80,80,3,1531,3,1531,80000,80,80000,80,1810354,80,17435039,0
24140,764790,80000,80000,0,0,0,0,0,1810354,80,764710,80,767,767,1531,1474,2,0,1006,767,767,767,765,765,12,1,80000,80,80,80,3,1531,3,1531,80000,80,80000,80,1810354,80,17443572,0
24150,764978,80000,80000,0,0,0,0,0,1810354,80,764898,80,767,767,1532,663,1,1000,598,767,767,767,766,766,20,1,80000,80,80,80,3,1532,3,1532,80000,80,80000,80,1810354,80,17447919,0
24160,765349,80000,80000,0,0,0,0,0,1810354,80,765269,80,768,768,1533,1034,2,0,1034,768,768,768,766,766,0,1,80000,80,80,80,3,1533,3,1533,80000,80,80000,80,1810354,80,17456452,0
24170,765713,80000,80000,0,0,0,0,0,1810354,80,765633,80,768,768,1533,1399,2,0,1034,768,768,768,766,766,10,1,80000,80,80,80,3,1533,3,1533,80000,80,80000,80,1810354,80,17464847,0
24180,766081,80000,80000,0,0,0,0,0,1810354,80,766001,80,768,768,1533,1766,2,0,1034,768,768,768,766,766,20,1,80000,80,80,80,3,1533,3,1533,80000,80,80000,80,1810354,80,17473334,0
24190,766280,80000,80000,0,0,0,0,0,1810354,80,766200,80,768,768,1534,966,1,1000,847,768,768,768,767,767,30,1,80000,80,80,80,3,1534,3,1534,80000,80,80000,80,1810354,80,17477911,0
24200,766613,80000,80000,0,0,0,0,0,1810354,80,766533,80,769,769,1535,1299,2,0,1037,769,769,769,767,767,6,1,80000,80,80,80,3,1535,3,1535,80000,80,80000,80,1810354,80,17485547,0
24210,766982,80000,80000,0,0,0,0,0,1810354,80,766902,80,769,769,1535,1668,2,0,1037,769,769,769,767,767,16,1,80000,80,80,80,3,1535,3,1535,80000,80,80000,80,1810354,80,17494034,0
24220,767170,80000,80000,0,0,0,0,0,1810354,80,767090,80,769,769,1536,857,1,1000,685,769,769,769,768,768,26,1,80000,80,80,80,3,1536,3,1536,80000,80,80000,80,1810354,80,17498381,0
24230,767536,80000,80000,0,0,0,0,0,1810354,80,767456,80,770,770,1537,1223,2,0,1036,770,770,770,768,768,4,1,80000,80,80,80,3,1537,3,1537,80000,80,80000,80,1810354,80,17506799,0
24240,767806,80000,80000,0,0,0,0,0,1810354,80,767726,80,770,770,1538,494,1,1000,487,770,770,770,769,769,14,1,80000,80,80,80,3,1538,3,1538,80000,80,80000,80,1810354,80,17513032,0
24250,768098,80000,80000,0,0,0,0,0,1810354,80,768018,80,770,770,1538,786,1,1000,487,770,770,770,769,769,24,1,80000,80,80,80,3,1538,3,1538,80000,80,80000,80,1810354,80,17519748,0
24260,768471,80000,80000,0,0,0,0,0,1810354,80,768391,80,771,771,1539,1159,2,0,1033,771,771,771,769,769,2,1,80000,80,80,80,3,1539,3,1539,80000,80,80000,80,1810354,80,17528327,0
24270,768801,80000,80000,0,0,0,0,0,1810354,80,768721,80,771,771,1539,1489,2,0,1033,771,771,771,769,769,12,1,80000,80,80,80,3,1539,3,1539,80000,80,80000,80,1810354,80,17535963,0
24280,769092,80000,80000,0,0,0,0,0,1810354,80,769012,80,771,771,1540,781,1,1000,776,771,771,771,770,770,22,1,80000,80,80,80,3,1540,3,1540,80000,80,80000,80,1810354,80,17542633,0
24290,769353,80000,80000,0,0,0,0,0,1810354,80,769273,80,772,772,1541,1042,2,0,1039,772,772,772,770,770,0,1,80000,80,80,80,3,1541,3,1541,80000,80,80000,80,1810354,80,17548636,0
24300,769714,80000,80000,0,0,0,0,0,1810354,80,769634,80,772,772,1541,1403,2,0,1039,772,772,772,770,770,10,1,80000,80,80,80,3,1541,3,1541,80000,80,80000,80,1810354,80,17557008,0
24310,769789,80000,80000,0,0,0,0,0,1810354,80,769709,80,772,772,1542,479,1,1000,414,772,772,772,771,771,19,1,80000,80,80,80,3,1542,3,1542,80000,80,80000,80,1810354,80,17558687,0
24320,770151,80000,80000,0,0,0,0,0,1810354,80,770071,80,772,772,1542,841,1,1000,414,772,772,772,771,771,29,1,80000,80,80,80,3,1542,3,1542,80000,80,80000,80,1810354,80,17567013,0
24330,770482,80000,80000,0,0,0,0,0,1810354,80,770402,80,773,773,1543,1172,2,0,1017,773,773,773,771,771,4,1,80000,80,80,80,3,1543,3,1543,80000,80,80000,80,1810354,80,17574626,0
24340,770841,80000,80000,0,0,0,0,0,1810354,80,770761,80,773,773,1543,1531,2,0,1017,773,773,773,771,771,14,1,80000,80,80,80,3,1543,3,1543,80000,80,80000,80,1810354,80,17582883,0
24350,771032,80000,80000,0,0,0,0,0,1810354,80,770952,80,773,773,1544,723,1,1000,620,773,773,773,772,772,24,1,80000,80,80,80,3,1544,3,1544,80000,80,80000,80,1810354,80,17587299,0
24360,771400,80000,80000,0,0,0,0,0,1810354,80,771320,80,774,774,1545,1091,2,0,1024,774,774,774,772,772,0,1,80000,80,80,80,3,1545,3,1545,80000,80,80000,80,1810354,80,17595763,0
24370,771766,80000,80000,0,0,0,0,0,1810354,80,771686,80,774,774,1545,1457,2,0,1024,774,774,774,772,772,10,1,80000,80,80,80,3,1545,3,1545,80000,80,80000,80,1810354,80,17604181,0
24380,772123,80000,80000,0,0,0,0,0,1810354,80,772043,80,774,774,1545,1814,2,0,1024,774,774,774,772,772,20,1,80000,80,80,80,3,1545,3,1545,80000,80,80000,80,1810354,80,17612392,0
24390,772318,80000,80000,0,0,0,0,0,1810354,80,772238,80,774,774,1546,1010,2,1000,852,774,775,774,773,773,30,1,80000,80,80,80,3,1546,3,1546,80000,80,80000,80,1810354,80,17616900,0
24400,772684,80000,80000,0,0,0,0,0,1810354,80,772604,80,775,775,1547,1376,2,0,1011,775,775,775,773,773,10,1,80000,80,80,80,3,1547,3,1547,80000,80,80000,80,1810354,80,17625318,0
24410,772990,80000,80000,0,0,0,0,0,1810354,80,772910,80,775,775,1548,683,1,1000,678,775,775,775,774,774,18,1,80000,80,80,80,3,1548,3,1548,80000,80,80000,80,1810354,80,17632379,0
24420,773192,80000,80000,0,0,0,0,0,1810354,80,773112,80,775,775,1548,885,1,1000,678,775,775,775,774,774,28,1,80000,80,80,80,3,1548,3,1548,80000,80,80000,80,1810354,80,17637025,0
24430,773545,80000,80000,0,0,0,0,0,1810354,80,773465,80,776,776,1549,1238,2,0,1072,776,776,776,774,774,4,1,80000,80,80,80,3,1549,3,1549,80000,80,80000,80,1810354,80,17645144,0
24440,773804,80000,80000,0,0,0,0,0,1810354,80,773724,80,776,776,1550,498,1,1000,492,776,776,776,775,775,14,1,80000,80,80,80,3,1550,3,1550,80000,80,80000,80,1810354,80,17651124,0
24450,774081,80000,80000,0,0,0,0,0,1810354,80,774001,80,776,776,1550,775,1,1000,492,776,776,776,775,775,24,1,80000,80,80,80,3,1550,3,1550,80000,80,80000,80,1810354,80,17657495,0
24460,774445,80000,80000,0,0,0,0,0,1810354,80,774365,80,777,777,1551,1139,2,0,1029,777,777,777,775,775,2,1,80000,80,80,80,3,1551,3,1551,80000,80,80000,80,1810354,80,17665867,0
24470,774782,80000,80000,0,0,0,0,0,1810354,80,774702,80,777,777,1551,1476,2,0,1029,777,777,777,775,775,12,1,80000,80,80,80,3,1551,3,1551,80000,80,80000,80,1810354,80,17673641,0
24480,775081,80000,80000,0,0,0,0,0,1810354,80,775001,80,777,777,1552,776,1,1000,773,777,777,777,776,776,22,1,80000,80,80,80,3,1552,3,1552,80000,80,80000,80,1810354,80,17680518,0
24490,775268,80000,80000,0,0,0,0,0,1810354,80,775188,80,777,777,1552,963,1,1000,773,777,777,777,776,776,32,1,80000,80,80,80,3,1552,3,1552,80000,80,80000,80,1810354,80,17684842,0
24500,775608,80000,80000,0,0,0,0,0,1810354,80,775528,80,778,778,1553,1303,2,0,1117,778,778,778,776,776,4,1,80000,80,80,80,3,1553,3,1553,80000,80,80000,80,1810354,80,17692639,0
24510,775860,80000,80000,0,0,0,0,0,1810354,80,775780,80,778,778,1554,556,1,1000,551,778,778,778,777,777,14,1,80000,80,80,80,3,1554,3,1554,80000,80,80000,80,1810354,80,17698458,0
24520,776130,80000,80000,0,0,0,0,0,1810354,80,776050,80,778,778,1554,826,1,1000,551,778,778,778,777,777,24,1,80000,80,80,80,3,1554,3,1554,80000,80,80000,80,1810354,80,17704668,0
24530,776487,80000,80000,0,0,0,0,0,1810354,80,776407,80,779,779,1555,1183,2,0,1056,779,779,779,777,777,2,1,80000,80,80,80,3,1555,3,1555,80000,80,80000,80,1810354,80,17712879,0
24540,776827,80000,80000,0,0,0,0,0,1810354,80,776747,80,779,779,1555,1523,2,0,1056,779,779,779,777,777,12,1,80000,80,80,80,3,1555,3,1555,80000,80,80000,80,1810354,80,17720699,0
24550,777104,80000,80000,0,0,0,0,0,1810354,80,777024,80,779,779,1556,801,1,1000,793,779,779,779,778,778,22,1,80000,80,80,80,3,1556,3,1556,80000,80,80000,80,1810354,80,17727093,0
24560,777312,80000,80000,0,0,0,0,0,1810354,80,777232,80,779,779,1556,1009,2,1000,793,779,780,779,778,778,32,1,80000,80,80,80,3,1556,3,1556,80000,80,80000,80,1810354,80,17731877,0
24570,777640,80000,80000,0,0,0,0,0,1810354,80,777560,80,780,780,1557,1337,2,0,1121,780,780,780,778,778,6,1,80000,80,80,80,3,1557,3,1557,80000,80,80000,80,1810354,80,17739421,0
24580,777902,80000,80000,0,0,0,0,0,1810354,80,777822,80,780,780,1558,600,1,1000,596,780,780,780,779,779,16,1,80000,80,80,80,3,1558,3,1558,80000,80,80000,80,1810354,80,17745470,0
24590,778154,80000,80000,0,0,0,0,0,1810354,80,778074,80,780,780,1558,852,1,1000,596,780,780,780,779,779,26,1,80000,80,80,80,3,1558,3,1558,80000,80,80000,80,1810354,80,17751266,0
24600,778521,80000,80000,0,0,0,0,0,1810354,80,778441,80,781,781,1559,1219,2,0,1045,781,781,781,779,779,4,1,80000,80,80,80,3,1559,3,1559,80000,80,80000,80,1810354,80,17759730,0
24610,778664,80000,80000,0,0,0,0,0,1810354,80,778584,80,781,781,1560,363,1,1000,358,781,781,781,780,780,14,1,80000,80,80,80,3,1560,3,1560,80000,80,80000,80,1810354,80,17763019,0
24620,778915,80000,80000,0,0,0,0,0,1810354,80,778835,80,781,781,1560,614,1,1000,358,781,781,781,780,780,24,1,80000,80,80,80,3,1560,3,1560,80000,80,80000,80,1810354,80,17768815,0
24630,779292,80000,80000,0,0,0,0,0,1810354,80,779212,80,781,781,1560,991,1,1000,358,781,781,781,780,780,34,1,80000,80,80,80,3,1560,3,1560,80000,80,80000,80,1810354,80,17777463,0
24640,779662,80000,80000,0,0,0,0,0,1810354,80,779582,80,782,782,1561,1361,2,0,1152,782,782,782,780,780,4,1,80000,80,80,80,3,1561,3,1561,80000,80,80000,80,1810354,80,17785996,0
24650,779881,80000,80000,0,0,0,0,0,1810354,80,779801,80,782,782,1562,581,1,1000,571,782,782,782,781,781,14,1,80000,80,80,80,3,1562,3,1562,80000,80,80000,80,1810354,80,17791033,0
24660,780213,80000,80000,0,0,0,0,0,1810354,80,780133,80,782,782,1562,913,1,1000,571,782,782,782,781,781,24,1,80000,80,80,80,3,1562,3,1562,80000,80,80000,80,1810354,80,17798669,0
24670,780579,80000,80000,0,0,0,0,0,1810354,80,780499,80,783,783,1563,1279,2,0,1068,783,783,783,781,781,4,1,80000,80,80,80,3,1563,3,1563,80000,80,80000,80,1810354,80,17807087,0
24680,780947,80000,80000,0,0,0,0,0,1810354,80,780867,80,783,783,1563,1647,2,0,1068,783,783,783,781,781,14,1,80000,80,80,80,3,1563,3,1563,80000,80,80000,80,1810354,80,17815551,0
24690,781152,80000,80000,0,0,0,0,0,1810354,80,781072,80,783,783,1564,853,1,1000,849,783,783,783,782,782,24,1,80000,80,80,80,3,1564,3,1564,80000,80,80000,80,1810354,80,17820289,0
24700,781447,80000,80000,0,0,0,0,0,1810354,80,781367,80,784,784,1565,1148,2,0,1050,784,784,784,782,782,2,1,80000,80,80,80,3,1565,3,1565,80000,80,80000,80,1810354,80,17827074,0
24710,781808,80000,80000,0,0,0,0,0,1810354,80,781728,80,784,784,1565,1509,2,0,1050,784,784,784,782,782,12,1,80000,80,80,80,3,1565,3,1565,80000,80,80000,80,1810354,80,17835377,0
24720,781994,80000,80000,0,0,0,0,0,1810354,80,781914,80,784,784,1566,696,1,1000,658,784,784,784,783,783,22,1,80000,80,80,80,3,1566,3,1566,80000,80,80000,80,1810354,80,17839701,0
24730,782360,80000,80000,0,0,0,0,0,1810354,80,782280,80,785,785,1567,1062,2,0,1042,785,785,785,783,783,0,1,80000,80,80,80,3,1567,3,1567,80000,80,80000,80,1810354,80,17848096,0
24740,782722,80000,80000,0,0,0,0,0,1810354,80,782642,80,785,785,1567,1424,2,0,1042,785,785,785,783,783,10,1,80000,80,80,80,3,1567,3,1567,80000,80,80000,80,1810354,80,17856422,0
24750,782918,80000,80000,0,0,0,0,0,1810354,80,782838,80,785,785,1568,621,1,1000,477,785,785,785,784,784,20,1,80000,80,80,80,3,1568,3,1568,80000,80,80000,80,1810354,80,17860976,0
24760,783284,80000,80000,0,0,0,0,0,1810354,80,783204,80,785,785,1568,987,1,1000,477,785,785,785,784,784,30,1,80000,80,80,80,3,1568,3,1568,80000,80,80000,80,1810354,80,17869371,0
24770,783596,80000,80000,0,0,0,0,0,1810354,80,783516,80,786,786,1569,1299,2,0,1027,786,786,786,784,784,6,1,80000,80,80,80,3,1569,3,1569,80000,80,80000,80,1810354,80,17876593,0
24780,783958,80000,80000,0,0,0,0,0,1810354,80,783878,80,786,786,1569,1661,2,0,1027,786,786,786,784,784,16,1,80000,80,80,80,3,1569,3,1569,80000,80,80000,80,1810354,80,17884873,0
24790,784140,80000,80000,0,0,0,0,0,1810354,80,784060,80,786,786,1570,844,1,1000,791,786,786,786,785,785,27,1,80000,80,80,80,3,1570,3,1570,80000,80,80000,80,1810354,80,17889082,0
24800,784496,80000,80000,0,0,0,0,0,1810354,80,784416,80,787,787,1571,1200,2,0,1020,787,787,787,785,785,4,1,80000,80,80,80,3,1571,3,1571,80000,80,80000,80,1810354,80,17897270,0
24810,784847,80000,80000,0,0,0,0,0,1810354,80,784767,80,787,787,1571,1551,2,0,1020,787,787,787,785,785,14,1,80000,80,80,80,3,1571,3,1571,80000,80,80000,80,1810354,80,17905366,0
24820,785036,80000,80000,0,0,0,0,0,1810354,80,784956,80,787,787,1572,741,1,1000,608,787,787,787,786,786,24,1,80000,80,80,80,3,1572,3,1572,80000,80,80000,80,1810354,80,17909713,0
24830,785396,80000,80000,0,0,0,0,0,1810354,80,785316,80,788,788,1573,1101,2,0,1052,788,788,788,786,786,0,1,80000,80,80,80,3,1573,3,1573,80000,80,80000,80,1810354,80,17917993,0
24841,785721,80000,80000,0,0,0,0,0,1810354,80,785641,80,788,788,1574,427,1,1000,416,788,788,788,787,787,10,1,80000,80,80,80,3,1574,3,1574,80000,80,80000,80,1810354,80,17925491,0
24850,785908,80000,80000,0,0,0,0,0,1810354,80,785828,80,788,788,1574,614,1,1000,416,788,788,788,787,787,18,1,80000,80,80,80,3,1574,3,1574,80000,80,80000,80,1810354,80,17929792,0
24860,786266,80000,80000,0,0,0,0,0,1810354,80,786186,80,788,788,1574,972,1,1000,416,788,788,788,787,787,30,1,80000,80,80,80,3,1574,3,1574,80000,80,80000,80,1810354,80,17938026,0
24870,786615,80000,80000,0,0,0,0,0,1810354,80,786535,80,789,789,1575,1321,2,0,1036,789,789,789,787,787,8,1,80000,80,80,80,3,1575,3,1575,80000,80,80000,80,1810354,80,17946076,0
24880,786971,80000,80000,0,0,0,0,0,1810354,80,786891,80,789,789,1575,1677,2,0,1036,789,789,789,787,787,18,1,80000,80,80,80,3,1575,3,1575,80000,80,80000,80,1810354,80,17954241,0
24890,787137,80000,80000,0,0,0,0,0,1810354,80,787057,80,789,789,1576,844,1,1000,708,789,789,789,788,788,28,1,80000,80,80,80,3,1576,3,1576,80000,80,80000,80,1810354,80,17958105,0
24900,787463,80000,80000,0,0,0,0,0,1810354,80,787383,80,790,790,1577,1170,2,0,1032,790,790,790,788,788,2,1,80000,80,80,80,3,1577,3,1577,80000,80,80000,80,1810354,80,17965580,0
24910,787701,80000,80000,0,0,0,0,0,1810354,80,787621,80,790,790,1578,409,1,1000,397,790,790,790,789,789,13,1,80000,80,80,80,3,1578,3,1578,80000,80,80000,80,1810354,80,17971077,0
24920,787905,80000,80000,0,0,0,0,0,1810354,80,787825,80,790,790,1578,613,1,1000,397,790,790,790,789,789,22,1,80000,80,80,80,3,1578,3,1578,80000,80,80000,80,1810354,80,17975769,0
24930,788260,80000,80000,0,0,0,0,0,1810354,80,788180,80,790,790,1578,968,1,1000,397,790,790,790,789,789,32,1,80000,80,80,80,3,1578,3,1578,80000,80,80000,80,1810354,80,17983934,0
24940,788615,80000,80000,0,0,0,0,0,1810354,80,788535,80,791,791,1579,1323,2,0,1043,791,791,791,789,789,6,1,80000,80,80,80,3,1579,3,1579,80000,80,80000,80,1810354,80,17992099,0
24950,788970,80000,80000,0,0,0,0,0,1810354,80,788890,80,791,791,1579,1678,2,0,1043,791,791,791,789,789,18,1,80000,80,80,80,3,1579,3,1579,80000,80,80000,80,1810354,80,18000264,0
24960,789138,80000,80000,0,0,0,0,0,1810354,80,789058,80,791,791,1580,847,1,1000,714,791,791,791,790,790,28,1,80000,80,80,80,3,1580,3,1580,80000,80,80000,80,1810354,80,18004174,0
24970,789453,80000,80000,0,0,0,0,0,1810354,80,789373,80,792,792,1581,1162,2,0,1051,792,792,792,790,790,2,1,80000,80,80,80,3,1581,3,1581,80000,80,80000,80,1810354,80,18011442,0
24980,789796,80000,80000,0,0,0,0,0,1810354,80,789716,80,792,792,1581,1505,2,0,1051,792,792,792,790,790,12,1,80000,80,80,80,3,1581,3,1581,80000,80,80000,80,1810354,80,18019285,0
24990,789984,80000,80000,0,0,0,0,0,1810354,80,789904,80,792,792,1582,694,1,1000,536,792,792,792,791,791,22,1,80000,80,80,80,3,1582,3,1582,80000,80,80000,80,1810354,80,18023632,0
25000,790327,80000,80000,0,0,0,0,0,1810354,80,790247,80,793,793,1583,1037,2,0,1008,793,793,793,791,791,0,1,80000,80,80,80,3,1583,3,1583,80000,80,80000,80,1810354,80,18031521,0
25010,790663,80000,80000,0,0,0,0,0,1810354,80,790583,80,793,793,1583,1373,2,0,1008,793,793,793,791,791,10,1,80000,80,80,80,3,1583,3,1583,80000,80,80000,80,1810354,80,18039249,0
25020,791011,80000,80000,0,0,0,0,0,1810354,80,790931,80,793,793,1583,1721,2,0,1008,793,793,793,791,791,20,1,80000,80,80,80,3,1583,3,1583,80000,80,80000,80,1810354,80,18047276,0
25030,791197,80000,80000,0,0,0,0,0,1810354,80,791117,80,793,793,1584,908,1,1000,792,793,793,793,792,792,30,1,80000,80,80,80,3,1584,3,1584,80000,80,80000,80,1810354,80,18051554,0
25040,791546,80000,80000,0,0,0,0,0,1810354,80,791466,80,794,794,1585,1257,2,0,1006,794,794,794,792,792,6,1,80000,80,80,80,3,1585,3,1585,80000,80,80000,80,1810354,80,18059650,0
25050,791846,80000,80000,0,0,0,0,0,1810354,80,791766,80,794,794,1585,1557,2,0,1006,794,794,794,792,792,16,1,80000,80,80,80,3,1585,3,1585,80000,80,80000,80,1810354,80,18066481,0
25060,792037,80000,80000,0,0,0,0,0,1810354,80,791957,80,794,794,1586,749,1,1000,584,794,794,794,793,793,24,1,80000,80,80,80,3,1586,3,1586,80000,80,80000,80,1810354,80,18070897,0
25070,792374,80000,80000,0,0,0,0,0,1810354,80,792294,80,795,795,1587,1086,2,0,1015,795,795,795,793,793,0,1,80000,80,80,80,3,1587,3,1587,80000,80,80000,80,1810354,80,18078648,0
25080,792724,80000,80000,0,0,0,0,0,1810354,80,792644,80,795,795,1587,1436,2,0,1015,795,795,795,793,793,12,1,80000,80,80,80,3,1587,3,1587,80000,80,80000,80,1810354,80,18086721,0
25090,793064,80000,80000,0,0,0,0,0,1810354,80,792984,80,795,795,1587,1776,2,0,1015,795,795,795,793,793,22,1,80000,80,80,80,3,1587,3,1587,80000,80,80000,80,1810354,80,18094564,0
25100,793246,80000,80000,0,0,0,0,0,1810354,80,793166,80,795,795,1588,959,1,1000,808,795,795,795,794,794,32,1,80000,80,80,80,3,1588,3,1588,80000,80,80000,80,1810354,80,18098750,0
25110,793547,80000,80000,0,0,0,0,0,1810354,80,793467,80,796,796,1589,1260,2,0,1012,796,796,796,794,794,6,1,80000,80,80,80,3,1589,3,1589,80000,80,80000,80,1810354,80,18105673,0
25120,793860,80000,80000,0,0,0,0,0,1810354,80,793780,80,796,796,1590,574,1,1000,568,796,796,796,795,795,16,1,80000,80,80,80,3,1590,3,1590,80000,80,80000,80,1810354,80,18112872,0
25130,794061,80000,80000,0,0,0,0,0,1810354,80,793981,80,796,796,1590,775,1,1000,568,796,796,796,795,795,26,1,80000,80,80,80,3,1590,3,1590,80000,80,80000,80,1810354,80,18117495,0
25140,794413,80000,80000,0,0,0,0,0,1810354,80,794333,80,797,797,1591,1127,2,0,1029,797,797,797,795,795,2,1,80000,80,80,80,3,1591,3,1591,80000,80,80000,80,1810354,80,18125591,0
25150,794775,80000,80000,0,0,0,0,0,1810354,80,794695,80,797,797,1591,1489,2,0,1029,797,797,797,795,795,12,1,80000,80,80,80,3,1591,3,1591,80000,80,80000,80,1810354,80,18133917,0
25160,795116,80000,80000,0,0,0,0,0,1810354,80,795036,80,797,797,1592,831,1,1000,827,797,797,797,796,796,22,1,80000,80,80,80,3,1592,3,1592,80000,80,80000,80,1810354,80,18141783,0
25170,795306,80000,80000,0,0,0,0,0,1810354,80,795226,80,797,797,1592,1021,2,1000,827,797,798,797,796,796,32,1,80000,80,80,80,3,1592,3,1592,80000,80,80000,80,1810354,80,18146153,0
25180,795656,80000,80000,0,0,0,0,0,1810354,80,795576,80,798,798,1593,1371,2,0,1059,798,798,798,796,796,8,1,80000,80,80,80,3,1593,3,1593,80000,80,80000,80,1810354,80,18154226,0
25190,795900,80000,80000,0,0,0,0,0,1810354,80,795820,80,798,798,1594,616,1,1000,611,798,798,798,797,797,18,1,80000,80,80,80,3,1594,3,1594,80000,80,80000,80,1810354,80,18159838,0
25200,796164,80000,80000,0,0,0,0,0,1810354,80,796084,80,798,798,1594,880,1,1000,611,798,798,798,797,797,26,1,80000,80,80,80,3,1594,3,1594,80000,80,80000,80,1810354,80,18165910,0
25210,796416,80000,80000,0,0,0,0,0,1810354,80,796336,80,799,799,1595,1132,2,0,1044,799,799,799,797,797,2,1,80000,80,80,80,3,1595,3,1595,80000,80,80000,80,1810354,80,18171729,0
25220,796782,80000,80000,0,0,0,0,0,1810354,80,796702,80,799,799,1595,1498,2,0,1044,799,799,799,797,797,12,1,80000,80,80,80,3,1595,3,1595,80000,80,80000,80,1810354,80,18180124,0
25230,797032,80000,80000,0,0,0,0,0,1810354,80,796952,80,799,799,1596,749,1,1000,744,799,799,799,798,798,22,1,80000,80,80,80,3,1596,3,1596,80000,80,80000,80,1810354,80,18185897,0
25240,797328,80000,80000,0,0,0,0,0,1810354,80,797248,80,800,800,1597,1045,2,0,1017,800,800,800,798,798,0,1,80000,80,80,80,3,1597,3,1597,80000,80,80000,80,1810354,80,18192705,0
25250,797689,80000,80000,0,0,0,0,0,1810354,80,797609,80,800,800,1597,1406,2,0,1017,800,800,800,798,798,10,1,80000,80,80,80,3,1597,3,1597,80000,80,80000,80,1810354,80,18201008,0
25261,797889,80000,80000,0,0,0,0,0,1810354,80,797809,80,800,800,1598,607,1,1000,592,800,800,800,799,799,20,1,80000,80,80,80,3,1598,3,1598,80000,80,80000,80,1810354,80,18205631,0
25270,798218,80000,80000,0,0,0,0,0,1810354,80,798138,80,800,800,1598,936,1,1000,592,800,800,800,799,799,28,1,80000,80,80,80,3,1598,3,1598,80000,80,80000,80,1810354,80,18213198,0
25280,798575,80000,80000,0,0,0,0,0,1810354,80,798495,80,801,801,1599,1293,2,0,1032,801,801,801,799,799,6,1,80000,80,80,80,3,1599,3,1599,80000,80,80000,80,1810354,80,18221409,0
25290,798941,80000,80000,0,0,0,0,0,1810354,80,798861,80,801,801,1599,1659,2,0,1032,801,801,801,799,799,16,1,80000,80,80,80,3,1599,3,1599,80000,80,80000,80,1810354,80,18229850,0
25300,799179,80000,80000,0,0,0,0,0,1810354,80,799099,80,801,801,1600,898,1,1000,894,801,801,801,800,800,26,1,80000,80,80,80,3,1600,3,1600,80000,80,80000,80,1810354,80,18235324,0
25310,799474,80000,80000,0,0,0,0,0,1810354,80,799394,80,802,802,1601,1193,2,0,1068,802,802,802,800,800,2,1,80000,80,80,80,3,1601,3,1601,80000,80,80000,80,1810354,80,18242132,0
25320,799826,80000,80000,0,0,0,0,0,1810354,80,799746,80,802,802,1601,1545,2,0,1068,802,802,802,800,800,12,1,80000,80,80,80,3,1601,3,1601,80000,80,80000,80,1810354,80,18250228,0
25330,800020,80000,80000,0,0,0,0,0,1810354,80,799940,80,802,802,1602,740,1,1000,725,802,802,802,801,801,22,1,80000,80,80,80,3,1602,3,1602,80000,80,80000,80,1810354,80,18254690,0
25340,800376,80000,80000,0,0,0,0,0,1810354,80,800296,80,803,803,1603,1096,2,0,1050,803,803,803,801,801,0,1,80000,80,80,80,3,1603,3,1603,80000,80,80000,80,1810354,80,18262878,0
25350,800697,80000,80000,0,0,0,0,0,1810354,80,800617,80,803,803,1603,1417,2,0,1050,803,803,803,801,801,10,1,80000,80,80,80,3,1603,3,1603,80000,80,80000,80,1810354,80,18270284,0
25360,800892,80000,80000,0,0,0,0,0,1810354,80,800812,80,803,803,1604,613,1,1000,565,803,803,803,802,802,20,1,80000,80,80,80,3,1604,3,1604,80000,80,80000,80,1810354,80,18274769,0
25370,801250,80000,80000,0,0,0,0,0,1810354,80,801170,80,803,803,1604,971,1,1000,565,803,803,803,802,802,30,1,80000,80,80,80,3,1604,3,1604,80000,80,80000,80,1810354,80,18283003,0
25380,801605,80000,80000,0,0,0,0,0,1810354,80,801525,80,804,804,1605,1326,2,0,1026,804,804,804,802,802,8,1,80000,80,80,80,3,1605,3,1605,80000,80,80000,80,1810354,80,18291168,0
25390,801943,80000,80000,0,0,0,0,0,1810354,80,801863,80,804,804,1605,1664,2,0,1026,804,804,804,802,802,18,1,80000,80,80,80,3,1605,3,1605,80000,80,80000,80,1810354,80,18298942,0
25400,802131,80000,80000,0,0,0,0,0,1810354,80,802051,80,804,804,1606,853,1,1000,812,804,804,804,803,803,28,1,80000,80,80,80,3,1606,3,1606,80000,80,80000,80,1810354,80,18303289,0
25410,802480,80000,80000,0,0,0,0,0,1810354,80,802400,80,805,805,1607,1202,2,0,1068,805,805,805,803,803,2,1,80000,80,80,80,3,1607,3,1607,80000,80,80000,80,1810354,80,18311339,0
25420,802824,80000,80000,0,0,0,0,0,1810354,80,802744,80,805,805,1607,1546,2,0,1068,805,805,805,803,803,12,1,80000,80,80,80,3,1607,3,1607,80000,80,80000,80,1810354,80,18319228,0
25430,802979,80000,80000,0,0,0,0,0,1810354,80,802899,80,805,805,1608,702,1,1000,615,805,805,805,804,804,22,1,80000,80,80,80,3,1608,3,1608,80000,80,80000,80,1810354,80,18322816,0
25440,803340,80000,80000,0,0,0,0,0,1810354,80,803260,80,806,806,1609,1063,2,0,1028,806,806,806,804,804,0,1,80000,80,80,80,3,1609,3,1609,80000,80,80000,80,1810354,80,18331119,0
25450,803681,80000,80000,0,0,0,0,0,1810354,80,803601,80,806,806,1609,1404,2,0,1028,806,806,806,804,804,10,1,80000,80,80,80,3,1609,3,1609,80000,80,80000,80,1810354,80,18338962,0
25460,803869,80000,80000,0,0,0,0,0,1810354,80,803789,80,806,806,1610,593,1,1000,441,806,806,806,805,805,20,1,80000,80,80,80,3,1610,3,1610,80000,80,80000,80,1810354,80,18343332,0
25470,804227,80000,80000,0,0,0,0,0,1810354,80,804147,80,806,806,1610,951,1,1000,441,806,806,806,805,805,30,1,80000,80,80,80,3,1610,3,1610,80000,80,80000,80,1810354,80,18351543,0
25480,804579,80000,80000,0,0,0,0,0,1810354,80,804499,80,807,807,1611,1303,2,0,1074,807,807,807,805,805,6,1,80000,80,80,80,3,1611,3,1611,80000,80,80000,80,1810354,80,18359639,0
25490,804926,80000,80000,0,0,0,0,0,1810354,80,804846,80,807,807,1611,1650,2,0,1074,807,807,807,805,805,16,1,80000,80,80,80,3,1611,3,1611,80000,80,80000,80,1810354,80,18367620,0
25500,805071,80000,80000,0,0,0,0,0,1810354,80,804991,80,807,807,1612,796,1,1000,726,807,807,807,806,806,24,1,80000,80,80,80,3,1612,3,1612,80000,80,80000,80,1810354,80,18371001,0
25510,805325,80000,80000,0,0,0,0,0,1810354,80,805245,80,808,808,1613,1050,2,0,1039,808,808,808,806,806,0,1,80000,80,80,80,3,1613,3,1613,80000,80,80000,80,1810354,80,18376820,0
25520,805667,80000,80000,0,0,0,0,0,1810354,80,805587,80,808,808,1613,1392,2,0,1039,808,808,808,806,806,10,1,80000,80,80,80,3,1613,3,1613,80000,80,80000,80,1810354,80,18384709,0
25530,806007,80000,80000,0,0,0,0,0,1810354,80,805927,80,808,808,1613,1732,2,0,1039,808,808,808,806,806,20,1,80000,80,80,80,3,1613,3,1613,80000,80,80000,80,1810354,80,18392506,0
25540,806182,80000,80000,0,0,0,0,0,1810354,80,806102,80,808,808,1614,908,1,1000,835,808,808,808,807,807,30,1,80000,80,80,80,3,1614,3,1614,80000,80,80000,80,1810354,80,18396554,0
25550,806530,80000,80000,0,0,0,0,0,1810354,80,806450,80,809,809,1615,1256,2,0,1048,809,809,809,807,807,6,1,80000,80,80,80,3,1615,3,1615,80000,80,80000,80,1810354,80,18404558,0
25560,806839,80000,80000,0,0,0,0,0,1810354,80,806759,80,809,809,1615,1565,2,0,1048,809,809,809,807,807,14,1,80000,80,80,80,3,1615,3,1615,80000,80,80000,80,1810354,80,18411665,0
25570,807020,80000,80000,0,0,0,0,0,1810354,80,806940,80,809,809,1616,747,1,1000,621,809,809,809,808,808,24,1,80000,80,80,80,3,1616,3,1616,80000,80,80000,80,1810354,80,18415851,0
25580,807374,80000,80000,0,0,0,0,0,1810354,80,807294,80,810,810,1617,1101,2,0,1048,810,810,810,808,808,0,1,80000,80,80,80,3,1617,3,1617,80000,80,80000,80,1810354,80,18424016,0
25590,807711,80000,80000,0,0,0,0,0,1810354,80,807631,80,810,810,1617,1438,2,0,1048,810,810,810,808,808,10,1,80000,80,80,80,3,1617,3,1617,80000,80,80000,80,1810354,80,18431767,0
25600,807889,80000,80000,0,0,0,0,0,1810354,80,807809,80,810,810,1618,617,1,1000,481,810,810,810,809,809,20,1,80000,80,80,80,3,1618,3,1618,80000,80,80000,80,1810354,80,18435861,0
25610,808233,80000,80000,0,0,0,0,0,1810354,80,808153,80,810,810,1618,961,1,1000,481,810,810,810,809,809,30,1,80000,80,80,80,3,1618,3,1618,80000,80,80000,80,1810354,80,18443796,0
25620,808587,80000,80000,0,0,0,0,0,1810354,80,808507,80,811,811,1619,1315,2,0,1060,811,811,811,809,809,6,1,80000,80,80,80,3,1619,3,1619,80000,80,80000,80,1810354,80,18451915,0
25630,808905,80000,80000,0,0,0,0,0,1810354,80,808825,80,811,811,1619,1633,2,0,1060,811,811,811,809,809,16,1,80000,80,80,80,3,1619,3,1619,80000,80,80000,80,1810354,80,18459252,0
25640,809088,80000,80000,0,0,0,0,0,1810354,80,809008,80,811,811,1620,817,1,1000,795,811,811,811,810,810,26,1,80000,80,80,80,3,1620,3,1620,80000,80,80000,80,1810354,80,18463461,0
25650,809449,80000,80000,0,0,0,0,0,1810354,80,809369,80,812,812,1621,1178,2,0,1017,812,812,812,810,810,4,1,80000,80,80,80,3,1621,3,1621,80000,80,80000,80,1810354,80,18471810,0
25660,809809,80000,80000,0,0,0,0,0,1810354,80,809729,80,812,812,1621,1538,2,0,1017,812,812,812,810,810,14,1,80000,80,80,80,3,1621,3,1621,80000,80,80000,80,1810354,80,18480067,0
25670,809995,80000,80000,0,0,0,0,0,1810354,80,809915,80,812,812,1622,725,1,1000,605,812,812,812,811,811,24,1,80000,80,80,80,3,1622,3,1622,80000,80,80000,80,1810354,80,18484345,0
25680,810355,80000,80000,0,0,0,0,0,1810354,80,810275,80,813,813,1623,1085,2,0,1055,813,813,813,811,811,0,1,80000,80,80,80,3,1623,3,1623,80000,80,80000,80,1810354,80,18492625,0
25690,810705,80000,80000,0,0,0,0,0,1810354,80,810625,80,813,813,1623,1435,2,0,1055,813,813,813,811,811,8,1,80000,80,80,80,3,1623,3,1623,80000,80,80000,80,1810354,80,18500675,0
25700,811078,80000,80000,0,0,0,0,0,1810354,80,810998,80,813,813,1623,1808,2,0,1055,813,813,813,811,811,20,1,80000,80,80,80,3,1623,3,1623,80000,80,80000,80,1810354,80,18509254,0
25710,811222,80000,80000,0,0,0,0,0,1810354,80,811142,80,813,813,1624,953,1,1000,883,813,813,813,812,812,29,1,80000,80,80,80,3,1624,3,1624,80000,80,80000,80,1810354,80,18512612,0
25720,811591,80000,80000,0,0,0,0,0,1810354,80,811511,80,814,814,1625,1322,2,0,1067,814,814,814,812,812,6,1,80000,80,80,80,3,1625,3,1625,80000,80,80000,80,1810354,80,18521076,0
25730,811946,80000,80000,0,0,0,0,0,1810354,80,811866,80,814,814,1626,678,1,1000,676,814,814,814,813,813,17,1,80000,80,80,80,3,1626,3,1626,80000,80,80000,80,1810354,80,18529264,0
25740,812120,80000,80000,0,0,0,0,0,1810354,80,812040,80,814,814,1626,852,1,1000,676,814,814,814,813,813,26,1,80000,80,80,80,3,1626,3,1626,80000,80,80000,80,1810354,80,18533289,0
25750,812472,80000,80000,0,0,0,0,0,1810354,80,812392,80,815,815,1627,1204,2,0,1021,815,815,815,813,813,4,1,80000,80,80,80,3,1627,3,1627,80000,80,80000,80,1810354,80,18541362,0
25760,812805,80000,80000,0,0,0,0,0,1810354,80,812725,80,815,815,1628,538,1,1000,531,815,815,815,814,814,14,1,80000,80,80,80,3,1628,3,1628,80000,80,80000,80,1810354,80,18549044,0
25770,813035,80000,80000,0,0,0,0,0,1810354,80,812955,80,815,815,1628,768,1,1000,531,815,815,815,814,814,24,1,80000,80,80,80,3,1628,3,1628,80000,80,80000,80,1810354,80,18554334,0
25780,813404,80000,80000,0,0,0,0,0,1810354,80,813324,80,816,816,1629,1137,2,0,1034,816,816,816,814,814,2,1,80000,80,80,80,3,1629,3,1629,80000,80,80000,80,1810354,80,18562821,0
25790,813723,80000,80000,0,0,0,0,0,1810354,80,813643,80,816,816,1629,1456,2,0,1034,816,816,816,814,814,10,1,80000,80,80,80,3,1629,3,1629,80000,80,80000,80,1810354,80,18570158,0
25800,814071,80000,80000,0,0,0,0,0,1810354,80,813991,80,816,816,1630,805,1,1000,798,816,816,816,815,815,21,1,80000,80,80,80,3,1630,3,1630,80000,80,80000,80,1810354,80,18578185,0
25810,814270,80000,80000,0,0,0,0,0,1810354,80,814190,80,816,816,1630,1004,2,1000,798,816,817,816,815,815,31,1,80000,80,80,80,3,1630,3,1630,80000,80,80000,80,1810354,80,18582762,0
25820,814639,80000,80000,0,0,0,0,0,1810354,80,814559,80,817,817,1631,1373,2,0,1066,817,817,817,815,815,8,1,80000,80,80,80,3,1631,3,1631,80000,80,80000,80,1810354,80,18591249,0
25830,814889,80000,80000,0,0,0,0,0,1810354,80,814809,80,817,817,1632,624,1,1000,618,817,817,817,816,816,17,1,80000,80,80,80,3,1632,3,1632,80000,80,80000,80,1810354,80,18597022,0
25840,815185,80000,80000,0,0,0,0,0,1810354,80,815105,80,817,817,1632,920,1,1000,618,817,817,817,816,816,27,1,80000,80,80,80,3,1632,3,1632,80000,80,80000,80,1810354,80,18603830,0
25850,815541,80000,80000,0,0,0,0,0,1810354,80,815461,80,818,818,1633,1276,2,0,1012,818,818,818,816,816,6,1,80000,80,80,80,3,1633,3,1633,80000,80,80000,80,1810354,80,18612018,0
25860,815825,80000,80000,0,0,0,0,0,1810354,80,815745,80,818,818,1634,561,1,1000,555,818,818,818,817,817,16,1,80000,80,80,80,3,1634,3,1634,80000,80,80000,80,1810354,80,18618573,0
25870,816061,80000,80000,0,0,0,0,0,1810354,80,815981,80,818,818,1634,798,1,1000,555,818,818,818,817,817,26,1,80000,80,80,80,3,1634,3,1634,80000,80,80000,80,1810354,80,18624024,0
25880,816413,80000,80000,0,0,0,0,0,1810354,80,816333,80,819,819,1635,1149,2,0,1039,819,819,819,817,817,2,1,80000,80,80,80,3,1635,3,1635,80000,80,80000,80,1810354,80,18632120,0
25890,816780,80000,80000,0,0,0,0,0,1810354,80,816700,80,819,819,1635,1516,2,0,1039,819,819,819,817,817,12,1,80000,80,80,80,3,1635,3,1635,80000,80,80000,80,1810354,80,18640538,0
25900,816969,80000,80000,0,0,0,0,0,1810354,80,816889,80,819,819,1636,706,1,1000,672,819,819,819,818,818,22,1,80000,80,80,80,3,1636,3,1636,80000,80,80000,80,1810354,80,18644908,0
25910,817324,80000,80000,0,0,0,0,0,1810354,80,817244,80,820,820,1637,1061,2,0,1038,820,820,820,818,818,0,1,80000,80,80,80,3,1637,3,1637,80000,80,80000,80,1810354,80,18653073,0
25920,817678,80000,80000,0,0,0,0,0,1810354,80,817598,80,820,820,1637,1415,2,0,1038,820,820,820,818,818,10,1,80000,80,80,80,3,1637,3,1637,80000,80,80000,80,1810354,80,18661215,0
25930,817858,80000,80000,0,0,0,0,0,1810354,80,817778,80,820,820,1638,596,1,1000,449,820,820,820,819,819,20,1,80000,80,80,80,3,1638,3,1638,80000,80,80000,80,1810354,80,18665378,0
25940,818220,80000,80000,0,0,0,0,0,1810354,80,818140,80,820,820,1638,958,1,1000,449,820,820,820,819,819,30,1,80000,80,80,80,3,1638,3,1638,80000,80,80000,80,1810354,80,18673704,0
25950,818558,80000,80000,0,0,0,0,0,1810354,80,818478,80,821,821,1639,1296,2,0,1074,821,821,821,819,819,6,1,80000,80,80,80,3,1639,3,1639,80000,80,80000,80,1810354,80,18681478,0
25960,818918,80000,80000,0,0,0,0,0,1810354,80,818838,80,821,821,1639,1656,2,0,1074,821,821,821,819,819,16,1,80000,80,80,80,3,1639,3,1639,80000,80,80000,80,1810354,80,18689758,0
25970,819099,80000,80000,0,0,0,0,0,1810354,80,819019,80,821,821,1640,838,1,1000,716,821,821,821,820,820,24,1,80000,80,80,80,3,1640,3,1640,80000,80,80000,80,1810354,80,18693944,0
25980,819468,80000,80000,0,0,0,0,0,1810354,80,819388,80,822,822,1641,1207,2,0,1072,822,822,822,820,820,2,1,80000,80,80,80,3,1641,3,1641,80000,80,80000,80,1810354,80,18702431,0
25990,819795,80000,80000,0,0,0,0,0,1810354,80,819715,80,822,822,1642,535,1,1000,531,822,822,822,821,821,12,1,80000,80,80,80,3,1642,3,1642,80000,80,80000,80,1810354,80,18709975,0
26000,820036,80000,80000,0,0,0,0,0,1810354,80,819956,80,822,822,1642,776,1,1000,531,822,822,822,821,821,22,1,80000,80,80,80,3,1642,3,1642,80000,80,80000,80,1810354,80,18715518,0
26010,820400,80000,80000,0,0,0,0,0,1810354,80,820320,80,823,823,1643,1140,2,0,1070,823,823,823,821,821,0,1,80000,80,80,80,3,1643,3,1643,80000,80,80000,80,1810354,80,18723913,0
26020,820751,80000,80000,0,0,0,0,0,1810354,80,820671,80,823,823,1643,1491,2,0,1070,823,823,823,821,821,12,1,80000,80,80,80,3,1643,3,1643,80000,80,80000,80,1810354,80,18731963,0
26031,821064,80000,80000,0,0,0,0,0,1810354,80,820984,80,823,823,1644,805,1,1000,800,823,823,823,822,822,20,1,80000,80,80,80,3,1644,3,1644,80000,80,80000,80,1810354,80,18739185,0
26040,821272,80000,80000,0,0,0,0,0,1810354,80,821192,80,823,823,1644,1013,2,1000,800,823,824,823,822,822,30,1,80000,80,80,80,3,1644,3,1644,80000,80,80000,80,1810354,80,18743992,0
26050,821647,80000,80000,0,0,0,0,0,1810354,80,821567,80,824,824,1645,1388,2,0,1068,824,824,824,822,822,8,1,80000,80,80,80,3,1645,3,1645,80000,80,80000,80,1810354,80,18752594,0
26060,821886,80000,80000,0,0,0,0,0,1810354,80,821806,80,824,824,1646,628,1,1000,622,824,824,824,823,823,18,1,80000,80,80,80,3,1646,3,1646,80000,80,80000,80,1810354,80,18758114,0
26070,822211,80000,80000,0,0,0,0,0,1810354,80,822131,80,824,824,1646,953,1,1000,622,824,824,824,823,823,28,1,80000,80,80,80,3,1646,3,1646,80000,80,80000,80,1810354,80,18765589,0
26080,822572,80000,80000,0,0,0,0,0,1810354,80,822492,80,825,825,1647,1314,2,0,1069,825,825,825,823,823,6,1,80000,80,80,80,3,1647,3,1647,80000,80,80000,80,1810354,80,18773892,0
26090,822892,80000,80000,0,0,0,0,0,1810354,80,822812,80,825,825,1648,635,1,1000,630,825,825,825,824,824,16,1,80000,80,80,80,3,1648,3,1648,80000,80,80000,80,1810354,80,18781275,0
26100,823119,80000,80000,0,0,0,0,0,1810354,80,823039,80,825,825,1648,862,1,1000,630,825,825,825,824,824,26,1,80000,80,80,80,3,1648,3,1648,80000,80,80000,80,1810354,80,18786496,0
26111,823371,80000,80000,0,0,0,0,0,1810354,80,823291,80,826,826,1649,1114,2,0,1030,826,826,826,824,824,2,1,80000,80,80,80,3,1649,3,1649,80000,80,80000,80,1810354,80,18792292,0
26120,823688,80000,80000,0,0,0,0,0,1810354,80,823608,80,826,826,1649,1431,2,0,1030,826,826,826,824,824,10,1,80000,80,80,80,3,1649,3,1649,80000,80,80000,80,1810354,80,18799583,0
26130,823873,80000,80000,0,0,0,0,0,1810354,80,823793,80,826,826,1650,617,1,1000,452,826,826,826,825,825,20,1,80000,80,80,80,3,1650,3,1650,80000,80,80000,80,1810354,80,18803861,0
26140,824239,80000,80000,0,0,0,0,0,1810354,80,824159,80,826,826,1650,983,1,1000,452,826,826,826,825,825,30,1,80000,80,80,80,3,1650,3,1650,80000,80,80000,80,1810354,80,18812279,0
26150,824602,80000,80000,0,0,0,0,0,1810354,80,824522,80,827,827,1651,1346,2,0,1065,827,827,827,825,825,6,1,80000,80,80,80,3,1651,3,1651,80000,80,80000,80,1810354,80,18820628,0
26160,824966,80000,80000,0,0,0,0,0,1810354,80,824886,80,827,827,1651,1710,2,0,1065,827,827,827,825,825,16,1,80000,80,80,80,3,1651,3,1651,80000,80,80000,80,1810354,80,18829000,0
26170,825159,80000,80000,0,0,0,0,0,1810354,80,825079,80,827,827,1652,904,1,1000,722,827,827,827,826,826,26,1,80000,80,80,80,3,1652,3,1652,80000,80,80000,80,1810354,80,18833485,0
26180,825505,80000,80000,0,0,0,0,0,1810354,80,825425,80,828,828,1653,1250,2,0,1067,828,828,828,826,826,4,1,80000,80,80,80,3,1653,3,1653,80000,80,80000,80,1810354,80,18841466,0
26190,825765,80000,80000,0,0,0,0,0,1810354,80,825685,80,828,828,1654,511,1,1000,506,828,828,828,827,827,14,1,80000,80,80,80,3,1654,3,1654,80000,80,80000,80,1810354,80,18847423,0
26200,826008,80000,80000,0,0,0,0,0,1810354,80,825928,80,828,828,1654,754,1,1000,506,828,828,828,827,827,24,1,80000,80,80,80,3,1654,3,1654,80000,80,80000,80,1810354,80,18853012,0
26210,826363,80000,80000,0,0,0,0,0,1810354,80,826283,80,829,829,1655,1109,2,0,1021,829,829,829,827,827,2,1,80000,80,80,80,3,1655,3,1655,80000,80,80000,80,1810354,80,18861177,0
26220,826722,80000,80000,0,0,0,0,0,1810354,80,826642,80,829,829,1655,1468,2,0,1021,829,829,829,827,827,12,1,80000,80,80,80,3,1655,3,1655,80000,80,80000,80,1810354,80,18869434,0
26230,827036,80000,80000,0,0,0,0,0,1810354,80,826956,80,829,829,1656,783,1,1000,778,829,829,829,828,828,22,1,80000,80,80,80,3,1656,3,1656,80000,80,80000,80,1810354,80,18876679,0
26240,827280,80000,80000,0,0,0,0,0,1810354,80,827200,80,829,829,1656,1027,2,1000,778,829,830,829,828,828,32,1,80000,80,80,80,3,1656,3,1656,80000,80,80000,80,1810354,80,18882291,0
26250,827637,80000,80000,0,0,0,0,0,1810354,80,827557,80,830,830,1657,1384,2,0,1171,830,830,830,828,828,6,1,80000,80,80,80,3,1657,3,1657,80000,80,80000,80,1810354,80,18890548,0
26260,827820,80000,80000,0,0,0,0,0,1810354,80,827740,80,830,830,1658,568,1,1000,541,830,830,830,829,829,16,1,80000,80,80,80,3,1658,3,1658,80000,80,80000,80,1810354,80,18894734,0
26270,828180,80000,80000,0,0,0,0,0,1810354,80,828100,80,830,830,1658,928,1,1000,541,830,830,830,829,829,26,1,80000,80,80,80,3,1658,3,1658,80000,80,80000,80,1810354,80,18903014,0
26280,828505,80000,80000,0,0,0,0,0,1810354,80,828425,80,831,831,1659,1253,2,0,1056,831,831,831,829,829,4,1,80000,80,80,80,3,1659,3,1659,80000,80,80000,80,1810354,80,18910512,0
26290,828859,80000,80000,0,0,0,0,0,1810354,80,828779,80,831,831,1659,1607,2,0,1056,831,831,831,829,829,14,1,80000,80,80,80,3,1659,3,1659,80000,80,80000,80,1810354,80,18918631,0
26300,829047,80000,80000,0,0,0,0,0,1810354,80,828967,80,831,831,1660,796,1,1000,767,831,831,831,830,830,24,1,80000,80,80,80,3,1660,3,1660,80000,80,80000,80,1810354,80,18922978,0
26310,829403,80000,80000,0,0,0,0,0,1810354,80,829323,80,832,832,1661,1152,2,0,1013,832,832,832,830,830,2,1,80000,80,80,80,3,1661,3,1661,80000,80,80000,80,1810354,80,18931166,0
26320,829752,80000,80000,0,0,0,0,0,1810354,80,829672,80,832,832,1661,1501,2,0,1013,832,832,832,830,830,12,1,80000,80,80,80,3,1661,3,1661,80000,80,80000,80,1810354,80,18939193,0
26330,829939,80000,80000,0,0,0,0,0,1810354,80,829859,80,832,832,1662,689,1,1000,547,832,832,832,831,831,23,1,80000,80,80,80,3,1662,3,1662,80000,80,80000,80,1810354,80,18943517,0
26340,830299,80000,80000,0,0,0,0,0,1810354,80,830219,80,833,833,1663,1049,2,0,1011,833,833,833,831,831,0,1,80000,80,80,80,3,1663,3,1663,80000,80,80000,80,1810354,80,18951820,0
26350,830683,80000,80000,0,0,0,0,0,1810354,80,830603,80,833,833,1663,1433,2,0,1011,833,833,833,831,831,10,1,80000,80,80,80,3,1663,3,1663,80000,80,80000,80,1810354,80,18960629,0
26360,831002,80000,80000,0,0,0,0,0,1810354,80,830922,80,833,833,1663,1752,2,0,1011,833,833,833,831,831,20,1,80000,80,80,80,3,1663,3,1663,80000,80,80000,80,1810354,80,18967989,0
26370,831198,80000,80000,0,0,0,0,0,1810354,80,831118,80,833,833,1664,949,1,1000,798,833,833,833,832,832,30,1,80000,80,80,80,3,1664,3,1664,80000,80,80000,80,1810354,80,18972497,0
26380,831559,80000,80000,0,0,0,0,0,1810354,80,831479,80,834,834,1665,1310,2,0,1068,834,834,834,832,832,6,1,80000,80,80,80,3,1665,3,1665,80000,80,80000,80,1810354,80,18980800,0
26390,831827,80000,80000,0,0,0,0,0,1810354,80,831747,80,834,834,1666,579,1,1000,577,834,834,834,833,833,15,1,80000,80,80,80,3,1666,3,1666,80000,80,80000,80,1810354,80,18986987,0
26400,832103,80000,80000,0,0,0,0,0,1810354,80,832023,80,834,834,1666,855,1,1000,577,834,834,834,833,833,25,1,80000,80,80,80,3,1666,3,1666,80000,80,80000,80,1810354,80,18993358,0
26410,832359,80000,80000,0,0,0,0,0,1810354,80,832279,80,835,835,1667,1111,2,0,1008,835,835,835,833,833,2,1,80000,80,80,80,3,1667,3,1667,80000,80,80000,80,1810354,80,18999223,0
26420,832719,80000,80000,0,0,0,0,0,1810354,80,832639,80,835,835,1667,1471,2,0,1008,835,835,835,833,833,12,1,80000,80,80,80,3,1667,3,1667,80000,80,80000,80,1810354,80,19007503,0
26431,832938,80000,80000,0,0,0,0,0,1810354,80,832858,80,835,835,1668,691,1,1000,673,835,835,835,834,834,22,1,80000,80,80,80,3,1668,3,1668,80000,80,80000,80,1810354,80,19012563,0
26440,833191,80000,80000,0,0,0,0,0,1810354,80,833111,80,835,835,1668,944,1,1000,673,835,835,835,834,834,30,1,80000,80,80,80,3,1668,3,1668,80000,80,80000,80,1810354,80,19018382,0
26450,833556,80000,80000,0,0,0,0,0,1810354,80,833476,80,836,836,1669,1309,2,0,1018,836,836,836,834,834,8,1,80000,80,80,80,3,1669,3,1669,80000,80,80000,80,1810354,80,19026823,0
26460,833744,80000,80000,0,0,0,0,0,1810354,80,833664,80,836,836,1670,498,1,1000,477,836,836,836,835,835,16,1,80000,80,80,80,3,1670,3,1670,80000,80,80000,80,1810354,80,19031124,0
26470,834111,80000,80000,0,0,0,0,0,1810354,80,834031,80,836,836,1670,865,1,1000,477,836,836,836,835,835,26,1,80000,80,80,80,3,1670,3,1670,80000,80,80000,80,1810354,80,19039588,0
26480,834460,80000,80000,0,0,0,0,0,1810354,80,834380,80,837,837,1671,1214,2,0,1021,837,837,837,835,835,4,1,80000,80,80,80,3,1671,3,1671,80000,80,80000,80,1810354,80,19047592,0
26490,834811,80000,80000,0,0,0,0,0,1810354,80,834731,80,837,837,1671,1565,2,0,1021,837,837,837,835,835,14,1,80000,80,80,80,3,1671,3,1671,80000,80,80000,80,1810354,80,19055665,0
26500,835020,80000,80000,0,0,0,0,0,1810354,80,834940,80,837,837,1672,775,1,1000,726,837,837,837,836,836,24,1,80000,80,80,80,3,1672,3,1672,80000,80,80000,80,1810354,80,19060495,0
26510,835377,80000,80000,0,0,0,0,0,1810354,80,835297,80,838,838,1673,1132,2,0,1058,838,838,838,836,836,0,1,80000,80,80,80,3,1673,3,1673,80000,80,80000,80,1810354,80,19068706,0
26520,835697,80000,80000,0,0,0,0,0,1810354,80,835617,80,838,838,1673,1452,2,0,1058,838,838,838,836,836,10,1,80000,80,80,80,3,1673,3,1673,80000,80,80000,80,1810354,80,19076066,0
26530,835878,80000,80000,0,0,0,0,0,1810354,80,835798,80,838,838,1674,634,1,1000,505,838,838,838,837,837,20,1,80000,80,80,80,3,1674,3,1674,80000,80,80000,80,1810354,80,19080275,0
26540,836233,80000,80000,0,0,0,0,0,1810354,80,836153,80,838,838,1674,989,1,1000,505,838,838,838,837,837,31,1,80000,80,80,80,3,1674,3,1674,80000,80,80000,80,1810354,80,19088417,0
26550,836595,80000,80000,0,0,0,0,0,1810354,80,836515,80,839,839,1675,1351,2,0,1056,839,839,839,837,837,8,1,80000,80,80,80,3,1675,3,1675,80000,80,80000,80,1810354,80,19096743,0
26560,836958,80000,80000,0,0,0,0,0,1810354,80,836878,80,839,839,1675,1714,2,0,1056,839,839,839,837,837,18,1,80000,80,80,80,3,1675,3,1675,80000,80,80000,80,1810354,80,19105092,0
26570,837146,80000,80000,0,0,0,0,0,1810354,80,837066,80,839,839,1676,903,1,1000,738,839,839,839,838,838,28,1,80000,80,80,80,3,1676,3,1676,80000,80,80000,80,1810354,80,19109439,0
26580,837505,80000,80000,0,0,0,0,0,1810354,80,837425,80,840,840,1677,1262,2,0,1021,840,840,840,838,838,6,1,80000,80,80,80,3,1677,3,1677,80000,80,80000,80,1810354,80,19117696,0
26590,837803,80000,80000,0,0,0,0,0,1810354,80,837723,80,840,840,1678,561,1,1000,550,840,840,840,839,839,15,1,80000,80,80,80,3,1678,3,1678,80000,80,80000,80,1810354,80,19124573,0
26600,838013,80000,80000,0,0,0,0,0,1810354,80,837933,80,840,840,1678,771,1,1000,550,840,840,840,839,839,24,1,80000,80,80,80,3,1678,3,1678,80000,80,80000,80,1810354,80,19129426,0
26610,838369,80000,80000,0,0,0,0,0,1810354,80,838289,80,841,841,1679,1127,2,0,1006,841,841,841,839,839,2,1,80000,80,80,80,3,1679,3,1679,80000,80,80000,80,1810354,80,19137591,0
26620,838717,80000,80000,0,0,0,0,0,1810354,80,838637,80,841,841,1679,1475,2,0,1006,841,841,841,839,839,12,1,80000,80,80,80,3,1679,3,1679,80000,80,80000,80,1810354,80,19145595,0
26630,839028,80000,80000,0,0,0,0,0,1810354,80,838948,80,841,841,1680,787,1,1000,781,841,841,841,840,840,22,1,80000,80,80,80,3,1680,3,1680,80000,80,80000,80,1810354,80,19152771,0
26640,839269,80000,80000,0,0,0,0,0,1810354,80,839189,80,841,841,1680,1028,2,1000,781,841,842,841,840,840,32,1,80000,80,80,80,3,1680,3,1680,80000,80,80000,80,1810354,80,19158314,0
26650,839597,80000,80000,0,0,0,0,0,1810354,80,839517,80,842,842,1681,1356,2,0,1041,842,842,842,840,840,8,1,80000,80,80,80,3,1681,3,1681,80000,80,80000,80,1810354,80,19165858,0
26660,839790,80000,80000,0,0,0,0,0,1810354,80,839710,80,842,842,1682,550,1,1000,546,842,842,842,841,841,18,1,80000,80,80,80,3,1682,3,1682,80000,80,80000,80,1810354,80,19170320,0
26670,840146,80000,80000,0,0,0,0,0,1810354,80,840066,80,842,842,1682,906,1,1000,546,842,842,842,841,841,28,1,80000,80,80,80,3,1682,3,1682,80000,80,80000,80,1810354,80,19178508,0
26680,840509,80000,80000,0,0,0,0,0,1810354,80,840429,80,843,843,1683,1269,2,0,1038,843,843,843,841,841,6,1,80000,80,80,80,3,1683,3,1683,80000,80,80000,80,1810354,80,19186857,0
26690,840856,80000,80000,0,0,0,0,0,1810354,80,840776,80,843,843,1683,1616,2,0,1038,843,843,843,841,841,16,1,80000,80,80,80,3,1683,3,1683,80000,80,80000,80,1810354,80,19194838,0
26700,841039,80000,80000,0,0,0,0,0,1810354,80,840959,80,843,843,1684,800,1,1000,783,843,843,843,842,842,26,1,80000,80,80,80,3,1684,3,1684,80000,80,80000,80,1810354,80,19199070,0
26710,841296,80000,80000,0,0,0,0,0,1810354,80,841216,80,844,844,1685,1057,2,0,1023,844,844,844,842,842,0,1,80000,80,80,80,3,1685,3,1685,80000,80,80000,80,1810354,80,19204981,0
26720,841617,80000,80000,0,0,0,0,0,1810354,80,841537,80,844,844,1685,1378,2,0,1023,844,844,844,842,842,10,1,80000,80,80,80,3,1685,3,1685,80000,80,80000,80,1810354,80,19212364,0
26730,841987,80000,80000,0,0,0,0,0,1810354,80,841907,80,844,844,1685,1748,2,0,1023,844,844,844,842,842,20,1,80000,80,80,80,3,1685,3,1685,80000,80,80000,80,1810354,80,19220874,0
26740,842174,80000,80000,0,0,0,0,0,1810354,80,842094,80,844,844,1686,936,1,1000,816,844,844,844,843,843,28,1,80000,80,80,80,3,1686,3,1686,80000,80,80000,80,1810354,80,19225198,0
26750,842525,80000,80000,0,0,0,0,0,1810354,80,842445,80,845,845,1687,1287,2,0,1025,845,845,845,843,843,6,1,80000,80,80,80,3,1687,3,1687,80000,80,80000,80,1810354,80,19233271,0
26760,842849,80000,80000,0,0,0,0,0,1810354,80,842769,80,845,845,1688,612,1,1000,601,845,845,845,844,844,16,1,80000,80,80,80,3,1688,3,1688,80000,80,80000,80,1810354,80,19240746,0
26770,843083,80000,80000,0,0,0,0,0,1810354,80,843003,80,845,845,1688,846,1,1000,601,845,845,845,844,844,26,1,80000,80,80,80,3,1688,3,1688,80000,80,80000,80,1810354,80,19246151,0
26780,843432,80000,80000,0,0,0,0,0,1810354,80,843352,80,846,846,1689,1195,2,0,1062,846,846,846,844,844,2,1,80000,80,80,80,3,1689,3,1689,80000,80,80000,80,1810354,80,19254155,0
26790,843796,80000,80000,0,0,0,0,0,1810354,80,843716,80,846,846,1689,1559,2,0,1062,846,846,846,844,844,12,1,80000,80,80,80,3,1689,3,1689,80000,80,80000,80,1810354,80,19262573,0
26800,843929,80000,80000,0,0,0,0,0,1810354,80,843849,80,846,846,1690,693,1,1000,611,846,846,846,845,845,22,1,80000,80,80,80,3,1690,3,1690,80000,80,80000,80,1810354,80,19265632,0
26810,844282,80000,80000,0,0,0,0,0,1810354,80,844202,80,847,847,1691,1046,2,0,1041,847,847,847,845,845,0,1,80000,80,80,80,3,1691,3,1691,80000,80,80000,80,1810354,80,19273728,0
26820,844630,80000,80000,0,0,0,0,0,1810354,80,844550,80,847,847,1691,1394,2,0,1041,847,847,847,845,845,10,1,80000,80,80,80,3,1691,3,1691,80000,80,80000,80,1810354,80,19281778,0
26830,844864,80000,80000,0,0,0,0,0,1810354,80,844784,80,847,847,1692,629,1,1000,622,847,847,847,846,846,20,1,80000,80,80,80,3,1692,3,1692,80000,80,80000,80,1810354,80,19287137,0
26840,845167,80000,80000,0,0,0,0,0,1810354,80,845087,80,847,847,1692,932,1,1000,622,847,847,847,846,846,30,1,80000,80,80,80,3,1692,3,1692,80000,80,80000,80,1810354,80,19294129,0
26850,845522,80000,80000,0,0,0,0,0,1810354,80,845442,80,848,848,1693,1288,2,0,1061,848,848,848,846,846,6,1,80000,80,80,80,3,1693,3,1693,80000,80,80000,80,1810354,80,19302294,0
26860,845712,80000,80000,0,0,0,0,0,1810354,80,845632,80,848,848,1694,478,1,1000,417,848,848,848,847,847,16,1,80000,80,80,80,3,1694,3,1694,80000,80,80000,80,1810354,80,19306687,0
26870,846079,80000,80000,0,0,0,0,0,1810354,80,845999,80,848,848,1694,845,1,1000,417,848,848,848,847,847,26,1,80000,80,80,80,3,1694,3,1694,80000,80,80000,80,1810354,80,19315128,0
26880,846405,80000,80000,0,0,0,0,0,1810354,80,846325,80,849,849,1695,1171,2,0,1057,849,849,849,847,847,2,1,80000,80,80,80,3,1695,3,1695,80000,80,80000,80,1810354,80,19322603,0
26890,846769,80000,80000,0,0,0,0,0,1810354,80,846689,80,849,849,1695,1535,2,0,1057,849,849,849,847,847,12,1,80000,80,80,80,3,1695,3,1695,80000,80,80000,80,1810354,80,19330975,0
26900,846969,80000,80000,0,0,0,0,0,1810354,80,846889,80,849,849,1696,736,1,1000,697,849,849,849,848,848,22,1,80000,80,80,80,3,1696,3,1696,80000,80,80000,80,1810354,80,19335598,0
26910,847319,80000,80000,0,0,0,0,0,1810354,80,847239,80,850,850,1697,1086,2,0,1031,850,850,850,848,848,0,1,80000,80,80,80,3,1697,3,1697,80000,80,80000,80,1810354,80,19343648,0
26920,847681,80000,80000,0,0,0,0,0,1810354,80,847601,80,850,850,1697,1448,2,0,1031,850,850,850,848,848,10,1,80000,80,80,80,3,1697,3,1697,80000,80,80000,80,1810354,80,19351997,0
26930,847865,80000,80000,0,0,0,0,0,1810354,80,847785,80,850,850,1698,633,1,1000,496,850,850,850,849,849,20,1,80000,80,80,80,3,1698,3,1698,80000,80,80000,80,1810354,80,19356229,0
26940,848221,80000,80000,0,0,0,0,0,1810354,80,848141,80,850,850,1698,989,1,1000,496,850,850,850,849,849,30,1,80000,80,80,80,3,1698,3,1698,80000,80,80000,80,1810354,80,19364440,0
26950,848580,80000,80000,0,0,0,0,0,1810354,80,848500,80,851,851,1699,1348,2,0,1106,851,851,851,849,849,6,1,80000,80,80,80,3,1699,3,1699,80000,80,80000,80,1810354,80,19372674,0
26960,848909,80000,80000,0,0,0,0,0,1810354,80,848829,80,851,851,1699,1677,2,0,1106,851,851,851,849,849,16,1,80000,80,80,80,3,1699,3,1699,80000,80,80000,80,1810354,80,19380241,0
26970,849094,80000,80000,0,0,0,0,0,1810354,80,849014,80,851,851,1700,863,1,1000,727,851,851,851,850,850,26,1,80000,80,80,80,3,1700,3,1700,80000,80,80000,80,1810354,80,19384519,0
26980,849450,80000,80000,0,0,0,0,0,1810354,80,849370,80,852,852,1701,1219,2,0,1061,852,852,852,850,850,4,1,80000,80,80,80,3,1701,3,1701,80000,80,80000,80,1810354,80,19392707,0
26990,849778,80000,80000,0,0,0,0,0,1810354,80,849698,80,852,852,1702,548,1,1000,541,852,852,852,851,851,14,1,80000,80,80,80,3,1702,3,1702,80000,80,80000,80,1810354,80,19400274,0
27000,850005,80000,80000,0,0,0,0,0,1810354,80,849925,80,852,852,1702,775,1,1000,541,852,852,852,851,851,24,1,80000,80,80,80,3,1702,3,1702,80000,80,80000,80,1810354,80,19405495,0
27010,850262,80000,80000,0,0,0,0,0,1810354,80,850182,80,853,853,1703,1032,2,0,1002,853,853,853,851,851,0,1,80000,80,80,80,3,1703,3,1703,80000,80,80000,80,1810354,80,19411406,0
27020,850614,80000,80000,0,0,0,0,0,1810354,80,850534,80,853,853,1703,1384,2,0,1002,853,853,853,851,851,10,1,80000,80,80,80,3,1703,3,1703,80000,80,80000,80,1810354,80,19419502,0
27031,850872,80000,80000,0,0,0,0,0,1810354,80,850792,80,853,853,1704,643,1,1000,635,853,853,853,852,852,20,1,80000,80,80,80,3,1704,3,1704,80000,80,80000,80,1810354,80,19425459,0
27040,851122,80000,80000,0,0,0,0,0,1810354,80,851042,80,853,853,1704,893,1,1000,635,853,853,853,852,852,28,1,80000,80,80,80,3,1704,3,1704,80000,80,80000,80,1810354,80,19431209,0
27050,851480,80000,80000,0,0,0,0,0,1810354,80,851400,80,854,854,1705,1251,2,0,1056,854,854,854,852,852,4,1,80000,80,80,80,3,1705,3,1705,80000,80,80000,80,1810354,80,19439443,0
27060,851668,80000,80000,0,0,0,0,0,1810354,80,851588,80,854,854,1706,440,1,1000,426,854,854,854,853,853,14,1,80000,80,80,80,3,1706,3,1706,80000,80,80000,80,1810354,80,19443790,0
27070,852029,80000,80000,0,0,0,0,0,1810354,80,851949,80,854,854,1706,801,1,1000,426,854,854,854,853,853,24,1,80000,80,80,80,3,1706,3,1706,80000,80,80000,80,1810354,80,19452116,0
27080,852390,80000,80000,0,0,0,0,0,1810354,80,852310,80,855,855,1707,1162,2,0,1039,855,855,855,853,853,2,1,80000,80,80,80,3,1707,3,1707,80000,80,80000,80,1810354,80,19460396,0
27090,852745,80000,80000,0,0,0,0,0,1810354,80,852665,80,855,855,1707,1517,2,0,1039,855,855,855,853,853,12,1,80000,80,80,80,3,1707,3,1707,80000,80,80000,80,1810354,80,19468561,0
27100,852930,80000,80000,0,0,0,0,0,1810354,80,852850,80,855,855,1708,703,1,1000,691,855,855,855,854,854,22,1,80000,80,80,80,3,1708,3,1708,80000,80,80000,80,1810354,80,19472839,0
27110,853246,80000,80000,0,0,0,0,0,1810354,80,853166,80,856,856,1709,1019,2,0,1013,856,856,856,854,854,0,1,80000,80,80,80,3,1709,3,1709,80000,80,80000,80,1810354,80,19480130,0
27120,853597,80000,80000,0,0,0,0,0,1810354,80,853517,80,856,856,1709,1370,2,0,1013,856,856,856,854,854,10,1,80000,80,80,80,3,1709,3,1709,80000,80,80000,80,1810354,80,19488203,0
27130,853775,80000,80000,0,0,0,0,0,1810354,80,853695,80,856,856,1710,549,1,1000,454,856,856,856,855,855,20,1,80000,80,80,80,3,1710,3,1710,80000,80,80000,80,1810354,80,19492297,0
27140,854149,80000,80000,0,0,0,0,0,1810354,80,854069,80,856,856,1710,923,1,1000,454,856,856,856,855,855,30,1,80000,80,80,80,3,1710,3,1710,80000,80,80000,80,1810354,80,19500899,0
27150,854518,80000,80000,0,0,0,0,0,1810354,80,854438,80,857,857,1711,1292,2,0,1048,857,857,857,855,855,6,1,80000,80,80,80,3,1711,3,1711,80000,80,80000,80,1810354,80,19509386,0
27160,854870,80000,80000,0,0,0,0,0,1810354,80,854790,80,857,857,1711,1644,2,0,1048,857,857,857,855,855,14,1,80000,80,80,80,3,1711,3,1711,80000,80,80000,80,1810354,80,19517482,0
27170,855063,80000,80000,0,0,0,0,0,1810354,80,854983,80,857,857,1712,838,1,1000,706,857,857,857,856,856,26,1,80000,80,80,80,3,1712,3,1712,80000,80,80000,80,1810354,80,19521944,0
27180,855423,80000,80000,0,0,0,0,0,1810354,80,855343,80,858,858,1713,1198,2,0,1056,858,858,858,856,856,4,1,80000,80,80,80,3,1713,3,1713,80000,80,80000,80,1810354,80,19530247,0
27190,855737,80000,80000,0,0,0,0,0,1810354,80,855657,80,858,858,1714,513,1,1000,508,858,858,858,857,857,13,1,80000,80,80,80,3,1714,3,1714,80000,80,80000,80,1810354,80,19537469,0
27200,855921,80000,80000,0,0,0,0,0,1810354,80,855841,80,858,858,1714,697,1,1000,508,858,858,858,857,857,22,1,80000,80,80,80,3,1714,3,1714,80000,80,80000,80,1810354,80,19541724,0
27210,856274,80000,80000,0,0,0,0,0,1810354,80,856194,80,859,859,1715,1050,2,0,1009,859,859,859,857,857,0,1,80000,80,80,80,3,1715,3,1715,80000,80,80000,80,1810354,80,19549820,0
27220,856638,80000,80000,0,0,0,0,0,1810354,80,856558,80,859,859,1715,1414,2,0,1009,859,859,859,857,857,10,1,80000,80,80,80,3,1715,3,1715,80000,80,80000,80,1810354,80,19558192,0
27230,856983,80000,80000,0,0,0,0,0,1810354,80,856903,80,859,859,1716,760,1,1000,758,859,859,859,858,858,21,1,80000,80,80,80,3,1716,3,1716,80000,80,80000,80,1810354,80,19566150,0
27240,857168,80000,80000,0,0,0,0,0,1810354,80,857088,80,859,859,1716,945,1,1000,758,859,859,859,858,858,30,1,80000,80,80,80,3,1716,3,1716,80000,80,80000,80,1810354,80,19570405,0
27250,857509,80000,80000,0,0,0,0,0,1810354,80,857429,80,860,860,1717,1286,2,0,1038,860,860,860,858,858,6,1,80000,80,80,80,3,1717,3,1717,80000,80,80000,80,1810354,80,19578248,0
27260,857729,80000,80000,0,0,0,0,0,1810354,80,857649,80,860,860,1718,507,1,1000,497,860,860,860,859,859,16,1,80000,80,80,80,3,1718,3,1718,80000,80,80000,80,1810354,80,19583331,0
27270,858003,80000,80000,0,0,0,0,0,1810354,80,857923,80,860,860,1718,781,1,1000,497,860,860,860,859,859,26,1,80000,80,80,80,3,1718,3,1718,80000,80,80000,80,1810354,80,19589656,0
27280,858372,80000,80000,0,0,0,0,0,1810354,80,858292,80,861,861,1719,1150,2,0,1059,861,861,861,859,859,2,1,80000,80,80,80,3,1719,3,1719,80000,80,80000,80,1810354,80,19598120,0
27290,858716,80000,80000,0,0,0,0,0,1810354,80,858636,80,861,861,1719,1494,2,0,1059,861,861,861,859,859,12,1,80000,80,80,80,3,1719,3,1719,80000,80,80000,80,1810354,80,19606055,0
27300,858972,80000,80000,0,0,0,0,0,1810354,80,858892,80,861,861,1720,751,1,1000,738,861,861,861,860,860,20,1,80000,80,80,80,3,1720,3,1720,80000,80,80000,80,1810354,80,19611943,0
27310,859198,80000,80000,0,0,0,0,0,1810354,80,859118,80,861,861,1720,977,1,1000,738,861,861,861,860,860,32,1,80000,80,80,80,3,1720,3,1720,80000,80,80000,80,1810354,80,19617141,0
27320,859560,80000,80000,0,0,0,0,0,1810354,80,859480,80,862,862,1721,1339,2,0,1026,862,862,862,860,860,8,1,80000,80,80,80,3,1721,3,1721,80000,80,80000,80,1810354,80,19625490,0
27330,859924,80000,80000,0,0,0,0,0,1810354,80,859844,80,862,862,1721,1703,2,0,1026,862,862,862,860,860,18,1,80000,80,80,80,3,1721,3,1721,80000,80,80000,80,1810354,80,19633839,0
27340,860112,80000,80000,0,0,0,0,0,1810354,80,860032,80,862,862,1722,892,1,1000,830,862,862,862,861,861,28,1,80000,80,80,80,3,1722,3,1722,80000,80,80000,80,1810354,80,19638186,0
27350,860447,80000,80000,0,0,0,0,0,1810354,80,860367,80,863,863,1723,1227,2,0,1010,863,863,863,861,861,4,1,80000,80,80,80,3,1723,3,1723,80000,80,80000,80,1810354,80,19645891,0
27360,860795,80000,80000,0,0,0,0,0,1810354,80,860715,80,863,863,1723,1575,2,0,1010,863,863,863,861,861,16,1,80000,80,80,80,3,1723,3,1723,80000,80,80000,80,1810354,80,19653895,0
27370,860985,80000,80000,0,0,0,0,0,1810354,80,860905,80,863,863,1724,766,1,1000,599,863,863,863,862,862,24,1,80000,80,80,80,3,1724,3,1724,80000,80,80000,80,1810354,80,19658288,0
27380,861343,80000,80000,0,0,0,0,0,1810354,80,861263,80,864,864,1725,1124,2,0,1004,864,864,864,862,862,2,1,80000,80,80,80,3,1725,3,1725,80000,80,80000,80,1810354,80,19666522,0
27390,861697,80000,80000,0,0,0,0,0,1810354,80,861617,80,864,864,1725,1478,2,0,1004,864,864,864,862,862,12,1,80000,80,80,80,3,1725,3,1725,80000,80,80000,80,1810354,80,19674664,0
27400,862052,80000,80000,0,0,0,0,0,1810354,80,861972,80,864,864,1725,1833,2,0,1004,864,864,864,862,862,22,1,80000,80,80,80,3,1725,3,1725,80000,80,80000,80,1810354,80,19682829,0
27410,862247,80000,80000,0,0,0,0,0,1810354,80,862167,80,864,864,1726,1029,2,1000,834,864,865,864,863,863,32,1,80000,80,80,80,3,1726,3,1726,80000,80,80000,80,1810354,80,19687337,0
27420,862598,80000,80000,0,0,0,0,0,1810354,80,862518,80,865,865,1727,1380,2,0,1038,865,865,865,863,863,8,1,80000,80,80,80,3,1727,3,1727,80000,80,80000,80,1810354,80,19695433,0
27430,862823,80000,80000,0,0,0,0,0,1810354,80,862743,80,865,865,1728,606,1,1000,599,865,865,865,864,864,18,1,80000,80,80,80,3,1728,3,1728,80000,80,80000,80,1810354,80,19700608,0
27440,863093,80000,80000,0,0,0,0,0,1810354,80,863013,80,865,865,1728,876,1,1000,599,865,865,865,864,864,27,1,80000,80,80,80,3,1728,3,1728,80000,80,80000,80,1810354,80,19706841,0
27450,863448,80000,80000,0,0,0,0,0,1810354,80,863368,80,866,866,1729,1231,2,0,1030,866,866,866,864,864,4,1,80000,80,80,80,3,1729,3,1729,80000,80,80000,80,1810354,80,19714983,0
27460,863797,80000,80000,0,0,0,0,0,1810354,80,863717,80,866,866,1729,1580,2,0,1030,866,866,866,864,864,16,1,80000,80,80,80,3,1729,3,1729,80000,80,80000,80,1810354,80,19723010,0
27470,864037,80000,80000,0,0,0,0,0,1810354,80,863957,80,866,866,1730,821,1,1000,816,866,866,866,865,865,26,1,80000,80,80,80,3,1730,3,1730,80000,80,80000,80,1810354,80,19728553,0
27480,864336,80000,80000,0,0,0,0,0,1810354,80,864256,80,867,867,1731,1120,2,0,1042,867,867,867,865,865,2,1,80000,80,80,80,3,1731,3,1731,80000,80,80000,80,1810354,80,19735453,0
27490,864693,80000,80000,0,0,0,0,0,1810354,80,864613,80,867,867,1731,1477,2,0,1042,867,867,867,865,865,12,1,80000,80,80,80,3,1731,3,1731,80000,80,80000,80,1810354,80,19743641,0
27500,864865,80000,80000,0,0,0,0,0,1810354,80,864785,80,867,867,1732,650,1,1000,644,867,867,867,866,866,20,1,80000,80,80,80,3,1732,3,1732,80000,80,80000,80,1810354,80,19747620,0
27510,865204,80000,80000,0,0,0,0,0,1810354,80,865124,80,867,867,1732,989,1,1000,644,867,867,867,866,866,30,1,80000,80,80,80,3,1732,3,1732,80000,80,80000,80,1810354,80,19755417,0
27520,865581,80000,80000,0,0,0,0,0,1810354,80,865501,80,868,868,1733,1366,2,0,1026,868,868,868,866,866,8,1,80000,80,80,80,3,1733,3,1733,80000,80,80000,80,1810354,80,19764088,0
27530,865938,80000,80000,0,0,0,0,0,1810354,80,865858,80,868,868,1733,1723,2,0,1026,868,868,868,866,866,18,1,80000,80,80,80,3,1733,3,1733,80000,80,80000,80,1810354,80,19772299,0
27540,866118,80000,80000,0,0,0,0,0,1810354,80,866038,80,868,868,1734,904,1,1000,863,868,868,868,867,867,28,1,80000,80,80,80,3,1734,3,1734,80000,80,80000,80,1810354,80,19776462,0
27550,866474,80000,80000,0,0,0,0,0,1810354,80,866394,80,869,869,1735,1260,2,0,1067,869,869,869,867,867,4,1,80000,80,80,80,3,1735,3,1735,80000,80,80000,80,1810354,80,19784673,0
27560,866825,80000,80000,0,0,0,0,0,1810354,80,866745,80,869,869,1735,1611,2,0,1067,869,869,869,867,867,14,1,80000,80,80,80,3,1735,3,1735,80000,80,80000,80,1810354,80,19792746,0
27570,866989,80000,80000,0,0,0,0,0,1810354,80,866909,80,869,869,1736,776,1,1000,664,869,869,869,868,868,24,1,80000,80,80,80,3,1736,3,1736,80000,80,80000,80,1810354,80,19796541,0
27580,867340,80000,80000,0,0,0,0,0,1810354,80,867260,80,870,870,1737,1127,2,0,1007,870,870,870,868,868,2,1,80000,80,80,80,3,1737,3,1737,80000,80,80000,80,1810354,80,19804591,0
27590,867680,80000,80000,0,0,0,0,0,1810354,80,867600,80,870,870,1738,468,1,1000,460,870,870,870,869,869,13,1,80000,80,80,80,3,1738,3,1738,80000,80,80000,80,1810354,80,19812434,0
27600,867868,80000,80000,0,0,0,0,0,1810354,80,867788,80,870,870,1738,656,1,1000,460,870,870,870,869,869,22,1,80000,80,80,80,3,1738,3,1738,80000,80,80000,80,1810354,80,19816758,0
27610,868115,80000,80000,0,0,0,0,0,1810354,80,868035,80,870,870,1738,903,1,1000,460,870,870,870,869,869,33,1,80000,80,80,80,3,1738,3,1738,80000,80,80000,80,1810354,80,19822439,0
27620,868468,80000,80000,0,0,0,0,0,1810354,80,868388,80,871,871,1739,1256,2,0,1021,871,871,871,869,869,6,1,80000,80,80,80,3,1739,3,1739,80000,80,80000,80,1810354,80,19830581,0
27630,868742,80000,80000,0,0,0,0,0,1810354,80,868662,80,871,871,1740,531,1,1000,524,871,871,871,870,870,16,1,80000,80,80,80,3,1740,3,1740,80000,80,80000,80,1810354,80,19836883,0
27640,869015,80000,80000,0,0,0,0,0,1810354,80,868935,80,871,871,1740,804,1,1000,524,871,871,871,870,870,26,1,80000,80,80,80,3,1740,3,1740,80000,80,80000,80,1810354,80,19843162,0
27650,869341,80000,80000,0,0,0,0,0,1810354,80,869261,80,872,872,1741,1130,2,0,1019,872,872,872,870,870,2,1,80000,80,80,80,3,1741,3,1741,80000,80,80000,80,1810354,80,19850660,0
27660,869706,80000,80000,0,0,0,0,0,1810354,80,869626,80,872,872,1741,1495,2,0,1019,872,872,872,870,870,12,1,80000,80,80,80,3,1741,3,1741,80000,80,80000,80,1810354,80,19859055,0
27670,870004,80000,80000,0,0,0,0,0,1810354,80,869924,80,872,872,1742,794,1,1000,790,872,872,872,871,871,22,1,80000,80,80,80,3,1742,3,1742,80000,80,80000,80,1810354,80,19865932,0
27680,870257,80000,80000,0,0,0,0,0,1810354,80,870177,80,872,872,1742,1047,2,1000,790,872,873,872,871,871,32,1,80000,80,80,80,3,1742,3,1742,80000,80,80000,80,1810354,80,19871774,0
27690,870611,80000,80000,0,0,0,0,0,1810354,80,870531,80,873,873,1743,1401,2,0,1061,873,873,873,871,871,8,1,80000,80,80,80,3,1743,3,1743,80000,80,80000,80,1810354,80,19879893,0
27700,870800,80000,80000,0,0,0,0,0,1810354,80,870720,80,873,873,1744,591,1,1000,567,873,873,873,872,872,18,1,80000,80,80,80,3,1744,3,1744,80000,80,80000,80,1810354,80,19884263,0
27710,871156,80000,80000,0,0,0,0,0,1810354,80,871076,80,873,873,1744,947,1,1000,567,873,873,873,872,872,28,1,80000,80,80,80,3,1744,3,1744,80000,80,80000,80,1810354,80,19892451,0
27720,871519,80000,80000,0,0,0,0,0,1810354,80,871439,80,874,874,1745,1310,2,0,1055,874,874,874,872,872,6,1,80000,80,80,80,3,1745,3,1745,80000,80,80000,80,1810354,80,19900823,0
27730,871826,80000,80000,0,0,0,0,0,1810354,80,871746,80,874,874,1745,1617,2,0,1055,874,874,874,872,872,16,1,80000,80,80,80,3,1745,3,1745,80000,80,80000,80,1810354,80,19907861,0
27740,872021,80000,80000,0,0,0,0,0,1810354,80,871941,80,874,874,1746,813,1,1000,808,874,874,874,873,873,26,1,80000,80,80,80,3,1746,3,1746,80000,80,80000,80,1810354,80,19912369,0
27750,872361,80000,80000,0,0,0,0,0,1810354,80,872281,80,875,875,1747,1153,2,0,1001,875,875,875,873,873,4,1,80000,80,80,80,3,1747,3,1747,80000,80,80000,80,1810354,80,19920189,0
27760,872722,80000,80000,0,0,0,0,0,1810354,80,872642,80,875,875,1747,1514,2,0,1001,875,875,875,873,873,14,1,80000,80,80,80,3,1747,3,1747,80000,80,80000,80,1810354,80,19928492,0
27770,872905,80000,80000,0,0,0,0,0,1810354,80,872825,80,875,875,1748,698,1,1000,579,875,875,875,874,874,24,1,80000,80,80,80,3,1748,3,1748,80000,80,80000,80,1810354,80,19932724,0
27780,873260,80000,80000,0,0,0,0,0,1810354,80,873180,80,876,876,1749,1053,2,0,1035,876,876,876,874,874,0,1,80000,80,80,80,3,1749,3,1749,80000,80,80000,80,1810354,80,19940889,0
27790,873622,80000,80000,0,0,0,0,0,1810354,80,873542,80,876,876,1749,1415,2,0,1035,876,876,876,874,874,8,1,80000,80,80,80,3,1749,3,1749,80000,80,80000,80,1810354,80,19949215,0
27800,873985,80000,80000,0,0,0,0,0,1810354,80,873905,80,876,876,1749,1778,2,0,1035,876,876,876,874,874,18,1,80000,80,80,80,3,1749,3,1749,80000,80,80000,80,1810354,80,19957564,0
27810,874135,80000,80000,0,0,0,0,0,1810354,80,874055,80,876,876,1750,929,1,1000,829,876,876,876,875,875,28,1,80000,80,80,80,3,1750,3,1750,80000,80,80000,80,1810354,80,19961037,0
27820,874502,80000,80000,0,0,0,0,0,1810354,80,874422,80,877,877,1751,1296,2,0,1042,877,877,877,875,875,6,1,80000,80,80,80,3,1751,3,1751,80000,80,80000,80,1810354,80,19969478,0
27830,874859,80000,80000,0,0,0,0,0,1810354,80,874779,80,877,877,1752,654,1,1000,650,877,877,877,876,876,16,1,80000,80,80,80,3,1752,3,1752,80000,80,80000,80,1810354,80,19977712,0
27840,875047,80000,80000,0,0,0,0,0,1810354,80,874967,80,877,877,1752,842,1,1000,650,877,877,877,876,876,26,1,80000,80,80,80,3,1752,3,1752,80000,80,80000,80,1810354,80,19982036,0
27850,875405,80000,80000,0,0,0,0,0,1810354,80,875325,80,878,878,1753,1200,2,0,1007,878,878,878,876,876,4,1,80000,80,80,80,3,1753,3,1753,80000,80,80000,80,1810354,80,19990270,0
27860,875658,80000,80000,0,0,0,0,0,1810354,80,875578,80,878,878,1754,454,1,1000,445,878,878,878,877,877,14,1,80000,80,80,80,3,1754,3,1754,80000,80,80000,80,1810354,80,19996112,0
27870,875948,80000,80000,0,0,0,0,0,1810354,80,875868,80,878,878,1754,744,1,1000,445,878,878,878,877,877,24,1,80000,80,80,80,3,1754,3,1754,80000,80,80000,80,1810354,80,20002782,0
27880,876282,80000,80000,0,0,0,0,0,1810354,80,876202,80,879,879,1755,1078,2,0,1012,879,879,879,877,877,0,1,80000,80,80,80,3,1755,3,1755,80000,80,80000,80,1810354,80,20010487,0
27890,876632,80000,80000,0,0,0,0,0,1810354,80,876552,80,879,879,1755,1428,2,0,1012,879,879,879,877,877,10,1,80000,80,80,80,3,1755,3,1755,80000,80,80000,80,1810354,80,20018514,0
27900,876846,80000,80000,0,0,0,0,0,1810354,80,876766,80,879,879,1756,643,1,1000,639,879,879,879,878,878,20,1,80000,80,80,80,3,1756,3,1756,80000,80,80000,80,1810354,80,20023459,0
27910,877082,80000,80000,0,0,0,0,0,1810354,80,877002,80,879,879,1756,879,1,1000,639,879,879,879,878,878,31,1,80000,80,80,80,3,1756,3,1756,80000,80,80000,80,1810354,80,20028910,0
27920,877423,80000,80000,0,0,0,0,0,1810354,80,877343,80,880,880,1757,1220,2,0,1065,880,880,880,878,878,4,1,80000,80,80,80,3,1757,3,1757,80000,80,80000,80,1810354,80,20036730,0
27930,877785,80000,80000,0,0,0,0,0,1810354,80,877705,80,880,880,1757,1582,2,0,1065,880,880,880,878,878,12,1,80000,80,80,80,3,1757,3,1757,80000,80,80000,80,1810354,80,20045056,0
27940,877972,80000,80000,0,0,0,0,0,1810354,80,877892,80,880,880,1758,770,1,1000,679,880,880,880,879,879,24,1,80000,80,80,80,3,1758,3,1758,80000,80,80000,80,1810354,80,20049380,0
27951,878334,80000,80000,0,0,0,0,0,1810354,80,878254,80,881,881,1759,1132,2,0,1050,881,881,881,879,879,2,1,80000,80,80,80,3,1759,3,1759,80000,80,80000,80,1810354,80,20057729,0
27960,878642,80000,80000,0,0,0,0,0,1810354,80,878562,80,881,881,1759,1440,2,0,1050,881,881,881,879,879,10,1,80000,80,80,80,3,1759,3,1759,80000,80,80000,80,1810354,80,20064790,0
27970,878846,80000,80000,0,0,0,0,0,1810354,80,878766,80,881,881,1760,645,1,1000,465,881,881,881,880,880,20,1,80000,80,80,80,3,1760,3,1760,80000,80,80000,80,1810354,80,20069505,0
27980,879208,80000,80000,0,0,0,0,0,1810354,80,879128,80,881,881,1760,1007,2,1000,465,881,882,881,880,880,30,1,80000,80,80,80,3,1760,3,1760,80000,80,80000,80,1810354,80,20077831,0
27990,879561,80000,80000,0,0,0,0,0,1810354,80,879481,80,882,882,1761,1360,2,0,1028,882,882,882,880,880,8,1,80000,80,80,80,3,1761,3,1761,80000,80,80000,80,1810354,80,20085950,0
28000,879918,80000,80000,0,0,0,0,0,1810354,80,879838,80,882,882,1761,1717,2,0,1028,882,882,882,880,880,18,1,80000,80,80,80,3,1761,3,1761,80000,80,80000,80,1810354,80,20094161,0
28010,880102,80000,80000,0,0,0,0,0,1810354,80,880022,80,882,882,1762,902,1,1000,750,882,882,882,881,881,28,1,80000,80,80,80,3,1762,3,1762,80000,80,80000,80,1810354,80,20098416,0
28020,880456,80000,80000,0,0,0,0,0,1810354,80,880376,80,883,883,1763,1256,2,0,1006,883,883,883,881,881,6,1,80000,80,80,80,3,1763,3,1763,80000,80,80000,80,1810354,80,20106558,0
28030,880736,80000,80000,0,0,0,0,0,1810354,80,880656,80,883,883,1764,537,1,1000,529,883,883,883,882,882,16,1,80000,80,80,80,3,1764,3,1764,80000,80,80000,80,1810354,80,20113021,0
28040,880975,80000,80000,0,0,0,0,0,1810354,80,880895,80,883,883,1764,776,1,1000,529,883,883,883,882,882,26,1,80000,80,80,80,3,1764,3,1764,80000,80,80000,80,1810354,80,20118518,0
28050,881319,80000,80000,0,0,0,0,0,1810354,80,881239,80,884,884,1765,1120,2,0,1043,884,884,884,882,882,2,1,80000,80,80,80,3,1765,3,1765,80000,80,80000,80,1810354,80,20126430,0
28060,881671,80000,80000,0,0,0,0,0,1810354,80,881591,80,884,884,1765,1472,2,0,1043,884,884,884,882,882,12,1,80000,80,80,80,3,1765,3,1765,80000,80,80000,80,1810354,80,20134526,0
28070,881992,80000,80000,0,0,0,0,0,1810354,80,881912,80,884,884,1766,794,1,1000,781,884,884,884,883,883,21,1,80000,80,80,80,3,1766,3,1766,80000,80,80000,80,1810354,80,20141932,0
28080,882210,80000,80000,0,0,0,0,0,1810354,80,882130,80,884,884,1766,1012,2,1000,781,884,885,884,883,883,31,1,80000,80,80,80,3,1766,3,1766,80000,80,80000,80,1810354,80,20146992,0
28090,882565,80000,80000,0,0,0,0,0,1810354,80,882485,80,885,885,1767,1367,2,0,1027,885,885,885,883,883,8,1,80000,80,80,80,3,1767,3,1767,80000,80,80000,80,1810354,80,20155134,0
28100,882785,80000,80000,0,0,0,0,0,1810354,80,882705,80,885,885,1768,588,1,1000,581,885,885,885,884,884,18,1,80000,80,80,80,3,1768,3,1768,80000,80,80000,80,1810354,80,20160194,0
28110,883108,80000,80000,0,0,0,0,0,1810354,80,883028,80,885,885,1768,911,1,1000,581,885,885,885,884,884,28,1,80000,80,80,80,3,1768,3,1768,80000,80,80000,80,1810354,80,20167623,0
28120,883427,80000,80000,0,0,0,0,0,1810354,80,883347,80,886,886,1769,1230,2,0,1058,886,886,886,884,884,4,1,80000,80,80,80,3,1769,3,1769,80000,80,80000,80,1810354,80,20174960,0
28130,883775,80000,80000,0,0,0,0,0,1810354,80,883695,80,886,886,1769,1578,2,0,1058,886,886,886,884,884,14,1,80000,80,80,80,3,1769,3,1769,80000,80,80000,80,1810354,80,20182987,0
28140,884014,80000,80000,0,0,0,0,0,1810354,80,883934,80,886,886,1770,818,1,1000,812,886,886,886,885,885,24,1,80000,80,80,80,3,1770,3,1770,80000,80,80000,80,1810354,80,20188484,0
28150,884304,80000,80000,0,0,0,0,0,1810354,80,884224,80,887,887,1771,1108,2,0,1034,887,887,887,885,885,2,1,80000,80,80,80,3,1771,3,1771,80000,80,80000,80,1810354,80,20195177,0
28160,884664,80000,80000,0,0,0,0,0,1810354,80,884584,80,887,887,1771,1468,2,0,1034,887,887,887,885,885,12,1,80000,80,80,80,3,1771,3,1771,80000,80,80000,80,1810354,80,20203434,0
28170,884848,80000,80000,0,0,0,0,0,1810354,80,884768,80,887,887,1772,653,1,1000,631,887,887,887,886,886,22,1,80000,80,80,80,3,1772,3,1772,80000,80,80000,80,1810354,80,20207689,0
28180,885187,80000,80000,0,0,0,0,0,1810354,80,885107,80,887,887,1772,992,1,1000,631,887,887,887,886,886,32,1,80000,80,80,80,3,1772,3,1772,80000,80,80000,80,1810354,80,20215486,0
28190,885494,80000,80000,0,0,0,0,0,1810354,80,885414,80,888,888,1773,1299,2,0,1030,888,888,888,886,886,6,1,80000,80,80,80,3,1773,3,1773,80000,80,80000,80,1810354,80,20222570,0
28200,885852,80000,80000,0,0,0,0,0,1810354,80,885772,80,888,888,1773,1657,2,0,1030,888,888,888,886,886,18,1,80000,80,80,80,3,1773,3,1773,80000,80,80000,80,1810354,80,20230781,0
28210,886023,80000,80000,0,0,0,0,0,1810354,80,885943,80,888,888,1774,829,1,1000,659,888,888,888,887,887,27,1,80000,80,80,80,3,1774,3,1774,80000,80,80000,80,1810354,80,20234760,0
28220,886383,80000,80000,0,0,0,0,0,1810354,80,886303,80,889,889,1775,1189,2,0,1004,889,889,889,887,887,4,1,80000,80,80,80,3,1775,3,1775,80000,80,80000,80,1810354,80,20243017,0
28230,886739,80000,80000,0,0,0,0,0,1810354,80,886659,80,889,889,1775,1545,2,0,1004,889,889,889,887,887,14,1,80000,80,80,80,3,1775,3,1775,80000,80,80000,80,1810354,80,20251205,0
28240,886932,80000,80000,0,0,0,0,0,1810354,80,886852,80,889,889,1776,739,1,1000,702,889,889,889,888,888,24,1,80000,80,80,80,3,1776,3,1776,80000,80,80000,80,1810354,80,20255667,0
28250,887287,80000,80000,0,0,0,0,0,1810354,80,887207,80,890,890,1777,1094,2,0,1026,890,890,890,888,888,0,1,80000,80,80,80,3,1777,3,1777,80000,80,80000,80,1810354,80,20263855,0
28260,887651,80000,80000,0,0,0,0,0,1810354,80,887571,80,890,890,1777,1458,2,0,1026,890,890,890,888,888,10,1,80000,80,80,80,3,1777,3,1777,80000,80,80000,80,1810354,80,20272204,0
28270,887798,80000,80000,0,0,0,0,0,1810354,80,887718,80,890,890,1778,606,1,1000,596,890,890,890,889,889,20,1,80000,80,80,80,3,1778,3,1778,80000,80,80000,80,1810354,80,20275608,0
28280,888152,80000,80000,0,0,0,0,0,1810354,80,888072,80,890,890,1778,960,1,1000,596,890,890,890,889,889,30,1,80000,80,80,80,3,1778,3,1778,80000,80,80000,80,1810354,80,20283773,0
28290,888495,80000,80000,0,0,0,0,0,1810354,80,888415,80,891,891,1779,1303,2,0,1028,891,891,891,889,889,8,1,80000,80,80,80,3,1779,3,1779,80000,80,80000,80,1810354,80,20291639,0
28300,888837,80000,80000,0,0,0,0,0,1810354,80,888757,80,891,891,1779,1645,2,0,1028,891,891,891,889,889,18,1,80000,80,80,80,3,1779,3,1779,80000,80,80000,80,1810354,80,20299505,0
28310,889024,80000,80000,0,0,0,0,0,1810354,80,888944,80,891,891,1780,833,1,1000,691,891,891,891,890,890,28,1,80000,80,80,80,3,1780,3,1780,80000,80,80000,80,1810354,80,20303875,0
28320,889385,80000,80000,0,0,0,0,0,1810354,80,889305,80,892,892,1781,1194,2,0,1027,892,892,892,890,890,4,1,80000,80,80,80,3,1781,3,1781,80000,80,80000,80,1810354,80,20312132,0
28330,889663,80000,80000,0,0,0,0,0,1810354,80,889583,80,892,892,1782,473,1,1000,467,892,892,892,891,891,14,1,80000,80,80,80,3,1782,3,1782,80000,80,80000,80,1810354,80,20318549,0
28340,889931,80000,80000,0,0,0,0,0,1810354,80,889851,80,892,892,1782,741,1,1000,467,892,892,892,891,891,24,1,80000,80,80,80,3,1782,3,1782,80000,80,80000,80,1810354,80,20324736,0
28350,890255,80000,80000,0,0,0,0,0,1810354,80,890175,80,893,893,1783,1065,2,0,1025,893,893,893,891,891,0,1,80000,80,80,80,3,1783,3,1783,80000,80,80000,80,1810354,80,20332165,0
28360,890613,80000,80000,0,0,0,0,0,1810354,80,890533,80,893,893,1783,1423,2,0,1025,893,893,893,891,891,10,1,80000,80,80,80,3,1783,3,1783,80000,80,80000,80,1810354,80,20340399,0
28370,890944,80000,80000,0,0,0,0,0,1810354,80,890864,80,893,893,1784,755,1,1000,747,893,893,893,892,892,20,1,80000,80,80,80,3,1784,3,1784,80000,80,80000,80,1810354,80,20348035,0
28380,891174,80000,80000,0,0,0,0,0,1810354,80,891094,80,893,893,1784,985,1,1000,747,893,893,893,892,892,30,1,80000,80,80,80,3,1784,3,1784,80000,80,80000,80,1810354,80,20353325,0
28390,891532,80000,80000,0,0,0,0,0,1810354,80,891452,80,894,894,1785,1343,2,0,1004,894,894,894,892,892,8,1,80000,80,80,80,3,1785,3,1785,80000,80,80000,80,1810354,80,20361559,0
28400,891744,80000,80000,0,0,0,0,0,1810354,80,891664,80,894,894,1786,556,1,1000,549,894,894,894,893,893,18,1,80000,80,80,80,3,1786,3,1786,80000,80,80000,80,1810354,80,20366458,0
28410,892095,80000,80000,0,0,0,0,0,1810354,80,892015,80,894,894,1786,907,1,1000,549,894,894,894,893,893,28,1,80000,80,80,80,3,1786,3,1786,80000,80,80000,80,1810354,80,20374531,0
28420,892408,80000,80000,0,0,0,0,0,1810354,80,892328,80,895,895,1787,1220,2,0,1079,895,895,895,893,893,2,1,80000,80,80,80,3,1787,3,1787,80000,80,80000,80,1810354,80,20381753,0
28430,892751,80000,80000,0,0,0,0,0,1810354,80,892671,80,895,895,1787,1563,2,0,1079,895,895,895,893,893,12,1,80000,80,80,80,3,1787,3,1787,80000,80,80000,80,1810354,80,20389642,0
28440,892990,80000,80000,0,0,0,0,0,1810354,80,892910,80,895,895,1788,803,1,1000,785,895,895,895,894,894,22,1,80000,80,80,80,3,1788,3,1788,80000,80,80000,80,1810354,80,20395139,0
28450,893295,80000,80000,0,0,0,0,0,1810354,80,893215,80,896,896,1789,1108,2,0,1036,896,896,896,894,894,0,1,80000,80,80,80,3,1789,3,1789,80000,80,80000,80,1810354,80,20402154,0
28460,893653,80000,80000,0,0,0,0,0,1810354,80,893573,80,896,896,1789,1466,2,0,1036,896,896,896,894,894,12,1,80000,80,80,80,3,1789,3,1789,80000,80,80000,80,1810354,80,20410388,0
28470,893844,80000,80000,0,0,0,0,0,1810354,80,893764,80,896,896,1790,658,1,1000,553,896,896,896,895,895,22,1,80000,80,80,80,3,1790,3,1790,80000,80,80000,80,1810354,80,20414804,0
28480,894198,80000,80000,0,0,0,0,0,1810354,80,894118,80,897,897,1791,1012,2,0,1001,897,897,897,895,895,0,1,80000,80,80,80,3,1791,3,1791,80000,80,80000,80,1810354,80,20422969,0
28490,894545,80000,80000,0,0,0,0,0,1810354,80,894465,80,897,897,1791,1359,2,0,1001,897,897,897,895,895,8,1,80000,80,80,80,3,1791,3,1791,80000,80,80000,80,1810354,80,20430927,0
28500,894872,80000,80000,0,0,0,0,0,1810354,80,894792,80,897,897,1791,1686,2,0,1001,897,897,897,895,895,18,1,80000,80,80,80,3,1791,3,1791,80000,80,80000,80,1810354,80,20438471,0
28510,894933,80000,80000,0,0,0,0,0,1810354,80,894853,80,897,897,1792,748,1,1000,700,897,897,897,896,896,27,1,80000,80,80,80,3,1792,3,1792,80000,80,80000,80,1810354,80,20439897,0
28520,895276,80000,80000,0,0,0,0,0,1810354,80,895196,80,898,898,1793,1091,2,0,1016,898,898,898,896,896,2,1,80000,80,80,80,3,1793,3,1793,80000,80,80000,80,1810354,80,20447763,0
28530,895627,80000,80000,0,0,0,0,0,1810354,80,895547,80,898,898,1793,1442,2,0,1016,898,898,898,896,896,12,1,80000,80,80,80,3,1793,3,1793,80000,80,80000,80,1810354,80,20455882,0
28540,895808,80000,80000,0,0,0,0,0,1810354,80,895728,80,898,898,1794,624,1,1000,612,898,898,898,897,897,22,1,80000,80,80,80,3,1794,3,1794,80000,80,80000,80,1810354,80,20460045,0
28550,896165,80000,80000,0,0,0,0,0,1810354,80,896085,80,898,898,1794,981,1,1000,612,898,898,898,897,897,32,1,80000,80,80,80,3,1794,3,1794,80000,80,80000,80,1810354,80,20468256,0
28560,896513,80000,80000,0,0,0,0,0,1810354,80,896433,80,899,899,1795,1329,2,0,1140,899,899,899,897,897,4,1,80000,80,80,80,3,1795,3,1795,80000,80,80000,80,1810354,80,20476260,0
28570,896865,80000,80000,0,0,0,0,0,1810354,80,896785,80,899,899,1796,682,1,1000,677,899,899,899,898,898,15,1,80000,80,80,80,3,1796,3,1796,80000,80,80000,80,1810354,80,20484356,0
28580,897034,80000,80000,0,0,0,0,0,1810354,80,896954,80,899,899,1796,851,1,1000,677,899,899,899,898,898,24,1,80000,80,80,80,3,1796,3,1796,80000,80,80000,80,1810354,80,20488243,0
28590,897389,80000,80000,0,0,0,0,0,1810354,80,897309,80,900,900,1797,1206,2,0,1038,900,900,900,898,898,4,1,80000,80,80,80,3,1797,3,1797,80000,80,80000,80,1810354,80,20496408,0
28600,897653,80000,80000,0,0,0,0,0,1810354,80,897573,80,900,900,1798,471,1,1000,465,900,900,900,899,899,14,1,80000,80,80,80,3,1798,3,1798,80000,80,80000,80,1810354,80,20502503,0
28610,897919,80000,80000,0,0,0,0,0,1810354,80,897839,80,900,900,1798,737,1,1000,465,900,900,900,899,899,24,1,80000,80,80,80,3,1798,3,1798,80000,80,80000,80,1810354,80,20508644,0
28620,898288,80000,80000,0,0,0,0,0,1810354,80,898208,80,901,901,1799,1106,2,0,1070,901,901,901,899,899,0,1,80000,80,80,80,3,1799,3,1799,80000,80,80000,80,1810354,80,20517131,0
28630,898650,80000,80000,0,0,0,0,0,1810354,80,898570,80,901,901,1799,1468,2,0,1070,901,901,901,899,899,10,1,80000,80,80,80,3,1799,3,1799,80000,80,80000,80,1810354,80,20525434,0
28640,898916,80000,80000,0,0,0,0,0,1810354,80,898836,80,901,901,1800,735,1,1000,731,901,901,901,900,900,20,1,80000,80,80,80,3,1800,3,1800,80000,80,80000,80,1810354,80,20531575,0
28650,899168,80000,80000,0,0,0,0,0,1810354,80,899088,80,901,901,1800,987,1,1000,731,901,901,901,900,900,30,1,80000,80,80,80,3,1800,3,1800,80000,80,80000,80,1810354,80,20537371,0
28660,899494,80000,80000,0,0,0,0,0,1810354,80,899414,80,902,902,1801,1313,2,0,1043,902,902,902,900,900,6,1,80000,80,80,80,3,1801,3,1801,80000,80,80000,80,1810354,80,20544869,0
28670,899697,80000,80000,0,0,0,0,0,1810354,80,899617,80,902,902,1802,517,1,1000,510,902,902,902,901,901,16,1,80000,80,80,80,3,1802,3,1802,80000,80,80000,80,1810354,80,20549561,0
28680,900039,80000,80000,0,0,0,0,0,1810354,80,899959,80,902,902,1802,859,1,1000,510,902,902,902,901,901,26,1,80000,80,80,80,3,1802,3,1802,80000,80,80000,80,1810354,80,20557427,0
28690,900371,80000,80000,0,0,0,0,0,1810354,80,900291,80,903,903,1803,1191,2,0,1003,903,903,903,901,901,4,1,80000,80,80,80,3,1803,3,1803,80000,80,80000,80,1810354,80,20565063,0
28700,900728,80000,80000,0,0,0,0,0,1810354,80,900648,80,903,903,1803,1548,2,0,1003,903,903,903,901,901,14,1,80000,80,80,80,3,1803,3,1803,80000,80,80000,80,1810354,80,20573274,0
28710,900930,80000,80000,0,0,0,0,0,1810354,80,900850,80,903,903,1804,751,1,1000,744,903,903,903,902,902,25,1,80000,80,80,80,3,1804,3,1804,80000,80,80000,80,1810354,80,20577943,0
28720,901271,80000,80000,0,0,0,0,0,1810354,80,901191,80,904,904,1805,1092,2,0,1064,904,904,904,902,902,0,1,80000,80,80,80,3,1805,3,1805,80000,80,80000,80,1810354,80,20585809,0
28730,901637,80000,80000,0,0,0,0,0,1810354,80,901557,80,904,904,1805,1458,2,0,1064,904,904,904,902,902,10,1,80000,80,80,80,3,1805,3,1805,80000,80,80000,80,1810354,80,20594204,0
28740,901773,80000,80000,0,0,0,0,0,1810354,80,901693,80,904,904,1806,595,1,1000,558,904,904,904,903,903,18,1,80000,80,80,80,3,1806,3,1806,80000,80,80000,80,1810354,80,20597355,0
28750,902144,80000,80000,0,0,0,0,0,1810354,80,902064,80,904,904,1806,966,1,1000,558,904,904,904,903,903,30,1,80000,80,80,80,3,1806,3,1806,80000,80,80000,80,1810354,80,20605888,0
28760,902486,80000,80000,0,0,0,0,0,1810354,80,902406,80,905,905,1807,1308,2,0,1037,905,905,905,903,903,8,1,80000,80,80,80,3,1807,3,1807,80000,80,80000,80,1810354,80,20613754,0
28770,902845,80000,80000,0,0,0,0,0,1810354,80,902765,80,905,905,1807,1667,2,0,1037,905,905,905,903,903,16,1,80000,80,80,80,3,1807,3,1807,80000,80,80000,80,1810354,80,20622011,0
28780,903021,80000,80000,0,0,0,0,0,1810354,80,902941,80,905,905,1808,844,1,1000,780,905,905,905,904,904,27,1,80000,80,80,80,3,1808,3,1808,80000,80,80000,80,1810354,80,20626082,0
28790,903372,80000,80000,0,0,0,0,0,1810354,80,903292,80,906,906,1809,1195,2,0,1016,906,906,906,904,904,4,1,80000,80,80,80,3,1809,3,1809,80000,80,80000,80,1810354,80,20634178,0
28800,903734,80000,80000,0,0,0,0,0,1810354,80,903654,80,906,906,1810,558,1,1000,555,906,906,906,905,905,15,1,80000,80,80,80,3,1810,3,1810,80000,80,80000,80,1810354,80,20642504,0
