elapsed_secs,topgun_or_prune_passes_total,topgun_or_prune_considered_total,topgun_or_prune_dropped_total,topgun_or_prune_matched_nothing_total,topgun_or_prune_absent_total,topgun_or_prune_restored_read_error_total,topgun_or_prune_restored_evicted_total,topgun_or_prune_restored_write_error_total,topgun_or_prune_bytes_freed_total,topgun_or_prune_epochs_drained_total,topgun_or_prune_empty_drains_total,topgun_or_prune_nonempty_drains_total,topgun_or_prune_lwm_advances_total,topgun_or_prune_lwm_epochs_advanced_total,topgun_or_prune_split_recomputes_total,topgun_or_prune_indexed_refs,topgun_or_prune_indexed_epochs,topgun_or_prune_eligible_refs,topgun_or_prune_ineligible_refs,topgun_or_prune_split_computed_epoch,topgun_or_prune_current_epoch,topgun_or_prune_low_water_mark,topgun_or_prune_durable_epoch_watermark,topgun_or_prune_last_drained_epoch,topgun_or_prune_lwm_stall_seconds,topgun_or_prune_tracked_claims,topgun_or_prune_drain_refs_sum,topgun_or_prune_drain_refs_count,topgun_or_prune_drain_epochs_sum,topgun_or_prune_drain_epochs_count,topgun_or_prune_claim_span_epochs_sum,topgun_or_prune_claim_span_epochs_count,topgun_or_prune_claim_lag_epochs_sum,topgun_or_prune_claim_lag_epochs_count,topgun_or_prune_epoch_considered_sum,topgun_or_prune_epoch_considered_count,topgun_or_prune_epoch_dropped_sum,topgun_or_prune_epoch_dropped_count,topgun_or_prune_epoch_bytes_freed_sum,topgun_or_prune_epoch_bytes_freed_count,topgun_ormap_tombstone_bytes_total,topgun_or_prune_drain_refs_p50
10,323,0,0,0,0,0,0,0,0,0,323,0,2,2,2,323,1,0,60,2,2,2,0,0,6,1,0,0,0,0,0,2,0,2,0,0,0,0,0,0,6282,0
20,714,0,0,0,0,0,0,0,0,0,714,0,2,2,2,714,1,0,60,2,2,2,0,0,16,1,0,0,0,0,0,2,0,2,0,0,0,0,0,0,14102,0
30,1088,0,0,0,0,0,0,0,0,0,1088,0,3,3,3,1088,2,0,1030,3,3,3,0,0,0,1,0,0,0,0,0,3,0,3,0,0,0,0,0,0,21582,0
40,1458,0,0,0,0,0,0,0,0,0,1458,0,3,3,3,1458,2,0,1030,3,3,3,0,0,10,1,0,0,0,0,0,3,0,3,0,0,0,0,0,0,28982,0
50,1773,1000,1000,0,0,0,0,0,19822,1,1772,1,3,3,4,773,1,1000,697,3,3,3,2,2,20,1,1000,1,1,1,0,4,0,4,1000,1,1000,1,19822,1,35590,999.9447405703887
60,2133,1000,1000,0,0,0,0,0,19822,1,2132,1,4,4,5,1133,2,0,1015,4,4,4,2,2,2,1,1000,1,1,1,0,5,0,5,1000,1,1000,1,19822,1,43150,999.9447405703887
70,2511,1000,1000,0,0,0,0,0,19822,1,2510,1,4,4,5,1511,2,0,1015,4,4,4,2,2,12,1,1000,1,1,1,0,5,0,5,1000,1,1000,1,19822,1,51088,999.9447405703887
80,2890,1000,1000,0,0,0,0,0,19822,1,2889,1,4,4,5,1890,2,0,1015,4,4,4,2,2,22,1,1000,1,1,1,0,5,0,5,1000,1,1000,1,19822,1,59068,999.9447405703887
90,3134,2000,2000,0,0,0,0,0,40357,2,3132,2,5,5,7,1134,2,0,1014,5,5,5,3,3,2,1,2000,2,2,2,0,7,0,7,2000,2,2000,2,40357,2,64171,999.9447405703887
100,3510,2000,2000,0,0,0,0,0,40357,2,3508,2,5,5,8,511,1,1000,501,5,5,5,4,4,13,1,2000,2,2,2,0,8,0,8,2000,2,2000,2,40357,2,72088,999.9447405703887
111,3773,3000,3000,0,0,0,0,0,61357,3,3770,3,5,5,8,773,1,1000,501,5,5,5,4,4,22,1,3000,3,3,3,0,8,0,8,3000,3,3000,3,61357,3,77590,999.9447405703887
120,4106,3000,3000,0,0,0,0,0,61357,3,4103,3,6,6,9,1106,2,0,1006,6,6,6,4,4,2,1,3000,3,3,3,0,9,0,9,3000,3,3000,3,61357,3,84583,999.9447405703887
130,4486,3000,3000,0,0,0,0,0,61357,3,4483,3,6,6,9,1486,2,0,1006,6,6,6,4,4,12,1,3000,3,3,3,0,9,0,9,3000,3,3000,3,61357,3,92563,999.9447405703887
140,4742,4000,4000,0,0,0,0,0,82357,4,4738,4,6,6,10,742,1,1000,724,6,6,6,5,5,22,1,4000,4,4,4,0,10,0,10,4000,4,4000,4,82357,4,97939,999.9447405703887
150,5116,4000,4000,0,0,0,0,0,82357,4,5112,4,7,7,11,1116,2,0,1006,7,7,7,5,5,2,1,4000,4,4,4,0,11,0,11,4000,4,4000,4,82357,4,105814,999.9447405703887
161,5494,4000,4000,0,0,0,0,0,82357,4,5490,4,7,7,11,1494,2,0,1006,7,7,7,5,5,12,1,4000,4,4,4,0,11,0,11,4000,4,4000,4,82357,4,113731,999.9447405703887
170,5823,4000,4000,0,0,0,0,0,82357,4,5819,4,7,7,11,1823,2,0,1006,7,7,7,5,5,22,1,4000,4,4,4,0,11,0,11,4000,4,4000,4,82357,4,120640,999.9447405703887
180,6066,5000,5000,0,0,0,0,0,103357,5,6061,5,8,8,13,1066,2,0,1037,8,8,8,6,6,0,1,5000,5,5,5,0,13,0,13,5000,5,5000,5,103357,5,125743,999.9447405703887
190,6446,5000,5000,0,0,0,0,0,103357,5,6441,5,8,8,13,1446,2,0,1037,8,8,8,6,6,10,1,5000,5,5,5,0,13,0,13,5000,5,5000,5,103357,5,133723,999.9447405703887
200,6821,5000,5000,0,0,0,0,0,103357,5,6816,5,8,8,13,1821,2,0,1037,8,8,8,6,6,20,1,5000,5,5,5,0,13,0,13,5000,5,5000,5,103357,5,141598,999.9447405703887
210,7115,6000,6000,0,0,0,0,0,124357,6,7109,6,9,9,15,1115,2,1000,1051,9,9,9,7,7,4,1,6000,6,6,6,0,15,0,15,6000,6,6000,6,124357,6,147793,999.9447405703887
220,7466,6000,6000,0,0,0,0,0,124357,6,7460,6,9,9,15,1466,2,1000,1051,9,9,9,7,7,14,1,6000,6,6,6,0,15,0,15,6000,6,6000,6,124357,6,155164,999.9447405703887
230,7720,7000,7000,0,0,0,0,0,145357,7,7713,7,9,9,16,720,1,1000,644,9,9,9,8,8,24,1,7000,7,7,7,0,16,0,16,7000,7,7000,7,145357,7,160477,999.9447405703887
240,8099,7000,7000,0,0,0,0,0,145357,7,8092,7,10,10,17,1099,2,0,1001,10,10,10,8,8,2,1,7000,7,7,7,0,17,0,17,7000,7,7000,7,145357,7,168436,999.9447405703887
250,8483,7000,7000,0,0,0,0,0,145357,7,8476,7,10,10,17,1483,2,0,1001,10,10,10,8,8,12,1,7000,7,7,7,0,17,0,17,7000,7,7000,7,145357,7,176500,999.9447405703887
260,8832,7000,7000,0,0,0,0,0,145357,7,8825,7,10,10,18,833,1,1000,824,10,10,10,9,9,22,1,7000,7,7,7,0,18,0,18,7000,7,7000,7,145357,7,183850,999.9447405703887
270,9049,8000,8000,0,0,0,0,0,166357,8,9041,8,11,11,19,1049,2,0,1041,11,11,11,9,9,0,1,8000,8,8,8,0,19,0,19,8000,8,8000,8,166357,8,188386,999.9447405703887
280,9428,8000,8000,0,0,0,0,0,166357,8,9420,8,11,11,19,1428,2,0,1041,11,11,11,9,9,10,1,8000,8,8,8,0,19,0,19,8000,8,8000,8,166357,8,196345,999.9447405703887
290,9819,8000,8000,0,0,0,0,0,166357,8,9811,8,11,11,19,1819,2,0,1041,11,11,11,9,9,20,1,8000,8,8,8,0,19,0,19,8000,8,8000,8,166357,8,204556,999.9447405703887
300,10102,9000,9000,0,0,0,0,0,187357,9,10093,9,12,12,21,1102,2,0,1007,12,12,12,10,10,2,1,9000,9,9,9,0,21,0,21,9000,9,9000,9,187357,9,210499,999.9447405703887
310,10390,9000,9000,0,0,0,0,0,187357,9,10381,9,12,12,21,1390,2,0,1007,12,12,12,10,10,12,1,9000,9,9,9,0,21,0,21,9000,9,9000,9,187357,9,216547,999.9447405703887
320,10651,10000,10000,0,0,0,0,0,208357,10,10641,10,12,12,22,651,1,1000,525,12,12,12,11,11,22,1,10000,10,10,10,0,22,0,22,10000,10,10000,10,208357,10,222028,999.9447405703887
330,11008,10000,10000,0,0,0,0,0,208357,10,10998,10,12,12,22,1008,2,1000,525,12,13,12,11,11,30,1,10000,10,10,10,0,22,0,22,10000,10,10000,10,208357,10,229546,999.9447405703887
340,11403,10000,10000,0,0,0,0,0,208357,10,11393,10,13,13,23,1403,2,0,1016,13,13,13,11,11,10,1,10000,10,10,10,0,23,0,23,10000,10,10000,10,208357,10,237820,999.9447405703887
350,11779,10000,10000,0,0,0,0,0,208357,10,11769,10,13,13,23,1779,2,0,1016,13,13,13,11,11,18,1,10000,10,10,10,0,23,0,23,10000,10,10000,10,208357,10,245716,999.9447405703887
360,12062,10000,10000,0,0,0,0,0,208357,10,12052,10,14,14,25,1063,2,1000,1043,14,14,14,12,12,4,1,10000,10,10,10,0,25,0,25,10000,10,10000,10,208357,10,251680,999.9447405703887
370,12405,11000,11000,0,0,0,0,0,229357,11,12394,11,14,14,25,1405,2,1000,1043,14,14,14,12,12,14,1,11000,11,11,11,0,25,0,25,11000,11,11000,11,229357,11,258862,999.9447405703887
380,12625,12000,12000,0,0,0,0,0,250357,12,12613,12,14,14,26,625,1,1000,587,14,14,14,13,13,24,1,12000,12,12,12,0,26,0,26,12000,12,12000,12,250357,12,263503,999.9447405703887
390,12974,12000,12000,0,0,0,0,0,250357,12,12962,12,14,14,26,974,1,1000,587,14,14,14,13,13,32,1,12000,12,12,12,0,26,0,26,12000,12,12000,12,250357,12,270811,999.9447405703887
400,13358,12000,12000,0,0,0,0,0,250357,12,13346,12,15,15,27,1358,2,0,1064,15,15,15,13,13,6,1,12000,12,12,12,0,27,0,27,12000,12,12000,12,250357,12,278875,999.9447405703887
410,13753,12000,12000,0,0,0,0,0,250357,12,13741,12,15,15,28,754,1,1000,749,15,15,15,14,14,18,1,12000,12,12,12,0,28,0,28,12000,12,12000,12,250357,12,287191,999.9447405703887
420,14012,13000,13000,0,0,0,0,0,271357,13,13999,13,16,16,29,1012,2,0,1012,16,16,16,14,14,0,1,13000,13,13,13,0,29,0,29,13000,13,13000,13,271357,13,292609,999.9447405703887
430,14392,13000,13000,0,0,0,0,0,271357,13,14379,13,16,16,29,1392,2,0,1012,16,16,16,14,14,10,1,13000,13,13,13,0,29,0,29,13000,13,13000,13,271357,13,300589,999.9447405703887
441,14774,13000,13000,0,0,0,0,0,271357,13,14761,13,16,16,29,1774,2,0,1012,16,16,16,14,14,20,1,13000,13,13,13,0,29,0,29,13000,13,13000,13,271357,13,308764,999.9447405703887
450,14963,14000,14000,0,0,0,0,0,292357,14,14949,14,16,16,30,963,1,1000,932,16,16,16,15,15,28,1,14000,14,14,14,0,30,0,30,14000,14,14000,14,292357,14,312900,999.9447405703887
460,15337,14000,14000,0,0,0,0,0,292357,14,15323,14,17,17,31,1337,2,0,1056,17,17,17,15,15,6,1,14000,14,14,14,0,31,0,31,14000,14,14000,14,292357,14,321128,999.9447405703887
470,15718,14000,14000,0,0,0,0,0,292357,14,15704,14,17,17,31,1718,2,0,1056,17,17,17,15,15,16,1,14000,14,14,14,0,31,0,31,14000,14,14000,14,292357,14,329510,999.9447405703887
480,16015,14000,14000,0,0,0,0,0,292357,14,16001,14,18,18,33,1016,2,0,1016,18,18,18,16,16,2,1,14000,14,14,14,1,33,1,33,14000,14,14000,14,292357,14,336066,999.9447405703887
490,16339,15000,15000,0,0,0,0,0,313714,15,16324,15,18,18,33,1339,2,0,1016,18,18,18,16,16,12,1,15000,15,15,15,1,33,1,33,15000,15,15000,15,313714,15,343172,999.9447405703887
500,16614,15000,15000,0,0,0,0,0,313714,15,16599,15,18,18,34,615,1,1000,612,18,18,18,17,17,20,1,15000,15,15,15,1,34,1,34,15000,15,15000,15,313714,15,349244,999.9447405703887
510,16891,16000,16000,0,0,0,0,0,335714,16,16875,16,18,18,34,893,1,1000,612,18,18,18,17,17,30,1,16000,16,16,16,1,34,1,34,16000,16,16000,16,335714,16,355360,999.9447405703887
520,17282,16000,16000,0,0,0,0,0,335714,16,17266,16,19,19,35,1282,2,0,1069,19,19,19,17,17,4,1,16000,16,16,16,1,35,1,35,16000,16,16000,16,335714,16,363918,999.9447405703887
530,17662,16000,16000,0,0,0,0,0,335714,16,17646,16,19,19,35,1662,2,0,1069,19,19,19,17,17,14,1,16000,16,16,16,1,35,1,35,16000,16,16000,16,335714,16,372344,999.9447405703887
540,17880,17000,17000,0,0,0,0,0,357714,17,17863,17,19,19,36,880,1,1000,796,19,19,19,18,18,24,1,17000,17,17,17,1,36,1,36,17000,17,17000,17,357714,17,377074,999.9447405703887
550,18230,17000,17000,0,0,0,0,0,357714,17,18213,17,20,20,37,1230,2,0,1034,20,20,20,18,18,4,1,17000,17,17,17,1,37,1,37,17000,17,17000,17,357714,17,384774,999.9447405703887
560,18619,17000,17000,0,0,0,0,0,357714,17,18602,17,20,20,37,1619,2,0,1034,20,20,20,18,18,14,1,17000,17,17,17,1,37,1,37,17000,17,17000,17,357714,17,393332,999.9447405703887
570,18971,17000,17000,0,0,0,0,0,357714,17,18954,17,20,20,38,972,1,1000,966,20,20,20,19,19,24,1,17000,17,17,17,1,38,1,38,17000,17,17000,17,357714,17,401098,999.9447405703887
580,19227,18000,18000,0,0,0,0,0,379714,18,19209,18,21,21,39,1227,2,0,1022,21,21,21,19,19,4,1,18000,18,18,18,1,39,1,39,18000,18,18000,18,379714,18,406708,999.9447405703887
590,19608,18000,18000,0,0,0,0,0,379714,18,19590,18,21,21,39,1608,2,0,1022,21,21,21,19,19,14,1,18000,18,18,18,1,39,1,39,18000,18,18000,18,379714,18,415090,999.9447405703887
600,19966,18000,18000,0,0,0,0,0,379714,18,19948,18,21,21,40,967,1,1000,959,21,21,21,20,20,25,1,18000,18,18,18,1,40,1,40,18000,18,18000,18,379714,18,422988,999.9447405703887
610,20167,19000,19000,0,0,0,0,0,401714,19,20148,19,22,22,41,1167,2,0,1019,22,22,22,20,20,2,1,19000,19,19,19,1,41,1,41,19000,19,19000,19,401714,19,427388,999.9447405703887
620,20548,19000,19000,0,0,0,0,0,401714,19,20529,19,22,22,41,1548,2,0,1019,22,22,22,20,20,14,1,19000,19,19,19,1,41,1,41,19000,19,19000,19,401714,19,435770,999.9447405703887
630,20765,20000,20000,0,0,0,0,0,423714,20,20745,20,22,22,42,765,1,1000,652,22,22,22,21,21,24,1,20000,20,20,20,1,42,1,42,20000,20,20000,20,423714,20,440544,999.9447405703887
640,21144,20000,20000,0,0,0,0,0,423714,20,21124,20,23,23,43,1144,2,0,1057,23,23,23,21,21,2,1,20000,20,20,20,1,43,1,43,20000,20,20000,20,423714,20,448926,999.9447405703887
650,21525,20000,20000,0,0,0,0,0,423714,20,21505,20,23,23,43,1525,2,0,1057,23,23,23,21,21,12,1,20000,20,20,20,1,43,1,43,20000,20,20000,20,423714,20,457286,999.9447405703887
660,21804,20000,20000,0,0,0,0,0,423714,20,21784,20,23,23,44,805,1,1000,803,23,23,23,22,22,20,1,20000,20,20,20,1,44,1,44,20000,20,20000,20,423714,20,463424,999.9447405703887
670,22095,21000,21000,0,0,0,0,0,445714,21,22074,21,24,24,45,1095,2,0,1027,24,24,24,22,22,0,1,21000,21,21,21,1,45,1,45,21000,21,21000,21,445714,21,469804,999.9447405703887
680,22480,21000,21000,0,0,0,0,0,445714,21,22459,21,24,24,45,1480,2,0,1027,24,24,24,22,22,12,1,21000,21,21,21,1,45,1,45,21000,21,21000,21,445714,21,478274,999.9447405703887
690,22860,21000,21000,0,0,0,0,0,445714,21,22839,21,24,24,45,1860,2,0,1027,24,24,24,22,22,22,1,21000,21,21,21,1,45,1,45,21000,21,21000,21,445714,21,486634,999.9447405703887
700,23067,22000,22000,0,0,0,0,0,467714,22,23045,22,25,25,47,1067,2,0,1055,25,25,25,23,23,0,1,22000,22,22,22,1,47,1,47,22000,22,22000,22,467714,22,491188,999.9447405703887
710,23417,22000,22000,0,0,0,0,0,467714,22,23395,22,25,25,47,1417,2,0,1055,25,25,25,23,23,8,1,22000,22,22,22,1,47,1,47,22000,22,22000,22,467714,22,498888,999.9447405703887
720,23643,23000,23000,0,0,0,0,0,489714,23,23620,23,25,25,48,643,1,1000,435,25,25,25,24,24,18,1,23000,23,23,23,1,48,1,48,23000,23,23000,23,489714,23,503860,999.9447405703887
730,24043,23000,23000,0,0,0,0,0,489714,23,24020,23,25,25,48,1043,2,1000,435,25,26,25,24,24,28,1,23000,23,23,23,1,48,1,48,23000,23,23000,23,489714,23,512660,999.9447405703887
740,24424,23000,23000,0,0,0,0,0,489714,23,24401,23,26,26,49,1424,2,0,1049,26,26,26,24,24,8,1,23000,23,23,23,1,49,1,49,23000,23,23000,23,489714,23,521042,999.9447405703887
750,24802,23000,23000,0,0,0,0,0,489714,23,24779,23,26,26,49,1802,2,0,1049,26,26,26,24,24,20,1,23000,23,23,23,1,49,1,49,23000,23,23000,23,489714,23,529358,999.9447405703887
760,25145,23000,23000,0,0,0,0,0,489714,23,25122,23,27,27,50,2145,3,0,2022,27,27,27,24,24,2,1,23000,23,23,23,1,50,1,50,23000,23,23000,23,489714,23,536904,999.9447405703887
770,25345,24000,24000,0,0,0,0,0,511714,24,25321,24,27,27,51,1345,2,1000,1187,27,27,27,25,25,12,1,24000,24,24,24,1,51,1,51,24000,24,24000,24,511714,24,541348,999.9447405703887
780,25727,24000,24000,0,0,0,0,0,511714,24,25703,24,27,27,51,1727,2,1000,1187,27,27,27,25,25,22,1,24000,24,24,24,1,51,1,51,24000,24,24000,24,511714,24,549708,999.9447405703887
790,25929,25000,25000,0,0,0,0,0,533714,25,25904,25,27,27,52,929,1,1000,736,27,27,27,26,26,32,1,25000,25,25,25,1,52,1,52,25000,25,25000,25,533714,25,554152,999.9447405703887
800,26326,25000,25000,0,0,0,0,0,533714,25,26301,25,28,28,53,1326,2,0,1027,28,28,28,26,26,6,1,25000,25,25,25,1,53,1,53,25000,25,25000,25,533714,25,562886,999.9447405703887
810,26714,25000,25000,0,0,0,0,0,533714,25,26689,25,28,28,53,1714,2,0,1027,28,28,28,26,26,16,1,25000,25,25,25,1,53,1,53,25000,25,25000,25,533714,25,571422,999.9447405703887
820,26921,26000,26000,0,0,0,0,0,555714,26,26895,26,28,28,54,921,1,1000,907,28,28,28,27,27,26,1,26000,26,26,26,1,54,1,54,26000,26,26000,26,555714,26,575976,999.9447405703887
830,27320,26000,26000,0,0,0,0,0,555714,26,27294,26,29,29,55,1320,2,0,1032,29,29,29,27,27,6,1,26000,26,26,26,1,55,1,55,26000,26,26000,26,555714,26,584754,999.9447405703887
840,27724,26000,26000,0,0,0,0,0,555714,26,27698,26,29,29,55,1724,2,0,1032,29,29,29,27,27,16,1,26000,26,26,26,1,55,1,55,26000,26,26000,26,555714,26,593642,999.9447405703887
850,28045,26000,26000,0,0,0,0,0,555714,26,28019,26,30,30,57,1046,2,0,1040,30,30,30,28,28,0,1,26000,26,26,26,2,57,2,57,26000,26,26000,26,555714,26,600726,999.9447405703887
860,28383,27000,27000,0,0,0,0,0,577714,27,28356,27,30,30,57,1383,2,0,1040,30,30,30,28,28,10,1,27000,27,27,27,2,57,2,57,27000,27,27000,27,577714,27,608162,999.9447405703887
870,28584,27000,27000,0,0,0,0,0,577714,27,28557,27,30,30,58,585,1,1000,565,30,30,30,29,29,20,1,27000,27,27,27,2,58,2,58,27000,27,27000,27,577714,27,612584,999.9447405703887
880,28939,27000,27000,0,0,0,0,0,577714,27,28912,27,30,30,58,940,1,1000,565,30,30,30,29,29,30,1,27000,27,27,27,2,58,2,58,27000,27,27000,27,577714,27,620394,999.9447405703887
890,29321,27000,27000,0,0,0,0,0,577714,27,29294,27,31,31,59,1322,2,0,1057,31,31,31,29,29,6,1,27000,27,27,27,2,59,2,59,27000,27,27000,27,577714,27,628798,999.9447405703887
900,29706,27000,27000,0,0,0,0,0,577714,27,29679,27,31,31,60,708,1,1000,705,31,31,31,30,30,17,1,27000,27,27,27,2,60,2,60,27000,27,27000,27,577714,27,637312,999.9447405703887
910,29934,28000,28000,0,0,0,0,0,599714,28,29906,28,31,31,60,935,1,1000,705,31,31,31,30,30,27,1,28000,28,28,28,2,60,2,60,28000,28,28000,28,599714,28,642284,999.9447405703887
920,30319,28000,28000,0,0,0,0,0,599714,28,30291,28,32,32,61,1320,2,0,1004,32,32,32,30,30,8,1,28000,28,28,28,2,61,2,61,28000,28,28000,28,599714,28,650754,999.9447405703887
931,30712,28000,28000,0,0,0,0,0,599714,28,30684,28,32,32,61,1713,2,0,1004,32,32,32,30,30,18,1,28000,28,28,28,2,61,2,61,28000,28,28000,28,599714,28,659400,999.9447405703887
940,30886,29000,29000,0,0,0,0,0,621714,29,30857,29,32,32,62,887,1,1000,852,32,32,32,31,31,26,1,29000,29,29,29,2,62,2,62,29000,29,29000,29,621714,29,663250,999.9447405703887
950,31264,29000,29000,0,0,0,0,0,621714,29,31235,29,33,33,63,1265,2,0,1040,33,33,33,31,31,4,1,29000,29,29,29,2,63,2,63,29000,29,29000,29,621714,29,671566,999.9447405703887
960,31639,29000,29000,0,0,0,0,0,621714,29,31610,29,33,33,63,1640,2,0,1040,33,33,33,31,31,16,1,29000,29,29,29,2,63,2,63,29000,29,29000,29,621714,29,679794,999.9447405703887
970,31966,29000,29000,0,0,0,0,0,621714,29,31937,29,33,33,64,968,1,1000,963,33,33,33,32,32,26,1,29000,29,29,29,2,64,2,64,29000,29,29000,29,621714,29,687010,999.9447405703887
980,32214,29000,29000,0,0,0,0,0,621714,29,32185,29,34,34,65,1216,2,0,1058,34,34,34,32,32,4,1,29000,29,29,29,2,65,2,65,29000,29,29000,29,621714,29,692466,999.9447405703887
990,32564,29000,29000,0,0,0,0,0,621714,29,32535,29,34,34,65,1566,2,0,1058,34,34,34,32,32,12,1,29000,29,29,29,2,65,2,65,29000,29,29000,29,621714,29,700166,0
1000,32766,30000,30000,0,0,0,0,0,643714,30,32736,30,34,34,66,768,1,1000,664,34,34,34,33,33,22,1,30000,30,30,30,2,66,2,66,30000,30,30000,30,643714,30,704610,999.9447405703887
1010,33148,30000,30000,0,0,0,0,0,643714,30,33118,30,35,35,67,1150,2,0,1007,35,35,35,33,33,2,1,30000,30,30,30,2,67,2,67,30000,30,30000,30,643714,30,713014,999.9447405703887
1020,33526,30000,30000,0,0,0,0,0,643714,30,33496,30,35,35,67,1528,2,0,1007,35,35,35,33,33,14,1,30000,30,30,30,2,67,2,67,30000,30,30000,30,643714,30,721330,999.9447405703887
1030,33911,30000,30000,0,0,0,0,0,643714,30,33881,30,35,35,67,1913,2,0,1007,35,35,35,33,33,24,1,30000,30,30,30,2,67,2,67,30000,30,30000,30,643714,30,729800,999.9447405703887
1040,34080,31000,31000,0,0,0,0,0,665714,31,34049,31,36,36,69,1082,2,0,1051,36,36,36,34,34,4,1,31000,31,31,31,3,69,3,69,31000,31,31000,31,665714,31,733518,999.9447405703887
1050,34472,31000,31000,0,0,0,0,0,665714,31,34441,31,36,36,69,1474,2,0,1051,36,36,36,34,34,14,1,31000,31,31,31,3,69,3,69,31000,31,31000,31,665714,31,742142,999.9447405703887
1060,34678,32000,32000,0,0,0,0,0,687714,32,34646,32,36,36,70,680,1,1000,657,36,36,36,35,35,24,1,32000,32,32,32,3,70,3,70,32000,32,32000,32,687714,32,746674,999.9447405703887
1070,35060,32000,32000,0,0,0,0,0,687714,32,35028,32,36,36,70,1062,2,1000,657,36,37,36,35,35,34,1,32000,32,32,32,3,70,3,70,32000,32,32000,32,687714,32,755078,999.9447405703887
1080,35445,32000,32000,0,0,0,0,0,687714,32,35413,32,37,37,71,1447,2,0,1071,37,37,37,35,35,8,1,32000,32,32,32,3,71,3,71,32000,32,32000,32,687714,32,763548,999.9447405703887
1090,35807,32000,32000,0,0,0,0,0,687714,32,35775,32,37,37,72,810,1,1000,803,37,37,37,36,36,20,1,32000,32,32,32,3,72,3,72,32000,32,32000,32,687714,32,771534,999.9447405703887
1100,36002,33000,33000,0,0,0,0,0,709714,33,35969,33,37,37,72,1004,2,1000,803,37,38,37,36,36,28,1,33000,33,33,33,3,72,3,72,33000,33,33000,33,709714,33,775802,999.9447405703887
1110,36383,33000,33000,0,0,0,0,0,709714,33,36350,33,38,38,73,1385,2,0,1031,38,38,38,36,36,8,1,33000,33,33,33,3,73,3,73,33000,33,33000,33,709714,33,784184,999.9447405703887
1120,36766,33000,33000,0,0,0,0,0,709714,33,36733,33,38,38,73,1768,2,0,1031,38,38,38,36,36,18,1,33000,33,33,33,3,73,3,73,33000,33,33000,33,709714,33,792610,999.9447405703887
1130,36980,33000,33000,0,0,0,0,0,709714,33,36947,33,38,38,74,983,1,1000,933,38,38,38,37,37,28,1,33000,33,33,33,3,74,3,74,33000,33,33000,33,709714,33,797362,999.9447405703887
1140,37361,33000,33000,0,0,0,0,0,709714,33,37328,33,39,39,75,1364,2,0,1002,39,39,39,37,37,8,1,33000,33,33,33,3,75,3,75,33000,33,33000,33,709714,33,805722,0
1150,37680,33000,33000,0,0,0,0,0,709714,33,37647,33,39,39,76,684,1,1000,682,39,39,39,38,38,18,1,33000,33,33,33,3,76,3,76,33000,33,33000,33,709714,33,812762,0
1160,37921,34000,34000,0,0,0,0,0,731714,34,37887,34,39,39,76,924,1,1000,682,39,39,39,38,38,28,1,34000,34,34,34,3,76,3,76,34000,34,34000,34,731714,34,818042,999.9447405703887
1170,38316,34000,34000,0,0,0,0,0,731714,34,38282,34,40,40,77,1319,2,0,1038,40,40,40,38,38,6,1,34000,34,34,34,3,77,3,77,34000,34,34000,34,731714,34,826754,999.9447405703887
1180,38699,34000,34000,0,0,0,0,0,731714,34,38665,34,40,40,77,1702,2,0,1038,40,40,40,38,38,16,1,34000,34,34,34,3,77,3,77,34000,34,34000,34,731714,34,835180,999.9447405703887
1190,39076,34000,34000,0,0,0,0,0,731714,34,39042,34,41,41,78,2079,3,0,2025,41,41,41,38,38,0,1,34000,34,34,34,3,78,3,78,34000,34,34000,34,731714,34,843496,999.9447405703887
1200,39236,34000,34000,0,0,0,0,0,731714,34,39202,34,41,41,79,1240,2,1000,1172,41,41,41,39,39,10,1,34000,34,34,34,3,79,3,79,34000,34,34000,34,731714,34,846994,999.9447405703887
1210,39439,34000,34000,0,0,0,0,0,731714,34,39405,34,41,41,80,444,1,1000,440,41,41,41,40,40,20,1,34000,34,34,34,3,80,3,80,34000,34,34000,34,731714,34,851482,999.9447405703887
1220,39700,34000,34000,0,0,0,0,0,731714,34,39666,34,41,41,80,705,1,1000,440,41,41,41,40,40,30,1,34000,34,34,34,3,80,3,80,34000,34,34000,34,731714,34,857224,0
1230,40092,34000,34000,0,0,0,0,0,731714,34,40058,34,42,42,81,1097,2,0,1002,42,42,42,40,40,2,1,34000,34,34,34,3,81,3,81,34000,34,34000,34,731714,34,865848,0
1240,40470,34000,34000,0,0,0,0,0,731714,34,40436,34,42,42,81,1475,2,0,1002,42,42,42,40,40,12,1,34000,34,34,34,3,81,3,81,34000,34,34000,34,731714,34,874164,0
1251,40753,34000,34000,0,0,0,0,0,731714,34,40719,34,42,42,82,759,1,1000,746,42,42,42,41,41,22,1,34000,34,34,34,3,82,3,82,34000,34,34000,34,731714,34,880412,0
1260,41018,34000,34000,0,0,0,0,0,731714,34,40984,34,42,42,82,1024,2,1000,746,42,43,42,41,41,30,1,34000,34,34,34,3,82,3,82,34000,34,34000,34,731714,34,886242,0
1270,41399,34000,34000,0,0,0,0,0,731714,34,41365,34,43,43,83,1405,2,0,1036,43,43,43,41,41,8,1,34000,34,34,34,3,83,3,83,34000,34,34000,34,731714,34,894624,0
1280,41702,34000,34000,0,0,0,0,0,731714,34,41668,34,43,43,84,709,1,1000,700,43,43,43,42,42,20,1,34000,34,34,34,3,84,3,84,34000,34,34000,34,731714,34,901312,0
1290,41975,34000,34000,0,0,0,0,0,731714,34,41941,34,43,43,84,982,1,1000,700,43,43,43,42,42,30,1,34000,34,34,34,3,84,3,84,34000,34,34000,34,731714,34,907318,0
1300,42356,34000,34000,0,0,0,0,0,731714,34,42322,34,44,44,85,1363,2,0,1047,44,44,44,42,42,8,1,34000,34,34,34,3,85,3,85,34000,34,34000,34,731714,34,915700,0
1310,42702,34000,34000,0,0,0,0,0,731714,34,42668,34,44,44,85,1709,2,0,1047,44,44,44,42,42,16,1,34000,34,34,34,3,85,3,85,34000,34,34000,34,731714,34,923312,0
1320,42921,35000,35000,0,0,0,0,0,753714,35,42886,35,44,44,86,928,1,1000,804,44,44,44,43,43,26,1,35000,35,35,35,3,86,3,86,35000,35,35000,35,753714,35,928152,999.9447405703887
1330,43312,35000,35000,0,0,0,0,0,753714,35,43277,35,45,45,87,1319,2,0,1100,45,45,45,43,43,4,1,35000,35,35,35,3,87,3,87,35000,35,35000,35,753714,35,936732,999.9447405703887
1340,43700,35000,35000,0,0,0,0,0,753714,35,43665,35,45,45,87,1707,2,0,1100,45,45,45,43,43,14,1,35000,35,35,35,3,87,3,87,35000,35,35000,35,753714,35,945268,999.9447405703887
1350,43914,35000,35000,0,0,0,0,0,753714,35,43879,35,45,45,88,922,1,1000,914,45,45,45,44,44,26,1,35000,35,35,35,3,88,3,88,35000,35,35000,35,753714,35,949998,999.9447405703887
1360,44291,36000,36000,0,0,0,0,0,775714,36,44255,36,46,46,89,1298,2,0,1066,46,46,46,44,44,6,1,36000,36,36,36,3,89,3,89,36000,36,36000,36,775714,36,958270,999.9447405703887
1370,44646,36000,36000,0,0,0,0,0,775714,36,44610,36,46,46,89,1653,2,0,1066,46,46,46,44,44,14,1,36000,36,36,36,3,89,3,89,36000,36,36000,36,775714,36,966080,999.9447405703887
1380,44987,36000,36000,0,0,0,0,0,775714,36,44951,36,46,46,90,995,1,1000,985,46,46,46,45,45,24,1,36000,36,36,36,3,90,3,90,36000,36,36000,36,775714,36,973604,999.9447405703887
1390,45237,37000,37000,0,0,0,0,0,797714,37,45200,37,47,47,91,1244,2,0,1028,47,47,47,45,45,4,1,37000,37,37,37,3,91,3,91,37000,37,37000,37,797714,37,979082,999.9447405703887
1400,45494,37000,37000,0,0,0,0,0,797714,37,45457,37,47,47,92,502,1,1000,499,47,47,47,46,46,14,1,37000,37,37,37,3,92,3,92,37000,37,37000,37,797714,37,984758,999.9447405703887
1410,45813,37000,37000,0,0,0,0,0,797714,37,45776,37,47,47,92,821,1,1000,499,47,47,47,46,46,24,1,37000,37,37,37,3,92,3,92,37000,37,37000,37,797714,37,991776,999.9447405703887
1420,46164,37000,37000,0,0,0,0,0,797714,37,46127,37,48,48,93,1172,2,0,1053,48,48,48,46,46,2,1,37000,37,37,37,3,93,3,93,37000,37,37000,37,797714,37,999498,999.9447405703887
1430,46523,37000,37000,0,0,0,0,0,797714,37,46486,37,48,48,93,1531,2,0,1053,48,48,48,46,46,12,1,37000,37,37,37,3,93,3,93,37000,37,37000,37,797714,37,1007418,999.9447405703887
1440,46900,37000,37000,0,0,0,0,0,797714,37,46863,37,48,48,93,1908,2,0,1053,48,48,48,46,46,22,1,37000,37,37,37,3,93,3,93,37000,37,37000,37,797714,37,1015690,0
1450,47093,37000,37000,0,0,0,0,0,797714,37,47056,37,49,49,95,1102,2,0,1040,49,49,49,47,47,0,1,37000,37,37,37,3,95,3,95,37000,37,37000,37,797714,37,1019980,0
1460,47470,37000,37000,0,0,0,0,0,797714,37,47433,37,49,49,95,1479,2,0,1040,49,49,49,47,47,10,1,37000,37,37,37,3,95,3,95,37000,37,37000,37,797714,37,1028252,0
1470,47769,37000,37000,0,0,0,0,0,797714,37,47732,37,49,49,96,779,1,1000,769,49,49,49,48,48,20,1,37000,37,37,37,3,96,3,96,37000,37,37000,37,797714,37,1034852,0
1480,48008,37000,37000,0,0,0,0,0,797714,37,47971,37,49,49,96,1018,2,1000,769,49,50,49,48,48,30,1,37000,37,37,37,3,96,3,96,37000,37,37000,37,797714,37,1040110,0
1490,48389,37000,37000,0,0,0,0,0,797714,37,48352,37,50,50,97,1399,2,0,1060,50,50,50,48,48,8,1,37000,37,37,37,3,97,3,97,37000,37,37000,37,797714,37,1048492,0
1500,48770,37000,37000,0,0,0,0,0,797714,37,48733,37,50,50,97,1780,2,0,1060,50,50,50,48,48,18,1,37000,37,37,37,3,97,3,97,37000,37,37000,37,797714,37,1056874,0
1510,48852,37000,37000,0,0,0,0,0,797714,37,48815,37,50,50,98,863,1,1000,804,50,50,50,49,49,28,1,37000,37,37,37,3,98,3,98,37000,37,37000,37,797714,37,1058700,0
1520,49246,37000,37000,0,0,0,0,0,797714,37,49209,37,51,51,99,1257,2,0,1067,51,51,51,49,49,4,1,37000,37,37,37,3,99,3,99,37000,37,37000,37,797714,37,1067368,0
1530,49600,37000,37000,0,0,0,0,0,797714,37,49563,37,51,51,99,1611,2,0,1067,51,51,51,49,49,12,1,37000,37,37,37,3,99,3,99,37000,37,37000,37,797714,37,1075156,0
1540,49828,38000,38000,0,0,0,0,0,819714,38,49790,38,51,51,100,839,1,1000,765,51,51,51,50,50,22,1,38000,38,38,38,3,100,3,100,38000,38,38000,38,819714,38,1080172,999.9447405703887
1550,50227,38000,38000,0,0,0,0,0,819714,38,50189,38,52,52,101,1238,2,0,1082,52,52,52,50,50,4,1,38000,38,38,38,3,101,3,101,38000,38,38000,38,819714,38,1088950,999.9447405703887
1560,50623,38000,38000,0,0,0,0,0,819714,38,50585,38,52,52,101,1634,2,0,1082,52,52,52,50,50,14,1,38000,38,38,38,3,101,3,101,38000,38,38000,38,819714,38,1097662,999.9447405703887
1570,50851,38000,38000,0,0,0,0,0,819714,38,50813,38,52,52,102,863,1,1000,856,52,52,52,51,51,24,1,38000,38,38,38,3,102,3,102,38000,38,38000,38,819714,38,1102700,999.9447405703887
1580,51213,38000,38000,0,0,0,0,0,819714,38,51175,38,53,53,103,1225,2,0,1057,53,53,53,51,51,4,1,38000,38,38,38,3,103,3,103,38000,38,38000,38,819714,38,1110686,999.9447405703887
1590,51551,38000,38000,0,0,0,0,0,819714,38,51513,38,53,53,103,1563,2,0,1057,53,53,53,51,51,12,1,38000,38,38,38,3,103,3,103,38000,38,38000,38,819714,38,1118122,999.9447405703887
1600,51905,38000,38000,0,0,0,0,0,819714,38,51867,38,53,53,104,918,1,1000,915,53,53,53,52,52,23,1,38000,38,38,38,3,104,3,104,38000,38,38000,38,819714,38,1125910,0
1610,52110,38000,38000,0,0,0,0,0,819714,38,52072,38,54,54,105,1123,2,0,1060,54,54,54,52,52,0,1,38000,38,38,38,3,105,3,105,38000,38,38000,38,819714,38,1130420,0
1620,52504,38000,38000,0,0,0,0,0,819714,38,52466,38,54,54,105,1517,2,0,1060,54,54,54,52,52,10,1,38000,38,38,38,3,105,3,105,38000,38,38000,38,819714,38,1139088,0
1630,52698,38000,38000,0,0,0,0,0,819714,38,52660,38,54,54,106,712,1,1000,595,54,54,54,53,53,22,1,38000,38,38,38,3,106,3,106,38000,38,38000,38,819714,38,1143378,0
1640,53041,38000,38000,0,0,0,0,0,819714,38,53003,38,55,55,107,1055,2,0,1006,55,55,55,53,53,0,1,38000,38,38,38,3,107,3,107,38000,38,38000,38,819714,38,1150924,0
1650,53427,38000,38000,0,0,0,0,0,819714,38,53389,38,55,55,107,1441,2,0,1006,55,55,55,53,53,10,1,38000,38,38,38,3,107,3,107,38000,38,38000,38,819714,38,1159416,0
1660,53799,38000,38000,0,0,0,0,0,819714,38,53761,38,55,55,107,1813,2,0,1006,55,55,55,53,53,20,1,38000,38,38,38,3,107,3,107,38000,38,38000,38,819714,38,1167600,0
1670,54087,38000,38000,0,0,0,0,0,819714,38,54049,38,56,56,109,1102,2,1000,1099,56,56,56,54,54,2,1,38000,38,38,38,3,109,3,109,38000,38,38000,38,819714,38,1173958,0
1680,54379,38000,38000,0,0,0,0,0,819714,38,54341,38,56,56,109,1394,2,1000,1099,56,56,56,54,54,12,1,38000,38,38,38,3,109,3,109,38000,38,38000,38,819714,38,1180382,0
1690,54562,38000,38000,0,0,0,0,0,819714,38,54524,38,56,56,110,578,1,1000,569,56,56,56,55,55,22,1,38000,38,38,38,3,110,3,110,38000,38,38000,38,819714,38,1184430,0
1700,54930,38000,38000,0,0,0,0,0,819714,38,54892,38,56,56,110,946,1,1000,569,56,56,56,55,55,32,1,38000,38,38,38,3,110,3,110,38000,38,38000,38,819714,38,1192526,0
1710,55308,38000,38000,0,0,0,0,0,819714,38,55270,38,57,57,111,1324,2,0,1054,57,57,57,55,55,6,1,38000,38,38,38,3,111,3,111,38000,38,38000,38,819714,38,1200842,0
1720,55663,38000,38000,0,0,0,0,0,819714,38,55625,38,57,57,112,680,1,1000,676,57,57,57,56,56,16,1,38000,38,38,38,3,112,3,112,38000,38,38000,38,819714,38,1208674,0
1730,55889,38000,38000,0,0,0,0,0,819714,38,55851,38,57,57,112,906,1,1000,676,57,57,57,56,56,26,1,38000,38,38,38,3,112,3,112,38000,38,38000,38,819714,38,1213646,0
1740,56228,38000,38000,0,0,0,0,0,819714,38,56190,38,58,58,113,1245,2,0,1060,58,58,58,56,56,4,1,38000,38,38,38,3,113,3,113,38000,38,38000,38,819714,38,1221126,0
1750,56610,38000,38000,0,0,0,0,0,819714,38,56572,38,58,58,113,1627,2,0,1060,58,58,58,56,56,14,1,38000,38,38,38,3,113,3,113,38000,38,38000,38,819714,38,1229508,0
1760,56797,38000,38000,0,0,0,0,0,819714,38,56759,38,58,58,114,815,1,1000,746,58,58,58,57,57,24,1,38000,38,38,38,3,114,3,114,38000,38,38000,38,819714,38,1233666,0
1770,57173,38000,38000,0,0,0,0,0,819714,38,57135,38,59,59,115,1191,2,0,1073,59,59,59,57,57,2,1,38000,38,38,38,3,115,3,115,38000,38,38000,38,819714,38,1241916,0
1780,57545,38000,38000,0,0,0,0,0,819714,38,57507,38,59,59,115,1563,2,0,1073,59,59,59,57,57,12,1,38000,38,38,38,3,115,3,115,38000,38,38000,38,819714,38,1250100,0
1790,57784,38000,38000,0,0,0,0,0,819714,38,57746,38,59,59,116,803,1,1000,796,59,59,59,58,58,22,1,38000,38,38,38,3,116,3,116,38000,38,38000,38,819714,38,1255380,0
1800,58080,38000,38000,0,0,0,0,0,819714,38,58042,38,60,60,117,1099,2,0,1071,60,60,60,58,58,0,1,38000,38,38,38,3,117,3,117,38000,38,38000,38,819714,38,1261892,0
1810,58339,38000,38000,0,0,0,0,0,819714,38,58301,38,60,60,117,1358,2,0,1071,60,60,60,58,58,10,1,38000,38,38,38,3,117,3,117,38000,38,38000,38,819714,38,1267612,0
1820,58640,38000,38000,0,0,0,0,0,819714,38,58602,38,60,60,118,660,1,1000,653,60,60,60,59,59,21,1,38000,38,38,38,3,118,3,118,38000,38,38000,38,819714,38,1274234,0
1830,58907,38000,38000,0,0,0,0,0,819714,38,58869,38,60,60,118,927,1,1000,653,60,60,60,59,59,31,1,38000,38,38,38,3,118,3,118,38000,38,38000,38,819714,38,1280108,0
1840,59283,38000,38000,0,0,0,0,0,819714,38,59245,38,61,61,119,1303,2,0,1066,61,61,61,59,59,6,1,38000,38,38,38,3,119,3,119,38000,38,38000,38,819714,38,1288402,0
1851,59668,38000,38000,0,0,0,0,0,819714,38,59630,38,61,61,119,1688,2,0,1066,61,61,61,59,59,16,1,38000,38,38,38,3,119,3,119,38000,38,38000,38,819714,38,1296850,0
1860,59834,39000,39000,0,0,0,0,0,841714,39,59795,39,61,61,120,854,1,1000,710,61,61,61,60,60,24,1,39000,39,39,39,3,120,3,120,39000,39,39000,39,841714,39,1300502,999.9447405703887
1870,60212,39000,39000,0,0,0,0,0,841714,39,60173,39,62,62,121,1232,2,0,1013,62,62,62,60,60,4,1,39000,39,39,39,3,121,3,121,39000,39,39000,39,841714,39,1308818,999.9447405703887
1880,60581,39000,39000,0,0,0,0,0,841714,39,60542,39,62,62,121,1601,2,0,1013,62,62,62,60,60,16,1,39000,39,39,39,3,121,3,121,39000,39,39000,39,841714,39,1316936,999.9447405703887
1890,60767,39000,39000,0,0,0,0,0,841714,39,60728,39,62,62,122,788,1,1000,759,62,62,62,61,61,26,1,39000,39,39,39,3,122,3,122,39000,39,39000,39,841714,39,1321050,999.9447405703887
1901,61139,39000,39000,0,0,0,0,0,841714,39,61100,39,63,63,123,1160,2,0,1003,63,63,63,61,61,4,1,39000,39,39,39,3,123,3,123,39000,39,39000,39,841714,39,1329234,999.9447405703887
1910,61478,39000,39000,0,0,0,0,0,841714,39,61439,39,63,63,123,1499,2,0,1003,63,63,63,61,61,12,1,39000,39,39,39,3,123,3,123,39000,39,39000,39,841714,39,1336692,999.9447405703887
1920,61814,39000,39000,0,0,0,0,0,841714,39,61775,39,63,63,124,836,1,1000,830,63,63,63,62,62,22,1,39000,39,39,39,3,124,3,124,39000,39,39000,39,841714,39,1344106,0
1930,62038,39000,39000,0,0,0,0,0,841714,39,61999,39,63,63,124,1060,2,1000,830,63,64,63,62,62,32,1,39000,39,39,39,3,124,3,124,39000,39,39000,39,841714,39,1349034,0
1940,62416,39000,39000,0,0,0,0,0,841714,39,62377,39,64,64,125,1438,2,0,1066,64,64,64,62,62,10,1,39000,39,39,39,3,125,3,125,39000,39,39000,39,841714,39,1357350,0
1950,62742,39000,39000,0,0,0,0,0,841714,39,62703,39,64,64,125,1764,2,0,1066,64,64,64,62,62,18,1,39000,39,39,39,3,125,3,125,39000,39,39000,39,841714,39,1364522,0
1960,62937,39000,39000,0,0,0,0,0,841714,39,62898,39,64,64,126,960,1,1000,905,64,64,64,63,63,28,1,39000,39,39,39,3,126,3,126,39000,39,39000,39,841714,39,1368834,0
1970,63309,39000,39000,0,0,0,0,0,841714,39,63270,39,65,65,127,1332,2,0,1059,65,65,65,63,63,6,1,39000,39,39,39,3,127,3,127,39000,39,39000,39,841714,39,1377018,0
1980,63678,39000,39000,0,0,0,0,0,841714,39,63639,39,65,65,127,1701,2,0,1059,65,65,65,63,63,16,1,39000,39,39,39,3,127,3,127,39000,39,39000,39,841714,39,1385136,0
1990,63925,39000,39000,0,0,0,0,0,841714,39,63886,39,65,65,128,949,1,1000,946,65,65,65,64,64,26,1,39000,39,39,39,3,128,3,128,39000,39,39000,39,841714,39,1390592,0
2000,64211,39000,39000,0,0,0,0,0,841714,39,64172,39,66,66,129,1235,2,0,1051,66,66,66,64,64,4,1,39000,39,39,39,3,129,3,129,39000,39,39000,39,841714,39,1396884,0
2010,64582,39000,39000,0,0,0,0,0,841714,39,64543,39,66,66,129,1606,2,0,1051,66,66,66,64,64,14,1,39000,39,39,39,3,129,3,129,39000,39,39000,39,841714,39,1405046,0
2020,64948,39000,39000,0,0,0,0,0,841714,39,64909,39,66,66,130,973,1,1000,972,66,66,66,65,65,25,1,39000,39,39,39,3,130,3,130,39000,39,39000,39,841714,39,1413120,0
2030,65145,39000,39000,0,0,0,0,0,841714,39,65106,39,67,67,131,1170,2,0,1042,67,67,67,65,65,2,1,39000,39,39,39,3,131,3,131,39000,39,39000,39,841714,39,1417454,0
2041,65525,39000,39000,0,0,0,0,0,841714,39,65486,39,67,67,131,1550,2,0,1042,67,67,67,65,65,12,1,39000,39,39,39,3,131,3,131,39000,39,39000,39,841714,39,1425814,0
2050,65685,39000,39000,0,0,0,0,0,841714,39,65646,39,67,67,132,711,1,1000,675,67,67,67,66,66,22,1,39000,39,39,39,3,132,3,132,39000,39,39000,39,841714,39,1429356,0
2060,66058,39000,39000,0,0,0,0,0,841714,39,66019,39,68,68,133,1084,2,0,1047,68,68,68,66,66,0,1,39000,39,39,39,3,133,3,133,39000,39,39000,39,841714,39,1437562,0
2070,66430,39000,39000,0,0,0,0,0,841714,39,66391,39,68,68,133,1456,2,0,1047,68,68,68,66,66,10,1,39000,39,39,39,3,133,3,133,39000,39,39000,39,841714,39,1445746,0
2080,66797,39000,39000,0,0,0,0,0,841714,39,66758,39,68,68,133,1823,2,0,1047,68,68,68,66,66,20,1,39000,39,39,39,3,133,3,133,39000,39,39000,39,841714,39,1453842,0
2090,67054,39000,39000,0,0,0,0,0,841714,39,67015,39,69,69,135,1081,2,1000,1075,69,69,69,67,67,2,1,39000,39,39,39,3,135,3,135,39000,39,39000,39,841714,39,1459496,0
2100,67330,39000,39000,0,0,0,0,0,841714,39,67291,39,69,69,135,1357,2,1000,1075,69,69,69,67,67,12,1,39000,39,39,39,3,135,3,135,39000,39,39000,39,841714,39,1465568,0
2110,67412,39000,39000,0,0,0,0,0,841714,39,67373,39,69,69,136,440,1,1000,390,69,69,69,68,68,22,1,39000,39,39,39,3,136,3,136,39000,39,39000,39,841714,39,1467394,0
2120,67794,39000,39000,0,0,0,0,0,841714,39,67755,39,69,69,136,822,1,1000,390,69,69,69,68,68,32,1,39000,39,39,39,3,136,3,136,39000,39,39000,39,841714,39,1475798,0
2131,68173,39000,39000,0,0,0,0,0,841714,39,68134,39,70,70,137,1201,2,0,1026,70,70,70,68,68,4,1,39000,39,39,39,3,137,3,137,39000,39,39000,39,841714,39,1484136,0
2140,68515,39000,39000,0,0,0,0,0,841714,39,68476,39,70,70,137,1543,2,0,1026,70,70,70,68,68,12,1,39000,39,39,39,3,137,3,137,39000,39,39000,39,841714,39,1491660,0
2150,68889,39000,39000,0,0,0,0,0,841714,39,68850,39,70,70,137,1917,2,0,1026,70,70,70,68,68,24,1,39000,39,39,39,3,137,3,137,39000,39,39000,39,841714,39,1499910,0
2160,69094,39000,39000,0,0,0,0,0,841714,39,69055,39,71,71,139,1123,2,0,1032,71,71,71,69,69,6,1,39000,39,39,39,4,139,4,139,39000,39,39000,39,841714,39,1504420,0
2170,69470,39000,39000,0,0,0,0,0,841714,39,69431,39,71,71,140,500,1,1000,495,71,71,71,70,70,16,1,39000,39,39,39,4,140,4,140,39000,39,39000,39,841714,39,1512714,0
2180,69631,39000,39000,0,0,0,0,0,841714,39,69592,39,71,71,140,661,1,1000,495,71,71,71,70,70,24,1,39000,39,39,39,4,140,4,140,39000,39,39000,39,841714,39,1516256,0
2190,70007,39000,39000,0,0,0,0,0,841714,39,69968,39,71,71,140,1037,2,1000,495,71,72,71,70,70,34,1,39000,39,39,39,4,140,4,140,39000,39,39000,39,841714,39,1524528,0
2200,70392,39000,39000,0,0,0,0,0,841714,39,70353,39,72,72,141,1422,2,0,1044,72,72,72,70,70,10,1,39000,39,39,39,4,141,4,141,39000,39,39000,39,841714,39,1532998,0
2210,70767,39000,39000,0,0,0,0,0,841714,39,70728,39,72,72,141,1797,2,0,1044,72,72,72,70,70,20,1,39000,39,39,39,4,141,4,141,39000,39,39000,39,841714,39,1541248,0
2220,71079,39000,39000,0,0,0,0,0,841714,39,71040,39,73,73,143,1110,2,1000,1101,73,73,73,71,71,2,1,39000,39,39,39,4,143,4,143,39000,39,39000,39,841714,39,1548134,0
2230,71319,39000,39000,0,0,0,0,0,841714,39,71280,39,73,73,143,1350,2,1000,1101,73,73,73,71,71,12,1,39000,39,39,39,4,143,4,143,39000,39,39000,39,841714,39,1553436,0
2240,71597,39000,39000,0,0,0,0,0,841714,39,71558,39,73,73,144,629,1,1000,623,73,73,73,72,72,22,1,39000,39,39,39,4,144,4,144,39000,39,39000,39,841714,39,1559552,0
2250,71894,39000,39000,0,0,0,0,0,841714,39,71855,39,73,73,144,926,1,1000,623,73,73,73,72,72,32,1,39000,39,39,39,4,144,4,144,39000,39,39000,39,841714,39,1566086,0
2260,72276,39000,39000,0,0,0,0,0,841714,39,72237,39,74,74,145,1308,2,0,1003,74,74,74,72,72,8,1,39000,39,39,39,4,145,4,145,39000,39,39000,39,841714,39,1574512,0
2270,72613,39000,39000,0,0,0,0,0,841714,39,72574,39,74,74,145,1645,2,0,1003,74,74,74,72,72,16,1,39000,39,39,39,4,145,4,145,39000,39,39000,39,841714,39,1581904,0
2280,72814,39000,39000,0,0,0,0,0,841714,39,72775,39,74,74,146,847,1,1000,686,74,74,74,73,73,26,1,39000,39,39,39,4,146,4,146,39000,39,39000,39,841714,39,1586348,0
2290,73204,39000,39000,0,0,0,0,0,841714,39,73165,39,75,75,147,1237,2,0,1014,75,75,75,73,73,4,1,39000,39,39,39,4,147,4,147,39000,39,39000,39,841714,39,1594928,0
2300,73585,39000,39000,0,0,0,0,0,841714,39,73546,39,75,75,147,1618,2,0,1014,75,75,75,73,73,16,1,39000,39,39,39,4,147,4,147,39000,39,39000,39,841714,39,1603310,0
2310,73748,39000,39000,0,0,0,0,0,841714,39,73709,39,75,75,148,782,1,1000,748,75,75,75,74,74,24,1,39000,39,39,39,4,148,4,148,39000,39,39000,39,841714,39,1606940,0
2320,74124,39000,39000,0,0,0,0,0,841714,39,74085,39,76,76,149,1158,2,0,1041,76,76,76,74,74,2,1,39000,39,39,39,4,149,4,149,39000,39,39000,39,841714,39,1615212,0
2330,74502,39000,39000,0,0,0,0,0,841714,39,74463,39,76,76,149,1536,2,0,1041,76,76,76,74,74,12,1,39000,39,39,39,4,149,4,149,39000,39,39000,39,841714,39,1623506,0
2340,74771,39000,39000,0,0,0,0,0,841714,39,74732,39,76,76,150,806,1,1000,801,76,76,76,75,75,22,1,39000,39,39,39,4,150,4,150,39000,39,39000,39,841714,39,1629446,0
2350,75077,39000,39000,0,0,0,0,0,841714,39,75038,39,77,77,151,1112,2,0,1049,77,77,77,75,75,0,1,39000,39,39,39,4,151,4,151,39000,39,39000,39,841714,39,1636178,0
2360,75421,39000,39000,0,0,0,0,0,841714,39,75382,39,77,77,151,1456,2,0,1049,77,77,77,75,75,10,1,39000,39,39,39,4,151,4,151,39000,39,39000,39,841714,39,1643746,0
2370,75793,39000,39000,0,0,0,0,0,841714,39,75754,39,77,77,151,1828,2,0,1049,77,77,77,75,75,20,1,39000,39,39,39,4,151,4,151,39000,39,39000,39,841714,39,1651930,0
2380,75985,39000,39000,0,0,0,0,0,841714,39,75946,39,77,77,152,1021,2,1000,847,77,78,77,76,76,30,1,39000,39,39,39,4,152,4,152,39000,39,39000,39,841714,39,1656198,0
2390,76356,39000,39000,0,0,0,0,0,841714,39,76317,39,78,78,153,1392,2,0,1057,78,78,78,76,76,8,1,39000,39,39,39,4,153,4,153,39000,39,39000,39,841714,39,1664338,0
2400,76727,39000,39000,0,0,0,0,0,841714,39,76688,39,78,78,153,1763,2,0,1057,78,78,78,76,76,18,1,39000,39,39,39,4,153,4,153,39000,39,39000,39,841714,39,1672500,0
2410,76774,39000,39000,0,0,0,0,0,841714,39,76735,39,78,78,154,811,1,1000,775,78,78,78,77,77,26,1,39000,39,39,39,4,154,4,154,39000,39,39000,39,841714,39,1673556,0
2420,77148,39000,39000,0,0,0,0,0,841714,39,77109,39,79,79,155,1185,2,0,1028,79,79,79,77,77,4,1,39000,39,39,39,4,155,4,155,39000,39,39000,39,841714,39,1681784,0
2430,77511,39000,39000,0,0,0,0,0,841714,39,77472,39,79,79,155,1548,2,0,1028,79,79,79,77,77,14,1,39000,39,39,39,4,155,4,155,39000,39,39000,39,841714,39,1689792,0
2440,77715,39000,39000,0,0,0,0,0,841714,39,77676,39,79,79,156,753,1,1000,734,79,79,79,78,78,24,1,39000,39,39,39,4,156,4,156,39000,39,39000,39,841714,39,1694280,0
2450,78044,39000,39000,0,0,0,0,0,841714,39,78005,39,80,80,157,1082,2,0,1025,80,80,80,78,78,0,1,39000,39,39,39,4,157,4,157,39000,39,39000,39,841714,39,1701562,0
2460,78431,39000,39000,0,0,0,0,0,841714,39,78392,39,80,80,157,1469,2,0,1025,80,80,80,78,78,10,1,39000,39,39,39,4,157,4,157,39000,39,39000,39,841714,39,1710032,0
2470,78755,39000,39000,0,0,0,0,0,841714,39,78716,39,80,80,158,794,1,1000,788,80,80,80,79,79,22,1,39000,39,39,39,4,158,4,158,39000,39,39000,39,841714,39,1717182,0
2480,78998,39000,39000,0,0,0,0,0,841714,39,78959,39,81,81,159,1037,2,0,1024,81,81,81,79,79,0,1,39000,39,39,39,4,159,4,159,39000,39,39000,39,841714,39,1722528,0
2490,79342,39000,39000,0,0,0,0,0,841714,39,79303,39,81,81,159,1381,2,0,1024,81,81,81,79,79,8,1,39000,39,39,39,4,159,4,159,39000,39,39000,39,841714,39,1730096,0
2500,79710,39000,39000,0,0,0,0,0,841714,39,79671,39,81,81,159,1749,2,0,1024,81,81,81,79,79,18,1,39000,39,39,39,4,159,4,159,39000,39,39000,39,841714,39,1738214,0
2510,79904,39000,39000,0,0,0,0,0,841714,39,79865,39,81,81,160,944,1,1000,852,81,81,81,80,80,28,1,39000,39,39,39,4,160,4,160,39000,39,39000,39,841714,39,1742482,0
2520,80280,39000,39000,0,0,0,0,0,841714,39,80241,39,82,82,161,1320,2,0,1104,82,82,82,80,80,4,1,39000,39,39,39,4,161,4,161,39000,39,39000,39,841714,39,1750754,0
2530,80655,39000,39000,0,0,0,0,0,841714,39,80616,39,82,82,161,1695,2,0,1104,82,82,82,80,80,16,1,39000,39,39,39,4,161,4,161,39000,39,39000,39,841714,39,1759026,0
2540,80845,39000,39000,0,0,0,0,0,841714,39,80806,39,82,82,162,886,1,1000,876,82,82,82,81,81,24,1,39000,39,39,39,4,162,4,162,39000,39,39000,39,841714,39,1763206,0
2550,81192,39000,39000,0,0,0,0,0,841714,39,81153,39,83,83,163,1233,2,0,1031,83,83,83,81,81,4,1,39000,39,39,39,4,163,4,163,39000,39,39000,39,841714,39,1770840,0
2560,81566,39000,39000,0,0,0,0,0,841714,39,81527,39,83,83,163,1607,2,0,1031,83,83,83,81,81,14,1,39000,39,39,39,4,163,4,163,39000,39,39000,39,841714,39,1779068,0
2570,81847,39000,39000,0,0,0,0,0,841714,39,81808,39,83,83,164,889,1,1000,882,83,83,83,82,82,24,1,39000,39,39,39,4,164,4,164,39000,39,39000,39,841714,39,1785272,0
2580,82108,39000,39000,0,0,0,0,0,841714,39,82069,39,84,84,165,1150,2,0,1038,84,84,84,82,82,2,1,39000,39,39,39,4,165,4,165,39000,39,39000,39,841714,39,1791014,0
2590,82498,39000,39000,0,0,0,0,0,841714,39,82459,39,84,84,165,1540,2,0,1038,84,84,84,82,82,12,1,39000,39,39,39,4,165,4,165,39000,39,39000,39,841714,39,1799616,0
2600,82692,39000,39000,0,0,0,0,0,841714,39,82653,39,84,84,166,735,1,1000,651,84,84,84,83,83,22,1,39000,39,39,39,4,166,4,166,39000,39,39000,39,841714,39,1803884,0
2610,83051,39000,39000,0,0,0,0,0,841714,39,83012,39,85,85,167,1094,2,0,1046,85,85,85,83,83,0,1,39000,39,39,39,4,167,4,167,39000,39,39000,39,841714,39,1811782,0
2620,83430,39000,39000,0,0,0,0,0,841714,39,83391,39,85,85,167,1473,2,0,1046,85,85,85,83,83,10,1,39000,39,39,39,4,167,4,167,39000,39,39000,39,841714,39,1820120,0
2630,83762,39000,39000,0,0,0,0,0,841714,39,83723,39,85,85,167,1805,2,0,1046,85,85,85,83,83,20,1,39000,39,39,39,4,167,4,167,39000,39,39000,39,841714,39,1827424,0
2640,83951,39000,39000,0,0,0,0,0,841714,39,83912,39,85,85,168,995,1,1000,938,85,85,85,84,84,30,1,39000,39,39,39,4,168,4,168,39000,39,39000,39,841714,39,1831604,0
2650,84329,39000,39000,0,0,0,0,0,841714,39,84290,39,86,86,169,1373,2,0,1031,86,86,86,84,84,8,1,39000,39,39,39,4,169,4,169,39000,39,39000,39,841714,39,1839920,0
2660,84694,39000,39000,0,0,0,0,0,841714,39,84655,39,86,86,169,1738,2,0,1031,86,86,86,84,84,18,1,39000,39,39,39,4,169,4,169,39000,39,39000,39,841714,39,1847950,0
2670,84887,39000,39000,0,0,0,0,0,841714,39,84848,39,86,86,170,932,1,1000,873,86,86,86,85,85,28,1,39000,39,39,39,4,170,4,170,39000,39,39000,39,841714,39,1852240,0
2680,85262,39000,39000,0,0,0,0,0,841714,39,85223,39,87,87,171,1307,2,0,1033,87,87,87,85,85,6,1,39000,39,39,39,4,171,4,171,39000,39,39000,39,841714,39,1860468,0
2690,85598,39000,39000,0,0,0,0,0,841714,39,85559,39,87,87,171,1643,2,0,1033,87,87,87,85,85,16,1,39000,39,39,39,4,171,4,171,39000,39,39000,39,841714,39,1867860,0
2700,85885,39000,39000,0,0,0,0,0,841714,39,85846,39,87,87,172,931,1,1000,921,87,87,87,86,86,26,1,39000,39,39,39,4,172,4,172,39000,39,39000,39,841714,39,1874196,0
2710,86115,39000,39000,0,0,0,0,0,841714,39,86076,39,88,88,173,1161,2,0,1008,88,88,88,86,86,4,1,39000,39,39,39,4,173,4,173,39000,39,39000,39,841714,39,1879256,0
2720,86325,39000,39000,0,0,0,0,0,841714,39,86286,39,88,88,174,372,1,1000,366,88,88,88,87,87,14,1,39000,39,39,39,4,174,4,174,39000,39,39000,39,841714,39,1883898,0
2730,86694,39000,39000,0,0,0,0,0,841714,39,86655,39,88,88,174,741,1,1000,366,88,88,88,87,87,24,1,39000,39,39,39,4,174,4,174,39000,39,39000,39,841714,39,1892016,0
2740,87035,39000,39000,0,0,0,0,0,841714,39,86996,39,89,89,175,1082,2,0,1024,89,89,89,87,87,0,1,39000,39,39,39,4,175,4,175,39000,39,39000,39,841714,39,1899518,0
2750,87409,39000,39000,0,0,0,0,0,841714,39,87370,39,89,89,175,1456,2,0,1024,89,89,89,87,87,10,1,39000,39,39,39,4,175,4,175,39000,39,39000,39,841714,39,1907746,0
2760,87770,39000,39000,0,0,0,0,0,841714,39,87731,39,89,89,176,818,1,1000,817,89,89,89,88,88,21,1,39000,39,39,39,4,176,4,176,39000,39,39000,39,841714,39,1915710,0
2770,87968,39000,39000,0,0,0,0,0,841714,39,87929,39,90,90,177,1016,2,0,1011,90,90,90,88,88,0,1,39000,39,39,39,4,177,4,177,39000,39,39000,39,841714,39,1920066,0
2780,88334,39000,39000,0,0,0,0,0,841714,39,88295,39,90,90,177,1382,2,0,1011,90,90,90,88,88,10,1,39000,39,39,39,4,177,4,177,39000,39,39000,39,841714,39,1928118,0
2791,88530,39000,39000,0,0,0,0,0,841714,39,88491,39,90,90,178,579,1,1000,479,90,90,90,89,89,20,1,39000,39,39,39,4,178,4,178,39000,39,39000,39,841714,39,1932452,0
2800,88872,39000,39000,0,0,0,0,0,841714,39,88833,39,90,90,178,921,1,1000,479,90,90,90,89,89,28,1,39000,39,39,39,4,178,4,178,39000,39,39000,39,841714,39,1939998,0
2810,89247,39000,39000,0,0,0,0,0,841714,39,89208,39,91,91,179,1296,2,0,1017,91,91,91,89,89,6,1,39000,39,39,39,4,179,4,179,39000,39,39000,39,841714,39,1948226,0
2820,89633,39000,39000,0,0,0,0,0,841714,39,89594,39,91,91,179,1682,2,0,1017,91,91,91,89,89,16,1,39000,39,39,39,4,179,4,179,39000,39,39000,39,841714,39,1956740,0
2830,89831,39000,39000,0,0,0,0,0,841714,39,89792,39,91,91,180,881,1,1000,825,91,91,91,90,90,26,1,39000,39,39,39,4,180,4,180,39000,39,39000,39,841714,39,1961096,0
2840,90209,39000,39000,0,0,0,0,0,841714,39,90170,39,92,92,181,1259,2,0,1029,92,92,92,90,90,6,1,39000,39,39,39,4,181,4,181,39000,39,39000,39,841714,39,1969412,0
2850,90556,39000,39000,0,0,0,0,0,841714,39,90517,39,92,92,181,1606,2,0,1029,92,92,92,90,90,14,1,39000,39,39,39,4,181,4,181,39000,39,39000,39,841714,39,1977046,0
2860,90811,39000,39000,0,0,0,0,0,841714,39,90772,39,92,92,182,862,1,1000,843,92,92,92,91,91,24,1,39000,39,39,39,4,182,4,182,39000,39,39000,39,841714,39,1982678,0
2870,91142,39000,39000,0,0,0,0,0,841714,39,91103,39,93,93,183,1193,2,0,1070,93,93,93,91,91,2,1,39000,39,39,39,4,183,4,183,39000,39,39000,39,841714,39,1989960,0
2880,91526,39000,39000,0,0,0,0,0,841714,39,91487,39,93,93,183,1577,2,0,1070,93,93,93,91,91,12,1,39000,39,39,39,4,183,4,183,39000,39,39000,39,841714,39,1998452,0
2890,91862,39000,39000,0,0,0,0,0,841714,39,91823,39,93,93,184,914,1,1000,907,93,93,93,92,92,22,1,39000,39,39,39,4,184,4,184,39000,39,39000,39,841714,39,2005822,0
2900,92078,39000,39000,0,0,0,0,0,841714,39,92039,39,94,94,185,1130,2,0,1020,94,94,94,92,92,2,1,39000,39,39,39,4,185,4,185,39000,39,39000,39,841714,39,2010574,0
2910,92458,39000,39000,0,0,0,0,0,841714,39,92419,39,94,94,185,1510,2,0,1020,94,94,94,92,92,12,1,39000,39,39,39,4,185,4,185,39000,39,39000,39,841714,39,2018934,0
2920,92828,39000,39000,0,0,0,0,0,841714,39,92789,39,94,94,186,881,1,1000,872,94,94,94,93,93,22,1,39000,39,39,39,4,186,4,186,39000,39,39000,39,841714,39,2027096,0
2930,93034,39000,39000,0,0,0,0,0,841714,39,92995,39,95,95,187,1087,2,0,1031,95,95,95,93,93,0,1,39000,39,39,39,4,187,4,187,39000,39,39000,39,841714,39,2031650,0
2940,93414,39000,39000,0,0,0,0,0,841714,39,93375,39,95,95,187,1468,2,0,1031,95,95,95,93,93,10,1,39000,39,39,39,4,187,4,187,39000,39,39000,39,841714,39,2040010,0
2950,93707,39000,39000,0,0,0,0,0,841714,39,93668,39,95,95,188,761,1,1000,757,95,95,95,94,94,20,1,39000,39,39,39,4,188,4,188,39000,39,39000,39,841714,39,2046456,0
2960,93960,39000,39000,0,0,0,0,0,841714,39,93921,39,95,95,188,1014,2,1000,757,95,96,95,94,94,30,1,39000,39,39,39,4,188,4,188,39000,39,39000,39,841714,39,2052022,0
2970,94341,39000,39000,0,0,0,0,0,841714,39,94302,39,96,96,189,1395,2,0,1059,96,96,96,94,94,8,1,39000,39,39,39,4,189,4,189,39000,39,39000,39,841714,39,2060404,0
2980,94721,39000,39000,0,0,0,0,0,841714,39,94682,39,96,96,189,1776,2,0,1059,96,96,96,94,94,18,1,39000,39,39,39,4,189,4,189,39000,39,39000,39,841714,39,2068786,0
2990,94924,39000,39000,0,0,0,0,0,841714,39,94885,39,96,96,190,979,1,1000,900,96,96,96,95,95,28,1,39000,39,39,39,4,190,4,190,39000,39,39000,39,841714,39,2073274,0
3001,95307,39000,39000,0,0,0,0,0,841714,39,95268,39,97,97,191,1362,2,0,1003,97,97,97,95,95,8,1,39000,39,39,39,4,191,4,191,39000,39,39000,39,841714,39,2081678,0
3010,95538,39000,39000,0,0,0,0,0,841714,39,95499,39,97,97,191,1593,2,0,1003,97,97,97,95,95,16,1,39000,39,39,39,4,191,4,191,39000,39,39000,39,841714,39,2086760,0
3020,95741,39000,39000,0,0,0,0,0,841714,39,95702,39,97,97,192,797,1,1000,673,97,97,97,96,96,26,1,39000,39,39,39,4,192,4,192,39000,39,39000,39,841714,39,2091248,0
3030,96123,39000,39000,0,0,0,0,0,841714,39,96084,39,98,98,193,1179,2,0,1025,98,98,98,96,96,4,1,39000,39,39,39,4,193,4,193,39000,39,39000,39,841714,39,2099652,0
3040,96507,39000,39000,0,0,0,0,0,841714,39,96468,39,98,98,193,1563,2,0,1025,98,98,98,96,96,14,1,39000,39,39,39,4,193,4,193,39000,39,39000,39,841714,39,2108100,0
3050,96708,39000,39000,0,0,0,0,0,841714,39,96669,39,98,98,194,765,1,1000,699,98,98,98,97,97,24,1,39000,39,39,39,4,194,4,194,39000,39,39000,39,841714,39,2112544,0
3060,97055,39000,39000,0,0,0,0,0,841714,39,97016,39,99,99,195,1112,2,0,1047,99,99,99,97,97,0,1,39000,39,39,39,4,195,4,195,39000,39,39000,39,841714,39,2120178,0
3070,97441,39000,39000,0,0,0,0,0,841714,39,97402,39,99,99,195,1498,2,0,1047,99,99,99,97,97,10,1,39000,39,39,39,4,195,4,195,39000,39,39000,39,841714,39,2128670,0
3080,97680,39000,39000,0,0,0,0,0,841714,39,97641,39,99,99,196,738,1,1000,722,99,99,99,98,98,20,1,39000,39,39,39,4,196,4,196,39000,39,39000,39,841714,39,2133950,0
3090,98023,39000,39000,0,0,0,0,0,841714,39,97984,39,100,100,197,1081,2,0,1009,100,100,100,98,98,0,1,39000,39,39,39,4,197,4,197,39000,39,39000,39,841714,39,2141496,0
3100,98369,39000,39000,0,0,0,0,0,841714,39,98330,39,100,100,197,1427,2,0,1009,100,100,100,98,98,10,1,39000,39,39,39,4,197,4,197,39000,39,39000,39,841714,39,2149108,0
3110,98667,39000,39000,0,0,0,0,0,841714,39,98628,39,100,100,198,726,1,1000,721,100,100,100,99,99,20,1,39000,39,39,39,4,198,4,198,39000,39,39000,39,841714,39,2155686,0
3120,98937,39000,39000,0,0,0,0,0,841714,39,98898,39,100,100,198,996,1,1000,721,100,100,100,99,99,30,1,39000,39,39,39,4,198,4,198,39000,39,39000,39,841714,39,2161626,0
3130,99321,39000,39000,0,0,0,0,0,841714,39,99282,39,101,101,199,1380,2,0,1012,101,101,101,99,99,8,1,39000,39,39,39,4,199,4,199,39000,39,39000,39,841714,39,2170096,0
3140,99667,39000,39000,0,0,0,0,0,841714,39,99628,39,101,101,200,727,1,1000,719,101,101,101,100,100,20,1,39000,39,39,39,4,200,4,200,39000,39,39000,39,841714,39,2177708,0
3150,99864,39000,39000,0,0,0,0,0,841714,39,99825,39,101,101,200,924,1,1000,719,101,101,101,100,100,28,1,39000,39,39,39,4,200,4,200,39000,39,39000,39,841714,39,2182042,0
3160,100246,39000,39000,0,0,0,0,0,841714,39,100207,39,102,102,201,1306,2,0,1033,102,102,102,100,100,6,1,39000,39,39,39,4,201,4,201,39000,39,39000,39,841714,39,2190468,0
3170,100629,39000,39000,0,0,0,0,0,841714,39,100590,39,102,102,201,1689,2,0,1033,102,102,102,100,100,16,1,39000,39,39,39,4,201,4,201,39000,39,39000,39,841714,39,2198872,0
3180,100831,39000,39000,0,0,0,0,0,841714,39,100792,39,102,102,202,892,1,1000,719,102,102,102,101,101,26,1,39000,39,39,39,4,202,4,202,39000,39,39000,39,841714,39,2203338,0
3190,101178,39000,39000,0,0,0,0,0,841714,39,101139,39,103,103,203,1239,2,0,1059,103,103,103,101,101,4,1,39000,39,39,39,4,203,4,203,39000,39,39000,39,841714,39,2210972,0
3200,101561,39000,39000,0,0,0,0,0,841714,39,101522,39,103,103,203,1622,2,0,1059,103,103,103,101,101,14,1,39000,39,39,39,4,203,4,203,39000,39,39000,39,841714,39,2219398,0
3210,101758,39000,39000,0,0,0,0,0,841714,39,101719,39,103,103,204,820,1,1000,704,103,103,103,102,102,24,1,39000,39,39,39,4,204,4,204,39000,39,39000,39,841714,39,2223776,0
3220,102135,39000,39000,0,0,0,0,0,841714,39,102096,39,104,104,205,1197,2,0,1002,104,104,104,102,102,4,1,39000,39,39,39,4,205,4,205,39000,39,39000,39,841714,39,2232048,0
3230,102509,39000,39000,0,0,0,0,0,841714,39,102470,39,104,104,205,1571,2,0,1002,104,104,104,102,102,14,1,39000,39,39,39,4,205,4,205,39000,39,39000,39,841714,39,2240276,0
3240,102666,39000,39000,0,0,0,0,0,841714,39,102627,39,104,104,206,729,1,1000,689,104,104,104,103,103,24,1,39000,39,39,39,4,206,4,206,39000,39,39000,39,841714,39,2243774,0
3250,103046,39000,39000,0,0,0,0,0,841714,39,103007,39,105,105,207,1109,2,0,1003,105,105,105,103,103,2,1,39000,39,39,39,4,207,4,207,39000,39,39000,39,841714,39,2252112,0
3260,103422,39000,39000,0,0,0,0,0,841714,39,103383,39,105,105,207,1485,2,0,1003,105,105,105,103,103,12,1,39000,39,39,39,4,207,4,207,39000,39,39000,39,841714,39,2260384,0
3270,103630,39000,39000,0,0,0,0,0,841714,39,103591,39,105,105,208,694,1,1000,685,105,105,105,104,104,22,1,39000,39,39,39,4,208,4,208,39000,39,39000,39,841714,39,2264982,0
3280,103969,39000,39000,0,0,0,0,0,841714,39,103930,39,106,106,209,1033,2,0,1015,106,106,106,104,104,0,1,39000,39,39,39,4,209,4,209,39000,39,39000,39,841714,39,2272440,0
3290,104345,39000,39000,0,0,0,0,0,841714,39,104306,39,106,106,209,1409,2,0,1015,106,106,106,104,104,10,1,39000,39,39,39,4,209,4,209,39000,39,39000,39,841714,39,2280712,0
3300,104621,39000,39000,0,0,0,0,0,841714,39,104582,39,106,106,210,686,1,1000,671,106,106,106,105,105,20,1,39000,39,39,39,4,210,4,210,39000,39,39000,39,841714,39,2286806,0
3310,104862,39000,39000,0,0,0,0,0,841714,39,104823,39,106,106,210,927,1,1000,671,106,106,106,105,105,30,1,39000,39,39,39,4,210,4,210,39000,39,39000,39,841714,39,2292108,0
3320,105248,39000,39000,0,0,0,0,0,841714,39,105209,39,107,107,211,1313,2,0,1066,107,107,107,105,105,6,1,39000,39,39,39,4,211,4,211,39000,39,39000,39,841714,39,2300600,0
3330,105502,39000,39000,0,0,0,0,0,841714,39,105463,39,107,107,212,568,1,1000,561,107,107,107,106,106,14,1,39000,39,39,39,4,212,4,212,39000,39,39000,39,841714,39,2306210,0
3340,105793,39000,39000,0,0,0,0,0,841714,39,105754,39,107,107,212,859,1,1000,561,107,107,107,106,106,26,1,39000,39,39,39,4,212,4,212,39000,39,39000,39,841714,39,2312612,0
3350,106171,39000,39000,0,0,0,0,0,841714,39,106132,39,108,108,213,1237,2,0,1006,108,108,108,106,106,6,1,39000,39,39,39,4,213,4,213,39000,39,39000,39,841714,39,2320950,0
3360,106555,39000,39000,0,0,0,0,0,841714,39,106516,39,108,108,213,1621,2,0,1006,108,108,108,106,106,16,1,39000,39,39,39,4,213,4,213,39000,39,39000,39,841714,39,2329398,0
3370,106764,39000,39000,0,0,0,0,0,841714,39,106725,39,108,108,214,831,1,1000,795,108,108,108,107,107,26,1,39000,39,39,39,4,214,4,214,39000,39,39000,39,841714,39,2333996,0
3380,107104,39000,39000,0,0,0,0,0,841714,39,107065,39,109,109,215,1171,2,0,1038,109,109,109,107,107,2,1,39000,39,39,39,4,215,4,215,39000,39,39000,39,841714,39,2341476,0
3390,107489,39000,39000,0,0,0,0,0,841714,39,107450,39,109,109,215,1556,2,0,1038,109,109,109,107,107,12,1,39000,39,39,39,4,215,4,215,39000,39,39000,39,841714,39,2349946,0
3400,107688,39000,39000,0,0,0,0,0,841714,39,107649,39,109,109,216,756,1,1000,620,109,109,109,108,108,24,1,39000,39,39,39,4,216,4,216,39000,39,39000,39,841714,39,2354368,0
3410,108065,39000,39000,0,0,0,0,0,841714,39,108026,39,110,110,217,1133,2,0,1047,110,110,110,108,108,2,1,39000,39,39,39,4,217,4,217,39000,39,39000,39,841714,39,2362640,0
3420,108406,39000,39000,0,0,0,0,0,841714,39,108367,39,110,110,217,1474,2,0,1047,110,110,110,108,108,10,1,39000,39,39,39,4,217,4,217,39000,39,39000,39,841714,39,2370142,0
3430,108783,39000,39000,0,0,0,0,0,841714,39,108744,39,110,110,217,1851,2,0,1047,110,110,110,108,108,20,1,39000,39,39,39,4,217,4,217,39000,39,39000,39,841714,39,2378436,0
3440,108987,39000,39000,0,0,0,0,0,841714,39,108948,39,110,110,218,1056,2,1000,898,110,111,110,109,109,30,1,39000,39,39,39,4,218,4,218,39000,39,39000,39,841714,39,2382990,0
3450,109363,39000,39000,0,0,0,0,0,841714,39,109324,39,111,111,219,1432,2,0,1071,111,111,111,109,109,8,1,39000,39,39,39,4,219,4,219,39000,39,39000,39,841714,39,2391218,0
3461,109615,39000,39000,0,0,0,0,0,841714,39,109576,39,111,111,220,685,1,1000,681,111,111,111,110,110,20,1,39000,39,39,39,4,220,4,220,39000,39,39000,39,841714,39,2396784,0
3470,109895,39000,39000,0,0,0,0,0,841714,39,109856,39,111,111,220,965,1,1000,681,111,111,111,110,110,28,1,39000,39,39,39,4,220,4,220,39000,39,39000,39,841714,39,2402944,0
3480,110276,39000,39000,0,0,0,0,0,841714,39,110237,39,112,112,221,1346,2,0,1066,112,112,112,110,110,6,1,39000,39,39,39,4,221,4,221,39000,39,39000,39,841714,39,2411326,0
3490,110527,39000,39000,0,0,0,0,0,841714,39,110488,39,112,112,222,598,1,1000,593,112,112,112,111,111,16,1,39000,39,39,39,4,222,4,222,39000,39,39000,39,841714,39,2416870,0
3500,110854,39000,39000,0,0,0,0,0,841714,39,110815,39,112,112,222,925,1,1000,593,112,112,112,111,111,26,1,39000,39,39,39,4,222,4,222,39000,39,39000,39,841714,39,2424064,0
3510,111202,39000,39000,0,0,0,0,0,841714,39,111163,39,113,113,223,1273,2,0,1017,113,113,113,111,111,6,1,39000,39,39,39,4,223,4,223,39000,39,39000,39,841714,39,2431720,0
3520,111531,39000,39000,0,0,0,0,0,841714,39,111492,39,113,113,224,603,1,1000,598,113,113,113,112,112,16,1,39000,39,39,39,4,224,4,224,39000,39,39000,39,841714,39,2438980,0
3530,111781,39000,39000,0,0,0,0,0,841714,39,111742,39,113,113,224,853,1,1000,598,113,113,113,112,112,26,1,39000,39,39,39,4,224,4,224,39000,39,39000,39,841714,39,2444480,0
3540,112160,39000,39000,0,0,0,0,0,841714,39,112121,39,114,114,225,1232,2,0,1029,114,114,114,112,112,4,1,39000,39,39,39,4,225,4,225,39000,39,39000,39,841714,39,2452818,0
3550,112545,39000,39000,0,0,0,0,0,841714,39,112506,39,114,114,225,1617,2,0,1029,114,114,114,112,112,14,1,39000,39,39,39,4,225,4,225,39000,39,39000,39,841714,39,2461288,0
3560,112705,39000,39000,0,0,0,0,0,841714,39,112666,39,114,114,226,778,1,1000,618,114,114,114,113,113,24,1,39000,39,39,39,4,226,4,226,39000,39,39000,39,841714,39,2464852,0
3570,113087,39000,39000,0,0,0,0,0,841714,39,113048,39,115,115,227,1160,2,0,1057,115,115,115,113,113,2,1,39000,39,39,39,4,227,4,227,39000,39,39000,39,841714,39,2473234,0
3580,113465,39000,39000,0,0,0,0,0,841714,39,113426,39,115,115,227,1538,2,0,1057,115,115,115,113,113,12,1,39000,39,39,39,4,227,4,227,39000,39,39000,39,841714,39,2481550,0
3590,113657,39000,39000,0,0,0,0,0,841714,39,113618,39,115,115,228,731,1,1000,661,115,115,115,114,114,22,1,39000,39,39,39,4,228,4,228,39000,39,39000,39,841714,39,2485818,0
3600,113994,39000,39000,0,0,0,0,0,841714,39,113955,39,116,116,229,1068,2,0,1053,116,116,116,114,114,0,1,39000,39,39,39,4,229,4,229,39000,39,39000,39,841714,39,2493210,0
3610,114266,39000,39000,0,0,0,0,0,841714,39,114227,39,116,116,229,1340,2,0,1053,116,116,116,114,114,10,1,39000,39,39,39,4,229,4,229,39000,39,39000,39,841714,39,2499194,0
3620,114462,39000,39000,0,0,0,0,0,841714,39,114423,39,116,116,230,537,1,1000,465,116,116,116,115,115,20,1,39000,39,39,39,4,230,4,230,39000,39,39000,39,841714,39,2503528,0
3630,114847,39000,39000,0,0,0,0,0,841714,39,114808,39,116,116,230,922,1,1000,465,116,116,116,115,115,30,1,39000,39,39,39,4,230,4,230,39000,39,39000,39,841714,39,2512042,0
3640,115219,39000,39000,0,0,0,0,0,841714,39,115180,39,117,117,231,1294,2,0,1065,117,117,117,115,115,6,1,39000,39,39,39,4,231,4,231,39000,39,39000,39,841714,39,2520204,0
3650,115604,39000,39000,0,0,0,0,0,841714,39,115565,39,117,117,231,1679,2,0,1065,117,117,117,115,115,16,1,39000,39,39,39,4,231,4,231,39000,39,39000,39,841714,39,2528652,0
3660,115942,39000,39000,0,0,0,0,0,841714,39,115903,39,117,117,231,2017,3,0,1065,117,118,117,115,115,24,1,39000,39,39,39,4,231,4,231,39000,39,39000,39,841714,39,2536088,0
3670,116139,39000,39000,0,0,0,0,0,841714,39,116100,39,118,118,233,1215,2,0,1029,118,118,118,116,116,8,1,39000,39,39,39,5,233,5,233,39000,39,39000,39,841714,39,2540444,0
3680,116406,39000,39000,0,0,0,0,0,841714,39,116367,39,118,118,234,483,1,1000,466,118,118,118,117,117,18,1,39000,39,39,39,5,234,5,234,39000,39,39000,39,841714,39,2546340,0
3690,116726,39000,39000,0,0,0,0,0,841714,39,116687,39,118,118,234,803,1,1000,466,118,118,118,117,117,30,1,39000,39,39,39,5,234,5,234,39000,39,39000,39,841714,39,2553380,0
3700,117108,39000,39000,0,0,0,0,0,841714,39,117069,39,119,119,235,1185,2,0,1024,119,119,119,117,117,4,1,39000,39,39,39,5,235,5,235,39000,39,39000,39,841714,39,2561784,0
3710,117453,39000,39000,0,0,0,0,0,841714,39,117414,39,119,119,235,1530,2,0,1024,119,119,119,117,117,12,1,39000,39,39,39,5,235,5,235,39000,39,39000,39,841714,39,2569374,0
3720,117831,39000,39000,0,0,0,0,0,841714,39,117792,39,119,119,235,1908,2,0,1024,119,119,119,117,117,22,1,39000,39,39,39,5,235,5,235,39000,39,39000,39,841714,39,2577690,0
3730,118023,39000,39000,0,0,0,0,0,841714,39,117984,39,120,120,237,1101,2,1000,1061,120,120,120,118,118,6,1,39000,39,39,39,5,237,5,237,39000,39,39000,39,841714,39,2581936,0
3740,118394,39000,39000,0,0,0,0,0,841714,39,118355,39,120,120,237,1472,2,1000,1061,120,120,120,118,118,16,1,39000,39,39,39,5,237,5,237,39000,39,39000,39,841714,39,2590098,0
3750,118582,39000,39000,0,0,0,0,0,841714,39,118543,39,120,120,238,661,1,1000,502,120,120,120,119,119,26,1,39000,39,39,39,5,238,5,238,39000,39,39000,39,841714,39,2594278,0
3760,118949,39000,39000,0,0,0,0,0,841714,39,118910,39,120,120,238,1028,2,1000,502,120,121,120,119,119,36,1,39000,39,39,39,5,238,5,238,39000,39,39000,39,841714,39,2602330,0
3770,119284,39000,39000,0,0,0,0,0,841714,39,119245,39,121,121,239,1363,2,0,1028,121,121,121,119,119,8,1,39000,39,39,39,5,239,5,239,39000,39,39000,39,841714,39,2609700,0
3780,119656,39000,39000,0,0,0,0,0,841714,39,119617,39,121,121,239,1735,2,0,1028,121,121,121,119,119,18,1,39000,39,39,39,5,239,5,239,39000,39,39000,39,841714,39,2617906,0
3790,119956,39000,39000,0,0,0,0,0,841714,39,119917,39,122,122,241,1036,2,0,1036,122,122,122,120,120,0,1,39000,39,39,39,6,241,6,241,39000,39,39000,39,841714,39,2624506,0
3800,120227,39000,39000,0,0,0,0,0,841714,39,120188,39,122,122,241,1307,2,0,1036,122,122,122,120,120,10,1,39000,39,39,39,6,241,6,241,39000,39,39000,39,841714,39,2630468,0
3810,120420,39000,39000,0,0,0,0,0,841714,39,120381,39,122,122,242,501,1,1000,437,122,122,122,121,121,20,1,39000,39,39,39,6,242,6,242,39000,39,39000,39,841714,39,2634736,0
3820,120792,39000,39000,0,0,0,0,0,841714,39,120753,39,122,122,242,873,1,1000,437,122,122,122,121,121,30,1,39000,39,39,39,6,242,6,242,39000,39,39000,39,841714,39,2642942,0
3830,121122,39000,39000,0,0,0,0,0,841714,39,121083,39,123,123,243,1203,2,0,1022,123,123,123,121,121,4,1,39000,39,39,39,6,243,6,243,39000,39,39000,39,841714,39,2650180,0
3840,121472,39000,39000,0,0,0,0,0,841714,39,121433,39,123,123,243,1553,2,0,1022,123,123,123,121,121,14,1,39000,39,39,39,6,243,6,243,39000,39,39000,39,841714,39,2657880,0
3850,121861,39000,39000,0,0,0,0,0,841714,39,121822,39,123,123,243,1942,2,0,1022,123,123,123,121,121,24,1,39000,39,39,39,6,243,6,243,39000,39,39000,39,841714,39,2666438,0
3860,122061,39000,39000,0,0,0,0,0,841714,39,122022,39,124,124,245,1143,2,0,1024,124,124,124,122,122,2,1,39000,39,39,39,6,245,6,245,39000,39,39000,39,841714,39,2670860,0
3870,122310,39000,39000,0,0,0,0,0,841714,39,122271,39,124,124,246,393,1,1000,389,124,124,124,123,123,12,1,39000,39,39,39,6,246,6,246,39000,39,39000,39,841714,39,2676360,0
3880,122632,39000,39000,0,0,0,0,0,841714,39,122593,39,124,124,246,715,1,1000,389,124,124,124,123,123,22,1,39000,39,39,39,6,246,6,246,39000,39,39000,39,841714,39,2683444,0
3890,122970,39000,39000,0,0,0,0,0,841714,39,122931,39,125,125,247,1053,2,0,1029,125,125,125,123,123,0,1,39000,39,39,39,6,247,6,247,39000,39,39000,39,841714,39,2690902,0
3900,123341,39000,39000,0,0,0,0,0,841714,39,123302,39,125,125,247,1424,2,0,1029,125,125,125,123,123,10,1,39000,39,39,39,6,247,6,247,39000,39,39000,39,841714,39,2699064,0
3910,123611,39000,39000,0,0,0,0,0,841714,39,123572,39,125,125,247,1694,2,0,1029,125,125,125,123,123,20,1,39000,39,39,39,6,247,6,247,39000,39,39000,39,841714,39,2704982,0
3920,123802,39000,39000,0,0,0,0,0,841714,39,123763,39,125,125,248,886,1,1000,784,125,125,125,124,124,30,1,39000,39,39,39,6,248,6,248,39000,39,39000,39,841714,39,2709206,0
3930,124184,39000,39000,0,0,0,0,0,841714,39,124145,39,126,126,249,1268,2,0,1028,126,126,126,124,124,6,1,39000,39,39,39,6,249,6,249,39000,39,39000,39,841714,39,2717632,0
3940,124523,39000,39000,0,0,0,0,0,841714,39,124484,39,126,126,249,1607,2,0,1028,126,126,126,124,124,14,1,39000,39,39,39,6,249,6,249,39000,39,39000,39,841714,39,2725068,0
3950,124724,39000,39000,0,0,0,0,0,841714,39,124685,39,126,126,250,809,1,1000,803,126,126,126,125,125,24,1,39000,39,39,39,6,250,6,250,39000,39,39000,39,841714,39,2729512,0
3960,125088,39000,39000,0,0,0,0,0,841714,39,125049,39,127,127,251,1173,2,0,1033,127,127,127,125,125,2,1,39000,39,39,39,6,251,6,251,39000,39,39000,39,841714,39,2737520,0
3970,125460,39000,39000,0,0,0,0,0,841714,39,125421,39,127,127,251,1545,2,0,1033,127,127,127,125,125,12,1,39000,39,39,39,6,251,6,251,39000,39,39000,39,841714,39,2745704,0
3980,125693,39000,39000,0,0,0,0,0,841714,39,125654,39,127,127,252,779,1,1000,772,127,127,127,126,126,24,1,39000,39,39,39,6,252,6,252,39000,39,39000,39,841714,39,2750852,0
3990,126007,39000,39000,0,0,0,0,0,841714,39,125968,39,128,128,253,1093,2,0,1025,128,128,128,126,126,2,1,39000,39,39,39,6,253,6,253,39000,39,39000,39,841714,39,2757760,0
4000,126342,39000,39000,0,0,0,0,0,841714,39,126303,39,128,128,253,1428,2,0,1025,128,128,128,126,126,10,1,39000,39,39,39,6,253,6,253,39000,39,39000,39,841714,39,2765130,0
4010,126699,39000,39000,0,0,0,0,0,841714,39,126660,39,128,128,254,786,1,1000,782,128,128,128,127,127,20,1,39000,39,39,39,6,254,6,254,39000,39,39000,39,841714,39,2773006,0
4020,126901,39000,39000,0,0,0,0,0,841714,39,126862,39,128,128,254,988,1,1000,782,128,128,128,127,127,30,1,39000,39,39,39,6,254,6,254,39000,39,39000,39,841714,39,2777450,0
4030,127273,39000,39000,0,0,0,0,0,841714,39,127234,39,129,129,255,1360,2,0,1012,129,129,129,127,127,8,1,39000,39,39,39,6,255,6,255,39000,39,39000,39,841714,39,2785634,0
4040,127625,39000,39000,0,0,0,0,0,841714,39,127586,39,129,129,256,713,1,1000,707,129,129,129,128,128,18,1,39000,39,39,39,6,256,6,256,39000,39,39000,39,841714,39,2793400,0
4050,127843,39000,39000,0,0,0,0,0,841714,39,127804,39,129,129,256,931,1,1000,707,129,129,129,128,128,28,1,39000,39,39,39,6,256,6,256,39000,39,39000,39,841714,39,2798196,0
4061,128215,39000,39000,0,0,0,0,0,841714,39,128176,39,130,130,257,1303,2,0,1090,130,130,130,128,128,4,1,39000,39,39,39,6,257,6,257,39000,39,39000,39,841714,39,2806380,0
4070,128544,39000,39000,0,0,0,0,0,841714,39,128505,39,130,130,258,633,1,1000,627,130,130,130,129,129,14,1,39000,39,39,39,6,258,6,258,39000,39,39000,39,841714,39,2813640,0
4080,128736,39000,39000,0,0,0,0,0,841714,39,128697,39,130,130,258,825,1,1000,627,130,130,130,129,129,24,1,39000,39,39,39,6,258,6,258,39000,39,39000,39,841714,39,2817886,0
4090,129108,39000,39000,0,0,0,0,0,841714,39,129069,39,131,131,259,1197,2,0,1008,131,131,131,129,129,4,1,39000,39,39,39,6,259,6,259,39000,39,39000,39,841714,39,2826048,0
4100,129474,39000,39000,0,0,0,0,0,841714,39,129435,39,131,131,259,1563,2,0,1008,131,131,131,129,129,14,1,39000,39,39,39,6,259,6,259,39000,39,39000,39,841714,39,2834100,0
4110,129665,39000,39000,0,0,0,0,0,841714,39,129626,39,131,131,260,755,1,1000,565,131,131,131,130,130,24,1,39000,39,39,39,6,260,6,260,39000,39,39000,39,841714,39,2838324,0
4120,130030,39000,39000,0,0,0,0,0,841714,39,129991,39,132,132,261,1120,2,0,1062,132,132,132,130,130,0,1,39000,39,39,39,6,261,6,261,39000,39,39000,39,841714,39,2846354,0
4130,130369,39000,39000,0,0,0,0,0,841714,39,130330,39,132,132,261,1459,2,0,1062,132,132,132,130,130,10,1,39000,39,39,39,6,261,6,261,39000,39,39000,39,841714,39,2853812,0
4140,130730,39000,39000,0,0,0,0,0,841714,39,130691,39,132,132,261,1820,2,0,1062,132,132,132,130,130,20,1,39000,39,39,39,6,261,6,261,39000,39,39000,39,841714,39,2861754,0
4150,130930,39000,39000,0,0,0,0,0,841714,39,130891,39,132,132,262,1021,2,1000,987,132,133,132,131,131,30,1,39000,39,39,39,6,262,6,262,39000,39,39000,39,841714,39,2866176,0
4160,131304,39000,39000,0,0,0,0,0,841714,39,131265,39,133,133,264,396,1,1000,396,133,133,133,132,132,8,1,39000,39,39,39,6,264,6,264,39000,39,39000,39,841714,39,2874426,0
4170,131492,39000,39000,0,0,0,0,0,841714,39,131453,39,133,133,264,584,1,1000,396,133,133,133,132,132,18,1,39000,39,39,39,6,264,6,264,39000,39,39000,39,841714,39,2878562,0
4180,131867,39000,39000,0,0,0,0,0,841714,39,131828,39,133,133,264,959,1,1000,396,133,133,133,132,132,28,1,39000,39,39,39,6,264,6,264,39000,39,39000,39,841714,39,2886812,0
4190,132245,39000,39000,0,0,0,0,0,841714,39,132206,39,134,134,265,1337,2,0,1059,134,134,134,132,132,6,1,39000,39,39,39,6,265,6,265,39000,39,39000,39,841714,39,2895128,0
4200,132582,39000,39000,0,0,0,0,0,841714,39,132543,39,134,134,265,1674,2,0,1059,134,134,134,132,132,16,1,39000,39,39,39,6,265,6,265,39000,39,39000,39,841714,39,2902542,0
4210,132663,39000,39000,0,0,0,0,0,841714,39,132624,39,134,134,266,756,1,1000,714,134,134,134,133,133,26,1,39000,39,39,39,6,266,6,266,39000,39,39000,39,841714,39,2904346,0
4220,133058,39000,39000,0,0,0,0,0,841714,39,133019,39,135,135,267,1151,2,0,1061,135,135,135,133,133,2,1,39000,39,39,39,6,267,6,267,39000,39,39000,39,841714,39,2913058,0
4230,133441,39000,39000,0,0,0,0,0,841714,39,133402,39,135,135,267,1534,2,0,1061,135,135,135,133,133,12,1,39000,39,39,39,6,267,6,267,39000,39,39000,39,841714,39,2921484,0
4240,133641,39000,39000,0,0,0,0,0,841714,39,133602,39,135,135,268,735,1,1000,649,135,135,135,134,134,22,1,39000,39,39,39,6,268,6,268,39000,39,39000,39,841714,39,2925884,0
4250,133994,39000,39000,0,0,0,0,0,841714,39,133955,39,136,136,269,1088,2,0,1019,136,136,136,134,134,0,1,39000,39,39,39,6,269,6,269,39000,39,39000,39,841714,39,2933650,0
4260,134376,39000,39000,0,0,0,0,0,841714,39,134337,39,136,136,269,1470,2,0,1019,136,136,136,134,134,10,1,39000,39,39,39,6,269,6,269,39000,39,39000,39,841714,39,2942054,0
4270,134587,39000,39000,0,0,0,0,0,841714,39,134548,39,136,136,270,682,1,1000,611,136,136,136,135,135,20,1,39000,39,39,39,6,270,6,270,39000,39,39000,39,841714,39,2946718,0
4280,134974,39000,39000,0,0,0,0,0,841714,39,134935,39,137,137,271,1069,2,0,1066,137,137,137,135,135,0,1,39000,39,39,39,6,271,6,271,39000,39,39000,39,841714,39,2955232,0
4290,135356,39000,39000,0,0,0,0,0,841714,39,135317,39,137,137,271,1451,2,0,1066,137,137,137,135,135,10,1,39000,39,39,39,6,271,6,271,39000,39,39000,39,841714,39,2963636,0
4300,135553,39000,39000,0,0,0,0,0,841714,39,135514,39,137,137,272,649,1,1000,578,137,137,137,136,136,20,1,39000,39,39,39,6,272,6,272,39000,39,39000,39,841714,39,2967992,0
4310,135900,39000,39000,0,0,0,0,0,841714,39,135861,39,137,137,272,996,1,1000,578,137,137,137,136,136,28,1,39000,39,39,39,6,272,6,272,39000,39,39000,39,841714,39,2975670,0
4320,136272,39000,39000,0,0,0,0,0,841714,39,136233,39,138,138,273,1368,2,0,1013,138,138,138,136,136,8,1,39000,39,39,39,6,273,6,273,39000,39,39000,39,841714,39,2983810,0
4330,136462,39000,39000,0,0,0,0,0,841714,39,136423,39,138,138,274,559,1,1000,534,138,138,138,137,137,18,1,39000,39,39,39,6,274,6,274,39000,39,39000,39,841714,39,2988034,0
4340,136835,39000,39000,0,0,0,0,0,841714,39,136796,39,138,138,274,932,1,1000,534,138,138,138,137,137,28,1,39000,39,39,39,6,274,6,274,39000,39,39000,39,841714,39,2996240,0
4350,137204,39000,39000,0,0,0,0,0,841714,39,137165,39,139,139,275,1301,2,0,1014,139,139,139,137,137,6,1,39000,39,39,39,6,275,6,275,39000,39,39000,39,841714,39,3004336,0
4361,137480,39000,39000,0,0,0,0,0,841714,39,137441,39,139,139,276,578,1,1000,563,139,139,139,138,138,18,1,39000,39,39,39,6,276,6,276,39000,39,39000,39,841714,39,3010430,0
4370,137749,39000,39000,0,0,0,0,0,841714,39,137710,39,139,139,276,847,1,1000,563,139,139,139,138,138,26,1,39000,39,39,39,6,276,6,276,39000,39,39000,39,841714,39,3016348,0
4380,138127,39000,39000,0,0,0,0,0,841714,39,138088,39,140,140,277,1225,2,0,1023,140,140,140,138,138,4,1,39000,39,39,39,6,277,6,277,39000,39,39000,39,841714,39,3024686,0
4390,138515,39000,39000,0,0,0,0,0,841714,39,138476,39,140,140,277,1613,2,0,1023,140,140,140,138,138,14,1,39000,39,39,39,6,277,6,277,39000,39,39000,39,841714,39,3033222,0
4400,138768,39000,39000,0,0,0,0,0,841714,39,138729,39,140,140,278,867,1,1000,862,140,140,140,139,139,24,1,39000,39,39,39,6,278,6,278,39000,39,39000,39,841714,39,3038788,0
4410,139094,40000,40000,0,0,0,0,0,863714,40,139054,40,141,141,279,1192,2,0,1054,141,141,141,139,139,2,1,40000,40,40,40,6,279,6,279,40000,40,40000,40,863714,40,3045938,999.9447405703887
4420,139432,40000,40000,0,0,0,0,0,863714,40,139392,40,141,141,279,1530,2,0,1054,141,141,141,139,139,12,1,40000,40,40,40,6,279,6,279,40000,40,40000,40,863714,40,3053418,999.9447405703887
4430,139637,41000,41000,0,0,0,0,0,885714,41,139596,41,141,141,280,735,1,1000,712,141,141,141,140,140,22,1,41000,41,41,41,6,280,6,280,41000,41,41000,41,885714,41,3057884,999.9447405703887
4440,140025,41000,41000,0,0,0,0,0,885714,41,139984,41,142,142,281,1123,2,0,1081,142,142,142,140,140,0,1,41000,41,41,41,6,281,6,281,41000,41,41000,41,885714,41,3066442,999.9447405703887
4450,140414,41000,41000,0,0,0,0,0,885714,41,140373,41,142,142,281,1512,2,0,1081,142,142,142,140,140,10,1,41000,41,41,41,6,281,6,281,41000,41,41000,41,885714,41,3074978,999.9447405703887
4460,140607,41000,41000,0,0,0,0,0,885714,41,140566,41,142,142,282,706,1,1000,632,142,142,142,141,141,20,1,41000,41,41,41,6,282,6,282,41000,41,41000,41,885714,41,3079246,999.9447405703887
4470,140997,41000,41000,0,0,0,0,0,885714,41,140956,41,143,143,283,1096,2,0,1032,143,143,143,141,141,0,1,41000,41,41,41,6,283,6,283,41000,41,41000,41,885714,41,3087848,999.9447405703887
4480,141340,41000,41000,0,0,0,0,0,885714,41,141299,41,143,143,283,1439,2,0,1032,143,143,143,141,141,10,1,41000,41,41,41,6,283,6,283,41000,41,41000,41,885714,41,3095394,999.9447405703887
4490,141551,42000,42000,0,0,0,0,0,907714,42,141509,42,143,143,284,650,1,1000,508,143,143,143,142,142,20,1,42000,42,42,42,6,284,6,284,42000,42,42000,42,907714,42,3100014,999.9447405703887
4500,141939,42000,42000,0,0,0,0,0,907714,42,141897,42,144,144,285,1038,2,0,1003,144,144,144,142,142,0,1,42000,42,42,42,6,285,6,285,42000,42,42000,42,907714,42,3108572,999.9447405703887
4510,142218,42000,42000,0,0,0,0,0,907714,42,142176,42,144,144,285,1317,2,0,1003,144,144,144,142,142,10,1,42000,42,42,42,6,285,6,285,42000,42,42000,42,907714,42,3114710,999.9447405703887
4520,142577,42000,42000,0,0,0,0,0,907714,42,142535,42,144,144,286,677,1,1000,668,144,144,144,143,143,20,1,42000,42,42,42,6,286,6,286,42000,42,42000,42,907714,42,3122608,999.9447405703887
4530,142773,43000,43000,0,0,0,0,0,929714,43,142730,43,144,144,286,872,1,1000,668,144,144,144,143,143,28,1,43000,43,43,43,6,286,6,286,43000,43,43000,43,929714,43,3126898,999.9447405703887
4540,143164,43000,43000,0,0,0,0,0,929714,43,143121,43,145,145,287,1263,2,0,1037,145,145,145,143,143,4,1,43000,43,43,43,6,287,6,287,43000,43,43000,43,929714,43,3135500,999.9447405703887
4550,143508,43000,43000,0,0,0,0,0,929714,43,143465,43,145,145,288,608,1,1000,601,145,145,145,144,144,14,1,43000,43,43,43,6,288,6,288,43000,43,43000,43,929714,43,3143090,999.9447405703887
4560,143746,43000,43000,0,0,0,0,0,929714,43,143703,43,145,145,288,846,1,1000,601,145,145,145,144,144,24,1,43000,43,43,43,6,288,6,288,43000,43,43000,43,929714,43,3148326,999.9447405703887
4570,144134,43000,43000,0,0,0,0,0,929714,43,144091,43,146,146,289,1234,2,0,1071,146,146,146,144,144,4,1,43000,43,43,43,6,289,6,289,43000,43,43000,43,929714,43,3156862,0
4580,144524,43000,43000,0,0,0,0,0,929714,43,144481,43,146,146,289,1624,2,0,1071,146,146,146,144,144,14,1,43000,43,43,43,6,289,6,289,43000,43,43000,43,929714,43,3165442,0
4590,144700,44000,44000,0,0,0,0,0,951714,44,144656,44,146,146,290,800,1,1000,719,146,146,146,145,145,22,1,44000,44,44,44,6,290,6,290,44000,44,44000,44,951714,44,3169336,999.9447405703887
4600,145089,44000,44000,0,0,0,0,0,951714,44,145045,44,147,147,291,1189,2,0,1051,147,147,147,145,145,2,1,44000,44,44,44,6,291,6,291,44000,44,44000,44,951714,44,3177872,999.9447405703887
4610,145477,44000,44000,0,0,0,0,0,951714,44,145433,44,147,147,291,1577,2,0,1051,147,147,147,145,145,12,1,44000,44,44,44,6,291,6,291,44000,44,44000,44,951714,44,3186408,999.9447405703887
4620,145873,44000,44000,0,0,0,0,0,951714,44,145829,44,147,147,292,974,1,1000,962,147,147,147,146,146,23,1,44000,44,44,44,6,292,6,292,44000,44,44000,44,951714,44,3195142,999.9447405703887
4630,146089,45000,45000,0,0,0,0,0,973714,45,146044,45,148,148,293,1189,2,0,1044,148,148,148,146,146,2,1,45000,45,45,45,6,293,6,293,45000,45,45000,45,973714,45,3199942,999.9447405703887
4640,146298,46000,46000,0,0,0,0,0,995714,46,146252,46,148,148,294,398,1,1000,328,148,148,148,147,147,14,1,46000,46,46,46,6,294,6,294,46000,46,46000,46,995714,46,3204749,999.9447405703887
4650,146655,46000,46000,0,0,0,0,0,995714,46,146609,46,148,148,294,756,1,1000,328,148,148,148,147,147,22,1,46000,46,46,46,6,294,6,294,46000,46,46000,46,995714,46,3212983,999.9447405703887
4660,147036,46000,46000,0,0,0,0,0,995714,46,146990,46,149,149,295,1136,2,0,1013,149,149,149,147,147,2,1,46000,46,46,46,6,295,6,295,46000,46,46000,46,995714,46,3221723,999.9447405703887
4670,147426,46000,46000,0,0,0,0,0,995714,46,147380,46,149,149,295,1526,2,0,1013,149,149,149,147,147,12,1,46000,46,46,46,6,295,6,295,46000,46,46000,46,995714,46,3230693,999.9447405703887
4680,147652,46000,46000,0,0,0,0,0,995714,46,147606,46,149,149,296,753,1,1000,750,149,149,149,148,148,22,1,46000,46,46,46,6,296,6,296,46000,46,46000,46,995714,46,3235914,999.9447405703887
4690,148023,47000,47000,0,0,0,0,0,1018595,47,147976,47,150,150,297,1123,2,0,1059,150,150,150,148,148,0,1,47000,47,47,47,6,297,6,297,47000,47,47000,47,1018595,47,3244424,999.9447405703887
4700,148370,47000,47000,0,0,0,0,0,1018595,47,148323,47,150,150,297,1470,2,0,1059,150,150,150,148,148,10,1,47000,47,47,47,6,297,6,297,47000,47,47000,47,1018595,47,3252405,999.9447405703887
4710,148581,48000,48000,0,0,0,0,0,1041595,48,148533,48,150,150,298,681,1,1000,628,150,150,150,149,149,20,1,48000,48,48,48,6,298,6,298,48000,48,48000,48,1041595,48,3257258,999.9447405703887
4720,148968,48000,48000,0,0,0,0,0,1041595,48,148920,48,151,151,299,1068,2,0,1023,151,151,151,149,149,0,1,48000,48,48,48,6,299,6,299,48000,48,48000,48,1041595,48,3266159,999.9447405703887
4730,149353,48000,48000,0,0,0,0,0,1041595,48,149305,48,151,151,299,1453,2,0,1023,151,151,151,149,149,10,1,48000,48,48,48,6,299,6,299,48000,48,48000,48,1041595,48,3275014,999.9447405703887
4740,149633,48000,48000,0,0,0,0,0,1041595,48,149585,48,151,151,300,734,1,1000,726,151,151,151,150,150,20,1,48000,48,48,48,6,300,6,300,48000,48,48000,48,1041595,48,3281477,999.9447405703887
4750,149954,49000,49000,0,0,0,0,0,1064595,49,149905,49,151,151,300,1054,2,1000,726,151,152,151,150,150,30,1,49000,49,49,49,6,300,6,300,49000,49,49000,49,1064595,49,3288837,999.9447405703887
4760,150302,49000,49000,0,0,0,0,0,1064595,49,150253,49,152,152,301,1402,2,0,1155,152,152,152,150,150,6,1,49000,49,49,49,6,301,6,301,49000,49,49000,49,1064595,49,3296841,999.9447405703887
4770,150689,49000,49000,0,0,0,0,0,1064595,49,150640,49,152,152,301,1789,2,0,1155,152,152,152,150,150,16,1,49000,49,49,49,6,301,6,301,49000,49,49000,49,1064595,49,3305742,999.9447405703887
4780,150889,49000,49000,0,0,0,0,0,1064595,49,150840,49,152,152,302,990,1,1000,937,152,152,152,151,151,26,1,49000,49,49,49,6,302,6,302,49000,49,49000,49,1064595,49,3310365,999.9447405703887
4790,151268,49000,49000,0,0,0,0,0,1064595,49,151219,49,153,153,303,1369,2,0,1035,153,153,153,151,151,8,1,49000,49,49,49,6,303,6,303,49000,49,49000,49,1064595,49,3319082,0
4800,151636,49000,49000,0,0,0,0,0,1064595,49,151587,49,153,153,303,1737,2,0,1035,153,153,153,151,151,18,1,49000,49,49,49,6,303,6,303,49000,49,49000,49,1064595,49,3327546,0
4810,151723,49000,49000,0,0,0,0,0,1064595,49,151674,49,153,153,304,825,1,1000,753,153,153,153,152,152,28,1,49000,49,49,49,6,304,6,304,49000,49,49000,49,1064595,49,3329593,0
4820,152070,49000,49000,0,0,0,0,0,1064595,49,152021,49,154,154,305,1172,2,0,1024,154,154,154,152,152,2,1,49000,49,49,49,6,305,6,305,49000,49,49000,49,1064595,49,3337597,0
4830,152462,49000,49000,0,0,0,0,0,1064595,49,152413,49,154,154,305,1564,2,0,1024,154,154,154,152,152,12,1,49000,49,49,49,6,305,6,305,49000,49,49000,49,1064595,49,3346567,0
4840,152651,49000,49000,0,0,0,0,0,1064595,49,152602,49,154,154,306,754,1,1000,743,154,154,154,153,153,22,1,49000,49,49,49,6,306,6,306,49000,49,49000,49,1064595,49,3350937,0
4850,153035,49000,49000,0,0,0,0,0,1064595,49,152986,49,155,155,307,1138,2,0,1056,155,155,155,153,153,2,1,49000,49,49,49,6,307,6,307,49000,49,49000,49,1064595,49,3359769,0
4860,153420,49000,49000,0,0,0,0,0,1064595,49,153371,49,155,155,307,1523,2,0,1056,155,155,155,153,153,12,1,49000,49,49,49,6,307,6,307,49000,49,49000,49,1064595,49,3368624,0
4870,153812,49000,49000,0,0,0,0,0,1064595,49,153763,49,155,155,307,1915,2,0,1056,155,155,155,153,153,22,1,49000,49,49,49,6,307,6,307,49000,49,49000,49,1064595,49,3377640,0
4880,153970,49000,49000,0,0,0,0,0,1064595,49,153921,49,156,156,309,1074,2,0,1025,156,156,156,154,154,4,1,49000,49,49,49,7,309,7,309,49000,49,49000,49,1064595,49,3381297,0
4890,154328,49000,49000,0,0,0,0,0,1064595,49,154279,49,156,156,310,433,1,1000,421,156,156,156,155,155,14,1,49000,49,49,49,7,310,7,310,49000,49,49000,49,1064595,49,3389554,0
4900,154569,49000,49000,0,0,0,0,0,1064595,49,154520,49,156,156,310,674,1,1000,421,156,156,156,155,155,24,1,49000,49,49,49,7,310,7,310,49000,49,49000,49,1064595,49,3395097,0
4910,154949,49000,49000,0,0,0,0,0,1064595,49,154900,49,156,156,310,1054,2,1000,421,156,157,156,155,155,34,1,49000,49,49,49,7,310,7,310,49000,49,49000,49,1064595,49,3403883,0
4920,155336,49000,49000,0,0,0,0,0,1064595,49,155287,49,157,157,311,1441,2,0,1068,157,157,157,155,155,8,1,49000,49,49,49,7,311,7,311,49000,49,49000,49,1064595,49,3412738,0
4930,155681,49000,49000,0,0,0,0,0,1064595,49,155632,49,157,157,311,1786,2,0,1068,157,157,157,155,155,18,1,49000,49,49,49,7,311,7,311,49000,49,49000,49,1064595,49,3420673,0
4940,155875,49000,49000,0,0,0,0,0,1064595,49,155826,49,157,157,312,981,1,1000,938,157,157,157,156,156,28,1,49000,49,49,49,7,312,7,312,49000,49,49000,49,1064595,49,3425158,0
4950,156263,49000,49000,0,0,0,0,0,1064595,49,156214,49,158,158,313,1369,2,0,1010,158,158,158,156,156,8,1,49000,49,49,49,7,313,7,313,49000,49,49000,49,1064595,49,3434082,0
4960,156638,49000,49000,0,0,0,0,0,1064595,49,156589,49,158,158,313,1744,2,0,1010,158,158,158,156,156,18,1,49000,49,49,49,7,313,7,313,49000,49,49000,49,1064595,49,3442707,0
4970,156838,49000,49000,0,0,0,0,0,1064595,49,156789,49,158,158,314,945,1,1000,839,158,158,158,157,157,28,1,49000,49,49,49,7,314,7,314,49000,49,49000,49,1064595,49,3447330,0
4980,157221,49000,49000,0,0,0,0,0,1064595,49,157172,49,159,159,315,1328,2,0,1044,159,159,159,157,157,6,1,49000,49,49,49,7,315,7,315,49000,49,49000,49,1064595,49,3456139,0
4990,157555,49000,49000,0,0,0,0,0,1064595,49,157506,49,159,159,315,1662,2,0,1044,159,159,159,157,157,16,1,49000,49,49,49,7,315,7,315,49000,49,49000,49,1064595,49,3463821,0
5000,157771,49000,49000,0,0,0,0,0,1064595,49,157722,49,159,159,316,879,1,1000,816,159,159,159,158,158,26,1,49000,49,49,49,7,316,7,316,49000,49,49000,49,1064595,49,3468812,0
5010,158161,49000,49000,0,0,0,0,0,1064595,49,158112,49,160,160,317,1269,2,0,1073,160,160,160,158,158,4,1,49000,49,49,49,7,317,7,317,49000,49,49000,49,1064595,49,3477782,0
5020,158527,49000,49000,0,0,0,0,0,1064595,49,158478,49,160,160,317,1635,2,0,1073,160,160,160,158,158,14,1,49000,49,49,49,7,317,7,317,49000,49,49000,49,1064595,49,3486200,0
5030,158735,49000,49000,0,0,0,0,0,1064595,49,158686,49,160,160,318,844,1,1000,792,160,160,160,159,159,24,1,49000,49,49,49,7,318,7,318,49000,49,49000,49,1064595,49,3491007,0
5040,159122,49000,49000,0,0,0,0,0,1064595,49,159073,49,161,161,319,1231,2,0,1036,161,161,161,159,159,4,1,49000,49,49,49,7,319,7,319,49000,49,49000,49,1064595,49,3499931,0
5050,159464,49000,49000,0,0,0,0,0,1064595,49,159415,49,161,161,319,1573,2,0,1036,161,161,161,159,159,14,1,49000,49,49,49,7,319,7,319,49000,49,49000,49,1064595,49,3507774,0
5060,159668,50000,50000,0,0,0,0,0,1087595,50,159618,50,161,161,320,777,1,1000,741,161,161,161,160,160,24,1,50000,50,50,50,7,320,7,320,50000,50,50000,50,1087595,50,3512489,999.9447405703887
5070,160056,50000,50000,0,0,0,0,0,1087595,50,160006,50,162,162,321,1165,2,0,1057,162,162,162,160,160,2,1,50000,50,50,50,7,321,7,321,50000,50,50000,50,1087595,50,3521413,999.9447405703887
5080,160437,50000,50000,0,0,0,0,0,1087595,50,160387,50,162,162,321,1546,2,0,1057,162,162,162,160,160,12,1,50000,50,50,50,7,321,7,321,50000,50,50000,50,1087595,50,3530153,999.9447405703887
5090,160649,51000,51000,0,0,0,0,0,1110595,51,160598,51,162,162,322,758,1,1000,672,162,162,162,161,161,22,1,51000,51,51,51,7,322,7,322,51000,51,51000,51,1110595,51,3535029,999.9447405703887
5100,161039,51000,51000,0,0,0,0,0,1110595,51,160988,51,163,163,323,1148,2,0,1020,163,163,163,161,161,2,1,51000,51,51,51,7,323,7,323,51000,51,51000,51,1110595,51,3543999,999.9447405703887
5110,161270,51000,51000,0,0,0,0,0,1110595,51,161219,51,163,163,323,1379,2,0,1020,163,163,163,161,161,10,1,51000,51,51,51,7,323,7,323,51000,51,51000,51,1110595,51,3549312,999.9447405703887
5120,161470,51000,51000,0,0,0,0,0,1110595,51,161419,51,163,163,324,580,1,1000,440,163,163,163,162,162,20,1,51000,51,51,51,7,324,7,324,51000,51,51000,51,1110595,51,3553958,999.9447405703887
5130,161847,51000,51000,0,0,0,0,0,1110595,51,161796,51,163,163,324,957,1,1000,440,163,163,163,162,162,30,1,51000,51,51,51,7,324,7,324,51000,51,51000,51,1110595,51,3562606,999.9447405703887
5140,162231,51000,51000,0,0,0,0,0,1110595,51,162180,51,164,164,325,1341,2,0,1038,164,164,164,162,162,8,1,51000,51,51,51,7,325,7,325,51000,51,51000,51,1110595,51,3571461,0
5150,162611,51000,51000,0,0,0,0,0,1110595,51,162560,51,164,164,325,1721,2,0,1038,164,164,164,162,162,18,1,51000,51,51,51,7,325,7,325,51000,51,51000,51,1110595,51,3580178,0
5160,162806,51000,51000,0,0,0,0,0,1110595,51,162755,51,164,164,326,917,1,1000,907,164,164,164,163,163,28,1,51000,51,51,51,7,326,7,326,51000,51,51000,51,1110595,51,3584686,0
5170,163143,51000,51000,0,0,0,0,0,1110595,51,163092,51,165,165,327,1254,2,0,1054,165,165,165,163,163,4,1,51000,51,51,51,7,327,7,327,51000,51,51000,51,1110595,51,3592460,0
5180,163522,51000,51000,0,0,0,0,0,1110595,51,163471,51,165,165,327,1633,2,0,1054,165,165,165,163,163,14,1,51000,51,51,51,7,327,7,327,51000,51,51000,51,1110595,51,3601154,0
5190,163718,51000,51000,0,0,0,0,0,1110595,51,163667,51,165,165,328,830,1,1000,689,165,165,165,164,164,24,1,51000,51,51,51,7,328,7,328,51000,51,51000,51,1110595,51,3605685,0
5200,164086,51000,51000,0,0,0,0,0,1110595,51,164035,51,166,166,329,1198,2,0,1065,166,166,166,164,164,2,1,51000,51,51,51,7,329,7,329,51000,51,51000,51,1110595,51,3614172,0
5210,164461,51000,51000,0,0,0,0,0,1110595,51,164410,51,166,166,329,1573,2,0,1065,166,166,166,164,164,12,1,51000,51,51,51,7,329,7,329,51000,51,51000,51,1110595,51,3622774,0
5220,164647,51000,51000,0,0,0,0,0,1110595,51,164596,51,166,166,330,760,1,1000,698,166,166,166,165,165,22,1,51000,51,51,51,7,330,7,330,51000,51,51000,51,1110595,51,3627098,0
5230,164989,51000,51000,0,0,0,0,0,1110595,51,164938,51,167,167,331,1102,2,0,1058,167,167,167,165,165,0,1,51000,51,51,51,7,331,7,331,51000,51,51000,51,1110595,51,3634941,0
5240,165371,51000,51000,0,0,0,0,0,1110595,51,165320,51,167,167,331,1484,2,0,1058,167,167,167,165,165,10,1,51000,51,51,51,7,331,7,331,51000,51,51000,51,1110595,51,3643727,0
5250,165567,51000,51000,0,0,0,0,0,1110595,51,165516,51,167,167,332,681,1,1000,606,167,167,167,166,166,20,1,51000,51,51,51,7,332,7,332,51000,51,51000,51,1110595,51,3648258,0
5260,165952,51000,51000,0,0,0,0,0,1110595,51,165901,51,168,168,333,1066,2,0,1019,168,168,168,166,166,0,1,51000,51,51,51,7,333,7,333,51000,51,51000,51,1110595,51,3657113,0
5270,166340,51000,51000,0,0,0,0,0,1110595,51,166289,51,168,168,333,1454,2,0,1019,168,168,168,166,166,10,1,51000,51,51,51,7,333,7,333,51000,51,51000,51,1110595,51,3666037,0
5280,166536,51000,51000,0,0,0,0,0,1110595,51,166485,51,168,168,334,651,1,1000,595,168,168,168,167,167,20,1,51000,51,51,51,7,334,7,334,51000,51,51000,51,1110595,51,3670591,0
5290,166881,51000,51000,0,0,0,0,0,1110595,51,166830,51,168,168,334,996,1,1000,595,168,168,168,167,167,30,1,51000,51,51,51,7,334,7,334,51000,51,51000,51,1110595,51,3678526,0
5300,167253,51000,51000,0,0,0,0,0,1110595,51,167202,51,169,169,335,1368,2,0,1038,169,169,169,167,167,8,1,51000,51,51,51,7,335,7,335,51000,51,51000,51,1110595,51,3687059,0
5310,167634,51000,51000,0,0,0,0,0,1110595,51,167583,51,169,169,335,1749,2,0,1038,169,169,169,167,167,18,1,51000,51,51,51,7,335,7,335,51000,51,51000,51,1110595,51,3695822,0
5320,167903,51000,51000,0,0,0,0,0,1110595,51,167852,51,170,170,337,1019,2,0,1013,170,170,170,168,168,2,1,51000,51,51,51,8,337,8,337,51000,51,51000,51,1110595,51,3702032,0
5330,168204,51000,51000,0,0,0,0,0,1110595,51,168153,51,170,170,337,1320,2,0,1013,170,170,170,168,168,12,1,51000,51,51,51,8,337,8,337,51000,51,51000,51,1110595,51,3708955,0
5340,168401,51000,51000,0,0,0,0,0,1110595,51,168350,51,170,170,338,518,1,1000,438,170,170,170,169,169,22,1,51000,51,51,51,8,338,8,338,51000,51,51000,51,1110595,51,3713509,0
5350,168748,51000,51000,0,0,0,0,0,1110595,51,168697,51,170,170,338,865,1,1000,438,170,170,170,169,169,32,1,51000,51,51,51,8,338,8,338,51000,51,51000,51,1110595,51,3721513,0
5360,169133,51000,51000,0,0,0,0,0,1110595,51,169082,51,171,171,339,1250,2,0,1070,171,171,171,169,169,4,1,51000,51,51,51,8,339,8,339,51000,51,51000,51,1110595,51,3730345,0
5370,169519,51000,51000,0,0,0,0,0,1110595,51,169468,51,171,171,339,1636,2,0,1070,171,171,171,169,169,14,1,51000,51,51,51,8,339,8,339,51000,51,51000,51,1110595,51,3739246,0
5380,169827,51000,51000,0,0,0,0,0,1110595,51,169776,51,171,171,340,945,1,1000,940,171,171,171,170,170,24,1,51000,51,51,51,8,340,8,340,51000,51,51000,51,1110595,51,3746330,0
5390,170089,51000,51000,0,0,0,0,0,1110595,51,170038,51,172,172,341,1207,2,0,1026,172,172,172,170,170,4,1,51000,51,51,51,8,341,8,341,51000,51,51000,51,1110595,51,3752356,0
5400,170378,51000,51000,0,0,0,0,0,1110595,51,170327,51,172,172,342,497,1,1000,493,172,172,172,171,171,14,1,51000,51,51,51,8,342,8,342,51000,51,51000,51,1110595,51,3759026,0
5410,170611,51000,51000,0,0,0,0,0,1110595,51,170560,51,172,172,342,730,1,1000,493,172,172,172,171,171,22,1,51000,51,51,51,8,342,8,342,51000,51,51000,51,1110595,51,3764385,0
5420,170996,51000,51000,0,0,0,0,0,1110595,51,170945,51,173,173,343,1115,2,0,1036,173,173,173,171,171,2,1,51000,51,51,51,8,343,8,343,51000,51,51000,51,1110595,51,3773240,0
5430,171392,51000,51000,0,0,0,0,0,1110595,51,171341,51,173,173,343,1511,2,0,1036,173,173,173,171,171,12,1,51000,51,51,51,8,343,8,343,51000,51,51000,51,1110595,51,3782348,0
5440,171671,51000,51000,0,0,0,0,0,1110595,51,171620,51,173,173,344,791,1,1000,787,173,173,173,172,172,22,1,51000,51,51,51,8,344,8,344,51000,51,51000,51,1110595,51,3788788,0
5450,171979,51000,51000,0,0,0,0,0,1110595,51,171928,51,174,174,345,1099,2,0,1004,174,174,174,172,172,2,1,51000,51,51,51,8,345,8,345,51000,51,51000,51,1110595,51,3795872,0
5460,172370,51000,51000,0,0,0,0,0,1110595,51,172319,51,174,174,345,1490,2,0,1004,174,174,174,172,172,12,1,51000,51,51,51,8,345,8,345,51000,51,51000,51,1110595,51,3804865,0
5470,172638,51000,51000,0,0,0,0,0,1110595,51,172587,51,174,174,346,759,1,1000,750,174,174,174,173,173,20,1,51000,51,51,51,8,346,8,346,51000,51,51000,51,1110595,51,3811052,0
5480,172933,51000,51000,0,0,0,0,0,1110595,51,172882,51,174,174,346,1054,2,1000,750,174,175,174,173,173,30,1,51000,51,51,51,8,346,8,346,51000,51,51000,51,1110595,51,3817837,0
5490,173317,51000,51000,0,0,0,0,0,1110595,51,173266,51,175,175,347,1438,2,0,1062,175,175,175,173,173,8,1,51000,51,51,51,8,347,8,347,51000,51,51000,51,1110595,51,3826669,0
5500,173600,51000,51000,0,0,0,0,0,1110595,51,173549,51,175,175,348,722,1,1000,707,175,175,175,174,174,20,1,51000,51,51,51,8,348,8,348,51000,51,51000,51,1110595,51,3833201,0
5510,173904,51000,51000,0,0,0,0,0,1110595,51,173853,51,176,176,349,1026,2,0,1020,176,176,176,174,174,0,1,51000,51,51,51,8,349,8,349,51000,51,51000,51,1110595,51,3840193,0
5520,174294,51000,51000,0,0,0,0,0,1110595,51,174243,51,176,176,349,1416,2,0,1020,176,176,176,174,174,10,1,51000,51,51,51,8,349,8,349,51000,51,51000,51,1110595,51,3849163,0
5530,174563,51000,51000,0,0,0,0,0,1110595,51,174512,51,176,176,350,686,1,1000,684,176,176,176,175,175,18,1,51000,51,51,51,8,350,8,350,51000,51,51000,51,1110595,51,3855373,0
5540,174833,51000,51000,0,0,0,0,0,1110595,51,174782,51,176,176,350,957,1,1000,684,176,176,176,175,175,28,1,51000,51,51,51,8,350,8,350,51000,51,51000,51,1110595,51,3861606,0
5550,175225,51000,51000,0,0,0,0,0,1110595,51,175174,51,177,177,351,1348,2,0,1061,177,177,177,175,175,6,1,51000,51,51,51,8,351,8,351,51000,51,51000,51,1110595,51,3870599,0
5560,175482,51000,51000,0,0,0,0,0,1110595,51,175431,51,177,177,352,606,1,1000,601,177,177,177,176,176,16,1,51000,51,51,51,8,352,8,352,51000,51,51000,51,1110595,51,3876533,0
5570,175797,51000,51000,0,0,0,0,0,1110595,51,175746,51,177,177,352,921,1,1000,601,177,177,177,176,176,26,1,51000,51,51,51,8,352,8,352,51000,51,51000,51,1110595,51,3883778,0
5580,176188,51000,51000,0,0,0,0,0,1110595,51,176137,51,178,178,353,1312,2,0,1005,178,178,178,176,176,8,1,51000,51,51,51,8,353,8,353,51000,51,51000,51,1110595,51,3892794,0
5590,176435,51000,51000,0,0,0,0,0,1110595,51,176384,51,178,178,354,560,1,1000,552,178,178,178,177,177,16,1,51000,51,51,51,8,354,8,354,51000,51,51000,51,1110595,51,3898475,0
5600,176731,51000,51000,0,0,0,0,0,1110595,51,176680,51,178,178,354,856,1,1000,552,178,178,178,177,177,26,1,51000,51,51,51,8,354,8,354,51000,51,51000,51,1110595,51,3905283,0
5610,177115,51000,51000,0,0,0,0,0,1110595,51,177064,51,179,179,355,1240,2,0,1041,179,179,179,177,177,4,1,51000,51,51,51,8,355,8,355,51000,51,51000,51,1110595,51,3914115,0
5620,177383,51000,51000,0,0,0,0,0,1110595,51,177332,51,179,179,356,509,1,1000,503,179,179,179,178,178,14,1,51000,51,51,51,8,356,8,356,51000,51,51000,51,1110595,51,3920302,0
5630,177692,51000,51000,0,0,0,0,0,1110595,51,177641,51,179,179,356,818,1,1000,503,179,179,179,178,178,24,1,51000,51,51,51,8,356,8,356,51000,51,51000,51,1110595,51,3927432,0
5640,178078,51000,51000,0,0,0,0,0,1110595,51,178027,51,180,180,357,1204,2,0,1064,180,180,180,178,178,2,1,51000,51,51,51,8,357,8,357,51000,51,51000,51,1110595,51,3936287,0
5650,178426,51000,51000,0,0,0,0,0,1110595,51,178375,51,180,180,357,1552,2,0,1064,180,180,180,178,178,12,1,51000,51,51,51,8,357,8,357,51000,51,51000,51,1110595,51,3944291,0
5660,178809,51000,51000,0,0,0,0,0,1110595,51,178758,51,180,180,357,1935,2,0,1064,180,180,180,178,178,22,1,51000,51,51,51,8,357,8,357,51000,51,51000,51,1110595,51,3953100,0
5670,179011,51000,51000,0,0,0,0,0,1110595,51,178960,51,181,181,359,1138,2,0,1031,181,181,181,179,179,2,1,51000,51,51,51,8,359,8,359,51000,51,51000,51,1110595,51,3957769,0
5680,179381,51000,51000,0,0,0,0,0,1110595,51,179330,51,181,181,360,509,1,1000,503,181,181,181,180,180,12,1,51000,51,51,51,8,360,8,360,51000,51,51000,51,1110595,51,3966302,0
5690,179592,51000,51000,0,0,0,0,0,1110595,51,179541,51,181,181,360,720,1,1000,503,181,181,181,180,180,22,1,51000,51,51,51,8,360,8,360,51000,51,51000,51,1110595,51,3971155,0
5700,179983,51000,51000,0,0,0,0,0,1110595,51,179932,51,182,182,361,1111,2,0,1062,182,182,182,180,180,0,1,51000,51,51,51,8,361,8,361,51000,51,51000,51,1110595,51,3980148,0
5710,180212,51000,51000,0,0,0,0,0,1110595,51,180161,51,182,182,361,1340,2,0,1062,182,182,182,180,180,8,1,51000,51,51,51,8,361,8,361,51000,51,51000,51,1110595,51,3985415,0
5720,180529,51000,51000,0,0,0,0,0,1110595,51,180478,51,182,182,362,658,1,1000,651,182,182,182,181,181,20,1,51000,51,51,51,8,362,8,362,51000,51,51000,51,1110595,51,3992729,0
5730,180799,51000,51000,0,0,0,0,0,1110595,51,180748,51,182,182,362,928,1,1000,651,182,182,182,181,181,30,1,51000,51,51,51,8,362,8,362,51000,51,51000,51,1110595,51,3998939,0
5740,181194,51000,51000,0,0,0,0,0,1110595,51,181143,51,183,183,363,1323,2,0,1092,183,183,183,181,181,6,1,51000,51,51,51,8,363,8,363,51000,51,51000,51,1110595,51,4008070,0
5750,181496,51000,51000,0,0,0,0,0,1110595,51,181445,51,183,183,364,626,1,1000,617,183,183,183,182,182,16,1,51000,51,51,51,8,364,8,364,51000,51,51000,51,1110595,51,4014993,0
5760,181790,51000,51000,0,0,0,0,0,1110595,51,181739,51,183,183,364,920,1,1000,617,183,183,183,182,182,26,1,51000,51,51,51,8,364,8,364,51000,51,51000,51,1110595,51,4021755,0
5770,182151,51000,51000,0,0,0,0,0,1110595,51,182100,51,184,184,365,1281,2,0,1064,184,184,184,182,182,4,1,51000,51,51,51,8,365,8,365,51000,51,51000,51,1110595,51,4030058,0
5780,182468,51000,51000,0,0,0,0,0,1110595,51,182417,51,184,184,366,599,1,1000,588,184,184,184,183,183,14,1,51000,51,51,51,8,366,8,366,51000,51,51000,51,1110595,51,4037372,0
5790,182746,51000,51000,0,0,0,0,0,1110595,51,182695,51,184,184,366,877,1,1000,588,184,184,184,183,183,24,1,51000,51,51,51,8,366,8,366,51000,51,51000,51,1110595,51,4043766,0
5800,183147,51000,51000,0,0,0,0,0,1110595,51,183096,51,185,185,367,1278,2,0,1042,185,185,185,183,183,6,1,51000,51,51,51,8,367,8,367,51000,51,51000,51,1110595,51,4052989,0
5810,183439,51000,51000,0,0,0,0,0,1110595,51,183388,51,185,185,368,571,1,1000,560,185,185,185,184,184,14,1,51000,51,51,51,8,368,8,368,51000,51,51000,51,1110595,51,4059728,0
5820,183738,51000,51000,0,0,0,0,0,1110595,51,183687,51,185,185,368,870,1,1000,560,185,185,185,184,184,26,1,51000,51,51,51,8,368,8,368,51000,51,51000,51,1110595,51,4066605,0
5830,184094,51000,51000,0,0,0,0,0,1110595,51,184043,51,186,186,369,1226,2,0,1027,186,186,186,184,184,4,1,51000,51,51,51,8,369,8,369,51000,51,51000,51,1110595,51,4074793,0
5840,184485,51000,51000,0,0,0,0,0,1110595,51,184434,51,186,186,369,1617,2,0,1027,186,186,186,184,184,14,1,51000,51,51,51,8,369,8,369,51000,51,51000,51,1110595,51,4083786,0
5850,184807,51000,51000,0,0,0,0,0,1110595,51,184756,51,186,186,370,940,1,1000,936,186,186,186,185,185,24,1,51000,51,51,51,8,370,8,370,51000,51,51000,51,1110595,51,4091215,0
5860,185076,51000,51000,0,0,0,0,0,1110595,51,185025,51,187,187,371,1209,2,0,1068,187,187,187,185,185,2,1,51000,51,51,51,8,371,8,371,51000,51,51000,51,1110595,51,4097402,0
5870,185465,51000,51000,0,0,0,0,0,1110595,51,185414,51,187,187,371,1598,2,0,1068,187,187,187,185,185,12,1,51000,51,51,51,8,371,8,371,51000,51,51000,51,1110595,51,4106395,0
5880,185855,51000,51000,0,0,0,0,0,1110595,51,185804,51,187,187,371,1988,2,0,1068,187,187,187,185,185,22,1,51000,51,51,51,8,371,8,371,51000,51,51000,51,1110595,51,4115342,0
5890,186023,51000,51000,0,0,0,0,0,1110595,51,185972,51,188,188,373,1157,2,0,1005,188,188,188,186,186,8,1,51000,51,51,51,9,373,9,373,51000,51,51000,51,1110595,51,4119206,0
5900,186300,51000,51000,0,0,0,0,0,1110595,51,186249,51,188,188,374,435,1,1000,431,188,188,188,187,187,18,1,51000,51,51,51,9,374,9,374,51000,51,51000,51,1110595,51,4125600,0
5910,186611,51000,51000,0,0,0,0,0,1110595,51,186560,51,188,188,374,746,1,1000,431,188,188,188,187,187,28,1,51000,51,51,51,9,374,9,374,51000,51,51000,51,1110595,51,4132753,0
5920,187004,51000,51000,0,0,0,0,0,1110595,51,186953,51,189,189,375,1139,2,0,1016,189,189,189,187,187,2,1,51000,51,51,51,9,375,9,375,51000,51,51000,51,1110595,51,4141792,0
5930,187395,51000,51000,0,0,0,0,0,1110595,51,187344,51,189,189,375,1530,2,0,1016,189,189,189,187,187,12,1,51000,51,51,51,9,375,9,375,51000,51,51000,51,1110595,51,4150785,0
5940,187780,51000,51000,0,0,0,0,0,1110595,51,187729,51,189,189,375,1915,2,0,1016,189,189,189,187,187,22,1,51000,51,51,51,9,375,9,375,51000,51,51000,51,1110595,51,4159640,0
5950,187945,51000,51000,0,0,0,0,0,1110595,51,187894,51,190,190,377,1081,2,0,1070,190,190,190,188,188,0,1,51000,51,51,51,9,377,9,377,51000,51,51000,51,1110595,51,4163458,0
5960,188340,51000,51000,0,0,0,0,0,1110595,51,188289,51,190,190,377,1476,2,0,1070,190,190,190,188,188,10,1,51000,51,51,51,9,377,9,377,51000,51,51000,51,1110595,51,4172543,0
5970,188544,51000,51000,0,0,0,0,0,1110595,51,188493,51,190,190,378,681,1,1000,540,190,190,190,189,189,20,1,51000,51,51,51,9,378,9,378,51000,51,51000,51,1110595,51,4177258,0
5980,188932,51000,51000,0,0,0,0,0,1110595,51,188881,51,191,191,379,1070,2,0,1039,191,191,191,189,189,0,1,51000,51,51,51,9,379,9,379,51000,51,51000,51,1110595,51,4186205,0
5990,189324,51000,51000,0,0,0,0,0,1110595,51,189273,51,191,191,379,1461,2,0,1039,191,191,191,189,189,10,1,51000,51,51,51,9,379,9,379,51000,51,51000,51,1110595,51,4195198,0
6000,189710,51000,51000,0,0,0,0,0,1110595,51,189659,51,191,191,379,1847,2,0,1039,191,191,191,189,189,20,1,51000,51,51,51,9,379,9,379,51000,51,51000,51,1110595,51,4204076,0
6010,189758,51000,51000,0,0,0,0,0,1110595,51,189707,51,191,191,380,896,1,1000,856,191,191,191,190,190,28,1,51000,51,51,51,9,380,9,380,51000,51,51000,51,1110595,51,4205203,0
6020,190144,51000,51000,0,0,0,0,0,1110595,51,190093,51,192,192,381,1282,2,0,1065,192,192,192,190,190,4,1,51000,51,51,51,9,381,9,381,51000,51,51000,51,1110595,51,4214081,0
6030,190531,51000,51000,0,0,0,0,0,1110595,51,190480,51,192,192,381,1669,2,0,1065,192,192,192,190,190,14,1,51000,51,51,51,9,381,9,381,51000,51,51000,51,1110595,51,4222982,0
6040,190741,51000,51000,0,0,0,0,0,1110595,51,190690,51,192,192,382,880,1,1000,670,192,192,192,191,191,26,1,51000,51,51,51,9,382,9,382,51000,51,51000,51,1110595,51,4227835,0
6050,191135,51000,51000,0,0,0,0,0,1110595,51,191084,51,193,193,383,1275,2,0,1032,193,193,193,191,191,6,1,51000,51,51,51,9,383,9,383,51000,51,51000,51,1110595,51,4236920,0
6060,191475,51000,51000,0,0,0,0,0,1110595,51,191424,51,193,193,384,615,1,1000,613,193,193,193,192,192,16,1,51000,51,51,51,9,384,9,384,51000,51,51000,51,1110595,51,4244740,0
6070,191670,51000,51000,0,0,0,0,0,1110595,51,191619,51,193,193,384,810,1,1000,613,193,193,193,192,192,24,1,51000,51,51,51,9,384,9,384,51000,51,51000,51,1110595,51,4249225,0
6080,192060,51000,51000,0,0,0,0,0,1110595,51,192009,51,194,194,385,1200,2,0,1057,194,194,194,192,192,2,1,51000,51,51,51,9,385,9,385,51000,51,51000,51,1110595,51,4258195,0
6090,192410,51000,51000,0,0,0,0,0,1110595,51,192359,51,194,194,386,551,1,1000,547,194,194,194,193,193,12,1,51000,51,51,51,9,386,9,386,51000,51,51000,51,1110595,51,4266268,0
6100,192652,51000,51000,0,0,0,0,0,1110595,51,192601,51,194,194,386,793,1,1000,547,194,194,194,193,193,22,1,51000,51,51,51,9,386,9,386,51000,51,51000,51,1110595,51,4271857,0
6110,193040,51000,51000,0,0,0,0,0,1110595,51,192989,51,195,195,387,1181,2,0,1035,195,195,195,193,193,2,1,51000,51,51,51,9,387,9,387,51000,51,51000,51,1110595,51,4280781,0
6120,193430,51000,51000,0,0,0,0,0,1110595,51,193379,51,195,195,387,1573,2,0,1035,195,195,195,193,193,14,1,51000,51,51,51,9,387,9,387,51000,51,51000,51,1110595,51,4289774,0
6130,193780,51000,51000,0,0,0,0,0,1110595,51,193729,51,195,195,387,1921,2,0,1035,195,195,195,193,193,22,1,51000,51,51,51,9,387,9,387,51000,51,51000,51,1110595,51,4297778,0
6140,193979,51000,51000,0,0,0,0,0,1110595,51,193928,51,196,196,389,1121,2,1000,1030,196,196,196,194,194,6,1,51000,51,51,51,9,389,9,389,51000,51,51000,51,1110595,51,4302378,0
6150,194315,51000,51000,0,0,0,0,0,1110595,51,194264,51,196,196,390,458,1,1000,455,196,196,196,195,195,16,1,51000,51,51,51,9,390,9,390,51000,51,51000,51,1110595,51,4310129,0
6160,194550,51000,51000,0,0,0,0,0,1110595,51,194499,51,196,196,390,693,1,1000,455,196,196,196,195,195,26,1,51000,51,51,51,9,390,9,390,51000,51,51000,51,1110595,51,4315534,0
6170,194928,51000,51000,0,0,0,0,0,1110595,51,194877,51,197,197,391,1071,2,0,1012,197,197,197,195,195,0,1,51000,51,51,51,9,391,9,391,51000,51,51000,51,1110595,51,4324228,0
6180,195319,51000,51000,0,0,0,0,0,1110595,51,195268,51,197,197,391,1462,2,0,1012,197,197,197,195,195,10,1,51000,51,51,51,9,391,9,391,51000,51,51000,51,1110595,51,4333221,0
6190,195666,51000,51000,0,0,0,0,0,1110595,51,195615,51,197,197,391,1809,2,0,1012,197,197,197,195,195,20,1,51000,51,51,51,9,391,9,391,51000,51,51000,51,1110595,51,4341202,0
6200,195869,51000,51000,0,0,0,0,0,1110595,51,195818,51,197,197,392,1013,2,1000,933,197,198,197,196,196,30,1,51000,51,51,51,9,392,9,392,51000,51,51000,51,1110595,51,4345894,0
6210,196260,51000,51000,0,0,0,0,0,1110595,51,196209,51,198,198,393,1404,2,0,1056,198,198,198,196,196,8,1,51000,51,51,51,9,393,9,393,51000,51,51000,51,1110595,51,4354887,0
6220,196464,51000,51000,0,0,0,0,0,1110595,51,196413,51,198,198,394,609,1,1000,518,198,198,198,197,197,18,1,51000,51,51,51,9,394,9,394,51000,51,51000,51,1110595,51,4359602,0
6230,196851,51000,51000,0,0,0,0,0,1110595,51,196800,51,198,198,394,996,1,1000,518,198,198,198,197,197,28,1,51000,51,51,51,9,394,9,394,51000,51,51000,51,1110595,51,4368503,0
6240,197233,51000,51000,0,0,0,0,0,1110595,51,197182,51,199,199,395,1378,2,0,1030,199,199,199,197,197,8,1,51000,51,51,51,9,395,9,395,51000,51,51000,51,1110595,51,4377289,0
6250,197585,51000,51000,0,0,0,0,0,1110595,51,197534,51,199,199,395,1730,2,0,1030,199,199,199,197,197,18,1,51000,51,51,51,9,395,9,395,51000,51,51000,51,1110595,51,4385385,0
6260,197789,51000,51000,0,0,0,0,0,1110595,51,197738,51,199,199,396,935,1,1000,788,199,199,199,198,198,28,1,51000,51,51,51,9,396,9,396,51000,51,51000,51,1110595,51,4390100,0
6270,198166,51000,51000,0,0,0,0,0,1110595,51,198115,51,200,200,397,1312,2,0,1062,200,200,200,198,198,6,1,51000,51,51,51,9,397,9,397,51000,51,51000,51,1110595,51,4398771,0
6280,198558,51000,51000,0,0,0,0,0,1110595,51,198507,51,200,200,397,1704,2,0,1062,200,200,200,198,198,16,1,51000,51,51,51,9,397,9,397,51000,51,51000,51,1110595,51,4407787,0
6290,198752,51000,51000,0,0,0,0,0,1110595,51,198701,51,200,200,398,899,1,1000,705,200,200,200,199,199,26,1,51000,51,51,51,9,398,9,398,51000,51,51000,51,1110595,51,4412295,0
6300,199120,51000,51000,0,0,0,0,0,1110595,51,199069,51,201,201,399,1267,2,0,1020,201,201,201,199,199,6,1,51000,51,51,51,9,399,9,399,51000,51,51000,51,1110595,51,4420736,0
6310,199231,51000,51000,0,0,0,0,0,1110595,51,199180,51,201,201,400,379,1,1000,373,201,201,201,200,200,14,1,51000,51,51,51,9,400,9,400,51000,51,51000,51,1110595,51,4423312,0
6320,199555,51000,51000,0,0,0,0,0,1110595,51,199504,51,201,201,400,703,1,1000,373,201,201,201,200,200,26,1,51000,51,51,51,9,400,9,400,51000,51,51000,51,1110595,51,4430764,0
6330,199939,51000,51000,0,0,0,0,0,1110595,51,199888,51,202,202,401,1087,2,0,1005,202,202,202,200,200,2,1,51000,51,51,51,9,401,9,401,51000,51,51000,51,1110595,51,4439596,0
6340,200319,51000,51000,0,0,0,0,0,1110595,51,200268,51,202,202,401,1467,2,0,1005,202,202,202,200,200,12,1,51000,51,51,51,9,401,9,401,51000,51,51000,51,1110595,51,4448359,0
6350,200664,51000,51000,0,0,0,0,0,1110595,51,200613,51,202,202,402,813,1,1000,807,202,202,202,201,201,22,1,51000,51,51,51,9,402,9,402,51000,51,51000,51,1110595,51,4456294,0
6360,200913,51000,51000,0,0,0,0,0,1110595,51,200862,51,203,203,403,1062,2,0,1039,203,203,203,201,201,0,1,51000,51,51,51,9,403,9,403,51000,51,51000,51,1110595,51,4462044,0
6370,201266,51000,51000,0,0,0,0,0,1110595,51,201215,51,203,203,403,1415,2,0,1039,203,203,203,201,201,8,1,51000,51,51,51,9,403,9,403,51000,51,51000,51,1110595,51,4470140,0
6380,201581,51000,51000,0,0,0,0,0,1110595,51,201530,51,203,203,404,731,1,1000,713,203,203,203,202,202,18,1,51000,51,51,51,9,404,9,404,51000,51,51000,51,1110595,51,4477408,0
6390,201859,51000,51000,0,0,0,0,0,1110595,51,201808,51,203,203,404,1009,2,1000,713,203,204,203,202,202,28,1,51000,51,51,51,9,404,9,404,51000,51,51000,51,1110595,51,4483802,0
6400,202249,51000,51000,0,0,0,0,0,1110595,51,202198,51,204,204,405,1399,2,0,1019,204,204,204,202,202,8,1,51000,51,51,51,9,405,9,405,51000,51,51000,51,1110595,51,4492772,0
6410,202521,51000,51000,0,0,0,0,0,1110595,51,202470,51,204,204,406,672,1,1000,665,204,204,204,203,203,18,1,51000,51,51,51,9,406,9,406,51000,51,51000,51,1110595,51,4499051,0
6420,202837,51000,51000,0,0,0,0,0,1110595,51,202786,51,204,204,406,988,1,1000,665,204,204,204,203,203,30,1,51000,51,51,51,9,406,9,406,51000,51,51000,51,1110595,51,4506319,0
6430,203237,51000,51000,0,0,0,0,0,1110595,51,203186,51,205,205,407,1388,2,0,1061,205,205,205,203,203,8,1,51000,51,51,51,9,407,9,407,51000,51,51000,51,1110595,51,4515519,0
6440,203493,51000,51000,0,0,0,0,0,1110595,51,203442,51,205,205,408,645,1,1000,626,205,205,205,204,204,16,1,51000,51,51,51,9,408,9,408,51000,51,51000,51,1110595,51,4521430,0
6450,203796,51000,51000,0,0,0,0,0,1110595,51,203745,51,205,205,408,948,1,1000,626,205,205,205,204,204,26,1,51000,51,51,51,9,408,9,408,51000,51,51000,51,1110595,51,4528399,0
6460,204198,51000,51000,0,0,0,0,0,1110595,51,204147,51,206,206,409,1350,2,0,1059,206,206,206,204,204,6,1,51000,51,51,51,9,409,9,409,51000,51,51000,51,1110595,51,4537668,0
6470,204461,51000,51000,0,0,0,0,0,1110595,51,204410,51,206,206,410,614,1,1000,604,206,206,206,205,205,16,1,51000,51,51,51,9,410,9,410,51000,51,51000,51,1110595,51,4543717,0
6480,204774,51000,51000,0,0,0,0,0,1110595,51,204723,51,206,206,410,927,1,1000,604,206,206,206,205,205,26,1,51000,51,51,51,9,410,9,410,51000,51,51000,51,1110595,51,4550916,0
6490,205175,51000,51000,0,0,0,0,0,1110595,51,205124,51,207,207,411,1328,2,0,1021,207,207,207,205,205,6,1,51000,51,51,51,9,411,9,411,51000,51,51000,51,1110595,51,4560139,0
6500,205470,51000,51000,0,0,0,0,0,1110595,51,205419,51,207,207,412,624,1,1000,622,207,207,207,206,206,16,1,51000,51,51,51,9,412,9,412,51000,51,51000,51,1110595,51,4566947,0
6510,205725,51000,51000,0,0,0,0,0,1110595,51,205674,51,207,207,412,879,1,1000,622,207,207,207,206,206,26,1,51000,51,51,51,9,412,9,412,51000,51,51000,51,1110595,51,4572812,0
6520,206125,51000,51000,0,0,0,0,0,1110595,51,206074,51,208,208,413,1279,2,0,1008,208,208,208,206,206,6,1,51000,51,51,51,9,413,9,413,51000,51,51000,51,1110595,51,4582012,0
6530,206407,51000,51000,0,0,0,0,0,1110595,51,206356,51,208,208,414,562,1,1000,553,208,208,208,207,207,16,1,51000,51,51,51,9,414,9,414,51000,51,51000,51,1110595,51,4588521,0
6540,206711,51000,51000,0,0,0,0,0,1110595,51,206660,51,208,208,414,866,1,1000,553,208,208,208,207,207,26,1,51000,51,51,51,9,414,9,414,51000,51,51000,51,1110595,51,4595513,0
6550,207113,51000,51000,0,0,0,0,0,1110595,51,207062,51,209,209,415,1268,2,0,1054,209,209,209,207,207,4,1,51000,51,51,51,9,415,9,415,51000,51,51000,51,1110595,51,4604759,0
6560,207465,51000,51000,0,0,0,0,0,1110595,51,207414,51,209,209,415,1620,2,0,1054,209,209,209,207,207,14,1,51000,51,51,51,9,415,9,415,51000,51,51000,51,1110595,51,4612855,0
6570,207795,51000,51000,0,0,0,0,0,1110595,51,207744,51,209,209,416,951,1,1000,945,209,209,209,208,208,24,1,51000,51,51,51,9,416,9,416,51000,51,51000,51,1110595,51,4620468,0
6580,208067,51000,51000,0,0,0,0,0,1110595,51,208016,51,210,210,417,1223,2,0,1042,210,210,210,208,208,4,1,51000,51,51,51,9,417,9,417,51000,51,51000,51,1110595,51,4626724,0
6590,208425,51000,51000,0,0,0,0,0,1110595,51,208374,51,210,210,418,582,1,1000,575,210,210,210,209,209,14,1,51000,51,51,51,9,418,9,418,51000,51,51000,51,1110595,51,4634981,0
6600,208661,51000,51000,0,0,0,0,0,1110595,51,208610,51,210,210,418,818,1,1000,575,210,210,210,209,209,24,1,51000,51,51,51,9,418,9,418,51000,51,51000,51,1110595,51,4640409,0
6610,208938,51000,51000,0,0,0,0,0,1110595,51,208887,51,211,211,419,1095,2,0,1071,211,211,211,209,209,0,1,51000,51,51,51,9,419,9,419,51000,51,51000,51,1110595,51,4646803,0
6620,209334,51000,51000,0,0,0,0,0,1110595,51,209283,51,211,211,419,1491,2,0,1071,211,211,211,209,209,10,1,51000,51,51,51,9,419,9,419,51000,51,51000,51,1110595,51,4655888,0
6630,209556,51000,51000,0,0,0,0,0,1110595,51,209505,51,211,211,420,714,1,1000,708,211,211,211,210,210,18,1,51000,51,51,51,9,420,9,420,51000,51,51000,51,1110595,51,4661017,0
6640,209889,51000,51000,0,0,0,0,0,1110595,51,209838,51,212,212,421,1047,2,0,1042,212,212,212,210,210,0,1,51000,51,51,51,9,421,9,421,51000,51,51000,51,1110595,51,4668676,0
6650,210283,51000,51000,0,0,0,0,0,1110595,51,210232,51,212,212,421,1441,2,0,1042,212,212,212,210,210,8,1,51000,51,51,51,9,421,9,421,51000,51,51000,51,1110595,51,4677738,0
6660,210490,51000,51000,0,0,0,0,0,1110595,51,210439,51,212,212,422,649,1,1000,636,212,212,212,211,211,20,1,51000,51,51,51,9,422,9,422,51000,51,51000,51,1110595,51,4682545,0
6670,210883,51000,51000,0,0,0,0,0,1110595,51,210832,51,213,213,423,1042,2,0,1034,213,213,213,211,211,0,1,51000,51,51,51,9,423,9,423,51000,51,51000,51,1110595,51,4691561,0
6680,211271,51000,51000,0,0,0,0,0,1110595,51,211220,51,213,213,423,1430,2,0,1034,213,213,213,211,211,10,1,51000,51,51,51,9,423,9,423,51000,51,51000,51,1110595,51,4700485,0
6690,211444,51000,51000,0,0,0,0,0,1110595,51,211393,51,213,213,424,604,1,1000,594,213,213,213,212,212,18,1,51000,51,51,51,9,424,9,424,51000,51,51000,51,1110595,51,4704487,0
6700,211834,51000,51000,0,0,0,0,0,1110595,51,211783,51,213,213,424,994,1,1000,594,213,213,213,212,212,28,1,51000,51,51,51,9,424,9,424,51000,51,51000,51,1110595,51,4713457,0
6710,212214,51000,51000,0,0,0,0,0,1110595,51,212163,51,214,214,425,1374,2,0,1008,214,214,214,212,212,8,1,51000,51,51,51,9,425,9,425,51000,51,51000,51,1110595,51,4722197,0
6720,212419,51000,51000,0,0,0,0,0,1110595,51,212368,51,214,214,426,580,1,1000,538,214,214,214,213,213,18,1,51000,51,51,51,9,426,9,426,51000,51,51000,51,1110595,51,4726935,0
6730,212816,51000,51000,0,0,0,0,0,1110595,51,212765,51,214,214,426,977,1,1000,538,214,214,214,213,213,28,1,51000,51,51,51,9,426,9,426,51000,51,51000,51,1110595,51,4736066,0
6740,213207,51000,51000,0,0,0,0,0,1110595,51,213156,51,215,215,427,1368,2,0,1060,215,215,215,213,213,6,1,51000,51,51,51,9,427,9,427,51000,51,51000,51,1110595,51,4745059,0
6750,213562,51000,51000,0,0,0,0,0,1110595,51,213511,51,215,215,427,1723,2,0,1060,215,215,215,213,213,16,1,51000,51,51,51,9,427,9,427,51000,51,51000,51,1110595,51,4753270,0
6760,213763,51000,51000,0,0,0,0,0,1110595,51,213712,51,215,215,428,925,1,1000,775,215,215,215,214,214,26,1,51000,51,51,51,9,428,9,428,51000,51,51000,51,1110595,51,4757893,0
6770,214142,51000,51000,0,0,0,0,0,1110595,51,214091,51,216,216,429,1304,2,0,1024,216,216,216,214,214,6,1,51000,51,51,51,9,429,9,429,51000,51,51000,51,1110595,51,4766587,0
6780,214526,51000,51000,0,0,0,0,0,1110595,51,214475,51,216,216,429,1688,2,0,1024,216,216,216,214,214,16,1,51000,51,51,51,9,429,9,429,51000,51,51000,51,1110595,51,4775419,0
6790,214723,51000,51000,0,0,0,0,0,1110595,51,214672,51,216,216,430,886,1,1000,760,216,216,216,215,215,26,1,51000,51,51,51,9,430,9,430,51000,51,51000,51,1110595,51,4779973,0
6800,215109,51000,51000,0,0,0,0,0,1110595,51,215058,51,217,217,431,1272,2,0,1062,217,217,217,215,215,4,1,51000,51,51,51,9,431,9,431,51000,51,51000,51,1110595,51,4788851,0
6810,215460,51000,51000,0,0,0,0,0,1110595,51,215409,51,217,217,431,1623,2,0,1062,217,217,217,215,215,14,1,51000,51,51,51,9,431,9,431,51000,51,51000,51,1110595,51,4796947,0
6820,215843,51000,51000,0,0,0,0,0,1110595,51,215792,51,217,217,432,1007,2,1000,1003,218,218,217,216,216,24,1,51000,51,51,51,10,432,10,432,51000,51,51000,51,1110595,51,4805756,0
6830,216049,51000,51000,0,0,0,0,0,1110595,51,215998,51,218,218,433,1213,2,0,1007,218,218,218,216,216,8,1,51000,51,51,51,10,433,10,433,51000,51,51000,51,1110595,51,4810494,0
6840,216258,51000,51000,0,0,0,0,0,1110595,51,216207,51,218,218,434,423,1,1000,411,218,218,218,217,217,18,1,51000,51,51,51,10,434,10,434,51000,51,51000,51,1110595,51,4815324,0
6850,216653,51000,51000,0,0,0,0,0,1110595,51,216602,51,218,218,434,818,1,1000,411,218,218,218,217,217,28,1,51000,51,51,51,10,434,10,434,51000,51,51000,51,1110595,51,4824432,0
6860,217045,51000,51000,0,0,0,0,0,1110595,51,216994,51,219,219,435,1210,2,0,1013,219,219,219,217,217,4,1,51000,51,51,51,10,435,10,435,51000,51,51000,51,1110595,51,4833425,0
6870,217399,51000,51000,0,0,0,0,0,1110595,51,217348,51,219,219,435,1564,2,0,1013,219,219,219,217,217,14,1,51000,51,51,51,10,435,10,435,51000,51,51000,51,1110595,51,4841613,0
6880,217751,51000,51000,0,0,0,0,0,1110595,51,217700,51,219,219,436,917,1,1000,908,219,219,219,218,218,24,1,51000,51,51,51,10,436,10,436,51000,51,51000,51,1110595,51,4849686,0
6890,217996,51000,51000,0,0,0,0,0,1110595,51,217945,51,220,220,437,1162,2,0,1069,220,220,220,218,218,2,1,51000,51,51,51,10,437,10,437,51000,51,51000,51,1110595,51,4855321,0
6900,218389,51000,51000,0,0,0,0,0,1110595,51,218338,51,220,220,437,1557,2,0,1069,220,220,220,218,218,12,1,51000,51,51,51,10,437,10,437,51000,51,51000,51,1110595,51,4864406,0
6910,218472,51000,51000,0,0,0,0,0,1110595,51,218421,51,220,220,438,639,1,1000,586,220,220,220,219,219,22,1,51000,51,51,51,10,438,10,438,51000,51,51000,51,1110595,51,4866292,0
6920,218871,51000,51000,0,0,0,0,0,1110595,51,218820,51,221,221,439,1038,2,0,1016,221,221,221,219,219,0,1,51000,51,51,51,10,439,10,439,51000,51,51000,51,1110595,51,4875469,0
6930,219255,51000,51000,0,0,0,0,0,1110595,51,219204,51,221,221,439,1422,2,0,1016,221,221,221,219,219,10,1,51000,51,51,51,10,439,10,439,51000,51,51000,51,1110595,51,4884301,0
6940,219420,51000,51000,0,0,0,0,0,1110595,51,219369,51,221,221,440,588,1,1000,568,221,221,221,220,220,18,1,51000,51,51,51,10,440,10,440,51000,51,51000,51,1110595,51,4888119,0
6950,219809,51000,51000,0,0,0,0,0,1110595,51,219758,51,221,221,440,977,1,1000,568,221,221,221,220,220,28,1,51000,51,51,51,10,440,10,440,51000,51,51000,51,1110595,51,4897066,0
6960,220192,51000,51000,0,0,0,0,0,1110595,51,220141,51,222,222,441,1360,2,0,1064,222,222,222,220,220,6,1,51000,51,51,51,10,441,10,441,51000,51,51000,51,1110595,51,4905898,0
6970,220387,51000,51000,0,0,0,0,0,1110595,51,220336,51,222,222,442,556,1,1000,519,222,222,222,221,221,16,1,51000,51,51,51,10,442,10,442,51000,51,51000,51,1110595,51,4910406,0
6980,220783,51000,51000,0,0,0,0,0,1110595,51,220732,51,222,222,442,952,1,1000,519,222,222,222,221,221,28,1,51000,51,51,51,10,442,10,442,51000,51,51000,51,1110595,51,4919491,0
6991,221168,51000,51000,0,0,0,0,0,1110595,51,221117,51,223,223,443,1337,2,0,1017,223,223,223,221,221,8,1,51000,51,51,51,10,443,10,443,51000,51,51000,51,1110595,51,4928346,0
7000,221524,51000,51000,0,0,0,0,0,1110595,51,221473,51,223,223,443,1693,2,0,1017,223,223,223,221,221,16,1,51000,51,51,51,10,443,10,443,51000,51,51000,51,1110595,51,4936534,0
7010,221853,51000,51000,0,0,0,0,0,1110595,51,221802,51,224,224,445,1023,2,0,1019,224,224,224,222,222,0,1,51000,51,51,51,11,445,11,445,51000,51,51000,51,1110595,51,4944124,0
7020,222100,51000,51000,0,0,0,0,0,1110595,51,222049,51,224,224,445,1270,2,0,1019,224,224,224,222,222,10,1,51000,51,51,51,11,445,11,445,51000,51,51000,51,1110595,51,4949805,0
7030,222308,51000,51000,0,0,0,0,0,1110595,51,222257,51,224,224,446,479,1,1000,419,224,224,224,223,223,20,1,51000,51,51,51,11,446,11,446,51000,51,51000,51,1110595,51,4954612,0
7040,222702,51000,51000,0,0,0,0,0,1110595,51,222651,51,224,224,446,873,1,1000,419,224,224,224,223,223,30,1,51000,51,51,51,11,446,11,446,51000,51,51000,51,1110595,51,4963674,0
7050,223047,51000,51000,0,0,0,0,0,1110595,51,222996,51,225,225,447,1218,2,0,1024,225,225,225,223,223,4,1,51000,51,51,51,11,447,11,447,51000,51,51000,51,1110595,51,4971632,0
7060,223445,51000,51000,0,0,0,0,0,1110595,51,223394,51,225,225,447,1616,2,0,1024,225,225,225,223,223,14,1,51000,51,51,51,11,447,11,447,51000,51,51000,51,1110595,51,4980763,0
7070,223773,51000,51000,0,0,0,0,0,1110595,51,223722,51,225,225,448,945,1,1000,936,225,225,225,224,224,24,1,51000,51,51,51,11,448,11,448,51000,51,51000,51,1110595,51,4988330,0
7080,224033,51000,51000,0,0,0,0,0,1110595,51,223982,51,226,226,449,1205,2,0,1006,226,226,226,224,224,4,1,51000,51,51,51,11,449,11,449,51000,51,51000,51,1110595,51,4994310,0
7090,224366,51000,51000,0,0,0,0,0,1110595,51,224315,51,226,226,450,539,1,1000,527,226,226,226,225,225,14,1,51000,51,51,51,11,450,11,450,51000,51,51000,51,1110595,51,5001992,0
7100,224602,51000,51000,0,0,0,0,0,1110595,51,224551,51,226,226,450,775,1,1000,527,226,226,226,225,225,24,1,51000,51,51,51,11,450,11,450,51000,51,51000,51,1110595,51,5007443,0
7110,224983,51000,51000,0,0,0,0,0,1110595,51,224932,51,227,227,451,1156,2,0,1059,227,227,227,225,225,2,1,51000,51,51,51,11,451,11,451,51000,51,51000,51,1110595,51,5016183,0
7120,225380,51000,51000,0,0,0,0,0,1110595,51,225329,51,227,227,451,1553,2,0,1059,227,227,227,225,225,12,1,51000,51,51,51,11,451,11,451,51000,51,51000,51,1110595,51,5025314,0
7130,225638,51000,51000,0,0,0,0,0,1110595,51,225587,51,227,227,452,812,1,1000,805,227,227,227,226,226,22,1,51000,51,51,51,11,452,11,452,51000,51,51000,51,1110595,51,5031271,0
7140,225959,51000,51000,0,0,0,0,0,1110595,51,225908,51,228,228,453,1133,2,0,1023,228,228,228,226,226,2,1,51000,51,51,51,11,453,11,453,51000,51,51000,51,1110595,51,5038654,0
7151,226356,51000,51000,0,0,0,0,0,1110595,51,226305,51,228,228,453,1530,2,0,1023,228,228,228,226,226,12,1,51000,51,51,51,11,453,11,453,51000,51,51000,51,1110595,51,5047785,0
7160,226546,51000,51000,0,0,0,0,0,1110595,51,226495,51,228,228,454,721,1,1000,716,228,228,228,227,227,22,1,51000,51,51,51,11,454,11,454,51000,51,51000,51,1110595,51,5052178,0
7170,226908,51000,51000,0,0,0,0,0,1110595,51,226857,51,229,229,455,1083,2,0,1060,229,229,229,227,227,0,1,51000,51,51,51,11,455,11,455,51000,51,51000,51,1110595,51,5060504,0
7180,227300,51000,51000,0,0,0,0,0,1110595,51,227249,51,229,229,455,1475,2,0,1060,229,229,229,227,227,10,1,51000,51,51,51,11,455,11,455,51000,51,51000,51,1110595,51,5069520,0
7190,227505,51000,51000,0,0,0,0,0,1110595,51,227454,51,229,229,456,681,1,1000,666,229,229,229,228,228,20,1,51000,51,51,51,11,456,11,456,51000,51,51000,51,1110595,51,5074258,0
7200,227895,51000,51000,0,0,0,0,0,1110595,51,227844,51,230,230,457,1071,2,0,1031,230,230,230,228,228,0,1,51000,51,51,51,11,457,11,457,51000,51,51000,51,1110595,51,5083251,0
7210,228129,51000,51000,0,0,0,0,0,1110595,51,228078,51,230,230,457,1305,2,0,1031,230,230,230,228,228,8,1,51000,51,51,51,11,457,11,457,51000,51,51000,51,1110595,51,5088633,0
7220,228327,51000,51000,0,0,0,0,0,1110595,51,228276,51,230,230,458,504,1,1000,367,230,230,230,229,229,18,1,51000,51,51,51,11,458,11,458,51000,51,51000,51,1110595,51,5093187,0
7230,228724,51000,51000,0,0,0,0,0,1110595,51,228673,51,230,230,458,901,1,1000,367,230,230,230,229,229,28,1,51000,51,51,51,11,458,11,458,51000,51,51000,51,1110595,51,5102341,0
7240,229108,51000,51000,0,0,0,0,0,1110595,51,229057,51,231,231,459,1285,2,0,1057,231,231,231,229,229,4,1,51000,51,51,51,11,459,11,459,51000,51,51000,51,1110595,51,5111173,0
7250,229490,51000,51000,0,0,0,0,0,1110595,51,229439,51,231,231,459,1667,2,0,1057,231,231,231,229,229,16,1,51000,51,51,51,11,459,11,459,51000,51,51000,51,1110595,51,5119936,0
7260,229706,51000,51000,0,0,0,0,0,1110595,51,229655,51,231,231,460,884,1,1000,849,231,231,231,230,230,26,1,51000,51,51,51,11,460,11,460,51000,51,51000,51,1110595,51,5124927,0
7270,230056,51000,51000,0,0,0,0,0,1110595,51,230005,51,232,232,461,1234,2,0,1024,232,232,232,230,230,4,1,51000,51,51,51,11,461,11,461,51000,51,51000,51,1110595,51,5132977,0
7280,230449,51000,51000,0,0,0,0,0,1110595,51,230398,51,232,232,461,1627,2,0,1024,232,232,232,230,230,14,1,51000,51,51,51,11,461,11,461,51000,51,51000,51,1110595,51,5142016,0
7290,230656,51000,51000,0,0,0,0,0,1110595,51,230605,51,232,232,462,835,1,1000,788,232,232,232,231,231,24,1,51000,51,51,51,11,462,11,462,51000,51,51000,51,1110595,51,5146800,0
7300,231038,51000,51000,0,0,0,0,0,1110595,51,230987,51,233,233,463,1217,2,0,1002,233,233,233,231,231,4,1,51000,51,51,51,11,463,11,463,51000,51,51000,51,1110595,51,5155586,0
7310,231421,51000,51000,0,0,0,0,0,1110595,51,231370,51,233,233,463,1600,2,0,1002,233,233,233,231,231,14,1,51000,51,51,51,11,463,11,463,51000,51,51000,51,1110595,51,5164395,0
7320,231589,51000,51000,0,0,0,0,0,1110595,51,231538,51,233,233,464,769,1,1000,736,233,233,233,232,232,24,1,51000,51,51,51,11,464,11,464,51000,51,51000,51,1110595,51,5168282,0
7330,231984,51000,51000,0,0,0,0,0,1110595,51,231933,51,234,234,465,1164,2,0,1038,234,234,234,232,232,2,1,51000,51,51,51,11,465,11,465,51000,51,51000,51,1110595,51,5177367,0
7340,232364,51000,51000,0,0,0,0,0,1110595,51,232313,51,234,234,465,1544,2,0,1038,234,234,234,232,232,12,1,51000,51,51,51,11,465,11,465,51000,51,51000,51,1110595,51,5186107,0
7350,232564,51000,51000,0,0,0,0,0,1110595,51,232513,51,234,234,466,745,1,1000,710,234,234,234,233,233,22,1,51000,51,51,51,11,466,11,466,51000,51,51000,51,1110595,51,5190730,0
7360,232955,51000,51000,0,0,0,0,0,1110595,51,232904,51,235,235,467,1136,2,0,1004,235,235,235,233,233,2,1,51000,51,51,51,11,467,11,467,51000,51,51000,51,1110595,51,5199723,0
7370,233334,51000,51000,0,0,0,0,0,1110595,51,233283,51,235,235,467,1515,2,0,1004,235,235,235,233,233,12,1,51000,51,51,51,11,467,11,467,51000,51,51000,51,1110595,51,5208440,0
7380,233497,51000,51000,0,0,0,0,0,1110595,51,233446,51,235,235,468,679,1,1000,639,235,235,235,234,234,22,1,51000,51,51,51,11,468,11,468,51000,51,51000,51,1110595,51,5212212,0
7390,233898,51000,51000,0,0,0,0,0,1110595,51,233847,51,236,236,469,1080,2,0,1044,236,236,236,234,234,0,1,51000,51,51,51,11,469,11,469,51000,51,51000,51,1110595,51,5221435,0
7400,234281,51000,51000,0,0,0,0,0,1110595,51,234230,51,236,236,469,1463,2,0,1044,236,236,236,234,234,10,1,51000,51,51,51,11,469,11,469,51000,51,51000,51,1110595,51,5230244,0
7410,234480,51000,51000,0,0,0,0,0,1110595,51,234429,51,236,236,470,663,1,1000,524,236,236,236,235,235,20,1,51000,51,51,51,11,470,11,470,51000,51,51000,51,1110595,51,5234844,0
7420,234872,51000,51000,0,0,0,0,0,1110595,51,234821,51,237,237,471,1055,2,0,1016,237,237,237,235,235,0,1,51000,51,51,51,11,471,11,471,51000,51,51000,51,1110595,51,5243860,0
7430,235215,51000,51000,0,0,0,0,0,1110595,51,235164,51,237,237,471,1398,2,0,1016,237,237,237,235,235,10,1,51000,51,51,51,11,471,11,471,51000,51,51000,51,1110595,51,5251749,0
7440,235443,51000,51000,0,0,0,0,0,1110595,51,235392,51,237,237,472,627,1,1000,622,237,237,237,236,236,20,1,51000,51,51,51,11,472,11,472,51000,51,51000,51,1110595,51,5257016,0
7450,235809,51000,51000,0,0,0,0,0,1110595,51,235758,51,237,237,472,993,1,1000,622,237,237,237,236,236,30,1,51000,51,51,51,11,472,11,472,51000,51,51000,51,1110595,51,5265434,0
7460,236195,51000,51000,0,0,0,0,0,1110595,51,236144,51,238,238,473,1379,2,0,1043,238,238,238,236,236,8,1,51000,51,51,51,11,473,11,473,51000,51,51000,51,1110595,51,5274312,0
7470,236586,51000,51000,0,0,0,0,0,1110595,51,236535,51,238,238,473,1770,2,0,1043,238,238,238,236,236,18,1,51000,51,51,51,11,473,11,473,51000,51,51000,51,1110595,51,5283305,0
7480,236749,51000,51000,0,0,0,0,0,1110595,51,236698,51,238,238,474,934,1,1000,888,238,238,238,237,237,28,1,51000,51,51,51,11,474,11,474,51000,51,51000,51,1110595,51,5287077,0
7490,237143,51000,51000,0,0,0,0,0,1110595,51,237092,51,239,239,475,1328,2,0,1096,239,239,239,237,237,4,1,51000,51,51,51,11,475,11,475,51000,51,51000,51,1110595,51,5296139,0
7500,237534,51000,51000,0,0,0,0,0,1110595,51,237483,51,239,239,475,1719,2,0,1096,239,239,239,237,237,16,1,51000,51,51,51,11,475,11,475,51000,51,51000,51,1110595,51,5305132,0
7510,237621,51000,51000,0,0,0,0,0,1110595,51,237570,51,239,239,476,807,1,1000,755,239,239,239,238,238,26,1,51000,51,51,51,11,476,11,476,51000,51,51000,51,1110595,51,5307179,0
7520,238005,51000,51000,0,0,0,0,0,1110595,51,237954,51,240,240,477,1191,2,0,1026,240,240,240,238,238,4,1,51000,51,51,51,11,477,11,477,51000,51,51000,51,1110595,51,5316011,0
7530,238345,51000,51000,0,0,0,0,0,1110595,51,238294,51,240,240,478,532,1,1000,528,240,240,240,239,239,14,1,51000,51,51,51,11,478,11,478,51000,51,51000,51,1110595,51,5323831,0
7540,238542,51000,51000,0,0,0,0,0,1110595,51,238491,51,240,240,478,729,1,1000,528,240,240,240,239,239,22,1,51000,51,51,51,11,478,11,478,51000,51,51000,51,1110595,51,5328362,0
7550,238928,51000,51000,0,0,0,0,0,1110595,51,238877,51,241,241,479,1115,2,0,1039,241,241,241,239,239,0,1,51000,51,51,51,11,479,11,479,51000,51,51000,51,1110595,51,5337240,0
7560,239314,51000,51000,0,0,0,0,0,1110595,51,239263,51,241,241,479,1501,2,0,1039,241,241,241,239,239,10,1,51000,51,51,51,11,479,11,479,51000,51,51000,51,1110595,51,5346141,0
7570,239707,51000,51000,0,0,0,0,0,1110595,51,239656,51,241,241,479,1894,2,0,1039,241,241,241,239,239,22,1,51000,51,51,51,11,479,11,479,51000,51,51000,51,1110595,51,5355180,0
7580,239906,51000,51000,0,0,0,0,0,1110595,51,239855,51,242,242,481,1094,2,0,1012,242,242,242,240,240,2,1,51000,51,51,51,11,481,11,481,51000,51,51000,51,1110595,51,5359780,0
7590,240259,51000,51000,0,0,0,0,0,1110595,51,240208,51,242,242,481,1447,2,0,1012,242,242,242,240,240,10,1,51000,51,51,51,11,481,11,481,51000,51,51000,51,1110595,51,5367876,0
7600,240461,51000,51000,0,0,0,0,0,1110595,51,240410,51,242,242,482,650,1,1000,498,242,242,242,241,241,20,1,51000,51,51,51,11,482,11,482,51000,51,51000,51,1110595,51,5372568,0
7610,240853,51000,51000,0,0,0,0,0,1110595,51,240802,51,242,242,482,1042,2,1000,498,242,243,242,241,241,30,1,51000,51,51,51,11,482,11,482,51000,51,51000,51,1110595,51,5381561,0
7620,241245,51000,51000,0,0,0,0,0,1110595,51,241194,51,243,243,483,1434,2,0,1054,243,243,243,241,241,8,1,51000,51,51,51,11,483,11,483,51000,51,51000,51,1110595,51,5390600,0
7630,241617,51000,51000,0,0,0,0,0,1110595,51,241566,51,243,243,484,807,1,1000,800,243,243,243,242,242,19,1,51000,51,51,51,11,484,11,484,51000,51,51000,51,1110595,51,5399156,0
7640,241839,51000,51000,0,0,0,0,0,1110595,51,241788,51,243,243,484,1029,2,1000,800,243,244,243,242,242,28,1,51000,51,51,51,11,484,11,484,51000,51,51000,51,1110595,51,5404262,0
7650,242189,51000,51000,0,0,0,0,0,1110595,51,242138,51,244,244,485,1379,2,0,1035,244,244,244,242,242,8,1,51000,51,51,51,11,485,11,485,51000,51,51000,51,1110595,51,5412335,0
7660,242530,51000,51000,0,0,0,0,0,1110595,51,242479,51,244,244,486,721,1,1000,718,244,244,244,243,243,18,1,51000,51,51,51,11,486,11,486,51000,51,51000,51,1110595,51,5420178,0
7670,242779,51000,51000,0,0,0,0,0,1110595,51,242728,51,244,244,486,970,1,1000,718,244,244,244,243,243,28,1,51000,51,51,51,11,486,11,486,51000,51,51000,51,1110595,51,5425905,0
7680,243169,51000,51000,0,0,0,0,0,1110595,51,243118,51,245,245,487,1360,2,0,1071,245,245,245,243,243,6,1,51000,51,51,51,11,487,11,487,51000,51,51000,51,1110595,51,5434875,0
7690,243413,51000,51000,0,0,0,0,0,1110595,51,243362,51,245,245,488,605,1,1000,598,245,245,245,244,244,16,1,51000,51,51,51,11,488,11,488,51000,51,51000,51,1110595,51,5440510,0
7700,243721,51000,51000,0,0,0,0,0,1110595,51,243670,51,245,245,488,913,1,1000,598,245,245,245,244,244,26,1,51000,51,51,51,11,488,11,488,51000,51,51000,51,1110595,51,5447594,0
7710,244114,51000,51000,0,0,0,0,0,1110595,51,244063,51,246,246,489,1306,2,0,1051,246,246,246,244,244,6,1,51000,51,51,51,11,489,11,489,51000,51,51000,51,1110595,51,5456633,0
7720,244349,51000,51000,0,0,0,0,0,1110595,51,244298,51,246,246,490,542,1,1000,535,246,246,246,245,245,16,1,51000,51,51,51,11,490,11,490,51000,51,51000,51,1110595,51,5462061,0
7730,244701,51000,51000,0,0,0,0,0,1110595,51,244650,51,246,246,490,894,1,1000,535,246,246,246,245,245,26,1,51000,51,51,51,11,490,11,490,51000,51,51000,51,1110595,51,5470157,0
7740,245091,51000,51000,0,0,0,0,0,1110595,51,245040,51,247,247,491,1284,2,0,1013,247,247,247,245,245,6,1,51000,51,51,51,11,491,11,491,51000,51,51000,51,1110595,51,5479127,0
7750,245485,51000,51000,0,0,0,0,0,1110595,51,245434,51,247,247,491,1678,2,0,1013,247,247,247,245,245,16,1,51000,51,51,51,11,491,11,491,51000,51,51000,51,1110595,51,5488189,0
7760,245728,51000,51000,0,0,0,0,0,1110595,51,245677,51,247,247,492,922,1,1000,916,247,247,247,246,246,26,1,51000,51,51,51,11,492,11,492,51000,51,51000,51,1110595,51,5493801,0
7770,246040,51000,51000,0,0,0,0,0,1110595,51,245989,51,248,248,493,1234,2,0,1067,248,248,248,246,246,4,1,51000,51,51,51,11,493,11,493,51000,51,51000,51,1110595,51,5500977,0
7780,246438,51000,51000,0,0,0,0,0,1110595,51,246387,51,248,248,493,1632,2,0,1067,248,248,248,246,246,14,1,51000,51,51,51,11,493,11,493,51000,51,51000,51,1110595,51,5510131,0
7790,246686,51000,51000,0,0,0,0,0,1110595,51,246635,51,248,248,494,881,1,1000,876,248,248,248,247,247,24,1,51000,51,51,51,11,494,11,494,51000,51,51000,51,1110595,51,5515858,0
7800,247026,51000,51000,0,0,0,0,0,1110595,51,246975,51,249,249,495,1221,2,0,1044,249,249,249,247,247,4,1,51000,51,51,51,11,495,11,495,51000,51,51000,51,1110595,51,5523724,0
7810,247265,51000,51000,0,0,0,0,0,1110595,51,247214,51,249,249,495,1460,2,0,1044,249,249,249,247,247,12,1,51000,51,51,51,11,495,11,495,51000,51,51000,51,1110595,51,5529175,0
7820,247465,51000,51000,0,0,0,0,0,1110595,51,247414,51,249,249,496,661,1,1000,596,249,249,249,248,248,22,1,51000,51,51,51,11,496,11,496,51000,51,51000,51,1110595,51,5533798,0
7830,247861,51000,51000,0,0,0,0,0,1110595,51,247810,51,250,250,497,1057,2,0,1056,250,250,250,248,248,0,1,51000,51,51,51,11,497,11,497,51000,51,51000,51,1110595,51,5542906,0
7840,248241,51000,51000,0,0,0,0,0,1110595,51,248190,51,250,250,497,1437,2,0,1056,250,250,250,248,248,8,1,51000,51,51,51,11,497,11,497,51000,51,51000,51,1110595,51,5551646,0
7850,248444,51000,51000,0,0,0,0,0,1110595,51,248393,51,250,250,498,641,1,1000,520,250,250,250,249,249,20,1,51000,51,51,51,11,498,11,498,51000,51,51000,51,1110595,51,5556361,0
7860,248845,51000,51000,0,0,0,0,0,1110595,51,248794,51,251,251,499,1042,2,0,1032,251,251,251,249,249,0,1,51000,51,51,51,11,499,11,499,51000,51,51000,51,1110595,51,5565561,0
7870,249196,51000,51000,0,0,0,0,0,1110595,51,249145,51,251,251,499,1393,2,0,1032,251,251,251,249,249,8,1,51000,51,51,51,11,499,11,499,51000,51,51000,51,1110595,51,5573634,0
7880,249452,51000,51000,0,0,0,0,0,1110595,51,249401,51,251,251,500,650,1,1000,640,251,251,251,250,250,18,1,51000,51,51,51,11,500,11,500,51000,51,51000,51,1110595,51,5579545,0
7890,249797,51000,51000,0,0,0,0,0,1110595,51,249746,51,251,251,500,995,1,1000,640,251,251,251,250,250,28,1,51000,51,51,51,11,500,11,500,51000,51,51000,51,1110595,51,5587503,0
7900,250189,51000,51000,0,0,0,0,0,1110595,51,250138,51,252,252,501,1387,2,0,1004,252,252,252,250,250,8,1,51000,51,51,51,11,501,11,501,51000,51,51000,51,1110595,51,5596496,0
7910,250581,51000,51000,0,0,0,0,0,1110595,51,250530,51,252,252,501,1779,2,0,1004,252,252,252,250,250,18,1,51000,51,51,51,11,501,11,501,51000,51,51000,51,1110595,51,5605512,0
7920,250755,51000,51000,0,0,0,0,0,1110595,51,250704,51,252,252,502,954,1,1000,855,252,252,252,251,251,28,1,51000,51,51,51,11,502,11,502,51000,51,51000,51,1110595,51,5609537,0
7930,251152,51000,51000,0,0,0,0,0,1110595,51,251101,51,253,253,503,1351,2,0,1072,253,253,253,251,251,6,1,51000,51,51,51,11,503,11,503,51000,51,51000,51,1110595,51,5618714,0
7940,251536,51000,51000,0,0,0,0,0,1110595,51,251485,51,253,253,503,1735,2,0,1072,253,253,253,251,251,16,1,51000,51,51,51,11,503,11,503,51000,51,51000,51,1110595,51,5627523,0
7950,251743,51000,51000,0,0,0,0,0,1110595,51,251692,51,253,253,504,943,1,1000,783,253,253,253,252,252,26,1,51000,51,51,51,11,504,11,504,51000,51,51000,51,1110595,51,5632284,0
7960,252136,51000,51000,0,0,0,0,0,1110595,51,252085,51,254,254,505,1336,2,0,1042,254,254,254,252,252,6,1,51000,51,51,51,11,505,11,505,51000,51,51000,51,1110595,51,5641323,0
7970,252490,51000,51000,0,0,0,0,0,1110595,51,252439,51,254,254,506,691,1,1000,677,254,254,254,253,253,16,1,51000,51,51,51,11,506,11,506,51000,51,51000,51,1110595,51,5649488,0
7980,252699,51000,51000,0,0,0,0,0,1110595,51,252648,51,254,254,506,900,1,1000,677,254,254,254,253,253,26,1,51000,51,51,51,11,506,11,506,51000,51,51000,51,1110595,51,5654295,0
7990,253093,51000,51000,0,0,0,0,0,1110595,51,253042,51,255,255,507,1294,2,0,1032,255,255,255,253,253,6,1,51000,51,51,51,11,507,11,507,51000,51,51000,51,1110595,51,5663380,0
8000,253402,51000,51000,0,0,0,0,0,1110595,51,253351,51,255,255,508,604,1,1000,596,255,255,255,254,254,16,1,51000,51,51,51,11,508,11,508,51000,51,51000,51,1110595,51,5670487,0
8010,253687,51000,51000,0,0,0,0,0,1110595,51,253636,51,255,255,508,889,1,1000,596,255,255,255,254,254,26,1,51000,51,51,51,11,508,11,508,51000,51,51000,51,1110595,51,5677042,0
8020,254084,51000,51000,0,0,0,0,0,1110595,51,254033,51,256,256,509,1286,2,0,1003,256,256,256,254,254,6,1,51000,51,51,51,11,509,11,509,51000,51,51000,51,1110595,51,5686173,0
8030,254343,51000,51000,0,0,0,0,0,1110595,51,254292,51,256,256,510,546,1,1000,536,256,256,256,255,255,16,1,51000,51,51,51,11,510,11,510,51000,51,51000,51,1110595,51,5692153,0
8040,254635,51000,51000,0,0,0,0,0,1110595,51,254584,51,256,256,510,838,1,1000,536,256,256,256,255,255,26,1,51000,51,51,51,11,510,11,510,51000,51,51000,51,1110595,51,5698869,0
8050,255034,51000,51000,0,0,0,0,0,1110595,51,254983,51,257,257,511,1237,2,0,1067,257,257,257,255,255,4,1,51000,51,51,51,11,511,11,511,51000,51,51000,51,1110595,51,5708046,0
8060,255425,51000,51000,0,0,0,0,0,1110595,51,255374,51,257,257,511,1628,2,0,1067,257,257,257,255,255,14,1,51000,51,51,51,11,511,11,511,51000,51,51000,51,1110595,51,5717039,0
8070,255704,51000,51000,0,0,0,0,0,1110595,51,255653,51,257,257,512,908,1,1000,905,257,257,257,256,256,24,1,51000,51,51,51,11,512,11,512,51000,51,51000,51,1110595,51,5723479,0
8080,256017,51000,51000,0,0,0,0,0,1110595,51,255966,51,258,258,513,1221,2,0,1031,258,258,258,256,256,4,1,51000,51,51,51,11,513,11,513,51000,51,51000,51,1110595,51,5730678,0
8090,256218,51000,51000,0,0,0,0,0,1110595,51,256167,51,258,258,514,423,1,1000,419,258,258,258,257,257,14,1,51000,51,51,51,11,514,11,514,51000,51,51000,51,1110595,51,5735347,0
8100,256567,51000,51000,0,0,0,0,0,1110595,51,256516,51,258,258,514,772,1,1000,419,258,258,258,257,257,24,1,51000,51,51,51,11,514,11,514,51000,51,51000,51,1110595,51,5743351,0
8110,256842,51000,51000,0,0,0,0,0,1110595,51,256791,51,259,259,515,1047,2,0,1041,259,259,259,257,257,0,1,51000,51,51,51,11,515,11,515,51000,51,51000,51,1110595,51,5749676,0
8120,257233,51000,51000,0,0,0,0,0,1110595,51,257182,51,259,259,515,1438,2,0,1041,259,259,259,257,257,8,1,51000,51,51,51,11,515,11,515,51000,51,51000,51,1110595,51,5758692,0
8130,257624,51000,51000,0,0,0,0,0,1110595,51,257573,51,259,259,516,830,1,1000,822,259,259,259,258,258,20,1,51000,51,51,51,11,516,11,516,51000,51,51000,51,1110595,51,5767685,0
8140,257832,51000,51000,0,0,0,0,0,1110595,51,257781,51,260,260,517,1038,2,0,1025,260,260,260,258,258,0,1,51000,51,51,51,11,517,11,517,51000,51,51000,51,1110595,51,5772469,0
8150,258187,51000,51000,0,0,0,0,0,1110595,51,258136,51,260,260,517,1393,2,0,1025,260,260,260,258,258,8,1,51000,51,51,51,11,517,11,517,51000,51,51000,51,1110595,51,5780634,0
8160,258580,51000,51000,0,0,0,0,0,1110595,51,258529,51,260,260,517,1786,2,0,1025,260,260,260,258,258,18,1,51000,51,51,51,11,517,11,517,51000,51,51000,51,1110595,51,5789673,0
8170,258778,51000,51000,0,0,0,0,0,1110595,51,258727,51,260,260,518,985,1,1000,966,260,260,260,259,259,28,1,51000,51,51,51,11,518,11,518,51000,51,51000,51,1110595,51,5794273,0
8180,259175,51000,51000,0,0,0,0,0,1110595,51,259124,51,261,261,519,1382,2,0,1074,261,261,261,259,259,6,1,51000,51,51,51,11,519,11,519,51000,51,51000,51,1110595,51,5803381,0
8190,259381,51000,51000,0,0,0,0,0,1110595,51,259330,51,261,261,520,589,1,1000,458,261,261,261,260,260,16,1,51000,51,51,51,11,520,11,520,51000,51,51000,51,1110595,51,5808142,0
8200,259775,51000,51000,0,0,0,0,0,1110595,51,259724,51,261,261,520,983,1,1000,458,261,261,261,260,260,26,1,51000,51,51,51,11,520,11,520,51000,51,51000,51,1110595,51,5817204,0
8210,260130,51000,51000,0,0,0,0,0,1110595,51,260079,51,262,262,521,1338,2,0,1060,262,262,262,260,260,6,1,51000,51,51,51,11,521,11,521,51000,51,51000,51,1110595,51,5825369,0
8220,260520,51000,51000,0,0,0,0,0,1110595,51,260469,51,262,262,521,1728,2,0,1060,262,262,262,260,260,16,1,51000,51,51,51,11,521,11,521,51000,51,51000,51,1110595,51,5834339,0
8230,260724,51000,51000,0,0,0,0,0,1110595,51,260673,51,262,262,522,933,1,1000,759,262,262,262,261,261,26,1,51000,51,51,51,11,522,11,522,51000,51,51000,51,1110595,51,5839054,0
8240,261113,51000,51000,0,0,0,0,0,1110595,51,261062,51,263,263,523,1322,2,0,1032,263,263,263,261,261,6,1,51000,51,51,51,11,523,11,523,51000,51,51000,51,1110595,51,5848001,0
8250,261441,51000,51000,0,0,0,0,0,1110595,51,261390,51,263,263,524,651,1,1000,648,263,263,263,262,262,16,1,51000,51,51,51,11,524,11,524,51000,51,51000,51,1110595,51,5855568,0
8260,261706,51000,51000,0,0,0,0,0,1110595,51,261655,51,263,263,524,916,1,1000,648,263,263,263,262,262,26,1,51000,51,51,51,11,524,11,524,51000,51,51000,51,1110595,51,5861663,0
8270,262058,51000,51000,0,0,0,0,0,1110595,51,262007,51,264,264,525,1268,2,0,1013,264,264,264,262,262,6,1,51000,51,51,51,11,525,11,525,51000,51,51000,51,1110595,51,5869759,0
8280,262313,51000,51000,0,0,0,0,0,1110595,51,262262,51,264,264,526,524,1,1000,521,264,264,264,263,263,16,1,51000,51,51,51,11,526,11,526,51000,51,51000,51,1110595,51,5875647,0
8290,262648,51000,51000,0,0,0,0,0,1110595,51,262597,51,264,264,526,859,1,1000,521,264,264,264,263,263,26,1,51000,51,51,51,11,526,11,526,51000,51,51000,51,1110595,51,5883352,0
8300,263040,51000,51000,0,0,0,0,0,1110595,51,262989,51,265,265,527,1251,2,0,1049,265,265,265,263,263,4,1,51000,51,51,51,11,527,11,527,51000,51,51000,51,1110595,51,5892368,0
8310,263434,51000,51000,0,0,0,0,0,1110595,51,263383,51,265,265,527,1645,2,0,1049,265,265,265,263,263,14,1,51000,51,51,51,11,527,11,527,51000,51,51000,51,1110595,51,5901430,0
8320,263739,51000,51000,0,0,0,0,0,1110595,51,263688,51,265,265,528,951,1,1000,942,265,265,265,264,264,24,1,51000,51,51,51,11,528,11,528,51000,51,51000,51,1110595,51,5908468,0
8330,263989,51000,51000,0,0,0,0,0,1110595,51,263938,51,266,266,529,1201,2,0,1039,266,266,266,264,264,4,1,51000,51,51,51,11,529,11,529,51000,51,51000,51,1110595,51,5914241,0
8340,264283,51000,51000,0,0,0,0,0,1110595,51,264232,51,266,266,530,496,1,1000,491,266,266,266,265,265,14,1,51000,51,51,51,11,530,11,530,51000,51,51000,51,1110595,51,5921003,0
8350,264582,51000,51000,0,0,0,0,0,1110595,51,264531,51,266,266,530,795,1,1000,491,266,266,266,265,265,24,1,51000,51,51,51,11,530,11,530,51000,51,51000,51,1110595,51,5927880,0
8360,264977,51000,51000,0,0,0,0,0,1110595,51,264926,51,267,267,531,1190,2,0,1074,267,267,267,265,265,2,1,51000,51,51,51,11,531,11,531,51000,51,51000,51,1110595,51,5936965,0
8370,265370,51000,51000,0,0,0,0,0,1110595,51,265319,51,267,267,531,1583,2,0,1074,267,267,267,265,265,12,1,51000,51,51,51,11,531,11,531,51000,51,51000,51,1110595,51,5946004,0
8380,265537,51000,51000,0,0,0,0,0,1110595,51,265486,51,267,267,532,751,1,1000,722,267,267,267,266,266,22,1,51000,51,51,51,11,532,11,532,51000,51,51000,51,1110595,51,5949914,0
8390,265935,51000,51000,0,0,0,0,0,1110595,51,265884,51,268,268,533,1149,2,0,1052,268,268,268,266,266,2,1,51000,51,51,51,11,533,11,533,51000,51,51000,51,1110595,51,5959045,0
8400,266324,51000,51000,0,0,0,0,0,1110595,51,266273,51,268,268,533,1538,2,0,1052,268,268,268,266,266,12,1,51000,51,51,51,11,533,11,533,51000,51,51000,51,1110595,51,5967969,0
8410,266416,51000,51000,0,0,0,0,0,1110595,51,266365,51,268,268,534,631,1,1000,567,268,268,268,267,267,22,1,51000,51,51,51,11,534,11,534,51000,51,51000,51,1110595,51,5970108,0
8420,266796,51000,51000,0,0,0,0,0,1110595,51,266745,51,268,268,534,1011,2,1000,567,268,269,268,267,267,32,1,51000,51,51,51,11,534,11,534,51000,51,51000,51,1110595,51,5978848,0
8430,267188,51000,51000,0,0,0,0,0,1110595,51,267137,51,269,269,535,1403,2,0,1066,269,269,269,267,267,8,1,51000,51,51,51,11,535,11,535,51000,51,51000,51,1110595,51,5987887,0
8440,267545,51000,51000,0,0,0,0,0,1110595,51,267494,51,269,269,535,1760,2,0,1066,269,269,269,267,267,16,1,51000,51,51,51,11,535,11,535,51000,51,51000,51,1110595,51,5996075,0
8450,267749,51000,51000,0,0,0,0,0,1110595,51,267698,51,269,269,536,965,1,1000,863,269,269,269,268,268,28,1,51000,51,51,51,11,536,11,536,51000,51,51000,51,1110595,51,6000790,0
8460,268141,51000,51000,0,0,0,0,0,1110595,51,268090,51,270,270,537,1357,2,0,1040,270,270,270,268,268,8,1,51000,51,51,51,11,537,11,537,51000,51,51000,51,1110595,51,6009806,0
8470,268539,51000,51000,0,0,0,0,0,1110595,51,268488,51,270,270,537,1755,2,0,1040,270,270,270,268,268,16,1,51000,51,51,51,11,537,11,537,51000,51,51000,51,1110595,51,6018960,0
8480,268741,51000,51000,0,0,0,0,0,1110595,51,268690,51,270,270,538,958,1,1000,772,270,270,270,269,269,28,1,51000,51,51,51,11,538,11,538,51000,51,51000,51,1110595,51,6023652,0
8491,269134,51000,51000,0,0,0,0,0,1110595,51,269083,51,271,271,539,1351,2,0,1031,271,271,271,269,269,8,1,51000,51,51,51,11,539,11,539,51000,51,51000,51,1110595,51,6032668,0
8500,269462,51000,51000,0,0,0,0,0,1110595,51,269411,51,271,271,540,680,1,1000,674,271,271,271,270,270,16,1,51000,51,51,51,11,540,11,540,51000,51,51000,51,1110595,51,6040235,0
8510,269690,51000,51000,0,0,0,0,0,1110595,51,269639,51,271,271,540,908,1,1000,674,271,271,271,270,270,26,1,51000,51,51,51,11,540,11,540,51000,51,51000,51,1110595,51,6045479,0
8520,270078,51000,51000,0,0,0,0,0,1110595,51,270027,51,272,272,541,1296,2,0,1077,272,272,272,270,270,4,1,51000,51,51,51,11,541,11,541,51000,51,51000,51,1110595,51,6054403,0
8530,270363,51000,51000,0,0,0,0,0,1110595,51,270312,51,272,272,542,582,1,1000,576,272,272,272,271,271,14,1,51000,51,51,51,11,542,11,542,51000,51,51000,51,1110595,51,6060981,0
8540,270674,51000,51000,0,0,0,0,0,1110595,51,270623,51,272,272,542,893,1,1000,576,272,272,272,271,271,24,1,51000,51,51,51,11,542,11,542,51000,51,51000,51,1110595,51,6068134,0
8550,271027,51000,51000,0,0,0,0,0,1110595,51,270976,51,273,273,543,1246,2,0,1057,273,273,273,271,271,4,1,51000,51,51,51,11,543,11,543,51000,51,51000,51,1110595,51,6076253,0
8560,271417,51000,51000,0,0,0,0,0,1110595,51,271366,51,273,273,543,1636,2,0,1057,273,273,273,271,271,14,1,51000,51,51,51,11,543,11,543,51000,51,51000,51,1110595,51,6085223,0
8570,271643,51000,51000,0,0,0,0,0,1110595,51,271592,51,273,273,544,863,1,1000,861,273,273,273,272,272,24,1,51000,51,51,51,11,544,11,544,51000,51,51000,51,1110595,51,6090444,0
8580,272008,51000,51000,0,0,0,0,0,1110595,51,271957,51,274,274,545,1228,2,0,1017,274,274,274,272,272,4,1,51000,51,51,51,11,545,11,545,51000,51,51000,51,1110595,51,6098839,0
8590,272398,51000,51000,0,0,0,0,0,1110595,51,272347,51,274,274,545,1618,2,0,1017,274,274,274,272,272,14,1,51000,51,51,51,11,545,11,545,51000,51,51000,51,1110595,51,6107809,0
8600,272706,51000,51000,0,0,0,0,0,1110595,51,272655,51,274,274,546,927,1,1000,916,274,274,274,273,273,24,1,51000,51,51,51,11,546,11,546,51000,51,51000,51,1110595,51,6114916,0
8610,272961,51000,51000,0,0,0,0,0,1110595,51,272910,51,275,275,547,1182,2,0,1003,275,275,275,273,273,4,1,51000,51,51,51,11,547,11,547,51000,51,51000,51,1110595,51,6120781,0
8620,273286,51000,51000,0,0,0,0,0,1110595,51,273235,51,275,275,548,508,1,1000,499,275,275,275,274,274,14,1,51000,51,51,51,11,548,11,548,51000,51,51000,51,1110595,51,6128279,0
8630,273558,51000,51000,0,0,0,0,0,1110595,51,273507,51,275,275,548,780,1,1000,499,275,275,275,274,274,24,1,51000,51,51,51,11,548,11,548,51000,51,51000,51,1110595,51,6134558,0
8640,273946,51000,51000,0,0,0,0,0,1110595,51,273895,51,276,276,549,1168,2,0,1047,276,276,276,274,274,2,1,51000,51,51,51,11,549,11,549,51000,51,51000,51,1110595,51,6143459,0
8650,274337,51000,51000,0,0,0,0,0,1110595,51,274286,51,276,276,549,1559,2,0,1047,276,276,276,274,274,12,1,51000,51,51,51,11,549,11,549,51000,51,51000,51,1110595,51,6152452,0
8660,274506,51000,51000,0,0,0,0,0,1110595,51,274455,51,276,276,550,729,1,1000,719,276,276,276,275,275,22,1,51000,51,51,51,11,550,11,550,51000,51,51000,51,1110595,51,6156362,0
8670,274890,51000,51000,0,0,0,0,0,1110595,51,274839,51,277,277,551,1113,2,0,1013,277,277,277,275,275,2,1,51000,51,51,51,11,551,11,551,51000,51,51000,51,1110595,51,6165194,0
8680,275279,51000,51000,0,0,0,0,0,1110595,51,275228,51,277,277,551,1502,2,0,1013,277,277,277,275,275,12,1,51000,51,51,51,11,551,11,551,51000,51,51000,51,1110595,51,6174141,0
8690,275481,51000,51000,0,0,0,0,0,1110595,51,275430,51,277,277,552,705,1,1000,621,277,277,277,276,276,22,1,51000,51,51,51,11,552,11,552,51000,51,51000,51,1110595,51,6178810,0
8700,275878,51000,51000,0,0,0,0,0,1110595,51,275827,51,278,278,553,1102,2,0,1071,278,278,278,276,276,0,1,51000,51,51,51,11,553,11,553,51000,51,51000,51,1110595,51,6187941,0
8710,276097,51000,51000,0,0,0,0,0,1110595,51,276046,51,278,278,554,322,1,1000,314,278,278,278,277,277,10,1,51000,51,51,51,11,554,11,554,51000,51,51000,51,1110595,51,6193001,0
8720,276320,51000,51000,0,0,0,0,0,1110595,51,276269,51,278,278,554,545,1,1000,314,278,278,278,277,277,18,1,51000,51,51,51,11,554,11,554,51000,51,51000,51,1110595,51,6198130,0
8730,276707,51000,51000,0,0,0,0,0,1110595,51,276656,51,278,278,554,932,1,1000,314,278,278,278,277,277,30,1,51000,51,51,51,11,554,11,554,51000,51,51000,51,1110595,51,6207031,0
8740,277097,51000,51000,0,0,0,0,0,1110595,51,277046,51,279,279,555,1322,2,0,1008,279,279,279,277,277,8,1,51000,51,51,51,11,555,11,555,51000,51,51000,51,1110595,51,6216001,0
8750,277489,51000,51000,0,0,0,0,0,1110595,51,277438,51,279,279,555,1714,2,0,1008,279,279,279,277,277,18,1,51000,51,51,51,11,555,11,555,51000,51,51000,51,1110595,51,6225017,0
8760,277696,51000,51000,0,0,0,0,0,1110595,51,277645,51,279,279,556,922,1,1000,721,279,279,279,278,278,28,1,51000,51,51,51,11,556,11,556,51000,51,51000,51,1110595,51,6229801,0
8770,278055,51000,51000,0,0,0,0,0,1110595,51,278004,51,280,280,557,1281,2,0,1069,280,280,280,278,278,4,1,51000,51,51,51,11,557,11,557,51000,51,51000,51,1110595,51,6238081,0
8780,278412,51000,51000,0,0,0,0,0,1110595,51,278361,51,280,280,558,639,1,1000,632,280,280,280,279,279,14,1,51000,51,51,51,11,558,11,558,51000,51,51000,51,1110595,51,6246292,0
8790,278648,51000,51000,0,0,0,0,0,1110595,51,278597,51,280,280,558,875,1,1000,632,280,280,280,279,279,24,1,51000,51,51,51,11,558,11,558,51000,51,51000,51,1110595,51,6251720,0
8800,279036,51000,51000,0,0,0,0,0,1110595,51,278985,51,281,281,559,1263,2,0,1040,281,281,281,279,279,4,1,51000,51,51,51,11,559,11,559,51000,51,51000,51,1110595,51,6260667,0
8810,279379,51000,51000,0,0,0,0,0,1110595,51,279328,51,281,281,560,607,1,1000,597,281,281,281,280,280,16,1,51000,51,51,51,11,560,11,560,51000,51,51000,51,1110595,51,6268556,0
8820,279639,51000,51000,0,0,0,0,0,1110595,51,279588,51,281,281,560,867,1,1000,597,281,281,281,280,280,24,1,51000,51,51,51,11,560,11,560,51000,51,51000,51,1110595,51,6274536,0
8830,279992,51000,51000,0,0,0,0,0,1110595,51,279941,51,282,282,561,1220,2,0,1034,282,282,282,280,280,4,1,51000,51,51,51,11,561,11,561,51000,51,51000,51,1110595,51,6282655,0
8840,280389,51000,51000,0,0,0,0,0,1110595,51,280338,51,282,282,561,1617,2,0,1034,282,282,282,280,280,14,1,51000,51,51,51,11,561,11,561,51000,51,51000,51,1110595,51,6291809,0
8850,280728,51000,51000,0,0,0,0,0,1110595,51,280677,51,282,282,562,957,1,1000,956,282,282,282,281,281,24,1,51000,51,51,51,11,562,11,562,51000,51,51000,51,1110595,51,6299606,0
8860,280982,51000,51000,0,0,0,0,0,1110595,51,280931,51,283,283,563,1211,2,0,1079,283,283,283,281,281,2,1,51000,51,51,51,11,563,11,563,51000,51,51000,51,1110595,51,6305448,0
8870,281384,51000,51000,0,0,0,0,0,1110595,51,281333,51,283,283,563,1613,2,0,1079,283,283,283,281,281,12,1,51000,51,51,51,11,563,11,563,51000,51,51000,51,1110595,51,6314694,0
8880,281581,51000,51000,0,0,0,0,0,1110595,51,281530,51,283,283,564,811,1,1000,791,283,283,283,282,282,22,1,51000,51,51,51,11,564,11,564,51000,51,51000,51,1110595,51,6319248,0
8890,281977,51000,51000,0,0,0,0,0,1110595,51,281926,51,284,284,565,1207,2,0,1074,284,284,284,282,282,2,1,51000,51,51,51,11,565,11,565,51000,51,51000,51,1110595,51,6328356,0
8900,282337,51000,51000,0,0,0,0,0,1110595,51,282286,51,284,284,565,1567,2,0,1074,284,284,284,282,282,12,1,51000,51,51,51,11,565,11,565,51000,51,51000,51,1110595,51,6336636,0
8910,282534,51000,51000,0,0,0,0,0,1110595,51,282483,51,284,284,566,765,1,1000,729,284,284,284,283,283,22,1,51000,51,51,51,11,566,11,566,51000,51,51000,51,1110595,51,6341190,0
8920,282932,51000,51000,0,0,0,0,0,1110595,51,282881,51,285,285,567,1163,2,0,1058,285,285,285,283,283,2,1,51000,51,51,51,11,567,11,567,51000,51,51000,51,1110595,51,6350344,0
8930,283327,51000,51000,0,0,0,0,0,1110595,51,283276,51,285,285,567,1558,2,0,1058,285,285,285,283,283,12,1,51000,51,51,51,11,567,11,567,51000,51,51000,51,1110595,51,6359429,0
8940,283532,51000,51000,0,0,0,0,0,1110595,51,283481,51,285,285,568,764,1,1000,628,285,285,285,284,284,22,1,51000,51,51,51,11,568,11,568,51000,51,51000,51,1110595,51,6364167,0
8950,283929,51000,51000,0,0,0,0,0,1110595,51,283878,51,286,286,569,1161,2,0,1040,286,286,286,284,284,2,1,51000,51,51,51,11,569,11,569,51000,51,51000,51,1110595,51,6373298,0
8960,284303,51000,51000,0,0,0,0,0,1110595,51,284252,51,286,286,570,536,1,1000,523,286,286,286,285,285,12,1,51000,51,51,51,11,570,11,570,51000,51,51000,51,1110595,51,6381923,0
8970,284498,51000,51000,0,0,0,0,0,1110595,51,284447,51,286,286,570,731,1,1000,523,286,286,286,285,285,22,1,51000,51,51,51,11,570,11,570,51000,51,51000,51,1110595,51,6386408,0
8980,284896,51000,51000,0,0,0,0,0,1110595,51,284845,51,287,287,571,1129,2,0,1043,287,287,287,285,285,2,1,51000,51,51,51,11,571,11,571,51000,51,51000,51,1110595,51,6395562,0
8990,285291,51000,51000,0,0,0,0,0,1110595,51,285240,51,287,287,571,1524,2,0,1043,287,287,287,285,285,12,1,51000,51,51,51,11,571,11,571,51000,51,51000,51,1110595,51,6404647,0
9000,285678,51000,51000,0,0,0,0,0,1110595,51,285627,51,287,287,572,912,1,1000,906,287,287,287,286,286,22,1,51000,51,51,51,11,572,11,572,51000,51,51000,51,1110595,51,6413571,0
9010,285887,51000,51000,0,0,0,0,0,1110595,51,285836,51,288,288,573,1121,2,0,1028,288,288,288,286,286,2,1,51000,51,51,51,11,573,11,573,51000,51,51000,51,1110595,51,6418378,0
9020,286280,51000,51000,0,0,0,0,0,1110595,51,286229,51,288,288,573,1514,2,0,1028,288,288,288,286,286,12,1,51000,51,51,51,11,573,11,573,51000,51,51000,51,1110595,51,6427417,0
9030,286593,51000,51000,0,0,0,0,0,1110595,51,286542,51,288,288,574,828,1,1000,819,288,288,288,287,287,22,1,51000,51,51,51,11,574,11,574,51000,51,51000,51,1110595,51,6434639,0
9040,286840,51000,51000,0,0,0,0,0,1110595,51,286789,51,289,289,575,1075,2,0,1025,289,289,289,287,287,0,1,51000,51,51,51,11,575,11,575,51000,51,51000,51,1110595,51,6440320,0
9050,287237,51000,51000,0,0,0,0,0,1110595,51,287186,51,289,289,575,1472,2,0,1025,289,289,289,287,287,10,1,51000,51,51,51,11,575,11,575,51000,51,51000,51,1110595,51,6449474,0
9060,287476,51000,51000,0,0,0,0,0,1110595,51,287425,51,289,289,576,712,1,1000,699,289,289,289,288,288,20,1,51000,51,51,51,11,576,11,576,51000,51,51000,51,1110595,51,6454971,0
9070,287840,51000,51000,0,0,0,0,0,1110595,51,287789,51,290,290,577,1076,2,0,1010,290,290,290,288,288,0,1,51000,51,51,51,11,577,11,577,51000,51,51000,51,1110595,51,6463366,0
9080,288240,51000,51000,0,0,0,0,0,1110595,51,288189,51,290,290,577,1476,2,0,1010,290,290,290,288,288,10,1,51000,51,51,51,11,577,11,577,51000,51,51000,51,1110595,51,6472566,0
9090,288437,51000,51000,0,0,0,0,0,1110595,51,288386,51,290,290,578,674,1,1000,579,290,290,290,289,289,22,1,51000,51,51,51,11,578,11,578,51000,51,51000,51,1110595,51,6477097,0
9100,288837,51000,51000,0,0,0,0,0,1110595,51,288786,51,291,291,579,1074,2,0,1002,291,291,291,289,289,0,1,51000,51,51,51,11,579,11,579,51000,51,51000,51,1110595,51,6486297,0
9110,289190,51000,51000,0,0,0,0,0,1110595,51,289139,51,291,291,579,1427,2,0,1002,291,291,291,289,289,10,1,51000,51,51,51,11,579,11,579,51000,51,51000,51,1110595,51,6494416,0
9120,289588,51000,51000,0,0,0,0,0,1110595,51,289537,51,291,291,579,1825,2,0,1002,291,291,291,289,289,20,1,51000,51,51,51,11,579,11,579,51000,51,51000,51,1110595,51,6503570,0
9130,289807,51000,51000,0,0,0,0,0,1110595,51,289756,51,292,292,581,1045,2,0,1001,292,292,292,290,290,4,1,51000,51,51,51,11,581,11,581,51000,51,51000,51,1110595,51,6508630,0
9140,290155,51000,51000,0,0,0,0,0,1110595,51,290104,51,292,292,582,394,1,1000,386,292,292,292,291,291,14,1,51000,51,51,51,11,582,11,582,51000,51,51000,51,1110595,51,6516657,0
9150,290408,51000,51000,0,0,0,0,0,1110595,51,290357,51,292,292,582,647,1,1000,386,292,292,292,291,291,24,1,51000,51,51,51,11,582,11,582,51000,51,51000,51,1110595,51,6522476,0
9160,290805,51000,51000,0,0,0,0,0,1110595,51,290754,51,292,292,582,1044,2,1000,386,292,293,292,291,291,34,1,51000,51,51,51,11,582,11,582,51000,51,51000,51,1110595,51,6531607,0
9170,291205,51000,51000,0,0,0,0,0,1110595,51,291154,51,293,293,583,1444,2,0,1157,293,293,293,291,291,6,1,51000,51,51,51,11,583,11,583,51000,51,51000,51,1110595,51,6540853,0
9180,291560,51000,51000,0,0,0,0,0,1110595,51,291509,51,293,293,583,1799,2,0,1157,293,293,293,291,291,16,1,51000,51,51,51,11,583,11,583,51000,51,51000,51,1110595,51,6548972,0
9190,291764,51000,51000,0,0,0,0,0,1110595,51,291713,51,293,293,584,1004,2,1000,807,293,294,293,292,292,26,1,51000,51,51,51,11,584,11,584,51000,51,51000,51,1110595,51,6553687,0
9200,292168,51000,51000,0,0,0,0,0,1110595,51,292117,51,294,294,585,1408,2,0,1059,294,294,294,292,292,8,1,51000,51,51,51,11,585,11,585,51000,51,51000,51,1110595,51,6562979,0
9210,292451,51000,51000,0,0,0,0,0,1110595,51,292400,51,294,294,586,692,1,1000,686,294,294,294,293,293,18,1,51000,51,51,51,11,586,11,586,51000,51,51000,51,1110595,51,6569511,0
9220,292763,51000,51000,0,0,0,0,0,1110595,51,292712,51,294,294,586,1004,2,1000,686,294,295,294,293,293,28,1,51000,51,51,51,11,586,11,586,51000,51,51000,51,1110595,51,6576687,0
9230,293169,51000,51000,0,0,0,0,0,1110595,51,293118,51,295,295,587,1410,2,0,1043,295,295,295,293,293,8,1,51000,51,51,51,11,587,11,587,51000,51,51000,51,1110595,51,6586025,0
9240,293363,51000,51000,0,0,0,0,0,1110595,51,293312,51,295,295,588,605,1,1000,560,295,295,295,294,294,18,1,51000,51,51,51,11,588,11,588,51000,51,51000,51,1110595,51,6590533,0
9250,293721,51000,51000,0,0,0,0,0,1110595,51,293670,51,295,295,588,963,1,1000,560,295,295,295,294,294,28,1,51000,51,51,51,11,588,11,588,51000,51,51000,51,1110595,51,6598744,0
9260,294120,51000,51000,0,0,0,0,0,1110595,51,294069,51,296,296,589,1362,2,0,1042,296,296,296,294,294,8,1,51000,51,51,51,11,589,11,589,51000,51,51000,51,1110595,51,6607921,0
9270,294518,51000,51000,0,0,0,0,0,1110595,51,294467,51,296,296,589,1760,2,0,1042,296,296,296,294,294,18,1,51000,51,51,51,11,589,11,589,51000,51,51000,51,1110595,51,6617098,0
9280,294718,51000,51000,0,0,0,0,0,1110595,51,294667,51,296,296,590,961,1,1000,763,296,296,296,295,295,28,1,51000,51,51,51,11,590,11,590,51000,51,51000,51,1110595,51,6621698,0
9290,295112,51000,51000,0,0,0,0,0,1110595,51,295061,51,297,297,591,1355,2,0,1017,297,297,297,295,295,8,1,51000,51,51,51,11,591,11,591,51000,51,51000,51,1110595,51,6630760,0
9300,295507,51000,51000,0,0,0,0,0,1110595,51,295456,51,297,297,591,1750,2,0,1017,297,297,297,295,295,18,1,51000,51,51,51,11,591,11,591,51000,51,51000,51,1110595,51,6639845,0
9310,295596,51000,51000,0,0,0,0,0,1110595,51,295545,51,297,297,592,840,1,1000,768,297,297,297,296,296,28,1,51000,51,51,51,11,592,11,592,51000,51,51000,51,1110595,51,6641915,0
9320,295954,51000,51000,0,0,0,0,0,1110595,51,295903,51,298,298,593,1198,2,0,1057,298,298,298,296,296,2,1,51000,51,51,51,11,593,11,593,51000,51,51000,51,1110595,51,6650149,0
9330,296319,51000,51000,0,0,0,0,0,1110595,51,296268,51,298,298,594,564,1,1000,558,298,298,298,297,297,12,1,51000,51,51,51,11,594,11,594,51000,51,51000,51,1110595,51,6658567,0
9340,296545,51000,51000,0,0,0,0,0,1110595,51,296494,51,298,298,594,790,1,1000,558,298,298,298,297,297,22,1,51000,51,51,51,11,594,11,594,51000,51,51000,51,1110595,51,6663765,0
9350,296937,51000,51000,0,0,0,0,0,1110595,51,296886,51,299,299,595,1182,2,0,1027,299,299,299,297,297,2,1,51000,51,51,51,11,595,11,595,51000,51,51000,51,1110595,51,6672781,0
9360,297330,51000,51000,0,0,0,0,0,1110595,51,297279,51,299,299,595,1575,2,0,1027,299,299,299,297,297,14,1,51000,51,51,51,11,595,11,595,51000,51,51000,51,1110595,51,6681820,0
9370,297726,51000,51000,0,0,0,0,0,1110595,51,297675,51,299,299,596,972,1,1000,965,299,299,299,298,298,24,1,51000,51,51,51,11,596,11,596,51000,51,51000,51,1110595,51,6690951,0
9380,297934,51000,51000,0,0,0,0,0,1110595,51,297883,51,300,300,597,1180,2,0,1022,300,300,300,298,298,2,1,51000,51,51,51,11,597,11,597,51000,51,51000,51,1110595,51,6695735,0
9390,298288,51000,51000,0,0,0,0,0,1110595,51,298237,51,300,300,597,1534,2,0,1022,300,300,300,298,298,12,1,51000,51,51,51,11,597,11,597,51000,51,51000,51,1110595,51,6703877,0
9400,298491,51000,51000,0,0,0,0,0,1110595,51,298440,51,300,300,598,738,1,1000,675,300,300,300,299,299,22,1,51000,51,51,51,11,598,11,598,51000,51,51000,51,1110595,51,6708592,0
9410,298891,51000,51000,0,0,0,0,0,1110595,51,298840,51,301,301,599,1138,2,0,1003,301,301,301,299,299,2,1,51000,51,51,51,11,599,11,599,51000,51,51000,51,1110595,51,6717769,0
9420,299285,51000,51000,0,0,0,0,0,1110595,51,299234,51,301,301,599,1532,2,0,1003,301,301,301,299,299,12,1,51000,51,51,51,11,599,11,599,51000,51,51000,51,1110595,51,6726831,0
9430,299503,51000,51000,0,0,0,0,0,1110595,51,299452,51,301,301,600,751,1,1000,740,301,301,301,300,300,22,1,51000,51,51,51,11,600,11,600,51000,51,51000,51,1110595,51,6731868,0
9440,299890,51000,51000,0,0,0,0,0,1110595,51,299839,51,302,302,601,1138,2,0,1070,302,302,302,300,300,0,1,51000,51,51,51,11,601,11,601,51000,51,51000,51,1110595,51,6740769,0
9451,300289,51000,51000,0,0,0,0,0,1110595,51,300238,51,302,302,601,1537,2,0,1070,302,302,302,300,300,10,1,51000,51,51,51,11,601,11,601,51000,51,51000,51,1110595,51,6749946,0
9460,300452,51000,51000,0,0,0,0,0,1110595,51,300401,51,302,302,602,701,1,1000,643,302,302,302,301,301,20,1,51000,51,51,51,11,602,11,602,51000,51,51000,51,1110595,51,6753718,0
9470,300849,51000,51000,0,0,0,0,0,1110595,51,300798,51,303,303,603,1098,2,0,1069,303,303,303,301,301,0,1,51000,51,51,51,11,603,11,603,51000,51,51000,51,1110595,51,6762849,0
9480,301249,51000,51000,0,0,0,0,0,1110595,51,301198,51,303,303,603,1498,2,0,1069,303,303,303,301,301,10,1,51000,51,51,51,11,603,11,603,51000,51,51000,51,1110595,51,6772049,0
9490,301455,51000,51000,0,0,0,0,0,1110595,51,301404,51,303,303,604,705,1,1000,578,303,303,303,302,302,20,1,51000,51,51,51,11,604,11,604,51000,51,51000,51,1110595,51,6776833,0
9500,301853,51000,51000,0,0,0,0,0,1110595,51,301802,51,304,304,605,1104,2,0,1061,304,304,304,302,302,0,1,51000,51,51,51,11,605,11,605,51000,51,51000,51,1110595,51,6785987,0
9510,302258,51000,51000,0,0,0,0,0,1110595,51,302207,51,304,304,605,1508,2,0,1061,304,304,304,302,302,10,1,51000,51,51,51,11,605,11,605,51000,51,51000,51,1110595,51,6795279,0
9520,302612,51000,51000,0,0,0,0,0,1110595,51,302561,51,304,304,605,1862,2,0,1061,304,304,304,302,302,20,1,51000,51,51,51,11,605,11,605,51000,51,51000,51,1110595,51,6803444,0
9530,302820,51000,51000,0,0,0,0,0,1110595,51,302769,51,305,305,607,1072,2,0,1062,305,305,305,303,303,0,1,51000,51,51,51,11,607,11,607,51000,51,51000,51,1110595,51,6808251,0
9540,303218,51000,51000,0,0,0,0,0,1110595,51,303167,51,305,305,607,1469,2,0,1062,305,305,305,303,303,10,1,51000,51,51,51,11,607,11,607,51000,51,51000,51,1110595,51,6817382,0
9550,303555,51000,51000,0,0,0,0,0,1110595,51,303504,51,305,305,608,807,1,1000,802,305,305,305,304,304,20,1,51000,51,51,51,11,608,11,608,51000,51,51000,51,1110595,51,6825156,0
9560,303816,51000,51000,0,0,0,0,0,1110595,51,303765,51,306,306,609,1068,2,0,1041,306,306,306,304,304,0,1,51000,51,51,51,11,609,11,609,51000,51,51000,51,1110595,51,6831159,0
9570,304210,51000,51000,0,0,0,0,0,1110595,51,304159,51,306,306,609,1462,2,0,1041,306,306,306,304,304,10,1,51000,51,51,51,11,609,11,609,51000,51,51000,51,1110595,51,6840221,0
9580,304478,51000,51000,0,0,0,0,0,1110595,51,304427,51,306,306,610,731,1,1000,723,306,306,306,305,305,20,1,51000,51,51,51,11,610,11,610,51000,51,51000,51,1110595,51,6846408,0
9591,304820,51000,51000,0,0,0,0,0,1110595,51,304769,51,307,307,611,1074,2,0,1046,307,307,307,305,305,0,1,51000,51,51,51,11,611,11,611,51000,51,51000,51,1110595,51,6854297,0
9600,305173,51000,51000,0,0,0,0,0,1110595,51,305122,51,307,307,611,1426,2,0,1046,307,307,307,305,305,8,1,51000,51,51,51,11,611,11,611,51000,51,51000,51,1110595,51,6862416,0
9610,305256,51000,51000,0,0,0,0,0,1110595,51,305205,51,307,307,612,510,1,1000,467,307,307,307,306,306,19,1,51000,51,51,51,11,612,11,612,51000,51,51000,51,1110595,51,6864325,0
9620,305645,51000,51000,0,0,0,0,0,1110595,51,305594,51,307,307,612,899,1,1000,467,307,307,307,306,306,29,1,51000,51,51,51,11,612,11,612,51000,51,51000,51,1110595,51,6873272,0
9630,306049,51000,51000,0,0,0,0,0,1110595,51,305998,51,308,308,613,1303,2,0,1053,308,308,308,306,306,6,1,51000,51,51,51,11,613,11,613,51000,51,51000,51,1110595,51,6882564,0
9640,306439,51000,51000,0,0,0,0,0,1110595,51,306388,51,308,308,613,1693,2,0,1053,308,308,308,306,306,16,1,51000,51,51,51,11,613,11,613,51000,51,51000,51,1110595,51,6891534,0
9650,306640,51000,51000,0,0,0,0,0,1110595,51,306589,51,308,308,614,895,1,1000,778,308,308,308,307,307,26,1,51000,51,51,51,11,614,11,614,51000,51,51000,51,1110595,51,6896180,0
9660,306997,51000,51000,0,0,0,0,0,1110595,51,306946,51,309,309,615,1252,2,0,1041,309,309,309,307,307,4,1,51000,51,51,51,11,615,11,615,51000,51,51000,51,1110595,51,6904414,0
9670,307387,51000,51000,0,0,0,0,0,1110595,51,307336,51,309,309,616,643,1,1000,640,309,309,309,308,308,15,1,51000,51,51,51,11,616,11,616,51000,51,51000,51,1110595,51,6913384,0
9680,307593,51000,51000,0,0,0,0,0,1110595,51,307542,51,309,309,616,849,1,1000,640,309,309,309,308,308,24,1,51000,51,51,51,11,616,11,616,51000,51,51000,51,1110595,51,6918122,0
9690,307989,51000,51000,0,0,0,0,0,1110595,51,307938,51,310,310,617,1245,2,0,1017,310,310,310,308,308,4,1,51000,51,51,51,11,617,11,617,51000,51,51000,51,1110595,51,6927230,0
9700,308269,51000,51000,0,0,0,0,0,1110595,51,308218,51,310,310,618,526,1,1000,526,310,310,310,309,309,14,1,51000,51,51,51,11,618,11,618,51000,51,51000,51,1110595,51,6933693,0
9710,308586,51000,51000,0,0,0,0,0,1110595,51,308535,51,310,310,618,843,1,1000,526,310,310,310,309,309,26,1,51000,51,51,51,11,618,11,618,51000,51,51000,51,1110595,51,6940984,0
9720,308947,51000,51000,0,0,0,0,0,1110595,51,308896,51,311,311,619,1204,2,0,1071,311,311,311,309,309,2,1,51000,51,51,51,11,619,11,619,51000,51,51000,51,1110595,51,6949287,0
9730,309335,51000,51000,0,0,0,0,0,1110595,51,309284,51,311,311,619,1592,2,0,1071,311,311,311,309,309,12,1,51000,51,51,51,11,619,11,619,51000,51,51000,51,1110595,51,6958257,0
9740,309666,51000,51000,0,0,0,0,0,1110595,51,309615,51,311,311,620,924,1,1000,921,311,311,311,310,310,22,1,51000,51,51,51,11,620,11,620,51000,51,51000,51,1110595,51,6965847,0
9750,309936,51000,51000,0,0,0,0,0,1110595,51,309885,51,312,312,621,1194,2,0,1061,312,312,312,310,310,2,1,51000,51,51,51,11,621,11,621,51000,51,51000,51,1110595,51,6972080,0
9760,310338,51000,51000,0,0,0,0,0,1110595,51,310287,51,312,312,621,1596,2,0,1061,312,312,312,310,310,12,1,51000,51,51,51,11,621,11,621,51000,51,51000,51,1110595,51,6981303,0
9770,310537,51000,51000,0,0,0,0,0,1110595,51,310486,51,312,312,622,796,1,1000,780,312,312,312,311,311,22,1,51000,51,51,51,11,622,11,622,51000,51,51000,51,1110595,51,6985903,0
9780,310893,51000,51000,0,0,0,0,0,1110595,51,310842,51,313,313,623,1152,2,0,1038,313,313,313,311,311,2,1,51000,51,51,51,11,623,11,623,51000,51,51000,51,1110595,51,6994091,0
9790,311297,51000,51000,0,0,0,0,0,1110595,51,311246,51,313,313,623,1556,2,0,1038,313,313,313,311,311,12,1,51000,51,51,51,11,623,11,623,51000,51,51000,51,1110595,51,7003383,0
9800,311494,51000,51000,0,0,0,0,0,1110595,51,311443,51,313,313,624,754,1,1000,696,313,313,313,312,312,22,1,51000,51,51,51,11,624,11,624,51000,51,51000,51,1110595,51,7007937,0
9810,311893,51000,51000,0,0,0,0,0,1110595,51,311842,51,314,314,625,1153,2,0,1037,314,314,314,312,312,2,1,51000,51,51,51,11,625,11,625,51000,51,51000,51,1110595,51,7017114,0
9820,312289,51000,51000,0,0,0,0,0,1110595,51,312238,51,314,314,625,1549,2,0,1037,314,314,314,312,312,12,1,51000,51,51,51,11,625,11,625,51000,51,51000,51,1110595,51,7026222,0
9830,312498,51000,51000,0,0,0,0,0,1110595,51,312447,51,314,314,626,759,1,1000,568,314,314,314,313,313,22,1,51000,51,51,51,11,626,11,626,51000,51,51000,51,1110595,51,7031052,0
9840,312853,51000,51000,0,0,0,0,0,1110595,51,312802,51,315,315,627,1114,2,0,1023,315,315,315,313,313,2,1,51000,51,51,51,11,627,11,627,51000,51,51000,51,1110595,51,7039240,0
9850,313252,51000,51000,0,0,0,0,0,1110595,51,313201,51,315,315,627,1513,2,0,1023,315,315,315,313,313,12,1,51000,51,51,51,11,627,11,627,51000,51,51000,51,1110595,51,7048394,0
9860,313470,51000,51000,0,0,0,0,0,1110595,51,313419,51,315,315,628,732,1,1000,723,315,315,315,314,314,22,1,51000,51,51,51,11,628,11,628,51000,51,51000,51,1110595,51,7053431,0
9870,313857,51000,51000,0,0,0,0,0,1110595,51,313806,51,316,316,629,1119,2,0,1023,316,316,316,314,314,2,1,51000,51,51,51,11,629,11,629,51000,51,51000,51,1110595,51,7062332,0
9880,314252,51000,51000,0,0,0,0,0,1110595,51,314201,51,316,316,629,1514,2,0,1023,316,316,316,314,314,12,1,51000,51,51,51,11,629,11,629,51000,51,51000,51,1110595,51,7071417,0
9890,314603,51000,51000,0,0,0,0,0,1110595,51,314552,51,316,316,630,866,1,1000,865,316,316,316,315,315,22,1,51000,51,51,51,11,630,11,630,51000,51,51000,51,1110595,51,7079513,0
9900,314803,51000,51000,0,0,0,0,0,1110595,51,314752,51,316,316,630,1066,2,1000,865,316,317,316,315,315,30,1,51000,51,51,51,11,630,11,630,51000,51,51000,51,1110595,51,7084136,0
9910,315075,51000,51000,0,0,0,0,0,1110595,51,315024,51,317,317,631,1338,2,0,1070,317,317,317,315,315,8,1,51000,51,51,51,11,631,11,631,51000,51,51000,51,1110595,51,7090369,0
9920,315327,51000,51000,0,0,0,0,0,1110595,51,315276,51,317,317,632,591,1,1000,584,317,317,317,316,316,20,1,51000,51,51,51,11,632,11,632,51000,51,51000,51,1110595,51,7096188,0
9930,315672,51000,51000,0,0,0,0,0,1110595,51,315621,51,317,317,632,936,1,1000,584,317,317,317,316,316,30,1,51000,51,51,51,11,632,11,632,51000,51,51000,51,1110595,51,7104123,0
9940,316066,51000,51000,0,0,0,0,0,1110595,51,316015,51,318,318,633,1330,2,0,1095,318,318,318,316,316,6,1,51000,51,51,51,11,633,11,633,51000,51,51000,51,1110595,51,7113185,0
9950,316266,51000,51000,0,0,0,0,0,1110595,51,316215,51,318,318,634,531,1,1000,501,318,318,318,317,317,16,1,51000,51,51,51,11,634,11,634,51000,51,51000,51,1110595,51,7117854,0
9960,316622,51000,51000,0,0,0,0,0,1110595,51,316571,51,318,318,634,887,1,1000,501,318,318,318,317,317,24,1,51000,51,51,51,11,634,11,634,51000,51,51000,51,1110595,51,7125996,0
9970,317014,51000,51000,0,0,0,0,0,1110595,51,316963,51,319,319,635,1279,2,0,1059,319,319,319,317,317,4,1,51000,51,51,51,11,635,11,635,51000,51,51000,51,1110595,51,7135012,0
9980,317414,51000,51000,0,0,0,0,0,1110595,51,317363,51,319,319,635,1679,2,0,1059,319,319,319,317,317,14,1,51000,51,51,51,11,635,11,635,51000,51,51000,51,1110595,51,7144212,0
9990,317647,51000,51000,0,0,0,0,0,1110595,51,317596,51,319,319,636,913,1,1000,908,319,319,319,318,318,24,1,51000,51,51,51,11,636,11,636,51000,51,51000,51,1110595,51,7149594,0
10000,318011,51000,51000,0,0,0,0,0,1110595,51,317960,51,320,320,637,1277,2,0,1041,320,320,320,318,318,6,1,51000,51,51,51,11,637,11,637,51000,51,51000,51,1110595,51,7157966,0
10010,318405,51000,51000,0,0,0,0,0,1110595,51,318354,51,320,320,637,1671,2,0,1041,320,320,320,318,318,14,1,51000,51,51,51,11,637,11,637,51000,51,51000,51,1110595,51,7167028,0
10020,318571,51000,51000,0,0,0,0,0,1110595,51,318520,51,320,320,638,838,1,1000,798,320,320,320,319,319,24,1,51000,51,51,51,11,638,11,638,51000,51,51000,51,1110595,51,7170869,0
10030,318968,51000,51000,0,0,0,0,0,1110595,51,318917,51,321,321,639,1235,2,0,1038,321,321,321,319,319,4,1,51000,51,51,51,11,639,11,639,51000,51,51000,51,1110595,51,7180000,0
10040,319358,51000,51000,0,0,0,0,0,1110595,51,319307,51,321,321,639,1625,2,0,1038,321,321,321,319,319,14,1,51000,51,51,51,11,639,11,639,51000,51,51000,51,1110595,51,7188970,0
10050,319559,51000,51000,0,0,0,0,0,1110595,51,319508,51,321,321,640,827,1,1000,679,321,321,321,320,320,24,1,51000,51,51,51,11,640,11,640,51000,51,51000,51,1110595,51,7193616,0
10060,319952,51000,51000,0,0,0,0,0,1110595,51,319901,51,322,322,641,1220,2,0,1009,322,322,322,320,320,4,1,51000,51,51,51,11,641,11,641,51000,51,51000,51,1110595,51,7202655,0
10070,320327,51000,51000,0,0,0,0,0,1110595,51,320276,51,322,322,642,596,1,1000,589,322,322,322,321,321,15,1,51000,51,51,51,11,642,11,642,51000,51,51000,51,1110595,51,7211303,0
10080,320496,51000,51000,0,0,0,0,0,1110595,51,320445,51,322,322,642,765,1,1000,589,322,322,322,321,321,24,1,51000,51,51,51,11,642,11,642,51000,51,51000,51,1110595,51,7215213,0
10090,320886,51000,51000,0,0,0,0,0,1110595,51,320835,51,323,323,643,1155,2,0,1063,323,323,323,321,321,2,1,51000,51,51,51,11,643,11,643,51000,51,51000,51,1110595,51,7224160,0
10100,321286,51000,51000,0,0,0,0,0,1110595,51,321235,51,323,323,643,1555,2,0,1063,323,323,323,321,321,12,1,51000,51,51,51,11,643,11,643,51000,51,51000,51,1110595,51,7233360,0
10110,321681,51000,51000,0,0,0,0,0,1110595,51,321630,51,323,323,643,1950,2,0,1063,323,323,323,321,321,22,1,51000,51,51,51,11,643,11,643,51000,51,51000,51,1110595,51,7242445,0
10120,321881,51000,51000,0,0,0,0,0,1110595,51,321830,51,324,324,645,1151,2,0,1041,324,324,324,322,322,2,1,51000,51,51,51,11,645,11,645,51000,51,51000,51,1110595,51,7247068,0
10130,322282,51000,51000,0,0,0,0,0,1110595,51,322231,51,324,324,645,1552,2,0,1041,324,324,324,322,322,12,1,51000,51,51,51,11,645,11,645,51000,51,51000,51,1110595,51,7256314,0
10140,322490,51000,51000,0,0,0,0,0,1110595,51,322439,51,324,324,646,761,1,1000,553,324,324,324,323,323,22,1,51000,51,51,51,11,646,11,646,51000,51,51000,51,1110595,51,7261098,0
10150,322850,51000,51000,0,0,0,0,0,1110595,51,322799,51,325,325,647,1121,2,0,1049,325,325,325,323,323,0,1,51000,51,51,51,11,647,11,647,51000,51,51000,51,1110595,51,7269401,0
10160,323246,51000,51000,0,0,0,0,0,1110595,51,323195,51,325,325,647,1517,2,0,1049,325,325,325,323,323,10,1,51000,51,51,51,11,647,11,647,51000,51,51000,51,1110595,51,7278486,0
10170,323526,51000,51000,0,0,0,0,0,1110595,51,323475,51,325,325,648,798,1,1000,789,325,325,325,324,324,22,1,51000,51,51,51,11,648,11,648,51000,51,51000,51,1110595,51,7284949,0
10180,323846,51000,51000,0,0,0,0,0,1110595,51,323795,51,326,326,649,1118,2,0,1032,326,326,326,324,324,2,1,51000,51,51,51,11,649,11,649,51000,51,51000,51,1110595,51,7292309,0
10190,324250,51000,51000,0,0,0,0,0,1110595,51,324199,51,326,326,649,1522,2,0,1032,326,326,326,324,324,12,1,51000,51,51,51,11,649,11,649,51000,51,51000,51,1110595,51,7301601,0
10200,324450,51000,51000,0,0,0,0,0,1110595,51,324399,51,326,326,650,723,1,1000,690,326,326,326,325,325,22,1,51000,51,51,51,11,650,11,650,51000,51,51000,51,1110595,51,7306224,0
10210,324726,51000,51000,0,0,0,0,0,1110595,51,324675,51,326,326,650,999,1,1000,690,326,326,326,325,325,32,1,51000,51,51,51,11,650,11,650,51000,51,51000,51,1110595,51,7312572,0
10221,325119,51000,51000,0,0,0,0,0,1110595,51,325068,51,327,327,651,1392,2,0,1152,327,327,327,325,325,6,1,51000,51,51,51,11,651,11,651,51000,51,51000,51,1110595,51,7321611,0
10230,325472,51000,51000,0,0,0,0,0,1110595,51,325421,51,327,327,651,1745,2,0,1152,327,327,327,325,325,14,1,51000,51,51,51,11,651,11,651,51000,51,51000,51,1110595,51,7329730,0
10240,325681,51000,51000,0,0,0,0,0,1110595,51,325630,51,327,327,652,955,1,1000,943,327,327,327,326,326,24,1,51000,51,51,51,11,652,11,652,51000,51,51000,51,1110595,51,7334583,0
10250,326082,51000,51000,0,0,0,0,0,1110595,51,326031,51,328,328,653,1356,2,0,1051,328,328,328,326,326,6,1,51000,51,51,51,11,653,11,653,51000,51,51000,51,1110595,51,7343783,0
10260,326475,51000,51000,0,0,0,0,0,1110595,51,326424,51,328,328,653,1749,2,0,1051,328,328,328,326,326,16,1,51000,51,51,51,11,653,11,653,51000,51,51000,51,1110595,51,7352822,0
10270,326677,51000,51000,0,0,0,0,0,1110595,51,326626,51,328,328,654,952,1,1000,756,328,328,328,327,327,26,1,51000,51,51,51,11,654,11,654,51000,51,51000,51,1110595,51,7357537,0
10280,327078,51000,51000,0,0,0,0,0,1110595,51,327027,51,329,329,655,1353,2,0,1030,329,329,329,327,327,8,1,51000,51,51,51,11,655,11,655,51000,51,51000,51,1110595,51,7366714,0
10290,327419,51000,51000,0,0,0,0,0,1110595,51,327368,51,329,329,656,695,1,1000,692,329,329,329,328,328,16,1,51000,51,51,51,11,656,11,656,51000,51,51000,51,1110595,51,7374580,0
10300,327635,51000,51000,0,0,0,0,0,1110595,51,327584,51,329,329,656,911,1,1000,692,329,329,329,328,328,26,1,51000,51,51,51,11,656,11,656,51000,51,51000,51,1110595,51,7379548,0
10310,328029,51000,51000,0,0,0,0,0,1110595,51,327978,51,330,330,657,1305,2,0,1031,330,330,330,328,328,6,1,51000,51,51,51,11,657,11,657,51000,51,51000,51,1110595,51,7388610,0
10320,328304,51000,51000,0,0,0,0,0,1110595,51,328253,51,330,330,658,581,1,1000,574,330,330,330,329,329,16,1,51000,51,51,51,11,658,11,658,51000,51,51000,51,1110595,51,7394958,0
10330,328632,51000,51000,0,0,0,0,0,1110595,51,328581,51,330,330,658,909,1,1000,574,330,330,330,329,329,26,1,51000,51,51,51,11,658,11,658,51000,51,51000,51,1110595,51,7402502,0
10340,329028,51000,51000,0,0,0,0,0,1110595,51,328977,51,331,331,659,1305,2,0,1014,331,331,331,329,329,6,1,51000,51,51,51,11,659,11,659,51000,51,51000,51,1110595,51,7411610,0
10350,329419,51000,51000,0,0,0,0,0,1110595,51,329368,51,331,331,659,1696,2,0,1014,331,331,331,329,329,16,1,51000,51,51,51,11,659,11,659,51000,51,51000,51,1110595,51,7420603,0
10360,329634,51000,51000,0,0,0,0,0,1110595,51,329583,51,331,331,660,912,1,1000,910,331,331,331,330,330,26,1,51000,51,51,51,11,660,11,660,51000,51,51000,51,1110595,51,7425571,0
10370,329978,51000,51000,0,0,0,0,0,1110595,51,329927,51,332,332,661,1256,2,0,1004,332,332,332,330,330,6,1,51000,51,51,51,11,661,11,661,51000,51,51000,51,1110595,51,7433483,0
10380,330373,51000,51000,0,0,0,0,0,1110595,51,330322,51,332,332,661,1651,2,0,1004,332,332,332,330,330,16,1,51000,51,51,51,11,661,11,661,51000,51,51000,51,1110595,51,7442568,0
10390,330582,51000,51000,0,0,0,0,0,1110595,51,330531,51,332,332,662,861,1,1000,827,332,332,332,331,331,26,1,51000,51,51,51,11,662,11,662,51000,51,51000,51,1110595,51,7447398,0
10400,330987,51000,51000,0,0,0,0,0,1110595,51,330936,51,333,333,663,1266,2,0,1071,333,333,333,331,331,4,1,51000,51,51,51,11,663,11,663,51000,51,51000,51,1110595,51,7456713,0
10410,331374,51000,51000,0,0,0,0,0,1110595,51,331323,51,333,333,663,1653,2,0,1071,333,333,333,331,331,14,1,51000,51,51,51,11,663,11,663,51000,51,51000,51,1110595,51,7465637,0
10420,331583,51000,51000,0,0,0,0,0,1110595,51,331532,51,333,333,664,863,1,1000,742,333,333,333,332,332,24,1,51000,51,51,51,11,664,11,664,51000,51,51000,51,1110595,51,7470444,0
10430,331943,51000,51000,0,0,0,0,0,1110595,51,331892,51,334,334,665,1223,2,0,1070,334,334,334,332,332,2,1,51000,51,51,51,11,665,11,665,51000,51,51000,51,1110595,51,7478724,0
10440,332332,51000,51000,0,0,0,0,0,1110595,51,332281,51,334,334,666,613,1,1000,613,334,334,334,333,333,13,1,51000,51,51,51,11,666,11,666,51000,51,51000,51,1110595,51,7487694,0
10450,332534,51000,51000,0,0,0,0,0,1110595,51,332483,51,334,334,666,815,1,1000,613,334,334,334,333,333,24,1,51000,51,51,51,11,666,11,666,51000,51,51000,51,1110595,51,7492386,0
10460,332927,51000,51000,0,0,0,0,0,1110595,51,332876,51,335,335,667,1208,2,0,1045,335,335,335,333,333,4,1,51000,51,51,51,11,667,11,667,51000,51,51000,51,1110595,51,7501379,0
10470,333318,51000,51000,0,0,0,0,0,1110595,51,333267,51,335,335,667,1599,2,0,1045,335,335,335,333,333,14,1,51000,51,51,51,11,667,11,667,51000,51,51000,51,1110595,51,7510372,0
10480,333673,51000,51000,0,0,0,0,0,1110595,51,333622,51,335,335,668,955,1,1000,951,335,335,335,334,334,24,1,51000,51,51,51,11,668,11,668,51000,51,51000,51,1110595,51,7518560,0
10491,333916,51000,51000,0,0,0,0,0,1110595,51,333865,51,336,336,669,1198,2,0,1015,336,336,336,334,334,4,1,51000,51,51,51,11,669,11,669,51000,51,51000,51,1110595,51,7524149,0
10500,334248,51000,51000,0,0,0,0,0,1110595,51,334197,51,336,336,670,531,1,1000,524,336,336,336,335,335,13,1,51000,51,51,51,11,670,11,670,51000,51,51000,51,1110595,51,7531808,0
10510,334479,51000,51000,0,0,0,0,0,1110595,51,334428,51,336,336,670,762,1,1000,524,336,336,336,335,335,24,1,51000,51,51,51,11,670,11,670,51000,51,51000,51,1110595,51,7537121,0
10520,334868,51000,51000,0,0,0,0,0,1110595,51,334817,51,337,337,671,1151,2,0,1068,337,337,337,335,335,2,1,51000,51,51,51,11,671,11,671,51000,51,51000,51,1110595,51,7546068,0
10530,335264,51000,51000,0,0,0,0,0,1110595,51,335213,51,337,337,671,1547,2,0,1068,337,337,337,335,335,12,1,51000,51,51,51,11,671,11,671,51000,51,51000,51,1110595,51,7555176,0
10540,335534,51000,51000,0,0,0,0,0,1110595,51,335483,51,337,337,672,818,1,1000,799,337,337,337,336,336,22,1,51000,51,51,51,11,672,11,672,51000,51,51000,51,1110595,51,7561409,0
10550,335880,51000,51000,0,0,0,0,0,1110595,51,335829,51,338,338,673,1164,2,0,1057,338,338,338,336,336,2,1,51000,51,51,51,11,673,11,673,51000,51,51000,51,1110595,51,7569367,0
10560,336239,51000,51000,0,0,0,0,0,1110595,51,336188,51,338,338,673,1523,2,0,1057,338,338,338,336,336,10,1,51000,51,51,51,11,673,11,673,51000,51,51000,51,1110595,51,7577624,0
10570,336455,51000,51000,0,0,0,0,0,1110595,51,336404,51,338,338,674,740,1,1000,703,338,338,338,337,337,20,1,51000,51,51,51,11,674,11,674,51000,51,51000,51,1110595,51,7582615,0
10580,336855,51000,51000,0,0,0,0,0,1110595,51,336804,51,339,339,675,1140,2,0,1071,339,339,339,337,337,0,1,51000,51,51,51,11,675,11,675,51000,51,51000,51,1110595,51,7591815,0
10590,337249,51000,51000,0,0,0,0,0,1110595,51,337198,51,339,339,675,1534,2,0,1071,339,339,339,337,337,10,1,51000,51,51,51,11,675,11,675,51000,51,51000,51,1110595,51,7600877,0
10600,337444,51000,51000,0,0,0,0,0,1110595,51,337393,51,339,339,676,730,1,1000,599,339,339,339,338,338,22,1,51000,51,51,51,11,676,11,676,51000,51,51000,51,1110595,51,7605385,0
10610,337835,51000,51000,0,0,0,0,0,1110595,51,337784,51,340,340,677,1121,2,0,1044,340,340,340,338,338,2,1,51000,51,51,51,11,677,11,677,51000,51,51000,51,1110595,51,7614401,0
10620,338194,51000,51000,0,0,0,0,0,1110595,51,338143,51,340,340,677,1480,2,0,1044,340,340,340,338,338,10,1,51000,51,51,51,11,677,11,677,51000,51,51000,51,1110595,51,7622635,0
10630,338417,51000,51000,0,0,0,0,0,1110595,51,338366,51,340,340,678,704,1,1000,610,340,340,340,339,339,20,1,51000,51,51,51,11,678,11,678,51000,51,51000,51,1110595,51,7627787,0
10640,338814,51000,51000,0,0,0,0,0,1110595,51,338763,51,341,341,679,1101,2,0,1059,341,341,341,339,339,0,1,51000,51,51,51,11,679,11,679,51000,51,51000,51,1110595,51,7636918,0
10650,339208,51000,51000,0,0,0,0,0,1110595,51,339157,51,341,341,679,1495,2,0,1059,341,341,341,339,339,10,1,51000,51,51,51,11,679,11,679,51000,51,51000,51,1110595,51,7645980,0
10660,339606,51000,51000,0,0,0,0,0,1110595,51,339555,51,341,341,679,1893,2,0,1059,341,341,341,339,339,20,1,51000,51,51,51,11,679,11,679,51000,51,51000,51,1110595,51,7655134,0
10670,339809,51000,51000,0,0,0,0,0,1110595,51,339758,51,342,342,681,1097,2,0,1038,342,342,342,340,340,0,1,51000,51,51,51,11,681,11,681,51000,51,51000,51,1110595,51,7659849,0
10680,340171,51000,51000,0,0,0,0,0,1110595,51,340120,51,342,342,681,1459,2,0,1038,342,342,342,340,340,10,1,51000,51,51,51,11,681,11,681,51000,51,51000,51,1110595,51,7668152,0
10690,340398,51000,51000,0,0,0,0,0,1110595,51,340347,51,342,342,682,687,1,1000,677,342,342,342,341,341,20,1,51000,51,51,51,11,682,11,682,51000,51,51000,51,1110595,51,7673396,0
10700,340773,51000,51000,0,0,0,0,0,1110595,51,340722,51,343,343,683,1062,2,0,1021,343,343,343,341,341,0,1,51000,51,51,51,11,683,11,683,51000,51,51000,51,1110595,51,7682021,0
10710,341173,51000,51000,0,0,0,0,0,1110595,51,341122,51,343,343,683,1462,2,0,1021,343,343,343,341,341,10,1,51000,51,51,51,11,683,11,683,51000,51,51000,51,1110595,51,7691221,0
10720,341374,51000,51000,0,0,0,0,0,1110595,51,341323,51,343,343,684,664,1,1000,642,343,343,343,342,342,20,1,51000,51,51,51,11,684,11,684,51000,51,51000,51,1110595,51,7695867,0
10730,341767,51000,51000,0,0,0,0,0,1110595,51,341716,51,344,344,685,1057,2,0,1016,344,344,344,342,342,0,1,51000,51,51,51,11,685,11,685,51000,51,51000,51,1110595,51,7704929,0
10740,342126,51000,51000,0,0,0,0,0,1110595,51,342075,51,344,344,685,1416,2,0,1016,344,344,344,342,342,10,1,51000,51,51,51,11,685,11,685,51000,51,51000,51,1110595,51,7713163,0
10750,342326,51000,51000,0,0,0,0,0,1110595,51,342275,51,344,344,686,617,1,1000,531,344,344,344,343,343,20,1,51000,51,51,51,11,686,11,686,51000,51,51000,51,1110595,51,7717786,0
10760,342721,51000,51000,0,0,0,0,0,1110595,51,342670,51,344,344,686,1012,2,1000,531,344,345,344,343,343,30,1,51000,51,51,51,11,686,11,686,51000,51,51000,51,1110595,51,7726871,0
10770,343123,51000,51000,0,0,0,0,0,1110595,51,343072,51,345,345,687,1414,2,0,1070,345,345,345,343,343,8,1,51000,51,51,51,11,687,11,687,51000,51,51000,51,1110595,51,7736117,0
10780,343514,51000,51000,0,0,0,0,0,1110595,51,343463,51,345,345,687,1805,2,0,1070,345,345,345,343,343,18,1,51000,51,51,51,11,687,11,687,51000,51,51000,51,1110595,51,7745110,0
10790,343715,51000,51000,0,0,0,0,0,1110595,51,343664,51,345,345,688,1007,2,1000,932,345,346,345,344,344,28,1,51000,51,51,51,11,688,11,688,51000,51,51000,51,1110595,51,7749756,0
10800,344075,51000,51000,0,0,0,0,0,1110595,51,344024,51,346,346,689,1367,2,0,1058,346,346,346,344,344,6,1,51000,51,51,51,11,689,11,689,51000,51,51000,51,1110595,51,7758036,0
10810,344156,51000,51000,0,0,0,0,0,1110595,51,344105,51,346,346,690,449,1,1000,407,346,346,346,345,345,17,1,51000,51,51,51,11,690,11,690,51000,51,51000,51,1110595,51,7759922,0
10820,344554,51000,51000,0,0,0,0,0,1110595,51,344503,51,346,346,690,847,1,1000,407,346,346,346,345,345,27,1,51000,51,51,51,11,690,11,690,51000,51,51000,51,1110595,51,7769076,0
10830,344948,51000,51000,0,0,0,0,0,1110595,51,344897,51,347,347,691,1241,2,0,1071,347,347,347,345,345,4,1,51000,51,51,51,11,691,11,691,51000,51,51000,51,1110595,51,7778138,0
10840,345340,51000,51000,0,0,0,0,0,1110595,51,345289,51,347,347,691,1633,2,0,1071,347,347,347,345,345,14,1,51000,51,51,51,11,691,11,691,51000,51,51000,51,1110595,51,7787154,0
10850,345591,51000,51000,0,0,0,0,0,1110595,51,345540,51,347,347,692,885,1,1000,883,347,347,347,346,346,22,1,51000,51,51,51,11,692,11,692,51000,51,51000,51,1110595,51,7792950,0
10860,345897,51000,51000,0,0,0,0,0,1110595,51,345846,51,348,348,693,1191,2,0,1059,348,348,348,346,346,2,1,51000,51,51,51,11,693,11,693,51000,51,51000,51,1110595,51,7799988,0
10870,346296,51000,51000,0,0,0,0,0,1110595,51,346245,51,348,348,693,1590,2,0,1059,348,348,348,346,346,12,1,51000,51,51,51,11,693,11,693,51000,51,51000,51,1110595,51,7809165,0
10880,346538,51000,51000,0,0,0,0,0,1110595,51,346487,51,348,348,694,833,1,1000,829,348,348,348,347,347,22,1,51000,51,51,51,11,694,11,694,51000,51,51000,51,1110595,51,7814754,0
10890,346891,51000,51000,0,0,0,0,0,1110595,51,346840,51,349,349,695,1186,2,0,1034,349,349,349,347,347,2,1,51000,51,51,51,11,695,11,695,51000,51,51000,51,1110595,51,7822896,0
10900,347237,51000,51000,0,0,0,0,0,1110595,51,347186,51,349,349,696,533,1,1000,524,349,349,349,348,348,14,1,51000,51,51,51,11,696,11,696,51000,51,51000,51,1110595,51,7830854,0
10910,347492,51000,51000,0,0,0,0,0,1110595,51,347441,51,349,349,696,788,1,1000,524,349,349,349,348,348,24,1,51000,51,51,51,11,696,11,696,51000,51,51000,51,1110595,51,7836719,0
10920,347860,51000,51000,0,0,0,0,0,1110595,51,347809,51,350,350,697,1156,2,0,1032,350,350,350,348,348,2,1,51000,51,51,51,11,697,11,697,51000,51,51000,51,1110595,51,7845183,0
10930,348242,51000,51000,0,0,0,0,0,1110595,51,348191,51,350,350,697,1538,2,0,1032,350,350,350,348,348,12,1,51000,51,51,51,11,697,11,697,51000,51,51000,51,1110595,51,7853969,0
10940,348452,51000,51000,0,0,0,0,0,1110595,51,348401,51,350,350,698,749,1,1000,599,350,350,350,349,349,22,1,51000,51,51,51,11,698,11,698,51000,51,51000,51,1110595,51,7858822,0
10950,348849,51000,51000,0,0,0,0,0,1110595,51,348798,51,351,351,699,1146,2,0,1014,351,351,351,349,349,2,1,51000,51,51,51,11,699,11,699,51000,51,51000,51,1110595,51,7867953,0
10960,349229,51000,51000,0,0,0,0,0,1110595,51,349178,51,351,351,699,1526,2,0,1014,351,351,351,349,349,12,1,51000,51,51,51,11,699,11,699,51000,51,51000,51,1110595,51,7876693,0
10970,349436,51000,51000,0,0,0,0,0,1110595,51,349385,51,351,351,700,736,1,1000,537,351,351,351,350,350,22,1,51000,51,51,51,11,700,11,700,51000,51,51000,51,1110595,51,7881523,0
10980,349829,51000,51000,0,0,0,0,0,1110595,51,349778,51,352,352,701,1127,2,0,1056,352,352,352,350,350,0,1,51000,51,51,51,11,701,11,701,51000,51,51000,51,1110595,51,7890539,0
10990,350177,51000,51000,0,0,0,0,0,1110595,51,350126,51,352,352,701,1475,2,0,1056,352,352,352,350,350,10,1,51000,51,51,51,11,701,11,701,51000,51,51000,51,1110595,51,7898520,0
11000,350568,51000,51000,0,0,0,0,0,1110595,51,350517,51,352,352,701,1866,2,0,1056,352,352,352,350,350,20,1,51000,51,51,51,11,701,11,701,51000,51,51000,51,1110595,51,7907536,0
11010,350775,51000,51000,0,0,0,0,0,1110595,51,350724,51,353,353,703,1074,2,0,1045,353,353,353,351,351,0,1,51000,51,51,51,11,703,11,703,51000,51,51000,51,1110595,51,7912297,0
11020,351171,51000,51000,0,0,0,0,0,1110595,51,351120,51,353,353,703,1470,2,0,1045,353,353,353,351,351,10,1,51000,51,51,51,11,703,11,703,51000,51,51000,51,1110595,51,7921405,0
11030,351533,51000,51000,0,0,0,0,0,1110595,51,351482,51,353,353,704,833,1,1000,829,353,353,353,352,352,20,1,51000,51,51,51,11,704,11,704,51000,51,51000,51,1110595,51,7929754,0
11040,351776,51000,51000,0,0,0,0,0,1110595,51,351725,51,354,354,705,1076,2,0,1029,354,354,354,352,352,0,1,51000,51,51,51,11,705,11,705,51000,51,51000,51,1110595,51,7935343,0
11050,352173,51000,51000,0,0,0,0,0,1110595,51,352122,51,354,354,705,1473,2,0,1029,354,354,354,352,352,10,1,51000,51,51,51,11,705,11,705,51000,51,51000,51,1110595,51,7944497,0
11060,352450,51000,51000,0,0,0,0,0,1110595,51,352399,51,354,354,706,751,1,1000,735,354,354,354,353,353,18,1,51000,51,51,51,11,706,11,706,51000,51,51000,51,1110595,51,7950868,0
11070,352740,51000,51000,0,0,0,0,0,1110595,51,352689,51,355,355,707,1041,2,0,1041,355,355,355,353,353,0,1,51000,51,51,51,11,707,11,707,51000,51,51000,51,1110595,51,7957538,0
11080,353138,51000,51000,0,0,0,0,0,1110595,51,353087,51,355,355,707,1439,2,0,1041,355,355,355,353,353,10,1,51000,51,51,51,11,707,11,707,51000,51,51000,51,1110595,51,7966715,0
11090,353373,51000,51000,0,0,0,0,0,1110595,51,353322,51,355,355,708,675,1,1000,663,355,355,355,354,354,20,1,51000,51,51,51,11,708,11,708,51000,51,51000,51,1110595,51,7972120,0
11100,353745,51000,51000,0,0,0,0,0,1110595,51,353694,51,356,356,709,1047,2,0,1033,356,356,356,354,354,0,1,51000,51,51,51,11,709,11,709,51000,51,51000,51,1110595,51,7980676,0
11110,354028,51000,51000,0,0,0,0,0,1110595,51,353977,51,356,356,709,1330,2,0,1033,356,356,356,354,354,10,1,51000,51,51,51,11,709,11,709,51000,51,51000,51,1110595,51,7987185,0
11120,354232,51000,51000,0,0,0,0,0,1110595,51,354181,51,356,356,710,535,1,1000,356,356,356,356,355,355,20,1,51000,51,51,51,11,710,11,710,51000,51,51000,51,1110595,51,7991900,0
11130,354584,51000,51000,0,0,0,0,0,1110595,51,354533,51,356,356,710,887,1,1000,356,356,356,356,355,355,28,1,51000,51,51,51,11,710,11,710,51000,51,51000,51,1110595,51,7999996,0
11140,354982,51000,51000,0,0,0,0,0,1110595,51,354931,51,357,357,711,1285,2,0,1072,357,357,357,355,355,4,1,51000,51,51,51,11,711,11,711,51000,51,51000,51,1110595,51,8009150,0
11150,355378,51000,51000,0,0,0,0,0,1110595,51,355327,51,357,357,711,1681,2,0,1072,357,357,357,355,355,14,1,51000,51,51,51,11,711,11,711,51000,51,51000,51,1110595,51,8018258,0
11160,355587,51000,51000,0,0,0,0,0,1110595,51,355536,51,357,357,712,891,1,1000,772,357,357,357,356,356,24,1,51000,51,51,51,11,712,11,712,51000,51,51000,51,1110595,51,8023111,0
11170,355982,51000,51000,0,0,0,0,0,1110595,51,355931,51,358,358,713,1286,2,0,1057,358,358,358,356,356,4,1,51000,51,51,51,11,713,11,713,51000,51,51000,51,1110595,51,8032173,0
11180,356365,51000,51000,0,0,0,0,0,1110595,51,356314,51,358,358,714,670,1,1000,664,358,358,358,357,357,15,1,51000,51,51,51,11,714,11,714,51000,51,51000,51,1110595,51,8041005,0
11190,356587,51000,51000,0,0,0,0,0,1110595,51,356536,51,358,358,714,892,1,1000,664,358,358,358,357,357,26,1,51000,51,51,51,11,714,11,714,51000,51,51000,51,1110595,51,8046111,0
11200,356983,51000,51000,0,0,0,0,0,1110595,51,356932,51,359,359,715,1288,2,0,1066,359,359,359,357,357,4,1,51000,51,51,51,11,715,11,715,51000,51,51000,51,1110595,51,8055219,0
11210,357265,51000,51000,0,0,0,0,0,1110595,51,357214,51,359,359,716,571,1,1000,568,359,359,359,358,358,14,1,51000,51,51,51,11,716,11,716,51000,51,51000,51,1110595,51,8061728,0
11220,357534,51000,51000,0,0,0,0,0,1110595,51,357483,51,359,359,716,840,1,1000,568,359,359,359,358,358,24,1,51000,51,51,51,11,716,11,716,51000,51,51000,51,1110595,51,8067938,0
11230,357929,51000,51000,0,0,0,0,0,1110595,51,357878,51,360,360,717,1235,2,0,1039,360,360,360,358,358,4,1,51000,51,51,51,11,717,11,717,51000,51,51000,51,1110595,51,8077000,0
11240,358328,51000,51000,0,0,0,0,0,1110595,51,358277,51,360,360,717,1634,2,0,1039,360,360,360,358,358,14,1,51000,51,51,51,11,717,11,717,51000,51,51000,51,1110595,51,8086177,0
11250,358643,51000,51000,0,0,0,0,0,1110595,51,358592,51,360,360,718,950,1,1000,947,360,360,360,359,359,24,1,51000,51,51,51,11,718,11,718,51000,51,51000,51,1110595,51,8093445,0
11260,358919,51000,51000,0,0,0,0,0,1110595,51,358868,51,361,361,719,1226,2,0,1012,361,361,361,359,359,4,1,51000,51,51,51,11,719,11,719,51000,51,51000,51,1110595,51,8099793,0
11270,359162,51000,51000,0,0,0,0,0,1110595,51,359111,51,361,361,720,470,1,1000,463,361,361,361,360,360,14,1,51000,51,51,51,11,720,11,720,51000,51,51000,51,1110595,51,8105405,0
11280,359474,51000,51000,0,0,0,0,0,1110595,51,359423,51,361,361,720,782,1,1000,463,361,361,361,360,360,24,1,51000,51,51,51,11,720,11,720,51000,51,51000,51,1110595,51,8112581,0
11290,359867,51000,51000,0,0,0,0,0,1110595,51,359816,51,362,362,721,1175,2,0,1080,362,362,362,360,360,2,1,51000,51,51,51,11,721,11,721,51000,51,51000,51,1110595,51,8121620,0
11300,360262,51000,51000,0,0,0,0,0,1110595,51,360211,51,362,362,721,1570,2,0,1080,362,362,362,360,360,12,1,51000,51,51,51,11,721,11,721,51000,51,51000,51,1110595,51,8130705,0
11310,360467,51000,51000,0,0,0,0,0,1110595,51,360416,51,362,362,722,776,1,1000,739,362,362,362,361,361,22,1,51000,51,51,51,11,722,11,722,51000,51,51000,51,1110595,51,8135443,0
11320,360861,51000,51000,0,0,0,0,0,1110595,51,360810,51,363,363,723,1170,2,0,1051,363,363,363,361,361,2,1,51000,51,51,51,11,723,11,723,51000,51,51000,51,1110595,51,8144505,0
11330,361213,51000,51000,0,0,0,0,0,1110595,51,361162,51,363,363,723,1522,2,0,1051,363,363,363,361,361,12,1,51000,51,51,51,11,723,11,723,51000,51,51000,51,1110595,51,8152601,0
11340,361415,51000,51000,0,0,0,0,0,1110595,51,361364,51,363,363,724,725,1,1000,620,363,363,363,362,362,20,1,51000,51,51,51,11,724,11,724,51000,51,51000,51,1110595,51,8157270,0
11350,361815,51000,51000,0,0,0,0,0,1110595,51,361764,51,364,364,725,1125,2,0,1046,364,364,364,362,362,2,1,51000,51,51,51,11,725,11,725,51000,51,51000,51,1110595,51,8166470,0
11360,362215,51000,51000,0,0,0,0,0,1110595,51,362164,51,364,364,725,1525,2,0,1046,364,364,364,362,362,12,1,51000,51,51,51,11,725,11,725,51000,51,51000,51,1110595,51,8175670,0
11370,362417,51000,51000,0,0,0,0,0,1110595,51,362366,51,364,364,726,728,1,1000,596,364,364,364,363,363,22,1,51000,51,51,51,11,726,11,726,51000,51,51000,51,1110595,51,8180362,0
11380,362805,51000,51000,0,0,0,0,0,1110595,51,362754,51,365,365,727,1116,2,0,1020,365,365,365,363,363,2,1,51000,51,51,51,11,727,11,727,51000,51,51000,51,1110595,51,8189263,0
11390,363159,51000,51000,0,0,0,0,0,1110595,51,363108,51,365,365,727,1470,2,0,1020,365,365,365,363,363,10,1,51000,51,51,51,11,727,11,727,51000,51,51000,51,1110595,51,8197405,0
11400,363551,51000,51000,0,0,0,0,0,1110595,51,363500,51,365,365,727,1862,2,0,1020,365,365,365,363,363,20,1,51000,51,51,51,11,727,11,727,51000,51,51000,51,1110595,51,8206421,0
11410,363641,51000,51000,0,0,0,0,0,1110595,51,363590,51,365,365,728,953,1,1000,903,365,365,365,364,364,30,1,51000,51,51,51,11,728,11,728,51000,51,51000,51,1110595,51,8208514,0
11420,364028,51000,51000,0,0,0,0,0,1110595,51,363977,51,366,366,729,1340,2,0,1039,366,366,366,364,364,6,1,51000,51,51,51,11,729,11,729,51000,51,51000,51,1110595,51,8217415,0
11430,364277,51000,51000,0,0,0,0,0,1110595,51,364226,51,366,366,730,590,1,1000,581,366,366,366,365,365,18,1,51000,51,51,51,11,730,11,730,51000,51,51000,51,1110595,51,8223165,0
11440,364620,51000,51000,0,0,0,0,0,1110595,51,364569,51,366,366,730,933,1,1000,581,366,366,366,365,365,28,1,51000,51,51,51,11,730,11,730,51000,51,51000,51,1110595,51,8231077,0
11450,364977,51000,51000,0,0,0,0,0,1110595,51,364926,51,367,367,731,1290,2,0,1002,367,367,367,365,365,6,1,51000,51,51,51,11,731,11,731,51000,51,51000,51,1110595,51,8239265,0
11460,365188,51000,51000,0,0,0,0,0,1110595,51,365137,51,367,367,732,502,1,1000,497,367,367,367,366,366,16,1,51000,51,51,51,11,732,11,732,51000,51,51000,51,1110595,51,8244141,0
11470,365577,51000,51000,0,0,0,0,0,1110595,51,365526,51,367,367,732,891,1,1000,497,367,367,367,366,366,26,1,51000,51,51,51,11,732,11,732,51000,51,51000,51,1110595,51,8253088,0
11480,365970,51000,51000,0,0,0,0,0,1110595,51,365919,51,368,368,733,1285,2,0,1069,368,368,368,366,366,4,1,51000,51,51,51,11,733,11,733,51000,51,51000,51,1110595,51,8262150,0
11490,366371,51000,51000,0,0,0,0,0,1110595,51,366320,51,368,368,733,1685,2,0,1069,368,368,368,366,366,14,1,51000,51,51,51,11,733,11,733,51000,51,51000,51,1110595,51,8271350,0
11501,366591,51000,51000,0,0,0,0,0,1110595,51,366540,51,368,368,734,906,1,1000,901,368,368,368,367,367,24,1,51000,51,51,51,11,734,11,734,51000,51,51000,51,1110595,51,8276433,0
11510,366929,51000,51000,0,0,0,0,0,1110595,51,366878,51,369,369,735,1244,2,0,1050,369,369,369,367,367,4,1,51000,51,51,51,11,735,11,735,51000,51,51000,51,1110595,51,8284207,0
11520,367329,51000,51000,0,0,0,0,0,1110595,51,367278,51,369,369,735,1644,2,0,1050,369,369,369,367,367,14,1,51000,51,51,51,11,735,11,735,51000,51,51000,51,1110595,51,8293407,0
11530,367536,51000,51000,0,0,0,0,0,1110595,51,367485,51,369,369,736,852,1,1000,764,369,369,369,368,368,24,1,51000,51,51,51,11,736,11,736,51000,51,51000,51,1110595,51,8298214,0
11540,367933,51000,51000,0,0,0,0,0,1110595,51,367882,51,370,370,737,1249,2,0,1033,370,370,370,368,368,4,1,51000,51,51,51,11,737,11,737,51000,51,51000,51,1110595,51,8307322,0
11550,368329,51000,51000,0,0,0,0,0,1110595,51,368278,51,370,370,737,1645,2,0,1033,370,370,370,368,368,14,1,51000,51,51,51,11,737,11,737,51000,51,51000,51,1110595,51,8316430,0
11560,368495,51000,51000,0,0,0,0,0,1110595,51,368444,51,370,370,738,812,1,1000,665,370,370,370,369,369,24,1,51000,51,51,51,11,738,11,738,51000,51,51000,51,1110595,51,8320271,0
11570,368885,51000,51000,0,0,0,0,0,1110595,51,368834,51,371,371,739,1202,2,0,1034,371,371,371,369,369,4,1,51000,51,51,51,11,739,11,739,51000,51,51000,51,1110595,51,8329241,0
11580,369241,51000,51000,0,0,0,0,0,1110595,51,369190,51,371,371,740,559,1,1000,549,371,371,371,370,370,14,1,51000,51,51,51,11,740,11,740,51000,51,51000,51,1110595,51,8337452,0
11590,369494,51000,51000,0,0,0,0,0,1110595,51,369443,51,371,371,740,812,1,1000,549,371,371,371,370,370,24,1,51000,51,51,51,11,740,11,740,51000,51,51000,51,1110595,51,8343271,0
11600,369891,51000,51000,0,0,0,0,0,1110595,51,369840,51,372,372,741,1209,2,0,1021,372,372,372,370,370,4,1,51000,51,51,51,11,741,11,741,51000,51,51000,51,1110595,51,8352448,0
11610,370113,51000,51000,0,0,0,0,0,1110595,51,370062,51,372,372,742,432,1,1000,427,372,372,372,371,371,14,1,51000,51,51,51,11,742,11,742,51000,51,51000,51,1110595,51,8357531,0
11620,370449,51000,51000,0,0,0,0,0,1110595,51,370398,51,372,372,742,768,1,1000,427,372,372,372,371,371,22,1,51000,51,51,51,11,742,11,742,51000,51,51000,51,1110595,51,8365282,0
11630,370843,51000,51000,0,0,0,0,0,1110595,51,370792,51,373,373,743,1162,2,0,1008,373,373,373,371,371,2,1,51000,51,51,51,11,743,11,743,51000,51,51000,51,1110595,51,8374321,0
11640,371234,51000,51000,0,0,0,0,0,1110595,51,371183,51,373,373,743,1553,2,0,1008,373,373,373,371,371,14,1,51000,51,51,51,11,743,11,743,51000,51,51000,51,1110595,51,8383314,0
11650,371520,51000,51000,0,0,0,0,0,1110595,51,371469,51,373,373,744,840,1,1000,838,373,373,373,372,372,24,1,51000,51,51,51,11,744,11,744,51000,51,51000,51,1110595,51,8389915,0
11660,371828,51000,51000,0,0,0,0,0,1110595,51,371777,51,374,374,745,1148,2,0,1056,374,374,374,372,372,2,1,51000,51,51,51,11,745,11,745,51000,51,51000,51,1110595,51,8396999,0
11670,372221,51000,51000,0,0,0,0,0,1110595,51,372170,51,374,374,745,1541,2,0,1056,374,374,374,372,372,12,1,51000,51,51,51,11,745,11,745,51000,51,51000,51,1110595,51,8406038,0
11680,372421,51000,51000,0,0,0,0,0,1110595,51,372370,51,374,374,746,742,1,1000,722,374,374,374,373,373,22,1,51000,51,51,51,11,746,11,746,51000,51,51000,51,1110595,51,8410661,0
11690,372776,51000,51000,0,0,0,0,0,1110595,51,372725,51,375,375,747,1097,2,0,1042,375,375,375,373,373,0,1,51000,51,51,51,11,747,11,747,51000,51,51000,51,1110595,51,8418826,0
11700,373175,51000,51000,0,0,0,0,0,1110595,51,373124,51,375,375,747,1496,2,0,1042,375,375,375,373,373,10,1,51000,51,51,51,11,747,11,747,51000,51,51000,51,1110595,51,8428003,0
11710,373263,51000,51000,0,0,0,0,0,1110595,51,373212,51,375,375,748,585,1,1000,533,375,375,375,374,374,21,1,51000,51,51,51,11,748,11,748,51000,51,51000,51,1110595,51,8430050,0
11720,373654,51000,51000,0,0,0,0,0,1110595,51,373603,51,375,375,748,976,1,1000,533,375,375,375,374,374,31,1,51000,51,51,51,11,748,11,748,51000,51,51000,51,1110595,51,8439043,0
11730,374046,51000,51000,0,0,0,0,0,1110595,51,373995,51,376,376,749,1368,2,0,1032,376,376,376,374,374,8,1,51000,51,51,51,11,749,11,749,51000,51,51000,51,1110595,51,8448059,0
11740,374439,51000,51000,0,0,0,0,0,1110595,51,374388,51,376,376,749,1761,2,0,1032,376,376,376,374,374,18,1,51000,51,51,51,11,749,11,749,51000,51,51000,51,1110595,51,8457121,0
11750,374608,51000,51000,0,0,0,0,0,1110595,51,374557,51,376,376,750,931,1,1000,820,376,376,376,375,375,26,1,51000,51,51,51,11,750,11,750,51000,51,51000,51,1110595,51,8461008,0
11760,375004,51000,51000,0,0,0,0,0,1110595,51,374953,51,377,377,751,1327,2,0,1110,377,377,377,375,375,4,1,51000,51,51,51,11,751,11,751,51000,51,51000,51,1110595,51,8470116,0
11770,375376,51000,51000,0,0,0,0,0,1110595,51,375325,51,377,377,752,700,1,1000,697,377,377,377,376,376,15,1,51000,51,51,51,11,752,11,752,51000,51,51000,51,1110595,51,8478695,0
11780,375604,51000,51000,0,0,0,0,0,1110595,51,375553,51,377,377,752,928,1,1000,697,377,377,377,376,376,24,1,51000,51,51,51,11,752,11,752,51000,51,51000,51,1110595,51,8483939,0
11790,376001,51000,51000,0,0,0,0,0,1110595,51,375950,51,378,378,753,1325,2,0,1012,378,378,378,376,376,8,1,51000,51,51,51,11,753,11,753,51000,51,51000,51,1110595,51,8493070,0
11800,376282,51000,51000,0,0,0,0,0,1110595,51,376231,51,378,378,754,607,1,1000,599,378,378,378,377,377,18,1,51000,51,51,51,11,754,11,754,51000,51,51000,51,1110595,51,8499556,0
11810,376552,51000,51000,0,0,0,0,0,1110595,51,376501,51,378,378,754,877,1,1000,599,378,378,378,377,377,26,1,51000,51,51,51,11,754,11,754,51000,51,51000,51,1110595,51,8505789,0
11820,376957,51000,51000,0,0,0,0,0,1110595,51,376906,51,379,379,755,1282,2,0,1064,379,379,379,377,377,4,1,51000,51,51,51,11,755,11,755,51000,51,51000,51,1110595,51,8515081,0
11830,377175,51000,51000,0,0,0,0,0,1110595,51,377124,51,379,379,756,501,1,1000,495,379,379,379,378,378,14,1,51000,51,51,51,11,756,11,756,51000,51,51000,51,1110595,51,8520118,0
11840,377554,51000,51000,0,0,0,0,0,1110595,51,377503,51,379,379,756,880,1,1000,495,379,379,379,378,378,24,1,51000,51,51,51,11,756,11,756,51000,51,51000,51,1110595,51,8528835,0
11850,377948,51000,51000,0,0,0,0,0,1110595,51,377897,51,380,380,757,1274,2,0,1061,380,380,380,378,378,4,1,51000,51,51,51,11,757,11,757,51000,51,51000,51,1110595,51,8537897,0
11860,378346,51000,51000,0,0,0,0,0,1110595,51,378295,51,380,380,757,1672,2,0,1061,380,380,380,378,378,14,1,51000,51,51,51,11,757,11,757,51000,51,51000,51,1110595,51,8547051,0
11870,378566,51000,51000,0,0,0,0,0,1110595,51,378515,51,380,380,758,893,1,1000,887,380,380,380,379,379,24,1,51000,51,51,51,11,758,11,758,51000,51,51000,51,1110595,51,8552134,0
11880,378910,51000,51000,0,0,0,0,0,1110595,51,378859,51,381,381,759,1237,2,0,1045,381,381,381,379,379,4,1,51000,51,51,51,11,759,11,759,51000,51,51000,51,1110595,51,8560046,0
11890,379302,51000,51000,0,0,0,0,0,1110595,51,379251,51,381,381,759,1629,2,0,1045,381,381,381,379,379,14,1,51000,51,51,51,11,759,11,759,51000,51,51000,51,1110595,51,8569062,0
11900,379503,51000,51000,0,0,0,0,0,1110595,51,379452,51,381,381,760,831,1,1000,767,381,381,381,380,380,24,1,51000,51,51,51,11,760,11,760,51000,51,51000,51,1110595,51,8573731,0
11910,379902,51000,51000,0,0,0,0,0,1110595,51,379851,51,382,382,761,1230,2,0,1037,382,382,382,380,380,4,1,51000,51,51,51,11,761,11,761,51000,51,51000,51,1110595,51,8582885,0
11920,380291,51000,51000,0,0,0,0,0,1110595,51,380240,51,382,382,761,1619,2,0,1037,382,382,382,380,380,14,1,51000,51,51,51,11,761,11,761,51000,51,51000,51,1110595,51,8591832,0
11930,380504,51000,51000,0,0,0,0,0,1110595,51,380453,51,382,382,762,833,1,1000,635,382,382,382,381,381,24,1,51000,51,51,51,11,762,11,762,51000,51,51000,51,1110595,51,8596754,0
11940,380858,51000,51000,0,0,0,0,0,1110595,51,380807,51,383,383,763,1187,2,0,1026,383,383,383,381,381,4,1,51000,51,51,51,11,763,11,763,51000,51,51000,51,1110595,51,8604896,0
11950,381189,51000,51000,0,0,0,0,0,1110595,51,381138,51,383,383,764,519,1,1000,518,383,383,383,382,382,14,1,51000,51,51,51,11,764,11,764,51000,51,51000,51,1110595,51,8612532,0
11960,381460,51000,51000,0,0,0,0,0,1110595,51,381409,51,383,383,764,790,1,1000,518,383,383,383,382,382,24,1,51000,51,51,51,11,764,11,764,51000,51,51000,51,1110595,51,8618765,0
11970,381852,51000,51000,0,0,0,0,0,1110595,51,381801,51,384,384,765,1182,2,0,1016,384,384,384,382,382,4,1,51000,51,51,51,11,765,11,765,51000,51,51000,51,1110595,51,8627781,0
11980,382248,51000,51000,0,0,0,0,0,1110595,51,382197,51,384,384,765,1578,2,0,1016,384,384,384,382,382,14,1,51000,51,51,51,11,765,11,765,51000,51,51000,51,1110595,51,8636912,0
11990,382556,51000,51000,0,0,0,0,0,1110595,51,382505,51,384,384,766,887,1,1000,866,384,384,384,383,383,24,1,51000,51,51,51,11,766,11,766,51000,51,51000,51,1110595,51,8643996,0
12000,382819,51000,51000,0,0,0,0,0,1110595,51,382768,51,385,385,767,1150,2,0,1009,385,385,385,383,383,2,1,51000,51,51,51,11,767,11,767,51000,51,51000,51,1110595,51,8650045,0
12010,383092,51000,51000,0,0,0,0,0,1110595,51,383041,51,385,385,767,1423,2,0,1009,385,385,385,383,383,12,1,51000,51,51,51,11,767,11,767,51000,51,51000,51,1110595,51,8656324,0
12020,383309,51000,51000,0,0,0,0,0,1110595,51,383258,51,385,385,768,641,1,1000,595,385,385,385,384,384,22,1,51000,51,51,51,11,768,11,768,51000,51,51000,51,1110595,51,8661338,0
12030,383704,51000,51000,0,0,0,0,0,1110595,51,383653,51,386,386,769,1036,2,0,1031,386,386,386,384,384,0,1,51000,51,51,51,11,769,11,769,51000,51,51000,51,1110595,51,8670423,0
12040,384087,51000,51000,0,0,0,0,0,1110595,51,384036,51,386,386,769,1419,2,0,1031,386,386,386,384,384,8,1,51000,51,51,51,11,769,11,769,51000,51,51000,51,1110595,51,8679232,0
12050,384290,51000,51000,0,0,0,0,0,1110595,51,384239,51,386,386,770,623,1,1000,490,386,386,386,385,385,18,1,51000,51,51,51,11,770,11,770,51000,51,51000,51,1110595,51,8683924,0
12060,384693,51000,51000,0,0,0,0,0,1110595,51,384642,51,387,387,771,1026,2,0,1022,387,387,387,385,385,0,1,51000,51,51,51,11,771,11,771,51000,51,51000,51,1110595,51,8693193,0
12070,385052,51000,51000,0,0,0,0,0,1110595,51,385001,51,387,387,771,1385,2,0,1022,387,387,387,385,385,8,1,51000,51,51,51,11,771,11,771,51000,51,51000,51,1110595,51,8701450,0
12080,385453,51000,51000,0,0,0,0,0,1110595,51,385402,51,387,387,771,1786,2,0,1022,387,387,387,385,385,18,1,51000,51,51,51,11,771,11,771,51000,51,51000,51,1110595,51,8710673,0
12090,385650,51000,51000,0,0,0,0,0,1110595,51,385599,51,387,387,772,984,1,1000,883,387,387,387,386,386,28,1,51000,51,51,51,11,772,11,772,51000,51,51000,51,1110595,51,8715250,0
12100,386047,51000,51000,0,0,0,0,0,1110595,51,385996,51,388,388,773,1381,2,0,1002,388,388,388,386,386,8,1,51000,51,51,51,11,773,11,773,51000,51,51000,51,1110595,51,8724358,0
12110,386427,51000,51000,0,0,0,0,0,1110595,51,386376,51,388,388,774,762,1,1000,755,388,388,388,387,387,19,1,51000,51,51,51,11,774,11,774,51000,51,51000,51,1110595,51,8733121,0
12120,386649,52000,52000,0,0,0,0,0,1133595,52,386597,52,388,388,774,983,1,1000,755,388,388,388,387,387,28,1,52000,52,52,52,11,774,11,774,52000,52,52000,52,1133595,52,8738204,999.9447405703887
12130,387002,52000,52000,0,0,0,0,0,1133595,52,386950,52,389,389,775,1336,2,0,1002,389,389,389,387,387,8,1,52000,52,52,52,11,775,11,775,52000,52,52000,52,1133595,52,8746346,999.9447405703887
12140,387300,52000,52000,0,0,0,0,0,1133595,52,387248,52,389,389,776,635,1,1000,625,389,389,389,388,388,18,1,52000,52,52,52,11,776,11,776,52000,52,52000,52,1133595,52,8753200,999.9447405703887
12150,387612,52000,52000,0,0,0,0,0,1133595,52,387560,52,389,389,776,947,1,1000,625,389,389,389,388,388,28,1,52000,52,52,52,11,776,11,776,52000,52,52000,52,1133595,52,8760376,999.9447405703887
12160,388016,52000,52000,0,0,0,0,0,1133595,52,387964,52,390,390,777,1351,2,0,1068,390,390,390,388,388,6,1,52000,52,52,52,11,777,11,777,52000,52,52000,52,1133595,52,8769668,999.9447405703887
12170,388219,52000,52000,0,0,0,0,0,1133595,52,388167,52,390,390,778,555,1,1000,512,390,390,390,389,389,16,1,52000,52,52,52,11,778,11,778,52000,52,52000,52,1133595,52,8774360,999.9447405703887
12180,388615,52000,52000,0,0,0,0,0,1133595,52,388563,52,390,390,778,951,1,1000,512,390,390,390,389,389,26,1,52000,52,52,52,11,778,11,778,52000,52,52000,52,1133595,52,8783468,0
12191,389014,52000,52000,0,0,0,0,0,1133595,52,388962,52,391,391,779,1350,2,0,1070,391,391,391,389,389,6,1,52000,52,52,52,11,779,11,779,52000,52,52000,52,1133595,52,8792645,0
12200,389374,52000,52000,0,0,0,0,0,1133595,52,389322,52,391,391,779,1710,2,0,1070,391,391,391,389,389,16,1,52000,52,52,52,11,779,11,779,52000,52,52000,52,1133595,52,8800925,0
12210,389576,52000,52000,0,0,0,0,0,1133595,52,389524,52,391,391,780,913,1,1000,890,391,391,391,390,390,26,1,52000,52,52,52,11,780,11,780,52000,52,52000,52,1133595,52,8805594,0
12220,389972,52000,52000,0,0,0,0,0,1133595,52,389920,52,392,392,781,1309,2,0,1057,392,392,392,390,390,6,1,52000,52,52,52,11,781,11,781,52000,52,52000,52,1133595,52,8814702,0
12230,390366,52000,52000,0,0,0,0,0,1133595,52,390314,52,392,392,781,1703,2,0,1057,392,392,392,390,390,16,1,52000,52,52,52,11,781,11,781,52000,52,52000,52,1133595,52,8823764,0
12240,390570,52000,52000,0,0,0,0,0,1133595,52,390518,52,392,392,782,908,1,1000,752,392,392,392,391,391,26,1,52000,52,52,52,11,782,11,782,52000,52,52000,52,1133595,52,8828479,0
12250,390966,52000,52000,0,0,0,0,0,1133595,52,390914,52,393,393,783,1304,2,0,1047,393,393,393,391,391,6,1,52000,52,52,52,11,783,11,783,52000,52,52000,52,1133595,52,8837587,0
12260,391289,52000,52000,0,0,0,0,0,1133595,52,391237,52,393,393,784,628,1,1000,619,393,393,393,392,392,14,1,52000,52,52,52,11,784,11,784,52000,52,52000,52,1133595,52,8845039,0
12270,391528,52000,52000,0,0,0,0,0,1133595,52,391476,52,393,393,784,867,1,1000,619,393,393,393,392,392,24,1,52000,52,52,52,11,784,11,784,52000,52,52000,52,1133595,52,8850536,0
12280,391925,52000,52000,0,0,0,0,0,1133595,52,391873,52,394,394,785,1264,2,0,1032,394,394,394,392,392,4,1,52000,52,52,52,11,785,11,785,52000,52,52000,52,1133595,52,8859667,0
12290,392237,52000,52000,0,0,0,0,0,1133595,52,392185,52,394,394,786,577,1,1000,568,394,394,394,393,393,16,1,52000,52,52,52,11,786,11,786,52000,52,52000,52,1133595,52,8866866,0
12300,392522,52000,52000,0,0,0,0,0,1133595,52,392470,52,394,394,786,862,1,1000,568,394,394,394,393,393,26,1,52000,52,52,52,11,786,11,786,52000,52,52000,52,1133595,52,8873421,0
12310,392797,52000,52000,0,0,0,0,0,1133595,52,392745,52,395,395,787,1137,2,0,1036,395,395,395,393,393,2,1,52000,52,52,52,11,787,11,787,52000,52,52000,52,1133595,52,8879746,0
12320,393150,52000,52000,0,0,0,0,0,1133595,52,393098,52,395,395,787,1490,2,0,1036,395,395,395,393,393,10,1,52000,52,52,52,11,787,11,787,52000,52,52000,52,1133595,52,8887865,0
12330,393355,52000,52000,0,0,0,0,0,1133595,52,393303,52,395,395,788,696,1,1000,672,395,395,395,394,394,20,1,52000,52,52,52,11,788,11,788,52000,52,52000,52,1133595,52,8892603,0
12340,393749,52000,52000,0,0,0,0,0,1133595,52,393697,52,396,396,789,1090,2,0,1023,396,396,396,394,394,0,1,52000,52,52,52,11,789,11,789,52000,52,52000,52,1133595,52,8901665,0
12350,394144,52000,52000,0,0,0,0,0,1133595,52,394092,52,396,396,789,1485,2,0,1023,396,396,396,394,394,10,1,52000,52,52,52,11,789,11,789,52000,52,52000,52,1133595,52,8910750,0
12360,394353,52000,52000,0,0,0,0,0,1133595,52,394301,52,396,396,790,695,1,1000,555,396,396,396,395,395,20,1,52000,52,52,52,11,790,11,790,52000,52,52000,52,1133595,52,8915580,0
12370,394751,52000,52000,0,0,0,0,0,1133595,52,394699,52,397,397,791,1093,2,0,1011,397,397,397,395,395,2,1,52000,52,52,52,11,791,11,791,52000,52,52000,52,1133595,52,8924734,0
12381,395145,52000,52000,0,0,0,0,0,1133595,52,395093,52,397,397,791,1487,2,0,1011,397,397,397,395,395,12,1,52000,52,52,52,11,791,11,791,52000,52,52000,52,1133595,52,8933796,0
12390,395499,52000,52000,0,0,0,0,0,1133595,52,395447,52,397,397,791,1841,2,0,1011,397,397,397,395,395,20,1,52000,52,52,52,11,791,11,791,52000,52,52000,52,1133595,52,8941938,0
12400,395703,52000,52000,0,0,0,0,0,1133595,52,395651,52,398,398,793,1046,2,0,1001,398,398,398,396,396,0,1,52000,52,52,52,11,793,11,793,52000,52,52000,52,1133595,52,8946676,0
12410,396089,52000,52000,0,0,0,0,0,1133595,52,396037,52,398,398,793,1432,2,0,1001,398,398,398,396,396,10,1,52000,52,52,52,11,793,11,793,52000,52,52000,52,1133595,52,8955531,0
12420,396296,52000,52000,0,0,0,0,0,1133595,52,396244,52,398,398,794,640,1,1000,449,398,398,398,397,397,20,1,52000,52,52,52,11,794,11,794,52000,52,52000,52,1133595,52,8960315,0
12430,396691,52000,52000,0,0,0,0,0,1133595,52,396639,52,398,398,794,1035,2,1000,449,398,399,398,397,397,30,1,52000,52,52,52,11,794,11,794,52000,52,52000,52,1133595,52,8969446,0
12440,397084,52000,52000,0,0,0,0,0,1133595,52,397032,52,399,399,795,1428,2,0,1056,399,399,399,397,397,8,1,52000,52,52,52,11,795,11,795,52000,52,52000,52,1133595,52,8978439,0
12450,397360,52000,52000,0,0,0,0,0,1133595,52,397308,52,399,399,796,705,1,1000,694,399,399,399,398,398,18,1,52000,52,52,52,11,796,11,796,52000,52,52000,52,1133595,52,8984810,0
12460,397650,52000,52000,0,0,0,0,0,1133595,52,397598,52,399,399,796,995,1,1000,694,399,399,399,398,398,28,1,52000,52,52,52,11,796,11,796,52000,52,52000,52,1133595,52,8991503,0
12470,398041,52000,52000,0,0,0,0,0,1133595,52,397989,52,400,400,797,1386,2,0,1054,400,400,400,398,398,8,1,52000,52,52,52,11,797,11,797,52000,52,52000,52,1133595,52,9000496,0
12480,398253,52000,52000,0,0,0,0,0,1133595,52,398201,52,400,400,798,599,1,1000,589,400,400,400,399,399,18,1,52000,52,52,52,11,798,11,798,52000,52,52000,52,1133595,52,9005372,0
12490,398648,52000,52000,0,0,0,0,0,1133595,52,398596,52,400,400,798,994,1,1000,589,400,400,400,399,399,28,1,52000,52,52,52,11,798,11,798,52000,52,52000,52,1133595,52,9014457,0
12500,399039,52000,52000,0,0,0,0,0,1133595,52,398987,52,401,401,799,1385,2,0,1038,401,401,401,399,399,8,1,52000,52,52,52,11,799,11,799,52000,52,52000,52,1133595,52,9023450,0
12510,399395,52000,52000,0,0,0,0,0,1133595,52,399343,52,401,401,799,1741,2,0,1038,401,401,401,399,399,18,1,52000,52,52,52,11,799,11,799,52000,52,52000,52,1133595,52,9031638,0
12520,399616,52000,52000,0,0,0,0,0,1133595,52,399564,52,401,401,800,963,1,1000,952,401,401,401,400,400,28,1,52000,52,52,52,11,800,11,800,52000,52,52000,52,1133595,52,9036744,0
12530,399990,52000,52000,0,0,0,0,0,1133595,52,399938,52,402,402,801,1337,2,0,1105,402,402,402,400,400,6,1,52000,52,52,52,11,801,11,801,52000,52,52000,52,1133595,52,9045346,0
12540,400190,52000,52000,0,0,0,0,0,1133595,52,400138,52,402,402,802,538,1,1000,473,402,402,402,401,401,16,1,52000,52,52,52,11,802,11,802,52000,52,52000,52,1133595,52,9049969,0
12550,400580,52000,52000,0,0,0,0,0,1133595,52,400528,52,402,402,802,928,1,1000,473,402,402,402,401,401,26,1,52000,52,52,52,11,802,11,802,52000,52,52000,52,1133595,52,9058939,0
12560,400974,52000,52000,0,0,0,0,0,1133595,52,400922,52,403,403,803,1322,2,0,1067,403,403,403,401,401,6,1,52000,52,52,52,11,803,11,803,52000,52,52000,52,1133595,52,9068001,0
12570,401362,52000,52000,0,0,0,0,0,1133595,52,401310,52,403,403,803,1710,2,0,1067,403,403,403,401,401,16,1,52000,52,52,52,11,803,11,803,52000,52,52000,52,1133595,52,9076925,0
12580,401522,52000,52000,0,0,0,0,0,1133595,52,401470,52,403,403,804,871,1,1000,742,403,403,403,402,402,24,1,52000,52,52,52,11,804,11,804,52000,52,52000,52,1133595,52,9080628,0
12590,401921,52000,52000,0,0,0,0,0,1133595,52,401869,52,404,404,805,1270,2,0,1041,404,404,404,402,402,4,1,52000,52,52,52,11,805,11,805,52000,52,52000,52,1133595,52,9089805,0
12600,402272,52000,52000,0,0,0,0,0,1133595,52,402220,52,404,404,806,622,1,1000,613,404,404,404,403,403,14,1,52000,52,52,52,11,806,11,806,52000,52,52000,52,1133595,52,9097901,0
12610,402519,52000,52000,0,0,0,0,0,1133595,52,402467,52,404,404,806,869,1,1000,613,404,404,404,403,403,25,1,52000,52,52,52,11,806,11,806,52000,52,52000,52,1133595,52,9103582,0
12620,402913,52000,52000,0,0,0,0,0,1133595,52,402861,52,405,405,807,1263,2,0,1015,405,405,405,403,403,6,1,52000,52,52,52,11,807,11,807,52000,52,52000,52,1133595,52,9112644,0
12630,403156,52000,52000,0,0,0,0,0,1133595,52,403104,52,405,405,808,507,1,1000,499,405,405,405,404,404,16,1,52000,52,52,52,11,808,11,808,52000,52,52000,52,1133595,52,9118256,0
12641,403515,52000,52000,0,0,0,0,0,1133595,52,403463,52,405,405,808,866,1,1000,499,405,405,405,404,404,26,1,52000,52,52,52,11,808,11,808,52000,52,52000,52,1133595,52,9126513,0
12650,403872,52000,52000,0,0,0,0,0,1133595,52,403820,52,406,406,809,1223,2,0,1069,406,406,406,404,404,2,1,52000,52,52,52,11,809,11,809,52000,52,52000,52,1133595,52,9134724,0
12660,404267,52000,52000,0,0,0,0,0,1133595,52,404215,52,406,406,809,1618,2,0,1069,406,406,406,404,404,12,1,52000,52,52,52,11,809,11,809,52000,52,52000,52,1133595,52,9143809,0
12670,404571,52000,52000,0,0,0,0,0,1133595,52,404519,52,406,406,810,923,1,1000,914,406,406,406,405,405,22,1,52000,52,52,52,11,810,11,810,52000,52,52000,52,1133595,52,9150824,0
12680,404868,52000,52000,0,0,0,0,0,1133595,52,404816,52,407,407,811,1220,2,0,1070,407,407,407,405,405,2,1,52000,52,52,52,11,811,11,811,52000,52,52000,52,1133595,52,9157655,0
12690,405261,52000,52000,0,0,0,0,0,1133595,52,405209,52,407,407,811,1613,2,0,1070,407,407,407,405,405,12,1,52000,52,52,52,11,811,11,811,52000,52,52000,52,1133595,52,9166717,0
12700,405464,52000,52000,0,0,0,0,0,1133595,52,405412,52,407,407,812,817,1,1000,771,407,407,407,406,406,24,1,52000,52,52,52,11,812,11,812,52000,52,52000,52,1133595,52,9171409,0
12710,405863,52000,52000,0,0,0,0,0,1133595,52,405811,52,408,408,813,1216,2,0,1051,408,408,408,406,406,4,1,52000,52,52,52,11,813,11,813,52000,52,52000,52,1133595,52,9180563,0
12720,406216,52000,52000,0,0,0,0,0,1133595,52,406164,52,408,408,813,1569,2,0,1051,408,408,408,406,406,12,1,52000,52,52,52,11,813,11,813,52000,52,52000,52,1133595,52,9188682,0
12730,406416,52000,52000,0,0,0,0,0,1133595,52,406364,52,408,408,814,770,1,1000,670,408,408,408,407,407,22,1,52000,52,52,52,11,814,11,814,52000,52,52000,52,1133595,52,9193305,0
12740,406805,52000,52000,0,0,0,0,0,1133595,52,406753,52,409,409,815,1159,2,0,1045,409,409,409,407,407,2,1,52000,52,52,52,11,815,11,815,52000,52,52000,52,1133595,52,9202252,0
12750,407202,52000,52000,0,0,0,0,0,1133595,52,407150,52,409,409,815,1556,2,0,1045,409,409,409,407,407,12,1,52000,52,52,52,11,815,11,815,52000,52,52000,52,1133595,52,9211383,0
12760,407406,52000,52000,0,0,0,0,0,1133595,52,407354,52,409,409,816,761,1,1000,557,409,409,409,408,408,22,1,52000,52,52,52,11,816,11,816,52000,52,52000,52,1133595,52,9216121,0
12770,407801,52000,52000,0,0,0,0,0,1133595,52,407749,52,410,410,817,1156,2,0,1026,410,410,410,408,408,2,1,52000,52,52,52,11,817,11,817,52000,52,52000,52,1133595,52,9225183,0
12780,408196,52000,52000,0,0,0,0,0,1133595,52,408144,52,410,410,817,1551,2,0,1026,410,410,410,408,408,12,1,52000,52,52,52,11,817,11,817,52000,52,52000,52,1133595,52,9234268,0
12790,408395,52000,52000,0,0,0,0,0,1133595,52,408343,52,410,410,818,751,1,1000,650,410,410,410,409,409,22,1,52000,52,52,52,11,818,11,818,52000,52,52000,52,1133595,52,9238868,0
12800,408747,52000,52000,0,0,0,0,0,1133595,52,408695,52,411,411,819,1103,2,0,1071,411,411,411,409,409,0,1,52000,52,52,52,11,819,11,819,52000,52,52000,52,1133595,52,9246964,0
12810,409134,52000,52000,0,0,0,0,0,1133595,52,409082,52,411,411,819,1490,2,0,1071,411,411,411,409,409,10,1,52000,52,52,52,11,819,11,819,52000,52,52000,52,1133595,52,9255865,0
12820,409490,52000,52000,0,0,0,0,0,1133595,52,409438,52,411,411,820,847,1,1000,839,411,411,411,410,410,20,1,52000,52,52,52,11,820,11,820,52000,52,52000,52,1133595,52,9264076,0
12830,409746,52000,52000,0,0,0,0,0,1133595,52,409694,52,412,412,821,1103,2,0,1077,412,412,412,410,410,0,1,52000,52,52,52,11,821,11,821,52000,52,52000,52,1133595,52,9269987,0
12840,410140,52000,52000,0,0,0,0,0,1133595,52,410088,52,412,412,821,1497,2,0,1077,412,412,412,410,410,10,1,52000,52,52,52,11,821,11,821,52000,52,52000,52,1133595,52,9279026,0
12850,410363,52000,52000,0,0,0,0,0,1133595,52,410311,52,412,412,822,721,1,1000,717,412,412,412,411,411,20,1,52000,52,52,52,11,822,11,822,52000,52,52000,52,1133595,52,9284178,0
12860,410738,52000,52000,0,0,0,0,0,1133595,52,410686,52,413,413,823,1096,2,0,1054,413,413,413,411,411,0,1,52000,52,52,52,11,823,11,823,52000,52,52000,52,1133595,52,9292803,0
12870,411089,52000,52000,0,0,0,0,0,1133595,52,411037,52,413,413,823,1447,2,0,1054,413,413,413,411,411,10,1,52000,52,52,52,11,823,11,823,52000,52,52000,52,1133595,52,9300876,0
12880,411292,52000,52000,0,0,0,0,0,1133595,52,411240,52,413,413,824,651,1,1000,597,413,413,413,412,412,18,1,52000,52,52,52,11,824,11,824,52000,52,52000,52,1133595,52,9305568,0
12890,411686,52000,52000,0,0,0,0,0,1133595,52,411634,52,413,413,824,1045,2,1000,597,413,414,413,412,412,28,1,52000,52,52,52,11,824,11,824,52000,52,52000,52,1133595,52,9314630,0
12900,412080,52000,52000,0,0,0,0,0,1133595,52,412028,52,414,414,825,1439,2,0,1046,414,414,414,412,412,10,1,52000,52,52,52,11,825,11,825,52000,52,52000,52,1133595,52,9323692,0
12910,412357,52000,52000,0,0,0,0,0,1133595,52,412305,52,414,414,825,1716,2,0,1046,414,414,414,412,412,19,1,52000,52,52,52,11,825,11,825,52000,52,52000,52,1133595,52,9330063,0
12920,412563,52000,52000,0,0,0,0,0,1133595,52,412511,52,414,414,826,923,1,1000,774,414,414,414,413,413,29,1,52000,52,52,52,11,826,11,826,52000,52,52000,52,1133595,52,9334824,0
12930,412960,52000,52000,0,0,0,0,0,1133595,52,412908,52,415,415,827,1321,2,0,1059,415,415,415,413,413,6,1,52000,52,52,52,11,827,11,827,52000,52,52000,52,1133595,52,9343978,0
12941,413328,52000,52000,0,0,0,0,0,1133595,52,413276,52,415,415,828,689,1,1000,683,415,415,415,414,414,16,1,52000,52,52,52,11,828,11,828,52000,52,52000,52,1133595,52,9352442,0
12950,413524,52000,52000,0,0,0,0,0,1133595,52,413472,52,415,415,828,885,1,1000,683,415,415,415,414,414,24,1,52000,52,52,52,11,828,11,828,52000,52,52000,52,1133595,52,9356950,0
12960,413918,52000,52000,0,0,0,0,0,1133595,52,413866,52,416,416,829,1279,2,0,1064,416,416,416,414,414,4,1,52000,52,52,52,11,829,11,829,52000,52,52000,52,1133595,52,9366012,0
12970,414217,52000,52000,0,0,0,0,0,1133595,52,414165,52,416,416,830,579,1,1000,573,416,416,416,415,415,14,1,52000,52,52,52,11,830,11,830,52000,52,52000,52,1133595,52,9372912,0
12980,414515,52000,52000,0,0,0,0,0,1133595,52,414463,52,416,416,830,877,1,1000,573,416,416,416,415,415,24,1,52000,52,52,52,11,830,11,830,52000,52,52000,52,1133595,52,9379789,0
12990,414908,52000,52000,0,0,0,0,0,1133595,52,414856,52,417,417,831,1270,2,0,1046,417,417,417,415,415,4,1,52000,52,52,52,11,831,11,831,52000,52,52000,52,1133595,52,9388805,0
13000,415303,52000,52000,0,0,0,0,0,1133595,52,415251,52,417,417,831,1665,2,0,1046,417,417,417,415,415,16,1,52000,52,52,52,11,831,11,831,52000,52,52000,52,1133595,52,9397913,0
13010,415572,52000,52000,0,0,0,0,0,1133595,52,415520,52,417,417,832,935,1,1000,931,417,417,417,416,416,26,1,52000,52,52,52,11,832,11,832,52000,52,52000,52,1133595,52,9404100,0
13020,415850,52000,52000,0,0,0,0,0,1133595,52,415798,52,418,418,833,1213,2,0,1031,418,418,418,416,416,4,1,52000,52,52,52,11,833,11,833,52000,52,52000,52,1133595,52,9410517,0
13030,416246,52000,52000,0,0,0,0,0,1133595,52,416194,52,418,418,833,1609,2,0,1031,418,418,418,416,416,14,1,52000,52,52,52,11,833,11,833,52000,52,52000,52,1133595,52,9419602,0
13040,416448,52000,52000,0,0,0,0,0,1133595,52,416396,52,418,418,834,812,1,1000,798,418,418,418,417,417,24,1,52000,52,52,52,11,834,11,834,52000,52,52000,52,1133595,52,9424271,0
13050,416833,52000,52000,0,0,0,0,0,1133595,52,416781,52,419,419,835,1197,2,0,1004,419,419,419,417,417,4,1,52000,52,52,52,11,835,11,835,52000,52,52000,52,1133595,52,9433126,0
13060,417225,52000,52000,0,0,0,0,0,1133595,52,417173,52,419,419,835,1589,2,0,1004,419,419,419,417,417,14,1,52000,52,52,52,11,835,11,835,52000,52,52000,52,1133595,52,9442188,0
13070,417438,52000,52000,0,0,0,0,0,1133595,52,417386,52,419,419,836,803,1,1000,739,419,419,419,418,418,24,1,52000,52,52,52,11,836,11,836,52000,52,52000,52,1133595,52,9447064,0
13080,417831,52000,52000,0,0,0,0,0,1133595,52,417779,52,420,420,837,1196,2,0,1055,420,420,420,418,418,2,1,52000,52,52,52,11,837,11,837,52000,52,52000,52,1133595,52,9456103,0
13090,418181,52000,52000,0,0,0,0,0,1133595,52,418129,52,420,420,837,1546,2,0,1055,420,420,420,418,418,12,1,52000,52,52,52,11,837,11,837,52000,52,52000,52,1133595,52,9464153,0
13100,418383,52000,52000,0,0,0,0,0,1133595,52,418331,52,420,420,838,749,1,1000,638,420,420,420,419,419,22,1,52000,52,52,52,11,838,11,838,52000,52,52000,52,1133595,52,9468822,0
13110,418770,52000,52000,0,0,0,0,0,1133595,52,418718,52,421,421,839,1136,2,0,1037,421,421,421,419,419,2,1,52000,52,52,52,11,839,11,839,52000,52,52000,52,1133595,52,9477723,0
13120,419152,52000,52000,0,0,0,0,0,1133595,52,419100,52,421,421,840,519,1,1000,514,421,421,421,420,420,12,1,52000,52,52,52,11,840,11,840,52000,52,52000,52,1133595,52,9486532,0
13130,419368,52000,52000,0,0,0,0,0,1133595,52,419316,52,421,421,840,735,1,1000,514,421,421,421,420,420,22,1,52000,52,52,52,11,840,11,840,52000,52,52000,52,1133595,52,9491500,0
13140,419764,52000,52000,0,0,0,0,0,1133595,52,419712,52,422,422,841,1131,2,0,1011,422,422,422,420,420,2,1,52000,52,52,52,11,841,11,841,52000,52,52000,52,1133595,52,9500608,0
13150,420127,52000,52000,0,0,0,0,0,1133595,52,420075,52,422,422,841,1494,2,0,1011,422,422,422,420,420,12,1,52000,52,52,52,11,841,11,841,52000,52,52000,52,1133595,52,9508957,0
13160,420512,52000,52000,0,0,0,0,0,1133595,52,420460,52,422,422,841,1879,2,0,1011,422,422,422,420,420,20,1,52000,52,52,52,11,841,11,841,52000,52,52000,52,1133595,52,9517812,0
13170,420716,52000,52000,0,0,0,0,0,1133595,52,420664,52,423,423,843,1084,2,0,1004,423,423,423,421,421,2,1,52000,52,52,52,11,843,11,843,52000,52,52000,52,1133595,52,9522550,0
13180,421114,52000,52000,0,0,0,0,0,1133595,52,421062,52,423,423,843,1482,2,0,1004,423,423,423,421,421,12,1,52000,52,52,52,11,843,11,843,52000,52,52000,52,1133595,52,9531681,0
13190,421397,52000,52000,0,0,0,0,0,1133595,52,421345,52,423,423,844,766,1,1000,762,423,423,423,422,422,22,1,52000,52,52,52,11,844,11,844,52000,52,52000,52,1133595,52,9538213,0
13200,421709,52000,52000,0,0,0,0,0,1133595,52,421657,52,424,424,845,1078,2,0,1064,424,424,424,422,422,0,1,52000,52,52,52,11,845,11,845,52000,52,52000,52,1133595,52,9545412,0
13210,421988,52000,52000,0,0,0,0,0,1133595,52,421936,52,424,424,845,1357,2,0,1064,424,424,424,422,422,9,1,52000,52,52,52,11,845,11,845,52000,52,52000,52,1133595,52,9551806,0
13220,422155,52000,52000,0,0,0,0,0,1133595,52,422103,52,424,424,846,526,1,1000,462,424,424,424,423,423,17,1,52000,52,52,52,11,846,11,846,52000,52,52000,52,1133595,52,9555693,0
13230,422555,52000,52000,0,0,0,0,0,1133595,52,422503,52,424,424,846,925,1,1000,462,424,424,424,423,423,28,1,52000,52,52,52,11,846,11,846,52000,52,52000,52,1133595,52,9564870,0
13240,422950,52000,52000,0,0,0,0,0,1133595,52,422898,52,425,425,847,1320,2,0,1019,425,425,425,423,423,6,1,52000,52,52,52,11,847,11,847,52000,52,52000,52,1133595,52,9573955,0
13250,423340,52000,52000,0,0,0,0,0,1133595,52,423288,52,425,425,847,1710,2,0,1019,425,425,425,423,423,16,1,52000,52,52,52,11,847,11,847,52000,52,52000,52,1133595,52,9582971,0
13260,423547,52000,52000,0,0,0,0,0,1133595,52,423495,52,425,425,848,918,1,1000,860,425,425,425,424,424,26,1,52000,52,52,52,11,848,11,848,52000,52,52000,52,1133595,52,9587709,0
13270,423952,52000,52000,0,0,0,0,0,1133595,52,423900,52,426,426,849,1323,2,0,1079,426,426,426,424,424,6,1,52000,52,52,52,11,849,11,849,52000,52,52000,52,1133595,52,9597024,0
13280,424299,52000,52000,0,0,0,0,0,1133595,52,424247,52,426,426,849,1670,2,0,1079,426,426,426,424,424,14,1,52000,52,52,52,11,849,11,849,52000,52,52000,52,1133595,52,9605005,0
13290,424501,52000,52000,0,0,0,0,0,1133595,52,424449,52,426,426,850,873,1,1000,694,426,426,426,425,425,24,1,52000,52,52,52,11,850,11,850,52000,52,52000,52,1133595,52,9609674,0
13300,424902,52000,52000,0,0,0,0,0,1133595,52,424850,52,427,427,851,1274,2,0,1073,427,427,427,425,425,4,1,52000,52,52,52,11,851,11,851,52000,52,52000,52,1133595,52,9618897,0
13310,425232,52000,52000,0,0,0,0,0,1133595,52,425180,52,427,427,852,605,1,1000,601,427,427,427,426,426,14,1,52000,52,52,52,11,852,11,852,52000,52,52000,52,1133595,52,9626510,0
13320,425487,52000,52000,0,0,0,0,0,1133595,52,425435,52,427,427,852,860,1,1000,601,427,427,427,426,426,24,1,52000,52,52,52,11,852,11,852,52000,52,52000,52,1133595,52,9632375,0
13330,425890,52000,52000,0,0,0,0,0,1133595,52,425838,52,428,428,853,1263,2,0,1044,428,428,428,426,426,4,1,52000,52,52,52,11,853,11,853,52000,52,52000,52,1133595,52,9641644,0
13340,426123,52000,52000,0,0,0,0,0,1133595,52,426071,52,428,428,854,497,1,1000,487,428,428,428,427,427,14,1,52000,52,52,52,11,854,11,854,52000,52,52000,52,1133595,52,9647026,0
13350,426447,52000,52000,0,0,0,0,0,1133595,52,426395,52,428,428,854,821,1,1000,487,428,428,428,427,427,24,1,52000,52,52,52,11,854,11,854,52000,52,52000,52,1133595,52,9654478,0
13360,426847,52000,52000,0,0,0,0,0,1133595,52,426795,52,429,429,855,1221,2,0,1022,429,429,429,427,427,4,1,52000,52,52,52,11,855,11,855,52000,52,52000,52,1133595,52,9663678,0
13370,427239,52000,52000,0,0,0,0,0,1133595,52,427187,52,429,429,855,1613,2,0,1022,429,429,429,427,427,14,1,52000,52,52,52,11,855,11,855,52000,52,52000,52,1133595,52,9672717,0
13380,427498,52000,52000,0,0,0,0,0,1133595,52,427446,52,429,429,856,873,1,1000,868,429,429,429,428,428,24,1,52000,52,52,52,11,856,11,856,52000,52,52000,52,1133595,52,9678674,0
13390,427832,52000,52000,0,0,0,0,0,1133595,52,427780,52,430,430,857,1207,2,0,1016,430,430,430,428,428,4,1,52000,52,52,52,11,857,11,857,52000,52,52000,52,1133595,52,9686356,0
13400,428218,52000,52000,0,0,0,0,0,1133595,52,428166,52,430,430,857,1593,2,0,1016,430,430,430,428,428,14,1,52000,52,52,52,11,857,11,857,52000,52,52000,52,1133595,52,9695234,0
13410,428377,53000,53000,0,0,0,0,0,1156595,53,428324,53,430,430,858,752,1,1000,731,430,430,430,429,429,24,1,53000,53,53,53,11,858,11,858,53000,53,53000,53,1156595,53,9698914,999.9447405703887
13420,428778,53000,53000,0,0,0,0,0,1156595,53,428725,53,431,431,859,1153,2,0,1064,431,431,431,429,429,2,1,53000,53,53,53,11,859,11,859,53000,53,53000,53,1156595,53,9708137,999.9447405703887
13430,429180,53000,53000,0,0,0,0,0,1156595,53,429127,53,431,431,859,1555,2,0,1064,431,431,431,429,429,12,1,53000,53,53,53,11,859,11,859,53000,53,53000,53,1156595,53,9717360,999.9447405703887
13440,429386,53000,53000,0,0,0,0,0,1156595,53,429333,53,431,431,860,762,1,1000,608,431,431,431,430,430,22,1,53000,53,53,53,11,860,11,860,53000,53,53000,53,1156595,53,9722121,999.9447405703887
13450,429781,53000,53000,0,0,0,0,0,1156595,53,429728,53,432,432,861,1157,2,0,1073,432,432,432,430,430,2,1,53000,53,53,53,11,861,11,861,53000,53,53000,53,1156595,53,9731206,999.9447405703887
13460,430110,53000,53000,0,0,0,0,0,1156595,53,430057,53,432,432,862,487,1,1000,484,432,432,432,431,431,12,1,53000,53,53,53,11,862,11,862,53000,53,53000,53,1156595,53,9738796,999.9447405703887
13470,430377,53000,53000,0,0,0,0,0,1156595,53,430324,53,432,432,862,754,1,1000,484,432,432,432,431,431,22,1,53000,53,53,53,11,862,11,862,53000,53,53000,53,1156595,53,9744937,0
13480,430734,53000,53000,0,0,0,0,0,1156595,53,430681,53,433,433,863,1111,2,0,1051,433,433,433,431,431,0,1,53000,53,53,53,11,863,11,863,53000,53,53000,53,1156595,53,9753148,0
13490,431129,53000,53000,0,0,0,0,0,1156595,53,431076,53,433,433,863,1506,2,0,1051,433,433,433,431,431,10,1,53000,53,53,53,11,863,11,863,53000,53,53000,53,1156595,53,9762233,0
13500,431501,53000,53000,0,0,0,0,0,1156595,53,431448,53,433,433,864,879,1,1000,874,433,433,433,432,432,21,1,53000,53,53,53,11,864,11,864,53000,53,53000,53,1156595,53,9770812,0
13510,431723,53000,53000,0,0,0,0,0,1156595,53,431670,53,434,434,865,1101,2,0,1028,434,434,434,432,432,0,1,53000,53,53,53,11,865,11,865,53000,53,53000,53,1156595,53,9775918,0
13520,432112,53000,53000,0,0,0,0,0,1156595,53,432059,53,434,434,865,1490,2,0,1028,434,434,434,432,432,10,1,53000,53,53,53,11,865,11,865,53000,53,53000,53,1156595,53,9784865,0
13530,432327,53000,53000,0,0,0,0,0,1156595,53,432274,53,434,434,866,706,1,1000,702,434,434,434,433,433,22,1,53000,53,53,53,11,866,11,866,53000,53,53000,53,1156595,53,9789833,0
13540,432663,53000,53000,0,0,0,0,0,1156595,53,432610,53,434,434,866,1042,2,1000,702,434,435,434,433,433,30,1,53000,53,53,53,11,866,11,866,53000,53,53000,53,1156595,53,9797561,0
13550,433056,53000,53000,0,0,0,0,0,1156595,53,433003,53,435,435,867,1435,2,0,1072,435,435,435,433,433,8,1,53000,53,53,53,11,867,11,867,53000,53,53000,53,1156595,53,9806600,0
13560,433258,53000,53000,0,0,0,0,0,1156595,53,433205,53,435,435,868,638,1,1000,592,435,435,435,434,434,18,1,53000,53,53,53,11,868,11,868,53000,53,53000,53,1156595,53,9811269,0
13570,433655,53000,53000,0,0,0,0,0,1156595,53,433602,53,435,435,868,1035,2,1000,592,435,436,435,434,434,28,1,53000,53,53,53,11,868,11,868,53000,53,53000,53,1156595,53,9820400,0
13580,434043,53000,53000,0,0,0,0,0,1156595,53,433990,53,436,436,869,1423,2,0,1049,436,436,436,434,434,8,1,53000,53,53,53,11,869,11,869,53000,53,53000,53,1156595,53,9829347,0
13590,434251,53000,53000,0,0,0,0,0,1156595,53,434198,53,436,436,870,632,1,1000,471,436,436,436,435,435,18,1,53000,53,53,53,11,870,11,870,53000,53,53000,53,1156595,53,9834131,0
13601,434642,53000,53000,0,0,0,0,0,1156595,53,434589,53,436,436,870,1023,2,1000,471,436,437,436,435,435,28,1,53000,53,53,53,11,870,11,870,53000,53,53000,53,1156595,53,9843124,0
13610,434997,53000,53000,0,0,0,0,0,1156595,53,434944,53,437,437,871,1378,2,0,1038,437,437,437,435,435,8,1,53000,53,53,53,11,871,11,871,53000,53,53000,53,1156595,53,9851289,0
13620,435388,53000,53000,0,0,0,0,0,1156595,53,435335,53,437,437,871,1769,2,0,1038,437,437,437,435,435,18,1,53000,53,53,53,11,871,11,871,53000,53,53000,53,1156595,53,9860282,0
13630,435588,53000,53000,0,0,0,0,0,1156595,53,435535,53,437,437,872,970,1,1000,865,437,437,437,436,436,28,1,53000,53,53,53,11,872,11,872,53000,53,53000,53,1156595,53,9864905,0
13640,435981,53000,53000,0,0,0,0,0,1156595,53,435928,53,438,438,873,1363,2,0,1012,438,438,438,436,436,8,1,53000,53,53,53,11,873,11,873,53000,53,53000,53,1156595,53,9873944,0
13650,436332,53000,53000,0,0,0,0,0,1156595,53,436279,53,438,438,874,715,1,1000,711,438,438,438,437,437,18,1,53000,53,53,53,11,874,11,874,53000,53,53000,53,1156595,53,9882040,0
13660,436572,53000,53000,0,0,0,0,0,1156595,53,436519,53,438,438,874,955,1,1000,711,438,438,438,437,437,28,1,53000,53,53,53,11,874,11,874,53000,53,53000,53,1156595,53,9887560,0
13670,436916,53000,53000,0,0,0,0,0,1156595,53,436863,53,439,439,875,1299,2,0,1072,439,439,439,437,437,6,1,53000,53,53,53,11,875,11,875,53000,53,53000,53,1156595,53,9895472,0
13680,437232,53000,53000,0,0,0,0,0,1156595,53,437179,53,439,439,876,616,1,1000,608,439,439,439,438,438,16,1,53000,53,53,53,11,876,11,876,53000,53,53000,53,1156595,53,9902763,0
13690,437499,53000,53000,0,0,0,0,0,1156595,53,437446,53,439,439,876,883,1,1000,608,439,439,439,438,438,26,1,53000,53,53,53,11,876,11,876,53000,53,53000,53,1156595,53,9908904,0
13700,437891,53000,53000,0,0,0,0,0,1156595,53,437838,53,440,440,877,1275,2,0,1024,440,440,440,438,438,6,1,53000,53,53,53,11,877,11,877,53000,53,53000,53,1156595,53,9917920,0
13710,438285,53000,53000,0,0,0,0,0,1156595,53,438232,53,440,440,877,1669,2,0,1024,440,440,440,438,438,16,1,53000,53,53,53,11,877,11,877,53000,53,53000,53,1156595,53,9926982,0
13720,438579,53000,53000,0,0,0,0,0,1156595,53,438526,53,440,440,878,964,1,1000,957,440,440,440,439,439,26,1,53000,53,53,53,11,878,11,878,53000,53,53000,53,1156595,53,9933767,0
13731,438885,53000,53000,0,0,0,0,0,1156595,53,438832,53,441,441,879,1270,2,0,1014,441,441,441,439,439,6,1,53000,53,53,53,11,879,11,879,53000,53,53000,53,1156595,53,9940805,0
13740,439241,53000,53000,0,0,0,0,0,1156595,53,439188,53,441,441,879,1626,2,0,1014,441,441,441,439,439,14,1,53000,53,53,53,11,879,11,879,53000,53,53000,53,1156595,53,9948993,0
13750,439446,53000,53000,0,0,0,0,0,1156595,53,439393,53,441,441,880,832,1,1000,660,441,441,441,440,440,24,1,53000,53,53,53,11,880,11,880,53000,53,53000,53,1156595,53,9953754,0
13760,439833,53000,53000,0,0,0,0,0,1156595,53,439780,53,442,442,881,1219,2,0,1072,442,442,442,440,440,2,1,53000,53,53,53,11,881,11,881,53000,53,53000,53,1156595,53,9962632,0
13770,440229,53000,53000,0,0,0,0,0,1156595,53,440176,53,442,442,881,1615,2,0,1072,442,442,442,440,440,14,1,53000,53,53,53,11,881,11,881,53000,53,53000,53,1156595,53,9971740,0
13780,440432,53000,53000,0,0,0,0,0,1156595,53,440379,53,442,442,882,819,1,1000,703,442,442,442,441,441,24,1,53000,53,53,53,11,882,11,882,53000,53,53000,53,1156595,53,9976432,0
13790,440824,53000,53000,0,0,0,0,0,1156595,53,440771,53,443,443,883,1211,2,0,1070,443,443,443,441,441,2,1,53000,53,53,53,11,883,11,883,53000,53,53000,53,1156595,53,9985448,0
13800,441178,53000,53000,0,0,0,0,0,1156595,53,441125,53,443,443,883,1565,2,0,1070,443,443,443,441,441,12,1,53000,53,53,53,11,883,11,883,53000,53,53000,53,1156595,53,9993590,0
13810,441379,53000,53000,0,0,0,0,0,1156595,53,441326,53,443,443,884,767,1,1000,573,443,443,443,442,442,21,1,53000,53,53,53,11,884,11,884,53000,53,53000,53,1156595,53,9998236,0
13820,441766,53000,53000,0,0,0,0,0,1156595,53,441713,53,444,444,885,1154,2,0,1003,444,444,444,442,442,4,1,53000,53,53,53,11,885,11,885,53000,53,53000,53,1156595,53,10007137,0
13830,442159,53000,53000,0,0,0,0,0,1156595,53,442106,53,444,444,885,1547,2,0,1003,444,444,444,442,442,14,1,53000,53,53,53,11,885,11,885,53000,53,53000,53,1156595,53,10016176,0
13840,442426,53000,53000,0,0,0,0,0,1156595,53,442373,53,444,444,886,815,1,1000,809,444,444,444,443,443,24,1,53000,53,53,53,11,886,11,886,53000,53,53000,53,1156595,53,10022340,0
13850,442754,53000,53000,0,0,0,0,0,1156595,53,442701,53,445,445,887,1143,2,0,1052,445,445,445,443,443,2,1,53000,53,53,53,11,887,11,887,53000,53,53000,53,1156595,53,10029884,0
13860,443150,53000,53000,0,0,0,0,0,1156595,53,443097,53,445,445,887,1539,2,0,1052,445,445,445,443,443,12,1,53000,53,53,53,11,887,11,887,53000,53,53000,53,1156595,53,10038992,0
13870,443427,53000,53000,0,0,0,0,0,1156595,53,443374,53,445,445,888,817,1,1000,812,445,445,445,444,444,20,1,53000,53,53,53,11,888,11,888,53000,53,53000,53,1156595,53,10045386,0
13880,443699,53000,53000,0,0,0,0,0,1156595,53,443646,53,446,446,889,1089,2,0,1034,446,446,446,444,444,0,1,53000,53,53,53,11,889,11,889,53000,53,53000,53,1156595,53,10051642,0
13890,444097,53000,53000,0,0,0,0,0,1156595,53,444044,53,446,446,889,1487,2,0,1034,446,446,446,444,444,10,1,53000,53,53,53,11,889,11,889,53000,53,53000,53,1156595,53,10060819,0
13900,444302,53000,53000,0,0,0,0,0,1156595,53,444249,53,446,446,890,693,1,1000,684,446,446,446,445,445,20,1,53000,53,53,53,11,890,11,890,53000,53,53000,53,1156595,53,10065534,0
13910,444691,53000,53000,0,0,0,0,0,1156595,53,444638,53,447,447,891,1082,2,0,1013,447,447,447,445,445,0,1,53000,53,53,53,11,891,11,891,53000,53,53000,53,1156595,53,10074481,0
13920,445079,53000,53000,0,0,0,0,0,1156595,53,445026,53,447,447,891,1470,2,0,1013,447,447,447,445,445,10,1,53000,53,53,53,11,891,11,891,53000,53,53000,53,1156595,53,10083405,0
13930,445247,53000,53000,0,0,0,0,0,1156595,53,445194,53,447,447,892,639,1,1000,560,447,447,447,446,446,20,1,53000,53,53,53,11,892,11,892,53000,53,53000,53,1156595,53,10087315,0
13940,445641,53000,53000,0,0,0,0,0,1156595,53,445588,53,448,448,893,1033,2,0,1010,448,448,448,446,446,0,1,53000,53,53,53,11,893,11,893,53000,53,53000,53,1156595,53,10096354,0
13950,446030,53000,53000,0,0,0,0,0,1156595,53,445977,53,448,448,893,1422,2,0,1010,448,448,448,446,446,10,1,53000,53,53,53,11,893,11,893,53000,53,53000,53,1156595,53,10105301,0
13960,446227,53000,53000,0,0,0,0,0,1156595,53,446174,53,448,448,894,620,1,1000,470,448,448,448,447,447,20,1,53000,53,53,53,11,894,11,894,53000,53,53000,53,1156595,53,10109878,0
13970,446624,53000,53000,0,0,0,0,0,1156595,53,446571,53,448,448,894,1017,2,1000,470,448,449,448,447,447,30,1,53000,53,53,53,11,894,11,894,53000,53,53000,53,1156595,53,10118986,0
13980,447015,53000,53000,0,0,0,0,0,1156595,53,446962,53,449,449,895,1408,2,0,1051,449,449,449,447,447,8,1,53000,53,53,53,11,895,11,895,53000,53,53000,53,1156595,53,10127979,0
13991,447408,53000,53000,0,0,0,0,0,1156595,53,447355,53,449,449,895,1801,2,0,1051,449,449,449,447,447,18,1,53000,53,53,53,11,895,11,895,53000,53,53000,53,1156595,53,10137018,0
14000,447574,53000,53000,0,0,0,0,0,1156595,53,447521,53,449,449,896,968,1,1000,810,449,449,449,448,448,28,1,53000,53,53,53,11,896,11,896,53000,53,53000,53,1156595,53,10140859,0
14010,447969,53000,53000,0,0,0,0,0,1156595,53,447916,53,450,450,897,1363,2,0,1043,450,450,450,448,448,8,1,53000,53,53,53,11,897,11,897,53000,53,53000,53,1156595,53,10149944,0
14020,448292,53000,53000,0,0,0,0,0,1156595,53,448239,53,450,450,898,687,1,1000,680,450,450,450,449,449,18,1,53000,53,53,53,11,898,11,898,53000,53,53000,53,1156595,53,10157396,0
14030,448570,53000,53000,0,0,0,0,0,1156595,53,448517,53,450,450,898,965,1,1000,680,450,450,450,449,449,28,1,53000,53,53,53,11,898,11,898,53000,53,53000,53,1156595,53,10163790,0
14040,448965,53000,53000,0,0,0,0,0,1156595,53,448912,53,451,451,899,1360,2,0,1024,451,451,451,449,449,8,1,53000,53,53,53,11,899,11,899,53000,53,53000,53,1156595,53,10172875,0
14050,449166,53000,53000,0,0,0,0,0,1156595,53,449113,53,451,451,900,562,1,1000,553,451,451,451,450,450,18,1,53000,53,53,53,11,900,11,900,53000,53,53000,53,1156595,53,10177521,0
14060,449525,53000,53000,0,0,0,0,0,1156595,53,449472,53,451,451,900,921,1,1000,553,451,451,451,450,450,26,1,53000,53,53,53,11,900,11,900,53000,53,53000,53,1156595,53,10185778,0
14070,449918,53000,53000,0,0,0,0,0,1156595,53,449865,53,452,452,901,1314,2,0,1097,452,452,452,450,450,4,1,53000,53,53,53,11,901,11,901,53000,53,53000,53,1156595,53,10194863,0
14080,450313,53000,53000,0,0,0,0,0,1156595,53,450260,53,452,452,901,1709,2,0,1097,452,452,452,450,450,14,1,53000,53,53,53,11,901,11,901,53000,53,53000,53,1156595,53,10203925,0
14090,450550,53000,53000,0,0,0,0,0,1156595,53,450497,53,452,452,902,947,1,1000,943,452,452,452,451,451,24,1,53000,53,53,53,11,902,11,902,53000,53,53000,53,1156595,53,10209376,0
14100,450914,53000,53000,0,0,0,0,0,1156595,53,450861,53,453,453,903,1311,2,0,1077,453,453,453,451,451,4,1,53000,53,53,53,11,903,11,903,53000,53,53000,53,1156595,53,10217748,0
14110,451001,53000,53000,0,0,0,0,0,1156595,53,450948,53,453,453,904,399,1,1000,336,453,453,453,452,452,15,1,53000,53,53,53,11,904,11,904,53000,53,53000,53,1156595,53,10219795,0
14120,451393,53000,53000,0,0,0,0,0,1156595,53,451340,53,453,453,904,791,1,1000,336,453,453,453,452,452,25,1,53000,53,53,53,11,904,11,904,53000,53,53000,53,1156595,53,10228788,0
14130,451745,53000,53000,0,0,0,0,0,1156595,53,451692,53,454,454,905,1143,2,0,1070,454,454,454,452,452,0,1,53000,53,53,53,11,905,11,905,53000,53,53000,53,1156595,53,10236884,0
14140,452140,53000,53000,0,0,0,0,0,1156595,53,452087,53,454,454,905,1538,2,0,1070,454,454,454,452,452,10,1,53000,53,53,53,11,905,11,905,53000,53,53000,53,1156595,53,10245969,0
14150,452405,53000,53000,0,0,0,0,0,1156595,53,452352,53,454,454,906,804,1,1000,791,454,454,454,453,453,20,1,53000,53,53,53,11,906,11,906,53000,53,53000,53,1156595,53,10252087,0
14160,452745,53000,53000,0,0,0,0,0,1156595,53,452692,53,455,455,907,1144,2,0,1073,455,455,455,453,453,0,1,53000,53,53,53,11,907,11,907,53000,53,53000,53,1156595,53,10259907,0
14170,453143,53000,53000,0,0,0,0,0,1156595,53,453090,53,455,455,907,1542,2,0,1073,455,455,455,453,453,10,1,53000,53,53,53,11,907,11,907,53000,53,53000,53,1156595,53,10269061,0
14180,453467,53000,53000,0,0,0,0,0,1156595,53,453414,53,455,455,908,867,1,1000,860,455,455,455,454,454,22,1,53000,53,53,53,11,908,11,908,53000,53,53000,53,1156595,53,10276536,0
14190,453707,53000,53000,0,0,0,0,0,1156595,53,453654,53,456,456,909,1107,2,0,1059,456,456,456,454,454,0,1,53000,53,53,53,11,909,11,909,53000,53,53000,53,1156595,53,10282056,0
14200,454099,53000,53000,0,0,0,0,0,1156595,53,454046,53,456,456,909,1499,2,0,1059,456,456,456,454,454,10,1,53000,53,53,53,11,909,11,909,53000,53,53000,53,1156595,53,10291072,0
14210,454366,53000,53000,0,0,0,0,0,1156595,53,454313,53,456,456,910,767,1,1000,763,456,456,456,455,455,20,1,53000,53,53,53,11,910,11,910,53000,53,53000,53,1156595,53,10297236,0
14220,454649,53000,53000,0,0,0,0,0,1156595,53,454596,53,457,457,911,1050,2,0,1009,457,457,457,455,455,0,1,53000,53,53,53,11,911,11,911,53000,53,53000,53,1156595,53,10303745,0
14230,455041,53000,53000,0,0,0,0,0,1156595,53,454988,53,457,457,911,1442,2,0,1009,457,457,457,455,455,10,1,53000,53,53,53,11,911,11,911,53000,53,53000,53,1156595,53,10312761,0
14240,455256,53000,53000,0,0,0,0,0,1156595,53,455203,53,457,457,912,658,1,1000,652,457,457,457,456,456,20,1,53000,53,53,53,11,912,11,912,53000,53,53000,53,1156595,53,10317729,0
14250,455648,53000,53000,0,0,0,0,0,1156595,53,455595,53,457,457,912,1050,2,1000,652,457,458,457,456,456,30,1,53000,53,53,53,11,912,11,912,53000,53,53000,53,1156595,53,10326768,0
14260,456003,53000,53000,0,0,0,0,0,1156595,53,455950,53,458,458,913,1405,2,0,1071,458,458,458,456,456,8,1,53000,53,53,53,11,913,11,913,53000,53,53000,53,1156595,53,10334910,0
14270,456205,53000,53000,0,0,0,0,0,1156595,53,456152,53,458,458,914,608,1,1000,528,458,458,458,457,457,18,1,53000,53,53,53,11,914,11,914,53000,53,53000,53,1156595,53,10339579,0
14280,456598,53000,53000,0,0,0,0,0,1156595,53,456545,53,458,458,914,1001,2,1000,528,458,459,458,457,457,28,1,53000,53,53,53,11,914,11,914,53000,53,53000,53,1156595,53,10348618,0
14290,456982,53000,53000,0,0,0,0,0,1156595,53,456929,53,459,459,915,1385,2,0,1062,459,459,459,457,457,8,1,53000,53,53,53,11,915,11,915,53000,53,53000,53,1156595,53,10357450,0
14300,457380,53000,53000,0,0,0,0,0,1156595,53,457327,53,459,459,915,1783,2,0,1062,459,459,459,457,457,18,1,53000,53,53,53,11,915,11,915,53000,53,53000,53,1156595,53,10366604,0
14310,457588,53000,53000,0,0,0,0,0,1156595,53,457535,53,459,459,916,992,1,1000,897,459,459,459,458,458,28,1,53000,53,53,53,11,916,11,916,53000,53,53000,53,1156595,53,10371411,0
14320,457937,53000,53000,0,0,0,0,0,1156595,53,457884,53,460,460,917,1341,2,0,1038,460,460,460,458,458,6,1,53000,53,53,53,11,917,11,917,53000,53,53000,53,1156595,53,10379438,0
14330,458144,53000,53000,0,0,0,0,0,1156595,53,458091,53,460,460,918,549,1,1000,417,460,460,460,459,459,18,1,53000,53,53,53,11,918,11,918,53000,53,53000,53,1156595,53,10384222,0
14340,458543,53000,53000,0,0,0,0,0,1156595,53,458490,53,460,460,918,948,1,1000,417,460,460,460,459,459,28,1,53000,53,53,53,11,918,11,918,53000,53,53000,53,1156595,53,10393399,0
14350,458937,53000,53000,0,0,0,0,0,1156595,53,458884,53,461,461,919,1342,2,0,1114,461,461,461,459,459,4,1,53000,53,53,53,11,919,11,919,53000,53,53000,53,1156595,53,10402461,0
14360,459262,53000,53000,0,0,0,0,0,1156595,53,459209,53,461,461,920,668,1,1000,659,461,461,461,460,460,14,1,53000,53,53,53,11,920,11,920,53000,53,53000,53,1156595,53,10409959,0
14370,459541,53000,53000,0,0,0,0,0,1156595,53,459488,53,461,461,920,947,1,1000,659,461,461,461,460,460,26,1,53000,53,53,53,11,920,11,920,53000,53,53000,53,1156595,53,10416376,0
14380,459937,53000,53000,0,0,0,0,0,1156595,53,459884,53,462,462,921,1343,2,0,1024,462,462,462,460,460,8,1,53000,53,53,53,11,921,11,921,53000,53,53000,53,1156595,53,10425484,0
14390,460134,53000,53000,0,0,0,0,0,1156595,53,460081,53,462,462,922,541,1,1000,537,462,462,462,461,461,16,1,53000,53,53,53,11,922,11,922,53000,53,53000,53,1156595,53,10430038,0
14400,460496,53000,53000,0,0,0,0,0,1156595,53,460443,53,462,462,922,903,1,1000,537,462,462,462,461,461,26,1,53000,53,53,53,11,922,11,922,53000,53,53000,53,1156595,53,10438364,0
