elapsed_secs,topgun_or_prune_passes_total,topgun_or_prune_considered_total,topgun_or_prune_dropped_total,topgun_or_prune_matched_nothing_total,topgun_or_prune_absent_total,topgun_or_prune_restored_read_error_total,topgun_or_prune_restored_evicted_total,topgun_or_prune_restored_write_error_total,topgun_or_prune_bytes_freed_total,topgun_or_prune_epochs_drained_total,topgun_or_prune_empty_drains_total,topgun_or_prune_nonempty_drains_total,topgun_or_prune_lwm_advances_total,topgun_or_prune_lwm_epochs_advanced_total,topgun_or_prune_split_recomputes_total,topgun_or_prune_indexed_refs,topgun_or_prune_indexed_epochs,topgun_or_prune_eligible_refs,topgun_or_prune_ineligible_refs,topgun_or_prune_split_computed_epoch,topgun_or_prune_current_epoch,topgun_or_prune_low_water_mark,topgun_or_prune_durable_epoch_watermark,topgun_or_prune_last_drained_epoch,topgun_or_prune_lwm_stall_seconds,topgun_or_prune_tracked_claims,topgun_or_prune_drain_refs_sum,topgun_or_prune_drain_refs_count,topgun_or_prune_drain_epochs_sum,topgun_or_prune_drain_epochs_count,topgun_or_prune_claim_span_epochs_sum,topgun_or_prune_claim_span_epochs_count,topgun_or_prune_claim_lag_epochs_sum,topgun_or_prune_claim_lag_epochs_count,topgun_or_prune_epoch_considered_sum,topgun_or_prune_epoch_considered_count,topgun_or_prune_epoch_dropped_sum,topgun_or_prune_epoch_dropped_count,topgun_or_prune_epoch_bytes_freed_sum,topgun_or_prune_epoch_bytes_freed_count,topgun_ormap_tombstone_bytes_total,topgun_or_prune_drain_refs_p50
0,0,0,0,0,0,0,0,0,0,0,0,0,0,0,0,0,0,0,0,0,1,0,0,0,0,0,0,0,0,0,0,0,0,0,0,0,0,0,0,0,0,0
10,393,0,0,0,0,0,0,0,0,0,393,0,2,2,2,393,1,0,65,2,2,2,0,0,8,1,0,0,0,0,0,2,0,2,0,0,0,0,0,0,7680,0
20,745,0,0,0,0,0,0,0,0,0,745,0,2,2,2,745,1,0,65,2,2,2,0,0,16,1,0,0,0,0,0,2,0,2,0,0,0,0,0,0,14720,0
30,1155,0,0,0,0,0,0,0,0,0,1155,0,3,3,3,1155,2,0,1005,3,3,3,0,0,2,1,0,0,0,0,0,3,0,3,0,0,0,0,0,0,22920,0
40,1556,0,0,0,0,0,0,0,0,0,1556,0,3,3,3,1556,2,0,1005,3,3,3,0,0,12,1,0,0,0,0,0,3,0,3,0,0,0,0,0,0,31052,0
50,1954,0,0,0,0,0,0,0,0,0,1954,0,3,3,3,1954,2,0,1005,3,3,3,0,0,22,1,0,0,0,0,0,3,0,3,0,0,0,0,0,0,39410,0
60,2281,1000,1000,0,0,0,0,0,19820,1,2280,1,4,4,5,1281,2,1000,1158,4,4,4,2,2,6,1,1000,1,1,1,0,5,0,5,1000,1,1000,1,19820,1,46256,999.9447405703887
70,2660,1000,1000,0,0,0,0,0,19820,1,2659,1,4,4,5,1660,2,1000,1158,4,4,4,2,2,16,1,1000,1,1,1,0,5,0,5,1000,1,1000,1,19820,1,54215,999.9447405703887
80,2897,2000,2000,0,0,0,0,0,40355,2,2895,2,4,4,6,897,1,1000,783,4,4,4,3,3,26,1,2000,2,2,2,0,6,0,6,2000,2,2000,2,40355,2,59192,999.9447405703887
90,3279,2000,2000,0,0,0,0,0,40355,2,3277,2,5,5,7,1279,2,0,1076,5,5,5,3,3,4,1,2000,2,2,2,0,7,0,7,2000,2,2000,2,40355,2,67214,999.9447405703887
100,3652,2000,2000,0,0,0,0,0,40355,2,3650,2,5,5,7,1652,2,0,1076,5,5,5,3,3,14,1,2000,2,2,2,0,7,0,7,2000,2,2000,2,40355,2,75047,999.9447405703887
110,4035,2000,2000,0,0,0,0,0,40355,2,4033,2,5,5,8,1036,2,1000,1032,6,6,5,4,4,25,1,2000,2,2,2,1,8,1,8,2000,2,2000,2,40355,2,83111,999.9447405703887
120,4296,3000,3000,0,0,0,0,0,61355,3,4293,3,6,6,9,1296,2,0,1038,6,6,6,4,4,8,1,3000,3,3,3,1,9,1,9,3000,3,3000,3,61355,3,88613,999.9447405703887
130,4570,3000,3000,0,0,0,0,0,61355,3,4567,3,6,6,10,571,1,1000,565,6,6,6,5,5,18,1,3000,3,3,3,1,10,1,10,3000,3,3000,3,61355,3,94346,999.9447405703887
140,4953,4000,4000,0,0,0,0,0,82355,4,4949,4,6,6,10,953,1,1000,565,6,6,6,5,5,28,1,4000,4,4,4,1,10,1,10,4000,4,4000,4,82355,4,102368,999.9447405703887
150,5343,4000,4000,0,0,0,0,0,82355,4,5339,4,7,7,11,1343,2,0,1066,7,7,7,5,5,6,1,4000,4,4,4,1,11,1,11,4000,4,4000,4,82355,4,110558,999.9447405703887
160,5726,4000,4000,0,0,0,0,0,82355,4,5722,4,7,7,11,1726,2,0,1066,7,7,7,5,5,16,1,4000,4,4,4,1,11,1,11,4000,4,4000,4,82355,4,118601,999.9447405703887
170,5988,5000,5000,0,0,0,0,0,103355,5,5983,5,7,7,12,988,1,1000,794,7,7,7,6,6,26,1,5000,5,5,5,1,12,1,12,5000,5,5000,5,103355,5,124124,999.9447405703887
181,6372,5000,5000,0,0,0,0,0,103355,5,6367,5,8,8,13,1372,2,0,1002,8,8,8,6,6,8,1,5000,5,5,5,1,13,1,13,5000,5,5000,5,103355,5,132167,999.9447405703887
190,6719,5000,5000,0,0,0,0,0,103355,5,6714,5,8,8,13,1719,2,0,1002,8,8,8,6,6,18,1,5000,5,5,5,1,13,1,13,5000,5,5000,5,103355,5,139454,999.9447405703887
200,7026,5000,5000,0,0,0,0,0,103355,5,7021,5,9,9,15,1027,2,0,1027,9,9,9,7,7,0,1,5000,5,5,5,2,15,2,15,5000,5,5000,5,103355,5,145922,999.9447405703887
210,7336,6000,6000,0,0,0,0,0,124355,6,7330,6,9,9,15,1336,2,0,1027,9,9,9,7,7,10,1,6000,6,6,6,2,15,2,15,6000,6,6000,6,124355,6,152411,999.9447405703887
220,7590,6000,6000,0,0,0,0,0,124355,6,7584,6,9,9,16,591,1,1000,582,9,9,9,8,8,20,1,6000,6,6,6,2,16,2,16,6000,6,6000,6,124355,6,157766,999.9447405703887
230,7906,7000,7000,0,0,0,0,0,145355,7,7899,7,9,9,16,906,1,1000,582,9,9,9,8,8,30,1,7000,7,7,7,2,16,2,16,7000,7,7000,7,145355,7,164381,999.9447405703887
240,8282,7000,7000,0,0,0,0,0,145355,7,8275,7,10,10,17,1282,2,0,1032,10,10,10,8,8,6,1,7000,7,7,7,2,17,2,17,7000,7,7000,7,145355,7,172277,999.9447405703887
250,8667,7000,7000,0,0,0,0,0,145355,7,8660,7,10,10,17,1667,2,0,1032,10,10,10,8,8,16,1,7000,7,7,7,2,17,2,17,7000,7,7000,7,145355,7,180362,999.9447405703887
260,8896,8000,8000,0,0,0,0,0,166355,8,8888,8,10,10,18,896,1,1000,812,10,10,10,9,9,26,1,8000,8,8,8,2,18,2,18,8000,8,8000,8,166355,8,185192,999.9447405703887
270,9274,8000,8000,0,0,0,0,0,166355,8,9266,8,11,11,19,1274,2,0,1072,11,11,11,9,9,4,1,8000,8,8,8,2,19,2,19,8000,8,8000,8,166355,8,193109,999.9447405703887
280,9624,8000,8000,0,0,0,0,0,166355,8,9616,8,11,11,19,1624,2,0,1072,11,11,11,9,9,14,1,8000,8,8,8,2,19,2,19,8000,8,8000,8,166355,8,200459,999.9447405703887
290,10003,8000,8000,0,0,0,0,0,166355,8,9995,8,11,11,19,2003,3,0,1072,11,12,11,9,9,24,1,8000,8,8,8,2,19,2,19,8000,8,8000,8,166355,8,208418,999.9447405703887
300,10239,9000,9000,0,0,0,0,0,187355,9,10230,9,12,12,21,1239,2,0,1008,12,12,12,10,10,8,1,9000,9,9,9,3,21,3,21,9000,9,9000,9,187355,9,213374,999.9447405703887
310,10361,10000,10000,0,0,0,0,0,208355,10,10351,10,12,12,22,361,1,1000,342,12,12,12,11,11,18,1,10000,10,10,10,3,22,3,22,10000,10,10000,10,208355,10,215936,999.9447405703887
320,10737,10000,10000,0,0,0,0,0,208355,10,10727,10,12,12,22,737,1,1000,342,12,12,12,11,11,28,1,10000,10,10,10,3,22,3,22,10000,10,10000,10,208355,10,223832,999.9447405703887
330,11077,10000,10000,0,0,0,0,0,208355,10,11067,10,13,13,23,1077,2,0,1065,13,13,13,11,11,0,1,10000,10,10,10,3,23,3,23,10000,10,10000,10,208355,10,230972,999.9447405703887
340,11449,10000,10000,0,0,0,0,0,208355,10,11439,10,13,13,23,1449,2,0,1065,13,13,13,11,11,10,1,10000,10,10,10,3,23,3,23,10000,10,10000,10,208355,10,238784,999.9447405703887
350,11832,10000,10000,0,0,0,0,0,208355,10,11822,10,13,13,23,1832,2,0,1065,13,13,13,11,11,20,1,10000,10,10,10,3,23,3,23,10000,10,10000,10,208355,10,246827,999.9447405703887
360,12170,10000,10000,0,0,0,0,0,208355,10,12160,10,14,14,25,1171,2,1000,1170,14,14,14,12,12,4,1,10000,10,10,10,3,25,3,25,10000,10,10000,10,208355,10,253946,0
370,12460,11000,11000,0,0,0,0,0,229355,11,12449,11,14,14,25,1460,2,1000,1170,14,14,14,12,12,14,1,11000,11,11,11,3,25,3,25,11000,11,11000,11,229355,11,260015,999.9447405703887
380,12762,11000,11000,0,0,0,0,0,229355,11,12751,11,14,14,26,763,1,1000,756,14,14,14,13,13,24,1,11000,11,11,11,3,26,3,26,11000,11,11000,11,229355,11,266378,999.9447405703887
390,13018,12000,12000,0,0,0,0,0,250355,12,13006,12,15,15,27,1018,2,0,1005,15,15,15,13,13,0,1,12000,12,12,12,3,27,3,27,12000,12,12000,12,250355,12,271754,999.9447405703887
400,13398,12000,12000,0,0,0,0,0,250355,12,13386,12,15,15,27,1398,2,0,1005,15,15,15,13,13,10,1,12000,12,12,12,3,27,3,27,12000,12,12000,12,250355,12,279734,999.9447405703887
410,13776,12000,12000,0,0,0,0,0,250355,12,13764,12,15,15,27,1776,2,0,1005,15,15,15,13,13,20,1,12000,12,12,12,3,27,3,27,12000,12,12000,12,250355,12,287672,999.9447405703887
420,13993,13000,13000,0,0,0,0,0,271355,13,13980,13,15,15,28,993,1,1000,967,15,15,15,14,14,30,1,13000,13,13,13,3,28,3,28,13000,13,13000,13,271355,13,292229,999.9447405703887
430,14323,13000,13000,0,0,0,0,0,271355,13,14310,13,16,16,29,1323,2,0,1109,16,16,16,14,14,4,1,13000,13,13,13,3,29,3,29,13000,13,13000,13,271355,13,299138,999.9447405703887
440,14526,14000,14000,0,0,0,0,0,292355,14,14512,14,16,16,30,526,1,1000,497,16,16,16,15,15,16,1,14000,14,14,14,3,30,3,30,14000,14,14000,14,292355,14,303401,999.9447405703887
450,14898,14000,14000,0,0,0,0,0,292355,14,14884,14,16,16,30,898,1,1000,497,16,16,16,15,15,26,1,14000,14,14,14,3,30,3,30,14000,14,14000,14,292355,14,311463,999.9447405703887
460,15274,14000,14000,0,0,0,0,0,292355,14,15260,14,17,17,31,1274,2,0,1030,17,17,17,15,15,6,1,14000,14,14,14,3,31,3,31,14000,14,14000,14,292355,14,319757,999.9447405703887
470,15611,14000,14000,0,0,0,0,0,292355,14,15597,14,17,17,31,1612,2,0,1030,17,17,17,15,15,14,1,14000,14,14,14,3,31,3,31,14000,14,14000,14,292355,14,327171,999.9447405703887
480,15823,15000,15000,0,0,0,0,0,313707,15,15808,15,17,17,32,823,1,1000,712,17,17,17,16,16,26,1,15000,15,15,15,3,32,3,32,15000,15,15000,15,313707,15,331835,999.9447405703887
490,16201,15000,15000,0,0,0,0,0,313707,15,16186,15,18,18,33,1202,2,0,1041,18,18,18,16,16,4,1,15000,15,15,15,3,33,3,33,15000,15,15000,15,313707,15,340173,999.9447405703887
500,16579,15000,15000,0,0,0,0,0,313707,15,16564,15,18,18,33,1579,2,0,1041,18,18,18,16,16,14,1,15000,15,15,15,3,33,3,33,15000,15,15000,15,313707,15,348445,999.9447405703887
510,16876,15000,15000,0,0,0,0,0,313707,15,16861,15,18,18,34,877,1,1000,873,18,18,18,17,17,22,1,15000,15,15,15,3,34,3,34,15000,15,15000,15,313707,15,355001,999.9447405703887
520,17128,16000,16000,0,0,0,0,0,335707,16,17112,16,19,19,35,1128,2,0,1061,19,19,19,17,17,0,1,16000,16,16,16,3,35,3,35,16000,16,16000,16,335707,16,360523,999.9447405703887
530,17507,16000,16000,0,0,0,0,0,335707,16,17491,16,19,19,35,1507,2,0,1061,19,19,19,17,17,12,1,16000,16,16,16,3,35,3,35,16000,16,16000,16,335707,16,368861,999.9447405703887
540,17880,16000,16000,0,0,0,0,0,335707,16,17864,16,19,19,35,1880,2,0,1061,19,19,19,17,17,22,1,16000,16,16,16,3,35,3,35,16000,16,16000,16,335707,16,377067,999.9447405703887
551,18098,17000,17000,0,0,0,0,0,357707,17,18081,17,20,20,37,1098,2,1000,1023,20,20,20,18,18,6,1,17000,17,17,17,3,37,3,37,17000,17,17000,17,357707,17,381863,999.9447405703887
560,18432,17000,17000,0,0,0,0,0,357707,17,18415,17,20,20,37,1432,2,1000,1023,20,20,20,18,18,14,1,17000,17,17,17,3,37,3,37,17000,17,17000,17,357707,17,389211,999.9447405703887
570,18630,18000,18000,0,0,0,0,0,379707,18,18612,18,20,20,38,630,1,1000,549,20,20,20,19,19,24,1,18000,18,18,18,3,38,3,38,18000,18,18000,18,379707,18,393567,999.9447405703887
580,19002,18000,18000,0,0,0,0,0,379707,18,18984,18,20,20,38,1002,2,1000,549,20,21,20,19,19,34,1,18000,18,18,18,3,38,3,38,18000,18,18000,18,379707,18,401751,999.9447405703887
590,19386,18000,18000,0,0,0,0,0,379707,18,19368,18,21,21,39,1386,2,0,1006,21,21,21,19,19,10,1,18000,18,18,18,3,39,3,39,18000,18,18000,18,379707,18,410199,999.9447405703887
600,19718,18000,18000,0,0,0,0,0,379707,18,19700,18,21,21,39,1718,2,0,1006,21,21,21,19,19,18,1,18000,18,18,18,3,39,3,39,18000,18,18000,18,379707,18,417503,999.9447405703887
610,19944,19000,19000,0,0,0,0,0,401707,19,19925,19,21,21,40,944,1,1000,721,21,21,21,20,20,28,1,19000,19,19,19,3,40,3,40,19000,19,19000,19,401707,19,422475,999.9447405703887
620,20318,19000,19000,0,0,0,0,0,401707,19,20299,19,22,22,41,1318,2,0,1068,22,22,22,20,20,6,1,19000,19,19,19,3,41,3,41,19000,19,19000,19,401707,19,430703,999.9447405703887
630,20695,19000,19000,0,0,0,0,0,401707,19,20676,19,22,22,41,1695,2,0,1068,22,22,22,20,20,16,1,19000,19,19,19,3,41,3,41,19000,19,19000,19,401707,19,438997,999.9447405703887
640,20896,19000,19000,0,0,0,0,0,401707,19,20877,19,22,22,42,897,1,1000,894,22,22,22,21,21,26,1,19000,19,19,19,3,42,3,42,19000,19,19000,19,401707,19,443441,999.9447405703887
650,21254,20000,20000,0,0,0,0,0,423707,20,21234,20,23,23,43,1254,2,0,1015,23,23,23,21,21,6,1,20000,20,20,20,3,43,3,43,20000,20,20000,20,423707,20,451295,999.9447405703887
660,21630,20000,20000,0,0,0,0,0,423707,20,21610,20,23,23,43,1630,2,0,1015,23,23,23,21,21,16,1,20000,20,20,20,3,43,3,43,20000,20,20000,20,423707,20,459589,999.9447405703887
670,22008,20000,20000,0,0,0,0,0,423707,20,21988,20,23,23,43,2008,3,0,1015,23,24,23,21,21,26,1,20000,20,20,20,3,43,3,43,20000,20,20000,20,423707,20,467883,999.9447405703887
680,22220,21000,21000,0,0,0,0,0,445707,21,22199,21,24,24,45,1220,2,0,1043,24,24,24,22,22,8,1,21000,21,21,21,4,45,4,45,21000,21,21000,21,445707,21,472547,999.9447405703887
690,22561,21000,21000,0,0,0,0,0,445707,21,22540,21,24,24,45,1561,2,0,1043,24,24,24,22,22,18,1,21000,21,21,21,4,45,4,45,21000,21,21000,21,445707,21,480049,999.9447405703887
700,22767,22000,22000,0,0,0,0,0,467707,22,22745,22,24,24,46,767,1,1000,573,24,24,24,23,23,28,1,22000,22,22,22,4,46,4,46,22000,22,22000,22,467707,22,484581,999.9447405703887
710,23150,22000,22000,0,0,0,0,0,467707,22,23128,22,25,25,47,1150,2,0,1060,25,25,25,23,23,2,1,22000,22,22,22,4,47,4,47,22000,22,22000,22,467707,22,493029,999.9447405703887
720,23523,22000,22000,0,0,0,0,0,467707,22,23501,22,25,25,47,1523,2,0,1060,25,25,25,23,23,12,1,22000,22,22,22,4,47,4,47,22000,22,22000,22,467707,22,501213,999.9447405703887
730,23764,22000,22000,0,0,0,0,0,467707,22,23742,22,25,25,48,765,1,1000,760,25,25,25,24,24,22,1,22000,22,22,22,4,48,4,48,22000,22,22000,22,467707,22,506537,999.9447405703887
740,24061,23000,23000,0,0,0,0,0,489707,23,24038,23,25,25,48,1061,2,1000,760,25,26,25,24,24,30,1,23000,23,23,23,4,48,4,48,23000,23,23000,23,489707,23,513049,999.9447405703887
750,24455,23000,23000,0,0,0,0,0,489707,23,24432,23,26,26,49,1455,2,0,1066,26,26,26,24,24,10,1,23000,23,23,23,4,49,4,49,23000,23,23000,23,489707,23,521717,999.9447405703887
760,24829,23000,23000,0,0,0,0,0,489707,23,24806,23,26,26,49,1829,2,0,1066,26,26,26,24,24,20,1,23000,23,23,23,4,49,4,49,23000,23,23000,23,489707,23,529967,999.9447405703887
770,25045,24000,24000,0,0,0,0,0,511707,24,25021,24,27,27,51,1045,2,0,1030,27,27,27,25,25,0,1,24000,24,24,24,4,51,4,51,24000,24,24000,24,511707,24,534697,999.9447405703887
780,25433,24000,24000,0,0,0,0,0,511707,24,25409,24,27,27,51,1433,2,0,1030,27,27,27,25,25,10,1,24000,24,24,24,4,51,4,51,24000,24,24000,24,511707,24,543233,999.9447405703887
790,25771,24000,24000,0,0,0,0,0,511707,24,25747,24,27,27,51,1771,2,0,1030,27,27,27,25,25,18,1,24000,24,24,24,4,51,4,51,24000,24,24000,24,511707,24,550669,999.9447405703887
800,26089,24000,24000,0,0,0,0,0,511707,24,26065,24,28,28,53,1090,2,1000,1083,28,28,28,26,26,2,1,24000,24,24,24,4,53,4,53,24000,24,24000,24,511707,24,557687,999.9447405703887
810,26358,25000,25000,0,0,0,0,0,533707,25,26333,25,28,28,53,1358,2,1000,1083,28,28,28,26,26,14,1,25000,25,25,25,4,53,4,53,25000,25,25000,25,533707,25,563605,999.9447405703887
820,26594,25000,25000,0,0,0,0,0,533707,25,26569,25,28,28,54,595,1,1000,593,28,28,28,27,27,24,1,25000,25,25,25,4,54,4,54,25000,25,25000,25,533707,25,568797,999.9447405703887
830,26930,25000,25000,0,0,0,0,0,533707,25,26905,25,28,28,54,931,1,1000,593,28,28,28,27,27,34,1,25000,25,25,25,4,54,4,54,25000,25,25000,25,533707,25,576189,999.9447405703887
840,27280,25000,25000,0,0,0,0,0,533707,25,27255,25,29,29,55,1281,2,0,1073,29,29,29,27,27,4,1,25000,25,25,25,4,55,4,55,25000,25,25000,25,533707,25,583889,999.9447405703887
850,27655,25000,25000,0,0,0,0,0,533707,25,27630,25,29,29,55,1656,2,0,1073,29,29,29,27,27,14,1,25000,25,25,25,4,55,4,55,25000,25,25000,25,533707,25,592139,999.9447405703887
860,27854,25000,25000,0,0,0,0,0,533707,25,27829,25,29,29,56,856,1,1000,755,29,29,29,28,28,24,1,25000,25,25,25,4,56,4,56,25000,25,25000,25,533707,25,596539,999.9447405703887
870,28238,25000,25000,0,0,0,0,0,533707,25,28213,25,30,30,57,1240,2,0,1014,30,30,30,28,28,4,1,25000,25,25,25,4,57,4,57,25000,25,25000,25,533707,25,604987,0
880,28613,25000,25000,0,0,0,0,0,533707,25,28588,25,30,30,57,1615,2,0,1014,30,30,30,28,28,16,1,25000,25,25,25,4,57,4,57,25000,25,25000,25,533707,25,613259,0
890,28903,25000,25000,0,0,0,0,0,533707,25,28878,25,30,30,58,906,1,1000,891,30,30,30,29,29,24,1,25000,25,25,25,4,58,4,58,25000,25,25000,25,533707,25,619639,0
900,29169,26000,26000,0,0,0,0,0,555707,26,29143,26,31,31,59,1171,2,0,1043,31,31,31,29,29,2,1,26000,26,26,26,4,59,4,59,26000,26,26000,26,555707,26,625513,999.9447405703887
910,29439,26000,26000,0,0,0,0,0,555707,26,29413,26,31,31,59,1441,2,0,1043,31,31,31,29,29,12,1,26000,26,26,26,4,59,4,59,26000,26,26000,26,555707,26,631409,999.9447405703887
920,29811,26000,26000,0,0,0,0,0,555707,26,29785,26,31,31,60,814,1,1000,811,31,31,31,30,30,23,1,26000,26,26,26,4,60,4,60,26000,26,26000,26,555707,26,639615,999.9447405703887
930,30016,27000,27000,0,0,0,0,0,577707,27,29989,27,31,31,60,1018,2,1000,811,31,32,31,30,30,33,1,27000,27,27,27,4,60,4,60,27000,27,27000,27,577707,27,644103,999.9447405703887
940,30364,27000,27000,0,0,0,0,0,577707,27,30337,27,32,32,61,1366,2,0,1056,32,32,32,30,30,8,1,27000,27,27,27,4,61,4,61,27000,27,27000,27,577707,27,651759,999.9447405703887
950,30747,27000,27000,0,0,0,0,0,577707,27,30720,27,32,32,61,1749,2,0,1056,32,32,32,30,30,18,1,27000,27,27,27,4,61,4,61,27000,27,27000,27,577707,27,660185,999.9447405703887
960,30979,27000,27000,0,0,0,0,0,577707,27,30952,27,32,32,62,982,1,1000,972,32,32,32,31,31,28,1,27000,27,27,27,4,62,4,62,27000,27,27000,27,577707,27,665311,999.9447405703887
970,31334,28000,28000,0,0,0,0,0,599707,28,31306,28,33,33,63,1336,2,0,1011,33,33,33,31,31,8,1,28000,28,28,28,4,63,4,63,28000,28,28000,28,599707,28,673121,999.9447405703887
980,31528,28000,28000,0,0,0,0,0,599707,28,31500,28,33,33,64,531,1,1000,490,33,33,33,32,32,18,1,28000,28,28,28,4,64,4,64,28000,28,28000,28,599707,28,677389,999.9447405703887
990,31872,28000,28000,0,0,0,0,0,599707,28,31844,28,33,33,64,875,1,1000,490,33,33,33,32,32,26,1,28000,28,28,28,4,64,4,64,28000,28,28000,28,599707,28,684957,999.9447405703887
1000,32246,28000,28000,0,0,0,0,0,599707,28,32218,28,34,34,65,1249,2,0,1025,34,34,34,32,32,6,1,28000,28,28,28,4,65,4,65,28000,28,28000,28,599707,28,693207,999.9447405703887
1010,32627,28000,28000,0,0,0,0,0,599707,28,32599,28,34,34,65,1630,2,0,1025,34,34,34,32,32,16,1,28000,28,28,28,4,65,4,65,28000,28,28000,28,599707,28,701589,999.9447405703887
1020,32853,28000,28000,0,0,0,0,0,599707,28,32825,28,34,34,66,857,1,1000,851,34,34,34,33,33,26,1,28000,28,28,28,4,66,4,66,28000,28,28000,28,599707,28,706561,0
1030,33194,28000,28000,0,0,0,0,0,599707,28,33166,28,35,35,67,1198,2,0,1028,35,35,35,33,33,4,1,28000,28,28,28,4,67,4,67,28000,28,28000,28,599707,28,714063,0
1040,33535,28000,28000,0,0,0,0,0,599707,28,33507,28,35,35,67,1539,2,0,1028,35,35,35,33,33,12,1,28000,28,28,28,4,67,4,67,28000,28,28000,28,599707,28,721565,0
1050,33801,28000,28000,0,0,0,0,0,599707,28,33773,28,35,35,68,806,1,1000,800,35,35,35,34,34,24,1,28000,28,28,28,4,68,4,68,28000,28,28000,28,599707,28,727439,0
1060,34113,28000,28000,0,0,0,0,0,599707,28,34085,28,36,36,69,1118,2,0,1046,36,36,36,34,34,2,1,28000,28,28,28,4,69,4,69,28000,28,28000,28,599707,28,734347,0
1070,34499,28000,28000,0,0,0,0,0,599707,28,34471,28,36,36,69,1504,2,0,1046,36,36,36,34,34,12,1,28000,28,28,28,4,69,4,69,28000,28,28000,28,599707,28,742795,0
1080,34873,28000,28000,0,0,0,0,0,599707,28,34845,28,36,36,69,1878,2,0,1046,36,36,36,34,34,22,1,28000,28,28,28,4,69,4,69,28000,28,28000,28,599707,28,751023,0
1090,35033,28000,28000,0,0,0,0,0,599707,28,35005,28,36,36,70,1039,2,1000,912,36,37,36,35,35,30,1,28000,28,28,28,4,70,4,70,28000,28,28000,28,599707,28,754565,0
1100,35410,28000,28000,0,0,0,0,0,599707,28,35382,28,37,37,71,1416,2,0,1054,37,37,37,35,35,8,1,28000,28,28,28,4,71,4,71,28000,28,28000,28,599707,28,762881,0
1110,35617,28000,28000,0,0,0,0,0,599707,28,35589,28,37,37,72,624,1,1000,582,37,37,37,36,36,20,1,28000,28,28,28,4,72,4,72,28000,28,28000,28,599707,28,767435,0
1120,35998,28000,28000,0,0,0,0,0,599707,28,35970,28,37,37,72,1005,2,1000,582,37,38,37,36,36,30,1,28000,28,28,28,4,72,4,72,28000,28,28000,28,599707,28,775817,0
1130,36374,28000,28000,0,0,0,0,0,599707,28,36346,28,38,38,73,1381,2,0,1151,38,38,38,36,36,6,1,28000,28,28,28,4,73,4,73,28000,28,28000,28,599707,28,784089,0
1140,36714,28000,28000,0,0,0,0,0,599707,28,36686,28,38,38,73,1721,2,0,1151,38,38,38,36,36,14,1,28000,28,28,28,4,73,4,73,28000,28,28000,28,599707,28,791569,0
1150,37094,28000,28000,0,0,0,0,0,599707,28,37066,28,39,39,74,2101,3,0,2046,39,39,39,36,36,0,1,28000,28,28,28,4,74,4,74,28000,28,28000,28,599707,28,799929,0
1160,37296,28000,28000,0,0,0,0,0,599707,28,37268,28,39,39,75,1304,2,1000,1132,39,39,39,37,37,10,1,28000,28,28,28,4,75,4,75,28000,28,28000,28,599707,28,804395,0
1170,37646,28000,28000,0,0,0,0,0,599707,28,37618,28,39,39,76,655,1,1000,650,39,39,39,38,38,21,1,28000,28,28,28,4,76,4,76,28000,28,28000,28,599707,28,812117,0
1180,37869,28000,28000,0,0,0,0,0,599707,28,37841,28,39,39,76,878,1,1000,650,39,39,39,38,38,32,1,28000,28,28,28,4,76,4,76,28000,28,28000,28,599707,28,817045,0
1190,38215,28000,28000,0,0,0,0,0,599707,28,38187,28,40,40,77,1224,2,0,1023,40,40,40,38,38,4,1,28000,28,28,28,4,77,4,77,28000,28,28000,28,599707,28,824635,0
1200,38592,28000,28000,0,0,0,0,0,599707,28,38564,28,40,40,77,1601,2,0,1023,40,40,40,38,38,14,1,28000,28,28,28,4,77,4,77,28000,28,28000,28,599707,28,832929,0
1210,38694,28000,28000,0,0,0,0,0,599707,28,38666,28,40,40,78,704,1,1000,621,40,40,40,39,39,24,1,28000,28,28,28,4,78,4,78,28000,28,28000,28,599707,28,835195,0
1220,39069,28000,28000,0,0,0,0,0,599707,28,39041,28,41,41,79,1079,2,0,1044,41,41,41,39,39,0,1,28000,28,28,28,4,79,4,79,28000,28,28000,28,599707,28,843445,0
1230,39449,28000,28000,0,0,0,0,0,599707,28,39421,28,41,41,79,1459,2,0,1044,41,41,41,39,39,10,1,28000,28,28,28,4,79,4,79,28000,28,28000,28,599707,28,851805,0
1240,39734,28000,28000,0,0,0,0,0,599707,28,39706,28,41,41,80,745,1,1000,740,41,41,41,40,40,20,1,28000,28,28,28,4,80,4,80,28000,28,28000,28,599707,28,858097,0
1250,39977,28000,28000,0,0,0,0,0,599707,28,39949,28,41,41,80,988,1,1000,740,41,41,41,40,40,30,1,28000,28,28,28,4,80,4,80,28000,28,28000,28,599707,28,863443,0
1260,40350,28000,28000,0,0,0,0,0,599707,28,40322,28,42,42,81,1361,2,0,1040,42,42,42,40,40,8,1,28000,28,28,28,4,81,4,81,28000,28,28000,28,599707,28,871649,0
1270,40725,28000,28000,0,0,0,0,0,599707,28,40697,28,42,42,81,1736,2,0,1040,42,42,42,40,40,18,1,28000,28,28,28,4,81,4,81,28000,28,28000,28,599707,28,879921,0
1281,40922,28000,28000,0,0,0,0,0,599707,28,40894,28,42,42,82,934,1,1000,857,42,42,42,41,41,28,1,28000,28,28,28,4,82,4,82,28000,28,28000,28,599707,28,884255,0
1290,41253,28000,28000,0,0,0,0,0,599707,28,41225,28,43,43,83,1265,2,0,1042,43,43,43,41,41,6,1,28000,28,28,28,4,83,4,83,28000,28,28000,28,599707,28,891537,0
1300,41622,28000,28000,0,0,0,0,0,599707,28,41594,28,43,43,83,1634,2,0,1042,43,43,43,41,41,16,1,28000,28,28,28,4,83,4,83,28000,28,28000,28,599707,28,899677,0
1310,41961,28000,28000,0,0,0,0,0,599707,28,41933,28,43,43,84,974,1,1000,967,43,43,43,42,42,26,1,28000,28,28,28,4,84,4,84,28000,28,28000,28,599707,28,907135,0
1320,42190,28000,28000,0,0,0,0,0,599707,28,42162,28,44,44,85,1203,2,0,1027,44,44,44,42,42,4,1,28000,28,28,28,4,85,4,85,28000,28,28000,28,599707,28,912173,0
1330,42528,28000,28000,0,0,0,0,0,599707,28,42500,28,44,44,85,1541,2,0,1027,44,44,44,42,42,14,1,28000,28,28,28,4,85,4,85,28000,28,28000,28,599707,28,919609,0
1340,42726,28000,28000,0,0,0,0,0,599707,28,42698,28,44,44,86,740,1,1000,625,44,44,44,43,43,24,1,28000,28,28,28,4,86,4,86,28000,28,28000,28,599707,28,923987,0
1350,43098,28000,28000,0,0,0,0,0,599707,28,43070,28,45,45,87,1112,2,0,1027,45,45,45,43,43,2,1,28000,28,28,28,4,87,4,87,28000,28,28000,28,599707,28,932171,0
1360,43467,28000,28000,0,0,0,0,0,599707,28,43439,28,45,45,87,1481,2,0,1027,45,45,45,43,43,12,1,28000,28,28,28,4,87,4,87,28000,28,28000,28,599707,28,940289,0
1370,43809,28000,28000,0,0,0,0,0,599707,28,43781,28,45,45,87,1823,2,0,1027,45,45,45,43,43,20,1,28000,28,28,28,4,87,4,87,28000,28,28000,28,599707,28,947813,0
1380,44111,28000,28000,0,0,0,0,0,599707,28,44083,28,46,46,89,1126,2,1000,1122,46,46,46,44,44,2,1,28000,28,28,28,4,89,4,89,28000,28,28000,28,599707,28,954479,0
1390,44381,28000,28000,0,0,0,0,0,599707,28,44353,28,46,46,89,1396,2,1000,1122,46,46,46,44,44,14,1,28000,28,28,28,4,89,4,89,28000,28,28000,28,599707,28,960419,0
1400,44578,28000,28000,0,0,0,0,0,599707,28,44550,28,46,46,90,594,1,1000,581,46,46,46,45,45,24,1,28000,28,28,28,4,90,4,90,28000,28,28000,28,599707,28,964775,0
1410,44942,28000,28000,0,0,0,0,0,599707,28,44914,28,46,46,90,958,1,1000,581,46,46,46,45,45,34,1,28000,28,28,28,4,90,4,90,28000,28,28000,28,599707,28,972783,0
1420,45276,28000,28000,0,0,0,0,0,599707,28,45248,28,47,47,91,1292,2,0,1028,47,47,47,45,45,6,1,28000,28,28,28,4,91,4,91,28000,28,28000,28,599707,28,980131,0
1430,45639,28000,28000,0,0,0,0,0,599707,28,45611,28,47,47,91,1655,2,0,1028,47,47,47,45,45,16,1,28000,28,28,28,4,91,4,91,28000,28,28000,28,599707,28,988117,0
1440,45837,28000,28000,0,0,0,0,0,599707,28,45809,28,47,47,92,854,1,1000,680,47,47,47,46,46,26,1,28000,28,28,28,4,92,4,92,28000,28,28000,28,599707,28,992495,0
1450,46221,28000,28000,0,0,0,0,0,599707,28,46193,28,48,48,93,1238,2,0,1011,48,48,48,46,46,4,1,28000,28,28,28,4,93,4,93,28000,28,28000,28,599707,28,1000943,0
1460,46592,28000,28000,0,0,0,0,0,599707,28,46564,28,48,48,93,1609,2,0,1011,48,48,48,46,46,16,1,28000,28,28,28,4,93,4,93,28000,28,28000,28,599707,28,1009127,0
1470,46753,28000,28000,0,0,0,0,0,599707,28,46725,28,48,48,94,771,1,1000,745,48,48,48,47,47,24,1,28000,28,28,28,4,94,4,94,28000,28,28000,28,599707,28,1012669,0
1480,47125,28000,28000,0,0,0,0,0,599707,28,47097,28,49,49,95,1143,2,0,1017,49,49,49,47,47,2,1,28000,28,28,28,4,95,4,95,28000,28,28000,28,599707,28,1020853,0
1490,47494,28000,28000,0,0,0,0,0,599707,28,47466,28,49,49,95,1512,2,0,1017,49,49,49,47,47,12,1,28000,28,28,28,4,95,4,95,28000,28,28000,28,599707,28,1028993,0
1500,47789,28000,28000,0,0,0,0,0,599707,28,47761,28,49,49,96,808,1,1000,801,49,49,49,48,48,22,1,28000,28,28,28,4,96,4,96,28000,28,28000,28,599707,28,1035483,0
1510,48053,28000,28000,0,0,0,0,0,599707,28,48025,28,50,50,97,1072,2,0,1028,50,50,50,48,48,0,1,28000,28,28,28,4,97,4,97,28000,28,28000,28,599707,28,1041291,0
1520,48395,28000,28000,0,0,0,0,0,599707,28,48367,28,50,50,97,1414,2,0,1028,50,50,50,48,48,10,1,28000,28,28,28,4,97,4,97,28000,28,28000,28,599707,28,1048815,0
1530,48776,28000,28000,0,0,0,0,0,599707,28,48748,28,50,50,97,1795,2,0,1028,50,50,50,48,48,20,1,28000,28,28,28,4,97,4,97,28000,28,28000,28,599707,28,1057197,0
1540,48977,28000,28000,0,0,0,0,0,599707,28,48949,28,50,50,98,997,1,1000,844,50,50,50,49,49,30,1,28000,28,28,28,4,98,4,98,28000,28,28000,28,599707,28,1061641,0
1550,49358,28000,28000,0,0,0,0,0,599707,28,49330,28,51,51,99,1378,2,0,1133,51,51,51,49,49,6,1,28000,28,28,28,4,99,4,99,28000,28,28000,28,599707,28,1070023,0
1560,49728,28000,28000,0,0,0,0,0,599707,28,49700,28,51,51,99,1748,2,0,1133,51,51,51,49,49,16,1,28000,28,28,28,4,99,4,99,28000,28,28000,28,599707,28,1078163,0
1570,49918,28000,28000,0,0,0,0,0,599707,28,49890,28,51,51,100,939,1,1000,883,51,51,51,50,50,26,1,28000,28,28,28,4,100,4,100,28000,28,28000,28,599707,28,1082365,0
1580,50256,28000,28000,0,0,0,0,0,599707,28,50228,28,52,52,101,1277,2,0,1056,52,52,52,50,50,6,1,28000,28,28,28,4,101,4,101,28000,28,28000,28,599707,28,1089801,0
1590,50631,28000,28000,0,0,0,0,0,599707,28,50603,28,52,52,101,1652,2,0,1056,52,52,52,50,50,16,1,28000,28,28,28,4,101,4,101,28000,28,28000,28,599707,28,1098051,0
1600,50890,28000,28000,0,0,0,0,0,599707,28,50862,28,52,52,102,912,1,1000,905,52,52,52,51,51,26,1,28000,28,28,28,4,102,4,102,28000,28,28000,28,599707,28,1103771,0
1610,51207,28000,28000,0,0,0,0,0,599707,28,51179,28,53,53,103,1229,2,0,1060,53,53,53,51,51,4,1,28000,28,28,28,4,103,4,103,28000,28,28000,28,599707,28,1110745,0
1620,51563,28000,28000,0,0,0,0,0,599707,28,51535,28,53,53,104,586,1,1000,576,53,53,53,52,52,14,1,28000,28,28,28,4,104,4,104,28000,28,28000,28,599707,28,1118599,0
1630,51783,29000,29000,0,0,0,0,0,621707,29,51754,29,53,53,104,805,1,1000,576,53,53,53,52,52,22,1,29000,29,29,29,4,104,4,104,29000,29,29000,29,621707,29,1123417,999.9447405703887
1640,52182,29000,29000,0,0,0,0,0,621707,29,52153,29,54,54,105,1204,2,0,1052,54,54,54,52,52,2,1,29000,29,29,29,4,105,4,105,29000,29,29000,29,621707,29,1132217,999.9447405703887
1650,52576,29000,29000,0,0,0,0,0,621707,29,52547,29,54,54,105,1598,2,0,1052,54,54,54,52,52,14,1,29000,29,29,29,4,105,4,105,29000,29,29000,29,621707,29,1140863,999.9447405703887
1660,52977,29000,29000,0,0,0,0,0,621707,29,52948,29,54,54,105,1999,2,0,1052,54,54,54,52,52,24,1,29000,29,29,29,4,105,4,105,29000,29,29000,29,621707,29,1149685,999.9447405703887
1670,53189,30000,30000,0,0,0,0,0,643707,30,53159,30,55,55,107,1211,2,0,1016,55,55,55,53,53,8,1,30000,30,30,30,5,107,5,107,30000,30,30000,30,643707,30,1154349,999.9447405703887
1680,53431,30000,30000,0,0,0,0,0,643707,30,53401,30,55,55,108,454,1,1000,452,55,55,55,54,54,18,1,30000,30,30,30,5,108,5,108,30000,30,30000,30,643707,30,1159695,999.9447405703887
1690,53753,31000,31000,0,0,0,0,0,665707,31,53722,31,55,55,108,775,1,1000,452,55,55,55,54,54,26,1,31000,31,31,31,5,108,5,108,31000,31,31000,31,665707,31,1166779,999.9447405703887
1700,54146,31000,31000,0,0,0,0,0,665707,31,54115,31,56,56,109,1168,2,0,1024,56,56,56,54,54,2,1,31000,31,31,31,5,109,5,109,31000,31,31000,31,665707,31,1175403,999.9447405703887
1710,54536,31000,31000,0,0,0,0,0,665707,31,54505,31,56,56,109,1558,2,0,1024,56,56,56,54,54,12,1,31000,31,31,31,5,109,5,109,31000,31,31000,31,665707,31,1183983,999.9447405703887
1720,54921,31000,31000,0,0,0,0,0,665707,31,54890,31,56,56,109,1943,2,0,1024,56,56,56,54,54,22,1,31000,31,31,31,5,109,5,109,31000,31,31000,31,665707,31,1192453,999.9447405703887
1730,55126,32000,32000,0,0,0,0,0,687707,32,55094,32,57,57,111,1148,2,1000,1090,57,57,57,55,55,8,1,32000,32,32,32,5,111,5,111,32000,32,32000,32,687707,32,1196963,999.9447405703887
1740,55505,32000,32000,0,0,0,0,0,687707,32,55473,32,57,57,111,1527,2,1000,1090,57,57,57,55,55,18,1,32000,32,32,32,5,111,5,111,32000,32,32000,32,687707,32,1205301,999.9447405703887
1750,55663,32000,32000,0,0,0,0,0,687707,32,55631,32,57,57,112,686,1,1000,564,57,57,57,56,56,26,1,32000,32,32,32,5,112,5,112,32000,32,32000,32,687707,32,1208799,999.9447405703887
1760,56048,32000,32000,0,0,0,0,0,687707,32,56016,32,58,58,113,1071,2,0,1015,58,58,58,56,56,0,1,32000,32,32,32,5,113,5,113,32000,32,32000,32,687707,32,1217269,999.9447405703887
1770,56433,32000,32000,0,0,0,0,0,687707,32,56401,32,58,58,113,1457,2,0,1015,58,58,58,56,56,10,1,32000,32,32,32,5,113,5,113,32000,32,32000,32,687707,32,1225761,999.9447405703887
1780,56644,32000,32000,0,0,0,0,0,687707,32,56612,32,58,58,114,668,1,1000,660,58,58,58,57,57,20,1,32000,32,32,32,5,114,5,114,32000,32,32000,32,687707,32,1230403,999.9447405703887
1790,57022,32000,32000,0,0,0,0,0,687707,32,56990,32,59,59,115,1046,2,0,1043,59,59,59,57,57,0,1,32000,32,32,32,5,115,5,115,32000,32,32000,32,687707,32,1238719,0
1800,57364,32000,32000,0,0,0,0,0,687707,32,57332,32,59,59,115,1388,2,0,1043,59,59,59,57,57,8,1,32000,32,32,32,5,115,5,115,32000,32,32000,32,687707,32,1246287,0
1810,57509,32000,32000,0,0,0,0,0,687707,32,57477,32,59,59,116,534,1,1000,528,59,59,59,58,58,18,1,32000,32,32,32,5,116,5,116,32000,32,32000,32,687707,32,1249455,0
1820,57828,32000,32000,0,0,0,0,0,687707,32,57796,32,59,59,116,853,1,1000,528,59,59,59,58,58,28,1,32000,32,32,32,5,116,5,116,32000,32,32000,32,687707,32,1256517,0
1830,58213,32000,32000,0,0,0,0,0,687707,32,58181,32,60,60,117,1238,2,0,1058,60,60,60,58,58,4,1,32000,32,32,32,5,117,5,117,32000,32,32000,32,687707,32,1264987,0
1840,58588,32000,32000,0,0,0,0,0,687707,32,58556,32,60,60,118,614,1,1000,611,60,60,60,59,59,14,1,32000,32,32,32,5,118,5,118,32000,32,32000,32,687707,32,1273215,0
1850,58749,32000,32000,0,0,0,0,0,687707,32,58717,32,60,60,118,775,1,1000,611,60,60,60,59,59,24,1,32000,32,32,32,5,118,5,118,32000,32,32000,32,687707,32,1276779,0
1860,59133,32000,32000,0,0,0,0,0,687707,32,59101,32,61,61,119,1159,2,0,1070,61,61,61,59,59,2,1,32000,32,32,32,5,119,5,119,32000,32,32000,32,687707,32,1285205,0
1870,59510,32000,32000,0,0,0,0,0,687707,32,59478,32,61,61,119,1536,2,0,1070,61,61,61,59,59,12,1,32000,32,32,32,5,119,5,119,32000,32,32000,32,687707,32,1293521,0
1880,59719,32000,32000,0,0,0,0,0,687707,32,59687,32,61,61,120,746,1,1000,660,61,61,61,60,60,22,1,32000,32,32,32,5,120,5,120,32000,32,32000,32,687707,32,1298119,0
1890,60107,32000,32000,0,0,0,0,0,687707,32,60075,32,62,62,121,1134,2,0,1015,62,62,62,60,60,2,1,32000,32,32,32,5,121,5,121,32000,32,32000,32,687707,32,1306655,0
1900,60444,32000,32000,0,0,0,0,0,687707,32,60412,32,62,62,121,1471,2,0,1015,62,62,62,60,60,10,1,32000,32,32,32,5,121,5,121,32000,32,32000,32,687707,32,1314091,0
1910,60708,32000,32000,0,0,0,0,0,687707,32,60676,32,62,62,122,736,1,1000,726,62,62,62,61,61,22,1,32000,32,32,32,5,122,5,122,32000,32,32000,32,687707,32,1319899,0
1920,61029,32000,32000,0,0,0,0,0,687707,32,60997,32,63,63,123,1057,2,0,1050,63,63,63,61,61,0,1,32000,32,32,32,5,123,5,123,32000,32,32000,32,687707,32,1326961,0
1930,61412,32000,32000,0,0,0,0,0,687707,32,61380,32,63,63,123,1440,2,0,1050,63,63,63,61,61,10,1,32000,32,32,32,5,123,5,123,32000,32,32000,32,687707,32,1335387,0
1940,61789,32000,32000,0,0,0,0,0,687707,32,61757,32,63,63,124,818,1,1000,812,63,63,63,62,62,20,1,32000,32,32,32,5,124,5,124,32000,32,32000,32,687707,32,1343703,0
1950,61953,32000,32000,0,0,0,0,0,687707,32,61921,32,63,63,124,982,1,1000,812,63,63,63,62,62,28,1,32000,32,32,32,5,124,5,124,32000,32,32000,32,687707,32,1347311,0
1960,62333,32000,32000,0,0,0,0,0,687707,32,62301,32,64,64,125,1363,2,0,1067,64,64,64,62,62,6,1,32000,32,32,32,5,125,5,125,32000,32,32000,32,687707,32,1355693,0
1970,62723,32000,32000,0,0,0,0,0,687707,32,62691,32,64,64,125,1752,2,0,1067,64,64,64,62,62,16,1,32000,32,32,32,5,125,5,125,32000,32,32000,32,687707,32,1364251,0
1980,62917,32000,32000,0,0,0,0,0,687707,32,62885,32,64,64,126,947,1,1000,826,64,64,64,63,63,28,1,32000,32,32,32,5,126,5,126,32000,32,32000,32,687707,32,1368541,0
1990,63302,32000,32000,0,0,0,0,0,687707,32,63270,32,65,65,127,1332,2,0,1024,65,65,65,63,63,8,1,32000,32,32,32,5,127,5,127,32000,32,32000,32,687707,32,1377011,0
2000,63472,32000,32000,0,0,0,0,0,687707,32,63440,32,65,65,128,503,1,1000,498,65,65,65,64,64,16,1,32000,32,32,32,5,128,5,128,32000,32,32000,32,687707,32,1380773,0
2010,63849,32000,32000,0,0,0,0,0,687707,32,63817,32,65,65,128,880,1,1000,498,65,65,65,64,64,26,1,32000,32,32,32,5,128,5,128,32000,32,32000,32,687707,32,1389089,0
2020,64227,32000,32000,0,0,0,0,0,687707,32,64195,32,66,66,129,1258,2,0,1034,66,66,66,64,64,4,1,32000,32,32,32,5,129,5,129,32000,32,32000,32,687707,32,1397383,0
2030,64609,32000,32000,0,0,0,0,0,687707,32,64577,32,66,66,129,1640,2,0,1034,66,66,66,64,64,16,1,32000,32,32,32,5,129,5,129,32000,32,32000,32,687707,32,1405787,0
2041,64965,32000,32000,0,0,0,0,0,687707,32,64933,32,66,66,130,997,1,1000,991,66,66,66,65,65,26,1,32000,32,32,32,5,130,5,130,32000,32,32000,32,687707,32,1413641,0
2050,65150,32000,32000,0,0,0,0,0,687707,32,65118,32,67,67,131,1182,2,0,1053,67,67,67,65,65,2,1,32000,32,32,32,5,131,5,131,32000,32,32000,32,687707,32,1417755,0
2060,65436,32000,32000,0,0,0,0,0,687707,32,65404,32,67,67,132,469,1,1000,460,67,67,67,66,66,12,1,32000,32,32,32,5,132,5,132,32000,32,32000,32,687707,32,1424025,0
2070,65730,32000,32000,0,0,0,0,0,687707,32,65698,32,67,67,132,763,1,1000,460,67,67,67,66,66,22,1,32000,32,32,32,5,132,5,132,32000,32,32000,32,687707,32,1430493,0
2080,66111,32000,32000,0,0,0,0,0,687707,32,66079,32,68,68,133,1144,2,0,1070,68,68,68,66,66,2,1,32000,32,32,32,5,133,5,133,32000,32,32000,32,687707,32,1438875,0
2090,66449,32000,32000,0,0,0,0,0,687707,32,66417,32,68,68,133,1482,2,0,1070,68,68,68,66,66,10,1,32000,32,32,32,5,133,5,133,32000,32,32000,32,687707,32,1446311,0
2100,66831,32000,32000,0,0,0,0,0,687707,32,66799,32,68,68,133,1864,2,0,1070,68,68,68,66,66,20,1,32000,32,32,32,5,133,5,133,32000,32,32000,32,687707,32,1454715,0
2110,66913,32000,32000,0,0,0,0,0,687707,32,66881,32,68,68,134,947,1,1000,879,68,68,68,67,67,31,1,32000,32,32,32,5,134,5,134,32000,32,32000,32,687707,32,1456541,0
2120,67295,32000,32000,0,0,0,0,0,687707,32,67263,32,69,69,135,1329,2,0,1076,69,69,69,67,67,6,1,32000,32,32,32,5,135,5,135,32000,32,32000,32,687707,32,1464945,0
2131,67682,32000,32000,0,0,0,0,0,687707,32,67650,32,69,69,135,1716,2,0,1076,69,69,69,67,67,16,1,32000,32,32,32,5,135,5,135,32000,32,32000,32,687707,32,1473459,0
2140,67856,32000,32000,0,0,0,0,0,687707,32,67824,32,69,69,136,891,1,1000,877,69,69,69,68,68,26,1,32000,32,32,32,5,136,5,136,32000,32,32000,32,687707,32,1477309,0
2150,68251,32000,32000,0,0,0,0,0,687707,32,68219,32,70,70,137,1286,2,0,1035,70,70,70,68,68,6,1,32000,32,32,32,5,137,5,137,32000,32,32000,32,687707,32,1485999,0
2160,68513,32000,32000,0,0,0,0,0,687707,32,68481,32,70,70,138,549,1,1000,543,70,70,70,69,69,16,1,32000,32,32,32,5,138,5,138,32000,32,32000,32,687707,32,1491785,0
2170,68847,32000,32000,0,0,0,0,0,687707,32,68815,32,70,70,138,883,1,1000,543,70,70,70,69,69,26,1,32000,32,32,32,5,138,5,138,32000,32,32000,32,687707,32,1499133,0
2180,69241,32000,32000,0,0,0,0,0,687707,32,69209,32,71,71,139,1277,2,0,1023,71,71,71,69,69,6,1,32000,32,32,32,5,139,5,139,32000,32,32000,32,687707,32,1507801,0
2190,69645,32000,32000,0,0,0,0,0,687707,32,69613,32,71,71,139,1681,2,0,1023,71,71,71,69,69,16,1,32000,32,32,32,5,139,5,139,32000,32,32000,32,687707,32,1516689,0
2200,69848,32000,32000,0,0,0,0,0,687707,32,69816,32,71,71,140,885,1,1000,877,71,71,71,70,70,24,1,32000,32,32,32,5,140,5,140,32000,32,32000,32,687707,32,1521177,0
2210,70186,32000,32000,0,0,0,0,0,687707,32,70154,32,72,72,141,1223,2,0,1071,72,72,72,70,70,4,1,32000,32,32,32,5,141,5,141,32000,32,32000,32,687707,32,1528613,0
2220,70567,32000,32000,0,0,0,0,0,687707,32,70535,32,72,72,141,1604,2,0,1071,72,72,72,70,70,14,1,32000,32,32,32,5,141,5,141,32000,32,32000,32,687707,32,1537017,0
2230,70887,32000,32000,0,0,0,0,0,687707,32,70855,32,72,72,142,925,1,1000,918,72,72,72,71,71,24,1,32000,32,32,32,5,142,5,142,32000,32,32000,32,687707,32,1544057,0
2240,71161,32000,32000,0,0,0,0,0,687707,32,71129,32,73,73,143,1199,2,0,1014,73,73,73,71,71,4,1,32000,32,32,32,5,143,5,143,32000,32,32000,32,687707,32,1550107,0
2250,71516,32000,32000,0,0,0,0,0,687707,32,71484,32,73,73,143,1554,2,0,1014,73,73,73,71,71,12,1,32000,32,32,32,5,143,5,143,32000,32,32000,32,687707,32,1557895,0
2260,71864,32000,32000,0,0,0,0,0,687707,32,71832,32,73,73,144,903,1,1000,895,73,73,73,72,72,22,1,32000,32,32,32,5,144,5,144,32000,32,32000,32,687707,32,1565573,0
2270,72102,32000,32000,0,0,0,0,0,687707,32,72070,32,74,74,145,1141,2,0,1003,74,74,74,72,72,2,1,32000,32,32,32,5,145,5,145,32000,32,32000,32,687707,32,1570809,0
2280,72472,32000,32000,0,0,0,0,0,687707,32,72440,32,74,74,145,1511,2,0,1003,74,74,74,72,72,14,1,32000,32,32,32,5,145,5,145,32000,32,32000,32,687707,32,1578949,0
2290,72841,32000,32000,0,0,0,0,0,687707,32,72809,32,74,74,145,1880,2,0,1003,74,74,74,72,72,24,1,32000,32,32,32,5,145,5,145,32000,32,32000,32,687707,32,1587067,0
2300,73004,32000,32000,0,0,0,0,0,687707,32,72972,32,74,74,146,1044,2,1000,899,74,75,74,73,73,32,1,32000,32,32,32,5,146,5,146,32000,32,32000,32,687707,32,1590675,0
2310,73383,32000,32000,0,0,0,0,0,687707,32,73351,32,75,75,147,1423,2,0,1062,75,75,75,73,73,8,1,32000,32,32,32,5,147,5,147,32000,32,32000,32,687707,32,1599013,0
2320,73761,32000,32000,0,0,0,0,0,687707,32,73729,32,75,75,147,1801,2,0,1062,75,75,75,73,73,18,1,32000,32,32,32,5,147,5,147,32000,32,32000,32,687707,32,1607329,0
2330,73962,32000,32000,0,0,0,0,0,687707,32,73930,32,75,75,148,1003,2,1000,927,75,76,75,74,74,28,1,32000,32,32,32,5,148,5,148,32000,32,32000,32,687707,32,1611773,0
2340,74344,32000,32000,0,0,0,0,0,687707,32,74312,32,76,76,149,1385,2,0,1009,76,76,76,74,74,8,1,32000,32,32,32,5,149,5,149,32000,32,32000,32,687707,32,1620177,0
2351,74718,32000,32000,0,0,0,0,0,687707,32,74686,32,76,76,149,1759,2,0,1009,76,76,76,74,74,20,1,32000,32,32,32,5,149,5,149,32000,32,32000,32,687707,32,1628405,0
2360,74920,32000,32000,0,0,0,0,0,687707,32,74888,32,76,76,150,962,1,1000,960,76,76,76,75,75,28,1,32000,32,32,32,5,150,5,150,32000,32,32000,32,687707,32,1632871,0
2370,75255,32000,32000,0,0,0,0,0,687707,32,75223,32,77,77,151,1297,2,0,1012,77,77,77,75,75,6,1,32000,32,32,32,5,151,5,151,32000,32,32000,32,687707,32,1640241,0
2380,75557,32000,32000,0,0,0,0,0,687707,32,75525,32,77,77,152,600,1,1000,592,77,77,77,76,76,16,1,32000,32,32,32,5,152,5,152,32000,32,32000,32,687707,32,1646907,0
2390,75829,32000,32000,0,0,0,0,0,687707,32,75797,32,77,77,152,872,1,1000,592,77,77,77,76,76,26,1,32000,32,32,32,5,152,5,152,32000,32,32000,32,687707,32,1652913,0
2400,76169,32000,32000,0,0,0,0,0,687707,32,76137,32,78,78,153,1212,2,0,1035,78,78,78,76,76,4,1,32000,32,32,32,5,153,5,153,32000,32,32000,32,687707,32,1660371,0
2410,76436,32000,32000,0,0,0,0,0,687707,32,76404,32,78,78,153,1479,2,0,1035,78,78,78,76,76,14,1,32000,32,32,32,5,153,5,153,32000,32,32000,32,687707,32,1666245,0
2420,76727,32000,32000,0,0,0,0,0,687707,32,76695,32,78,78,154,771,1,1000,764,78,78,78,77,77,24,1,32000,32,32,32,5,154,5,154,32000,32,32000,32,687707,32,1672669,0
2430,77009,32000,32000,0,0,0,0,0,687707,32,76977,32,79,79,155,1054,2,0,1014,79,79,79,77,77,0,1,32000,32,32,32,5,155,5,155,32000,32,32000,32,687707,32,1678895,0
2440,77380,32000,32000,0,0,0,0,0,687707,32,77348,32,79,79,155,1424,2,0,1014,79,79,79,77,77,10,1,32000,32,32,32,5,155,5,155,32000,32,32000,32,687707,32,1687079,0
2450,77713,32000,32000,0,0,0,0,0,687707,32,77681,32,79,79,155,1757,2,0,1014,79,79,79,77,77,20,1,32000,32,32,32,5,155,5,155,32000,32,32000,32,687707,32,1694361,0
2460,77927,32000,32000,0,0,0,0,0,687707,32,77895,32,79,79,156,972,1,1000,815,79,79,79,78,78,30,1,32000,32,32,32,5,156,5,156,32000,32,32000,32,687707,32,1699091,0
2470,78308,32000,32000,0,0,0,0,0,687707,32,78276,32,80,80,157,1353,2,0,1041,80,80,80,78,78,8,1,32000,32,32,32,5,157,5,157,32000,32,32000,32,687707,32,1707473,0
2480,78687,32000,32000,0,0,0,0,0,687707,32,78655,32,80,80,157,1732,2,0,1041,80,80,80,78,78,18,1,32000,32,32,32,5,157,5,157,32000,32,32000,32,687707,32,1715833,0
2490,78878,32000,32000,0,0,0,0,0,687707,32,78846,32,80,80,158,924,1,1000,847,80,80,80,79,79,28,1,32000,32,32,32,5,158,5,158,32000,32,32000,32,687707,32,1720035,0
2500,79227,32000,32000,0,0,0,0,0,687707,32,79195,32,81,81,159,1273,2,0,1044,81,81,81,79,79,6,1,32000,32,32,32,5,159,5,159,32000,32,32000,32,687707,32,1727735,0
2510,79598,32000,32000,0,0,0,0,0,687707,32,79566,32,81,81,159,1644,2,0,1044,81,81,81,79,79,16,1,32000,32,32,32,5,159,5,159,32000,32,32000,32,687707,32,1735875,0
2520,79825,32000,32000,0,0,0,0,0,687707,32,79793,32,81,81,160,872,1,1000,863,81,81,81,80,80,26,1,32000,32,32,32,5,160,5,160,32000,32,32000,32,687707,32,1740891,0
2530,80181,32000,32000,0,0,0,0,0,687707,32,80149,32,82,82,161,1228,2,0,1062,82,82,82,80,80,4,1,32000,32,32,32,5,161,5,161,32000,32,32000,32,687707,32,1748723,0
2540,80557,32000,32000,0,0,0,0,0,687707,32,80525,32,82,82,161,1604,2,0,1062,82,82,82,80,80,14,1,32000,32,32,32,5,161,5,161,32000,32,32000,32,687707,32,1756995,0
2550,80777,32000,32000,0,0,0,0,0,687707,32,80745,32,82,82,162,825,1,1000,817,82,82,82,81,81,22,1,32000,32,32,32,5,162,5,162,32000,32,32000,32,687707,32,1761857,0
2560,81093,32000,32000,0,0,0,0,0,687707,32,81061,32,83,83,163,1141,2,0,1071,83,83,83,81,81,2,1,32000,32,32,32,5,163,5,163,32000,32,32000,32,687707,32,1768809,0
2570,81477,32000,32000,0,0,0,0,0,687707,32,81445,32,83,83,163,1525,2,0,1071,83,83,83,81,81,12,1,32000,32,32,32,5,163,5,163,32000,32,32000,32,687707,32,1777257,0
2580,81838,32000,32000,0,0,0,0,0,687707,32,81806,32,83,83,163,1886,2,0,1071,83,83,83,81,81,22,1,32000,32,32,32,5,163,5,163,32000,32,32000,32,687707,32,1785199,0
2590,82034,32000,32000,0,0,0,0,0,687707,32,82002,32,84,84,165,1083,2,0,1059,84,84,84,82,82,0,1,32000,32,32,32,5,165,5,165,32000,32,32000,32,687707,32,1789533,0
2600,82373,32000,32000,0,0,0,0,0,687707,32,82341,32,84,84,165,1422,2,0,1059,84,84,84,82,82,8,1,32000,32,32,32,5,165,5,165,32000,32,32000,32,687707,32,1796991,0
2610,82660,32000,32000,0,0,0,0,0,687707,32,82628,32,84,84,166,710,1,1000,702,84,84,84,83,83,18,1,32000,32,32,32,5,166,5,166,32000,32,32000,32,687707,32,1803327,0
2620,82940,32000,32000,0,0,0,0,0,687707,32,82908,32,84,84,166,990,1,1000,702,84,84,84,83,83,30,1,32000,32,32,32,5,166,5,166,32000,32,32000,32,687707,32,1809487,0
2630,83308,32000,32000,0,0,0,0,0,687707,32,83276,32,85,85,167,1358,2,0,1056,85,85,85,83,83,8,1,32000,32,32,32,5,167,5,167,32000,32,32000,32,687707,32,1817583,0
2640,83644,32000,32000,0,0,0,0,0,687707,32,83612,32,85,85,167,1694,2,0,1056,85,85,85,83,83,16,1,32000,32,32,32,5,167,5,167,32000,32,32000,32,687707,32,1824975,0
2650,83915,32000,32000,0,0,0,0,0,687707,32,83883,32,85,85,168,966,1,1000,959,85,85,85,84,84,26,1,32000,32,32,32,5,168,5,168,32000,32,32000,32,687707,32,1830959,0
2660,84215,32000,32000,0,0,0,0,0,687707,32,84183,32,86,86,169,1266,2,0,1048,86,86,86,84,84,4,1,32000,32,32,32,5,169,5,169,32000,32,32000,32,687707,32,1837559,0
2670,84601,32000,32000,0,0,0,0,0,687707,32,84569,32,86,86,169,1652,2,0,1048,86,86,86,84,84,14,1,32000,32,32,32,5,169,5,169,32000,32,32000,32,687707,32,1846051,0
2680,84755,32000,32000,0,0,0,0,0,687707,32,84723,32,86,86,170,807,1,1000,768,86,86,86,85,85,24,1,32000,32,32,32,5,170,5,170,32000,32,32000,32,687707,32,1849461,0
2690,85130,32000,32000,0,0,0,0,0,687707,32,85098,32,87,87,171,1182,2,0,1059,87,87,87,85,85,2,1,32000,32,32,32,5,171,5,171,32000,32,32000,32,687707,32,1857711,0
2700,85506,32000,32000,0,0,0,0,0,687707,32,85474,32,87,87,171,1558,2,0,1059,87,87,87,85,85,12,1,32000,32,32,32,5,171,5,171,32000,32,32000,32,687707,32,1866005,0
2710,85633,32000,32000,0,0,0,0,0,687707,32,85601,32,87,87,172,686,1,1000,677,87,87,87,86,86,22,1,32000,32,32,32,5,172,5,172,32000,32,32000,32,687707,32,1868799,0
2720,85955,32000,32000,0,0,0,0,0,687707,32,85923,32,87,87,172,1008,2,1000,677,87,88,87,86,86,32,1,32000,32,32,32,5,172,5,172,32000,32,32000,32,687707,32,1875883,0
2730,86294,32000,32000,0,0,0,0,0,687707,32,86262,32,88,88,173,1347,2,0,1035,88,88,88,86,86,8,1,32000,32,32,32,5,173,5,173,32000,32,32000,32,687707,32,1883341,0
2740,86618,32000,32000,0,0,0,0,0,687707,32,86586,32,88,88,174,672,1,1000,668,88,88,88,87,87,18,1,32000,32,32,32,5,174,5,174,32000,32,32000,32,687707,32,1890491,0
2750,86868,32000,32000,0,0,0,0,0,687707,32,86836,32,88,88,174,922,1,1000,668,88,88,88,87,87,28,1,32000,32,32,32,5,174,5,174,32000,32,32000,32,687707,32,1896013,0
2760,87252,32000,32000,0,0,0,0,0,687707,32,87220,32,89,89,175,1306,2,0,1055,89,89,89,87,87,6,1,32000,32,32,32,5,175,5,175,32000,32,32000,32,687707,32,1904439,0
2770,87601,32000,32000,0,0,0,0,0,687707,32,87569,32,89,89,176,656,1,1000,654,89,89,89,88,88,16,1,32000,32,32,32,5,176,5,176,32000,32,32000,32,687707,32,1912139,0
2780,87779,32000,32000,0,0,0,0,0,687707,32,87747,32,89,89,176,834,1,1000,654,89,89,89,88,88,26,1,32000,32,32,32,5,176,5,176,32000,32,32000,32,687707,32,1916055,0
2790,88147,32000,32000,0,0,0,0,0,687707,32,88115,32,90,90,177,1202,2,0,1053,90,90,90,88,88,4,1,32000,32,32,32,5,177,5,177,32000,32,32000,32,687707,32,1924173,0
2800,88532,32000,32000,0,0,0,0,0,687707,32,88500,32,90,90,177,1587,2,0,1053,90,90,90,88,88,14,1,32000,32,32,32,5,177,5,177,32000,32,32000,32,687707,32,1932621,0
2810,88724,32000,32000,0,0,0,0,0,687707,32,88692,32,90,90,178,780,1,1000,618,90,90,90,89,89,24,1,32000,32,32,32,5,178,5,178,32000,32,32000,32,687707,32,1936867,0
2820,89099,32000,32000,0,0,0,0,0,687707,32,89067,32,91,91,179,1155,2,0,1065,91,91,91,89,89,2,1,32000,32,32,32,5,179,5,179,32000,32,32000,32,687707,32,1945117,0
2830,89444,32000,32000,0,0,0,0,0,687707,32,89412,32,91,91,179,1500,2,0,1065,91,91,91,89,89,10,1,32000,32,32,32,5,179,5,179,32000,32,32000,32,687707,32,1952707,0
2840,89639,32000,32000,0,0,0,0,0,687707,32,89607,32,91,91,180,696,1,1000,585,91,91,91,90,90,22,1,32000,32,32,32,5,180,5,180,32000,32,32000,32,687707,32,1957019,0
2850,90016,32000,32000,0,0,0,0,0,687707,32,89984,32,92,92,181,1073,2,0,1066,92,92,92,90,90,0,1,32000,32,32,32,5,181,5,181,32000,32,32000,32,687707,32,1965313,0
2860,90390,32000,32000,0,0,0,0,0,687707,32,90358,32,92,92,181,1447,2,0,1066,92,92,92,90,90,10,1,32000,32,32,32,5,181,5,181,32000,32,32000,32,687707,32,1973563,0
2870,90585,32000,32000,0,0,0,0,0,687707,32,90553,32,92,92,182,643,1,1000,562,92,92,92,91,91,20,1,32000,32,32,32,5,182,5,182,32000,32,32000,32,687707,32,1977853,0
2880,90929,32000,32000,0,0,0,0,0,687707,32,90897,32,92,92,182,987,1,1000,562,92,92,92,91,91,28,1,32000,32,32,32,5,182,5,182,32000,32,32000,32,687707,32,1985421,0
2890,91300,32000,32000,0,0,0,0,0,687707,32,91268,32,93,93,183,1358,2,0,1003,93,93,93,91,91,8,1,32000,32,32,32,5,183,5,183,32000,32,32000,32,687707,32,1993583,0
2900,91676,32000,32000,0,0,0,0,0,687707,32,91644,32,93,93,183,1734,2,0,1003,93,93,93,91,91,18,1,32000,32,32,32,5,183,5,183,32000,32,32000,32,687707,32,2001855,0
2910,91995,32000,32000,0,0,0,0,0,687707,32,91963,32,94,94,185,1054,2,1000,1046,94,94,94,92,92,2,1,32000,32,32,32,5,185,5,185,32000,32,32000,32,687707,32,2008895,0
2920,92249,32000,32000,0,0,0,0,0,687707,32,92217,32,94,94,185,1308,2,1000,1046,94,94,94,92,92,12,1,32000,32,32,32,5,185,5,185,32000,32,32000,32,687707,32,2014505,0
2930,92455,32000,32000,0,0,0,0,0,687707,32,92423,32,94,94,186,515,1,1000,511,94,94,94,93,93,20,1,32000,32,32,32,5,186,5,186,32000,32,32000,32,687707,32,2019037,0
2940,92787,32000,32000,0,0,0,0,0,687707,32,92755,32,94,94,186,847,1,1000,511,94,94,94,93,93,30,1,32000,32,32,32,5,186,5,186,32000,32,32000,32,687707,32,2026341,0
2950,93169,32000,32000,0,0,0,0,0,687707,32,93137,32,95,95,187,1229,2,0,1019,95,95,95,93,93,4,1,32000,32,32,32,5,187,5,187,32000,32,32000,32,687707,32,2034745,0
2960,93552,32000,32000,0,0,0,0,0,687707,32,93520,32,95,95,187,1612,2,0,1019,95,95,95,93,93,14,1,32000,32,32,32,5,187,5,187,32000,32,32000,32,687707,32,2043171,0
2970,93928,32000,32000,0,0,0,0,0,687707,32,93896,32,95,95,187,1988,2,0,1019,95,95,95,93,93,26,1,32000,32,32,32,5,187,5,187,32000,32,32000,32,687707,32,2051443,0
2980,94092,32000,32000,0,0,0,0,0,687707,32,94060,32,96,96,189,1153,2,0,1057,96,96,96,94,94,6,1,32000,32,32,32,6,189,6,189,32000,32,32000,32,687707,32,2055073,0
2990,94444,32000,32000,0,0,0,0,0,687707,32,94412,32,96,96,190,506,1,1000,502,96,96,96,95,95,16,1,32000,32,32,32,6,190,6,190,32000,32,32000,32,687707,32,2062839,0
3000,94670,32000,32000,0,0,0,0,0,687707,32,94638,32,96,96,190,732,1,1000,502,96,96,96,95,95,26,1,32000,32,32,32,6,190,6,190,32000,32,32000,32,687707,32,2067811,0
3010,94925,32000,32000,0,0,0,0,0,687707,32,94893,32,96,96,190,987,1,1000,502,96,96,96,95,95,36,1,32000,32,32,32,6,190,6,190,32000,32,32000,32,687707,32,2073421,0
3021,95290,32000,32000,0,0,0,0,0,687707,32,95258,32,97,97,191,1352,2,0,1103,97,97,97,95,95,6,1,32000,32,32,32,6,191,6,191,32000,32,32000,32,687707,32,2081451,0
3030,95636,32000,32000,0,0,0,0,0,687707,32,95604,32,97,97,191,1698,2,0,1103,97,97,97,95,95,16,1,32000,32,32,32,6,191,6,191,32000,32,32000,32,687707,32,2089063,0
3040,95837,32000,32000,0,0,0,0,0,687707,32,95805,32,97,97,192,900,1,1000,821,97,97,97,96,96,26,1,32000,32,32,32,6,192,6,192,32000,32,32000,32,687707,32,2093507,0
3050,96210,32000,32000,0,0,0,0,0,687707,32,96178,32,98,98,193,1273,2,0,1023,98,98,98,96,96,6,1,32000,32,32,32,6,193,6,193,32000,32,32000,32,687707,32,2101713,0
3060,96594,32000,32000,0,0,0,0,0,687707,32,96562,32,98,98,193,1657,2,0,1023,98,98,98,96,96,16,1,32000,32,32,32,6,193,6,193,32000,32,32000,32,687707,32,2110161,0
3070,96749,32000,32000,0,0,0,0,0,687707,32,96717,32,98,98,194,813,1,1000,799,98,98,98,97,97,26,1,32000,32,32,32,6,194,6,194,32000,32,32000,32,687707,32,2113593,0
3080,97128,32000,32000,0,0,0,0,0,687707,32,97096,32,99,99,195,1192,2,0,1035,99,99,99,97,97,4,1,32000,32,32,32,6,195,6,195,32000,32,32000,32,687707,32,2121931,0
3090,97506,32000,32000,0,0,0,0,0,687707,32,97474,32,99,99,195,1570,2,0,1035,99,99,99,97,97,14,1,32000,32,32,32,6,195,6,195,32000,32,32000,32,687707,32,2130247,0
3100,97720,32000,32000,0,0,0,0,0,687707,32,97688,32,99,99,196,785,1,1000,783,99,99,99,98,98,24,1,32000,32,32,32,6,196,6,196,32000,32,32000,32,687707,32,2134977,0
3110,98086,32000,32000,0,0,0,0,0,687707,32,98054,32,100,100,197,1151,2,0,1051,100,100,100,98,98,2,1,32000,32,32,32,6,197,6,197,32000,32,32000,32,687707,32,2143029,0
3120,98431,32000,32000,0,0,0,0,0,687707,32,98399,32,100,100,197,1496,2,0,1051,100,100,100,98,98,10,1,32000,32,32,32,6,197,6,197,32000,32,32000,32,687707,32,2150619,0
3130,98700,32000,32000,0,0,0,0,0,687707,32,98668,32,100,100,198,766,1,1000,747,100,100,100,99,99,22,1,32000,32,32,32,6,198,6,198,32000,32,32000,32,687707,32,2156559,0
3140,99020,32000,32000,0,0,0,0,0,687707,32,98988,32,101,101,199,1086,2,0,1003,101,101,101,99,99,2,1,32000,32,32,32,6,199,6,199,32000,32,32000,32,687707,32,2163599,0
3150,99403,32000,32000,0,0,0,0,0,687707,32,99371,32,101,101,199,1469,2,0,1003,101,101,101,99,99,12,1,32000,32,32,32,6,199,6,199,32000,32,32000,32,687707,32,2172025,0
3160,99692,32000,32000,0,0,0,0,0,687707,32,99660,32,101,101,200,759,1,1000,751,101,101,101,100,100,22,1,32000,32,32,32,6,200,6,200,32000,32,32000,32,687707,32,2178405,0
3170,99941,32000,32000,0,0,0,0,0,687707,32,99909,32,101,101,200,1008,2,1000,751,101,102,101,100,100,30,1,32000,32,32,32,6,200,6,200,32000,32,32000,32,687707,32,2183905,0
3180,100327,32000,32000,0,0,0,0,0,687707,32,100295,32,102,102,201,1394,2,0,1027,102,102,102,100,100,8,1,32000,32,32,32,6,201,6,201,32000,32,32000,32,687707,32,2192375,0
3190,100671,32000,32000,0,0,0,0,0,687707,32,100639,32,102,102,202,739,1,1000,735,102,102,102,101,101,19,1,32000,32,32,32,6,202,6,202,32000,32,32000,32,687707,32,2199965,0
3200,100896,32000,32000,0,0,0,0,0,687707,32,100864,32,102,102,202,964,1,1000,735,102,102,102,101,101,30,1,32000,32,32,32,6,202,6,202,32000,32,32000,32,687707,32,2204915,0
3210,101279,32000,32000,0,0,0,0,0,687707,32,101247,32,103,103,203,1347,2,0,1034,103,103,103,101,101,8,1,32000,32,32,32,6,203,6,203,32000,32,32000,32,687707,32,2213341,0
3220,101627,32000,32000,0,0,0,0,0,687707,32,101595,32,103,103,203,1695,2,0,1034,103,103,103,101,101,16,1,32000,32,32,32,6,203,6,203,32000,32,32000,32,687707,32,2220997,0
3230,101824,32000,32000,0,0,0,0,0,687707,32,101792,32,103,103,204,893,1,1000,712,103,103,103,102,102,26,1,32000,32,32,32,6,204,6,204,32000,32,32000,32,687707,32,2225353,0
3240,102203,32000,32000,0,0,0,0,0,687707,32,102171,32,104,104,205,1272,2,0,1066,104,104,104,102,102,4,1,32000,32,32,32,6,205,6,205,32000,32,32000,32,687707,32,2233691,0
3250,102587,32000,32000,0,0,0,0,0,687707,32,102555,32,104,104,205,1656,2,0,1066,104,104,104,102,102,14,1,32000,32,32,32,6,205,6,205,32000,32,32000,32,687707,32,2242139,0
3260,102780,32000,32000,0,0,0,0,0,687707,32,102748,32,104,104,206,850,1,1000,691,104,104,104,103,103,24,1,32000,32,32,32,6,206,6,206,32000,32,32000,32,687707,32,2246407,0
3270,103121,32000,32000,0,0,0,0,0,687707,32,103089,32,105,105,207,1191,2,0,1070,105,105,105,103,103,2,1,32000,32,32,32,6,207,6,207,32000,32,32000,32,687707,32,2253909,0
3280,103500,32000,32000,0,0,0,0,0,687707,32,103468,32,105,105,207,1570,2,0,1070,105,105,105,103,103,12,1,32000,32,32,32,6,207,6,207,32000,32,32000,32,687707,32,2262247,0
3290,103692,32000,32000,0,0,0,0,0,687707,32,103660,32,105,105,208,763,1,1000,680,105,105,105,104,104,22,1,32000,32,32,32,6,208,6,208,32000,32,32000,32,687707,32,2266493,0
3300,104079,32000,32000,0,0,0,0,0,687707,32,104047,32,106,106,209,1150,2,0,1016,106,106,106,104,104,2,1,32000,32,32,32,6,209,6,209,32000,32,32000,32,687707,32,2275007,0
3310,104346,32000,32000,0,0,0,0,0,687707,32,104314,32,106,106,210,418,1,1000,418,106,106,106,105,105,13,1,32000,32,32,32,6,210,6,210,32000,32,32000,32,687707,32,2280903,0
3320,104512,32000,32000,0,0,0,0,0,687707,32,104480,32,106,106,210,584,1,1000,418,106,106,106,105,105,22,1,32000,32,32,32,6,210,6,210,32000,32,32000,32,687707,32,2284555,0
3330,104889,32000,32000,0,0,0,0,0,687707,32,104857,32,106,106,210,961,1,1000,418,106,106,106,105,105,32,1,32000,32,32,32,6,210,6,210,32000,32,32000,32,687707,32,2292849,0
3340,105279,32000,32000,0,0,0,0,0,687707,32,105247,32,107,107,211,1351,2,0,1019,107,107,107,105,105,8,1,32000,32,32,32,6,211,6,211,32000,32,32000,32,687707,32,2301429,0
3350,105651,32000,32000,0,0,0,0,0,687707,32,105619,32,107,107,211,1723,2,0,1019,107,107,107,105,105,18,1,32000,32,32,32,6,211,6,211,32000,32,32000,32,687707,32,2309613,0
3360,105899,32000,32000,0,0,0,0,0,687707,32,105867,32,107,107,212,972,1,1000,964,107,107,107,106,106,28,1,32000,32,32,32,6,212,6,212,32000,32,32000,32,687707,32,2315091,0
3370,106198,32000,32000,0,0,0,0,0,687707,32,106166,32,108,108,213,1271,2,0,1045,108,108,108,106,106,6,1,32000,32,32,32,6,213,6,213,32000,32,32000,32,687707,32,2321691,0
3380,106466,32000,32000,0,0,0,0,0,687707,32,106434,32,108,108,214,540,1,1000,532,108,108,108,107,107,16,1,32000,32,32,32,6,214,6,214,32000,32,32000,32,687707,32,2327587,0
3390,106783,32000,32000,0,0,0,0,0,687707,32,106751,32,108,108,214,857,1,1000,532,108,108,108,107,107,26,1,32000,32,32,32,6,214,6,214,32000,32,32000,32,687707,32,2334561,0
3400,107173,32000,32000,0,0,0,0,0,687707,32,107141,32,109,109,215,1247,2,0,1068,109,109,109,107,107,4,1,32000,32,32,32,6,215,6,215,32000,32,32000,32,687707,32,2343141,0
3410,107551,32000,32000,0,0,0,0,0,687707,32,107519,32,109,109,215,1625,2,0,1068,109,109,109,107,107,14,1,32000,32,32,32,6,215,6,215,32000,32,32000,32,687707,32,2351457,0
3420,107842,32000,32000,0,0,0,0,0,687707,32,107810,32,109,109,216,917,1,1000,910,109,109,109,108,108,22,1,32000,32,32,32,6,216,6,216,32000,32,32000,32,687707,32,2357881,0
3430,108092,32000,32000,0,0,0,0,0,687707,32,108060,32,110,110,217,1167,2,0,1014,110,110,110,108,108,4,1,32000,32,32,32,6,217,6,217,32000,32,32000,32,687707,32,2363381,0
3440,108466,32000,32000,0,0,0,0,0,687707,32,108434,32,110,110,217,1541,2,0,1014,110,110,110,108,108,14,1,32000,32,32,32,6,217,6,217,32000,32,32000,32,687707,32,2371609,0
3450,108800,32000,32000,0,0,0,0,0,687707,32,108768,32,110,110,218,876,1,1000,866,110,110,110,109,109,24,1,32000,32,32,32,6,218,6,218,32000,32,32000,32,687707,32,2378979,0
3460,109035,32000,32000,0,0,0,0,0,687707,32,109003,32,111,111,219,1111,2,0,1017,111,111,111,109,109,2,1,32000,32,32,32,6,219,6,219,32000,32,32000,32,687707,32,2384171,0
3470,109366,32000,32000,0,0,0,0,0,687707,32,109334,32,111,111,219,1442,2,0,1017,111,111,111,109,109,10,1,32000,32,32,32,6,219,6,219,32000,32,32000,32,687707,32,2391431,0
3480,109749,32000,32000,0,0,0,0,0,687707,32,109717,32,111,111,219,1825,2,0,1017,111,111,111,109,109,20,1,32000,32,32,32,6,219,6,219,32000,32,32000,32,687707,32,2399879,0
3490,109945,32000,32000,0,0,0,0,0,687707,32,109913,32,112,112,221,1022,2,0,1021,112,112,112,110,110,0,1,32000,32,32,32,6,221,6,221,32000,32,32000,32,687707,32,2404191,0
3500,110326,32000,32000,0,0,0,0,0,687707,32,110294,32,112,112,221,1403,2,0,1021,112,112,112,110,110,10,1,32000,32,32,32,6,221,6,221,32000,32,32000,32,687707,32,2412573,0
3510,110701,32000,32000,0,0,0,0,0,687707,32,110669,32,112,112,221,1778,2,0,1021,112,112,112,110,110,20,1,32000,32,32,32,6,221,6,221,32000,32,32000,32,687707,32,2420823,0
3520,110851,32000,32000,0,0,0,0,0,687707,32,110819,32,112,112,222,929,1,1000,811,112,112,112,111,111,28,1,32000,32,32,32,6,222,6,222,32000,32,32000,32,687707,32,2424145,0
3530,111227,32000,32000,0,0,0,0,0,687707,32,111195,32,113,113,223,1305,2,0,1032,113,113,113,111,111,6,1,32000,32,32,32,6,223,6,223,32000,32,32000,32,687707,32,2432417,0
3540,111594,32000,32000,0,0,0,0,0,687707,32,111562,32,113,113,223,1672,2,0,1032,113,113,113,111,111,16,1,32000,32,32,32,6,223,6,223,32000,32,32000,32,687707,32,2440491,0
3550,111787,32000,32000,0,0,0,0,0,687707,32,111755,32,113,113,224,866,1,1000,730,113,113,113,112,112,26,1,32000,32,32,32,6,224,6,224,32000,32,32000,32,687707,32,2444803,0
3560,112167,32000,32000,0,0,0,0,0,687707,32,112135,32,114,114,225,1246,2,0,1020,114,114,114,112,112,6,1,32000,32,32,32,6,225,6,225,32000,32,32000,32,687707,32,2453119,0
3570,112499,32000,32000,0,0,0,0,0,687707,32,112467,32,114,114,225,1578,2,0,1020,114,114,114,112,112,14,1,32000,32,32,32,6,225,6,225,32000,32,32000,32,687707,32,2460445,0
3580,112695,32000,32000,0,0,0,0,0,687707,32,112663,32,114,114,226,775,1,1000,745,114,114,114,113,113,24,1,32000,32,32,32,6,226,6,226,32000,32,32000,32,687707,32,2464757,0
3590,113079,32000,32000,0,0,0,0,0,687707,32,113047,32,115,115,227,1159,2,0,1030,115,115,115,113,113,2,1,32000,32,32,32,6,227,6,227,32000,32,32000,32,687707,32,2473205,0
3600,113444,32000,32000,0,0,0,0,0,687707,32,113412,32,115,115,227,1524,2,0,1030,115,115,115,113,113,12,1,32000,32,32,32,6,227,6,227,32000,32,32000,32,687707,32,2481235,0
3610,113533,32000,32000,0,0,0,0,0,687707,32,113501,32,115,115,228,614,1,1000,528,115,115,115,114,114,22,1,32000,32,32,32,6,228,6,228,32000,32,32000,32,687707,32,2483215,0
3620,113870,32000,32000,0,0,0,0,0,687707,32,113838,32,115,115,228,951,1,1000,528,115,115,115,114,114,32,1,32000,32,32,32,6,228,6,228,32000,32,32000,32,687707,32,2490629,0
3630,114248,32000,32000,0,0,0,0,0,687707,32,114216,32,116,116,229,1329,2,0,1014,116,116,116,114,114,8,1,32000,32,32,32,6,229,6,229,32000,32,32000,32,687707,32,2498945,0
3640,114626,32000,32000,0,0,0,0,0,687707,32,114594,32,116,116,229,1707,2,0,1014,116,116,116,114,114,18,1,32000,32,32,32,6,229,6,229,32000,32,32000,32,687707,32,2507261,0
3650,114952,32000,32000,0,0,0,0,0,687707,32,114920,32,117,117,231,1034,2,0,1034,117,117,117,115,115,0,1,32000,32,32,32,7,231,7,231,32000,32,32000,32,687707,32,2514455,0
3660,115200,32000,32000,0,0,0,0,0,687707,32,115168,32,117,117,231,1282,2,0,1034,117,117,117,115,115,10,1,32000,32,32,32,7,231,7,231,32000,32,32000,32,687707,32,2519911,0
3670,115376,32000,32000,0,0,0,0,0,687707,32,115344,32,117,117,232,459,1,1000,446,117,117,117,116,116,20,1,32000,32,32,32,7,232,7,232,32000,32,32000,32,687707,32,2523805,0
3680,115742,32000,32000,0,0,0,0,0,687707,32,115710,32,117,117,232,825,1,1000,446,117,117,117,116,116,30,1,32000,32,32,32,7,232,7,232,32000,32,32000,32,687707,32,2531857,0
3690,116117,32000,32000,0,0,0,0,0,687707,32,116085,32,118,118,233,1200,2,0,1040,118,118,118,116,116,4,1,32000,32,32,32,7,233,7,233,32000,32,32000,32,687707,32,2540107,0
3700,116490,32000,32000,0,0,0,0,0,687707,32,116458,32,118,118,233,1573,2,0,1040,118,118,118,116,116,14,1,32000,32,32,32,7,233,7,233,32000,32,32000,32,687707,32,2548313,0
3710,116867,32000,32000,0,0,0,0,0,687707,32,116835,32,118,118,233,1950,2,0,1040,118,118,118,116,116,24,1,32000,32,32,32,7,233,7,233,32000,32,32000,32,687707,32,2556607,0
3720,117027,32000,32000,0,0,0,0,0,687707,32,116995,32,119,119,235,1111,2,0,1005,119,119,119,117,117,4,1,32000,32,32,32,7,235,7,235,32000,32,32000,32,687707,32,2560149,0
3730,117325,32000,32000,0,0,0,0,0,687707,32,117293,32,119,119,236,410,1,1000,408,119,119,119,118,118,14,1,32000,32,32,32,7,236,7,236,32000,32,32000,32,687707,32,2566727,0
3740,117600,32000,32000,0,0,0,0,0,687707,32,117568,32,119,119,236,685,1,1000,408,119,119,119,118,118,26,1,32000,32,32,32,7,236,7,236,32000,32,32000,32,687707,32,2572777,0
3750,117976,32000,32000,0,0,0,0,0,687707,32,117944,32,120,120,237,1061,2,0,1055,120,120,120,118,118,0,1,32000,32,32,32,7,237,7,237,32000,32,32000,32,687707,32,2581049,0
3760,118354,32000,32000,0,0,0,0,0,687707,32,118322,32,120,120,237,1439,2,0,1055,120,120,120,118,118,10,1,32000,32,32,32,7,237,7,237,32000,32,32000,32,687707,32,2589365,0
3770,118694,32000,32000,0,0,0,0,0,687707,32,118662,32,120,120,237,1779,2,0,1055,120,120,120,118,118,18,1,32000,32,32,32,7,237,7,237,32000,32,32000,32,687707,32,2596867,0
3780,118883,32000,32000,0,0,0,0,0,687707,32,118851,32,120,120,238,969,1,1000,948,120,120,120,119,119,28,1,32000,32,32,32,7,238,7,238,32000,32,32000,32,687707,32,2601047,0
3790,119272,32000,32000,0,0,0,0,0,687707,32,119240,32,121,121,239,1358,2,0,1139,121,121,121,119,119,4,1,32000,32,32,32,7,239,7,239,32000,32,32000,32,687707,32,2609583,0
3800,119469,32000,32000,0,0,0,0,0,687707,32,119437,32,121,121,240,556,1,1000,482,121,121,121,120,120,14,1,32000,32,32,32,7,240,7,240,32000,32,32000,32,687707,32,2613961,0
3810,119849,32000,32000,0,0,0,0,0,687707,32,119817,32,121,121,240,936,1,1000,482,121,121,121,120,120,26,1,32000,32,32,32,7,240,7,240,32000,32,32000,32,687707,32,2622321,0
3820,120193,32000,32000,0,0,0,0,0,687707,32,120161,32,122,122,241,1280,2,0,1007,122,122,122,120,120,6,1,32000,32,32,32,7,241,7,241,32000,32,32000,32,687707,32,2629867,0
3830,120570,32000,32000,0,0,0,0,0,687707,32,120538,32,122,122,241,1657,2,0,1007,122,122,122,120,120,16,1,32000,32,32,32,7,241,7,241,32000,32,32000,32,687707,32,2638161,0
3840,120798,32000,32000,0,0,0,0,0,687707,32,120766,32,122,122,242,886,1,1000,879,122,122,122,121,121,26,1,32000,32,32,32,7,242,7,242,32000,32,32000,32,687707,32,2643199,0
3850,121152,32000,32000,0,0,0,0,0,687707,32,121120,32,123,123,243,1240,2,0,1023,123,123,123,121,121,4,1,32000,32,32,32,7,243,7,243,32000,32,32000,32,687707,32,2650987,0
3860,121531,32000,32000,0,0,0,0,0,687707,32,121499,32,123,123,243,1619,2,0,1023,123,123,123,121,121,14,1,32000,32,32,32,7,243,7,243,32000,32,32000,32,687707,32,2659347,0
3870,121690,32000,32000,0,0,0,0,0,687707,32,121658,32,123,123,244,779,1,1000,714,123,123,123,122,122,24,1,32000,32,32,32,7,244,7,244,32000,32,32000,32,687707,32,2662845,0
3880,122068,32000,32000,0,0,0,0,0,687707,32,122036,32,124,124,245,1157,2,0,1039,124,124,124,122,122,2,1,32000,32,32,32,7,245,7,245,32000,32,32000,32,687707,32,2671205,0
3890,122453,32000,32000,0,0,0,0,0,687707,32,122421,32,124,124,245,1542,2,0,1039,124,124,124,122,122,12,1,32000,32,32,32,7,245,7,245,32000,32,32000,32,687707,32,2679631,0
3900,122712,32000,32000,0,0,0,0,0,687707,32,122680,32,124,124,246,802,1,1000,793,124,124,124,123,123,22,1,32000,32,32,32,7,246,7,246,32000,32,32000,32,687707,32,2685351,0
3910,122976,32000,32000,0,0,0,0,0,687707,32,122944,32,125,125,247,1066,2,0,1026,125,125,125,123,123,0,1,32000,32,32,32,7,247,7,247,32000,32,32000,32,687707,32,2691159,0
3920,123323,32000,32000,0,0,0,0,0,687707,32,123291,32,125,125,247,1413,2,0,1026,125,125,125,123,123,10,1,32000,32,32,32,7,247,7,247,32000,32,32000,32,687707,32,2698815,0
3930,123575,32000,32000,0,0,0,0,0,687707,32,123543,32,125,125,248,666,1,1000,655,125,125,125,124,124,20,1,32000,32,32,32,7,248,7,248,32000,32,32000,32,687707,32,2704359,0
3940,123897,32000,32000,0,0,0,0,0,687707,32,123865,32,125,125,248,988,1,1000,655,125,125,125,124,124,30,1,32000,32,32,32,7,248,7,248,32000,32,32000,32,687707,32,2711465,0
3950,124281,32000,32000,0,0,0,0,0,687707,32,124249,32,126,126,249,1372,2,0,1048,126,126,126,124,124,8,1,32000,32,32,32,7,249,7,249,32000,32,32000,32,687707,32,2719891,0
3960,124548,32000,32000,0,0,0,0,0,687707,32,124516,32,126,126,250,640,1,1000,635,126,126,126,125,125,18,1,32000,32,32,32,7,250,7,250,32000,32,32000,32,687707,32,2725787,0
3970,124808,32000,32000,0,0,0,0,0,687707,32,124776,32,126,126,250,900,1,1000,635,126,126,126,125,125,26,1,32000,32,32,32,7,250,7,250,32000,32,32000,32,687707,32,2731529,0
3980,125185,32000,32000,0,0,0,0,0,687707,32,125153,32,127,127,251,1277,2,0,1049,127,127,127,125,125,6,1,32000,32,32,32,7,251,7,251,32000,32,32000,32,687707,32,2739801,0
3990,125514,32000,32000,0,0,0,0,0,687707,32,125482,32,127,127,252,607,1,1000,602,127,127,127,126,126,16,1,32000,32,32,32,7,252,7,252,32000,32,32000,32,687707,32,2747061,0
4000,125753,32000,32000,0,0,0,0,0,687707,32,125721,32,127,127,252,846,1,1000,602,127,127,127,126,126,26,1,32000,32,32,32,7,252,7,252,32000,32,32000,32,687707,32,2752319,0
4010,126115,32000,32000,0,0,0,0,0,687707,32,126083,32,128,128,253,1208,2,0,1048,128,128,128,126,126,4,1,32000,32,32,32,7,253,7,253,32000,32,32000,32,687707,32,2760305,0
4020,126465,32000,32000,0,0,0,0,0,687707,32,126433,32,128,128,253,1558,2,0,1048,128,128,128,126,126,12,1,32000,32,32,32,7,253,7,253,32000,32,32000,32,687707,32,2767983,0
4030,126659,32000,32000,0,0,0,0,0,687707,32,126627,32,128,128,254,753,1,1000,562,128,128,128,127,127,24,1,32000,32,32,32,7,254,7,254,32000,32,32000,32,687707,32,2772273,0
4040,127037,32000,32000,0,0,0,0,0,687707,32,127005,32,129,129,255,1131,2,0,1051,129,129,129,127,127,2,1,32000,32,32,32,7,255,7,255,32000,32,32000,32,687707,32,2780589,0
4050,127416,32000,32000,0,0,0,0,0,687707,32,127384,32,129,129,255,1510,2,0,1051,129,129,129,127,127,12,1,32000,32,32,32,7,255,7,255,32000,32,32000,32,687707,32,2788949,0
4060,127568,32000,32000,0,0,0,0,0,687707,32,127536,32,129,129,256,663,1,1000,517,129,129,129,128,128,20,1,32000,32,32,32,7,256,7,256,32000,32,32000,32,687707,32,2792315,0
4070,127944,32000,32000,0,0,0,0,0,687707,32,127912,32,129,129,256,1039,2,1000,517,129,130,129,128,128,30,1,32000,32,32,32,7,256,7,256,32000,32,32000,32,687707,32,2800565,0
4080,128317,32000,32000,0,0,0,0,0,687707,32,128285,32,130,130,257,1412,2,0,1049,130,130,130,128,128,8,1,32000,32,32,32,7,257,7,257,32000,32,32000,32,687707,32,2808771,0
4090,128522,32000,32000,0,0,0,0,0,687707,32,128490,32,130,130,258,618,1,1000,460,130,130,130,129,129,20,1,32000,32,32,32,7,258,7,258,32000,32,32000,32,687707,32,2813303,0
4100,128888,32000,32000,0,0,0,0,0,687707,32,128856,32,130,130,258,984,1,1000,460,130,130,130,129,129,30,1,32000,32,32,32,7,258,7,258,32000,32,32000,32,687707,32,2821355,0
4110,129226,32000,32000,0,0,0,0,0,687707,32,129194,32,131,131,259,1322,2,0,1049,131,131,131,129,129,6,1,32000,32,32,32,7,259,7,259,32000,32,32000,32,687707,32,2828791,0
4120,129604,32000,32000,0,0,0,0,0,687707,32,129572,32,131,131,259,1700,2,0,1049,131,131,131,129,129,16,1,32000,32,32,32,7,259,7,259,32000,32,32000,32,687707,32,2837107,0
4130,129867,32000,32000,0,0,0,0,0,687707,32,129835,32,131,131,260,964,1,1000,961,131,131,131,130,130,26,1,32000,32,32,32,7,260,7,260,32000,32,32000,32,687707,32,2842915,0
4140,130166,32000,32000,0,0,0,0,0,687707,32,130134,32,132,132,261,1263,2,0,1054,132,132,132,130,130,4,1,32000,32,32,32,7,261,7,261,32000,32,32000,32,687707,32,2849493,0
4150,130418,32000,32000,0,0,0,0,0,687707,32,130386,32,132,132,262,516,1,1000,507,132,132,132,131,131,14,1,32000,32,32,32,7,262,7,262,32000,32,32000,32,687707,32,2855059,0
4160,130706,32000,32000,0,0,0,0,0,687707,32,130674,32,132,132,262,804,1,1000,507,132,132,132,131,131,24,1,32000,32,32,32,7,262,7,262,32000,32,32000,32,687707,32,2861395,0
4170,131083,32000,32000,0,0,0,0,0,687707,32,131051,32,133,133,263,1181,2,0,1054,133,133,133,131,131,2,1,32000,32,32,32,7,263,7,263,32000,32,32000,32,687707,32,2869689,0
4180,131459,32000,32000,0,0,0,0,0,687707,32,131427,32,133,133,263,1557,2,0,1054,133,133,133,131,131,12,1,32000,32,32,32,7,263,7,263,32000,32,32000,32,687707,32,2877961,0
4190,131757,32000,32000,0,0,0,0,0,687707,32,131725,32,133,133,264,856,1,1000,851,133,133,133,132,132,22,1,32000,32,32,32,7,264,7,264,32000,32,32000,32,687707,32,2884539,0
4200,131990,32000,32000,0,0,0,0,0,687707,32,131958,32,134,134,265,1089,2,0,1053,134,134,134,132,132,0,1,32000,32,32,32,7,265,7,265,32000,32,32000,32,687707,32,2889665,0
4210,132253,32000,32000,0,0,0,0,0,687707,32,132221,32,134,134,265,1352,2,0,1053,134,134,134,132,132,10,1,32000,32,32,32,7,265,7,265,32000,32,32000,32,687707,32,2895473,0
4220,132513,32000,32000,0,0,0,0,0,687707,32,132481,32,134,134,266,613,1,1000,600,134,134,134,133,133,20,1,32000,32,32,32,7,266,7,266,32000,32,32000,32,687707,32,2901193,0
4230,132832,32000,32000,0,0,0,0,0,687707,32,132800,32,134,134,266,932,1,1000,600,134,134,134,133,133,30,1,32000,32,32,32,7,266,7,266,32000,32,32000,32,687707,32,2908211,0
4240,133166,32000,32000,0,0,0,0,0,687707,32,133134,32,135,135,267,1266,2,0,1045,135,135,135,133,133,6,1,32000,32,32,32,7,267,7,267,32000,32,32000,32,687707,32,2915559,0
4250,133495,32000,32000,0,0,0,0,0,687707,32,133463,32,135,135,268,596,1,1000,591,135,135,135,134,134,16,1,32000,32,32,32,7,268,7,268,32000,32,32000,32,687707,32,2922819,0
4260,133737,32000,32000,0,0,0,0,0,687707,32,133705,32,135,135,268,838,1,1000,591,135,135,135,134,134,26,1,32000,32,32,32,7,268,7,268,32000,32,32000,32,687707,32,2928143,0
4270,134112,32000,32000,0,0,0,0,0,687707,32,134080,32,136,136,269,1213,2,0,1043,136,136,136,134,134,4,1,32000,32,32,32,7,269,7,269,32000,32,32000,32,687707,32,2936393,0
4281,134451,32000,32000,0,0,0,0,0,687707,32,134419,32,136,136,270,553,1,1000,537,136,136,136,135,135,14,1,32000,32,32,32,7,270,7,270,32000,32,32000,32,687707,32,2943873,0
4290,134649,32000,32000,0,0,0,0,0,687707,32,134617,32,136,136,270,751,1,1000,537,136,136,136,135,135,22,1,32000,32,32,32,7,270,7,270,32000,32,32000,32,687707,32,2948229,0
4300,135013,32000,32000,0,0,0,0,0,687707,32,134981,32,137,137,271,1115,2,0,1038,137,137,137,135,135,2,1,32000,32,32,32,7,271,7,271,32000,32,32000,32,687707,32,2956237,0
4310,135385,32000,32000,0,0,0,0,0,687707,32,135353,32,137,137,271,1487,2,0,1038,137,137,137,135,135,12,1,32000,32,32,32,7,271,7,271,32000,32,32000,32,687707,32,2964421,0
4320,135762,32000,32000,0,0,0,0,0,687707,32,135730,32,137,137,271,1864,2,0,1038,137,137,137,135,135,22,1,32000,32,32,32,7,271,7,271,32000,32,32000,32,687707,32,2972737,0
4330,135917,32000,32000,0,0,0,0,0,687707,32,135885,32,138,138,273,1020,2,0,1016,138,138,138,136,136,2,1,32000,32,32,32,8,273,8,273,32000,32,32000,32,687707,32,2976169,0
4340,136295,32000,32000,0,0,0,0,0,687707,32,136263,32,138,138,273,1398,2,0,1016,138,138,138,136,136,12,1,32000,32,32,32,8,273,8,273,32000,32,32000,32,687707,32,2984463,0
4350,136490,32000,32000,0,0,0,0,0,687707,32,136458,32,138,138,274,594,1,1000,447,138,138,138,137,137,22,1,32000,32,32,32,8,274,8,274,32000,32,32000,32,687707,32,2988775,0
4360,136869,32000,32000,0,0,0,0,0,687707,32,136837,32,138,138,274,973,1,1000,447,138,138,138,137,137,34,1,32000,32,32,32,8,274,8,274,32000,32,32000,32,687707,32,2997113,0
4370,137243,32000,32000,0,0,0,0,0,687707,32,137211,32,139,139,275,1347,2,0,1042,139,139,139,137,137,8,1,32000,32,32,32,8,275,8,275,32000,32,32000,32,687707,32,3005341,0
4380,137578,32000,32000,0,0,0,0,0,687707,32,137546,32,139,139,275,1682,2,0,1042,139,139,139,137,137,16,1,32000,32,32,32,8,275,8,275,32000,32,32000,32,687707,32,3012711,0
4390,137846,32000,32000,0,0,0,0,0,687707,32,137814,32,139,139,276,951,1,1000,945,139,139,139,138,138,26,1,32000,32,32,32,8,276,8,276,32000,32,32000,32,687707,32,3018629,0
4400,138143,32000,32000,0,0,0,0,0,687707,32,138111,32,140,140,277,1249,2,0,1037,140,140,140,138,138,4,1,32000,32,32,32,8,277,8,277,32000,32,32000,32,687707,32,3025185,0
4410,138503,32000,32000,0,0,0,0,0,687707,32,138471,32,140,140,278,609,1,1000,605,140,140,140,139,139,15,1,32000,32,32,32,8,278,8,278,32000,32,32000,32,687707,32,3033105,0
4420,138678,32000,32000,0,0,0,0,0,687707,32,138646,32,140,140,278,784,1,1000,605,140,140,140,139,139,24,1,32000,32,32,32,8,278,8,278,32000,32,32000,32,687707,32,3036955,0
4430,139051,32000,32000,0,0,0,0,0,687707,32,139019,32,141,141,279,1157,2,0,1037,141,141,141,139,139,2,1,32000,32,32,32,8,279,8,279,32000,32,32000,32,687707,32,3045161,0
4440,139429,32000,32000,0,0,0,0,0,687707,32,139397,32,141,141,279,1535,2,0,1037,141,141,141,139,139,12,1,32000,32,32,32,8,279,8,279,32000,32,32000,32,687707,32,3053477,0
4450,139749,32000,32000,0,0,0,0,0,687707,32,139717,32,141,141,280,856,1,1000,851,141,141,141,140,140,22,1,32000,32,32,32,8,280,8,280,32000,32,32000,32,687707,32,3060539,0
4461,140001,32000,32000,0,0,0,0,0,687707,32,139969,32,142,142,281,1108,2,0,1039,142,142,142,140,140,0,1,32000,32,32,32,8,281,8,281,32000,32,32000,32,687707,32,3066083,0
4470,140337,32000,32000,0,0,0,0,0,687707,32,140305,32,142,142,281,1444,2,0,1039,142,142,142,140,140,10,1,32000,32,32,32,8,281,8,281,32000,32,32000,32,687707,32,3073475,0
4480,140684,32000,32000,0,0,0,0,0,687707,32,140652,32,142,142,282,792,1,1000,789,142,142,142,141,141,20,1,32000,32,32,32,8,282,8,282,32000,32,32000,32,687707,32,3081131,0
4490,140911,32000,32000,0,0,0,0,0,687707,32,140879,32,142,142,282,1019,2,1000,789,142,143,142,141,141,30,1,32000,32,32,32,8,282,8,282,32000,32,32000,32,687707,32,3086125,0
4500,141276,32000,32000,0,0,0,0,0,687707,32,141244,32,143,143,283,1384,2,0,1042,143,143,143,141,141,8,1,32000,32,32,32,8,283,8,283,32000,32,32000,32,687707,32,3094155,0
4510,141418,32000,32000,0,0,0,0,0,687707,32,141386,32,143,143,284,527,1,1000,524,143,143,143,142,142,18,1,32000,32,32,32,8,284,8,284,32000,32,32000,32,687707,32,3097301,0
4520,141703,32000,32000,0,0,0,0,0,687707,32,141671,32,143,143,284,812,1,1000,524,143,143,143,142,142,28,1,32000,32,32,32,8,284,8,284,32000,32,32000,32,687707,32,3103593,0
4530,142080,32000,32000,0,0,0,0,0,687707,32,142048,32,144,144,285,1189,2,0,1012,144,144,144,142,142,4,1,32000,32,32,32,8,285,8,285,32000,32,32000,32,687707,32,3111865,0
4540,142455,32000,32000,0,0,0,0,0,687707,32,142423,32,144,144,285,1564,2,0,1012,144,144,144,142,142,14,1,32000,32,32,32,8,285,8,285,32000,32,32000,32,687707,32,3120115,0
4550,142834,32000,32000,0,0,0,0,0,687707,32,142802,32,144,144,285,1943,2,0,1012,144,144,144,142,142,24,1,32000,32,32,32,8,285,8,285,32000,32,32000,32,687707,32,3128453,0
4560,142992,32000,32000,0,0,0,0,0,687707,32,142960,32,145,145,287,1102,2,0,1008,145,145,145,143,143,6,1,32000,32,32,32,8,287,8,287,32000,32,32000,32,687707,32,3131951,0
4570,143336,32000,32000,0,0,0,0,0,687707,32,143304,32,145,145,288,447,1,1000,439,145,145,145,144,144,16,1,32000,32,32,32,8,288,8,288,32000,32,32000,32,687707,32,3139541,0
4580,143568,32000,32000,0,0,0,0,0,687707,32,143536,32,145,145,288,679,1,1000,439,145,145,145,144,144,26,1,32000,32,32,32,8,288,8,288,32000,32,32000,32,687707,32,3144645,0
4590,143944,32000,32000,0,0,0,0,0,687707,32,143912,32,146,146,289,1055,2,0,1028,146,146,146,144,144,0,1,32000,32,32,32,8,289,8,289,32000,32,32000,32,687707,32,3152917,0
4600,144286,32000,32000,0,0,0,0,0,687707,32,144254,32,146,146,289,1397,2,0,1028,146,146,146,144,144,8,1,32000,32,32,32,8,289,8,289,32000,32,32000,32,687707,32,3160441,0
4610,144662,32000,32000,0,0,0,0,0,687707,32,144630,32,146,146,289,1773,2,0,1028,146,146,146,144,144,20,1,32000,32,32,32,8,289,8,289,32000,32,32000,32,687707,32,3168713,0
4620,144864,32000,32000,0,0,0,0,0,687707,32,144832,32,146,146,290,976,1,1000,958,146,146,146,145,145,30,1,32000,32,32,32,8,290,8,290,32000,32,32000,32,687707,32,3173179,0
4630,145246,32000,32000,0,0,0,0,0,687707,32,145214,32,147,147,291,1358,2,0,1127,147,147,147,145,145,6,1,32000,32,32,32,8,291,8,291,32000,32,32000,32,687707,32,3181583,0
4640,145442,32000,32000,0,0,0,0,0,687707,32,145410,32,147,147,292,555,1,1000,514,147,147,147,146,146,16,1,32000,32,32,32,8,292,8,292,32000,32,32000,32,687707,32,3185917,0
4650,145786,32000,32000,0,0,0,0,0,687707,32,145754,32,147,147,292,899,1,1000,514,147,147,147,146,146,24,1,32000,32,32,32,8,292,8,292,32000,32,32000,32,687707,32,3193485,0
4660,146164,32000,32000,0,0,0,0,0,687707,32,146132,32,148,148,293,1277,2,0,1059,148,148,148,146,146,4,1,32000,32,32,32,8,293,8,293,32000,32,32000,32,687707,32,3201996,0
4670,146542,32000,32000,0,0,0,0,0,687707,32,146510,32,148,148,293,1655,2,0,1059,148,148,148,146,146,16,1,32000,32,32,32,8,293,8,293,32000,32,32000,32,687707,32,3210690,0
4680,146749,32000,32000,0,0,0,0,0,687707,32,146717,32,148,148,294,863,1,1000,857,148,148,148,147,147,26,1,32000,32,32,32,8,294,8,294,32000,32,32000,32,687707,32,3215474,0
4691,147121,32000,32000,0,0,0,0,0,687707,32,147089,32,149,149,295,1235,2,0,1072,149,149,149,147,147,4,1,32000,32,32,32,8,295,8,295,32000,32,32000,32,687707,32,3224030,0
4700,147461,32000,32000,0,0,0,0,0,687707,32,147429,32,149,149,295,1575,2,0,1072,149,149,149,147,147,12,1,32000,32,32,32,8,295,8,295,32000,32,32000,32,687707,32,3231850,0
4710,147703,32000,32000,0,0,0,0,0,687707,32,147671,32,149,149,296,818,1,1000,813,149,149,149,148,148,22,1,32000,32,32,32,8,296,8,296,32000,32,32000,32,687707,32,3237439,0
4720,148040,32000,32000,0,0,0,0,0,687707,32,148008,32,150,150,297,1155,2,0,1008,150,150,150,148,148,2,1,32000,32,32,32,8,297,8,297,32000,32,32000,32,687707,32,3245190,0
4730,148415,32000,32000,0,0,0,0,0,687707,32,148383,32,150,150,297,1530,2,0,1008,150,150,150,148,148,12,1,32000,32,32,32,8,297,8,297,32000,32,32000,32,687707,32,3253815,0
4740,148641,32000,32000,0,0,0,0,0,687707,32,148609,32,150,150,298,757,1,1000,745,150,150,150,149,149,22,1,32000,32,32,32,8,298,8,298,32000,32,32000,32,687707,32,3259036,0
4750,148951,32000,32000,0,0,0,0,0,687707,32,148919,32,151,151,299,1067,2,0,1016,151,151,151,149,149,0,1,32000,32,32,32,8,299,8,299,32000,32,32000,32,687707,32,3266166,0
4760,149333,32000,32000,0,0,0,0,0,687707,32,149301,32,151,151,299,1449,2,0,1016,151,151,151,149,149,10,1,32000,32,32,32,8,299,8,299,32000,32,32000,32,687707,32,3274952,0
4770,149582,32000,32000,0,0,0,0,0,687707,32,149550,32,151,151,300,699,1,1000,694,151,151,151,150,150,20,1,32000,32,32,32,8,300,8,300,32000,32,32000,32,687707,32,3280702,0
4780,149909,32000,32000,0,0,0,0,0,687707,32,149877,32,151,151,300,1026,2,1000,694,151,152,151,150,150,30,1,32000,32,32,32,8,300,8,300,32000,32,32000,32,687707,32,3288223,0
4790,150250,32000,32000,0,0,0,0,0,687707,32,150218,32,152,152,301,1367,2,0,1038,152,152,152,150,150,8,1,32000,32,32,32,8,301,8,301,32000,32,32000,32,687707,32,3296066,0
4800,150539,32000,32000,0,0,0,0,0,687707,32,150507,32,152,152,302,657,1,1000,651,152,152,152,151,151,18,1,32000,32,32,32,8,302,8,302,32000,32,32000,32,687707,32,3302736,0
4810,150795,32000,32000,0,0,0,0,0,687707,32,150763,32,152,152,302,913,1,1000,651,152,152,152,151,151,28,1,32000,32,32,32,8,302,8,302,32000,32,32000,32,687707,32,3308624,0
4820,151182,32000,32000,0,0,0,0,0,687707,32,151150,32,153,153,303,1300,2,0,1034,153,153,153,151,151,6,1,32000,32,32,32,8,303,8,303,32000,32,32000,32,687707,32,3317525,0
4830,151420,32000,32000,0,0,0,0,0,687707,32,151388,32,153,153,304,539,1,1000,532,153,153,153,152,152,16,1,32000,32,32,32,8,304,8,304,32000,32,32000,32,687707,32,3323022,0
4840,151718,32000,32000,0,0,0,0,0,687707,32,151686,32,153,153,304,837,1,1000,532,153,153,153,152,152,26,1,32000,32,32,32,8,304,8,304,32000,32,32000,32,687707,32,3329876,0
4850,152092,32000,32000,0,0,0,0,0,687707,32,152060,32,154,154,305,1211,2,0,1053,154,154,154,152,152,4,1,32000,32,32,32,8,305,8,305,32000,32,32000,32,687707,32,3338478,0
4860,152368,32000,32000,0,0,0,0,0,687707,32,152336,32,154,154,306,488,1,1000,478,154,154,154,153,153,14,1,32000,32,32,32,8,306,8,306,32000,32,32000,32,687707,32,3344849,0
4870,152670,32000,32000,0,0,0,0,0,687707,32,152638,32,154,154,306,790,1,1000,478,154,154,154,153,153,24,1,32000,32,32,32,8,306,8,306,32000,32,32000,32,687707,32,3351795,0
4880,153015,32000,32000,0,0,0,0,0,687707,32,152983,32,155,155,307,1135,2,0,1057,155,155,155,153,153,2,1,32000,32,32,32,8,307,8,307,32000,32,32000,32,687707,32,3359776,0
4890,153393,32000,32000,0,0,0,0,0,687707,32,153361,32,155,155,307,1513,2,0,1057,155,155,155,153,153,12,1,32000,32,32,32,8,307,8,307,32000,32,32000,32,687707,32,3368447,0
4900,153772,32000,32000,0,0,0,0,0,687707,32,153740,32,155,155,307,1892,2,0,1057,155,155,155,153,153,22,1,32000,32,32,32,8,307,8,307,32000,32,32000,32,687707,32,3377164,0
4910,153965,32000,32000,0,0,0,0,0,687707,32,153933,32,156,156,309,1086,2,0,1074,156,156,156,154,154,0,1,32000,32,32,32,8,309,8,309,32000,32,32000,32,687707,32,3381603,0
4920,154346,32000,32000,0,0,0,0,0,687707,32,154314,32,156,156,309,1467,2,0,1074,156,156,156,154,154,10,1,32000,32,32,32,8,309,8,309,32000,32,32000,32,687707,32,3390366,0
4930,154509,32000,32000,0,0,0,0,0,687707,32,154477,32,156,156,310,631,1,1000,591,156,156,156,155,155,18,1,32000,32,32,32,8,310,8,310,32000,32,32000,32,687707,32,3394138,0
4940,154887,32000,32000,0,0,0,0,0,687707,32,154855,32,156,156,310,1009,2,1000,591,156,157,156,155,155,28,1,32000,32,32,32,8,310,8,310,32000,32,32000,32,687707,32,3402855,0
4950,155272,32000,32000,0,0,0,0,0,687707,32,155240,32,157,157,311,1394,2,0,1010,157,157,157,155,155,10,1,32000,32,32,32,8,311,8,311,32000,32,32000,32,687707,32,3411687,0
4960,155653,32000,32000,0,0,0,0,0,687707,32,155621,32,157,157,311,1775,2,0,1010,157,157,157,155,155,20,1,32000,32,32,32,8,311,8,311,32000,32,32000,32,687707,32,3420450,0
4971,155851,32000,32000,0,0,0,0,0,687707,32,155819,32,157,157,312,974,1,1000,879,157,157,157,156,156,30,1,32000,32,32,32,8,312,8,312,32000,32,32000,32,687707,32,3425050,0
4980,156195,32000,32000,0,0,0,0,0,687707,32,156163,32,158,158,313,1318,2,0,1115,158,158,158,156,156,4,1,32000,32,32,32,8,313,8,313,32000,32,32000,32,687707,32,3432939,0
4990,156452,32000,32000,0,0,0,0,0,687707,32,156420,32,158,158,314,576,1,1000,575,158,158,158,157,157,14,1,32000,32,32,32,8,314,8,314,32000,32,32000,32,687707,32,3438873,0
5000,156770,32000,32000,0,0,0,0,0,687707,32,156738,32,158,158,314,894,1,1000,575,158,158,158,157,157,24,1,32000,32,32,32,8,314,8,314,32000,32,32000,32,687707,32,3446187,0
5010,157154,32000,32000,0,0,0,0,0,687707,32,157122,32,159,159,315,1278,2,0,1049,159,159,159,157,157,6,1,32000,32,32,32,8,315,8,315,32000,32,32000,32,687707,32,3455042,0
5020,157491,32000,32000,0,0,0,0,0,687707,32,157459,32,159,159,315,1615,2,0,1049,159,159,159,157,157,14,1,32000,32,32,32,8,315,8,315,32000,32,32000,32,687707,32,3462770,0
5030,157709,32000,32000,0,0,0,0,0,687707,32,157677,32,159,159,316,834,1,1000,734,159,159,159,158,158,24,1,32000,32,32,32,8,316,8,316,32000,32,32000,32,687707,32,3467807,0
5040,158096,32000,32000,0,0,0,0,0,687707,32,158064,32,160,160,317,1221,2,0,1073,160,160,160,158,158,2,1,32000,32,32,32,8,317,8,317,32000,32,32000,32,687707,32,3476708,0
5050,158476,32000,32000,0,0,0,0,0,687707,32,158444,32,160,160,317,1601,2,0,1073,160,160,160,158,158,12,1,32000,32,32,32,8,317,8,317,32000,32,32000,32,687707,32,3485471,0
5061,158675,32000,32000,0,0,0,0,0,687707,32,158643,32,160,160,318,801,1,1000,711,160,160,160,159,159,22,1,32000,32,32,32,8,318,8,318,32000,32,32000,32,687707,32,3490048,0
5070,159020,32000,32000,0,0,0,0,0,687707,32,158988,32,161,161,319,1146,2,0,1029,161,161,161,159,159,2,1,32000,32,32,32,8,319,8,319,32000,32,32000,32,687707,32,3498006,0
5080,159392,32000,32000,0,0,0,0,0,687707,32,159360,32,161,161,319,1518,2,0,1029,161,161,161,159,159,12,1,32000,32,32,32,8,319,8,319,32000,32,32000,32,687707,32,3506539,0
5090,159583,32000,32000,0,0,0,0,0,687707,32,159551,32,161,161,320,710,1,1000,650,161,161,161,160,160,22,1,32000,32,32,32,8,320,8,320,32000,32,32000,32,687707,32,3510955,0
5100,159964,32000,32000,0,0,0,0,0,687707,32,159932,32,162,162,321,1091,2,0,1030,162,162,162,160,160,0,1,32000,32,32,32,8,321,8,321,32000,32,32000,32,687707,32,3519718,0
5110,160204,32000,32000,0,0,0,0,0,687707,32,160172,32,162,162,321,1331,2,0,1030,162,162,162,160,160,10,1,32000,32,32,32,8,321,8,321,32000,32,32000,32,687707,32,3525238,0
5120,160397,32000,32000,0,0,0,0,0,687707,32,160365,32,162,162,322,525,1,1000,369,162,162,162,161,161,20,1,32000,32,32,32,8,322,8,322,32000,32,32000,32,687707,32,3529700,0
5130,160774,32000,32000,0,0,0,0,0,687707,32,160742,32,162,162,322,902,1,1000,369,162,162,162,161,161,30,1,32000,32,32,32,8,322,8,322,32000,32,32000,32,687707,32,3538394,0
5140,161161,32000,32000,0,0,0,0,0,687707,32,161129,32,163,163,323,1289,2,0,1040,163,163,163,161,161,6,1,32000,32,32,32,8,323,8,323,32000,32,32000,32,687707,32,3547272,0
5150,161540,32000,32000,0,0,0,0,0,687707,32,161508,32,163,163,323,1668,2,0,1040,163,163,163,161,161,16,1,32000,32,32,32,8,323,8,323,32000,32,32000,32,687707,32,3555989,0
5160,161793,32000,32000,0,0,0,0,0,687707,32,161761,32,163,163,324,922,1,1000,910,163,163,163,162,162,26,1,32000,32,32,32,8,324,8,324,32000,32,32000,32,687707,32,3561831,0
5170,162085,32000,32000,0,0,0,0,0,687707,32,162053,32,164,164,325,1214,2,0,1054,164,164,164,162,162,4,1,32000,32,32,32,8,325,8,325,32000,32,32000,32,687707,32,3568547,0
5180,162465,32000,32000,0,0,0,0,0,687707,32,162433,32,164,164,325,1594,2,0,1054,164,164,164,162,162,14,1,32000,32,32,32,8,325,8,325,32000,32,32000,32,687707,32,3577287,0
5190,162667,32000,32000,0,0,0,0,0,687707,32,162635,32,164,164,326,797,1,1000,784,164,164,164,163,163,24,1,32000,32,32,32,8,326,8,326,32000,32,32000,32,687707,32,3581956,0
5200,163048,32000,32000,0,0,0,0,0,687707,32,163016,32,165,165,327,1178,2,0,1009,165,165,165,163,163,4,1,32000,32,32,32,8,327,8,327,32000,32,32000,32,687707,32,3590719,0
5210,163394,32000,32000,0,0,0,0,0,687707,32,163362,32,165,165,327,1524,2,0,1009,165,165,165,163,163,12,1,32000,32,32,32,8,327,8,327,32000,32,32000,32,687707,32,3598677,0
5220,163660,32000,32000,0,0,0,0,0,687707,32,163628,32,165,165,328,791,1,1000,783,165,165,165,164,164,22,1,32000,32,32,32,8,328,8,328,32000,32,32000,32,687707,32,3604818,0
5230,163967,32000,32000,0,0,0,0,0,687707,32,163935,32,166,166,329,1098,2,0,1017,166,166,166,164,164,2,1,32000,32,32,32,8,329,8,329,32000,32,32000,32,687707,32,3611879,0
5240,164353,32000,32000,0,0,0,0,0,687707,32,164321,32,166,166,329,1484,2,0,1017,166,166,166,164,164,12,1,32000,32,32,32,8,329,8,329,32000,32,32000,32,687707,32,3620757,0
5250,164588,32000,32000,0,0,0,0,0,687707,32,164556,32,166,166,330,720,1,1000,715,166,166,166,165,165,20,1,32000,32,32,32,8,330,8,330,32000,32,32000,32,687707,32,3626185,0
5260,164885,32000,32000,0,0,0,0,0,687707,32,164853,32,166,166,330,1017,2,1000,715,166,167,166,165,165,30,1,32000,32,32,32,8,330,8,330,32000,32,32000,32,687707,32,3633016,0
5270,165274,32000,32000,0,0,0,0,0,687707,32,165242,32,167,167,331,1406,2,0,1037,167,167,167,165,165,8,1,32000,32,32,32,8,331,8,331,32000,32,32000,32,687707,32,3641963,0
5280,165520,32000,32000,0,0,0,0,0,687707,32,165488,32,167,167,332,653,1,1000,635,167,167,167,166,166,18,1,32000,32,32,32,8,332,8,332,32000,32,32000,32,687707,32,3647644,0
5290,165858,32000,32000,0,0,0,0,0,687707,32,165826,32,167,167,332,991,1,1000,635,167,167,167,166,166,30,1,32000,32,32,32,8,332,8,332,32000,32,32000,32,687707,32,3655418,0
5300,166204,32000,32000,0,0,0,0,0,687707,32,166172,32,168,168,333,1337,2,0,1065,168,168,168,166,166,6,1,32000,32,32,32,8,333,8,333,32000,32,32000,32,687707,32,3663376,0
5310,166463,32000,32000,0,0,0,0,0,687707,32,166431,32,168,168,334,597,1,1000,592,168,168,168,167,167,16,1,32000,32,32,32,8,334,8,334,32000,32,32000,32,687707,32,3669356,0
5320,166780,32000,32000,0,0,0,0,0,687707,32,166748,32,168,168,334,914,1,1000,592,168,168,168,167,167,26,1,32000,32,32,32,8,334,8,334,32000,32,32000,32,687707,32,3676647,0
5330,167161,32000,32000,0,0,0,0,0,687707,32,167129,32,169,169,335,1295,2,0,1013,169,169,169,167,167,6,1,32000,32,32,32,8,335,8,335,32000,32,32000,32,687707,32,3685433,0
5340,167441,32000,32000,0,0,0,0,0,687707,32,167409,32,169,169,336,576,1,1000,572,169,169,169,168,168,16,1,32000,32,32,32,8,336,8,336,32000,32,32000,32,687707,32,3691873,0
5350,167693,32000,32000,0,0,0,0,0,687707,32,167661,32,169,169,336,828,1,1000,572,169,169,169,168,168,26,1,32000,32,32,32,8,336,8,336,32000,32,32000,32,687707,32,3697669,0
5360,168078,32000,32000,0,0,0,0,0,687707,32,168046,32,170,170,337,1213,2,0,1022,170,170,170,168,168,4,1,32000,32,32,32,8,337,8,337,32000,32,32000,32,687707,32,3706547,0
5370,168455,32000,32000,0,0,0,0,0,687707,32,168423,32,170,170,337,1590,2,0,1022,170,170,170,168,168,14,1,32000,32,32,32,8,337,8,337,32000,32,32000,32,687707,32,3715195,0
5380,168838,32000,32000,0,0,0,0,0,687707,32,168806,32,170,170,337,1973,2,0,1022,170,170,170,168,168,24,1,32000,32,32,32,8,337,8,337,32000,32,32000,32,687707,32,3724004,0
5390,169010,32000,32000,0,0,0,0,0,687707,32,168978,32,171,171,339,1146,2,0,1002,171,171,171,169,169,6,1,32000,32,32,32,8,339,8,339,32000,32,32000,32,687707,32,3727983,0
5400,169244,32000,32000,0,0,0,0,0,687707,32,169212,32,171,171,340,381,1,1000,378,171,171,171,170,170,16,1,32000,32,32,32,8,340,8,340,32000,32,32000,32,687707,32,3733388,0
5410,169499,32000,32000,0,0,0,0,0,687707,32,169467,32,171,171,340,636,1,1000,378,171,171,171,170,170,26,1,32000,32,32,32,8,340,8,340,32000,32,32000,32,687707,32,3739253,0
5420,169882,32000,32000,0,0,0,0,0,687707,32,169850,32,171,171,340,1019,2,1000,378,171,172,171,170,170,36,1,32000,32,32,32,8,340,8,340,32000,32,32000,32,687707,32,3748062,0
5430,170268,32000,32000,0,0,0,0,0,687707,32,170236,32,172,172,341,1405,2,0,1059,172,172,172,170,170,8,1,32000,32,32,32,8,341,8,341,32000,32,32000,32,687707,32,3756940,0
5440,170549,32000,32000,0,0,0,0,0,687707,32,170517,32,172,172,342,687,1,1000,682,172,172,172,171,171,18,1,32000,32,32,32,8,342,8,342,32000,32,32000,32,687707,32,3763426,0
5450,170808,32000,32000,0,0,0,0,0,687707,32,170776,32,172,172,342,946,1,1000,682,172,172,172,171,171,28,1,32000,32,32,32,8,342,8,342,32000,32,32000,32,687707,32,3769383,0
5460,171184,32000,32000,0,0,0,0,0,687707,32,171152,32,173,173,343,1322,2,0,1074,173,173,173,171,171,6,1,32000,32,32,32,8,343,8,343,32000,32,32000,32,687707,32,3778031,0
5470,171452,32000,32000,0,0,0,0,0,687707,32,171420,32,173,173,344,591,1,1000,583,173,173,173,172,172,16,1,32000,32,32,32,8,344,8,344,32000,32,32000,32,687707,32,3784218,0
5480,171764,32000,32000,0,0,0,0,0,687707,32,171732,32,173,173,344,903,1,1000,583,173,173,173,172,172,26,1,32000,32,32,32,8,344,8,344,32000,32,32000,32,687707,32,3791394,0
5490,172111,32000,32000,0,0,0,0,0,687707,32,172079,32,174,174,345,1250,2,0,1025,174,174,174,172,172,6,1,32000,32,32,32,8,345,8,345,32000,32,32000,32,687707,32,3799375,0
5500,172489,32000,32000,0,0,0,0,0,687707,32,172457,32,174,174,345,1628,2,0,1025,174,174,174,172,172,16,1,32000,32,32,32,8,345,8,345,32000,32,32000,32,687707,32,3808069,0
5510,172869,32000,32000,0,0,0,0,0,687707,32,172837,32,174,174,345,2008,3,0,1025,174,175,174,172,172,26,1,32000,32,32,32,8,345,8,345,32000,32,32000,32,687707,32,3816809,0
5520,173071,32000,32000,0,0,0,0,0,687707,32,173039,32,175,175,347,1211,2,0,1024,175,175,175,173,173,8,1,32000,32,32,32,9,347,9,347,32000,32,32000,32,687707,32,3821478,0
5530,173307,32000,32000,0,0,0,0,0,687707,32,173275,32,175,175,348,448,1,1000,442,175,175,175,174,174,18,1,32000,32,32,32,9,348,9,348,32000,32,32000,32,687707,32,3826929,0
5540,173609,32000,32000,0,0,0,0,0,687707,32,173577,32,175,175,348,750,1,1000,442,175,175,175,174,174,26,1,32000,32,32,32,9,348,9,348,32000,32,32000,32,687707,32,3833875,0
5550,173996,32000,32000,0,0,0,0,0,687707,32,173964,32,176,176,349,1137,2,0,1060,176,176,176,174,174,0,1,32000,32,32,32,9,349,9,349,32000,32,32000,32,687707,32,3842776,0
5560,174374,32000,32000,0,0,0,0,0,687707,32,174342,32,176,176,349,1515,2,0,1060,176,176,176,174,174,12,1,32000,32,32,32,9,349,9,349,32000,32,32000,32,687707,32,3851470,0
5570,174754,32000,32000,0,0,0,0,0,687707,32,174722,32,176,176,349,1895,2,0,1060,176,176,176,174,174,22,1,32000,32,32,32,9,349,9,349,32000,32,32000,32,687707,32,3860210,0
5580,174960,32000,32000,0,0,0,0,0,687707,32,174928,32,177,177,351,1102,2,0,1007,177,177,177,175,175,2,1,32000,32,32,32,9,351,9,351,32000,32,32000,32,687707,32,3864971,0
5590,175302,32000,32000,0,0,0,0,0,687707,32,175270,32,177,177,351,1444,2,0,1007,177,177,177,175,175,10,1,32000,32,32,32,9,351,9,351,32000,32,32000,32,687707,32,3872837,0
5600,175504,32000,32000,0,0,0,0,0,687707,32,175472,32,177,177,352,647,1,1000,517,177,177,177,176,176,20,1,32000,32,32,32,9,352,9,352,32000,32,32000,32,687707,32,3877506,0
5610,175883,32000,32000,0,0,0,0,0,687707,32,175851,32,177,177,352,1026,2,1000,517,177,178,177,176,176,30,1,32000,32,32,32,9,352,9,352,32000,32,32000,32,687707,32,3886223,0
5620,176262,32000,32000,0,0,0,0,0,687707,32,176230,32,178,178,353,1405,2,0,1033,178,178,178,176,176,8,1,32000,32,32,32,9,353,9,353,32000,32,32000,32,687707,32,3894963,0
5630,176603,32000,32000,0,0,0,0,0,687707,32,176571,32,178,178,353,1746,2,0,1033,178,178,178,176,176,18,1,32000,32,32,32,9,353,9,353,32000,32,32000,32,687707,32,3902806,0
5640,176806,32000,32000,0,0,0,0,0,687707,32,176774,32,178,178,354,950,1,1000,783,178,178,178,177,177,28,1,32000,32,32,32,9,354,9,354,32000,32,32000,32,687707,32,3907475,0
5650,177198,32000,32000,0,0,0,0,0,687707,32,177166,32,179,179,355,1342,2,0,1053,179,179,179,177,177,6,1,32000,32,32,32,9,355,9,355,32000,32,32000,32,687707,32,3916491,0
5660,177576,32000,32000,0,0,0,0,0,687707,32,177544,32,179,179,356,721,1,1000,718,179,179,179,178,178,17,1,32000,32,32,32,9,356,9,356,32000,32,32000,32,687707,32,3925208,0
5670,177770,32000,32000,0,0,0,0,0,687707,32,177738,32,179,179,356,915,1,1000,718,179,179,179,178,178,26,1,32000,32,32,32,9,356,9,356,32000,32,32000,32,687707,32,3929670,0
5680,178114,32000,32000,0,0,0,0,0,687707,32,178082,32,180,180,357,1259,2,0,1007,180,180,180,178,178,6,1,32000,32,32,32,9,357,9,357,32000,32,32000,32,687707,32,3937582,0
5690,178488,32000,32000,0,0,0,0,0,687707,32,178456,32,180,180,358,634,1,1000,630,180,180,180,179,179,16,1,32000,32,32,32,9,358,9,358,32000,32,32000,32,687707,32,3946207,0
5700,178715,32000,32000,0,0,0,0,0,687707,32,178683,32,180,180,358,861,1,1000,630,180,180,180,179,179,26,1,32000,32,32,32,9,358,9,358,32000,32,32000,32,687707,32,3951428,0
5710,178984,32000,32000,0,0,0,0,0,687707,32,178952,32,181,181,359,1130,2,0,1014,181,181,181,179,179,2,1,32000,32,32,32,9,359,9,359,32000,32,32000,32,687707,32,3957615,0
5720,179356,32000,32000,0,0,0,0,0,687707,32,179324,32,181,181,359,1502,2,0,1014,181,181,181,179,179,12,1,32000,32,32,32,9,359,9,359,32000,32,32000,32,687707,32,3966171,0
5730,179698,32000,32000,0,0,0,0,0,687707,32,179666,32,181,181,359,1844,2,0,1014,181,181,181,179,179,22,1,32000,32,32,32,9,359,9,359,32000,32,32000,32,687707,32,3974037,0
5740,179905,32000,32000,0,0,0,0,0,687707,32,179873,32,182,182,361,1052,2,0,1032,182,182,182,180,180,0,1,32000,32,32,32,9,361,9,361,32000,32,32000,32,687707,32,3978844,0
5750,180296,32000,32000,0,0,0,0,0,687707,32,180264,32,182,182,361,1443,2,0,1032,182,182,182,180,180,10,1,32000,32,32,32,9,361,9,361,32000,32,32000,32,687707,32,3987860,0
5760,180499,32000,32000,0,0,0,0,0,687707,32,180467,32,182,182,362,647,1,1000,567,182,182,182,181,181,20,1,32000,32,32,32,9,362,9,362,32000,32,32000,32,687707,32,3992575,0
5770,180893,32000,32000,0,0,0,0,0,687707,32,180861,32,183,183,363,1041,2,0,1009,183,183,183,181,181,0,1,32000,32,32,32,9,363,9,363,32000,32,32000,32,687707,32,4001568,0
5780,181241,32000,32000,0,0,0,0,0,687707,32,181209,32,183,183,363,1389,2,0,1009,183,183,183,181,181,8,1,32000,32,32,32,9,363,9,363,32000,32,32000,32,687707,32,4009572,0
5790,181632,32000,32000,0,0,0,0,0,687707,32,181600,32,183,183,363,1780,2,0,1009,183,183,183,181,181,20,1,32000,32,32,32,9,363,9,363,32000,32,32000,32,687707,32,4018565,0
5800,181838,32000,32000,0,0,0,0,0,687707,32,181806,32,183,183,364,987,1,1000,837,183,183,183,182,182,30,1,32000,32,32,32,9,364,9,364,32000,32,32000,32,687707,32,4023326,0
5810,182215,32000,32000,0,0,0,0,0,687707,32,182183,32,184,184,365,1364,2,0,1052,184,184,184,182,182,8,1,32000,32,32,32,9,365,9,365,32000,32,32000,32,687707,32,4031997,0
5820,182532,32000,32000,0,0,0,0,0,687707,32,182500,32,184,184,366,682,1,1000,678,184,184,184,183,183,18,1,32000,32,32,32,9,366,9,366,32000,32,32000,32,687707,32,4039311,0
5830,182817,32000,32000,0,0,0,0,0,687707,32,182785,32,184,184,366,967,1,1000,678,184,184,184,183,183,28,1,32000,32,32,32,9,366,9,366,32000,32,32000,32,687707,32,4045866,0
5840,183165,32000,32000,0,0,0,0,0,687707,32,183133,32,185,185,367,1315,2,0,1027,185,185,185,183,183,6,1,32000,32,32,32,9,367,9,367,32000,32,32000,32,687707,32,4053870,0
5850,183520,32000,32000,0,0,0,0,0,687707,32,183488,32,185,185,368,671,1,1000,669,185,185,185,184,184,16,1,32000,32,32,32,9,368,9,368,32000,32,32000,32,687707,32,4062058,0
5860,183759,32000,32000,0,0,0,0,0,687707,32,183727,32,185,185,368,910,1,1000,669,185,185,185,184,184,26,1,32000,32,32,32,9,368,9,368,32000,32,32000,32,687707,32,4067555,0
5870,184150,32000,32000,0,0,0,0,0,687707,32,184118,32,186,186,369,1301,2,0,1065,186,186,186,184,184,6,1,32000,32,32,32,9,369,9,369,32000,32,32000,32,687707,32,4076548,0
5880,184437,32000,32000,0,0,0,0,0,687707,32,184405,32,186,186,370,589,1,1000,587,186,186,186,185,185,16,1,32000,32,32,32,9,370,9,370,32000,32,32000,32,687707,32,4083172,0
5890,184741,32000,32000,0,0,0,0,0,687707,32,184709,32,186,186,370,893,1,1000,587,186,186,186,185,185,26,1,32000,32,32,32,9,370,9,370,32000,32,32000,32,687707,32,4090164,0
5900,185099,32000,32000,0,0,0,0,0,687707,32,185067,32,187,187,371,1251,2,0,1054,187,187,187,185,185,4,1,32000,32,32,32,9,371,9,371,32000,32,32000,32,687707,32,4098398,0
5910,185382,32000,32000,0,0,0,0,0,687707,32,185350,32,187,187,372,535,1,1000,530,187,187,187,186,186,14,1,32000,32,32,32,9,372,9,372,32000,32,32000,32,687707,32,4104930,0
5920,185684,32000,32000,0,0,0,0,0,687707,32,185652,32,187,187,372,837,1,1000,530,187,187,187,186,186,24,1,32000,32,32,32,9,372,9,372,32000,32,32000,32,687707,32,4111876,0
5930,186082,32000,32000,0,0,0,0,0,687707,32,186050,32,188,188,373,1235,2,0,1018,188,188,188,186,186,4,1,32000,32,32,32,9,373,9,373,32000,32,32000,32,687707,32,4121030,0
5940,186289,32000,32000,0,0,0,0,0,687707,32,186257,32,188,188,374,443,1,1000,439,188,188,188,187,187,14,1,32000,32,32,32,9,374,9,374,32000,32,32000,32,687707,32,4125814,0
5950,186660,32000,32000,0,0,0,0,0,687707,32,186628,32,188,188,374,814,1,1000,439,188,188,188,187,187,24,1,32000,32,32,32,9,374,9,374,32000,32,32000,32,687707,32,4134347,0
5960,187013,32000,32000,0,0,0,0,0,687707,32,186981,32,189,189,375,1167,2,0,1057,189,189,189,187,187,2,1,32000,32,32,32,9,375,9,375,32000,32,32000,32,687707,32,4142466,0
5970,187402,32000,32000,0,0,0,0,0,687707,32,187370,32,189,189,375,1556,2,0,1057,189,189,189,187,187,12,1,32000,32,32,32,9,375,9,375,32000,32,32000,32,687707,32,4151413,0
5980,187728,32000,32000,0,0,0,0,0,687707,32,187696,32,189,189,376,883,1,1000,877,189,189,189,188,188,22,1,32000,32,32,32,9,376,9,376,32000,32,32000,32,687707,32,4158934,0
5990,187994,32000,32000,0,0,0,0,0,687707,32,187962,32,190,190,377,1149,2,0,1021,190,190,190,188,188,2,1,32000,32,32,32,9,377,9,377,32000,32,32000,32,687707,32,4165075,0
6000,188376,32000,32000,0,0,0,0,0,687707,32,188344,32,190,190,377,1531,2,0,1021,190,190,190,188,188,12,1,32000,32,32,32,9,377,9,377,32000,32,32000,32,687707,32,4173838,0
6010,188473,32000,32000,0,0,0,0,0,687707,32,188441,32,190,190,378,629,1,1000,579,190,190,190,189,189,22,1,32000,32,32,32,9,378,9,378,32000,32,32000,32,687707,32,4176092,0
6020,188823,32000,32000,0,0,0,0,0,687707,32,188791,32,190,190,378,979,1,1000,579,190,190,190,189,189,32,1,32000,32,32,32,9,378,9,378,32000,32,32000,32,687707,32,4184142,0
6030,189216,32000,32000,0,0,0,0,0,687707,32,189184,32,191,191,379,1372,2,0,1130,191,191,191,189,189,6,1,32000,32,32,32,9,379,9,379,32000,32,32000,32,687707,32,4193204,0
6040,189524,32000,32000,0,0,0,0,0,687707,32,189492,32,191,191,380,681,1,1000,675,191,191,191,190,190,16,1,32000,32,32,32,9,380,9,380,32000,32,32000,32,687707,32,4200288,0
6050,189804,32000,32000,0,0,0,0,0,687707,32,189772,32,191,191,380,961,1,1000,675,191,191,191,190,190,26,1,32000,32,32,32,9,380,9,380,32000,32,32000,32,687707,32,4206728,0
6060,190187,32000,32000,0,0,0,0,0,687707,32,190155,32,192,192,381,1344,2,0,1014,192,192,192,190,190,8,1,32000,32,32,32,9,381,9,381,32000,32,32000,32,687707,32,4215560,0
6071,190567,32000,32000,0,0,0,0,0,687707,32,190535,32,192,192,381,1724,2,0,1014,192,192,192,190,190,18,1,32000,32,32,32,9,381,9,381,32000,32,32000,32,687707,32,4224277,0
6080,190813,32000,32000,0,0,0,0,0,687707,32,190781,32,192,192,382,971,1,1000,970,192,192,192,191,191,28,1,32000,32,32,32,9,382,9,382,32000,32,32000,32,687707,32,4229958,0
6090,191099,32000,32000,0,0,0,0,0,687707,32,191067,32,193,193,383,1257,2,0,1024,193,193,193,191,191,6,1,32000,32,32,32,9,383,9,383,32000,32,32000,32,687707,32,4236536,0
6100,191389,32000,32000,0,0,0,0,0,687707,32,191357,32,193,193,384,548,1,1000,540,193,193,193,192,192,16,1,32000,32,32,32,9,384,9,384,32000,32,32000,32,687707,32,4243229,0
6110,191682,32000,32000,0,0,0,0,0,687707,32,191650,32,193,193,384,841,1,1000,540,193,193,193,192,192,26,1,32000,32,32,32,9,384,9,384,32000,32,32000,32,687707,32,4249968,0
6120,192021,32000,32000,0,0,0,0,0,687707,32,191989,32,194,194,385,1180,2,0,1050,194,194,194,192,192,2,1,32000,32,32,32,9,385,9,385,32000,32,32000,32,687707,32,4257765,0
6130,192408,32000,32000,0,0,0,0,0,687707,32,192376,32,194,194,385,1567,2,0,1050,194,194,194,192,192,12,1,32000,32,32,32,9,385,9,385,32000,32,32000,32,687707,32,4266666,0
6140,192729,32000,32000,0,0,0,0,0,687707,32,192697,32,194,194,386,889,1,1000,883,194,194,194,193,193,22,1,32000,32,32,32,9,386,9,386,32000,32,32000,32,687707,32,4274072,0
6150,192982,32000,32000,0,0,0,0,0,687707,32,192950,32,195,195,387,1142,2,0,1068,195,195,195,193,193,2,1,32000,32,32,32,9,387,9,387,32000,32,32000,32,687707,32,4279891,0
6160,193290,32000,32000,0,0,0,0,0,687707,32,193258,32,195,195,388,451,1,1000,444,195,195,195,194,194,12,1,32000,32,32,32,9,388,9,388,32000,32,32000,32,687707,32,4286998,0
6170,193537,32000,32000,0,0,0,0,0,687707,32,193505,32,195,195,388,698,1,1000,444,195,195,195,194,194,20,1,32000,32,32,32,9,388,9,388,32000,32,32000,32,687707,32,4292679,0
6180,193920,32000,32000,0,0,0,0,0,687707,32,193888,32,196,196,389,1081,2,0,1029,196,196,196,194,194,0,1,32000,32,32,32,9,389,9,389,32000,32,32000,32,687707,32,4301488,0
6190,194306,32000,32000,0,0,0,0,0,687707,32,194274,32,196,196,389,1467,2,0,1029,196,196,196,194,194,10,1,32000,32,32,32,9,389,9,389,32000,32,32000,32,687707,32,4310366,0
6200,194557,32000,32000,0,0,0,0,0,687707,32,194525,32,196,196,390,719,1,1000,715,196,196,196,195,195,20,1,32000,32,32,32,9,390,9,390,32000,32,32000,32,687707,32,4316162,0
6210,194876,32000,32000,0,0,0,0,0,687707,32,194844,32,197,197,391,1038,2,0,1037,197,197,197,195,195,0,1,32000,32,32,32,9,391,9,391,32000,32,32000,32,687707,32,4323499,0
6220,195222,32000,32000,0,0,0,0,0,687707,32,195190,32,197,197,391,1384,2,0,1037,197,197,197,195,195,8,1,32000,32,32,32,9,391,9,391,32000,32,32000,32,687707,32,4331480,0
6230,195485,32000,32000,0,0,0,0,0,687707,32,195453,32,197,197,392,648,1,1000,643,197,197,197,196,196,18,1,32000,32,32,32,9,392,9,392,32000,32,32000,32,687707,32,4337529,0
6240,195798,32000,32000,0,0,0,0,0,687707,32,195766,32,197,197,392,961,1,1000,643,197,197,197,196,196,28,1,32000,32,32,32,9,392,9,392,32000,32,32000,32,687707,32,4344751,0
6250,196185,32000,32000,0,0,0,0,0,687707,32,196153,32,198,198,393,1348,2,0,1067,198,198,198,196,196,6,1,32000,32,32,32,9,393,9,393,32000,32,32000,32,687707,32,4353629,0
6260,196435,32000,32000,0,0,0,0,0,687707,32,196403,32,198,198,394,599,1,1000,590,198,198,198,197,197,16,1,32000,32,32,32,9,394,9,394,32000,32,32000,32,687707,32,4359402,0
6270,196729,32000,32000,0,0,0,0,0,687707,32,196697,32,198,198,394,893,1,1000,590,198,198,198,197,197,26,1,32000,32,32,32,9,394,9,394,32000,32,32000,32,687707,32,4366164,0
6280,197114,32000,32000,0,0,0,0,0,687707,32,197082,32,199,199,395,1278,2,0,1015,199,199,199,197,197,6,1,32000,32,32,32,9,395,9,395,32000,32,32000,32,687707,32,4375019,0
6290,197508,32000,32000,0,0,0,0,0,687707,32,197476,32,199,199,395,1672,2,0,1015,199,199,199,197,197,16,1,32000,32,32,32,9,395,9,395,32000,32,32000,32,687707,32,4384081,0
6300,197707,32000,32000,0,0,0,0,0,687707,32,197675,32,199,199,396,872,1,1000,679,199,199,199,198,198,26,1,32000,32,32,32,9,396,9,396,32000,32,32000,32,687707,32,4388681,0
6310,197981,32000,32000,0,0,0,0,0,687707,32,197949,32,200,200,397,1146,2,0,1035,200,200,200,198,198,2,1,32000,32,32,32,9,397,9,397,32000,32,32000,32,687707,32,4394983,0
6320,198367,32000,32000,0,0,0,0,0,687707,32,198335,32,200,200,397,1532,2,0,1035,200,200,200,198,198,12,1,32000,32,32,32,9,397,9,397,32000,32,32000,32,687707,32,4403861,0
6330,198578,32000,32000,0,0,0,0,0,687707,32,198546,32,200,200,398,744,1,1000,739,200,200,200,199,199,22,1,32000,32,32,32,9,398,9,398,32000,32,32000,32,687707,32,4408737,0
6340,198922,32000,32000,0,0,0,0,0,687707,32,198890,32,201,201,399,1088,2,0,1073,201,201,201,199,199,0,1,32000,32,32,32,9,399,9,399,32000,32,32000,32,687707,32,4416649,0
6350,199305,32000,32000,0,0,0,0,0,687707,32,199273,32,201,201,399,1471,2,0,1073,201,201,201,199,199,10,1,32000,32,32,32,9,399,9,399,32000,32,32000,32,687707,32,4425458,0
6360,199548,32000,32000,0,0,0,0,0,687707,32,199516,32,201,201,400,715,1,1000,706,201,201,201,200,200,20,1,32000,32,32,32,9,400,9,400,32000,32,32000,32,687707,32,4431070,0
6370,199898,32000,32000,0,0,0,0,0,687707,32,199866,32,202,202,401,1065,2,0,1029,202,202,202,200,200,0,1,32000,32,32,32,9,401,9,401,32000,32,32000,32,687707,32,4439120,0
6380,200248,32000,32000,0,0,0,0,0,687707,32,200216,32,202,202,401,1415,2,0,1029,202,202,202,200,200,8,1,32000,32,32,32,9,401,9,401,32000,32,32000,32,687707,32,4447170,0
6390,200460,32000,32000,0,0,0,0,0,687707,32,200428,32,202,202,402,628,1,1000,623,202,202,202,201,201,18,1,32000,32,32,32,9,402,9,402,32000,32,32000,32,687707,32,4452069,0
6400,200838,32000,32000,0,0,0,0,0,687707,32,200806,32,203,203,403,1006,2,0,1002,203,203,203,201,201,0,1,32000,32,32,32,9,403,9,403,32000,32,32000,32,687707,32,4460763,0
6410,201223,32000,32000,0,0,0,0,0,687707,32,201191,32,203,203,403,1391,2,0,1002,203,203,203,201,201,10,1,32000,32,32,32,9,403,9,403,32000,32,32000,32,687707,32,4469618,0
6420,201430,32000,32000,0,0,0,0,0,687707,32,201398,32,203,203,404,599,1,1000,554,203,203,203,202,202,20,1,32000,32,32,32,9,404,9,404,32000,32,32000,32,687707,32,4474402,0
6430,201783,32000,32000,0,0,0,0,0,687707,32,201751,32,203,203,404,952,1,1000,554,203,203,203,202,202,28,1,32000,32,32,32,9,404,9,404,32000,32,32000,32,687707,32,4482544,0
6440,202169,32000,32000,0,0,0,0,0,687707,32,202137,32,204,204,405,1338,2,0,1041,204,204,204,202,202,6,1,32000,32,32,32,9,405,9,405,32000,32,32000,32,687707,32,4491399,0
6450,202564,32000,32000,0,0,0,0,0,687707,32,202532,32,204,204,405,1733,2,0,1041,204,204,204,202,202,16,1,32000,32,32,32,9,405,9,405,32000,32,32000,32,687707,32,4500484,0
6460,202776,32000,32000,0,0,0,0,0,687707,32,202744,32,204,204,406,946,1,1000,941,204,204,204,203,203,26,1,32000,32,32,32,9,406,9,406,32000,32,32000,32,687707,32,4505383,0
6470,203141,32000,32000,0,0,0,0,0,687707,32,203109,32,205,205,407,1311,2,0,1008,205,205,205,203,203,8,1,32000,32,32,32,9,407,9,407,32000,32,32000,32,687707,32,4513778,0
6481,203539,32000,32000,0,0,0,0,0,687707,32,203507,32,205,205,407,1709,2,0,1008,205,205,205,203,203,18,1,32000,32,32,32,9,407,9,407,32000,32,32000,32,687707,32,4522932,0
6490,203736,32000,32000,0,0,0,0,0,687707,32,203704,32,205,205,408,907,1,1000,900,205,205,205,204,204,26,1,32000,32,32,32,9,408,9,408,32000,32,32000,32,687707,32,4527486,0
6500,204084,32000,32000,0,0,0,0,0,687707,32,204052,32,206,206,409,1255,2,0,1045,206,206,206,204,204,4,1,32000,32,32,32,9,409,9,409,32000,32,32000,32,687707,32,4535490,0
6510,204471,32000,32000,0,0,0,0,0,687707,32,204439,32,206,206,409,1642,2,0,1045,206,206,206,204,204,14,1,32000,32,32,32,9,409,9,409,32000,32,32000,32,687707,32,4544391,0
6520,204676,32000,32000,0,0,0,0,0,687707,32,204644,32,206,206,410,848,1,1000,835,206,206,206,205,205,24,1,32000,32,32,32,9,410,9,410,32000,32,32000,32,687707,32,4549129,0
6530,205069,32000,32000,0,0,0,0,0,687707,32,205037,32,207,207,411,1241,2,0,1016,207,207,207,205,205,4,1,32000,32,32,32,9,411,9,411,32000,32,32000,32,687707,32,4558168,0
6540,205419,32000,32000,0,0,0,0,0,687707,32,205387,32,207,207,411,1591,2,0,1016,207,207,207,205,205,14,1,32000,32,32,32,9,411,9,411,32000,32,32000,32,687707,32,4566218,0
6550,205619,32000,32000,0,0,0,0,0,687707,32,205587,32,207,207,412,792,1,1000,752,207,207,207,206,206,24,1,32000,32,32,32,9,412,9,412,32000,32,32000,32,687707,32,4570841,0
6560,206005,32000,32000,0,0,0,0,0,687707,32,205973,32,208,208,413,1178,2,0,1051,208,208,208,206,206,2,1,32000,32,32,32,9,413,9,413,32000,32,32000,32,687707,32,4579719,0
6570,206394,32000,32000,0,0,0,0,0,687707,32,206362,32,208,208,413,1567,2,0,1051,208,208,208,206,206,12,1,32000,32,32,32,9,413,9,413,32000,32,32000,32,687707,32,4588666,0
6580,206597,32000,32000,0,0,0,0,0,687707,32,206565,32,208,208,414,771,1,1000,658,208,208,208,207,207,22,1,32000,32,32,32,9,414,9,414,32000,32,32000,32,687707,32,4593358,0
6590,206946,32000,32000,0,0,0,0,0,687707,32,206914,32,209,209,415,1120,2,0,1022,209,209,209,207,207,2,1,32000,32,32,32,9,415,9,415,32000,32,32000,32,687707,32,4601385,0
6600,207333,32000,32000,0,0,0,0,0,687707,32,207301,32,209,209,415,1507,2,0,1022,209,209,209,207,207,12,1,32000,32,32,32,9,415,9,415,32000,32,32000,32,687707,32,4610355,0
6610,207421,32000,32000,0,0,0,0,0,687707,32,207389,32,209,209,416,596,1,1000,526,209,209,209,208,208,22,1,32000,32,32,32,9,416,9,416,32000,32,32000,32,687707,32,4612333,0
6620,207814,32000,32000,0,0,0,0,0,687707,32,207782,32,209,209,416,989,1,1000,526,209,209,209,208,208,32,1,32000,32,32,32,9,416,9,416,32000,32,32000,32,687707,32,4621372,0
6630,208193,32000,32000,0,0,0,0,0,687707,32,208161,32,210,210,417,1368,2,0,1023,210,210,210,208,208,8,1,32000,32,32,32,9,417,9,417,32000,32,32000,32,687707,32,4630089,0
6640,208543,32000,32000,0,0,0,0,0,687707,32,208511,32,210,210,417,1718,2,0,1023,210,210,210,208,208,18,1,32000,32,32,32,9,417,9,417,32000,32,32000,32,687707,32,4638139,0
6650,208737,32000,32000,0,0,0,0,0,687707,32,208705,32,210,210,418,913,1,1000,816,210,210,210,209,209,28,1,32000,32,32,32,9,418,9,418,32000,32,32000,32,687707,32,4642624,0
6660,209126,32000,32000,0,0,0,0,0,687707,32,209094,32,211,211,419,1302,2,0,1052,211,211,211,209,209,6,1,32000,32,32,32,9,419,9,419,32000,32,32000,32,687707,32,4651571,0
6670,209522,32000,32000,0,0,0,0,0,687707,32,209490,32,211,211,419,1698,2,0,1052,211,211,211,209,209,16,1,32000,32,32,32,9,419,9,419,32000,32,32000,32,687707,32,4660679,0
6680,209721,32000,32000,0,0,0,0,0,687707,32,209689,32,211,211,420,898,1,1000,722,211,211,211,210,210,26,1,32000,32,32,32,9,420,9,420,32000,32,32000,32,687707,32,4665279,0
6690,210066,32000,32000,0,0,0,0,0,687707,32,210034,32,212,212,421,1243,2,0,1014,212,212,212,210,210,6,1,32000,32,32,32,9,421,9,421,32000,32,32000,32,687707,32,4673214,0
6700,210463,32000,32000,0,0,0,0,0,687707,32,210431,32,212,212,421,1640,2,0,1014,212,212,212,210,210,16,1,32000,32,32,32,9,421,9,421,32000,32,32000,32,687707,32,4682345,0
6710,210662,32000,32000,0,0,0,0,0,687707,32,210630,32,212,212,422,840,1,1000,641,212,212,212,211,211,26,1,32000,32,32,32,9,422,9,422,32000,32,32000,32,687707,32,4686945,0
6720,211045,32000,32000,0,0,0,0,0,687707,32,211013,32,213,213,423,1223,2,0,1055,213,213,213,211,211,4,1,32000,32,32,32,9,423,9,423,32000,32,32000,32,687707,32,4695777,0
6730,211376,32000,32000,0,0,0,0,0,687707,32,211344,32,213,213,424,555,1,1000,550,213,213,213,212,212,14,1,32000,32,32,32,9,424,9,424,32000,32,32000,32,687707,32,4703390,0
6740,211600,32000,32000,0,0,0,0,0,687707,32,211568,32,213,213,424,779,1,1000,550,213,213,213,212,212,22,1,32000,32,32,32,9,424,9,424,32000,32,32000,32,687707,32,4708565,0
6750,211988,32000,32000,0,0,0,0,0,687707,32,211956,32,214,214,425,1167,2,0,1025,214,214,214,212,212,2,1,32000,32,32,32,9,425,9,425,32000,32,32000,32,687707,32,4717466,0
6760,212386,32000,32000,0,0,0,0,0,687707,32,212354,32,214,214,425,1565,2,0,1025,214,214,214,212,212,12,1,32000,32,32,32,9,425,9,425,32000,32,32000,32,687707,32,4726620,0
6770,212772,32000,32000,0,0,0,0,0,687707,32,212740,32,214,214,426,952,1,1000,948,214,214,214,213,213,24,1,32000,32,32,32,9,426,9,426,32000,32,32000,32,687707,32,4735521,0
6780,212970,32000,32000,0,0,0,0,0,687707,32,212938,32,215,215,427,1150,2,0,1063,215,215,215,213,213,2,1,32000,32,32,32,9,427,9,427,32000,32,32000,32,687707,32,4740075,0
6791,213343,32000,32000,0,0,0,0,0,687707,32,213311,32,215,215,428,524,1,1000,517,215,215,215,214,214,12,1,32000,32,32,32,9,428,9,428,32000,32,32000,32,687707,32,4748677,0
6800,213528,32000,32000,0,0,0,0,0,687707,32,213496,32,215,215,428,709,1,1000,517,215,215,215,214,214,20,1,32000,32,32,32,9,428,9,428,32000,32,32000,32,687707,32,4752932,0
6810,213913,32000,32000,0,0,0,0,0,687707,32,213881,32,216,216,429,1094,2,0,1035,216,216,216,214,214,0,1,32000,32,32,32,9,429,9,429,32000,32,32000,32,687707,32,4761787,0
6820,214305,32000,32000,0,0,0,0,0,687707,32,214273,32,216,216,429,1486,2,0,1035,216,216,216,214,214,10,1,32000,32,32,32,9,429,9,429,32000,32,32000,32,687707,32,4770803,0
6830,214657,32000,32000,0,0,0,0,0,687707,32,214625,32,216,216,430,839,1,1000,836,216,216,216,215,215,20,1,32000,32,32,32,9,430,9,430,32000,32,32000,32,687707,32,4778922,0
6840,214893,32000,32000,0,0,0,0,0,687707,32,214861,32,216,216,430,1075,2,1000,836,216,217,216,215,215,30,1,32000,32,32,32,9,430,9,430,32000,32,32000,32,687707,32,4784350,0
6850,215246,32000,32000,0,0,0,0,0,687707,32,215214,32,217,217,431,1428,2,0,1075,217,217,217,215,215,8,1,32000,32,32,32,9,431,9,431,32000,32,32000,32,687707,32,4792469,0
6860,215562,32000,32000,0,0,0,0,0,687707,32,215530,32,217,217,432,745,1,1000,738,217,217,217,216,216,18,1,32000,32,32,32,9,432,9,432,32000,32,32000,32,687707,32,4799760,0
6870,215834,32000,32000,0,0,0,0,0,687707,32,215802,32,217,217,432,1017,2,1000,738,217,218,217,216,216,28,1,32000,32,32,32,9,432,9,432,32000,32,32000,32,687707,32,4806016,0
6880,216225,32000,32000,0,0,0,0,0,687707,32,216193,32,218,218,433,1408,2,0,1049,218,218,218,216,216,8,1,32000,32,32,32,9,433,9,433,32000,32,32000,32,687707,32,4815009,0
6890,216470,32000,32000,0,0,0,0,0,687707,32,216438,32,218,218,434,654,1,1000,645,218,218,218,217,217,18,1,32000,32,32,32,9,434,9,434,32000,32,32000,32,687707,32,4820667,0
6900,216775,32000,32000,0,0,0,0,0,687707,32,216743,32,218,218,434,959,1,1000,645,218,218,218,217,217,28,1,32000,32,32,32,9,434,9,434,32000,32,32000,32,687707,32,4827705,0
6910,217052,32000,32000,0,0,0,0,0,687707,32,217020,32,219,219,435,1236,2,0,1062,219,219,219,217,217,4,1,32000,32,32,32,9,435,9,435,32000,32,32000,32,687707,32,4834076,0
6920,217252,32000,32000,0,0,0,0,0,687707,32,217220,32,219,219,436,437,1,1000,359,219,219,219,218,218,14,1,32000,32,32,32,9,436,9,436,32000,32,32000,32,687707,32,4838676,0
6930,217650,32000,32000,0,0,0,0,0,687707,32,217618,32,219,219,436,835,1,1000,359,219,219,219,218,218,24,1,32000,32,32,32,9,436,9,436,32000,32,32000,32,687707,32,4847830,0
6940,218038,32000,32000,0,0,0,0,0,687707,32,218006,32,220,220,437,1223,2,0,1043,220,220,220,218,218,4,1,32000,32,32,32,9,437,9,437,32000,32,32000,32,687707,32,4856754,0
6950,218389,32000,32000,0,0,0,0,0,687707,32,218357,32,220,220,437,1574,2,0,1043,220,220,220,218,218,12,1,32000,32,32,32,9,437,9,437,32000,32,32000,32,687707,32,4864827,0
6960,218620,32000,32000,0,0,0,0,0,687707,32,218588,32,220,220,438,806,1,1000,803,220,220,220,219,219,24,1,32000,32,32,32,9,438,9,438,32000,32,32000,32,687707,32,4870163,0
6970,218970,32000,32000,0,0,0,0,0,687707,32,218938,32,221,221,439,1156,2,0,1069,221,221,221,219,219,2,1,32000,32,32,32,9,439,9,439,32000,32,32000,32,687707,32,4878213,0
6980,219356,32000,32000,0,0,0,0,0,687707,32,219324,32,221,221,439,1542,2,0,1069,221,221,221,219,219,12,1,32000,32,32,32,9,439,9,439,32000,32,32000,32,687707,32,4887091,0
6990,219561,32000,32000,0,0,0,0,0,687707,32,219529,32,221,221,440,748,1,1000,673,221,221,221,220,220,22,1,32000,32,32,32,9,440,9,440,32000,32,32000,32,687707,32,4891829,0
7000,219953,32000,32000,0,0,0,0,0,687707,32,219921,32,222,222,441,1140,2,0,1026,222,222,222,220,220,2,1,32000,32,32,32,9,441,9,441,32000,32,32000,32,687707,32,4900845,0
7010,220306,32000,32000,0,0,0,0,0,687707,32,220274,32,222,222,441,1493,2,0,1026,222,222,222,220,220,10,1,32000,32,32,32,9,441,9,441,32000,32,32000,32,687707,32,4908964,0
7020,220505,32000,32000,0,0,0,0,0,687707,32,220473,32,222,222,442,693,1,1000,632,222,222,222,221,221,20,1,32000,32,32,32,9,442,9,442,32000,32,32000,32,687707,32,4913564,0
7030,220908,32000,32000,0,0,0,0,0,687707,32,220876,32,223,223,443,1096,2,0,1013,223,223,223,221,221,2,1,32000,32,32,32,9,443,9,443,32000,32,32000,32,687707,32,4922833,0
7040,221293,32000,32000,0,0,0,0,0,687707,32,221261,32,223,223,443,1481,2,0,1013,223,223,223,221,221,12,1,32000,32,32,32,9,443,9,443,32000,32,32000,32,687707,32,4931688,0
7050,221498,32000,32000,0,0,0,0,0,687707,32,221466,32,223,223,444,687,1,1000,539,223,223,223,222,222,22,1,32000,32,32,32,9,444,9,444,32000,32,32000,32,687707,32,4936426,0
7060,221848,32000,32000,0,0,0,0,0,687707,32,221816,32,223,223,444,1037,2,1000,539,223,224,223,222,222,30,1,32000,32,32,32,9,444,9,444,32000,32,32000,32,687707,32,4944476,0
7070,222234,32000,32000,0,0,0,0,0,687707,32,222202,32,224,224,445,1423,2,0,1053,224,224,224,222,222,8,1,32000,32,32,32,9,445,9,445,32000,32,32000,32,687707,32,4953354,0
7080,222621,32000,32000,0,0,0,0,0,687707,32,222589,32,224,224,445,1810,2,0,1053,224,224,224,222,222,18,1,32000,32,32,32,9,445,9,445,32000,32,32000,32,687707,32,4962255,0
7090,222825,32000,32000,0,0,0,0,0,687707,32,222793,32,224,224,446,1015,2,1000,936,224,225,224,223,223,28,1,32000,32,32,32,9,446,9,446,32000,32,32000,32,687707,32,4966970,0
7100,223218,32000,32000,0,0,0,0,0,687707,32,223186,32,225,225,447,1408,2,0,1025,225,225,225,223,223,8,1,32000,32,32,32,9,447,9,447,32000,32,32000,32,687707,32,4976009,0
7110,223416,32000,32000,0,0,0,0,0,687707,32,223384,32,225,225,448,607,1,1000,456,225,225,225,224,224,20,1,32000,32,32,32,9,448,9,448,32000,32,32000,32,687707,32,4980586,0
7120,223762,32000,32000,0,0,0,0,0,687707,32,223730,32,225,225,448,953,1,1000,456,225,225,225,224,224,28,1,32000,32,32,32,9,448,9,448,32000,32,32000,32,687707,32,4988544,0
7130,224151,32000,32000,0,0,0,0,0,687707,32,224119,32,226,226,449,1342,2,0,1056,226,226,226,224,224,6,1,32000,32,32,32,9,449,9,449,32000,32,32000,32,687707,32,4997491,0
7140,224536,32000,32000,0,0,0,0,0,687707,32,224504,32,226,226,450,728,1,1000,725,226,226,226,225,225,17,1,32000,32,32,32,9,450,9,450,32000,32,32000,32,687707,32,5006369,0
7150,224748,32000,32000,0,0,0,0,0,687707,32,224716,32,226,226,450,940,1,1000,725,226,226,226,225,225,26,1,32000,32,32,32,9,450,9,450,32000,32,32000,32,687707,32,5011245,0
7160,225144,32000,32000,0,0,0,0,0,687707,32,225112,32,227,227,451,1336,2,0,1036,227,227,227,225,225,6,1,32000,32,32,32,9,451,9,451,32000,32,32000,32,687707,32,5020353,0
7170,225452,32000,32000,0,0,0,0,0,687707,32,225420,32,227,227,452,645,1,1000,637,227,227,227,226,226,16,1,32000,32,32,32,9,452,9,452,32000,32,32000,32,687707,32,5027460,0
7180,225695,32000,32000,0,0,0,0,0,687707,32,225663,32,227,227,452,888,1,1000,637,227,227,227,226,226,26,1,32000,32,32,32,9,452,9,452,32000,32,32000,32,687707,32,5033049,0
7190,226083,32000,32000,0,0,0,0,0,687707,32,226051,32,228,228,453,1276,2,0,1001,228,228,228,226,226,6,1,32000,32,32,32,9,453,9,453,32000,32,32000,32,687707,32,5041973,0
7200,226332,32000,32000,0,0,0,0,0,687707,32,226300,32,228,228,454,526,1,1000,521,228,228,228,227,227,16,1,32000,32,32,32,9,454,9,454,32000,32,32000,32,687707,32,5047723,0
7210,226608,32000,32000,0,0,0,0,0,687707,32,226576,32,228,228,454,802,1,1000,521,228,228,228,227,227,26,1,32000,32,32,32,9,454,9,454,32000,32,32000,32,687707,32,5054071,0
7220,226953,32000,32000,0,0,0,0,0,687707,32,226921,32,229,229,455,1147,2,0,1072,229,229,229,227,227,2,1,32000,32,32,32,9,455,9,455,32000,32,32000,32,687707,32,5062006,0
7230,227343,32000,32000,0,0,0,0,0,687707,32,227311,32,229,229,455,1537,2,0,1072,229,229,229,227,227,12,1,32000,32,32,32,9,455,9,455,32000,32,32000,32,687707,32,5070976,0
7240,227603,32000,32000,0,0,0,0,0,687707,32,227571,32,229,229,456,798,1,1000,790,229,229,229,228,228,22,1,32000,32,32,32,9,456,9,456,32000,32,32000,32,687707,32,5076979,0
7250,227937,32000,32000,0,0,0,0,0,687707,32,227905,32,230,230,457,1132,2,0,1033,230,230,230,228,228,2,1,32000,32,32,32,9,457,9,457,32000,32,32000,32,687707,32,5084661,0
7260,228325,32000,32000,0,0,0,0,0,687707,32,228293,32,230,230,457,1520,2,0,1033,230,230,230,228,228,12,1,32000,32,32,32,9,457,9,457,32000,32,32000,32,687707,32,5093585,0
7270,228526,32000,32000,0,0,0,0,0,687707,32,228494,32,230,230,458,722,1,1000,679,230,230,230,229,229,22,1,32000,32,32,32,9,458,9,458,32000,32,32000,32,687707,32,5098231,0
7280,228880,32000,32000,0,0,0,0,0,687707,32,228848,32,231,231,459,1076,2,0,1074,231,231,231,229,229,0,1,32000,32,32,32,9,459,9,459,32000,32,32000,32,687707,32,5106373,0
7290,229273,32000,32000,0,0,0,0,0,687707,32,229241,32,231,231,459,1469,2,0,1074,231,231,231,229,229,8,1,32000,32,32,32,9,459,9,459,32000,32,32000,32,687707,32,5115412,0
7300,229472,32000,32000,0,0,0,0,0,687707,32,229440,32,231,231,460,669,1,1000,585,231,231,231,230,230,20,1,32000,32,32,32,9,460,9,460,32000,32,32000,32,687707,32,5120012,0
7310,229862,32000,32000,0,0,0,0,0,687707,32,229830,32,232,232,461,1059,2,0,1048,232,232,232,230,230,0,1,32000,32,32,32,9,461,9,461,32000,32,32000,32,687707,32,5128982,0
7320,230248,32000,32000,0,0,0,0,0,687707,32,230216,32,232,232,461,1445,2,0,1048,232,232,232,230,230,10,1,32000,32,32,32,9,461,9,461,32000,32,32000,32,687707,32,5137860,0
7330,230602,32000,32000,0,0,0,0,0,687707,32,230570,32,232,232,461,1799,2,0,1048,232,232,232,230,230,18,1,32000,32,32,32,9,461,9,461,32000,32,32000,32,687707,32,5146002,0
7340,230805,32000,32000,0,0,0,0,0,687707,32,230773,32,232,232,462,1003,2,1000,921,232,233,232,231,231,28,1,32000,32,32,32,9,462,9,462,32000,32,32000,32,687707,32,5150694,0
7350,231194,32000,32000,0,0,0,0,0,687707,32,231162,32,233,233,463,1392,2,0,1010,233,233,233,231,231,10,1,32000,32,32,32,9,463,9,463,32000,32,32000,32,687707,32,5159641,0
7360,231398,32000,32000,0,0,0,0,0,687707,32,231366,32,233,233,464,597,1,1000,579,233,233,233,232,232,18,1,32000,32,32,32,9,464,9,464,32000,32,32000,32,687707,32,5164356,0
7370,231790,32000,32000,0,0,0,0,0,687707,32,231758,32,233,233,464,989,1,1000,579,233,233,233,232,232,28,1,32000,32,32,32,9,464,9,464,32000,32,32000,32,687707,32,5173372,0
7380,232182,32000,32000,0,0,0,0,0,687707,32,232150,32,234,234,465,1381,2,0,1069,234,234,234,232,232,8,1,32000,32,32,32,9,465,9,465,32000,32,32000,32,687707,32,5182388,0
7390,232541,32000,32000,0,0,0,0,0,687707,32,232509,32,234,234,465,1740,2,0,1069,234,234,234,232,232,16,1,32000,32,32,32,9,465,9,465,32000,32,32000,32,687707,32,5190645,0
7400,232744,32000,32000,0,0,0,0,0,687707,32,232712,32,234,234,466,944,1,1000,826,234,234,234,233,233,26,1,32000,32,32,32,9,466,9,466,32000,32,32000,32,687707,32,5195360,0
7410,233133,32000,32000,0,0,0,0,0,687707,32,233101,32,235,235,467,1333,2,0,1044,235,235,235,233,233,6,1,32000,32,32,32,9,467,9,467,32000,32,32000,32,687707,32,5204284,0
7420,233524,32000,32000,0,0,0,0,0,687707,32,233492,32,235,235,468,725,1,1000,725,235,235,235,234,234,17,1,32000,32,32,32,9,468,9,468,32000,32,32000,32,687707,32,5213300,0
7430,233723,32000,32000,0,0,0,0,0,687707,32,233691,32,235,235,468,924,1,1000,725,235,235,235,234,234,26,1,32000,32,32,32,9,468,9,468,32000,32,32000,32,687707,32,5217877,0
7440,234072,32000,32000,0,0,0,0,0,687707,32,234040,32,236,236,469,1273,2,0,1014,236,236,236,234,234,6,1,32000,32,32,32,9,469,9,469,32000,32,32000,32,687707,32,5225904,0
7450,234435,32000,32000,0,0,0,0,0,687707,32,234403,32,236,236,470,637,1,1000,631,236,236,236,235,235,16,1,32000,32,32,32,9,470,9,470,32000,32,32000,32,687707,32,5234276,0
7460,234666,32000,32000,0,0,0,0,0,687707,32,234634,32,236,236,470,868,1,1000,631,236,236,236,235,235,26,1,32000,32,32,32,9,470,9,470,32000,32,32000,32,687707,32,5239589,0
7470,235052,32000,32000,0,0,0,0,0,687707,32,235020,32,237,237,471,1254,2,0,1051,237,237,237,235,235,4,1,32000,32,32,32,9,471,9,471,32000,32,32000,32,687707,32,5248467,0
7480,235351,32000,32000,0,0,0,0,0,687707,32,235319,32,237,237,472,554,1,1000,549,237,237,237,236,236,14,1,32000,32,32,32,9,472,9,472,32000,32,32000,32,687707,32,5255367,0
7490,235646,32000,32000,0,0,0,0,0,687707,32,235614,32,237,237,472,849,1,1000,549,237,237,237,236,236,24,1,32000,32,32,32,9,472,9,472,32000,32,32000,32,687707,32,5262152,0
7500,235996,32000,32000,0,0,0,0,0,687707,32,235964,32,238,238,473,1199,2,0,1025,238,238,238,236,236,4,1,32000,32,32,32,9,473,9,473,32000,32,32000,32,687707,32,5270202,0
7510,236275,32000,32000,0,0,0,0,0,687707,32,236243,32,238,238,473,1478,2,0,1025,238,238,238,236,236,14,1,32000,32,32,32,9,473,9,473,32000,32,32000,32,687707,32,5276619,0
7520,236543,32000,32000,0,0,0,0,0,687707,32,236511,32,238,238,474,747,1,1000,742,238,238,238,237,237,24,1,32000,32,32,32,9,474,9,474,32000,32,32000,32,687707,32,5282806,0
7530,236873,32000,32000,0,0,0,0,0,687707,32,236841,32,239,239,475,1077,2,0,1035,239,239,239,237,237,0,1,32000,32,32,32,9,475,9,475,32000,32,32000,32,687707,32,5290419,0
7540,237262,32000,32000,0,0,0,0,0,687707,32,237230,32,239,239,475,1466,2,0,1035,239,239,239,237,237,10,1,32000,32,32,32,9,475,9,475,32000,32,32000,32,687707,32,5299343,0
7550,237496,32000,32000,0,0,0,0,0,687707,32,237464,32,239,239,476,701,1,1000,690,239,239,239,238,238,20,1,32000,32,32,32,9,476,9,476,32000,32,32000,32,687707,32,5304748,0
7560,237821,32000,32000,0,0,0,0,0,687707,32,237789,32,240,240,477,1026,2,0,1002,240,240,240,238,238,0,1,32000,32,32,32,9,477,9,477,32000,32,32000,32,687707,32,5312223,0
7570,238214,32000,32000,0,0,0,0,0,687707,32,238182,32,240,240,477,1419,2,0,1002,240,240,240,238,238,10,1,32000,32,32,32,9,477,9,477,32000,32,32000,32,687707,32,5321262,0
7580,238414,32000,32000,0,0,0,0,0,687707,32,238382,32,240,240,478,620,1,1000,581,240,240,240,239,239,20,1,32000,32,32,32,9,478,9,478,32000,32,32000,32,687707,32,5325908,0
7590,238801,32000,32000,0,0,0,0,0,687707,32,238769,32,240,240,478,1007,2,1000,581,240,241,240,239,239,30,1,32000,32,32,32,9,478,9,478,32000,32,32000,32,687707,32,5334786,0
7600,239153,32000,32000,0,0,0,0,0,687707,32,239121,32,241,241,479,1359,2,0,1059,241,241,241,239,239,6,1,32000,32,32,32,9,479,9,479,32000,32,32000,32,687707,32,5342882,0
7610,239545,32000,32000,0,0,0,0,0,687707,32,239513,32,241,241,479,1751,2,0,1059,241,241,241,239,239,18,1,32000,32,32,32,9,479,9,479,32000,32,32000,32,687707,32,5351898,0
7620,239780,32000,32000,0,0,0,0,0,687707,32,239748,32,241,241,480,987,1,1000,983,241,241,241,240,240,28,1,32000,32,32,32,9,480,9,480,32000,32,32000,32,687707,32,5357326,0
7630,240130,32000,32000,0,0,0,0,0,687707,32,240098,32,242,242,481,1337,2,0,1017,242,242,242,240,240,8,1,32000,32,32,32,9,481,9,481,32000,32,32000,32,687707,32,5365376,0
7640,240333,32000,32000,0,0,0,0,0,687707,32,240301,32,242,242,482,541,1,1000,523,242,242,242,241,241,18,1,32000,32,32,32,9,482,9,482,32000,32,32000,32,687707,32,5370068,0
7650,240730,32000,32000,0,0,0,0,0,687707,32,240698,32,242,242,482,938,1,1000,523,242,242,242,241,241,28,1,32000,32,32,32,9,482,9,482,32000,32,32000,32,687707,32,5379199,0
7660,241078,32000,32000,0,0,0,0,0,687707,32,241046,32,243,243,483,1286,2,0,1076,243,243,243,241,241,4,1,32000,32,32,32,9,483,9,483,32000,32,32000,32,687707,32,5387203,0
7670,241474,32000,32000,0,0,0,0,0,687707,32,241442,32,243,243,483,1682,2,0,1076,243,243,243,241,241,14,1,32000,32,32,32,9,483,9,483,32000,32,32000,32,687707,32,5396311,0
7680,241675,32000,32000,0,0,0,0,0,687707,32,241643,32,243,243,484,884,1,1000,790,243,243,243,242,242,24,1,32000,32,32,32,9,484,9,484,32000,32,32000,32,687707,32,5400957,0
7690,242071,32000,32000,0,0,0,0,0,687707,32,242039,32,244,244,485,1280,2,0,1043,244,244,244,242,242,6,1,32000,32,32,32,9,485,9,485,32000,32,32000,32,687707,32,5410065,0
7700,242459,32000,32000,0,0,0,0,0,687707,32,242427,32,244,244,485,1668,2,0,1043,244,244,244,242,242,16,1,32000,32,32,32,9,485,9,485,32000,32,32000,32,687707,32,5418989,0
7710,242657,32000,32000,0,0,0,0,0,687707,32,242625,32,244,244,486,867,1,1000,682,244,244,244,243,243,26,1,32000,32,32,32,9,486,9,486,32000,32,32000,32,687707,32,5423566,0
7720,243012,32000,32000,0,0,0,0,0,687707,32,242980,32,245,245,487,1222,2,0,1018,245,245,245,243,243,4,1,32000,32,32,32,9,487,9,487,32000,32,32000,32,687707,32,5431731,0
7730,243365,32000,32000,0,0,0,0,0,687707,32,243333,32,245,245,488,576,1,1000,573,245,245,245,244,244,14,1,32000,32,32,32,9,488,9,488,32000,32,32000,32,687707,32,5439873,0
7740,243600,32000,32000,0,0,0,0,0,687707,32,243568,32,245,245,488,811,1,1000,573,245,245,245,244,244,24,1,32000,32,32,32,9,488,9,488,32000,32,32000,32,687707,32,5445278,0
7750,244002,32000,32000,0,0,0,0,0,687707,32,243970,32,246,246,489,1213,2,0,1063,246,246,246,244,244,2,1,32000,32,32,32,9,489,9,489,32000,32,32000,32,687707,32,5454524,0
7760,244391,32000,32000,0,0,0,0,0,687707,32,244359,32,246,246,489,1602,2,0,1063,246,246,246,244,244,12,1,32000,32,32,32,9,489,9,489,32000,32,32000,32,687707,32,5463471,0
7770,244746,32000,32000,0,0,0,0,0,687707,32,244714,32,246,246,489,1957,2,0,1063,246,246,246,244,244,22,1,32000,32,32,32,9,489,9,489,32000,32,32000,32,687707,32,5471636,0
7780,244947,32000,32000,0,0,0,0,0,687707,32,244915,32,247,247,491,1159,2,0,1042,247,247,247,245,245,2,1,32000,32,32,32,9,491,9,491,32000,32,32000,32,687707,32,5476282,0
7790,245334,32000,32000,0,0,0,0,0,687707,32,245302,32,247,247,491,1546,2,0,1042,247,247,247,245,245,12,1,32000,32,32,32,9,491,9,491,32000,32,32000,32,687707,32,5485183,0
7800,245531,32000,32000,0,0,0,0,0,687707,32,245499,32,247,247,492,744,1,1000,703,247,247,247,246,246,21,1,32000,32,32,32,9,492,9,492,32000,32,32000,32,687707,32,5489737,0
7810,245806,32000,32000,0,0,0,0,0,687707,32,245774,32,247,247,492,1019,2,1000,703,247,248,247,246,246,32,1,32000,32,32,32,9,492,9,492,32000,32,32000,32,687707,32,5496085,0
7820,246202,32000,32000,0,0,0,0,0,687707,32,246170,32,248,248,493,1415,2,0,1054,248,248,248,246,246,8,1,32000,32,32,32,9,493,9,493,32000,32,32000,32,687707,32,5505170,0
7830,246362,32000,32000,0,0,0,0,0,687707,32,246330,32,248,248,494,576,1,1000,559,248,248,248,247,247,18,1,32000,32,32,32,9,494,9,494,32000,32,32000,32,687707,32,5508873,0
7840,246750,32000,32000,0,0,0,0,0,687707,32,246718,32,248,248,494,964,1,1000,559,248,248,248,247,247,28,1,32000,32,32,32,9,494,9,494,32000,32,32000,32,687707,32,5517797,0
7850,247144,32000,32000,0,0,0,0,0,687707,32,247112,32,249,249,495,1358,2,0,1112,249,249,249,247,247,6,1,32000,32,32,32,9,495,9,495,32000,32,32000,32,687707,32,5526859,0
7860,247529,32000,32000,0,0,0,0,0,687707,32,247497,32,249,249,495,1743,2,0,1112,249,249,249,247,247,16,1,32000,32,32,32,9,495,9,495,32000,32,32000,32,687707,32,5535737,0
7870,247735,32000,32000,0,0,0,0,0,687707,32,247703,32,249,249,496,950,1,1000,760,249,249,249,248,248,26,1,32000,32,32,32,9,496,9,496,32000,32,32000,32,687707,32,5540475,0
7881,248122,32000,32000,0,0,0,0,0,687707,32,248090,32,250,250,497,1337,2,0,1079,250,250,250,248,248,6,1,32000,32,32,32,9,497,9,497,32000,32,32000,32,687707,32,5549399,0
7890,248481,32000,32000,0,0,0,0,0,687707,32,248449,32,250,250,497,1696,2,0,1079,250,250,250,248,248,16,1,32000,32,32,32,9,497,9,497,32000,32,32000,32,687707,32,5557633,0
7900,248684,32000,32000,0,0,0,0,0,687707,32,248652,32,250,250,498,900,1,1000,885,250,250,250,249,249,26,1,32000,32,32,32,9,498,9,498,32000,32,32000,32,687707,32,5562325,0
7910,249076,32000,32000,0,0,0,0,0,687707,32,249044,32,251,251,499,1292,2,0,1045,251,251,251,249,249,6,1,32000,32,32,32,9,499,9,499,32000,32,32000,32,687707,32,5571341,0
7920,249463,32000,32000,0,0,0,0,0,687707,32,249431,32,251,251,499,1679,2,0,1045,251,251,251,249,249,16,1,32000,32,32,32,9,499,9,499,32000,32,32000,32,687707,32,5580242,0
7930,249670,32000,32000,0,0,0,0,0,687707,32,249638,32,251,251,500,887,1,1000,783,251,251,251,250,250,26,1,32000,32,32,32,9,500,9,500,32000,32,32000,32,687707,32,5585026,0
7940,250017,32000,32000,0,0,0,0,0,687707,32,249985,32,252,252,501,1234,2,0,1025,252,252,252,250,250,4,1,32000,32,32,32,9,501,9,501,32000,32,32000,32,687707,32,5593007,0
7950,250394,32000,32000,0,0,0,0,0,687707,32,250362,32,252,252,501,1611,2,0,1025,252,252,252,250,250,14,1,32000,32,32,32,9,501,9,501,32000,32,32000,32,687707,32,5601678,0
7960,250600,32000,32000,0,0,0,0,0,687707,32,250568,32,252,252,502,818,1,1000,695,252,252,252,251,251,24,1,32000,32,32,32,9,502,9,502,32000,32,32000,32,687707,32,5606439,0
7970,250995,32000,32000,0,0,0,0,0,687707,32,250963,32,253,253,503,1213,2,0,1055,253,253,253,251,251,4,1,32000,32,32,32,9,503,9,503,32000,32,32000,32,687707,32,5615547,0
7980,251376,32000,32000,0,0,0,0,0,687707,32,251344,32,253,253,504,595,1,1000,590,253,253,253,252,252,13,1,32000,32,32,32,9,504,9,504,32000,32,32000,32,687707,32,5624310,0
7990,251590,32000,32000,0,0,0,0,0,687707,32,251558,32,253,253,504,809,1,1000,590,253,253,253,252,252,24,1,32000,32,32,32,9,504,9,504,32000,32,32000,32,687707,32,5629232,0
8000,251937,32000,32000,0,0,0,0,0,687707,32,251905,32,254,254,505,1156,2,0,1030,254,254,254,252,252,2,1,32000,32,32,32,9,505,9,505,32000,32,32000,32,687707,32,5637213,0
8010,252329,32000,32000,0,0,0,0,0,687707,32,252297,32,254,254,505,1548,2,0,1030,254,254,254,252,252,12,1,32000,32,32,32,9,505,9,505,32000,32,32000,32,687707,32,5646229,0
8020,252714,32000,32000,0,0,0,0,0,687707,32,252682,32,254,254,505,1933,2,0,1030,254,254,254,252,252,22,1,32000,32,32,32,9,505,9,505,32000,32,32000,32,687707,32,5655107,0
8030,252916,32000,32000,0,0,0,0,0,687707,32,252884,32,255,255,507,1136,2,0,1066,255,255,255,253,253,0,1,32000,32,32,32,9,507,9,507,32000,32,32000,32,687707,32,5659753,0
8040,253312,32000,32000,0,0,0,0,0,687707,32,253280,32,255,255,507,1532,2,0,1066,255,255,255,253,253,10,1,32000,32,32,32,9,507,9,507,32000,32,32000,32,687707,32,5668861,0
8050,253475,32000,32000,0,0,0,0,0,687707,32,253443,32,255,255,508,696,1,1000,537,255,255,255,254,254,20,1,32000,32,32,32,9,508,9,508,32000,32,32000,32,687707,32,5672633,0
8060,253862,32000,32000,0,0,0,0,0,687707,32,253830,32,256,256,509,1083,2,0,1052,256,256,256,254,254,0,1,32000,32,32,32,9,509,9,509,32000,32,32000,32,687707,32,5681534,0
8070,254253,32000,32000,0,0,0,0,0,687707,32,254221,32,256,256,509,1474,2,0,1052,256,256,256,254,254,10,1,32000,32,32,32,9,509,9,509,32000,32,32000,32,687707,32,5690550,0
8080,254577,32000,32000,0,0,0,0,0,687707,32,254545,32,256,256,510,799,1,1000,794,256,256,256,255,255,20,1,32000,32,32,32,9,510,9,510,32000,32,32000,32,687707,32,5698002,0
8090,254847,32000,32000,0,0,0,0,0,687707,32,254815,32,257,257,511,1069,2,0,1017,257,257,257,255,255,0,1,32000,32,32,32,9,511,9,511,32000,32,32000,32,687707,32,5704212,0
8100,255203,32000,32000,0,0,0,0,0,687707,32,255171,32,257,257,511,1425,2,0,1017,257,257,257,255,255,10,1,32000,32,32,32,9,511,9,511,32000,32,32000,32,687707,32,5712400,0
8110,255281,32000,32000,0,0,0,0,0,687707,32,255249,32,257,257,512,504,1,1000,485,257,257,257,256,256,20,1,32000,32,32,32,9,512,9,512,32000,32,32000,32,687707,32,5714217,0
8120,255676,32000,32000,0,0,0,0,0,687707,32,255644,32,257,257,512,899,1,1000,485,257,257,257,256,256,30,1,32000,32,32,32,9,512,9,512,32000,32,32000,32,687707,32,5723302,0
8130,256066,32000,32000,0,0,0,0,0,687707,32,256034,32,258,258,513,1289,2,0,1035,258,258,258,256,256,6,1,32000,32,32,32,9,513,9,513,32000,32,32000,32,687707,32,5732272,0
8140,256462,32000,32000,0,0,0,0,0,687707,32,256430,32,258,258,513,1685,2,0,1035,258,258,258,256,256,16,1,32000,32,32,32,9,513,9,513,32000,32,32000,32,687707,32,5741380,0
8150,256692,32000,32000,0,0,0,0,0,687707,32,256660,32,258,258,514,916,1,1000,912,258,258,258,257,257,26,1,32000,32,32,32,9,514,9,514,32000,32,32000,32,687707,32,5746693,0
8160,257014,32000,32000,0,0,0,0,0,687707,32,256982,32,259,259,515,1238,2,0,1005,259,259,259,257,257,6,1,32000,32,32,32,9,515,9,515,32000,32,32000,32,687707,32,5754099,0
8170,257409,32000,32000,0,0,0,0,0,687707,32,257377,32,259,259,515,1633,2,0,1005,259,259,259,257,257,16,1,32000,32,32,32,9,515,9,515,32000,32,32000,32,687707,32,5763184,0
8180,257611,32000,32000,0,0,0,0,0,687707,32,257579,32,259,259,516,836,1,1000,745,259,259,259,258,258,26,1,32000,32,32,32,9,516,9,516,32000,32,32000,32,687707,32,5767853,0
8190,258003,32000,32000,0,0,0,0,0,687707,32,257971,32,260,260,517,1228,2,0,1050,260,260,260,258,258,4,1,32000,32,32,32,9,517,9,517,32000,32,32000,32,687707,32,5776869,0
8200,258392,32000,32000,0,0,0,0,0,687707,32,258360,32,260,260,517,1617,2,0,1050,260,260,260,258,258,14,1,32000,32,32,32,9,517,9,517,32000,32,32000,32,687707,32,5785839,0
8210,258557,32000,32000,0,0,0,0,0,687707,32,258525,32,260,260,518,783,1,1000,701,260,260,260,259,259,22,1,32000,32,32,32,9,518,9,518,32000,32,32000,32,687707,32,5789634,0
8220,258957,32000,32000,0,0,0,0,0,687707,32,258925,32,261,261,519,1183,2,0,1028,261,261,261,259,259,2,1,32000,32,32,32,9,519,9,519,32000,32,32000,32,687707,32,5798834,0
8230,259343,32000,32000,0,0,0,0,0,687707,32,259311,32,261,261,519,1569,2,0,1028,261,261,261,259,259,12,1,32000,32,32,32,9,519,9,519,32000,32,32000,32,687707,32,5807712,0
8240,259545,32000,32000,0,0,0,0,0,687707,32,259513,32,261,261,520,772,1,1000,580,261,261,261,260,260,24,1,32000,32,32,32,9,520,9,520,32000,32,32000,32,687707,32,5812381,0
8250,259945,32000,32000,0,0,0,0,0,687707,32,259913,32,262,262,521,1172,2,0,1003,262,262,262,260,260,4,1,32000,32,32,32,9,521,9,521,32000,32,32000,32,687707,32,5821581,0
8260,260334,32000,32000,0,0,0,0,0,687707,32,260302,32,262,262,521,1561,2,0,1003,262,262,262,260,260,14,1,32000,32,32,32,9,521,9,521,32000,32,32000,32,687707,32,5830528,0
8270,260683,32000,32000,0,0,0,0,0,687707,32,260651,32,262,262,521,1911,2,0,1003,262,262,262,260,260,22,1,32000,32,32,32,9,521,9,521,32000,32,32000,32,687707,32,5838578,0
8280,260891,32000,32000,0,0,0,0,0,687707,32,260859,32,263,263,523,1119,2,0,1001,263,263,263,261,261,4,1,32000,32,32,32,9,523,9,523,32000,32,32000,32,687707,32,5843362,0
8290,261146,32000,32000,0,0,0,0,0,687707,32,261114,32,263,263,524,375,1,1000,368,263,263,263,262,262,14,1,32000,32,32,32,9,524,9,524,32000,32,32000,32,687707,32,5849250,0
8300,261483,32000,32000,0,0,0,0,0,687707,32,261451,32,263,263,524,712,1,1000,368,263,263,263,262,262,24,1,32000,32,32,32,9,524,9,524,32000,32,32000,32,687707,32,5857001,0
8310,261877,32000,32000,0,0,0,0,0,687707,32,261845,32,264,264,525,1106,2,0,1029,264,264,264,262,262,0,1,32000,32,32,32,9,525,9,525,32000,32,32000,32,687707,32,5866063,0
8320,262261,32000,32000,0,0,0,0,0,687707,32,262229,32,264,264,525,1490,2,0,1029,264,264,264,262,262,12,1,32000,32,32,32,9,525,9,525,32000,32,32000,32,687707,32,5874895,0
8330,262567,32000,32000,0,0,0,0,0,687707,32,262535,32,264,264,526,797,1,1000,790,264,264,264,263,263,20,1,32000,32,32,32,9,526,9,526,32000,32,32000,32,687707,32,5881956,0
8340,262821,32000,32000,0,0,0,0,0,687707,32,262789,32,265,265,527,1051,2,0,1011,265,265,265,263,263,0,1,32000,32,32,32,9,527,9,527,32000,32,32000,32,687707,32,5887821,0
8350,263212,32000,32000,0,0,0,0,0,687707,32,263180,32,265,265,527,1442,2,0,1011,265,265,265,263,263,10,1,32000,32,32,32,9,527,9,527,32000,32,32000,32,687707,32,5896791,0
8360,263457,32000,32000,0,0,0,0,0,687707,32,263425,32,265,265,528,688,1,1000,681,265,265,265,264,264,20,1,32000,32,32,32,9,528,9,528,32000,32,32000,32,687707,32,5902449,0
8370,263803,32000,32000,0,0,0,0,0,687707,32,263771,32,265,265,528,1034,2,1000,681,265,266,265,264,264,30,1,32000,32,32,32,9,528,9,528,32000,32,32000,32,687707,32,5910407,0
8380,264158,32000,32000,0,0,0,0,0,687707,32,264126,32,266,266,529,1389,2,0,1053,266,266,266,264,264,8,1,32000,32,32,32,9,529,9,529,32000,32,32000,32,687707,32,5918572,0
8390,264358,32000,32000,0,0,0,0,0,687707,32,264326,32,266,266,530,590,1,1000,566,266,266,266,265,265,18,1,32000,32,32,32,9,530,9,530,32000,32,32000,32,687707,32,5923195,0
8400,264750,32000,32000,0,0,0,0,0,687707,32,264718,32,266,266,530,982,1,1000,566,266,266,266,265,265,28,1,32000,32,32,32,9,530,9,530,32000,32,32000,32,687707,32,5932234,0
8410,265029,32000,32000,0,0,0,0,0,687707,32,264997,32,267,267,531,1261,2,0,1077,267,267,267,265,265,4,1,32000,32,32,32,9,531,9,531,32000,32,32000,32,687707,32,5938628,0
8420,265417,32000,32000,0,0,0,0,0,687707,32,265385,32,267,267,531,1649,2,0,1077,267,267,267,265,265,14,1,32000,32,32,32,9,531,9,531,32000,32,32000,32,687707,32,5947552,0
8431,265620,32000,32000,0,0,0,0,0,687707,32,265588,32,267,267,532,853,1,1000,786,267,267,267,266,266,24,1,32000,32,32,32,9,532,9,532,32000,32,32000,32,687707,32,5952244,0
8440,265974,32000,32000,0,0,0,0,0,687707,32,265942,32,268,268,533,1207,2,0,1041,268,268,268,266,266,4,1,32000,32,32,32,9,533,9,533,32000,32,32000,32,687707,32,5960386,0
8450,266368,32000,32000,0,0,0,0,0,687707,32,266336,32,268,268,533,1601,2,0,1041,268,268,268,266,266,14,1,32000,32,32,32,9,533,9,533,32000,32,32000,32,687707,32,5969448,0
8460,266570,32000,32000,0,0,0,0,0,687707,32,266538,32,268,268,534,804,1,1000,683,268,268,268,267,267,24,1,32000,32,32,32,9,534,9,534,32000,32,32000,32,687707,32,5974117,0
8470,266965,32000,32000,0,0,0,0,0,687707,32,266933,32,269,269,535,1199,2,0,1014,269,269,269,267,267,4,1,32000,32,32,32,9,535,9,535,32000,32,32000,32,687707,32,5983202,0
8480,267357,32000,32000,0,0,0,0,0,687707,32,267325,32,269,269,536,592,1,1000,587,269,269,269,268,268,14,1,32000,32,32,32,9,536,9,536,32000,32,32000,32,687707,32,5992241,0
8490,267523,32000,32000,0,0,0,0,0,687707,32,267491,32,269,269,536,758,1,1000,587,269,269,269,268,268,22,1,32000,32,32,32,9,536,9,536,32000,32,32000,32,687707,32,5996059,0
8500,267911,32000,32000,0,0,0,0,0,687707,32,267879,32,270,270,537,1146,2,0,1079,270,270,270,268,268,0,1,32000,32,32,32,9,537,9,537,32000,32,32000,32,687707,32,6004983,0
8510,268308,32000,32000,0,0,0,0,0,687707,32,268276,32,270,270,537,1543,2,0,1079,270,270,270,268,268,12,1,32000,32,32,32,9,537,9,537,32000,32,32000,32,687707,32,6014114,0
8520,268694,32000,32000,0,0,0,0,0,687707,32,268662,32,270,270,537,1929,2,0,1079,270,270,270,268,268,22,1,32000,32,32,32,9,537,9,537,32000,32,32000,32,687707,32,6023015,0
8530,268898,32000,32000,0,0,0,0,0,687707,32,268866,32,271,271,539,1134,2,0,1044,271,271,271,269,269,2,1,32000,32,32,32,9,539,9,539,32000,32,32000,32,687707,32,6027730,0
8540,269254,32000,32000,0,0,0,0,0,687707,32,269222,32,271,271,539,1490,2,0,1044,271,271,271,269,269,10,1,32000,32,32,32,9,539,9,539,32000,32,32000,32,687707,32,6035895,0
8550,269460,32000,32000,0,0,0,0,0,687707,32,269428,32,271,271,540,697,1,1000,523,271,271,271,270,270,20,1,32000,32,32,32,9,540,9,540,32000,32,32000,32,687707,32,6040656,0
8560,269842,32000,32000,0,0,0,0,0,687707,32,269810,32,272,272,541,1079,2,0,1022,272,272,272,270,270,0,1,32000,32,32,32,9,541,9,541,32000,32,32000,32,687707,32,6049442,0
8570,270236,32000,32000,0,0,0,0,0,687707,32,270204,32,272,272,541,1473,2,0,1022,272,272,272,270,270,10,1,32000,32,32,32,9,541,9,541,32000,32,32000,32,687707,32,6058504,0
8580,270564,32000,32000,0,0,0,0,0,687707,32,270532,32,272,272,542,802,1,1000,794,272,272,272,271,271,20,1,32000,32,32,32,9,542,9,542,32000,32,32000,32,687707,32,6066071,0
8590,270829,32000,32000,0,0,0,0,0,687707,32,270797,32,273,273,543,1067,2,0,1067,273,273,273,271,271,0,1,32000,32,32,32,9,543,9,543,32000,32,32000,32,687707,32,6072166,0
8600,271182,32000,32000,0,0,0,0,0,687707,32,271150,32,273,273,543,1420,2,0,1067,273,273,273,271,271,8,1,32000,32,32,32,9,543,9,543,32000,32,32000,32,687707,32,6080285,0
8610,271460,32000,32000,0,0,0,0,0,687707,32,271428,32,273,273,544,699,1,1000,690,273,273,273,272,272,18,1,32000,32,32,32,9,544,9,544,32000,32,32000,32,687707,32,6086702,0
8620,271768,32000,32000,0,0,0,0,0,687707,32,271736,32,273,273,544,1007,2,1000,690,273,274,273,272,272,28,1,32000,32,32,32,9,544,9,544,32000,32,32000,32,687707,32,6093786,0
8630,272170,32000,32000,0,0,0,0,0,687707,32,272138,32,274,274,545,1409,2,0,1042,274,274,274,272,272,8,1,32000,32,32,32,9,545,9,545,32000,32,32000,32,687707,32,6103032,0
8640,272370,32000,32000,0,0,0,0,0,687707,32,272338,32,274,274,546,610,1,1000,587,274,274,274,273,273,18,1,32000,32,32,32,9,546,9,546,32000,32,32000,32,687707,32,6107655,0
8651,272757,32000,32000,0,0,0,0,0,687707,32,272725,32,274,274,546,997,1,1000,587,274,274,274,273,273,28,1,32000,32,32,32,9,546,9,546,32000,32,32000,32,687707,32,6116556,0
8660,273090,32000,32000,0,0,0,0,0,687707,32,273058,32,275,275,547,1330,2,0,1004,275,275,275,273,273,8,1,32000,32,32,32,9,547,9,547,32000,32,32000,32,687707,32,6124238,0
8670,273408,32000,32000,0,0,0,0,0,687707,32,273376,32,275,275,548,649,1,1000,634,275,275,275,274,274,18,1,32000,32,32,32,9,548,9,548,32000,32,32000,32,687707,32,6131552,0
8680,273676,32000,32000,0,0,0,0,0,687707,32,273644,32,275,275,548,917,1,1000,634,275,275,275,274,274,28,1,32000,32,32,32,9,548,9,548,32000,32,32000,32,687707,32,6137716,0
8690,274066,32000,32000,0,0,0,0,0,687707,32,274034,32,276,276,549,1307,2,0,1045,276,276,276,274,274,6,1,32000,32,32,32,9,549,9,549,32000,32,32000,32,687707,32,6146686,0
8700,274439,32000,32000,0,0,0,0,0,687707,32,274407,32,276,276,549,1680,2,0,1045,276,276,276,274,274,16,1,32000,32,32,32,9,549,9,549,32000,32,32000,32,687707,32,6155265,0
8710,274502,32000,32000,0,0,0,0,0,687707,32,274470,32,276,276,550,744,1,1000,687,276,276,276,275,275,25,1,32000,32,32,32,9,550,9,550,32000,32,32000,32,687707,32,6156737,0
8720,274879,32000,32000,0,0,0,0,0,687707,32,274847,32,277,277,551,1121,2,0,1017,277,277,277,275,275,2,1,32000,32,32,32,9,551,9,551,32000,32,32000,32,687707,32,6165408,0
8730,275270,32000,32000,0,0,0,0,0,687707,32,275238,32,277,277,551,1512,2,0,1017,277,277,277,275,275,12,1,32000,32,32,32,9,551,9,551,32000,32,32000,32,687707,32,6174401,0
8740,275483,32000,32000,0,0,0,0,0,687707,32,275451,32,277,277,552,726,1,1000,586,277,277,277,276,276,22,1,32000,32,32,32,9,552,9,552,32000,32,32000,32,687707,32,6179323,0
8750,275870,32000,32000,0,0,0,0,0,687707,32,275838,32,278,278,553,1113,2,0,1067,278,278,278,276,276,0,1,32000,32,32,32,9,553,9,553,32000,32,32000,32,687707,32,6188224,0
8760,276268,32000,32000,0,0,0,0,0,687707,32,276236,32,278,278,553,1511,2,0,1067,278,278,278,276,276,10,1,32000,32,32,32,9,553,9,553,32000,32,32000,32,687707,32,6197378,0
8770,276624,32000,32000,0,0,0,0,0,687707,32,276592,32,278,278,553,1867,2,0,1067,278,278,278,276,276,20,1,32000,32,32,32,9,553,9,553,32000,32,32000,32,687707,32,6205566,0
8780,276827,32000,32000,0,0,0,0,0,687707,32,276795,32,279,279,555,1071,2,0,1064,279,279,279,277,277,0,1,32000,32,32,32,9,555,9,555,32000,32,32000,32,687707,32,6210258,0
8790,277222,32000,32000,0,0,0,0,0,687707,32,277190,32,279,279,555,1466,2,0,1064,279,279,279,277,277,10,1,32000,32,32,32,9,555,9,555,32000,32,32000,32,687707,32,6219343,0
8800,277424,32000,32000,0,0,0,0,0,687707,32,277392,32,279,279,556,669,1,1000,662,279,279,279,278,278,20,1,32000,32,32,32,9,556,9,556,32000,32,32000,32,687707,32,6224012,0
8810,277814,32000,32000,0,0,0,0,0,687707,32,277782,32,280,280,557,1059,2,0,1030,280,280,280,278,278,0,1,32000,32,32,32,9,557,9,557,32000,32,32000,32,687707,32,6232982,0
8820,278204,32000,32000,0,0,0,0,0,687707,32,278172,32,280,280,557,1449,2,0,1030,280,280,280,278,278,10,1,32000,32,32,32,9,557,9,557,32000,32,32000,32,687707,32,6241952,0
8830,278545,32000,32000,0,0,0,0,0,687707,32,278513,32,280,280,558,791,1,1000,788,280,280,280,279,279,19,1,32000,32,32,32,9,558,9,558,32000,32,32000,32,687707,32,6249818,0
8840,278758,32000,32000,0,0,0,0,0,687707,32,278726,32,280,280,558,1004,2,1000,788,280,281,280,279,279,28,1,32000,32,32,32,9,558,9,558,32000,32,32000,32,687707,32,6254717,0
8850,279151,32000,32000,0,0,0,0,0,687707,32,279119,32,281,281,559,1397,2,0,1011,281,281,281,279,279,8,1,32000,32,32,32,9,559,9,559,32000,32,32000,32,687707,32,6263756,0
8860,279423,32000,32000,0,0,0,0,0,687707,32,279391,32,281,281,560,670,1,1000,662,281,281,281,280,280,20,1,32000,32,32,32,9,560,9,560,32000,32,32000,32,687707,32,6270035,0
8870,279750,32000,32000,0,0,0,0,0,687707,32,279718,32,281,281,560,997,1,1000,662,281,281,281,280,280,30,1,32000,32,32,32,9,560,9,560,32000,32,32000,32,687707,32,6277556,0
8880,280099,32000,32000,0,0,0,0,0,687707,32,280067,32,282,282,561,1346,2,0,1062,282,282,282,280,280,6,1,32000,32,32,32,9,561,9,561,32000,32,32000,32,687707,32,6285583,0
8890,280300,32000,32000,0,0,0,0,0,687707,32,280268,32,282,282,562,548,1,1000,544,282,282,282,281,281,16,1,32000,32,32,32,9,562,9,562,32000,32,32000,32,687707,32,6290229,0
8900,280690,32000,32000,0,0,0,0,0,687707,32,280658,32,282,282,562,938,1,1000,544,282,282,282,281,281,26,1,32000,32,32,32,9,562,9,562,32000,32,32000,32,687707,32,6299199,0
8910,281076,32000,32000,0,0,0,0,0,687707,32,281044,32,283,283,563,1324,2,0,1032,283,283,283,281,281,6,1,32000,32,32,32,9,563,9,563,32000,32,32000,32,687707,32,6308077,0
8920,281474,32000,32000,0,0,0,0,0,687707,32,281442,32,283,283,563,1722,2,0,1032,283,283,283,281,281,16,1,32000,32,32,32,9,563,9,563,32000,32,32000,32,687707,32,6317254,0
8930,281696,32000,32000,0,0,0,0,0,687707,32,281664,32,283,283,564,945,1,1000,939,283,283,283,282,282,26,1,32000,32,32,32,9,564,9,564,32000,32,32000,32,687707,32,6322360,0
8940,282029,32000,32000,0,0,0,0,0,687707,32,281997,32,284,284,565,1278,2,0,1003,284,284,284,282,282,6,1,32000,32,32,32,9,565,9,565,32000,32,32000,32,687707,32,6330042,0
8950,282374,32000,32000,0,0,0,0,0,687707,32,282342,32,284,284,565,1623,2,0,1003,284,284,284,282,282,16,1,32000,32,32,32,9,565,9,565,32000,32,32000,32,687707,32,6337954,0
8960,282598,32000,32000,0,0,0,0,0,687707,32,282566,32,284,284,566,848,1,1000,844,284,284,284,283,283,26,1,32000,32,32,32,9,566,9,566,32000,32,32000,32,687707,32,6343129,0
8970,282964,32000,32000,0,0,0,0,0,687707,32,282932,32,285,285,567,1214,2,0,1011,285,285,285,283,283,4,1,32000,32,32,32,9,567,9,567,32000,32,32000,32,687707,32,6351547,0
8980,283351,32000,32000,0,0,0,0,0,687707,32,283319,32,285,285,567,1601,2,0,1011,285,285,285,283,283,14,1,32000,32,32,32,9,567,9,567,32000,32,32000,32,687707,32,6360448,0
8990,283515,32000,32000,0,0,0,0,0,687707,32,283483,32,285,285,568,766,1,1000,750,285,285,285,284,284,24,1,32000,32,32,32,9,568,9,568,32000,32,32000,32,687707,32,6364243,0
9000,283904,32000,32000,0,0,0,0,0,687707,32,283872,32,286,286,569,1155,2,0,1049,286,286,286,284,284,2,1,32000,32,32,32,9,569,9,569,32000,32,32000,32,687707,32,6373190,0
9010,284183,32000,32000,0,0,0,0,0,687707,32,284151,32,286,286,569,1434,2,0,1049,286,286,286,284,284,12,1,32000,32,32,32,9,569,9,569,32000,32,32000,32,687707,32,6379607,0
9020,284387,32000,32000,0,0,0,0,0,687707,32,284355,32,286,286,570,639,1,1000,441,286,286,286,285,285,22,1,32000,32,32,32,9,570,9,570,32000,32,32000,32,687707,32,6384322,0
9030,284781,32000,32000,0,0,0,0,0,687707,32,284749,32,286,286,570,1033,2,1000,441,286,287,286,285,285,32,1,32000,32,32,32,9,570,9,570,32000,32,32000,32,687707,32,6393384,0
9041,285172,32000,32000,0,0,0,0,0,687707,32,285140,32,287,287,571,1424,2,0,1155,287,287,287,285,285,6,1,32000,32,32,32,9,571,9,571,32000,32,32000,32,687707,32,6402377,0
9050,285527,32000,32000,0,0,0,0,0,687707,32,285495,32,287,287,571,1779,2,0,1155,287,287,287,285,285,16,1,32000,32,32,32,9,571,9,571,32000,32,32000,32,687707,32,6410542,0
9060,285730,32000,32000,0,0,0,0,0,687707,32,285698,32,287,287,572,983,1,1000,846,287,287,287,286,286,26,1,32000,32,32,32,9,572,9,572,32000,32,32000,32,687707,32,6415234,0
9070,286129,32000,32000,0,0,0,0,0,687707,32,286097,32,288,288,573,1382,2,0,1053,288,288,288,286,286,8,1,32000,32,32,32,9,573,9,573,32000,32,32000,32,687707,32,6424411,0
9080,286467,32000,32000,0,0,0,0,0,687707,32,286435,32,288,288,574,721,1,1000,718,288,288,288,287,287,18,1,32000,32,32,32,9,574,9,574,32000,32,32000,32,687707,32,6432208,0
9090,286718,32000,32000,0,0,0,0,0,687707,32,286686,32,288,288,574,972,1,1000,718,288,288,288,287,287,28,1,32000,32,32,32,9,574,9,574,32000,32,32000,32,687707,32,6437981,0
9100,287073,32000,32000,0,0,0,0,0,687707,32,287041,32,289,289,575,1327,2,0,1016,289,289,289,287,287,6,1,32000,32,32,32,9,575,9,575,32000,32,32000,32,687707,32,6446146,0
9110,287343,32000,32000,0,0,0,0,0,687707,32,287311,32,289,289,576,598,1,1000,590,289,289,289,288,288,16,1,32000,32,32,32,9,576,9,576,32000,32,32000,32,687707,32,6452379,0
9120,287667,32000,32000,0,0,0,0,0,687707,32,287635,32,289,289,576,922,1,1000,590,289,289,289,288,288,26,1,32000,32,32,32,9,576,9,576,32000,32,32000,32,687707,32,6459831,0
9130,288061,32000,32000,0,0,0,0,0,687707,32,288029,32,290,290,577,1316,2,0,1002,290,290,290,288,288,8,1,32000,32,32,32,9,577,9,577,32000,32,32000,32,687707,32,6468893,0
9140,288444,32000,32000,0,0,0,0,0,687707,32,288412,32,290,290,577,1699,2,0,1002,290,290,290,288,288,18,1,32000,32,32,32,9,577,9,577,32000,32,32000,32,687707,32,6477702,0
9151,288646,32000,32000,0,0,0,0,0,687707,32,288614,32,290,290,578,902,1,1000,827,290,290,290,289,289,28,1,32000,32,32,32,9,578,9,578,32000,32,32000,32,687707,32,6482394,0
9160,289007,32000,32000,0,0,0,0,0,687707,32,288975,32,291,291,579,1263,2,0,1046,291,291,291,289,289,4,1,32000,32,32,32,9,579,9,579,32000,32,32000,32,687707,32,6490674,0
9170,289401,32000,32000,0,0,0,0,0,687707,32,289369,32,291,291,579,1657,2,0,1046,291,291,291,289,289,14,1,32000,32,32,32,9,579,9,579,32000,32,32000,32,687707,32,6499736,0
9180,289647,32000,32000,0,0,0,0,0,687707,32,289615,32,291,291,580,904,1,1000,892,291,291,291,290,290,24,1,32000,32,32,32,9,580,9,580,32000,32,32000,32,687707,32,6505417,0
9190,290007,32000,32000,0,0,0,0,0,687707,32,289975,32,292,292,581,1264,2,0,1039,292,292,292,290,290,4,1,32000,32,32,32,9,581,9,581,32000,32,32000,32,687707,32,6513697,0
9200,290379,32000,32000,0,0,0,0,0,687707,32,290347,32,292,292,582,637,1,1000,631,292,292,292,291,291,15,1,32000,32,32,32,9,582,9,582,32000,32,32000,32,687707,32,6522276,0
9210,290552,32000,32000,0,0,0,0,0,687707,32,290520,32,292,292,582,810,1,1000,631,292,292,292,291,291,24,1,32000,32,32,32,9,582,9,582,32000,32,32000,32,687707,32,6526255,0
9220,290948,32000,32000,0,0,0,0,0,687707,32,290916,32,293,293,583,1206,2,0,1003,293,293,293,291,291,4,1,32000,32,32,32,9,583,9,583,32000,32,32000,32,687707,32,6535363,0
9230,291337,32000,32000,0,0,0,0,0,687707,32,291305,32,293,293,583,1595,2,0,1003,293,293,293,291,291,14,1,32000,32,32,32,9,583,9,583,32000,32,32000,32,687707,32,6544310,0
9240,291548,32000,32000,0,0,0,0,0,687707,32,291516,32,293,293,584,807,1,1000,626,293,293,293,292,292,24,1,32000,32,32,32,9,584,9,584,32000,32,32000,32,687707,32,6549186,0
9250,291936,32000,32000,0,0,0,0,0,687707,32,291904,32,294,294,585,1195,2,0,1074,294,294,294,292,292,2,1,32000,32,32,32,9,585,9,585,32000,32,32000,32,687707,32,6558110,0
9260,292287,32000,32000,0,0,0,0,0,687707,32,292255,32,294,294,586,547,1,1000,526,294,294,294,293,293,12,1,32000,32,32,32,9,586,9,586,32000,32,32000,32,687707,32,6566206,0
9270,292515,32000,32000,0,0,0,0,0,687707,32,292483,32,294,294,586,775,1,1000,526,294,294,294,293,293,22,1,32000,32,32,32,9,586,9,586,32000,32,32000,32,687707,32,6571450,0
9280,292909,32000,32000,0,0,0,0,0,687707,32,292877,32,295,295,587,1169,2,0,1057,295,295,295,293,293,2,1,32000,32,32,32,9,587,9,587,32000,32,32000,32,687707,32,6580535,0
9290,293297,32000,32000,0,0,0,0,0,687707,32,293265,32,295,295,587,1557,2,0,1057,295,295,295,293,293,12,1,32000,32,32,32,9,587,9,587,32000,32,32000,32,687707,32,6589436,0
9300,293669,32000,32000,0,0,0,0,0,687707,32,293637,32,295,295,588,930,1,1000,927,295,295,295,294,294,22,1,32000,32,32,32,9,588,9,588,32000,32,32000,32,687707,32,6598015,0
9310,293896,32000,32000,0,0,0,0,0,687707,32,293864,32,296,296,589,1157,2,0,1033,296,296,296,294,294,2,1,32000,32,32,32,9,589,9,589,32000,32,32000,32,687707,32,6603236,0
9320,294289,32000,32000,0,0,0,0,0,687707,32,294257,32,296,296,589,1550,2,0,1033,296,296,296,294,294,12,1,32000,32,32,32,9,589,9,589,32000,32,32000,32,687707,32,6612298,0
9330,294555,32000,32000,0,0,0,0,0,687707,32,294523,32,296,296,590,817,1,1000,809,296,296,296,295,295,22,1,32000,32,32,32,9,590,9,590,32000,32,32000,32,687707,32,6618416,0
9340,294843,32000,32000,0,0,0,0,0,687707,32,294811,32,297,297,591,1105,2,0,1021,297,297,297,295,295,2,1,32000,32,32,32,9,591,9,591,32000,32,32000,32,687707,32,6625040,0
9350,295234,32000,32000,0,0,0,0,0,687707,32,295202,32,297,297,591,1496,2,0,1021,297,297,297,295,295,12,1,32000,32,32,32,9,591,9,591,32000,32,32000,32,687707,32,6634033,0
9360,295467,32000,32000,0,0,0,0,0,687707,32,295435,32,297,297,592,730,1,1000,723,297,297,297,296,296,22,1,32000,32,32,32,9,592,9,592,32000,32,32000,32,687707,32,6639415,0
9370,295832,32000,32000,0,0,0,0,0,687707,32,295800,32,298,298,593,1095,2,0,1068,298,298,298,296,296,0,1,32000,32,32,32,9,593,9,593,32000,32,32000,32,687707,32,6647833,0
9380,296226,32000,32000,0,0,0,0,0,687707,32,296194,32,298,298,593,1489,2,0,1068,298,298,298,296,296,10,1,32000,32,32,32,9,593,9,593,32000,32,32000,32,687707,32,6656872,0
9390,296389,32000,32000,0,0,0,0,0,687707,32,296357,32,298,298,594,653,1,1000,615,298,298,298,297,297,18,1,32000,32,32,32,9,594,9,594,32000,32,32000,32,687707,32,6660644,0
9400,296783,32000,32000,0,0,0,0,0,687707,32,296751,32,298,298,594,1047,2,1000,615,298,299,298,297,297,28,1,32000,32,32,32,9,594,9,594,32000,32,32000,32,687707,32,6669706,0
9410,297176,32000,32000,0,0,0,0,0,687707,32,297144,32,299,299,595,1440,2,0,1064,299,299,299,297,297,8,1,32000,32,32,32,9,595,9,595,32000,32,32000,32,687707,32,6678768,0
9420,297388,32000,32000,0,0,0,0,0,687707,32,297356,32,299,299,596,653,1,1000,643,299,299,299,298,298,18,1,32000,32,32,32,9,596,9,596,32000,32,32000,32,687707,32,6683644,0
9430,297785,32000,32000,0,0,0,0,0,687707,32,297753,32,300,300,597,1050,2,0,1045,300,300,300,298,298,0,1,32000,32,32,32,9,597,9,597,32000,32,32000,32,687707,32,6692775,0
9440,298171,32000,32000,0,0,0,0,0,687707,32,298139,32,300,300,597,1436,2,0,1045,300,300,300,298,298,10,1,32000,32,32,32,9,597,9,597,32000,32,32000,32,687707,32,6701653,0
9450,298568,32000,32000,0,0,0,0,0,687707,32,298536,32,300,300,597,1833,2,0,1045,300,300,300,298,298,18,1,32000,32,32,32,9,597,9,597,32000,32,32000,32,687707,32,6710784,0
9460,298729,32000,32000,0,0,0,0,0,687707,32,298697,32,300,300,598,995,1,1000,915,300,300,300,299,299,28,1,32000,32,32,32,9,598,9,598,32000,32,32000,32,687707,32,6714533,0
9470,299124,32000,32000,0,0,0,0,0,687707,32,299092,32,301,301,599,1390,2,0,1032,301,301,301,299,299,8,1,32000,32,32,32,9,599,9,599,32000,32,32000,32,687707,32,6723595,0
9480,299526,32000,32000,0,0,0,0,0,687707,32,299494,32,301,301,599,1792,2,0,1032,301,301,301,299,299,18,1,32000,32,32,32,9,599,9,599,32000,32,32000,32,687707,32,6732841,0
9490,299724,32000,32000,0,0,0,0,0,687707,32,299692,32,301,301,600,991,1,1000,805,301,301,301,300,300,28,1,32000,32,32,32,9,600,9,600,32000,32,32000,32,687707,32,6737418,0
9500,300117,32000,32000,0,0,0,0,0,687707,32,300085,32,302,302,601,1384,2,0,1016,302,302,302,300,300,8,1,32000,32,32,32,9,601,9,601,32000,32,32000,32,687707,32,6746457,0
9510,300441,32000,32000,0,0,0,0,0,687707,32,300409,32,302,302,602,709,1,1000,697,302,302,302,301,301,18,1,32000,32,32,32,9,602,9,602,32000,32,32000,32,687707,32,6753932,0
9520,300722,32000,32000,0,0,0,0,0,687707,32,300690,32,302,302,602,990,1,1000,697,302,302,302,301,301,28,1,32000,32,32,32,9,602,9,602,32000,32,32000,32,687707,32,6760395,0
9530,301073,32000,32000,0,0,0,0,0,687707,32,301041,32,303,303,603,1341,2,0,1086,303,303,303,301,301,6,1,32000,32,32,32,9,603,9,603,32000,32,32000,32,687707,32,6768491,0
9540,301335,32000,32000,0,0,0,0,0,687707,32,301303,32,303,303,604,604,1,1000,599,303,303,303,302,302,16,1,32000,32,32,32,9,604,9,604,32000,32,32000,32,687707,32,6774517,0
9550,301670,32000,32000,0,0,0,0,0,687707,32,301638,32,303,303,604,939,1,1000,599,303,303,303,302,302,26,1,32000,32,32,32,9,604,9,604,32000,32,32000,32,687707,32,6782222,0
9560,302060,32000,32000,0,0,0,0,0,687707,32,302028,32,304,304,605,1329,2,0,1065,304,304,304,302,302,6,1,32000,32,32,32,9,605,9,605,32000,32,32000,32,687707,32,6791192,0
9570,302456,32000,32000,0,0,0,0,0,687707,32,302424,32,304,304,605,1725,2,0,1065,304,304,304,302,302,16,1,32000,32,32,32,9,605,9,605,32000,32,32000,32,687707,32,6800323,0
9580,302664,32000,32000,0,0,0,0,0,687707,32,302632,32,304,304,606,934,1,1000,785,304,304,304,303,303,26,1,32000,32,32,32,9,606,9,606,32000,32,32000,32,687707,32,6805130,0
9590,303061,32000,32000,0,0,0,0,0,687707,32,303029,32,305,305,607,1331,2,0,1041,305,305,305,303,303,6,1,32000,32,32,32,9,607,9,607,32000,32,32000,32,687707,32,6814238,0
9600,303423,32000,32000,0,0,0,0,0,687707,32,303391,32,305,305,607,1693,2,0,1041,305,305,305,303,303,16,1,32000,32,32,32,9,607,9,607,32000,32,32000,32,687707,32,6822564,0
9610,303504,32000,32000,0,0,0,0,0,687707,32,303472,32,305,305,608,775,1,1000,725,305,305,305,304,304,26,1,32000,32,32,32,9,608,9,608,32000,32,32000,32,687707,32,6824450,0
9620,303907,32000,32000,0,0,0,0,0,687707,32,303875,32,306,306,609,1178,2,0,1067,306,306,306,304,304,2,1,32000,32,32,32,9,609,9,609,32000,32,32000,32,687707,32,6833719,0
9630,304293,32000,32000,0,0,0,0,0,687707,32,304261,32,306,306,609,1564,2,0,1067,306,306,306,304,304,12,1,32000,32,32,32,9,609,9,609,32000,32,32000,32,687707,32,6842597,0
9640,304496,32000,32000,0,0,0,0,0,687707,32,304464,32,306,306,610,768,1,1000,613,306,306,306,305,305,22,1,32000,32,32,32,9,610,9,610,32000,32,32000,32,687707,32,6847289,0
9650,304892,32000,32000,0,0,0,0,0,687707,32,304860,32,307,307,611,1164,2,0,1044,307,307,307,305,305,2,1,32000,32,32,32,9,611,9,611,32000,32,32000,32,687707,32,6856420,0
9660,305284,32000,32000,0,0,0,0,0,687707,32,305252,32,307,307,611,1556,2,0,1044,307,307,307,305,305,12,1,32000,32,32,32,9,611,9,611,32000,32,32000,32,687707,32,6865413,0
9670,305584,32000,32000,0,0,0,0,0,687707,32,305552,32,307,307,612,857,1,1000,848,307,307,307,306,306,22,1,32000,32,32,32,9,612,9,612,32000,32,32000,32,687707,32,6872336,0
9680,305841,32000,32000,0,0,0,0,0,687707,32,305809,32,308,308,613,1114,2,0,1030,308,308,308,306,306,2,1,32000,32,32,32,9,613,9,613,32000,32,32000,32,687707,32,6878247,0
9690,306226,32000,32000,0,0,0,0,0,687707,32,306194,32,308,308,613,1499,2,0,1030,308,308,308,306,306,12,1,32000,32,32,32,9,613,9,613,32000,32,32000,32,687707,32,6887102,0
9700,306614,32000,32000,0,0,0,0,0,687707,32,306582,32,308,308,613,1887,2,0,1030,308,308,308,306,306,22,1,32000,32,32,32,9,613,9,613,32000,32,32000,32,687707,32,6896026,0
9710,306817,32000,32000,0,0,0,0,0,687707,32,306785,32,309,309,615,1091,2,0,1069,309,309,309,307,307,0,1,32000,32,32,32,9,615,9,615,32000,32,32000,32,687707,32,6900718,0
9720,307218,32000,32000,0,0,0,0,0,687707,32,307186,32,309,309,616,493,1,1000,485,309,309,309,308,308,10,1,32000,32,32,32,9,616,9,616,32000,32,32000,32,687707,32,6909964,0
9730,307424,32000,32000,0,0,0,0,0,687707,32,307392,32,309,309,616,699,1,1000,485,309,309,309,308,308,20,1,32000,32,32,32,9,616,9,616,32000,32,32000,32,687707,32,6914702,0
9740,307776,32000,32000,0,0,0,0,0,687707,32,307744,32,309,309,616,1051,2,1000,485,309,310,309,308,308,28,1,32000,32,32,32,9,616,9,616,32000,32,32000,32,687707,32,6922821,0
9750,308171,32000,32000,0,0,0,0,0,687707,32,308139,32,310,310,617,1446,2,0,1065,310,310,310,308,308,8,1,32000,32,32,32,9,617,9,617,32000,32,32000,32,687707,32,6931906,0
9760,308504,32000,32000,0,0,0,0,0,687707,32,308472,32,310,310,618,780,1,1000,776,310,310,310,309,309,18,1,32000,32,32,32,9,618,9,618,32000,32,32000,32,687707,32,6939565,0
9770,308762,32000,32000,0,0,0,0,0,687707,32,308730,32,311,311,619,1038,2,0,1036,311,311,311,309,309,0,1,32000,32,32,32,9,619,9,619,32000,32,32000,32,687707,32,6945499,0
9780,309156,32000,32000,0,0,0,0,0,687707,32,309124,32,311,311,619,1432,2,0,1036,311,311,311,309,309,10,1,32000,32,32,32,9,619,9,619,32000,32,32000,32,687707,32,6954561,0
9790,309409,32000,32000,0,0,0,0,0,687707,32,309377,32,311,311,620,686,1,1000,680,311,311,311,310,310,20,1,32000,32,32,32,9,620,9,620,32000,32,32000,32,687707,32,6960403,0
9800,309706,32000,32000,0,0,0,0,0,687707,32,309674,32,311,311,620,983,1,1000,680,311,311,311,310,310,28,1,32000,32,32,32,9,620,9,620,32000,32,32000,32,687707,32,6967234,0
9810,310111,32000,32000,0,0,0,0,0,687707,32,310079,32,312,312,621,1388,2,0,1005,312,312,312,310,310,8,1,32000,32,32,32,9,621,9,621,32000,32,32000,32,687707,32,6976572,0
9820,310314,32000,32000,0,0,0,0,0,687707,32,310282,32,312,312,622,592,1,1000,553,312,312,312,311,311,18,1,32000,32,32,32,9,622,9,622,32000,32,32000,32,687707,32,6981241,0
9830,310706,32000,32000,0,0,0,0,0,687707,32,310674,32,312,312,622,984,1,1000,553,312,312,312,311,311,28,1,32000,32,32,32,9,622,9,622,32000,32,32000,32,687707,32,6990257,0
9840,311096,32000,32000,0,0,0,0,0,687707,32,311064,32,313,313,623,1374,2,0,1006,313,313,313,311,311,8,1,32000,32,32,32,9,623,9,623,32000,32,32000,32,687707,32,6999227,0
9850,311486,32000,32000,0,0,0,0,0,687707,32,311454,32,313,313,623,1764,2,0,1006,313,313,313,311,311,18,1,32000,32,32,32,9,623,9,623,32000,32,32000,32,687707,32,7008197,0
9860,311687,32000,32000,0,0,0,0,0,687707,32,311655,32,313,313,624,966,1,1000,911,313,313,313,312,312,28,1,32000,32,32,32,9,624,9,624,32000,32,32000,32,687707,32,7012866,0
9870,312045,32000,32000,0,0,0,0,0,687707,32,312013,32,314,314,625,1324,2,0,1048,314,314,314,312,312,6,1,32000,32,32,32,9,625,9,625,32000,32,32000,32,687707,32,7021077,0
9880,312435,32000,32000,0,0,0,0,0,687707,32,312403,32,314,314,625,1714,2,0,1048,314,314,314,312,312,16,1,32000,32,32,32,9,625,9,625,32000,32,32000,32,687707,32,7030070,0
9890,312641,32000,32000,0,0,0,0,0,687707,32,312609,32,314,314,626,921,1,1000,840,314,314,314,313,313,26,1,32000,32,32,32,9,626,9,626,32000,32,32000,32,687707,32,7034808,0
9900,313031,32000,32000,0,0,0,0,0,687707,32,312999,32,315,315,627,1311,2,0,1039,315,315,315,313,313,6,1,32000,32,32,32,9,627,9,627,32000,32,32000,32,687707,32,7043824,0
9910,313250,32000,32000,0,0,0,0,0,687707,32,313218,32,315,315,628,531,1,1000,519,315,315,315,314,314,16,1,32000,32,32,32,9,628,9,628,32000,32,32000,32,687707,32,7048838,0
9920,313517,32000,32000,0,0,0,0,0,687707,32,313485,32,315,315,628,798,1,1000,519,315,315,315,314,314,26,1,32000,32,32,32,9,628,9,628,32000,32,32000,32,687707,32,7054979,0
9930,313910,32000,32000,0,0,0,0,0,687707,32,313878,32,316,316,629,1191,2,0,1064,316,316,316,314,314,2,1,32000,32,32,32,9,629,9,629,32000,32,32000,32,687707,32,7064018,0
9940,314262,32000,32000,0,0,0,0,0,687707,32,314230,32,316,316,629,1543,2,0,1064,316,316,316,314,314,12,1,32000,32,32,32,9,629,9,629,32000,32,32000,32,687707,32,7072114,0
9950,314662,32000,32000,0,0,0,0,0,687707,32,314630,32,316,316,630,944,1,1000,943,316,316,316,315,315,22,1,32000,32,32,32,9,630,9,630,32000,32,32000,32,687707,32,7081337,0
9960,314871,32000,32000,0,0,0,0,0,687707,32,314839,32,317,317,631,1153,2,0,1059,317,317,317,315,315,2,1,32000,32,32,32,9,631,9,631,32000,32,32000,32,687707,32,7086167,0
9970,315260,32000,32000,0,0,0,0,0,687707,32,315228,32,317,317,631,1542,2,0,1059,317,317,317,315,315,12,1,32000,32,32,32,9,631,9,631,32000,32,32000,32,687707,32,7095091,0
9980,315548,32000,32000,0,0,0,0,0,687707,32,315516,32,317,317,632,831,1,1000,814,317,317,317,316,316,22,1,32000,32,32,32,9,632,9,632,32000,32,32000,32,687707,32,7101738,0
9990,315876,32000,32000,0,0,0,0,0,687707,32,315844,32,318,318,633,1159,2,0,1055,318,318,318,316,316,2,1,32000,32,32,32,9,633,9,633,32000,32,32000,32,687707,32,7109282,0
10001,316276,32000,32000,0,0,0,0,0,687707,32,316244,32,318,318,633,1559,2,0,1055,318,318,318,316,316,12,1,32000,32,32,32,9,633,9,633,32000,32,32000,32,687707,32,7118482,0
10010,316485,32000,32000,0,0,0,0,0,687707,32,316453,32,318,318,634,769,1,1000,762,318,318,318,317,317,22,1,32000,32,32,32,9,634,9,634,32000,32,32000,32,687707,32,7123312,0
10020,316829,32000,32000,0,0,0,0,0,687707,32,316797,32,319,319,635,1113,2,0,1043,319,319,319,317,317,0,1,32000,32,32,32,9,635,9,635,32000,32,32000,32,687707,32,7131224,0
10030,317216,32000,32000,0,0,0,0,0,687707,32,317184,32,319,319,635,1500,2,0,1043,319,319,319,317,317,10,1,32000,32,32,32,9,635,9,635,32000,32,32000,32,687707,32,7140125,0
10040,317419,32000,32000,0,0,0,0,0,687707,32,317387,32,319,319,636,704,1,1000,643,319,319,319,318,318,22,1,32000,32,32,32,9,636,9,636,32000,32,32000,32,687707,32,7144817,0
10050,317816,32000,32000,0,0,0,0,0,687707,32,317784,32,320,320,637,1101,2,0,1012,320,320,320,318,318,2,1,32000,32,32,32,9,637,9,637,32000,32,32000,32,687707,32,7153971,0
10060,318162,32000,32000,0,0,0,0,0,687707,32,318130,32,320,320,637,1447,2,0,1012,320,320,320,318,318,10,1,32000,32,32,32,9,637,9,637,32000,32,32000,32,687707,32,7161906,0
10070,318371,32000,32000,0,0,0,0,0,687707,32,318339,32,320,320,638,657,1,1000,529,320,320,320,319,319,20,1,32000,32,32,32,9,638,9,638,32000,32,32000,32,687707,32,7166736,0
10080,318765,32000,32000,0,0,0,0,0,687707,32,318733,32,320,320,638,1051,2,1000,529,320,321,320,319,319,30,1,32000,32,32,32,9,638,9,638,32000,32,32000,32,687707,32,7175798,0
10090,319153,32000,32000,0,0,0,0,0,687707,32,319121,32,321,321,639,1439,2,0,1147,321,321,321,319,319,6,1,32000,32,32,32,9,639,9,639,32000,32,32000,32,687707,32,7184722,0
10100,319544,32000,32000,0,0,0,0,0,687707,32,319512,32,321,321,639,1830,2,0,1147,321,321,321,319,319,16,1,32000,32,32,32,9,639,9,639,32000,32,32000,32,687707,32,7193715,0
10110,319744,32000,32000,0,0,0,0,0,687707,32,319712,32,321,321,640,1031,2,1000,870,321,322,321,320,320,26,1,32000,32,32,32,9,640,9,640,32000,32,32000,32,687707,32,7198338,0
10120,320101,32000,32000,0,0,0,0,0,687707,32,320069,32,322,322,641,1388,2,0,1037,322,322,322,320,320,8,1,32000,32,32,32,9,641,9,641,32000,32,32000,32,687707,32,7206549,0
10130,320332,33000,33000,0,0,0,0,0,710707,33,320299,33,322,322,642,619,1,1000,429,322,322,322,321,321,18,1,33000,33,33,33,9,642,9,642,33000,33,33000,33,710707,33,7211908,999.9447405703887
10140,320732,33000,33000,0,0,0,0,0,710707,33,320699,33,322,322,642,1019,2,1000,429,322,323,322,321,321,28,1,33000,33,33,33,9,642,9,642,33000,33,33000,33,710707,33,7221062,999.9447405703887
10150,321130,33000,33000,0,0,0,0,0,710707,33,321097,33,323,323,643,1417,2,0,1048,323,323,323,321,321,8,1,33000,33,33,33,9,643,9,643,33000,33,33000,33,710707,33,7230216,999.9447405703887
10160,321385,33000,33000,0,0,0,0,0,710707,33,321352,33,323,323,644,673,1,1000,663,323,323,323,322,322,18,1,33000,33,33,33,9,644,9,644,33000,33,33000,33,710707,33,7236104,999.9447405703887
10170,321741,34000,34000,0,0,0,0,0,733707,34,321707,34,323,323,644,1028,2,1000,663,323,324,323,322,322,28,1,34000,34,34,34,9,644,9,644,34000,34,34000,34,733707,34,7244269,999.9447405703887
10180,322099,34000,34000,0,0,0,0,0,733707,34,322065,34,324,324,645,1386,2,0,1054,324,324,324,322,322,8,1,34000,34,34,34,9,645,9,645,34000,34,34000,34,733707,34,7252503,999.9447405703887
10190,322318,35000,35000,0,0,0,0,0,756707,35,322283,35,324,324,646,605,1,1000,538,324,324,324,323,323,18,1,35000,35,35,35,9,646,9,646,35000,35,35000,35,756707,35,7257540,999.9447405703887
10200,322709,35000,35000,0,0,0,0,0,756707,35,322674,35,324,324,646,996,1,1000,538,324,324,324,323,323,28,1,35000,35,35,35,9,646,9,646,35000,35,35000,35,756707,35,7266556,999.9447405703887
10210,322984,35000,35000,0,0,0,0,0,756707,35,322949,35,325,325,647,1271,2,0,1007,325,325,325,323,323,6,1,35000,35,35,35,9,647,9,647,35000,35,35000,35,756707,35,7272858,999.9447405703887
10220,323373,35000,35000,0,0,0,0,0,756707,35,323338,35,325,325,648,661,1,1000,659,325,325,325,324,324,16,1,35000,35,35,35,9,648,9,648,35000,35,35000,35,756707,35,7281828,999.9447405703887
10230,323593,36000,36000,0,0,0,0,0,779707,36,323557,36,325,325,648,880,1,1000,659,325,325,325,324,324,26,1,36000,36,36,36,9,648,9,648,36000,36,36000,36,779707,36,7286865,999.9447405703887
10240,323945,36000,36000,0,0,0,0,0,779707,36,323909,36,326,326,649,1232,2,0,1081,326,326,326,324,324,2,1,36000,36,36,36,9,649,9,649,36000,36,36000,36,779707,36,7294961,999.9447405703887
10250,324209,36000,36000,0,0,0,0,0,779707,36,324173,36,326,326,650,497,1,1000,492,326,326,326,325,325,14,1,36000,36,36,36,9,650,9,650,36000,36,36000,36,779707,36,7301056,999.9447405703887
10260,324544,36000,36000,0,0,0,0,0,779707,36,324508,36,326,326,650,832,1,1000,492,326,326,326,325,325,24,1,36000,36,36,36,9,650,9,650,36000,36,36000,36,779707,36,7308761,999.9447405703887
10270,324942,36000,36000,0,0,0,0,0,779707,36,324906,36,327,327,651,1230,2,0,1054,327,327,327,325,325,4,1,36000,36,36,36,9,651,9,651,36000,36,36000,36,779707,36,7317915,0
10280,325339,36000,36000,0,0,0,0,0,779707,36,325303,36,327,327,651,1627,2,0,1054,327,327,327,325,325,14,1,36000,36,36,36,9,651,9,651,36000,36,36000,36,779707,36,7327046,0
10290,325560,36000,36000,0,0,0,0,0,779707,36,325524,36,327,327,652,849,1,1000,845,327,327,327,326,326,24,1,36000,36,36,36,9,652,9,652,36000,36,36000,36,779707,36,7332152,0
10300,325907,37000,37000,0,0,0,0,0,802707,37,325870,37,328,328,653,1195,2,0,1058,328,328,328,326,326,2,1,37000,37,37,37,9,653,9,653,37000,37,37000,37,802707,37,7340110,999.9447405703887
10310,326301,37000,37000,0,0,0,0,0,802707,37,326264,37,328,328,653,1589,2,0,1058,328,328,328,326,326,12,1,37000,37,37,37,9,653,9,653,37000,37,37000,37,802707,37,7349172,999.9447405703887
10320,326513,38000,38000,0,0,0,0,0,825707,38,326475,38,328,328,654,801,1,1000,700,328,328,328,327,327,22,1,38000,38,38,38,9,654,9,654,38000,38,38000,38,825707,38,7354071,999.9447405703887
10330,326911,38000,38000,0,0,0,0,0,825707,38,326873,38,329,329,655,1199,2,0,1050,329,329,329,327,327,2,1,38000,38,38,38,9,655,9,655,38000,38,38000,38,825707,38,7363202,999.9447405703887
10340,327273,38000,38000,0,0,0,0,0,825707,38,327235,38,329,329,656,562,1,1000,556,329,329,329,328,328,14,1,38000,38,38,38,9,656,9,656,38000,38,38000,38,825707,38,7371551,999.9447405703887
10350,327508,38000,38000,0,0,0,0,0,825707,38,327470,38,329,329,656,797,1,1000,556,329,329,329,328,328,24,1,38000,38,38,38,9,656,9,656,38000,38,38000,38,825707,38,7376956,999.9447405703887
10360,327862,38000,38000,0,0,0,0,0,825707,38,327824,38,330,330,657,1151,2,0,1024,330,330,330,328,328,2,1,38000,38,38,38,9,657,9,657,38000,38,38000,38,825707,38,7385144,999.9447405703887
10370,328266,38000,38000,0,0,0,0,0,825707,38,328228,38,330,330,657,1555,2,0,1024,330,330,330,328,328,12,1,38000,38,38,38,9,657,9,657,38000,38,38000,38,825707,38,7394413,999.9447405703887
10380,328525,38000,38000,0,0,0,0,0,825707,38,328487,38,330,330,658,815,1,1000,810,330,330,330,329,329,22,1,38000,38,38,38,9,658,9,658,38000,38,38000,38,825707,38,7400370,0
10390,328864,38000,38000,0,0,0,0,0,825707,38,328826,38,331,331,659,1154,2,0,1021,331,331,331,329,329,2,1,38000,38,38,38,9,659,9,659,38000,38,38000,38,825707,38,7408167,0
10400,329242,38000,38000,0,0,0,0,0,825707,38,329204,38,331,331,659,1532,2,0,1021,331,331,331,329,329,12,1,38000,38,38,38,9,659,9,659,38000,38,38000,38,825707,38,7416884,0
10410,329529,38000,38000,0,0,0,0,0,825707,38,329491,38,331,331,660,820,1,1000,810,331,331,331,330,330,22,1,38000,38,38,38,9,660,9,660,38000,38,38000,38,825707,38,7423485,0
10420,329783,38000,38000,0,0,0,0,0,825707,38,329745,38,332,332,661,1074,2,0,1039,332,332,332,330,330,0,1,38000,38,38,38,9,661,9,661,38000,38,38000,38,825707,38,7429327,0
10430,330181,38000,38000,0,0,0,0,0,825707,38,330143,38,332,332,661,1472,2,0,1039,332,332,332,330,330,10,1,38000,38,38,38,9,661,9,661,38000,38,38000,38,825707,38,7438481,0
10440,330418,38000,38000,0,0,0,0,0,825707,38,330380,38,332,332,662,710,1,1000,700,332,332,332,331,331,20,1,38000,38,38,38,9,662,9,662,38000,38,38000,38,825707,38,7443955,0
10450,330775,38000,38000,0,0,0,0,0,825707,38,330737,38,333,333,663,1067,2,0,1028,333,333,333,331,331,0,1,38000,38,38,38,9,663,9,663,38000,38,38000,38,825707,38,7452166,0
10460,331176,38000,38000,0,0,0,0,0,825707,38,331138,38,333,333,663,1468,2,0,1028,333,333,333,331,331,10,1,38000,38,38,38,9,663,9,663,38000,38,38000,38,825707,38,7461389,0
10470,331391,39000,39000,0,0,0,0,0,848707,39,331352,39,333,333,664,683,1,1000,522,333,333,333,332,332,20,1,39000,39,39,39,9,664,9,664,39000,39,39000,39,848707,39,7466357,999.9447405703887
10480,331749,39000,39000,0,0,0,0,0,848707,39,331710,39,334,334,665,1041,2,0,1025,334,334,334,332,332,0,1,39000,39,39,39,9,665,9,665,39000,39,39000,39,848707,39,7474568,999.9447405703887
10490,332143,39000,39000,0,0,0,0,0,848707,39,332104,39,334,334,665,1435,2,0,1025,334,334,334,332,332,10,1,39000,39,39,39,9,665,9,665,39000,39,39000,39,848707,39,7483630,999.9447405703887
10500,332542,39000,39000,0,0,0,0,0,848707,39,332503,39,334,334,665,1834,2,0,1025,334,334,334,332,332,20,1,39000,39,39,39,9,665,9,665,39000,39,39000,39,848707,39,7492807,999.9447405703887
10510,332624,39000,39000,0,0,0,0,0,848707,39,332585,39,334,334,666,917,1,1000,841,334,334,334,333,333,30,1,39000,39,39,39,9,666,9,666,39000,39,39000,39,848707,39,7494716,999.9447405703887
10520,333014,39000,39000,0,0,0,0,0,848707,39,332975,39,335,335,667,1307,2,0,1052,335,335,335,333,333,6,1,39000,39,39,39,9,667,9,667,39000,39,39000,39,848707,39,7503686,999.9447405703887
10530,333308,39000,39000,0,0,0,0,0,848707,39,333269,39,335,335,668,602,1,1000,594,335,335,335,334,334,16,1,39000,39,39,39,9,668,9,668,39000,39,39000,39,848707,39,7510471,0
10540,333563,39000,39000,0,0,0,0,0,848707,39,333524,39,335,335,668,857,1,1000,594,335,335,335,334,334,26,1,39000,39,39,39,9,668,9,668,39000,39,39000,39,848707,39,7516336,0
10550,333959,39000,39000,0,0,0,0,0,848707,39,333920,39,336,336,669,1253,2,0,1012,336,336,336,334,334,6,1,39000,39,39,39,9,669,9,669,39000,39,39000,39,848707,39,7525444,0
10560,334355,39000,39000,0,0,0,0,0,848707,39,334316,39,336,336,669,1649,2,0,1012,336,336,336,334,334,16,1,39000,39,39,39,9,669,9,669,39000,39,39000,39,848707,39,7534552,0
10570,334560,39000,39000,0,0,0,0,0,848707,39,334521,39,336,336,670,855,1,1000,783,336,336,336,335,335,26,1,39000,39,39,39,9,670,9,670,39000,39,39000,39,848707,39,7539290,0
10580,334952,39000,39000,0,0,0,0,0,848707,39,334913,39,337,337,671,1247,2,0,1080,337,337,337,335,335,4,1,39000,39,39,39,9,671,9,671,39000,39,39000,39,848707,39,7548306,0
10590,335355,39000,39000,0,0,0,0,0,848707,39,335316,39,337,337,671,1650,2,0,1080,337,337,337,335,335,14,1,39000,39,39,39,9,671,9,671,39000,39,39000,39,848707,39,7557575,0
10600,335610,39000,39000,0,0,0,0,0,848707,39,335571,39,337,337,672,906,1,1000,898,337,337,337,336,336,22,1,39000,39,39,39,9,672,9,672,39000,39,39000,39,848707,39,7563463,0
10610,335906,39000,39000,0,0,0,0,0,848707,39,335867,39,338,338,673,1202,2,0,1059,338,338,338,336,336,2,1,39000,39,39,39,9,673,9,673,39000,39,39000,39,848707,39,7570271,0
10620,336304,39000,39000,0,0,0,0,0,848707,39,336265,39,338,338,673,1600,2,0,1059,338,338,338,336,336,12,1,39000,39,39,39,9,673,9,673,39000,39,39000,39,848707,39,7579425,0
10630,336512,39000,39000,0,0,0,0,0,848707,39,336473,39,338,338,674,809,1,1000,777,338,338,338,337,337,24,1,39000,39,39,39,9,674,9,674,39000,39,39000,39,848707,39,7584232,0
10640,336905,39000,39000,0,0,0,0,0,848707,39,336866,39,339,339,675,1202,2,0,1041,339,339,339,337,337,2,1,39000,39,39,39,9,675,9,675,39000,39,39000,39,848707,39,7593271,0
10650,337299,39000,39000,0,0,0,0,0,848707,39,337260,39,339,339,675,1596,2,0,1041,339,339,339,337,337,12,1,39000,39,39,39,9,675,9,675,39000,39,39000,39,848707,39,7602356,0
10660,337462,39000,39000,0,0,0,0,0,848707,39,337423,39,339,339,676,760,1,1000,672,339,339,339,338,338,22,1,39000,39,39,39,9,676,9,676,39000,39,39000,39,848707,39,7606105,0
10670,337853,39000,39000,0,0,0,0,0,848707,39,337814,39,340,340,677,1151,2,0,1029,340,340,340,338,338,2,1,39000,39,39,39,9,677,9,677,39000,39,39000,39,848707,39,7615098,0
10680,338245,39000,39000,0,0,0,0,0,848707,39,338206,39,340,340,677,1543,2,0,1029,340,340,340,338,338,12,1,39000,39,39,39,9,677,9,677,39000,39,39000,39,848707,39,7624114,0
10690,338449,39000,39000,0,0,0,0,0,848707,39,338410,39,340,340,678,748,1,1000,552,340,340,340,339,339,22,1,39000,39,39,39,9,678,9,678,39000,39,39000,39,848707,39,7628829,0
10700,338845,39000,39000,0,0,0,0,0,848707,39,338806,39,341,341,679,1144,2,0,1003,341,341,341,339,339,2,1,39000,39,39,39,9,679,9,679,39000,39,39000,39,848707,39,7637937,0
10710,339243,39000,39000,0,0,0,0,0,848707,39,339204,39,341,341,679,1542,2,0,1003,341,341,341,339,339,12,1,39000,39,39,39,9,679,9,679,39000,39,39000,39,848707,39,7647091,0
10720,339481,39000,39000,0,0,0,0,0,848707,39,339442,39,341,341,680,781,1,1000,768,341,341,341,340,340,22,1,39000,39,39,39,9,680,9,680,39000,39,39000,39,848707,39,7652588,0
10730,339797,39000,39000,0,0,0,0,0,848707,39,339758,39,342,342,681,1097,2,0,1068,342,342,342,340,340,0,1,39000,39,39,39,9,681,9,681,39000,39,39000,39,848707,39,7659856,0
10740,340194,39000,39000,0,0,0,0,0,848707,39,340155,39,342,342,681,1494,2,0,1068,342,342,342,340,340,10,1,39000,39,39,39,9,681,9,681,39000,39,39000,39,848707,39,7669010,0
10750,340536,39000,39000,0,0,0,0,0,848707,39,340497,39,342,342,682,837,1,1000,831,342,342,342,341,341,20,1,39000,39,39,39,9,682,9,682,39000,39,39000,39,848707,39,7676876,0
10760,340794,39000,39000,0,0,0,0,0,848707,39,340755,39,343,343,683,1095,2,0,1044,343,343,343,341,341,0,1,39000,39,39,39,9,683,9,683,39000,39,39000,39,848707,39,7682810,0
10770,341191,39000,39000,0,0,0,0,0,848707,39,341152,39,343,343,683,1492,2,0,1044,343,343,343,341,341,10,1,39000,39,39,39,9,683,9,683,39000,39,39000,39,848707,39,7691941,0
10780,341412,39000,39000,0,0,0,0,0,848707,39,341373,39,343,343,684,714,1,1000,709,343,343,343,342,342,20,1,39000,39,39,39,9,684,9,684,39000,39,39000,39,848707,39,7697047,0
10790,341741,39000,39000,0,0,0,0,0,848707,39,341702,39,344,344,685,1043,2,0,1031,344,344,344,342,342,0,1,39000,39,39,39,9,685,9,685,39000,39,39000,39,848707,39,7704614,0
10800,342138,39000,39000,0,0,0,0,0,848707,39,342099,39,344,344,685,1440,2,0,1031,344,344,344,342,342,10,1,39000,39,39,39,9,685,9,685,39000,39,39000,39,848707,39,7713745,0
10810,342219,39000,39000,0,0,0,0,0,848707,39,342180,39,344,344,686,522,1,1000,449,344,344,344,343,343,19,1,39000,39,39,39,9,686,9,686,39000,39,39000,39,848707,39,7715631,0
10820,342609,39000,39000,0,0,0,0,0,848707,39,342570,39,344,344,686,912,1,1000,449,344,344,344,343,343,29,1,39000,39,39,39,9,686,9,686,39000,39,39000,39,848707,39,7724601,0
10830,343000,39000,39000,0,0,0,0,0,848707,39,342961,39,345,345,687,1303,2,0,1022,345,345,345,343,343,6,1,39000,39,39,39,9,687,9,687,39000,39,39000,39,848707,39,7733640,0
10840,343355,39000,39000,0,0,0,0,0,848707,39,343316,39,345,345,687,1658,2,0,1022,345,345,345,343,343,16,1,39000,39,39,39,9,687,9,687,39000,39,39000,39,848707,39,7741759,0
10850,343556,39000,39000,0,0,0,0,0,848707,39,343517,39,345,345,688,860,1,1000,779,345,345,345,344,344,26,1,39000,39,39,39,9,688,9,688,39000,39,39000,39,848707,39,7746428,0
10860,343943,39000,39000,0,0,0,0,0,848707,39,343904,39,346,346,689,1247,2,0,1086,346,346,346,344,344,4,1,39000,39,39,39,9,689,9,689,39000,39,39000,39,848707,39,7755352,0
10870,344340,39000,39000,0,0,0,0,0,848707,39,344301,39,346,346,689,1644,2,0,1086,346,346,346,344,344,14,1,39000,39,39,39,9,689,9,689,39000,39,39000,39,848707,39,7764437,0
10880,344546,39000,39000,0,0,0,0,0,848707,39,344507,39,346,346,690,851,1,1000,645,346,346,346,345,345,24,1,39000,39,39,39,9,690,9,690,39000,39,39000,39,848707,39,7769244,0
10890,344941,39000,39000,0,0,0,0,0,848707,39,344902,39,347,347,691,1246,2,0,1067,347,347,347,345,345,4,1,39000,39,39,39,9,691,9,691,39000,39,39000,39,848707,39,7778306,0
10900,345211,39000,39000,0,0,0,0,0,848707,39,345172,39,347,347,692,517,1,1000,513,347,347,347,346,346,12,1,39000,39,39,39,9,692,9,692,39000,39,39000,39,848707,39,7784516,0
10910,345503,39000,39000,0,0,0,0,0,848707,39,345464,39,347,347,692,809,1,1000,513,347,347,347,346,346,24,1,39000,39,39,39,9,692,9,692,39000,39,39000,39,848707,39,7791232,0
10920,345896,39000,39000,0,0,0,0,0,848707,39,345857,39,348,348,693,1202,2,0,1042,348,348,348,346,346,4,1,39000,39,39,39,9,693,9,693,39000,39,39000,39,848707,39,7800271,0
10930,346289,39000,39000,0,0,0,0,0,848707,39,346250,39,348,348,693,1595,2,0,1042,348,348,348,346,346,12,1,39000,39,39,39,9,693,9,693,39000,39,39000,39,848707,39,7809310,0
10940,346597,39000,39000,0,0,0,0,0,848707,39,346558,39,348,348,694,904,1,1000,894,348,348,348,347,347,24,1,39000,39,39,39,9,694,9,694,39000,39,39000,39,848707,39,7816417,0
10950,346892,39000,39000,0,0,0,0,0,848707,39,346853,39,349,349,695,1199,2,0,1035,349,349,349,347,347,4,1,39000,39,39,39,9,695,9,695,39000,39,39000,39,848707,39,7823202,0
10960,347249,39000,39000,0,0,0,0,0,848707,39,347210,39,349,349,695,1556,2,0,1035,349,349,349,347,347,12,1,39000,39,39,39,9,695,9,695,39000,39,39000,39,848707,39,7831413,0
10970,347482,39000,39000,0,0,0,0,0,848707,39,347443,39,349,349,696,790,1,1000,786,349,349,349,348,348,22,1,39000,39,39,39,9,696,9,696,39000,39,39000,39,848707,39,7836795,0
10980,347844,39000,39000,0,0,0,0,0,848707,39,347805,39,350,350,697,1152,2,0,1007,350,350,350,348,348,2,1,39000,39,39,39,9,697,9,697,39000,39,39000,39,848707,39,7845121,0
10990,348232,39000,39000,0,0,0,0,0,848707,39,348193,39,350,350,697,1540,2,0,1007,350,350,350,348,348,12,1,39000,39,39,39,9,697,9,697,39000,39,39000,39,848707,39,7854068,0
11000,348439,39000,39000,0,0,0,0,0,848707,39,348400,39,350,350,698,748,1,1000,664,350,350,350,349,349,22,1,39000,39,39,39,9,698,9,698,39000,39,39000,39,848707,39,7858829,0
11010,348834,39000,39000,0,0,0,0,0,848707,39,348795,39,351,351,699,1143,2,0,1076,351,351,351,349,349,0,1,39000,39,39,39,9,699,9,699,39000,39,39000,39,848707,39,7867937,0
11020,349181,39000,39000,0,0,0,0,0,848707,39,349142,39,351,351,699,1490,2,0,1076,351,351,351,349,349,10,1,39000,39,39,39,9,699,9,699,39000,39,39000,39,848707,39,7875918,0
11030,349383,39000,39000,0,0,0,0,0,848707,39,349344,39,351,351,700,693,1,1000,525,351,351,351,350,350,20,1,39000,39,39,39,9,700,9,700,39000,39,39000,39,848707,39,7880564,0
11040,349777,39000,39000,0,0,0,0,0,848707,39,349738,39,352,352,701,1087,2,0,1039,352,352,352,350,350,0,1,39000,39,39,39,9,701,9,701,39000,39,39000,39,848707,39,7889626,0
11050,350165,39000,39000,0,0,0,0,0,848707,39,350126,39,352,352,701,1475,2,0,1039,352,352,352,350,350,10,1,39000,39,39,39,9,701,9,701,39000,39,39000,39,848707,39,7898550,0
11060,350554,39000,39000,0,0,0,0,0,848707,39,350515,39,352,352,701,1864,2,0,1039,352,352,352,350,350,20,1,39000,39,39,39,9,701,9,701,39000,39,39000,39,848707,39,7907520,0
11070,350753,39000,39000,0,0,0,0,0,848707,39,350714,39,353,353,703,1064,2,0,1023,353,353,353,351,351,0,1,39000,39,39,39,9,703,9,703,39000,39,39000,39,848707,39,7912097,0
11080,351152,39000,39000,0,0,0,0,0,848707,39,351113,39,353,353,703,1463,2,0,1023,353,353,353,351,351,10,1,39000,39,39,39,9,703,9,703,39000,39,39000,39,848707,39,7921274,0
11090,351474,39000,39000,0,0,0,0,0,848707,39,351435,39,353,353,704,786,1,1000,779,353,353,353,352,352,20,1,39000,39,39,39,9,704,9,704,39000,39,39000,39,848707,39,7928703,0
11100,351714,39000,39000,0,0,0,0,0,848707,39,351675,39,353,353,704,1026,2,1000,779,353,354,353,352,352,30,1,39000,39,39,39,9,704,9,704,39000,39,39000,39,848707,39,7934223,0
11110,351978,39000,39000,0,0,0,0,0,848707,39,351939,39,354,354,705,1290,2,0,1038,354,354,354,352,352,6,1,39000,39,39,39,9,705,9,705,39000,39,39000,39,848707,39,7940295,0
11120,352183,39000,39000,0,0,0,0,0,848707,39,352144,39,354,354,706,496,1,1000,479,354,354,354,353,353,16,1,39000,39,39,39,9,706,9,706,39000,39,39000,39,848707,39,7945033,0
11130,352571,39000,39000,0,0,0,0,0,848707,39,352532,39,354,354,706,884,1,1000,479,354,354,354,353,353,26,1,39000,39,39,39,9,706,9,706,39000,39,39000,39,848707,39,7953980,0
11140,352955,39000,39000,0,0,0,0,0,848707,39,352916,39,355,355,707,1268,2,0,1088,355,355,355,353,353,4,1,39000,39,39,39,9,707,9,707,39000,39,39000,39,848707,39,7962789,0
11150,353310,39000,39000,0,0,0,0,0,848707,39,353271,39,355,355,707,1623,2,0,1088,355,355,355,353,353,12,1,39000,39,39,39,9,707,9,707,39000,39,39000,39,848707,39,7970954,0
11160,353611,39000,39000,0,0,0,0,0,848707,39,353572,39,355,355,708,925,1,1000,917,355,355,355,354,354,22,1,39000,39,39,39,9,708,9,708,39000,39,39000,39,848707,39,7977900,0
11170,353903,39000,39000,0,0,0,0,0,848707,39,353864,39,356,356,709,1217,2,0,1062,356,356,356,354,354,4,1,39000,39,39,39,9,709,9,709,39000,39,39000,39,848707,39,7984616,0
11180,354299,39000,39000,0,0,0,0,0,848707,39,354260,39,356,356,709,1613,2,0,1062,356,356,356,354,354,14,1,39000,39,39,39,9,709,9,709,39000,39,39000,39,848707,39,7993724,0
11190,354500,39000,39000,0,0,0,0,0,848707,39,354461,39,356,356,710,815,1,1000,708,356,356,356,355,355,24,1,39000,39,39,39,9,710,9,710,39000,39,39000,39,848707,39,7998370,0
11200,354889,39000,39000,0,0,0,0,0,848707,39,354850,39,357,357,711,1204,2,0,1029,357,357,357,355,355,4,1,39000,39,39,39,9,711,9,711,39000,39,39000,39,848707,39,8007340,0
11210,355248,39000,39000,0,0,0,0,0,848707,39,355209,39,357,357,711,1563,2,0,1029,357,357,357,355,355,12,1,39000,39,39,39,9,711,9,711,39000,39,39000,39,848707,39,8015574,0
11220,355449,39000,39000,0,0,0,0,0,848707,39,355410,39,357,357,712,765,1,1000,675,357,357,357,356,356,22,1,39000,39,39,39,9,712,9,712,39000,39,39000,39,848707,39,8020220,0
11230,355851,39000,39000,0,0,0,0,0,848707,39,355812,39,358,358,713,1167,2,0,1022,358,358,358,356,356,2,1,39000,39,39,39,9,713,9,713,39000,39,39000,39,848707,39,8029466,0
11240,356245,39000,39000,0,0,0,0,0,848707,39,356206,39,358,358,713,1561,2,0,1022,358,358,358,356,356,12,1,39000,39,39,39,9,713,9,713,39000,39,39000,39,848707,39,8038528,0
11250,356451,39000,39000,0,0,0,0,0,848707,39,356412,39,358,358,714,768,1,1000,566,358,358,358,357,357,22,1,39000,39,39,39,9,714,9,714,39000,39,39000,39,848707,39,8043289,0
11260,356833,39000,39000,0,0,0,0,0,848707,39,356794,39,359,359,715,1150,2,0,1069,359,359,359,357,357,2,1,39000,39,39,39,9,715,9,715,39000,39,39000,39,848707,39,8052075,0
11270,357138,39000,39000,0,0,0,0,0,848707,39,357099,39,359,359,716,456,1,1000,449,359,359,359,358,358,10,1,39000,39,39,39,9,716,9,716,39000,39,39000,39,848707,39,8059113,0
11280,357395,39000,39000,0,0,0,0,0,848707,39,357356,39,359,359,716,713,1,1000,449,359,359,359,358,358,20,1,39000,39,39,39,9,716,9,716,39000,39,39000,39,848707,39,8065024,0
11290,357789,39000,39000,0,0,0,0,0,848707,39,357750,39,360,360,717,1107,2,0,1062,360,360,360,358,358,0,1,39000,39,39,39,9,717,9,717,39000,39,39000,39,848707,39,8074086,0
11300,358182,39000,39000,0,0,0,0,0,848707,39,358143,39,360,360,717,1500,2,0,1062,360,360,360,358,358,10,1,39000,39,39,39,9,717,9,717,39000,39,39000,39,848707,39,8083125,0
11310,358528,39000,39000,0,0,0,0,0,848707,39,358489,39,360,360,718,847,1,1000,841,360,360,360,359,359,20,1,39000,39,39,39,9,718,9,718,39000,39,39000,39,848707,39,8091106,0
11320,358782,39000,39000,0,0,0,0,0,848707,39,358743,39,361,361,719,1101,2,0,1038,361,361,361,359,359,0,1,39000,39,39,39,9,719,9,719,39000,39,39000,39,848707,39,8096948,0
11330,359133,39000,39000,0,0,0,0,0,848707,39,359094,39,361,361,719,1452,2,0,1038,361,361,361,359,359,10,1,39000,39,39,39,9,719,9,719,39000,39,39000,39,848707,39,8105021,0
11340,359398,39000,39000,0,0,0,0,0,848707,39,359359,39,361,361,720,718,1,1000,709,361,361,361,360,360,20,1,39000,39,39,39,9,720,9,720,39000,39,39000,39,848707,39,8111139,0
11350,359737,39000,39000,0,0,0,0,0,848707,39,359698,39,362,362,721,1057,2,0,1033,362,362,362,360,360,0,1,39000,39,39,39,9,721,9,721,39000,39,39000,39,848707,39,8118936,0
11360,360136,39000,39000,0,0,0,0,0,848707,39,360097,39,362,362,721,1456,2,0,1033,362,362,362,360,360,10,1,39000,39,39,39,9,721,9,721,39000,39,39000,39,848707,39,8128113,0
11370,360326,39000,39000,0,0,0,0,0,848707,39,360287,39,362,362,722,647,1,1000,602,362,362,362,361,361,20,1,39000,39,39,39,9,722,9,722,39000,39,39000,39,848707,39,8132529,0
11380,360709,39000,39000,0,0,0,0,0,848707,39,360670,39,362,362,722,1030,2,1000,602,362,363,362,361,361,30,1,39000,39,39,39,9,722,9,722,39000,39,39000,39,848707,39,8141315,0
11390,361062,39000,39000,0,0,0,0,0,848707,39,361023,39,363,363,723,1383,2,0,1068,363,363,363,361,361,8,1,39000,39,39,39,9,723,9,723,39000,39,39000,39,848707,39,8149434,0
11400,361330,39000,39000,0,0,0,0,0,848707,39,361291,39,363,363,724,652,1,1000,647,363,363,363,362,362,18,1,39000,39,39,39,9,724,9,724,39000,39,39000,39,848707,39,8155621,0
11410,361589,39000,39000,0,0,0,0,0,848707,39,361550,39,363,363,724,911,1,1000,647,363,363,363,362,362,27,1,39000,39,39,39,9,724,9,724,39000,39,39000,39,848707,39,8161578,0
11420,361985,39000,39000,0,0,0,0,0,848707,39,361946,39,364,364,725,1307,2,0,1060,364,364,364,362,362,6,1,39000,39,39,39,9,725,9,725,39000,39,39000,39,848707,39,8170709,0
11430,362371,39000,39000,0,0,0,0,0,848707,39,362332,39,364,364,725,1693,2,0,1060,364,364,364,362,362,16,1,39000,39,39,39,9,725,9,725,39000,39,39000,39,848707,39,8179587,0
11440,362580,39000,39000,0,0,0,0,0,848707,39,362541,39,364,364,726,903,1,1000,754,364,364,364,363,363,26,1,39000,39,39,39,9,726,9,726,39000,39,39000,39,848707,39,8184394,0
11450,362940,39000,39000,0,0,0,0,0,848707,39,362901,39,365,365,727,1263,2,0,1037,365,365,365,363,363,4,1,39000,39,39,39,9,727,9,727,39000,39,39000,39,848707,39,8192674,0
11460,363329,39000,39000,0,0,0,0,0,848707,39,363290,39,365,365,728,653,1,1000,650,365,365,365,364,364,15,1,39000,39,39,39,9,728,9,728,39000,39,39000,39,848707,39,8201644,0
11470,363530,39000,39000,0,0,0,0,0,848707,39,363491,39,365,365,728,854,1,1000,650,365,365,365,364,364,26,1,39000,39,39,39,9,728,9,728,39000,39,39000,39,848707,39,8206267,0
11480,363922,39000,39000,0,0,0,0,0,848707,39,363883,39,366,366,729,1246,2,0,1007,366,366,366,364,364,6,1,39000,39,39,39,9,729,9,729,39000,39,39000,39,848707,39,8215306,0
11490,364210,39000,39000,0,0,0,0,0,848707,39,364171,39,366,366,730,535,1,1000,528,366,366,366,365,365,16,1,39000,39,39,39,9,730,9,730,39000,39,39000,39,848707,39,8221930,0
11500,364522,39000,39000,0,0,0,0,0,848707,39,364483,39,366,366,730,847,1,1000,528,366,366,366,365,365,26,1,39000,39,39,39,9,730,9,730,39000,39,39000,39,848707,39,8229129,0
11511,364911,39000,39000,0,0,0,0,0,848707,39,364872,39,367,367,731,1236,2,0,1075,367,367,367,365,365,4,1,39000,39,39,39,9,731,9,731,39000,39,39000,39,848707,39,8238053,0
11520,365268,39000,39000,0,0,0,0,0,848707,39,365229,39,367,367,731,1593,2,0,1075,367,367,367,365,365,12,1,39000,39,39,39,9,731,9,731,39000,39,39000,39,848707,39,8246264,0
11530,365623,39000,39000,0,0,0,0,0,848707,39,365584,39,367,367,732,949,1,1000,939,367,367,367,366,366,22,1,39000,39,39,39,9,732,9,732,39000,39,39000,39,848707,39,8254452,0
11540,365870,39000,39000,0,0,0,0,0,848707,39,365831,39,368,368,733,1196,2,0,1053,368,368,368,366,366,2,1,39000,39,39,39,9,733,9,733,39000,39,39000,39,848707,39,8260133,0
11550,366264,39000,39000,0,0,0,0,0,848707,39,366225,39,368,368,733,1590,2,0,1053,368,368,368,366,366,12,1,39000,39,39,39,9,733,9,733,39000,39,39000,39,848707,39,8269195,0
11560,366465,39000,39000,0,0,0,0,0,848707,39,366426,39,368,368,734,792,1,1000,651,368,368,368,367,367,22,1,39000,39,39,39,9,734,9,734,39000,39,39000,39,848707,39,8273841,0
11570,366822,39000,39000,0,0,0,0,0,848707,39,366783,39,369,369,735,1149,2,0,1041,369,369,369,367,367,2,1,39000,39,39,39,9,735,9,735,39000,39,39000,39,848707,39,8282052,0
11580,367212,39000,39000,0,0,0,0,0,848707,39,367173,39,369,369,735,1539,2,0,1041,369,369,369,367,367,12,1,39000,39,39,39,9,735,9,735,39000,39,39000,39,848707,39,8291022,0
11590,367413,39000,39000,0,0,0,0,0,848707,39,367374,39,369,369,736,741,1,1000,702,369,369,369,368,368,22,1,39000,39,39,39,9,736,9,736,39000,39,39000,39,848707,39,8295668,0
11600,367811,39000,39000,0,0,0,0,0,848707,39,367772,39,370,370,737,1139,2,0,1010,370,370,370,368,368,2,1,39000,39,39,39,9,737,9,737,39000,39,39000,39,848707,39,8304845,0
11610,368203,39000,39000,0,0,0,0,0,848707,39,368164,39,370,370,737,1531,2,0,1010,370,370,370,368,368,12,1,39000,39,39,39,9,737,9,737,39000,39,39000,39,848707,39,8313861,0
11620,368402,39000,39000,0,0,0,0,0,848707,39,368363,39,370,370,738,731,1,1000,572,370,370,370,369,369,22,1,39000,39,39,39,9,738,9,738,39000,39,39000,39,848707,39,8318438,0
11630,368797,39000,39000,0,0,0,0,0,848707,39,368758,39,371,371,739,1126,2,0,1001,371,371,371,369,369,2,1,39000,39,39,39,9,739,9,739,39000,39,39000,39,848707,39,8327523,0
11640,369154,39000,39000,0,0,0,0,0,848707,39,369115,39,371,371,739,1483,2,0,1001,371,371,371,369,369,12,1,39000,39,39,39,9,739,9,739,39000,39,39000,39,848707,39,8335734,0
11650,369538,39000,39000,0,0,0,0,0,848707,39,369499,39,371,371,739,1867,2,0,1001,371,371,371,369,369,22,1,39000,39,39,39,9,739,9,739,39000,39,39000,39,848707,39,8344566,0
11660,369743,39000,39000,0,0,0,0,0,848707,39,369704,39,372,372,741,1073,2,0,1048,372,372,372,370,370,0,1,39000,39,39,39,9,741,9,741,39000,39,39000,39,848707,39,8349304,0
11670,370141,39000,39000,0,0,0,0,0,848707,39,370102,39,372,372,741,1471,2,0,1048,372,372,372,370,370,10,1,39000,39,39,39,9,741,9,741,39000,39,39000,39,848707,39,8358458,0
11680,370337,39000,39000,0,0,0,0,0,848707,39,370298,39,372,372,742,668,1,1000,554,372,372,372,371,371,20,1,39000,39,39,39,9,742,9,742,39000,39,39000,39,848707,39,8362989,0
11690,370688,39000,39000,0,0,0,0,0,848707,39,370649,39,373,373,743,1019,2,0,1013,373,373,373,371,371,0,1,39000,39,39,39,9,743,9,743,39000,39,39000,39,848707,39,8371085,0
11700,371086,39000,39000,0,0,0,0,0,848707,39,371047,39,373,373,743,1417,2,0,1013,373,373,373,371,371,8,1,39000,39,39,39,9,743,9,743,39000,39,39000,39,848707,39,8380216,0
11710,371206,39000,39000,0,0,0,0,0,848707,39,371167,39,373,373,744,538,1,1000,522,373,373,373,372,372,19,1,39000,39,39,39,9,744,9,744,39000,39,39000,39,848707,39,8382999,0
11720,371580,39000,39000,0,0,0,0,0,848707,39,371541,39,373,373,744,912,1,1000,522,373,373,373,372,372,29,1,39000,39,39,39,9,744,9,744,39000,39,39000,39,848707,39,8391624,0
11730,371974,39000,39000,0,0,0,0,0,848707,39,371935,39,374,374,745,1306,2,0,1031,374,374,374,372,372,6,1,39000,39,39,39,9,745,9,745,39000,39,39000,39,848707,39,8400663,0
11740,372375,39000,39000,0,0,0,0,0,848707,39,372336,39,374,374,745,1707,2,0,1031,374,374,374,372,372,16,1,39000,39,39,39,9,745,9,745,39000,39,39000,39,848707,39,8409886,0
11750,372583,39000,39000,0,0,0,0,0,848707,39,372544,39,374,374,746,916,1,1000,912,374,374,374,373,373,26,1,39000,39,39,39,9,746,9,746,39000,39,39000,39,848707,39,8414693,0
11760,372915,39000,39000,0,0,0,0,0,848707,39,372876,39,375,375,747,1248,2,0,1007,375,375,375,373,373,6,1,39000,39,39,39,9,747,9,747,39000,39,39000,39,848707,39,8422329,0
11770,373319,39000,39000,0,0,0,0,0,848707,39,373280,39,375,375,747,1652,2,0,1007,375,375,375,373,373,16,1,39000,39,39,39,9,747,9,747,39000,39,39000,39,848707,39,8431621,0
11780,373517,39000,39000,0,0,0,0,0,848707,39,373478,39,375,375,748,851,1,1000,828,375,375,375,374,374,26,1,39000,39,39,39,9,748,9,748,39000,39,39000,39,848707,39,8436221,0
11790,373912,39000,39000,0,0,0,0,0,848707,39,373873,39,376,376,749,1246,2,0,1071,376,376,376,374,374,4,1,39000,39,39,39,9,749,9,749,39000,39,39000,39,848707,39,8445306,0
11800,374304,39000,39000,0,0,0,0,0,848707,39,374265,39,376,376,749,1638,2,0,1071,376,376,376,374,374,14,1,39000,39,39,39,9,749,9,749,39000,39,39000,39,848707,39,8454299,0
11810,374456,39000,39000,0,0,0,0,0,848707,39,374417,39,376,376,750,791,1,1000,734,376,376,376,375,375,22,1,39000,39,39,39,9,750,9,750,39000,39,39000,39,848707,39,8457818,0
11820,374857,39000,39000,0,0,0,0,0,848707,39,374818,39,377,377,751,1192,2,0,1034,377,377,377,375,375,2,1,39000,39,39,39,9,751,9,751,39000,39,39000,39,848707,39,8467041,0
11830,375253,39000,39000,0,0,0,0,0,848707,39,375214,39,377,377,751,1588,2,0,1034,377,377,377,375,375,14,1,39000,39,39,39,9,751,9,751,39000,39,39000,39,848707,39,8476172,0
11840,375460,39000,39000,0,0,0,0,0,848707,39,375421,39,377,377,752,796,1,1000,615,377,377,377,376,376,22,1,39000,39,39,39,9,752,9,752,39000,39,39000,39,848707,39,8480933,0
11850,375855,39000,39000,0,0,0,0,0,848707,39,375816,39,378,378,753,1191,2,0,1037,378,378,378,376,376,2,1,39000,39,39,39,9,753,9,753,39000,39,39000,39,848707,39,8490041,0
11860,376247,39000,39000,0,0,0,0,0,848707,39,376208,39,378,378,753,1584,2,0,1037,378,378,378,376,376,14,1,39000,39,39,39,9,753,9,753,39000,39,39000,39,848707,39,8499057,0
11870,376502,39000,39000,0,0,0,0,0,848707,39,376463,39,378,378,754,839,1,1000,830,378,378,378,377,377,22,1,39000,39,39,39,9,754,9,754,39000,39,39000,39,848707,39,8504922,0
11880,376794,39000,39000,0,0,0,0,0,848707,39,376755,39,379,379,755,1131,2,0,1002,379,379,379,377,377,2,1,39000,39,39,39,9,755,9,755,39000,39,39000,39,848707,39,8511638,0
11890,377193,39000,39000,0,0,0,0,0,848707,39,377154,39,379,379,755,1530,2,0,1002,379,379,379,377,377,12,1,39000,39,39,39,9,755,9,755,39000,39,39000,39,848707,39,8520838,0
11900,377555,39000,39000,0,0,0,0,0,848707,39,377516,39,379,379,756,893,1,1000,877,379,379,379,378,378,22,1,39000,39,39,39,9,756,9,756,39000,39,39000,39,848707,39,8529164,0
11910,377792,39000,39000,0,0,0,0,0,848707,39,377753,39,380,380,757,1130,2,0,1078,380,380,380,378,378,0,1,39000,39,39,39,9,757,9,757,39000,39,39000,39,848707,39,8534615,0
11920,378188,39000,39000,0,0,0,0,0,848707,39,378149,39,380,380,757,1526,2,0,1078,380,380,380,378,378,10,1,39000,39,39,39,9,757,9,757,39000,39,39000,39,848707,39,8543746,0
11930,378436,39000,39000,0,0,0,0,0,848707,39,378397,39,380,380,758,775,1,1000,768,380,380,380,379,379,20,1,39000,39,39,39,9,758,9,758,39000,39,39000,39,848707,39,8549450,0
11940,378736,39000,39000,0,0,0,0,0,848707,39,378697,39,381,381,759,1075,2,0,1039,381,381,381,379,379,0,1,39000,39,39,39,9,759,9,759,39000,39,39000,39,848707,39,8556350,0
11950,379133,39000,39000,0,0,0,0,0,848707,39,379094,39,381,381,759,1472,2,0,1039,381,381,381,379,379,10,1,39000,39,39,39,9,759,9,759,39000,39,39000,39,848707,39,8565504,0
11960,379342,39000,39000,0,0,0,0,0,848707,39,379303,39,381,381,760,682,1,1000,650,381,381,381,380,380,20,1,39000,39,39,39,9,760,9,760,39000,39,39000,39,848707,39,8570334,0
11970,379734,39000,39000,0,0,0,0,0,848707,39,379695,39,382,382,761,1074,2,0,1017,382,382,382,380,380,0,1,39000,39,39,39,9,761,9,761,39000,39,39000,39,848707,39,8579350,0
11980,380125,39000,39000,0,0,0,0,0,848707,39,380086,39,382,382,761,1465,2,0,1017,382,382,382,380,380,10,1,39000,39,39,39,9,761,9,761,39000,39,39000,39,848707,39,8588320,0
11990,380328,39000,39000,0,0,0,0,0,848707,39,380289,39,382,382,762,669,1,1000,547,382,382,382,381,381,20,1,39000,39,39,39,9,762,9,762,39000,39,39000,39,848707,39,8593012,0
12000,380671,39000,39000,0,0,0,0,0,848707,39,380632,39,382,382,762,1012,2,1000,547,382,383,382,381,381,30,1,39000,39,39,39,9,762,9,762,39000,39,39000,39,848707,39,8600901,0
12010,380947,39000,39000,0,0,0,0,0,848707,39,380908,39,383,383,763,1288,2,0,1035,383,383,383,381,381,6,1,39000,39,39,39,9,763,9,763,39000,39,39000,39,848707,39,8607249,0
12020,381338,39000,39000,0,0,0,0,0,848707,39,381299,39,383,383,763,1679,2,0,1035,383,383,383,381,381,16,1,39000,39,39,39,9,763,9,763,39000,39,39000,39,848707,39,8616242,0
12030,381539,39000,39000,0,0,0,0,0,848707,39,381500,39,383,383,764,881,1,1000,732,383,383,383,382,382,26,1,39000,39,39,39,9,764,9,764,39000,39,39000,39,848707,39,8620888,0
12040,381928,39000,39000,0,0,0,0,0,848707,39,381889,39,384,384,765,1270,2,0,1080,384,384,384,382,382,4,1,39000,39,39,39,9,765,9,765,39000,39,39000,39,848707,39,8629835,0
12050,382281,39000,39000,0,0,0,0,0,848707,39,382242,39,384,384,766,624,1,1000,621,384,384,384,383,383,14,1,39000,39,39,39,9,766,9,766,39000,39,39000,39,848707,39,8637977,0
12060,382476,39000,39000,0,0,0,0,0,848707,39,382437,39,384,384,766,819,1,1000,621,384,384,384,383,383,22,1,39000,39,39,39,9,766,9,766,39000,39,39000,39,848707,39,8642462,0
12070,382867,39000,39000,0,0,0,0,0,848707,39,382828,39,385,385,767,1210,2,0,1062,385,385,385,383,383,2,1,39000,39,39,39,9,767,9,767,39000,39,39000,39,848707,39,8651478,0
12080,383189,39000,39000,0,0,0,0,0,848707,39,383150,39,385,385,768,533,1,1000,529,385,385,385,384,384,14,1,39000,39,39,39,9,768,9,768,39000,39,39000,39,848707,39,8658884,0
12090,383459,39000,39000,0,0,0,0,0,848707,39,383420,39,385,385,768,803,1,1000,529,385,385,385,384,384,24,1,39000,39,39,39,9,768,9,768,39000,39,39000,39,848707,39,8665094,0
12100,383846,39000,39000,0,0,0,0,0,848707,39,383807,39,386,386,769,1190,2,0,1025,386,386,386,384,384,4,1,39000,39,39,39,9,769,9,769,39000,39,39000,39,848707,39,8673995,0
12110,384242,39000,39000,0,0,0,0,0,848707,39,384203,39,386,386,769,1586,2,0,1025,386,386,386,384,384,14,1,39000,39,39,39,9,769,9,769,39000,39,39000,39,848707,39,8683103,0
12120,384525,39000,39000,0,0,0,0,0,848707,39,384486,39,386,386,770,870,1,1000,869,386,386,386,385,385,22,1,39000,39,39,39,9,770,9,770,39000,39,39000,39,848707,39,8689635,0
12130,384782,39000,39000,0,0,0,0,0,848707,39,384743,39,387,387,771,1127,2,0,1001,387,387,387,385,385,2,1,39000,39,39,39,9,771,9,771,39000,39,39000,39,848707,39,8695546,0
12140,385183,39000,39000,0,0,0,0,0,848707,39,385144,39,387,387,771,1528,2,0,1001,387,387,387,385,385,12,1,39000,39,39,39,9,771,9,771,39000,39,39000,39,848707,39,8704792,0
12150,385461,39000,39000,0,0,0,0,0,848707,39,385422,39,387,387,772,807,1,1000,804,387,387,387,386,386,22,1,39000,39,39,39,9,772,9,772,39000,39,39000,39,848707,39,8711186,0
12160,385766,39000,39000,0,0,0,0,0,848707,39,385727,39,388,388,773,1112,2,0,1050,388,388,388,386,386,0,1,39000,39,39,39,9,773,9,773,39000,39,39000,39,848707,39,8718201,0
12170,386163,39000,39000,0,0,0,0,0,848707,39,386124,39,388,388,773,1509,2,0,1050,388,388,388,386,386,10,1,39000,39,39,39,9,773,9,773,39000,39,39000,39,848707,39,8727332,0
12181,386371,39000,39000,0,0,0,0,0,848707,39,386332,39,388,388,774,718,1,1000,711,388,388,388,387,387,20,1,39000,39,39,39,9,774,9,774,39000,39,39000,39,848707,39,8732139,0
12190,386719,39000,39000,0,0,0,0,0,848707,39,386680,39,389,389,775,1066,2,0,1036,389,389,389,387,387,0,1,39000,39,39,39,9,775,9,775,39000,39,39000,39,848707,39,8740143,0
12200,387116,39000,39000,0,0,0,0,0,848707,39,387077,39,389,389,775,1463,2,0,1036,389,389,389,387,387,10,1,39000,39,39,39,9,775,9,775,39000,39,39000,39,848707,39,8749274,0
12210,387325,39000,39000,0,0,0,0,0,848707,39,387286,39,389,389,776,673,1,1000,583,389,389,389,388,388,20,1,39000,39,39,39,9,776,9,776,39000,39,39000,39,848707,39,8754104,0
12220,387713,39000,39000,0,0,0,0,0,848707,39,387674,39,390,390,777,1061,2,0,1010,390,390,390,388,388,0,1,39000,39,39,39,9,777,9,777,39000,39,39000,39,848707,39,8763028,0
12230,388100,39000,39000,0,0,0,0,0,848707,39,388061,39,390,390,777,1448,2,0,1010,390,390,390,388,388,10,1,39000,39,39,39,9,777,9,777,39000,39,39000,39,848707,39,8771929,0
12240,388491,39000,39000,0,0,0,0,0,848707,39,388452,39,390,390,777,1839,2,0,1010,390,390,390,388,388,20,1,39000,39,39,39,9,777,9,777,39000,39,39000,39,848707,39,8780922,0
12250,388644,39000,39000,0,0,0,0,0,848707,39,388605,39,390,390,778,993,1,1000,911,390,390,390,389,389,30,1,39000,39,39,39,9,778,9,778,39000,39,39000,39,848707,39,8784464,0
12260,389034,39000,39000,0,0,0,0,0,848707,39,388995,39,391,391,779,1383,2,0,1134,391,391,391,389,389,6,1,39000,39,39,39,9,779,9,779,39000,39,39000,39,848707,39,8793434,0
12270,389428,39000,39000,0,0,0,0,0,848707,39,389389,39,391,391,779,1777,2,0,1134,391,391,391,389,389,16,1,39000,39,39,39,9,779,9,779,39000,39,39000,39,848707,39,8802496,0
12280,389622,39000,39000,0,0,0,0,0,848707,39,389583,39,391,391,780,972,1,1000,859,391,391,391,390,390,26,1,39000,39,39,39,9,780,9,780,39000,39,39000,39,848707,39,8806981,0
12290,390012,39000,39000,0,0,0,0,0,848707,39,389973,39,392,392,781,1362,2,0,1024,392,392,392,390,390,8,1,39000,39,39,39,9,781,9,781,39000,39,39000,39,848707,39,8815974,0
12300,390389,39000,39000,0,0,0,0,0,848707,39,390350,39,392,392,782,740,1,1000,734,392,392,392,391,391,18,1,39000,39,39,39,9,782,9,782,39000,39,39000,39,848707,39,8824645,0
12310,390572,39000,39000,0,0,0,0,0,848707,39,390533,39,392,392,782,923,1,1000,734,392,392,392,391,391,27,1,39000,39,39,39,9,782,9,782,39000,39,39000,39,848707,39,8828854,0
12320,390940,39000,39000,0,0,0,0,0,848707,39,390901,39,393,393,783,1291,2,0,1052,393,393,393,391,391,6,1,39000,39,39,39,9,783,9,783,39000,39,39000,39,848707,39,8837318,0
12330,391329,39000,39000,0,0,0,0,0,848707,39,391290,39,393,393,783,1680,2,0,1052,393,393,393,391,391,16,1,39000,39,39,39,9,783,9,783,39000,39,39000,39,848707,39,8846265,0
12340,391532,39000,39000,0,0,0,0,0,848707,39,391493,39,393,393,784,884,1,1000,699,393,393,393,392,392,26,1,39000,39,39,39,9,784,9,784,39000,39,39000,39,848707,39,8850957,0
12350,391916,39000,39000,0,0,0,0,0,848707,39,391877,39,394,394,785,1268,2,0,1017,394,394,394,392,392,6,1,39000,39,39,39,9,785,9,785,39000,39,39000,39,848707,39,8859789,0
12360,392207,39000,39000,0,0,0,0,0,848707,39,392168,39,394,394,786,560,1,1000,544,394,394,394,393,393,16,1,39000,39,39,39,9,786,9,786,39000,39,39000,39,848707,39,8866505,0
12370,392479,39000,39000,0,0,0,0,0,848707,39,392440,39,394,394,786,832,1,1000,544,394,394,394,393,393,24,1,39000,39,39,39,9,786,9,786,39000,39,39000,39,848707,39,8872761,0
12380,392866,39000,39000,0,0,0,0,0,848707,39,392827,39,395,395,787,1219,2,0,1065,395,395,395,393,393,4,1,39000,39,39,39,9,787,9,787,39000,39,39000,39,848707,39,8881662,0
12390,393251,39000,39000,0,0,0,0,0,848707,39,393212,39,395,395,787,1604,2,0,1065,395,395,395,393,393,14,1,39000,39,39,39,9,787,9,787,39000,39,39000,39,848707,39,8890517,0
12400,393544,39000,39000,0,0,0,0,0,848707,39,393505,39,395,395,788,898,1,1000,895,395,395,395,394,394,22,1,39000,39,39,39,9,788,9,788,39000,39,39000,39,848707,39,8897279,0
12410,393836,39000,39000,0,0,0,0,0,848707,39,393797,39,396,396,789,1190,2,0,1040,396,396,396,394,394,4,1,39000,39,39,39,9,789,9,789,39000,39,39000,39,848707,39,8903995,0
12420,394232,39000,39000,0,0,0,0,0,848707,39,394193,39,396,396,789,1586,2,0,1040,396,396,396,394,394,14,1,39000,39,39,39,9,789,9,789,39000,39,39000,39,848707,39,8913103,0
12430,394464,39000,39000,0,0,0,0,0,848707,39,394425,39,396,396,790,819,1,1000,814,396,396,396,395,395,22,1,39000,39,39,39,9,790,9,790,39000,39,39000,39,848707,39,8918462,0
12440,394778,39000,39000,0,0,0,0,0,848707,39,394739,39,397,397,791,1133,2,0,1001,397,397,397,395,395,2,1,39000,39,39,39,9,791,9,791,39000,39,39000,39,848707,39,8925684,0
12450,395179,39000,39000,0,0,0,0,0,848707,39,395140,39,397,397,791,1534,2,0,1001,397,397,397,395,395,12,1,39000,39,39,39,9,791,9,791,39000,39,39000,39,848707,39,8934930,0
12460,395377,39000,39000,0,0,0,0,0,848707,39,395338,39,397,397,792,733,1,1000,672,397,397,397,396,396,22,1,39000,39,39,39,9,792,9,792,39000,39,39000,39,848707,39,8939484,0
12470,395765,39000,39000,0,0,0,0,0,848707,39,395726,39,398,398,793,1121,2,0,1066,398,398,398,396,396,0,1,39000,39,39,39,9,793,9,793,39000,39,39000,39,848707,39,8948431,0
12480,396163,39000,39000,0,0,0,0,0,848707,39,396124,39,398,398,793,1519,2,0,1066,398,398,398,396,396,10,1,39000,39,39,39,9,793,9,793,39000,39,39000,39,848707,39,8957562,0
12490,396369,39000,39000,0,0,0,0,0,848707,39,396330,39,398,398,794,726,1,1000,551,398,398,398,397,397,20,1,39000,39,39,39,9,794,9,794,39000,39,39000,39,848707,39,8962323,0
12500,396721,39000,39000,0,0,0,0,0,848707,39,396682,39,399,399,795,1078,2,0,1040,399,399,399,397,397,0,1,39000,39,39,39,9,795,9,795,39000,39,39000,39,848707,39,8970419,0
12510,397110,39000,39000,0,0,0,0,0,848707,39,397071,39,399,399,795,1467,2,0,1040,399,399,399,397,397,10,1,39000,39,39,39,9,795,9,795,39000,39,39000,39,848707,39,8979366,0
12520,397502,39000,39000,0,0,0,0,0,848707,39,397463,39,399,399,795,1859,2,0,1040,399,399,399,397,397,20,1,39000,39,39,39,9,795,9,795,39000,39,39000,39,848707,39,8988382,0
12530,397704,39000,39000,0,0,0,0,0,848707,39,397665,39,400,400,797,1062,2,0,1007,400,400,400,398,398,0,1,39000,39,39,39,9,797,9,797,39000,39,39000,39,848707,39,8993074,0
12540,398094,39000,39000,0,0,0,0,0,848707,39,398055,39,400,400,797,1452,2,0,1007,400,400,400,398,398,10,1,39000,39,39,39,9,797,9,797,39000,39,39000,39,848707,39,9002021,0
12550,398426,39000,39000,0,0,0,0,0,848707,39,398387,39,400,400,798,785,1,1000,775,400,400,400,399,399,20,1,39000,39,39,39,9,798,9,798,39000,39,39000,39,848707,39,9009680,0
12560,398647,39000,39000,0,0,0,0,0,848707,39,398608,39,400,400,798,1006,2,1000,775,400,401,400,399,399,30,1,39000,39,39,39,9,798,9,798,39000,39,39000,39,848707,39,9014763,0
12570,399041,39000,39000,0,0,0,0,0,848707,39,399002,39,401,401,799,1400,2,0,1072,401,401,401,399,399,8,1,39000,39,39,39,9,799,9,799,39000,39,39000,39,848707,39,9023825,0
12580,399298,39000,39000,0,0,0,0,0,848707,39,399259,39,401,401,800,658,1,1000,656,401,401,401,400,400,18,1,39000,39,39,39,9,800,9,800,39000,39,39000,39,848707,39,9029759,0
12590,399630,39000,39000,0,0,0,0,0,848707,39,399591,39,401,401,800,990,1,1000,656,401,401,401,400,400,28,1,39000,39,39,39,9,800,9,800,39000,39,39000,39,848707,39,9037395,0
12600,400017,39000,39000,0,0,0,0,0,848707,39,399978,39,402,402,801,1377,2,0,1037,402,402,402,400,400,8,1,39000,39,39,39,9,801,9,801,39000,39,39000,39,848707,39,9046296,0
12610,400102,39000,39000,0,0,0,0,0,848707,39,400063,39,402,402,802,463,1,1000,378,402,402,402,401,401,18,1,39000,39,39,39,9,802,9,802,39000,39,39000,39,848707,39,9048320,0
12620,400455,39000,39000,0,0,0,0,0,848707,39,400416,39,402,402,802,816,1,1000,378,402,402,402,401,401,26,1,39000,39,39,39,9,802,9,802,39000,39,39000,39,848707,39,9056393,0
12630,400835,39000,39000,0,0,0,0,0,848707,39,400796,39,403,403,803,1196,2,0,1046,403,403,403,401,401,4,1,39000,39,39,39,9,803,9,803,39000,39,39000,39,848707,39,9065133,0
12640,401215,39000,39000,0,0,0,0,0,848707,39,401176,39,403,403,803,1576,2,0,1046,403,403,403,401,401,14,1,39000,39,39,39,9,803,9,803,39000,39,39000,39,848707,39,9073873,0
12650,401414,39000,39000,0,0,0,0,0,848707,39,401375,39,403,403,804,776,1,1000,716,403,403,403,402,402,24,1,39000,39,39,39,9,804,9,804,39000,39,39000,39,848707,39,9078496,0
12660,401810,39000,39000,0,0,0,0,0,848707,39,401771,39,404,404,805,1172,2,0,1071,404,404,404,402,402,2,1,39000,39,39,39,9,805,9,805,39000,39,39000,39,848707,39,9087581,0
12670,402196,39000,39000,0,0,0,0,0,848707,39,402157,39,404,404,805,1558,2,0,1071,404,404,404,402,402,12,1,39000,39,39,39,9,805,9,805,39000,39,39000,39,848707,39,9096459,0
12680,402366,39000,39000,0,0,0,0,0,848707,39,402327,39,404,404,806,729,1,1000,584,404,404,404,403,403,20,1,39000,39,39,39,9,806,9,806,39000,39,39000,39,848707,39,9100392,0
12690,402753,39000,39000,0,0,0,0,0,848707,39,402714,39,405,405,807,1116,2,0,1057,405,405,405,403,403,0,1,39000,39,39,39,9,807,9,807,39000,39,39000,39,848707,39,9109293,0
12700,403143,39000,39000,0,0,0,0,0,848707,39,403104,39,405,405,807,1506,2,0,1057,405,405,405,403,403,10,1,39000,39,39,39,9,807,9,807,39000,39,39000,39,848707,39,9118263,0
12710,403536,39000,39000,0,0,0,0,0,848707,39,403497,39,405,405,807,1899,2,0,1057,405,405,405,403,403,20,1,39000,39,39,39,9,807,9,807,39000,39,39000,39,848707,39,9127325,0
12720,403743,39000,39000,0,0,0,0,0,848707,39,403704,39,406,406,809,1107,2,0,1026,406,406,406,404,404,0,1,39000,39,39,39,9,809,9,809,39000,39,39000,39,848707,39,9132086,0
12730,404127,39000,39000,0,0,0,0,0,848707,39,404088,39,406,406,809,1491,2,0,1026,406,406,406,404,404,12,1,39000,39,39,39,9,809,9,809,39000,39,39000,39,848707,39,9140918,0
12741,404331,39000,39000,0,0,0,0,0,848707,39,404292,39,406,406,810,696,1,1000,670,406,406,406,405,405,20,1,39000,39,39,39,9,810,9,810,39000,39,39000,39,848707,39,9145633,0
12750,404689,39000,39000,0,0,0,0,0,848707,39,404650,39,407,407,811,1054,2,0,1017,407,407,407,405,405,0,1,39000,39,39,39,9,811,9,811,39000,39,39000,39,848707,39,9153867,0
12760,405086,39000,39000,0,0,0,0,0,848707,39,405047,39,407,407,811,1451,2,0,1017,407,407,407,405,405,10,1,39000,39,39,39,9,811,9,811,39000,39,39000,39,848707,39,9162998,0
12770,405357,39000,39000,0,0,0,0,0,848707,39,405318,39,407,407,812,723,1,1000,716,407,407,407,406,406,20,1,39000,39,39,39,9,812,9,812,39000,39,39000,39,848707,39,9169254,0
12780,405681,39000,39000,0,0,0,0,0,848707,39,405642,39,407,407,812,1047,2,1000,716,407,408,407,406,406,30,1,39000,39,39,39,9,812,9,812,39000,39,39000,39,848707,39,9176706,0
12790,406078,39000,39000,0,0,0,0,0,848707,39,406039,39,408,408,813,1444,2,0,1068,408,408,408,406,406,8,1,39000,39,39,39,9,813,9,813,39000,39,39000,39,848707,39,9185837,0
12800,406278,39000,39000,0,0,0,0,0,848707,39,406239,39,408,408,814,645,1,1000,598,408,408,408,407,407,18,1,39000,39,39,39,9,814,9,814,39000,39,39000,39,848707,39,9190460,0
12810,406634,39000,39000,0,0,0,0,0,848707,39,406595,39,408,408,814,1001,2,1000,598,408,409,408,407,407,28,1,39000,39,39,39,9,814,9,814,39000,39,39000,39,848707,39,9198648,0
12820,407022,39000,39000,0,0,0,0,0,848707,39,406983,39,409,409,815,1389,2,0,1139,409,409,409,407,407,6,1,39000,39,39,39,9,815,9,815,39000,39,39000,39,848707,39,9207572,0
12830,407228,39000,39000,0,0,0,0,0,848707,39,407189,39,409,409,816,596,1,1000,516,409,409,409,408,408,16,1,39000,39,39,39,9,816,9,816,39000,39,39000,39,848707,39,9212333,0
12840,407619,39000,39000,0,0,0,0,0,848707,39,407580,39,409,409,816,987,1,1000,516,409,409,409,408,408,26,1,39000,39,39,39,9,816,9,816,39000,39,39000,39,848707,39,9221326,0
12850,408006,39000,39000,0,0,0,0,0,848707,39,407967,39,410,410,817,1375,2,0,1026,410,410,410,408,408,8,1,39000,39,39,39,9,817,9,817,39000,39,39000,39,848707,39,9230250,0
12860,408396,39000,39000,0,0,0,0,0,848707,39,408357,39,410,410,817,1764,2,0,1026,410,410,410,408,408,18,1,39000,39,39,39,9,817,9,817,39000,39,39000,39,848707,39,9239197,0
12870,408561,39000,39000,0,0,0,0,0,848707,39,408522,39,410,410,818,930,1,1000,851,410,410,410,409,409,28,1,39000,39,39,39,9,818,9,818,39000,39,39000,39,848707,39,9243015,0
12880,408956,39000,39000,0,0,0,0,0,848707,39,408917,39,411,411,819,1325,2,0,1075,411,411,411,409,409,6,1,39000,39,39,39,9,819,9,819,39000,39,39000,39,848707,39,9252100,0
12890,409347,39000,39000,0,0,0,0,0,848707,39,409308,39,411,411,819,1716,2,0,1075,411,411,411,409,409,16,1,39000,39,39,39,9,819,9,819,39000,39,39000,39,848707,39,9261093,0
12900,409557,39000,39000,0,0,0,0,0,848707,39,409518,39,411,411,820,927,1,1000,718,411,411,411,410,410,26,1,39000,39,39,39,9,820,9,820,39000,39,39000,39,848707,39,9265946,0
12910,409824,39000,39000,0,0,0,0,0,848707,39,409785,39,412,412,821,1194,2,0,1001,412,412,412,410,410,4,1,39000,39,39,39,9,821,9,821,39000,39,39000,39,848707,39,9272087,0
12920,410213,39000,39000,0,0,0,0,0,848707,39,410174,39,412,412,821,1583,2,0,1001,412,412,412,410,410,14,1,39000,39,39,39,9,821,9,821,39000,39,39000,39,848707,39,9281034,0
12930,410571,39000,39000,0,0,0,0,0,848707,39,410532,39,412,412,822,942,1,1000,939,412,412,412,411,411,24,1,39000,39,39,39,9,822,9,822,39000,39,39000,39,848707,39,9289291,0
12940,410776,39000,39000,0,0,0,0,0,848707,39,410737,39,413,413,823,1147,2,0,1049,413,413,413,411,411,2,1,39000,39,39,39,9,823,9,823,39000,39,39000,39,848707,39,9294006,0
12950,411162,39000,39000,0,0,0,0,0,848707,39,411123,39,413,413,823,1533,2,0,1049,413,413,413,411,411,12,1,39000,39,39,39,9,823,9,823,39000,39,39000,39,848707,39,9302907,0
12960,411414,39000,39000,0,0,0,0,0,848707,39,411375,39,413,413,824,786,1,1000,780,413,413,413,412,412,22,1,39000,39,39,39,9,824,9,824,39000,39,39000,39,848707,39,9308703,0
12970,411755,39000,39000,0,0,0,0,0,848707,39,411716,39,414,414,825,1127,2,0,1032,414,414,414,412,412,2,1,39000,39,39,39,9,825,9,825,39000,39,39000,39,848707,39,9316546,0
12980,412148,39000,39000,0,0,0,0,0,848707,39,412109,39,414,414,825,1520,2,0,1032,414,414,414,412,412,12,1,39000,39,39,39,9,825,9,825,39000,39,39000,39,848707,39,9325585,0
12990,412326,39000,39000,0,0,0,0,0,848707,39,412287,39,414,414,826,699,1,1000,694,414,414,414,413,413,20,1,39000,39,39,39,9,826,9,826,39000,39,39000,39,848707,39,9329702,0
13000,412702,39000,39000,0,0,0,0,0,848707,39,412663,39,414,414,826,1075,2,1000,694,414,415,414,413,413,30,1,39000,39,39,39,9,826,9,826,39000,39,39000,39,848707,39,9338350,0
13010,413097,39000,39000,0,0,0,0,0,848707,39,413058,39,415,415,827,1470,2,0,1079,415,415,415,413,413,10,1,39000,39,39,39,9,827,9,827,39000,39,39000,39,848707,39,9347435,0
13020,413298,39000,39000,0,0,0,0,0,848707,39,413259,39,415,415,828,672,1,1000,565,415,415,415,414,414,20,1,39000,39,39,39,9,828,9,828,39000,39,39000,39,848707,39,9352081,0
13030,413686,39000,39000,0,0,0,0,0,848707,39,413647,39,415,415,828,1060,2,1000,565,415,416,415,414,414,28,1,39000,39,39,39,9,828,9,828,39000,39,39000,39,848707,39,9361005,0
13040,414081,39000,39000,0,0,0,0,0,848707,39,414042,39,416,416,829,1455,2,0,1061,416,416,416,414,414,10,1,39000,39,39,39,9,829,9,829,39000,39,39000,39,848707,39,9370090,0
13050,414468,39000,39000,0,0,0,0,0,848707,39,414429,39,416,416,829,1842,2,0,1061,416,416,416,414,414,20,1,39000,39,39,39,9,829,9,829,39000,39,39000,39,848707,39,9378991,0
13060,414634,39000,39000,0,0,0,0,0,848707,39,414595,39,416,416,830,1009,2,1000,947,416,417,416,415,415,28,1,39000,39,39,39,9,830,9,830,39000,39,39000,39,848707,39,9382832,0
13070,415026,39000,39000,0,0,0,0,0,848707,39,414987,39,417,417,831,1401,2,0,1031,417,417,417,415,415,8,1,39000,39,39,39,9,831,9,831,39000,39,39000,39,848707,39,9391871,0
13080,415227,39000,39000,0,0,0,0,0,848707,39,415188,39,417,417,832,603,1,1000,439,417,417,417,416,416,18,1,39000,39,39,39,9,832,9,832,39000,39,39000,39,848707,39,9396517,0
13090,415616,39000,39000,0,0,0,0,0,848707,39,415577,39,417,417,832,992,1,1000,439,417,417,417,416,416,28,1,39000,39,39,39,9,832,9,832,39000,39,39000,39,848707,39,9405441,0
13100,416000,39000,39000,0,0,0,0,0,848707,39,415961,39,418,418,833,1376,2,0,1097,418,418,418,416,416,6,1,39000,39,39,39,9,833,9,833,39000,39,39000,39,848707,39,9414273,0
13110,416313,39000,39000,0,0,0,0,0,848707,39,416274,39,418,418,834,690,1,1000,680,418,418,418,417,417,16,1,39000,39,39,39,9,834,9,834,39000,39,39000,39,848707,39,9421495,0
13120,416555,39000,39000,0,0,0,0,0,848707,39,416516,39,418,418,834,932,1,1000,680,418,418,418,417,417,26,1,39000,39,39,39,9,834,9,834,39000,39,39000,39,848707,39,9427061,0
13130,416949,39000,39000,0,0,0,0,0,848707,39,416910,39,419,419,835,1326,2,0,1060,419,419,419,417,417,6,1,39000,39,39,39,9,835,9,835,39000,39,39000,39,848707,39,9436123,0
13140,417173,39000,39000,0,0,0,0,0,848707,39,417134,39,419,419,836,551,1,1000,546,419,419,419,418,418,16,1,39000,39,39,39,9,836,9,836,39000,39,39000,39,848707,39,9441298,0
13150,417533,39000,39000,0,0,0,0,0,848707,39,417494,39,419,419,836,911,1,1000,546,419,419,419,418,418,26,1,39000,39,39,39,9,836,9,836,39000,39,39000,39,848707,39,9449578,0
13160,417915,39000,39000,0,0,0,0,0,848707,39,417876,39,420,420,837,1293,2,0,1024,420,420,420,418,418,6,1,39000,39,39,39,9,837,9,837,39000,39,39000,39,848707,39,9458387,0
13170,418304,39000,39000,0,0,0,0,0,848707,39,418265,39,420,420,837,1682,2,0,1024,420,420,420,418,418,16,1,39000,39,39,39,9,837,9,837,39000,39,39000,39,848707,39,9467311,0
13180,418539,39000,39000,0,0,0,0,0,848707,39,418500,39,420,420,838,918,1,1000,907,420,420,420,419,419,26,1,39000,39,39,39,9,838,9,838,39000,39,39000,39,848707,39,9472739,0
13190,418855,39000,39000,0,0,0,0,0,848707,39,418816,39,421,421,839,1234,2,0,1066,421,421,421,419,419,4,1,39000,39,39,39,9,839,9,839,39000,39,39000,39,848707,39,9480007,0
13200,419058,39000,39000,0,0,0,0,0,848707,39,419019,39,421,421,840,438,1,1000,402,421,421,421,420,420,14,1,39000,39,39,39,9,840,9,840,39000,39,39000,39,848707,39,9484699,0
13210,419330,39000,39000,0,0,0,0,0,848707,39,419291,39,421,421,840,710,1,1000,402,421,421,421,420,420,23,1,39000,39,39,39,9,840,9,840,39000,39,39000,39,848707,39,9490955,0
13220,419716,39000,39000,0,0,0,0,0,848707,39,419677,39,422,422,841,1096,2,0,1060,422,422,422,420,420,0,1,39000,39,39,39,9,841,9,841,39000,39,39000,39,848707,39,9499856,0
13230,420105,39000,39000,0,0,0,0,0,848707,39,420066,39,422,422,841,1485,2,0,1060,422,422,422,420,420,10,1,39000,39,39,39,9,841,9,841,39000,39,39000,39,848707,39,9508780,0
13240,420485,39000,39000,0,0,0,0,0,848707,39,420446,39,422,422,842,866,1,1000,863,422,422,422,421,421,21,1,39000,39,39,39,9,842,9,842,39000,39,39000,39,848707,39,9517543,0
13250,420655,39000,39000,0,0,0,0,0,848707,39,420616,39,422,422,842,1036,2,1000,863,422,423,422,421,421,28,1,39000,39,39,39,9,842,9,842,39000,39,39000,39,848707,39,9521453,0
13260,421044,39000,39000,0,0,0,0,0,848707,39,421005,39,423,423,843,1425,2,0,1042,423,423,423,421,421,8,1,39000,39,39,39,9,843,9,843,39000,39,39000,39,848707,39,9530400,0
13270,421434,39000,39000,0,0,0,0,0,848707,39,421395,39,423,423,843,1815,2,0,1042,423,423,423,421,421,20,1,39000,39,39,39,9,843,9,843,39000,39,39000,39,848707,39,9539370,0
13280,421644,39000,39000,0,0,0,0,0,848707,39,421605,39,424,424,845,1026,2,0,1014,424,424,424,422,422,0,1,39000,39,39,39,9,845,9,845,39000,39,39000,39,848707,39,9544223,0
13290,422029,39000,39000,0,0,0,0,0,848707,39,421990,39,424,424,845,1411,2,0,1014,424,424,424,422,422,10,1,39000,39,39,39,9,845,9,845,39000,39,39000,39,848707,39,9553078,0
13300,422236,39000,39000,0,0,0,0,0,848707,39,422197,39,424,424,846,619,1,1000,452,424,424,424,423,423,20,1,39000,39,39,39,9,846,9,846,39000,39,39000,39,848707,39,9557862,0
13310,422582,39000,39000,0,0,0,0,0,848707,39,422543,39,424,424,846,965,1,1000,452,424,424,424,423,423,28,1,39000,39,39,39,9,846,9,846,39000,39,39000,39,848707,39,9565820,0
13320,422966,39000,39000,0,0,0,0,0,848707,39,422927,39,425,425,847,1349,2,0,1073,425,425,425,423,423,6,1,39000,39,39,39,9,847,9,847,39000,39,39000,39,848707,39,9574652,0
13330,423256,39000,39000,0,0,0,0,0,848707,39,423217,39,425,425,848,640,1,1000,634,425,425,425,424,424,16,1,39000,39,39,39,9,848,9,848,39000,39,39000,39,848707,39,9581345,0
13340,423561,39000,39000,0,0,0,0,0,848707,39,423522,39,425,425,848,945,1,1000,634,425,425,425,424,424,26,1,39000,39,39,39,9,848,9,848,39000,39,39000,39,848707,39,9588360,0
13350,423940,39000,39000,0,0,0,0,0,848707,39,423901,39,426,426,849,1324,2,0,1042,426,426,426,424,424,6,1,39000,39,39,39,9,849,9,849,39000,39,39000,39,848707,39,9597077,0
13360,424132,39000,39000,0,0,0,0,0,848707,39,424093,39,426,426,850,517,1,1000,505,426,426,426,425,425,16,1,39000,39,39,39,9,850,9,850,39000,39,39000,39,848707,39,9601539,0
13370,424520,39000,39000,0,0,0,0,0,848707,39,424481,39,426,426,850,905,1,1000,505,426,426,426,425,425,26,1,39000,39,39,39,9,850,9,850,39000,39,39000,39,848707,39,9610440,0
13380,424882,39000,39000,0,0,0,0,0,848707,39,424843,39,427,427,851,1267,2,0,1085,427,427,427,425,425,4,1,39000,39,39,39,9,851,9,851,39000,39,39000,39,848707,39,9618789,0
13390,425281,39000,39000,0,0,0,0,0,848707,39,425242,39,427,427,851,1666,2,0,1085,427,427,427,425,425,14,1,39000,39,39,39,9,851,9,851,39000,39,39000,39,848707,39,9627966,0
13400,425516,39000,39000,0,0,0,0,0,848707,39,425477,39,427,427,852,902,1,1000,889,427,427,427,426,426,24,1,39000,39,39,39,9,852,9,852,39000,39,39000,39,848707,39,9633371,0
13410,425891,39000,39000,0,0,0,0,0,848707,39,425852,39,428,428,853,1277,2,0,1002,428,428,428,426,426,6,1,39000,39,39,39,9,853,9,853,39000,39,39000,39,848707,39,9641996,0
13420,426284,39000,39000,0,0,0,0,0,848707,39,426245,39,428,428,853,1670,2,0,1002,428,428,428,426,426,16,1,39000,39,39,39,9,853,9,853,39000,39,39000,39,848707,39,9651035,0
13430,426483,39000,39000,0,0,0,0,0,848707,39,426444,39,428,428,854,870,1,1000,701,428,428,428,427,427,26,1,39000,39,39,39,9,854,9,854,39000,39,39000,39,848707,39,9655635,0
13440,426883,39000,39000,0,0,0,0,0,848707,39,426844,39,429,429,855,1270,2,0,1059,429,429,429,427,427,4,1,39000,39,39,39,9,855,9,855,39000,39,39000,39,848707,39,9664835,0
13450,427199,39000,39000,0,0,0,0,0,848707,39,427160,39,429,429,856,587,1,1000,581,429,429,429,428,428,14,1,39000,39,39,39,9,856,9,856,39000,39,39000,39,848707,39,9672126,0
13460,427442,39000,39000,0,0,0,0,0,848707,39,427403,39,429,429,856,830,1,1000,581,429,429,429,428,428,24,1,39000,39,39,39,9,856,9,856,39000,39,39000,39,848707,39,9677715,0
13470,427834,39000,39000,0,0,0,0,0,848707,39,427795,39,430,430,857,1222,2,0,1056,430,430,430,428,428,4,1,39000,39,39,39,9,857,9,857,39000,39,39000,39,848707,39,9686731,0
13480,428064,39000,39000,0,0,0,0,0,848707,39,428025,39,430,430,858,453,1,1000,450,430,430,430,429,429,14,1,39000,39,39,39,9,858,9,858,39000,39,39000,39,848707,39,9692044,0
13490,428421,39000,39000,0,0,0,0,0,848707,39,428382,39,430,430,858,810,1,1000,450,430,430,430,429,429,24,1,39000,39,39,39,9,858,9,858,39000,39,39000,39,848707,39,9700255,0
13500,428822,39000,39000,0,0,0,0,0,848707,39,428783,39,431,431,859,1211,2,0,1024,431,431,431,429,429,4,1,39000,39,39,39,9,859,9,859,39000,39,39000,39,848707,39,9709478,0
13510,429089,39000,39000,0,0,0,0,0,848707,39,429050,39,431,431,859,1478,2,0,1024,431,431,431,429,429,13,1,39000,39,39,39,9,859,9,859,39000,39,39000,39,848707,39,9715619,0
13520,429293,39000,39000,0,0,0,0,0,848707,39,429254,39,431,431,860,683,1,1000,661,431,431,431,430,430,24,1,39000,39,39,39,9,860,9,860,39000,39,39000,39,848707,39,9720334,0
13530,429637,39000,39000,0,0,0,0,0,848707,39,429598,39,431,431,860,1027,2,1000,661,431,432,431,430,430,32,1,39000,39,39,39,9,860,9,860,39000,39,39000,39,848707,39,9728246,0
13540,430019,39000,39000,0,0,0,0,0,848707,39,429980,39,432,432,861,1409,2,0,1030,432,432,432,430,430,10,1,39000,39,39,39,9,861,9,861,39000,39,39000,39,848707,39,9737032,0
13550,430217,39000,39000,0,0,0,0,0,848707,39,430178,39,432,432,862,608,1,1000,566,432,432,432,431,431,20,1,39000,39,39,39,9,862,9,862,39000,39,39000,39,848707,39,9741609,0
13560,430595,39000,39000,0,0,0,0,0,848707,39,430556,39,432,432,862,986,1,1000,566,432,432,432,431,431,30,1,39000,39,39,39,9,862,9,862,39000,39,39000,39,848707,39,9750326,0
13570,430981,39000,39000,0,0,0,0,0,848707,39,430942,39,433,433,863,1372,2,0,1055,433,433,433,431,431,8,1,39000,39,39,39,9,863,9,863,39000,39,39000,39,848707,39,9759181,0
13580,431371,39000,39000,0,0,0,0,0,848707,39,431332,39,433,433,863,1762,2,0,1055,433,433,433,431,431,18,1,39000,39,39,39,9,863,9,863,39000,39,39000,39,848707,39,9768174,0
13590,431567,39000,39000,0,0,0,0,0,848707,39,431528,39,433,433,864,959,1,1000,858,433,433,433,432,432,28,1,39000,39,39,39,9,864,9,864,39000,39,39000,39,848707,39,9772682,0
13600,431927,39000,39000,0,0,0,0,0,848707,39,431888,39,434,434,865,1319,2,0,1030,434,434,434,432,432,6,1,39000,39,39,39,9,865,9,865,39000,39,39000,39,848707,39,9780962,0
13610,432208,39000,39000,0,0,0,0,0,848707,39,432169,39,434,434,866,601,1,1000,595,434,434,434,433,433,16,1,39000,39,39,39,9,866,9,866,39000,39,39000,39,848707,39,9787448,0
13620,432521,39000,39000,0,0,0,0,0,848707,39,432482,39,434,434,866,914,1,1000,595,434,434,434,433,433,26,1,39000,39,39,39,9,866,9,866,39000,39,39000,39,848707,39,9794647,0
13630,432911,39000,39000,0,0,0,0,0,848707,39,432872,39,435,435,867,1304,2,0,1007,435,435,435,433,433,6,1,39000,39,39,39,9,867,9,867,39000,39,39000,39,848707,39,9803640,0
13640,433311,39000,39000,0,0,0,0,0,848707,39,433272,39,435,435,867,1704,2,0,1007,435,435,435,433,433,16,1,39000,39,39,39,9,867,9,867,39000,39,39000,39,848707,39,9812817,0
13650,433511,39000,39000,0,0,0,0,0,848707,39,433472,39,435,435,868,905,1,1000,725,435,435,435,434,434,26,1,39000,39,39,39,9,868,9,868,39000,39,39000,39,848707,39,9817440,0
13660,433900,39000,39000,0,0,0,0,0,848707,39,433861,39,436,436,869,1294,2,0,1082,436,436,436,434,434,4,1,39000,39,39,39,9,869,9,869,39000,39,39000,39,848707,39,9826387,0
13670,434208,39000,39000,0,0,0,0,0,848707,39,434169,39,436,436,870,603,1,1000,591,436,436,436,435,435,14,1,39000,39,39,39,9,870,9,870,39000,39,39000,39,848707,39,9833494,0
13680,434471,39000,39000,0,0,0,0,0,848707,39,434432,39,436,436,870,866,1,1000,591,436,436,436,435,435,24,1,39000,39,39,39,9,870,9,870,39000,39,39000,39,848707,39,9839543,0
13690,434857,39000,39000,0,0,0,0,0,848707,39,434818,39,437,437,871,1252,2,0,1069,437,437,437,435,435,4,1,39000,39,39,39,9,871,9,871,39000,39,39000,39,848707,39,9848421,0
13700,435259,39000,39000,0,0,0,0,0,848707,39,435220,39,437,437,871,1654,2,0,1069,437,437,437,435,435,14,1,39000,39,39,39,9,871,9,871,39000,39,39000,39,848707,39,9857690,0
13710,435560,39000,39000,0,0,0,0,0,848707,39,435521,39,437,437,872,956,1,1000,952,437,437,437,436,436,24,1,39000,39,39,39,9,872,9,872,39000,39,39000,39,848707,39,9864613,0
13720,435843,39000,39000,0,0,0,0,0,848707,39,435804,39,438,438,873,1239,2,0,1037,438,438,438,436,436,4,1,39000,39,39,39,9,873,9,873,39000,39,39000,39,848707,39,9871122,0
13730,436164,39000,39000,0,0,0,0,0,848707,39,436125,39,438,438,874,561,1,1000,550,438,438,438,437,437,14,1,39000,39,39,39,9,874,9,874,39000,39,39000,39,848707,39,9878528,0
13740,436450,39000,39000,0,0,0,0,0,848707,39,436411,39,438,438,874,847,1,1000,550,438,438,438,437,437,24,1,39000,39,39,39,9,874,9,874,39000,39,39000,39,848707,39,9885106,0
13750,436846,39000,39000,0,0,0,0,0,848707,39,436807,39,439,439,875,1243,2,0,1043,439,439,439,437,437,4,1,39000,39,39,39,9,875,9,875,39000,39,39000,39,848707,39,9894214,0
13760,437195,39000,39000,0,0,0,0,0,848707,39,437156,39,439,439,875,1592,2,0,1043,439,439,439,437,437,14,1,39000,39,39,39,9,875,9,875,39000,39,39000,39,848707,39,9902241,0
13770,437399,39000,39000,0,0,0,0,0,848707,39,437360,39,439,439,876,797,1,1000,791,439,439,439,438,438,24,1,39000,39,39,39,9,876,9,876,39000,39,39000,39,848707,39,9906956,0
13780,437793,39000,39000,0,0,0,0,0,848707,39,437754,39,440,440,877,1191,2,0,1018,440,440,440,438,438,4,1,39000,39,39,39,9,877,9,877,39000,39,39000,39,848707,39,9916018,0
13790,438181,39000,39000,0,0,0,0,0,848707,39,438142,39,440,440,877,1579,2,0,1018,440,440,440,438,438,14,1,39000,39,39,39,9,877,9,877,39000,39,39000,39,848707,39,9924942,0
13800,438391,39000,39000,0,0,0,0,0,848707,39,438352,39,440,440,878,790,1,1000,682,440,440,440,439,439,24,1,39000,39,39,39,9,878,9,878,39000,39,39000,39,848707,39,9929818,0
13810,438667,39000,39000,0,0,0,0,0,848707,39,438628,39,441,441,879,1066,2,0,1025,441,441,441,439,439,0,1,39000,39,39,39,9,879,9,879,39000,39,39000,39,848707,39,9936143,0
13820,439062,39000,39000,0,0,0,0,0,848707,39,439023,39,441,441,879,1461,2,0,1025,441,441,441,439,439,10,1,39000,39,39,39,9,879,9,879,39000,39,39000,39,848707,39,9945228,0
13830,439407,39000,39000,0,0,0,0,0,848707,39,439368,39,441,441,879,1806,2,0,1025,441,441,441,439,439,20,1,39000,39,39,39,9,879,9,879,39000,39,39000,39,848707,39,9953163,0
13840,439605,39000,39000,0,0,0,0,0,848707,39,439566,39,441,441,880,1005,2,1000,908,441,442,441,440,440,30,1,39000,39,39,39,9,880,9,880,39000,39,39000,39,848707,39,9957740,0
13850,439997,39000,39000,0,0,0,0,0,848707,39,439958,39,442,442,881,1397,2,0,1063,442,442,442,440,440,8,1,39000,39,39,39,9,881,9,881,39000,39,39000,39,848707,39,9966756,0
13860,440387,39000,39000,0,0,0,0,0,848707,39,440348,39,442,442,881,1787,2,0,1063,442,442,442,440,440,18,1,39000,39,39,39,9,881,9,881,39000,39,39000,39,848707,39,9975749,0
13870,440584,39000,39000,0,0,0,0,0,848707,39,440545,39,442,442,882,985,1,1000,791,442,442,442,441,441,28,1,39000,39,39,39,9,882,9,882,39000,39,39000,39,848707,39,9980280,0
13880,440980,39000,39000,0,0,0,0,0,848707,39,440941,39,443,443,883,1381,2,0,1046,443,443,443,441,441,8,1,39000,39,39,39,9,883,9,883,39000,39,39000,39,848707,39,9989388,0
13890,441279,39000,39000,0,0,0,0,0,848707,39,441240,39,443,443,884,681,1,1000,676,443,443,443,442,442,16,1,39000,39,39,39,9,884,9,884,39000,39,39000,39,848707,39,9996288,0
13900,441531,39000,39000,0,0,0,0,0,848707,39,441492,39,443,443,884,933,1,1000,676,443,443,443,442,442,28,1,39000,39,39,39,9,884,9,884,39000,39,39000,39,848707,39,10002084,0
13910,441930,39000,39000,0,0,0,0,0,848707,39,441891,39,444,444,885,1332,2,0,1011,444,444,444,442,442,8,1,39000,39,39,39,9,885,9,885,39000,39,39000,39,848707,39,10011261,0
13920,442162,39000,39000,0,0,0,0,0,848707,39,442123,39,444,444,886,565,1,1000,557,444,444,444,443,443,18,1,39000,39,39,39,9,886,9,886,39000,39,39000,39,848707,39,10016620,0
13930,442522,39000,39000,0,0,0,0,0,848707,39,442483,39,444,444,886,925,1,1000,557,444,444,444,443,443,28,1,39000,39,39,39,9,886,9,886,39000,39,39000,39,848707,39,10024900,0
13940,442913,39000,39000,0,0,0,0,0,848707,39,442874,39,445,445,887,1316,2,0,1080,445,445,445,443,443,6,1,39000,39,39,39,9,887,9,887,39000,39,39000,39,848707,39,10033893,0
13950,443260,39000,39000,0,0,0,0,0,848707,39,443221,39,445,445,887,1663,2,0,1080,445,445,445,443,443,14,1,39000,39,39,39,9,887,9,887,39000,39,39000,39,848707,39,10041874,0
13960,443551,39000,39000,0,0,0,0,0,848707,39,443512,39,445,445,888,955,1,1000,930,445,445,445,444,444,24,1,39000,39,39,39,9,888,9,888,39000,39,39000,39,848707,39,10048590,0
13970,443864,39000,39000,0,0,0,0,0,848707,39,443825,39,446,446,889,1268,2,0,1057,446,446,446,444,444,4,1,39000,39,39,39,9,889,9,889,39000,39,39000,39,848707,39,10055789,0
13980,444258,39000,39000,0,0,0,0,0,848707,39,444219,39,446,446,889,1662,2,0,1057,446,446,446,444,444,14,1,39000,39,39,39,9,889,9,889,39000,39,39000,39,848707,39,10064851,0
13990,444457,39000,39000,0,0,0,0,0,848707,39,444418,39,446,446,890,862,1,1000,829,446,446,446,445,445,24,1,39000,39,39,39,9,890,9,890,39000,39,39000,39,848707,39,10069451,0
14000,444848,39000,39000,0,0,0,0,0,848707,39,444809,39,447,447,891,1253,2,0,1019,447,447,447,445,445,4,1,39000,39,39,39,9,891,9,891,39000,39,39000,39,848707,39,10078444,0
14011,445238,39000,39000,0,0,0,0,0,848707,39,445199,39,447,447,891,1643,2,0,1019,447,447,447,445,445,14,1,39000,39,39,39,9,891,9,891,39000,39,39000,39,848707,39,10087437,0
14020,445395,39000,39000,0,0,0,0,0,848707,39,445356,39,447,447,892,801,1,1000,732,447,447,447,446,446,24,1,39000,39,39,39,9,892,9,892,39000,39,39000,39,848707,39,10091048,0
14030,445786,39000,39000,0,0,0,0,0,848707,39,445747,39,448,448,893,1192,2,0,1081,448,448,448,446,446,2,1,39000,39,39,39,9,893,9,893,39000,39,39000,39,848707,39,10100041,0
14040,446176,39000,39000,0,0,0,0,0,848707,39,446137,39,448,448,893,1582,2,0,1081,448,448,448,446,446,12,1,39000,39,39,39,9,893,9,893,39000,39,39000,39,848707,39,10109011,0
14050,446376,39000,39000,0,0,0,0,0,848707,39,446337,39,448,448,894,783,1,1000,603,448,448,448,447,447,22,1,39000,39,39,39,9,894,9,894,39000,39,39000,39,848707,39,10113657,0
14060,446757,39000,39000,0,0,0,0,0,848707,39,446718,39,449,449,895,1164,2,0,1037,449,449,449,447,447,2,1,39000,39,39,39,9,895,9,895,39000,39,39000,39,848707,39,10122397,0
14070,447152,39000,39000,0,0,0,0,0,848707,39,447113,39,449,449,895,1559,2,0,1037,449,449,449,447,447,12,1,39000,39,39,39,9,895,9,895,39000,39,39000,39,848707,39,10131482,0
14080,447495,39000,39000,0,0,0,0,0,848707,39,447456,39,449,449,895,1902,2,0,1037,449,449,449,447,447,22,1,39000,39,39,39,9,895,9,895,39000,39,39000,39,848707,39,10139371,0
14090,447697,39000,39000,0,0,0,0,0,848707,39,447658,39,450,450,897,1105,2,0,1021,450,450,450,448,448,2,1,39000,39,39,39,9,897,9,897,39000,39,39000,39,848707,39,10144040,0
14100,448088,39000,39000,0,0,0,0,0,848707,39,448049,39,450,450,897,1496,2,0,1021,450,450,450,448,448,12,1,39000,39,39,39,9,897,9,897,39000,39,39000,39,848707,39,10153033,0
14110,448285,39000,39000,0,0,0,0,0,848707,39,448246,39,450,450,898,694,1,1000,497,450,450,450,449,449,21,1,39000,39,39,39,9,898,9,898,39000,39,39000,39,848707,39,10157587,0
14120,448672,39000,39000,0,0,0,0,0,848707,39,448633,39,451,451,899,1081,2,0,1048,451,451,451,449,449,0,1,39000,39,39,39,9,899,9,899,39000,39,39000,39,848707,39,10166511,0
14130,449057,39000,39000,0,0,0,0,0,848707,39,449018,39,451,451,899,1466,2,0,1048,451,451,451,449,449,10,1,39000,39,39,39,9,899,9,899,39000,39,39000,39,848707,39,10175343,0
14141,449351,39000,39000,0,0,0,0,0,848707,39,449312,39,451,451,900,761,1,1000,747,451,451,451,450,450,20,1,39000,39,39,39,9,900,9,900,39000,39,39000,39,848707,39,10182128,0
14150,449618,39000,39000,0,0,0,0,0,848707,39,449579,39,451,451,900,1028,2,1000,747,451,452,451,450,450,28,1,39000,39,39,39,9,900,9,900,39000,39,39000,39,848707,39,10188269,0
14160,450007,39000,39000,0,0,0,0,0,848707,39,449968,39,452,452,901,1417,2,0,1030,452,452,452,450,450,10,1,39000,39,39,39,9,901,9,901,39000,39,39000,39,848707,39,10197239,0
14170,450205,39000,39000,0,0,0,0,0,848707,39,450166,39,452,452,902,616,1,1000,605,452,452,452,451,451,20,1,39000,39,39,39,9,902,9,902,39000,39,39000,39,848707,39,10201793,0
14180,450597,39000,39000,0,0,0,0,0,848707,39,450558,39,452,452,902,1008,2,1000,605,452,453,452,451,451,30,1,39000,39,39,39,9,902,9,902,39000,39,39000,39,848707,39,10210809,0
14190,450980,39000,39000,0,0,0,0,0,848707,39,450941,39,453,453,903,1391,2,0,1071,453,453,453,451,451,8,1,39000,39,39,39,9,903,9,903,39000,39,39000,39,848707,39,10219618,0
14200,451372,39000,39000,0,0,0,0,0,848707,39,451333,39,453,453,903,1783,2,0,1071,453,453,453,451,451,18,1,39000,39,39,39,9,903,9,903,39000,39,39000,39,848707,39,10228634,0
14210,451535,39000,39000,0,0,0,0,0,848707,39,451496,39,453,453,904,947,1,1000,867,453,453,453,452,452,26,1,39000,39,39,39,9,904,9,904,39000,39,39000,39,848707,39,10232429,0
14220,451928,39000,39000,0,0,0,0,0,848707,39,451889,39,454,454,905,1340,2,0,1132,454,454,454,452,452,4,1,39000,39,39,39,9,905,9,905,39000,39,39000,39,848707,39,10241445,0
14230,452315,39000,39000,0,0,0,0,0,848707,39,452276,39,454,454,905,1727,2,0,1132,454,454,454,452,452,14,1,39000,39,39,39,9,905,9,905,39000,39,39000,39,848707,39,10250346,0
14240,452514,39000,39000,0,0,0,0,0,848707,39,452475,39,454,454,906,927,1,1000,870,454,454,454,453,453,24,1,39000,39,39,39,9,906,9,906,39000,39,39000,39,848707,39,10254946,0
14250,452901,39000,39000,0,0,0,0,0,848707,39,452862,39,455,455,907,1314,2,0,1024,455,455,455,453,453,6,1,39000,39,39,39,9,907,9,907,39000,39,39000,39,848707,39,10263847,0
14260,453291,39000,39000,0,0,0,0,0,848707,39,453252,39,455,455,907,1704,2,0,1024,455,455,455,453,453,16,1,39000,39,39,39,9,907,9,907,39000,39,39000,39,848707,39,10272817,0
14270,453487,39000,39000,0,0,0,0,0,848707,39,453448,39,455,455,908,901,1,1000,735,455,455,455,454,454,28,1,39000,39,39,39,9,908,9,908,39000,39,39000,39,848707,39,10277371,0
14280,453842,39000,39000,0,0,0,0,0,848707,39,453803,39,456,456,909,1256,2,0,1055,456,456,456,454,454,4,1,39000,39,39,39,9,909,9,909,39000,39,39000,39,848707,39,10285513,0
14290,454221,39000,39000,0,0,0,0,0,848707,39,454182,39,456,456,910,636,1,1000,634,456,456,456,455,455,14,1,39000,39,39,39,9,910,9,910,39000,39,39000,39,848707,39,10294276,0
14300,454429,39000,39000,0,0,0,0,0,848707,39,454390,39,456,456,910,844,1,1000,634,456,456,456,455,455,24,1,39000,39,39,39,9,910,9,910,39000,39,39000,39,848707,39,10299037,0
14310,454818,39000,39000,0,0,0,0,0,848707,39,454779,39,457,457,911,1233,2,0,1038,457,457,457,455,455,4,1,39000,39,39,39,9,911,9,911,39000,39,39000,39,848707,39,10307984,0
14320,455107,39000,39000,0,0,0,0,0,848707,39,455068,39,457,457,912,523,1,1000,517,457,457,457,456,456,14,1,39000,39,39,39,9,912,9,912,39000,39,39000,39,848707,39,10314654,0
14330,455406,39000,39000,0,0,0,0,0,848707,39,455367,39,457,457,912,822,1,1000,517,457,457,457,456,456,24,1,39000,39,39,39,9,912,9,912,39000,39,39000,39,848707,39,10321531,0
14340,455760,39000,39000,0,0,0,0,0,848707,39,455721,39,458,458,913,1176,2,0,1079,458,458,458,456,456,2,1,39000,39,39,39,9,913,9,913,39000,39,39000,39,848707,39,10329673,0
14350,456148,39000,39000,0,0,0,0,0,848707,39,456109,39,458,458,913,1564,2,0,1079,458,458,458,456,456,12,1,39000,39,39,39,9,913,9,913,39000,39,39000,39,848707,39,10338597,0
14360,456498,39000,39000,0,0,0,0,0,848707,39,456459,39,458,458,914,915,1,1000,908,458,458,458,457,457,22,1,39000,39,39,39,9,914,9,914,39000,39,39000,39,848707,39,10346670,0
14370,456740,39000,39000,0,0,0,0,0,848707,39,456701,39,459,459,915,1157,2,0,1067,459,459,459,457,457,2,1,39000,39,39,39,9,915,9,915,39000,39,39000,39,848707,39,10352236,0
14380,457132,39000,39000,0,0,0,0,0,848707,39,457093,39,459,459,915,1549,2,0,1067,459,459,459,457,457,12,1,39000,39,39,39,9,915,9,915,39000,39,39000,39,848707,39,10361275,0
14390,457336,39000,39000,0,0,0,0,0,848707,39,457297,39,459,459,916,754,1,1000,616,459,459,459,458,458,22,1,39000,39,39,39,9,916,9,916,39000,39,39000,39,848707,39,10365967,0
14400,457704,39000,39000,0,0,0,0,0,848707,39,457665,39,460,460,917,1122,2,0,1032,460,460,460,458,458,2,1,39000,39,39,39,9,917,9,917,39000,39,39000,39,848707,39,10374431,0
14410,457950,39000,39000,0,0,0,0,0,848707,39,457911,39,460,460,917,1368,2,0,1032,460,460,460,458,458,11,1,39000,39,39,39,9,917,9,917,39000,39,39000,39,848707,39,10380089,0
14420,458155,39000,39000,0,0,0,0,0,848707,39,458116,39,460,460,918,574,1,1000,448,460,460,460,459,459,21,1,39000,39,39,39,9,918,9,918,39000,39,39000,39,848707,39,10384850,0
14430,458547,39000,39000,0,0,0,0,0,848707,39,458508,39,460,460,918,966,1,1000,448,460,460,460,459,459,32,1,39000,39,39,39,9,918,9,918,39000,39,39000,39,848707,39,10393843,0
14440,458942,39000,39000,0,0,0,0,0,848707,39,458903,39,461,461,919,1361,2,0,1037,461,461,461,459,459,8,1,39000,39,39,39,9,919,9,919,39000,39,39000,39,848707,39,10402928,0
14450,459325,39000,39000,0,0,0,0,0,848707,39,459286,39,461,461,919,1744,2,0,1037,461,461,461,459,459,18,1,39000,39,39,39,9,919,9,919,39000,39,39000,39,848707,39,10411760,0
14460,459527,39000,39000,0,0,0,0,0,848707,39,459488,39,461,461,920,947,1,1000,855,461,461,461,460,460,28,1,39000,39,39,39,9,920,9,920,39000,39,39000,39,848707,39,10416406,0
14470,459883,39000,39000,0,0,0,0,0,848707,39,459844,39,462,462,921,1303,2,0,1080,462,462,462,460,460,4,1,39000,39,39,39,9,921,9,921,39000,39,39000,39,848707,39,10424594,0
14480,460269,39000,39000,0,0,0,0,0,848707,39,460230,39,462,462,921,1689,2,0,1080,462,462,462,460,460,14,1,39000,39,39,39,9,921,9,921,39000,39,39000,39,848707,39,10433472,0
14490,460487,39000,39000,0,0,0,0,0,848707,39,460448,39,462,462,922,908,1,1000,734,462,462,462,461,461,26,1,39000,39,39,39,9,922,9,922,39000,39,39000,39,848707,39,10438509,0
14500,460882,39000,39000,0,0,0,0,0,848707,39,460843,39,463,463,923,1303,2,0,1083,463,463,463,461,461,4,1,39000,39,39,39,9,923,9,923,39000,39,39000,39,848707,39,10447594,0
14510,461213,39000,39000,0,0,0,0,0,848707,39,461174,39,463,463,924,635,1,1000,631,463,463,463,462,462,14,1,39000,39,39,39,9,924,9,924,39000,39,39000,39,848707,39,10455230,0
14520,461462,39000,39000,0,0,0,0,0,848707,39,461423,39,463,463,924,884,1,1000,631,463,463,463,462,462,24,1,39000,39,39,39,9,924,9,924,39000,39,39000,39,848707,39,10460957,0
14530,461854,39000,39000,0,0,0,0,0,848707,39,461815,39,464,464,925,1276,2,0,1041,464,464,464,462,462,6,1,39000,39,39,39,9,925,9,925,39000,39,39000,39,848707,39,10469973,0
14540,462161,39000,39000,0,0,0,0,0,848707,39,462122,39,464,464,926,584,1,1000,580,464,464,464,463,463,14,1,39000,39,39,39,9,926,9,926,39000,39,39000,39,848707,39,10477057,0
14550,462404,39000,39000,0,0,0,0,0,848707,39,462365,39,464,464,926,827,1,1000,580,464,464,464,463,463,24,1,39000,39,39,39,9,926,9,926,39000,39,39000,39,848707,39,10482646,0
14560,462798,39000,39000,0,0,0,0,0,848707,39,462759,39,465,465,927,1221,2,0,1008,465,465,465,463,463,4,1,39000,39,39,39,9,927,9,927,39000,39,39000,39,848707,39,10491708,0
14570,463186,39000,39000,0,0,0,0,0,848707,39,463147,39,465,465,927,1609,2,0,1008,465,465,465,463,463,14,1,39000,39,39,39,9,927,9,927,39000,39,39000,39,848707,39,10500632,0
14580,463510,39000,39000,0,0,0,0,0,848707,39,463471,39,465,465,928,934,1,1000,929,465,465,465,464,464,24,1,39000,39,39,39,9,928,9,928,39000,39,39000,39,848707,39,10508107,0
14590,463771,39000,39000,0,0,0,0,0,848707,39,463732,39,466,466,929,1195,2,0,1069,466,466,466,464,464,2,1,39000,39,39,39,9,929,9,929,39000,39,39000,39,848707,39,10514110,0
14600,463991,39000,39000,0,0,0,0,0,848707,39,463952,39,466,466,930,416,1,1000,413,466,466,466,465,465,12,1,39000,39,39,39,9,930,9,930,39000,39,39000,39,848707,39,10519193,0
14610,464324,39000,39000,0,0,0,0,0,848707,39,464285,39,466,466,930,749,1,1000,413,466,466,466,465,465,22,1,39000,39,39,39,9,930,9,930,39000,39,39000,39,848707,39,10526852,0
14620,464716,39000,39000,0,0,0,0,0,848707,39,464677,39,467,467,931,1141,2,0,1030,467,467,467,465,465,2,1,39000,39,39,39,9,931,9,931,39000,39,39000,39,848707,39,10535868,0
14630,465109,39000,39000,0,0,0,0,0,848707,39,465070,39,467,467,931,1534,2,0,1030,467,467,467,465,465,12,1,39000,39,39,39,9,931,9,931,39000,39,39000,39,848707,39,10544907,0
14640,465306,39000,39000,0,0,0,0,0,848707,39,465267,39,467,467,932,732,1,1000,686,467,467,467,466,466,22,1,39000,39,39,39,9,932,9,932,39000,39,39000,39,848707,39,10549461,0
14650,465698,39000,39000,0,0,0,0,0,848707,39,465659,39,468,468,933,1124,2,0,1022,468,468,468,466,466,2,1,39000,39,39,39,9,933,9,933,39000,39,39000,39,848707,39,10558477,0
14660,466091,39000,39000,0,0,0,0,0,848707,39,466052,39,468,468,933,1517,2,0,1022,468,468,468,466,466,12,1,39000,39,39,39,9,933,9,933,39000,39,39000,39,848707,39,10567516,0
14670,466290,39000,39000,0,0,0,0,0,848707,39,466251,39,468,468,934,717,1,1000,563,468,468,468,467,467,22,1,39000,39,39,39,9,934,9,934,39000,39,39000,39,848707,39,10572116,0
14680,466640,39000,39000,0,0,0,0,0,848707,39,466601,39,469,469,935,1067,2,0,1061,469,469,469,467,467,0,1,39000,39,39,39,9,935,9,935,39000,39,39000,39,848707,39,10580166,0
14690,467027,39000,39000,0,0,0,0,0,848707,39,466988,39,469,469,935,1454,2,0,1061,469,469,469,467,467,10,1,39000,39,39,39,9,935,9,935,39000,39,39000,39,848707,39,10589067,0
14700,467337,39000,39000,0,0,0,0,0,848707,39,467298,39,469,469,936,765,1,1000,763,469,469,469,468,468,20,1,39000,39,39,39,9,936,9,936,39000,39,39000,39,848707,39,10596220,0
14710,467602,39000,39000,0,0,0,0,0,848707,39,467563,39,470,470,937,1031,2,0,1017,470,470,470,468,468,0,1,39000,39,39,39,9,937,9,937,39000,39,39000,39,848707,39,10602338,0
14720,467999,39000,39000,0,0,0,0,0,848707,39,467960,39,470,470,937,1427,2,0,1017,470,470,470,468,468,10,1,39000,39,39,39,9,937,9,937,39000,39,39000,39,848707,39,10611446,0
14730,468388,39000,39000,0,0,0,0,0,848707,39,468349,39,470,470,938,817,1,1000,813,470,470,470,469,469,20,1,39000,39,39,39,9,938,9,938,39000,39,39000,39,848707,39,10620416,0
14740,468545,39000,39000,0,0,0,0,0,848707,39,468506,39,470,470,938,974,1,1000,813,470,470,470,469,469,28,1,39000,39,39,39,9,938,9,938,39000,39,39000,39,848707,39,10624027,0
14750,468941,39000,39000,0,0,0,0,0,848707,39,468902,39,471,471,939,1370,2,0,1059,471,471,471,469,469,6,1,39000,39,39,39,9,939,9,939,39000,39,39000,39,848707,39,10633135,0
14760,469247,39000,39000,0,0,0,0,0,848707,39,469208,39,471,471,940,677,1,1000,669,471,471,471,470,470,18,1,39000,39,39,39,9,940,9,940,39000,39,39000,39,848707,39,10640196,0
14770,469524,39000,39000,0,0,0,0,0,848707,39,469485,39,471,471,940,954,1,1000,669,471,471,471,470,470,28,1,39000,39,39,39,9,940,9,940,39000,39,39000,39,848707,39,10646567,0
14780,469915,39000,39000,0,0,0,0,0,848707,39,469876,39,472,472,941,1345,2,0,1123,472,472,472,470,470,4,1,39000,39,39,39,9,941,9,941,39000,39,39000,39,848707,39,10655560,0
14790,470114,39000,39000,0,0,0,0,0,848707,39,470075,39,472,472,942,545,1,1000,540,472,472,472,471,471,16,1,39000,39,39,39,9,942,9,942,39000,39,39000,39,848707,39,10660160,0
14801,470499,39000,39000,0,0,0,0,0,848707,39,470460,39,472,472,942,930,1,1000,540,472,472,472,471,471,26,1,39000,39,39,39,9,942,9,942,39000,39,39000,39,848707,39,10669015,0
14810,470847,39000,39000,0,0,0,0,0,848707,39,470808,39,473,473,943,1278,2,0,1074,473,473,473,471,471,4,1,39000,39,39,39,9,943,9,943,39000,39,39000,39,848707,39,10677019,0
14820,471237,39000,39000,0,0,0,0,0,848707,39,471198,39,473,473,943,1668,2,0,1074,473,473,473,471,471,14,1,39000,39,39,39,9,943,9,943,39000,39,39000,39,848707,39,10685989,0
14830,471490,39000,39000,0,0,0,0,0,848707,39,471451,39,473,473,944,922,1,1000,921,473,473,473,472,472,24,1,39000,39,39,39,9,944,9,944,39000,39,39000,39,848707,39,10691831,0
14840,471815,39000,39000,0,0,0,0,0,848707,39,471776,39,474,474,945,1247,2,0,1030,474,474,474,472,472,4,1,39000,39,39,39,9,945,9,945,39000,39,39000,39,848707,39,10699306,0
14850,472201,39000,39000,0,0,0,0,0,848707,39,472162,39,474,474,945,1633,2,0,1030,474,474,474,472,472,14,1,39000,39,39,39,9,945,9,945,39000,39,39000,39,848707,39,10708184,0
14860,472366,39000,39000,0,0,0,0,0,848707,39,472327,39,474,474,946,799,1,1000,674,474,474,474,473,473,24,1,39000,39,39,39,9,946,9,946,39000,39,39000,39,848707,39,10712002,0
14870,472748,39000,39000,0,0,0,0,0,848707,39,472709,39,475,475,947,1181,2,0,1002,475,475,475,473,473,4,1,39000,39,39,39,9,947,9,947,39000,39,39000,39,848707,39,10720788,0
14880,473147,39000,39000,0,0,0,0,0,848707,39,473108,39,475,475,947,1580,2,0,1002,475,475,475,473,473,14,1,39000,39,39,39,9,947,9,947,39000,39,39000,39,848707,39,10729965,0
14890,473342,39000,39000,0,0,0,0,0,848707,39,473303,39,475,475,948,776,1,1000,643,475,475,475,474,474,24,1,39000,39,39,39,9,948,9,948,39000,39,39000,39,848707,39,10734473,0
14900,473725,39000,39000,0,0,0,0,0,848707,39,473686,39,476,476,949,1159,2,0,1045,476,476,476,474,474,2,1,39000,39,39,39,9,949,9,949,39000,39,39000,39,848707,39,10743282,0
14910,474081,39000,39000,0,0,0,0,0,848707,39,474042,39,476,476,950,516,1,1000,508,476,476,476,475,475,12,1,39000,39,39,39,9,950,9,950,39000,39,39000,39,848707,39,10751493,0
14920,474318,39000,39000,0,0,0,0,0,848707,39,474279,39,476,476,950,753,1,1000,508,476,476,476,475,475,22,1,39000,39,39,39,9,950,9,950,39000,39,39000,39,848707,39,10756944,0
14930,474662,39000,39000,0,0,0,0,0,848707,39,474623,39,477,477,951,1097,2,0,1021,477,477,477,475,475,2,1,39000,39,39,39,9,951,9,951,39000,39,39000,39,848707,39,10764879,0
14940,475053,39000,39000,0,0,0,0,0,848707,39,475014,39,477,477,951,1488,2,0,1021,477,477,477,475,475,12,1,39000,39,39,39,9,951,9,951,39000,39,39000,39,848707,39,10773849,0
14950,475411,39000,39000,0,0,0,0,0,848707,39,475372,39,477,477,952,847,1,1000,837,477,477,477,476,476,22,1,39000,39,39,39,9,952,9,952,39000,39,39000,39,848707,39,10782106,0
14960,475638,39000,39000,0,0,0,0,0,848707,39,475599,39,478,478,953,1074,2,0,1054,478,478,478,476,476,0,1,39000,39,39,39,9,953,9,953,39000,39,39000,39,848707,39,10787327,0
14970,476023,39000,39000,0,0,0,0,0,848707,39,475984,39,478,478,953,1459,2,0,1054,478,478,478,476,476,10,1,39000,39,39,39,9,953,9,953,39000,39,39000,39,848707,39,10796182,0
14980,476301,39000,39000,0,0,0,0,0,848707,39,476262,39,478,478,954,738,1,1000,735,478,478,478,477,477,20,1,39000,39,39,39,9,954,9,954,39000,39,39000,39,848707,39,10802599,0
14990,476567,39000,39000,0,0,0,0,0,848707,39,476528,39,478,478,954,1004,2,1000,735,478,479,478,477,477,28,1,39000,39,39,39,9,954,9,954,39000,39,39000,39,848707,39,10808717,0
15000,476953,39000,39000,0,0,0,0,0,848707,39,476914,39,479,479,955,1390,2,0,1028,479,479,479,477,477,8,1,39000,39,39,39,9,955,9,955,39000,39,39000,39,848707,39,10817595,0
15010,477040,39000,39000,0,0,0,0,0,848707,39,477001,39,479,479,956,478,1,1000,414,479,479,479,478,478,19,1,39000,39,39,39,9,956,9,956,39000,39,39000,39,848707,39,10819619,0
15020,477426,39000,39000,0,0,0,0,0,848707,39,477387,39,479,479,956,864,1,1000,414,479,479,479,478,478,29,1,39000,39,39,39,9,956,9,956,39000,39,39000,39,848707,39,10828497,0
15030,477813,39000,39000,0,0,0,0,0,848707,39,477774,39,480,480,957,1251,2,0,1062,480,480,480,478,478,4,1,39000,39,39,39,9,957,9,957,39000,39,39000,39,848707,39,10837398,0
15040,478202,39000,39000,0,0,0,0,0,848707,39,478163,39,480,480,957,1640,2,0,1062,480,480,480,478,478,14,1,39000,39,39,39,9,957,9,957,39000,39,39000,39,848707,39,10846345,0
15050,478364,39000,39000,0,0,0,0,0,848707,39,478325,39,480,480,958,803,1,1000,750,480,480,480,479,479,24,1,39000,39,39,39,9,958,9,958,39000,39,39000,39,848707,39,10850094,0
15060,478745,39000,39000,0,0,0,0,0,848707,39,478706,39,481,481,959,1184,2,0,1042,481,481,481,479,479,2,1,39000,39,39,39,9,959,9,959,39000,39,39000,39,848707,39,10858857,0
15070,479131,39000,39000,0,0,0,0,0,848707,39,479092,39,481,481,959,1570,2,0,1042,481,481,481,479,479,12,1,39000,39,39,39,9,959,9,959,39000,39,39000,39,848707,39,10867735,0
15080,479338,39000,39000,0,0,0,0,0,848707,39,479299,39,481,481,960,778,1,1000,621,481,481,481,480,480,24,1,39000,39,39,39,9,960,9,960,39000,39,39000,39,848707,39,10872519,0
15090,479731,39000,39000,0,0,0,0,0,848707,39,479692,39,482,482,961,1171,2,0,1003,482,482,482,480,480,4,1,39000,39,39,39,9,961,9,961,39000,39,39000,39,848707,39,10881558,0
15100,480073,39000,39000,0,0,0,0,0,848707,39,480034,39,482,482,962,514,1,1000,509,482,482,482,481,481,14,1,39000,39,39,39,9,962,9,962,39000,39,39000,39,848707,39,10889447,0
15110,480318,39000,39000,0,0,0,0,0,848707,39,480279,39,482,482,962,759,1,1000,509,482,482,482,481,481,24,1,39000,39,39,39,9,962,9,962,39000,39,39000,39,848707,39,10895082,0
15120,480676,39000,39000,0,0,0,0,0,848707,39,480637,39,483,483,963,1117,2,0,1050,483,483,483,481,481,0,1,39000,39,39,39,9,963,9,963,39000,39,39000,39,848707,39,10903316,0
15130,481063,39000,39000,0,0,0,0,0,848707,39,481024,39,483,483,963,1504,2,0,1050,483,483,483,481,481,10,1,39000,39,39,39,9,963,9,963,39000,39,39000,39,848707,39,10912217,0
15140,481459,39000,39000,0,0,0,0,0,848707,39,481420,39,483,483,963,1900,2,0,1050,483,483,483,481,481,20,1,39000,39,39,39,9,963,9,963,39000,39,39000,39,848707,39,10921348,0
15150,481661,39000,39000,0,0,0,0,0,848707,39,481622,39,484,484,965,1103,2,0,1043,484,484,484,482,482,0,1,39000,39,39,39,9,965,9,965,39000,39,39000,39,848707,39,10925994,0
15160,482041,39000,39000,0,0,0,0,0,848707,39,482002,39,484,484,965,1483,2,0,1043,484,484,484,482,482,10,1,39000,39,39,39,9,965,9,965,39000,39,39000,39,848707,39,10934734,0
15170,482245,39000,39000,0,0,0,0,0,848707,39,482206,39,484,484,966,688,1,1000,684,484,484,484,483,483,20,1,39000,39,39,39,9,966,9,966,39000,39,39000,39,848707,39,10939449,0
15181,482632,39000,39000,0,0,0,0,0,848707,39,482593,39,484,484,966,1075,2,1000,684,484,485,484,483,483,30,1,39000,39,39,39,9,966,9,966,39000,39,39000,39,848707,39,10948350,0
15190,482977,39000,39000,0,0,0,0,0,848707,39,482938,39,485,485,967,1420,2,0,1077,485,485,485,483,483,8,1,39000,39,39,39,9,967,9,967,39000,39,39000,39,848707,39,10956285,0
15200,483193,39000,39000,0,0,0,0,0,848707,39,483154,39,485,485,968,637,1,1000,633,485,485,485,484,484,18,1,39000,39,39,39,9,968,9,968,39000,39,39000,39,848707,39,10961276,0
15210,483570,39000,39000,0,0,0,0,0,848707,39,483531,39,485,485,968,1014,2,1000,633,485,486,485,484,484,28,1,39000,39,39,39,9,968,9,968,39000,39,39000,39,848707,39,10969947,0
15220,483956,39000,39000,0,0,0,0,0,848707,39,483917,39,486,486,969,1400,2,0,1061,486,486,486,484,484,8,1,39000,39,39,39,9,969,9,969,39000,39,39000,39,848707,39,10978825,0
15230,484152,39000,39000,0,0,0,0,0,848707,39,484113,39,486,486,970,597,1,1000,505,486,486,486,485,485,18,1,39000,39,39,39,9,970,9,970,39000,39,39000,39,848707,39,10983379,0
15240,484547,39000,39000,0,0,0,0,0,848707,39,484508,39,486,486,970,992,1,1000,505,486,486,486,485,485,28,1,39000,39,39,39,9,970,9,970,39000,39,39000,39,848707,39,10992464,0
15250,484892,39000,39000,0,0,0,0,0,848707,39,484853,39,487,487,971,1337,2,0,1023,487,487,487,485,485,8,1,39000,39,39,39,9,971,9,971,39000,39,39000,39,848707,39,11000376,0
15260,485281,39000,39000,0,0,0,0,0,848707,39,485242,39,487,487,971,1726,2,0,1023,487,487,487,485,485,18,1,39000,39,39,39,9,971,9,971,39000,39,39000,39,848707,39,11009323,0
15270,485477,39000,39000,0,0,0,0,0,848707,39,485438,39,487,487,972,923,1,1000,887,487,487,487,486,486,28,1,39000,39,39,39,9,972,9,972,39000,39,39000,39,848707,39,11013854,0
15280,485860,39000,39000,0,0,0,0,0,848707,39,485821,39,488,488,973,1306,2,0,1075,488,488,488,486,486,6,1,39000,39,39,39,9,973,9,973,39000,39,39000,39,848707,39,11022663,0
15290,486250,39000,39000,0,0,0,0,0,848707,39,486211,39,488,488,973,1696,2,0,1075,488,488,488,486,486,16,1,39000,39,39,39,9,973,9,973,39000,39,39000,39,848707,39,11031633,0
15300,486447,39000,39000,0,0,0,0,0,848707,39,486408,39,488,488,974,894,1,1000,762,488,488,488,487,487,26,1,39000,39,39,39,9,974,9,974,39000,39,39000,39,848707,39,11036187,0
15310,486683,39000,39000,0,0,0,0,0,848707,39,486644,39,489,489,975,1130,2,0,1044,489,489,489,487,487,2,1,39000,39,39,39,9,975,9,975,39000,39,39000,39,848707,39,11041615,0
15320,487070,39000,39000,0,0,0,0,0,848707,39,487031,39,489,489,975,1517,2,0,1044,489,489,489,487,487,12,1,39000,39,39,39,9,975,9,975,39000,39,39000,39,848707,39,11050516,0
15330,487465,39000,39000,0,0,0,0,0,848707,39,487426,39,489,489,975,1912,2,0,1044,489,489,489,487,487,22,1,39000,39,39,39,9,975,9,975,39000,39,39000,39,848707,39,11059601,0
15340,487660,39000,39000,0,0,0,0,0,848707,39,487621,39,490,490,977,1108,2,0,1022,490,490,490,488,488,2,1,39000,39,39,39,9,977,9,977,39000,39,39000,39,848707,39,11064109,0
15350,488044,39000,39000,0,0,0,0,0,848707,39,488005,39,490,490,977,1492,2,0,1022,490,490,490,488,488,12,1,39000,39,39,39,9,977,9,977,39000,39,39000,39,848707,39,11072941,0
15360,488384,39000,39000,0,0,0,0,0,848707,39,488345,39,490,490,978,833,1,1000,826,490,490,490,489,489,22,1,39000,39,39,39,9,978,9,978,39000,39,39000,39,848707,39,11080784,0
15371,488638,39000,39000,0,0,0,0,0,848707,39,488599,39,491,491,979,1087,2,0,1066,491,491,491,489,489,0,1,39000,39,39,39,9,979,9,979,39000,39,39000,39,848707,39,11086649,0
15380,488981,39000,39000,0,0,0,0,0,848707,39,488942,39,491,491,979,1430,2,0,1066,491,491,491,489,489,8,1,39000,39,39,39,9,979,9,979,39000,39,39000,39,848707,39,11094515,0
15390,489278,39000,39000,0,0,0,0,0,848707,39,489239,39,491,491,980,728,1,1000,717,491,491,491,490,490,18,1,39000,39,39,39,9,980,9,980,39000,39,39000,39,848707,39,11101369,0
15400,489574,39000,39000,0,0,0,0,0,848707,39,489535,39,491,491,980,1024,2,1000,717,491,492,491,490,490,28,1,39000,39,39,39,9,980,9,980,39000,39,39000,39,848707,39,11108223,0
15410,489955,39000,39000,0,0,0,0,0,848707,39,489916,39,492,492,981,1405,2,0,1027,492,492,492,490,490,8,1,39000,39,39,39,9,981,9,981,39000,39,39000,39,848707,39,11116940,0
15420,490169,39000,39000,0,0,0,0,0,848707,39,490130,39,492,492,982,620,1,1000,581,492,492,492,491,491,18,1,39000,39,39,39,9,982,9,982,39000,39,39000,39,848707,39,11121908,0
15430,490567,39000,39000,0,0,0,0,0,848707,39,490528,39,492,492,982,1018,2,1000,581,492,493,492,491,491,28,1,39000,39,39,39,9,982,9,982,39000,39,39000,39,848707,39,11131039,0
15440,490905,39000,39000,0,0,0,0,0,848707,39,490866,39,493,493,983,1356,2,0,1025,493,493,493,491,491,8,1,39000,39,39,39,9,983,9,983,39000,39,39000,39,848707,39,11138813,0
15450,491104,39000,39000,0,0,0,0,0,848707,39,491065,39,493,493,984,556,1,1000,468,493,493,493,492,492,18,1,39000,39,39,39,9,984,9,984,39000,39,39000,39,848707,39,11143413,0
15460,491494,39000,39000,0,0,0,0,0,848707,39,491455,39,493,493,984,946,1,1000,468,493,493,493,492,492,28,1,39000,39,39,39,9,984,9,984,39000,39,39000,39,848707,39,11152383,0
15470,491881,39000,39000,0,0,0,0,0,848707,39,491842,39,494,494,985,1333,2,0,1047,494,494,494,492,492,6,1,39000,39,39,39,9,985,9,985,39000,39,39000,39,848707,39,11161284,0
15480,492277,39000,39000,0,0,0,0,0,848707,39,492238,39,494,494,985,1729,2,0,1047,494,494,494,492,492,16,1,39000,39,39,39,9,985,9,985,39000,39,39000,39,848707,39,11170438,0
15490,492477,39000,39000,0,0,0,0,0,848707,39,492438,39,494,494,986,930,1,1000,880,494,494,494,493,493,26,1,39000,39,39,39,9,986,9,986,39000,39,39000,39,848707,39,11175015,0
15501,492862,39000,39000,0,0,0,0,0,848707,39,492823,39,495,495,987,1315,2,0,1033,495,495,495,493,493,6,1,39000,39,39,39,9,987,9,987,39000,39,39000,39,848707,39,11183870,0
15510,493207,39000,39000,0,0,0,0,0,848707,39,493168,39,495,495,987,1660,2,0,1033,495,495,495,493,493,16,1,39000,39,39,39,9,987,9,987,39000,39,39000,39,848707,39,11191805,0
15520,493403,39000,39000,0,0,0,0,0,848707,39,493364,39,495,495,988,857,1,1000,738,495,495,495,494,494,26,1,39000,39,39,39,9,988,9,988,39000,39,39000,39,848707,39,11196336,0
15530,493792,39000,39000,0,0,0,0,0,848707,39,493753,39,496,496,989,1246,2,0,1065,496,496,496,494,494,4,1,39000,39,39,39,9,989,9,989,39000,39,39000,39,848707,39,11205283,0
15540,494157,39000,39000,0,0,0,0,0,848707,39,494118,39,496,496,990,612,1,1000,609,496,496,496,495,495,14,1,39000,39,39,39,9,990,9,990,39000,39,39000,39,848707,39,11213701,0
15550,494384,39000,39000,0,0,0,0,0,848707,39,494345,39,496,496,990,839,1,1000,609,496,496,496,495,495,24,1,39000,39,39,39,9,990,9,990,39000,39,39000,39,848707,39,11218922,0
15560,494767,39000,39000,0,0,0,0,0,848707,39,494728,39,497,497,991,1222,2,0,1048,497,497,497,495,495,4,1,39000,39,39,39,9,991,9,991,39000,39,39000,39,848707,39,11227731,0
15570,495119,39000,39000,0,0,0,0,0,848707,39,495080,39,497,497,991,1574,2,0,1048,497,497,497,495,495,12,1,39000,39,39,39,9,991,9,991,39000,39,39000,39,848707,39,11235850,0
15580,495327,39000,39000,0,0,0,0,0,848707,39,495288,39,497,497,992,783,1,1000,622,497,497,497,496,496,22,1,39000,39,39,39,9,992,9,992,39000,39,39000,39,848707,39,11240634,0
15590,495711,39000,39000,0,0,0,0,0,848707,39,495672,39,498,498,993,1167,2,0,1017,498,498,498,496,496,4,1,39000,39,39,39,9,993,9,993,39000,39,39000,39,848707,39,11249466,0
15600,496093,39000,39000,0,0,0,0,0,848707,39,496054,39,498,498,993,1549,2,0,1017,498,498,498,496,496,14,1,39000,39,39,39,9,993,9,993,39000,39,39000,39,848707,39,11258252,0
15610,496213,39000,39000,0,0,0,0,0,848707,39,496174,39,498,498,994,670,1,1000,665,498,498,498,497,497,23,1,39000,39,39,39,9,994,9,994,39000,39,39000,39,848707,39,11261035,0
15620,496563,39000,39000,0,0,0,0,0,848707,39,496524,39,499,499,995,1020,2,0,1006,499,499,499,497,497,0,1,39000,39,39,39,9,995,9,995,39000,39,39000,39,848707,39,11269108,0
15631,496945,39000,39000,0,0,0,0,0,848707,39,496906,39,499,499,995,1402,2,0,1006,499,499,499,497,497,10,1,39000,39,39,39,9,995,9,995,39000,39,39000,39,848707,39,11277871,0
15640,497112,39000,39000,0,0,0,0,0,848707,39,497073,39,499,499,996,570,1,1000,535,499,499,499,498,498,18,1,39000,39,39,39,9,996,9,996,39000,39,39000,39,848707,39,11281735,0
15650,497501,39000,39000,0,0,0,0,0,848707,39,497462,39,499,499,996,959,1,1000,535,499,499,499,498,498,28,1,39000,39,39,39,9,996,9,996,39000,39,39000,39,848707,39,11290682,0
15660,497887,39000,39000,0,0,0,0,0,848707,39,497848,39,500,500,997,1345,2,0,1042,500,500,500,498,498,6,1,39000,39,39,39,9,997,9,997,39000,39,39000,39,848707,39,11299560,0
15670,498275,39000,39000,0,0,0,0,0,848707,39,498236,39,500,500,997,1733,2,0,1042,500,500,500,498,498,18,1,39000,39,39,39,9,997,9,997,39000,39,39000,39,848707,39,11308484,0
15680,498479,39000,39000,0,0,0,0,0,848707,39,498440,39,500,500,998,938,1,1000,923,500,500,500,499,499,28,1,39000,39,39,39,9,998,9,998,39000,39,39000,39,848707,39,11313199,0
15690,498862,39000,39000,0,0,0,0,0,848707,39,498823,39,501,501,999,1321,2,0,1110,501,501,501,499,499,4,1,39000,39,39,39,9,999,9,999,39000,39,39000,39,848707,39,11322008,0
15700,499010,39000,39000,0,0,0,0,0,848707,39,498971,39,501,501,1000,470,1,1000,467,501,501,501,500,500,14,1,39000,39,39,39,9,1000,9,1000,39000,39,39000,39,848707,39,11325435,0
15710,499351,39000,39000,0,0,0,0,0,848707,39,499312,39,501,501,1000,811,1,1000,467,501,501,501,500,500,24,1,39000,39,39,39,9,1000,9,1000,39000,39,39000,39,848707,39,11333278,0
15720,499746,39000,39000,0,0,0,0,0,848707,39,499707,39,502,502,1001,1206,2,0,1080,502,502,502,500,500,2,1,39000,39,39,39,9,1001,9,1001,39000,39,39000,39,848707,39,11342363,0
15730,500128,39000,39000,0,0,0,0,0,848707,39,500089,39,502,502,1001,1588,2,0,1080,502,502,502,500,500,12,1,39000,39,39,39,9,1001,9,1001,39000,39,39000,39,848707,39,11351149,0
15740,500331,39000,39000,0,0,0,0,0,848707,39,500292,39,502,502,1002,792,1,1000,692,502,502,502,501,501,22,1,39000,39,39,39,9,1002,9,1002,39000,39,39000,39,848707,39,11355864,0
15750,500718,39000,39000,0,0,0,0,0,848707,39,500679,39,503,503,1003,1179,2,0,1045,503,503,503,501,501,2,1,39000,39,39,39,9,1003,9,1003,39000,39,39000,39,848707,39,11364742,0
15760,501103,39000,39000,0,0,0,0,0,848707,39,501064,39,503,503,1004,566,1,1000,565,503,503,503,502,502,13,1,39000,39,39,39,9,1004,9,1004,39000,39,39000,39,848707,39,11373643,0
15770,501265,39000,39000,0,0,0,0,0,848707,39,501226,39,503,503,1004,727,1,1000,565,503,503,503,502,502,22,1,39000,39,39,39,9,1004,9,1004,39000,39,39000,39,848707,39,11377346,0
15780,501655,39000,39000,0,0,0,0,0,848707,39,501616,39,504,504,1005,1117,2,0,1024,504,504,504,502,502,2,1,39000,39,39,39,9,1005,9,1005,39000,39,39000,39,848707,39,11386362,0
15790,502043,39000,39000,0,0,0,0,0,848707,39,502004,39,504,504,1005,1505,2,0,1024,504,504,504,502,502,12,1,39000,39,39,39,9,1005,9,1005,39000,39,39000,39,848707,39,11395240,0
15800,502435,39000,39000,0,0,0,0,0,848707,39,502396,39,504,504,1005,1897,2,0,1024,504,504,504,502,502,22,1,39000,39,39,39,9,1005,9,1005,39000,39,39000,39,848707,39,11404279,0
15810,502638,39000,39000,0,0,0,0,0,848707,39,502599,39,505,505,1007,1101,2,0,1066,505,505,505,503,503,0,1,39000,39,39,39,9,1007,9,1007,39000,39,39000,39,848707,39,11408948,0
15820,503026,39000,39000,0,0,0,0,0,848707,39,502987,39,505,505,1007,1489,2,0,1066,505,505,505,503,503,10,1,39000,39,39,39,9,1007,9,1007,39000,39,39000,39,848707,39,11417895,0
15830,503189,39000,39000,0,0,0,0,0,848707,39,503150,39,505,505,1008,653,1,1000,596,505,505,505,504,504,18,1,39000,39,39,39,9,1008,9,1008,39000,39,39000,39,848707,39,11421644,0
15840,503571,39000,39000,0,0,0,0,0,848707,39,503532,39,505,505,1008,1035,2,1000,596,505,506,505,504,504,28,1,39000,39,39,39,9,1008,9,1008,39000,39,39000,39,848707,39,11430430,0
15850,503950,39000,39000,0,0,0,0,0,848707,39,503911,39,506,506,1009,1414,2,0,1044,506,506,506,504,504,8,1,39000,39,39,39,9,1009,9,1009,39000,39,39000,39,848707,39,11439147,0
15860,504223,39000,39000,0,0,0,0,0,848707,39,504184,39,506,506,1010,688,1,1000,679,506,506,506,505,505,18,1,39000,39,39,39,9,1010,9,1010,39000,39,39000,39,848707,39,11445449,0
15870,504545,39000,39000,0,0,0,0,0,848707,39,504506,39,507,507,1011,1010,2,0,1007,507,507,507,505,505,0,1,39000,39,39,39,9,1011,9,1011,39000,39,39000,39,848707,39,11452855,0
15880,504926,39000,39000,0,0,0,0,0,848707,39,504887,39,507,507,1011,1391,2,0,1007,507,507,507,505,505,10,1,39000,39,39,39,9,1011,9,1011,39000,39,39000,39,848707,39,11461618,0
15890,505126,39000,39000,0,0,0,0,0,848707,39,505087,39,507,507,1012,592,1,1000,535,507,507,507,506,506,20,1,39000,39,39,39,9,1012,9,1012,39000,39,39000,39,848707,39,11466241,0
15900,505473,39000,39000,0,0,0,0,0,848707,39,505434,39,507,507,1012,939,1,1000,535,507,507,507,506,506,28,1,39000,39,39,39,9,1012,9,1012,39000,39,39000,39,848707,39,11474222,0
15910,505748,39000,39000,0,0,0,0,0,848707,39,505709,39,508,508,1013,1214,2,0,1039,508,508,508,506,506,4,1,39000,39,39,39,9,1013,9,1013,39000,39,39000,39,848707,39,11480570,0
15920,506107,39000,39000,0,0,0,0,0,848707,39,506068,39,508,508,1013,1573,2,0,1039,508,508,508,506,506,14,1,39000,39,39,39,9,1013,9,1013,39000,39,39000,39,848707,39,11488827,0
15930,506305,39000,39000,0,0,0,0,0,848707,39,506266,39,508,508,1014,772,1,1000,756,508,508,508,507,507,24,1,39000,39,39,39,9,1014,9,1014,39000,39,39000,39,848707,39,11493381,0
15940,506695,39000,39000,0,0,0,0,0,848707,39,506656,39,509,509,1015,1162,2,0,1051,509,509,509,507,507,2,1,39000,39,39,39,9,1015,9,1015,39000,39,39000,39,848707,39,11502351,0
15950,507075,39000,39000,0,0,0,0,0,848707,39,507036,39,509,509,1015,1542,2,0,1051,509,509,509,507,507,12,1,39000,39,39,39,9,1015,9,1015,39000,39,39000,39,848707,39,11511114,0
15960,507240,39000,39000,0,0,0,0,0,848707,39,507201,39,509,509,1016,708,1,1000,632,509,509,509,508,508,22,1,39000,39,39,39,9,1016,9,1016,39000,39,39000,39,848707,39,11514909,0
15970,507638,39000,39000,0,0,0,0,0,848707,39,507599,39,510,510,1017,1106,2,0,1034,510,510,510,508,508,0,1,39000,39,39,39,9,1017,9,1017,39000,39,39000,39,848707,39,11524063,0
15980,508018,39000,39000,0,0,0,0,0,848707,39,507979,39,510,510,1017,1486,2,0,1034,510,510,510,508,508,10,1,39000,39,39,39,9,1017,9,1017,39000,39,39000,39,848707,39,11532803,0
15990,508212,39000,39000,0,0,0,0,0,848707,39,508173,39,510,510,1018,681,1,1000,509,510,510,510,509,509,22,1,39000,39,39,39,9,1018,9,1018,39000,39,39000,39,848707,39,11537288,0
16000,508596,39000,39000,0,0,0,0,0,848707,39,508557,39,511,511,1019,1065,2,0,1057,511,511,511,509,509,0,1,39000,39,39,39,9,1019,9,1019,39000,39,39000,39,848707,39,11546120,0
16010,508975,39000,39000,0,0,0,0,0,848707,39,508936,39,511,511,1019,1444,2,0,1057,511,511,511,509,509,10,1,39000,39,39,39,9,1019,9,1019,39000,39,39000,39,848707,39,11554837,0
16020,509317,39000,39000,0,0,0,0,0,848707,39,509278,39,511,511,1019,1786,2,0,1057,511,511,511,509,509,18,1,39000,39,39,39,9,1019,9,1019,39000,39,39000,39,848707,39,11562703,0
16030,509517,39000,39000,0,0,0,0,0,848707,39,509478,39,511,511,1020,987,1,1000,915,511,511,511,510,510,28,1,39000,39,39,39,9,1020,9,1020,39000,39,39000,39,848707,39,11567326,0
16040,509899,39000,39000,0,0,0,0,0,848707,39,509860,39,512,512,1021,1369,2,0,1005,512,512,512,510,510,8,1,39000,39,39,39,9,1021,9,1021,39000,39,39000,39,848707,39,11576112,0
16050,510099,39000,39000,0,0,0,0,0,848707,39,510060,39,512,512,1022,570,1,1000,558,512,512,512,511,511,18,1,39000,39,39,39,9,1022,9,1022,39000,39,39000,39,848707,39,11580735,0
16060,510476,39000,39000,0,0,0,0,0,848707,39,510437,39,512,512,1022,947,1,1000,558,512,512,512,511,511,28,1,39000,39,39,39,9,1022,9,1022,39000,39,39000,39,848707,39,11589406,0
16070,510869,39000,39000,0,0,0,0,0,848707,39,510830,39,513,513,1023,1340,2,0,1046,513,513,513,511,511,6,1,39000,39,39,39,9,1023,9,1023,39000,39,39000,39,848707,39,11598445,0
16080,511156,39000,39000,0,0,0,0,0,848707,39,511117,39,513,513,1024,628,1,1000,623,513,513,513,512,512,16,1,39000,39,39,39,9,1024,9,1024,39000,39,39000,39,848707,39,11605069,0
16090,511415,39000,39000,0,0,0,0,0,848707,39,511376,39,513,513,1024,887,1,1000,623,513,513,513,512,512,26,1,39000,39,39,39,9,1024,9,1024,39000,39,39000,39,848707,39,11611049,0
16100,511801,39000,39000,0,0,0,0,0,848707,39,511762,39,514,514,1025,1273,2,0,1009,514,514,514,512,512,6,1,39000,39,39,39,9,1025,9,1025,39000,39,39000,39,848707,39,11619904,0
16110,512020,39000,39000,0,0,0,0,0,848707,39,511981,39,514,514,1026,493,1,1000,487,514,514,514,513,513,16,1,39000,39,39,39,9,1026,9,1026,39000,39,39000,39,848707,39,11624964,0
16120,512394,39000,39000,0,0,0,0,0,848707,39,512355,39,514,514,1026,867,1,1000,487,514,514,514,513,513,26,1,39000,39,39,39,9,1026,9,1026,39000,39,39000,39,848707,39,11633566,0
16130,512783,39000,39000,0,0,0,0,0,848707,39,512744,39,515,515,1027,1256,2,0,1071,515,515,515,513,513,4,1,39000,39,39,39,9,1027,9,1027,39000,39,39000,39,848707,39,11642513,0
16140,513165,39000,39000,0,0,0,0,0,848707,39,513126,39,515,515,1027,1638,2,0,1071,515,515,515,513,513,14,1,39000,39,39,39,9,1027,9,1027,39000,39,39000,39,848707,39,11651299,0
16151,513399,39000,39000,0,0,0,0,0,848707,39,513360,39,515,515,1028,873,1,1000,866,515,515,515,514,514,24,1,39000,39,39,39,9,1028,9,1028,39000,39,39000,39,848707,39,11656704,0
16160,513706,39000,39000,0,0,0,0,0,848707,39,513667,39,516,516,1029,1180,2,0,1017,516,516,516,514,514,4,1,39000,39,39,39,9,1029,9,1029,39000,39,39000,39,848707,39,11663765,0
16170,514091,39000,39000,0,0,0,0,0,848707,39,514052,39,516,516,1029,1565,2,0,1017,516,516,516,514,514,14,1,39000,39,39,39,9,1029,9,1029,39000,39,39000,39,848707,39,11672620,0
16180,514282,39000,39000,0,0,0,0,0,848707,39,514243,39,516,516,1030,757,1,1000,708,516,516,516,515,515,24,1,39000,39,39,39,9,1030,9,1030,39000,39,39000,39,848707,39,11677036,0
16190,514671,39000,39000,0,0,0,0,0,848707,39,514632,39,517,517,1031,1146,2,0,1062,517,517,517,515,515,2,1,39000,39,39,39,9,1031,9,1031,39000,39,39000,39,848707,39,11685983,0
16200,515060,39000,39000,0,0,0,0,0,848707,39,515021,39,517,517,1031,1535,2,0,1062,517,517,517,515,515,12,1,39000,39,39,39,9,1031,9,1031,39000,39,39000,39,848707,39,11694930,0
16210,515156,39000,39000,0,0,0,0,0,848707,39,515117,39,517,517,1032,632,1,1000,536,517,517,517,516,516,21,1,39000,39,39,39,9,1032,9,1032,39000,39,39000,39,848707,39,11697161,0
16220,515505,39000,39000,0,0,0,0,0,848707,39,515466,39,517,517,1032,981,1,1000,536,517,517,517,516,516,31,1,39000,39,39,39,9,1032,9,1032,39000,39,39000,39,848707,39,11705188,0
16230,515897,39000,39000,0,0,0,0,0,848707,39,515858,39,518,518,1033,1373,2,0,1048,518,518,518,516,516,8,1,39000,39,39,39,9,1033,9,1033,39000,39,39000,39,848707,39,11714204,0
16240,516284,39000,39000,0,0,0,0,0,848707,39,516245,39,518,518,1033,1760,2,0,1048,518,518,518,516,516,18,1,39000,39,39,39,9,1033,9,1033,39000,39,39000,39,848707,39,11723151,0
16250,516489,39000,39000,0,0,0,0,0,848707,39,516450,39,518,518,1034,966,1,1000,820,518,518,518,517,517,28,1,39000,39,39,39,9,1034,9,1034,39000,39,39000,39,848707,39,11727843,0
16260,516883,39000,39000,0,0,0,0,0,848707,39,516844,39,519,519,1035,1360,2,0,1034,519,519,519,517,517,8,1,39000,39,39,39,9,1035,9,1035,39000,39,39000,39,848707,39,11736905,0
16270,517224,39000,39000,0,0,0,0,0,848707,39,517185,39,519,519,1036,702,1,1000,695,519,519,519,518,518,18,1,39000,39,39,39,9,1036,9,1036,39000,39,39000,39,848707,39,11744771,0
16280,517434,39000,39000,0,0,0,0,0,848707,39,517395,39,519,519,1036,913,1,1000,695,519,519,519,518,518,26,1,39000,39,39,39,9,1036,9,1036,39000,39,39000,39,848707,39,11749624,0
16290,517817,39000,39000,0,0,0,0,0,848707,39,517778,39,520,520,1037,1295,2,0,1002,520,520,520,518,518,6,1,39000,39,39,39,9,1037,9,1037,39000,39,39000,39,848707,39,11758410,0
16300,518080,39000,39000,0,0,0,0,0,848707,39,518041,39,520,520,1038,559,1,1000,554,520,520,520,519,519,16,1,39000,39,39,39,9,1038,9,1038,39000,39,39000,39,848707,39,11764482,0
16310,518408,39000,39000,0,0,0,0,0,848707,39,518369,39,520,520,1038,887,1,1000,554,520,520,520,519,519,26,1,39000,39,39,39,9,1038,9,1038,39000,39,39000,39,848707,39,11772026,0
16320,518784,39000,39000,0,0,0,0,0,848707,39,518745,39,521,521,1039,1263,2,0,1053,521,521,521,519,519,4,1,39000,39,39,39,9,1039,9,1039,39000,39,39000,39,848707,39,11780674,0
16330,519168,39000,39000,0,0,0,0,0,848707,39,519129,39,521,521,1039,1647,2,0,1053,521,521,521,519,519,14,1,39000,39,39,39,9,1039,9,1039,39000,39,39000,39,848707,39,11789506,0
16340,519364,39000,39000,0,0,0,0,0,848707,39,519325,39,521,521,1040,844,1,1000,742,521,521,521,520,520,24,1,39000,39,39,39,9,1040,9,1040,39000,39,39000,39,848707,39,11794037,0
16350,519710,39000,39000,0,0,0,0,0,848707,39,519671,39,522,522,1041,1190,2,0,1007,522,522,522,520,520,4,1,39000,39,39,39,9,1041,9,1041,39000,39,39000,39,848707,39,11801995,0
16360,520098,39000,39000,0,0,0,0,0,848707,39,520059,39,522,522,1041,1578,2,0,1007,522,522,522,520,520,14,1,39000,39,39,39,9,1041,9,1041,39000,39,39000,39,848707,39,11810919,0
16370,520315,39000,39000,0,0,0,0,0,848707,39,520276,39,522,522,1042,796,1,1000,773,522,522,522,521,521,24,1,39000,39,39,39,9,1042,9,1042,39000,39,39000,39,848707,39,11815933,0
16380,520692,39000,39000,0,0,0,0,0,848707,39,520653,39,523,523,1043,1173,2,0,1053,523,523,523,521,521,2,1,39000,39,39,39,9,1043,9,1043,39000,39,39000,39,848707,39,11824627,0
16390,521079,39000,39000,0,0,0,0,0,848707,39,521040,39,523,523,1043,1560,2,0,1053,523,523,523,521,521,12,1,39000,39,39,39,9,1043,9,1043,39000,39,39000,39,848707,39,11833505,0
16400,521277,39000,39000,0,0,0,0,0,848707,39,521238,39,523,523,1044,759,1,1000,659,523,523,523,522,522,22,1,39000,39,39,39,9,1044,9,1044,39000,39,39000,39,848707,39,11838105,0
16410,521666,39000,39000,0,0,0,0,0,848707,39,521627,39,524,524,1045,1148,2,0,1027,524,524,524,522,522,2,1,39000,39,39,39,9,1045,9,1045,39000,39,39000,39,848707,39,11847052,0
16420,522011,39000,39000,0,0,0,0,0,848707,39,521972,39,524,524,1045,1493,2,0,1027,524,524,524,522,522,12,1,39000,39,39,39,9,1045,9,1045,39000,39,39000,39,848707,39,11854964,0
16430,522201,39000,39000,0,0,0,0,0,848707,39,522162,39,524,524,1046,684,1,1000,528,524,524,524,523,523,22,1,39000,39,39,39,9,1046,9,1046,39000,39,39000,39,848707,39,11859357,0
16440,522587,39000,39000,0,0,0,0,0,848707,39,522548,39,525,525,1047,1070,2,0,1051,525,525,525,523,523,0,1,39000,39,39,39,9,1047,9,1047,39000,39,39000,39,848707,39,11868235,0
16450,522970,39000,39000,0,0,0,0,0,848707,39,522931,39,525,525,1047,1453,2,0,1051,525,525,525,523,523,10,1,39000,39,39,39,9,1047,9,1047,39000,39,39000,39,848707,39,11877044,0
16460,523359,39000,39000,0,0,0,0,0,848707,39,523320,39,525,525,1047,1842,2,0,1051,525,525,525,523,523,20,1,39000,39,39,39,9,1047,9,1047,39000,39,39000,39,848707,39,11885991,0
16470,523556,39000,39000,0,0,0,0,0,848707,39,523517,39,526,526,1049,1040,2,0,1028,526,526,526,524,524,0,1,39000,39,39,39,9,1049,9,1049,39000,39,39000,39,848707,39,11890545,0
16480,523938,39000,39000,0,0,0,0,0,848707,39,523899,39,526,526,1049,1422,2,0,1028,526,526,526,524,524,10,1,39000,39,39,39,9,1049,9,1049,39000,39,39000,39,848707,39,11899331,0
16490,524264,39000,39000,0,0,0,0,0,848707,39,524225,39,526,526,1050,749,1,1000,745,526,526,526,525,525,18,1,39000,39,39,39,9,1050,9,1050,39000,39,39000,39,848707,39,11906852,0
16500,524485,39000,39000,0,0,0,0,0,848707,39,524446,39,526,526,1050,970,1,1000,745,526,526,526,525,525,28,1,39000,39,39,39,9,1050,9,1050,39000,39,39000,39,848707,39,11911935,0
16510,524749,39000,39000,0,0,0,0,0,848707,39,524710,39,527,527,1051,1234,2,0,1064,527,527,527,525,525,4,1,39000,39,39,39,9,1051,9,1051,39000,39,39000,39,848707,39,11918007,0
16520,524957,39000,39000,0,0,0,0,0,848707,39,524918,39,527,527,1052,443,1,1000,438,527,527,527,526,526,14,1,39000,39,39,39,9,1052,9,1052,39000,39,39000,39,848707,39,11922814,0
16530,525333,39000,39000,0,0,0,0,0,848707,39,525294,39,527,527,1052,819,1,1000,438,527,527,527,526,526,24,1,39000,39,39,39,9,1052,9,1052,39000,39,39000,39,848707,39,11931485,0
16540,525722,39000,39000,0,0,0,0,0,848707,39,525683,39,528,528,1053,1208,2,0,1037,528,528,528,526,526,4,1,39000,39,39,39,9,1053,9,1053,39000,39,39000,39,848707,39,11940409,0
16550,526071,39000,39000,0,0,0,0,0,848707,39,526032,39,528,528,1053,1557,2,0,1037,528,528,528,526,526,12,1,39000,39,39,39,9,1053,9,1053,39000,39,39000,39,848707,39,11948459,0
16560,526332,39000,39000,0,0,0,0,0,848707,39,526293,39,528,528,1054,819,1,1000,814,528,528,528,527,527,22,1,39000,39,39,39,9,1054,9,1054,39000,39,39000,39,848707,39,11954462,0
16570,526655,39000,39000,0,0,0,0,0,848707,39,526616,39,529,529,1055,1142,2,0,1074,529,529,529,527,527,0,1,39000,39,39,39,9,1055,9,1055,39000,39,39000,39,848707,39,11961891,0
16580,527050,39000,39000,0,0,0,0,0,848707,39,527011,39,529,529,1055,1537,2,0,1074,529,529,529,527,527,12,1,39000,39,39,39,9,1055,9,1055,39000,39,39000,39,848707,39,11971022,0
16590,527242,39000,39000,0,0,0,0,0,848707,39,527203,39,529,529,1056,730,1,1000,690,529,529,529,528,528,22,1,39000,39,39,39,9,1056,9,1056,39000,39,39000,39,848707,39,11975438,0
16600,527621,39000,39000,0,0,0,0,0,848707,39,527582,39,530,530,1057,1109,2,0,1044,530,530,530,528,528,0,1,39000,39,39,39,9,1057,9,1057,39000,39,39000,39,848707,39,11984155,0
16610,527970,39000,39000,0,0,0,0,0,848707,39,527931,39,530,530,1057,1458,2,0,1044,530,530,530,528,528,10,1,39000,39,39,39,9,1057,9,1057,39000,39,39000,39,848707,39,11992159,0
16620,528169,39000,39000,0,0,0,0,0,848707,39,528130,39,530,530,1058,658,1,1000,543,530,530,530,529,529,20,1,39000,39,39,39,9,1058,9,1058,39000,39,39000,39,848707,39,11996759,0
16630,528554,39000,39000,0,0,0,0,0,848707,39,528515,39,530,530,1058,1043,2,1000,543,530,531,530,529,529,30,1,39000,39,39,39,9,1058,9,1058,39000,39,39000,39,848707,39,12005614,0
16640,528939,39000,39000,0,0,0,0,0,848707,39,528900,39,531,531,1059,1428,2,0,1067,531,531,531,529,529,8,1,39000,39,39,39,9,1059,9,1059,39000,39,39000,39,848707,39,12014469,0
16650,529314,39000,39000,0,0,0,0,0,848707,39,529275,39,531,531,1060,804,1,1000,800,531,531,531,530,530,19,1,39000,39,39,39,9,1060,9,1060,39000,39,39000,39,848707,39,12023117,0
16660,529524,39000,39000,0,0,0,0,0,848707,39,529485,39,531,531,1060,1014,2,1000,800,531,532,531,530,530,28,1,39000,39,39,39,9,1060,9,1060,39000,39,39000,39,848707,39,12027970,0
16670,529908,39000,39000,0,0,0,0,0,848707,39,529869,39,532,532,1061,1398,2,0,1119,532,532,532,530,530,6,1,39000,39,39,39,9,1061,9,1061,39000,39,39000,39,848707,39,12036779,0
16680,530251,39000,39000,0,0,0,0,0,848707,39,530212,39,532,532,1061,1741,2,0,1119,532,532,532,530,530,16,1,39000,39,39,39,9,1061,9,1061,39000,39,39000,39,848707,39,12044668,0
16690,530447,39000,39000,0,0,0,0,0,848707,39,530408,39,532,532,1062,938,1,1000,776,532,532,532,531,531,26,1,39000,39,39,39,9,1062,9,1062,39000,39,39000,39,848707,39,12049199,0
16700,530821,39000,39000,0,0,0,0,0,848707,39,530782,39,533,533,1063,1312,2,0,1057,533,533,533,531,531,6,1,39000,39,39,39,9,1063,9,1063,39000,39,39000,39,848707,39,12057801,0
16710,531145,39000,39000,0,0,0,0,0,848707,39,531106,39,533,533,1064,637,1,1000,628,533,533,533,532,532,16,1,39000,39,39,39,9,1064,9,1064,39000,39,39000,39,848707,39,12065276,0
16720,531406,39000,39000,0,0,0,0,0,848707,39,531367,39,533,533,1064,898,1,1000,628,533,533,533,532,532,26,1,39000,39,39,39,9,1064,9,1064,39000,39,39000,39,848707,39,12071325,0
16730,531787,39000,39000,0,0,0,0,0,848707,39,531748,39,534,534,1065,1279,2,0,1010,534,534,534,532,532,6,1,39000,39,39,39,9,1065,9,1065,39000,39,39000,39,848707,39,12080042,0
16740,532141,39000,39000,0,0,0,0,0,848707,39,532102,39,534,534,1065,1633,2,0,1010,534,534,534,532,532,14,1,39000,39,39,39,9,1065,9,1065,39000,39,39000,39,848707,39,12088230,0
16750,532339,39000,39000,0,0,0,0,0,848707,39,532300,39,534,534,1066,832,1,1000,816,534,534,534,533,533,24,1,39000,39,39,39,9,1066,9,1066,39000,39,39000,39,848707,39,12092761,0
16760,532721,39000,39000,0,0,0,0,0,848707,39,532682,39,535,535,1067,1214,2,0,1067,535,535,535,533,533,4,1,39000,39,39,39,9,1067,9,1067,39000,39,39000,39,848707,39,12101547,0
16770,533114,39000,39000,0,0,0,0,0,848707,39,533075,39,535,535,1067,1607,2,0,1067,535,535,535,533,533,14,1,39000,39,39,39,9,1067,9,1067,39000,39,39000,39,848707,39,12110586,0
16780,533380,39000,39000,0,0,0,0,0,848707,39,533341,39,535,535,1068,874,1,1000,869,535,535,535,534,534,24,1,39000,39,39,39,9,1068,9,1068,39000,39,39000,39,848707,39,12116727,0
16790,533695,39000,39000,0,0,0,0,0,848707,39,533656,39,536,536,1069,1189,2,0,1020,536,536,536,534,534,4,1,39000,39,39,39,9,1069,9,1069,39000,39,39000,39,848707,39,12123972,0
16800,534074,39000,39000,0,0,0,0,0,848707,39,534035,39,536,536,1069,1568,2,0,1020,536,536,536,534,534,14,1,39000,39,39,39,9,1069,9,1069,39000,39,39000,39,848707,39,12132689,0
16810,534117,39000,39000,0,0,0,0,0,848707,39,534078,39,536,536,1070,612,1,1000,569,536,536,536,535,535,21,1,39000,39,39,39,9,1070,9,1070,39000,39,39000,39,848707,39,12133747,0
16820,534503,39000,39000,0,0,0,0,0,848707,39,534464,39,536,536,1070,998,1,1000,569,536,536,536,535,535,31,1,39000,39,39,39,9,1070,9,1070,39000,39,39000,39,848707,39,12142602,0
16830,534877,39000,39000,0,0,0,0,0,848707,39,534838,39,537,537,1071,1372,2,0,1004,537,537,537,535,535,10,1,39000,39,39,39,9,1071,9,1071,39000,39,39000,39,848707,39,12151204,0
16840,535264,39000,39000,0,0,0,0,0,848707,39,535225,39,537,537,1071,1759,2,0,1004,537,537,537,535,535,20,1,39000,39,39,39,9,1071,9,1071,39000,39,39000,39,848707,39,12160082,0
16850,535457,39000,39000,0,0,0,0,0,848707,39,535418,39,537,537,1072,953,1,1000,867,537,537,537,536,536,30,1,39000,39,39,39,9,1072,9,1072,39000,39,39000,39,848707,39,12164544,0
16860,535844,39000,39000,0,0,0,0,0,848707,39,535805,39,538,538,1073,1340,2,0,1017,538,538,538,536,536,8,1,39000,39,39,39,9,1073,9,1073,39000,39,39000,39,848707,39,12173445,0
16871,536231,39000,39000,0,0,0,0,0,848707,39,536192,39,538,538,1073,1727,2,0,1017,538,538,538,536,536,18,1,39000,39,39,39,9,1073,9,1073,39000,39,39000,39,848707,39,12182346,0
16880,536387,39000,39000,0,0,0,0,0,848707,39,536348,39,538,538,1074,884,1,1000,753,538,538,538,537,537,26,1,39000,39,39,39,9,1074,9,1074,39000,39,39000,39,848707,39,12185957,0
16890,536767,39000,39000,0,0,0,0,0,848707,39,536728,39,539,539,1075,1264,2,0,1069,539,539,539,537,537,4,1,39000,39,39,39,9,1075,9,1075,39000,39,39000,39,848707,39,12194697,0
16900,537127,39000,39000,0,0,0,0,0,848707,39,537088,39,539,539,1076,625,1,1000,617,539,539,539,538,538,14,1,39000,39,39,39,9,1076,9,1076,39000,39,39000,39,848707,39,12203000,0
16910,537349,39000,39000,0,0,0,0,0,848707,39,537310,39,539,539,1076,847,1,1000,617,539,539,539,538,538,24,1,39000,39,39,39,9,1076,9,1076,39000,39,39000,39,848707,39,12208106,0
16920,537735,39000,39000,0,0,0,0,0,848707,39,537696,39,540,540,1077,1233,2,0,1012,540,540,540,538,538,4,1,39000,39,39,39,9,1077,9,1077,39000,39,39000,39,848707,39,12216984,0
16930,538008,39000,39000,0,0,0,0,0,848707,39,537969,39,540,540,1078,507,1,1000,502,540,540,540,539,539,14,1,39000,39,39,39,9,1078,9,1078,39000,39,39000,39,848707,39,12223286,0
16940,538282,39000,39000,0,0,0,0,0,848707,39,538243,39,540,540,1078,781,1,1000,502,540,540,540,539,539,24,1,39000,39,39,39,9,1078,9,1078,39000,39,39000,39,848707,39,12229588,0
16950,538670,39000,39000,0,0,0,0,0,848707,39,538631,39,541,541,1079,1169,2,0,1071,541,541,541,539,539,2,1,39000,39,39,39,9,1079,9,1079,39000,39,39000,39,848707,39,12238512,0
16960,539048,39000,39000,0,0,0,0,0,848707,39,539009,39,541,541,1079,1547,2,0,1071,541,541,541,539,539,12,1,39000,39,39,39,9,1079,9,1079,39000,39,39000,39,848707,39,12247206,0
16970,539386,39000,39000,0,0,0,0,0,848707,39,539347,39,541,541,1080,886,1,1000,876,541,541,541,540,540,22,1,39000,39,39,39,9,1080,9,1080,39000,39,39000,39,848707,39,12255003,0
16980,539644,39000,39000,0,0,0,0,0,848707,39,539605,39,542,542,1081,1144,2,0,1033,542,542,542,540,540,2,1,39000,39,39,39,9,1081,9,1081,39000,39,39000,39,848707,39,12260960,0
16990,540021,39000,39000,0,0,0,0,0,848707,39,539982,39,542,542,1081,1521,2,0,1033,542,542,542,540,540,12,1,39000,39,39,39,9,1081,9,1081,39000,39,39000,39,848707,39,12269608,0
17000,540215,39000,39000,0,0,0,0,0,848707,39,540176,39,542,542,1082,716,1,1000,709,542,542,542,541,541,22,1,39000,39,39,39,9,1082,9,1082,39000,39,39000,39,848707,39,12274093,0
17010,540559,39000,39000,0,0,0,0,0,848707,39,540520,39,543,543,1083,1060,2,0,1048,543,543,543,541,541,0,1,39000,39,39,39,9,1083,9,1083,39000,39,39000,39,848707,39,12282005,0
17020,540935,39000,39000,0,0,0,0,0,848707,39,540896,39,543,543,1083,1436,2,0,1048,543,543,543,541,541,8,1,39000,39,39,39,9,1083,9,1083,39000,39,39000,39,848707,39,12290653,0
17030,541127,39000,39000,0,0,0,0,0,848707,39,541088,39,543,543,1084,629,1,1000,598,543,543,543,542,542,20,1,39000,39,39,39,9,1084,9,1084,39000,39,39000,39,848707,39,12295092,0
17040,541513,39000,39000,0,0,0,0,0,848707,39,541474,39,544,544,1085,1015,2,0,1010,544,544,544,542,542,0,1,39000,39,39,39,9,1085,9,1085,39000,39,39000,39,848707,39,12303993,0
17050,541902,39000,39000,0,0,0,0,0,848707,39,541863,39,544,544,1085,1404,2,0,1010,544,544,544,542,542,10,1,39000,39,39,39,9,1085,9,1085,39000,39,39000,39,848707,39,12312917,0
17060,542107,39000,39000,0,0,0,0,0,848707,39,542068,39,544,544,1086,610,1,1000,483,544,544,544,543,543,20,1,39000,39,39,39,9,1086,9,1086,39000,39,39000,39,848707,39,12317655,0
17070,542499,39000,39000,0,0,0,0,0,848707,39,542460,39,544,544,1086,1002,2,1000,483,544,545,544,543,543,30,1,39000,39,39,39,9,1086,9,1086,39000,39,39000,39,848707,39,12326671,0
17080,542833,39000,39000,0,0,0,0,0,848707,39,542794,39,545,545,1087,1336,2,0,1049,545,545,545,543,543,6,1,39000,39,39,39,9,1087,9,1087,39000,39,39000,39,848707,39,12334353,0
17090,543225,39000,39000,0,0,0,0,0,848707,39,543186,39,545,545,1087,1728,2,0,1049,545,545,545,543,543,16,1,39000,39,39,39,9,1087,9,1087,39000,39,39000,39,848707,39,12343415,0
17100,543427,39000,39000,0,0,0,0,0,848707,39,543388,39,545,545,1088,931,1,1000,848,545,545,545,544,544,26,1,39000,39,39,39,9,1088,9,1088,39000,39,39000,39,848707,39,12348061,0
17110,543703,39000,39000,0,0,0,0,0,848707,39,543664,39,546,546,1089,1207,2,0,1025,546,546,546,544,544,4,1,39000,39,39,39,9,1089,9,1089,39000,39,39000,39,848707,39,12354386,0
17120,544035,39000,39000,0,0,0,0,0,848707,39,543996,39,546,546,1090,540,1,1000,537,546,546,546,545,545,14,1,39000,39,39,39,9,1090,9,1090,39000,39,39000,39,848707,39,12362045,0
17130,544273,39000,39000,0,0,0,0,0,848707,39,544234,39,546,546,1090,778,1,1000,537,546,546,546,545,545,24,1,39000,39,39,39,9,1090,9,1090,39000,39,39000,39,848707,39,12367519,0
17140,544654,39000,39000,0,0,0,0,0,848707,39,544615,39,547,547,1091,1159,2,0,1047,547,547,547,545,545,2,1,39000,39,39,39,9,1091,9,1091,39000,39,39000,39,848707,39,12376305,0
17150,544996,39000,39000,0,0,0,0,0,848707,39,544957,39,547,547,1091,1501,2,0,1047,547,547,547,545,545,12,1,39000,39,39,39,9,1091,9,1091,39000,39,39000,39,848707,39,12384148,0
17160,545381,39000,39000,0,0,0,0,0,848707,39,545342,39,547,547,1091,1886,2,0,1047,547,547,547,545,545,20,1,39000,39,39,39,9,1091,9,1091,39000,39,39000,39,848707,39,12393026,0
17170,545575,39000,39000,0,0,0,0,0,848707,39,545536,39,548,548,1093,1081,2,0,1009,548,548,548,546,546,0,1,39000,39,39,39,9,1093,9,1093,39000,39,39000,39,848707,39,12397488,0
17180,545954,39000,39000,0,0,0,0,0,848707,39,545915,39,548,548,1093,1460,2,0,1009,548,548,548,546,546,10,1,39000,39,39,39,9,1093,9,1093,39000,39,39000,39,848707,39,12406205,0
17190,546275,39000,39000,0,0,0,0,0,848707,39,546236,39,548,548,1094,782,1,1000,779,548,548,548,547,547,22,1,39000,39,39,39,9,1094,9,1094,39000,39,39000,39,848707,39,12413611,0
17200,546528,39000,39000,0,0,0,0,0,848707,39,546489,39,549,549,1095,1035,2,0,1024,549,549,549,547,547,0,1,39000,39,39,39,9,1095,9,1095,39000,39,39000,39,848707,39,12419430,0
17210,546903,39000,39000,0,0,0,0,0,848707,39,546864,39,549,549,1095,1410,2,0,1024,549,549,549,547,547,10,1,39000,39,39,39,9,1095,9,1095,39000,39,39000,39,848707,39,12428055,0
17220,547117,39000,39000,0,0,0,0,0,848707,39,547078,39,549,549,1096,625,1,1000,618,549,549,549,548,548,18,1,39000,39,39,39,9,1096,9,1096,39000,39,39000,39,848707,39,12433000,0
17230,547446,39000,39000,0,0,0,0,0,848707,39,547407,39,549,549,1096,954,1,1000,618,549,549,549,548,548,28,1,39000,39,39,39,9,1096,9,1096,39000,39,39000,39,848707,39,12440590,0
17240,547827,39000,39000,0,0,0,0,0,848707,39,547788,39,550,550,1097,1335,2,0,1068,550,550,550,548,548,6,1,39000,39,39,39,9,1097,9,1097,39000,39,39000,39,848707,39,12449330,0
17250,548023,39000,39000,0,0,0,0,0,848707,39,547984,39,550,550,1098,532,1,1000,478,550,550,550,549,549,16,1,39000,39,39,39,9,1098,9,1098,39000,39,39000,39,848707,39,12453861,0
17260,548404,39000,39000,0,0,0,0,0,848707,39,548365,39,550,550,1098,913,1,1000,478,550,550,550,549,549,26,1,39000,39,39,39,9,1098,9,1098,39000,39,39000,39,848707,39,12462624,0
17270,548786,39000,39000,0,0,0,0,0,848707,39,548747,39,551,551,1099,1295,2,0,1011,551,551,551,549,549,6,1,39000,39,39,39,9,1099,9,1099,39000,39,39000,39,848707,39,12471410,0
17280,549176,39000,39000,0,0,0,0,0,848707,39,549137,39,551,551,1099,1685,2,0,1011,551,551,551,549,549,16,1,39000,39,39,39,9,1099,9,1099,39000,39,39000,39,848707,39,12480380,0
17290,549334,39000,39000,0,0,0,0,0,848707,39,549295,39,551,551,1100,844,1,1000,828,551,551,551,550,550,25,1,39000,39,39,39,9,1100,9,1100,39000,39,39000,39,848707,39,12484037,0
17300,549720,39000,39000,0,0,0,0,0,848707,39,549681,39,552,552,1101,1230,2,0,1056,552,552,552,550,550,4,1,39000,39,39,39,9,1101,9,1101,39000,39,39000,39,848707,39,12492915,0
17310,550094,39000,39000,0,0,0,0,0,848707,39,550055,39,552,552,1101,1604,2,0,1056,552,552,552,550,550,14,1,39000,39,39,39,9,1101,9,1101,39000,39,39000,39,848707,39,12501517,0
17320,550287,39000,39000,0,0,0,0,0,848707,39,550248,39,552,552,1102,798,1,1000,655,552,552,552,551,551,24,1,39000,39,39,39,9,1102,9,1102,39000,39,39000,39,848707,39,12505979,0
17330,550664,39000,39000,0,0,0,0,0,848707,39,550625,39,553,553,1103,1175,2,0,1065,553,553,553,551,551,2,1,39000,39,39,39,9,1103,9,1103,39000,39,39000,39,848707,39,12514673,0
17340,551044,39000,39000,0,0,0,0,0,848707,39,551005,39,553,553,1103,1555,2,0,1065,553,553,553,551,551,12,1,39000,39,39,39,9,1103,9,1103,39000,39,39000,39,848707,39,12523390,0
17350,551233,39000,39000,0,0,0,0,0,848707,39,551194,39,553,553,1104,745,1,1000,689,553,553,553,552,552,22,1,39000,39,39,39,9,1104,9,1104,39000,39,39000,39,848707,39,12527760,0
17360,551585,39000,39000,0,0,0,0,0,848707,39,551546,39,554,554,1105,1097,2,0,1004,554,554,554,552,552,2,1,39000,39,39,39,9,1105,9,1105,39000,39,39000,39,848707,39,12535856,0
17370,551964,39000,39000,0,0,0,0,0,848707,39,551925,39,554,554,1105,1476,2,0,1004,554,554,554,552,552,10,1,39000,39,39,39,9,1105,9,1105,39000,39,39000,39,848707,39,12544573,0
17380,552331,39000,39000,0,0,0,0,0,848707,39,552292,39,554,554,1106,844,1,1000,838,554,554,554,553,553,22,1,39000,39,39,39,9,1106,9,1106,39000,39,39000,39,848707,39,12553037,0
17390,552548,39000,39000,0,0,0,0,0,848707,39,552509,39,555,555,1107,1061,2,0,1058,555,555,555,553,553,0,1,39000,39,39,39,9,1107,9,1107,39000,39,39000,39,848707,39,12558028,0
17400,552920,39000,39000,0,0,0,0,0,848707,39,552881,39,555,555,1107,1433,2,0,1058,555,555,555,553,553,10,1,39000,39,39,39,9,1107,9,1107,39000,39,39000,39,848707,39,12566607,0
17410,553016,39000,39000,0,0,0,0,0,848707,39,552977,39,555,555,1108,530,1,1000,488,555,555,555,554,554,19,1,39000,39,39,39,9,1108,9,1108,39000,39,39000,39,848707,39,12568815,0
17421,553392,39000,39000,0,0,0,0,0,848707,39,553353,39,555,555,1108,906,1,1000,488,555,555,555,554,554,29,1,39000,39,39,39,9,1108,9,1108,39000,39,39000,39,848707,39,12577463,0
17430,553734,39000,39000,0,0,0,0,0,848707,39,553695,39,556,556,1109,1248,2,0,1016,556,556,556,554,554,6,1,39000,39,39,39,9,1109,9,1109,39000,39,39000,39,848707,39,12585329,0
17440,554115,39000,39000,0,0,0,0,0,848707,39,554076,39,556,556,1109,1629,2,0,1016,556,556,556,554,554,14,1,39000,39,39,39,9,1109,9,1109,39000,39,39000,39,848707,39,12594092,0
17450,554375,39000,39000,0,0,0,0,0,848707,39,554336,39,556,556,1110,890,1,1000,884,556,556,556,555,555,24,1,39000,39,39,39,9,1110,9,1110,39000,39,39000,39,848707,39,12600095,0
17460,554699,39000,39000,0,0,0,0,0,848707,39,554660,39,557,557,1111,1214,2,0,1060,557,557,557,555,555,4,1,39000,39,39,39,9,1111,9,1111,39000,39,39000,39,848707,39,12607570,0
17470,555047,39000,39000,0,0,0,0,0,848707,39,555008,39,557,557,1112,563,1,1000,556,557,557,557,556,556,14,1,39000,39,39,39,9,1112,9,1112,39000,39,39000,39,848707,39,12615574,0
17480,555264,39000,39000,0,0,0,0,0,848707,39,555225,39,557,557,1112,780,1,1000,556,557,557,557,556,556,24,1,39000,39,39,39,9,1112,9,1112,39000,39,39000,39,848707,39,12620588,0
17490,555600,39000,39000,0,0,0,0,0,848707,39,555561,39,558,558,1113,1116,2,0,1062,558,558,558,556,556,0,1,39000,39,39,39,9,1113,9,1113,39000,39,39000,39,848707,39,12628339,0
17500,555987,39000,39000,0,0,0,0,0,848707,39,555948,39,558,558,1113,1503,2,0,1062,558,558,558,556,556,10,1,39000,39,39,39,9,1113,9,1113,39000,39,39000,39,848707,39,12637194,0
17510,556190,39000,39000,0,0,0,0,0,848707,39,556151,39,558,558,1114,707,1,1000,531,558,558,558,557,557,20,1,39000,39,39,39,9,1114,9,1114,39000,39,39000,39,848707,39,12641886,0
17520,556568,39000,39000,0,0,0,0,0,848707,39,556529,39,559,559,1115,1085,2,0,1033,559,559,559,557,557,0,1,39000,39,39,39,9,1115,9,1115,39000,39,39000,39,848707,39,12650603,0
17530,556951,39000,39000,0,0,0,0,0,848707,39,556912,39,559,559,1115,1468,2,0,1033,559,559,559,557,557,10,1,39000,39,39,39,9,1115,9,1115,39000,39,39000,39,848707,39,12659389,0
17540,557325,39000,39000,0,0,0,0,0,848707,39,557286,39,559,559,1115,1842,2,0,1033,559,559,559,557,557,20,1,39000,39,39,39,9,1115,9,1115,39000,39,39000,39,848707,39,12667991,0
17550,557522,39000,39000,0,0,0,0,0,848707,39,557483,39,559,559,1116,1040,2,1000,884,559,560,559,558,558,30,1,39000,39,39,39,9,1116,9,1116,39000,39,39000,39,848707,39,12672545,0
17560,557867,39000,39000,0,0,0,0,0,848707,39,557828,39,560,560,1117,1385,2,0,1050,560,560,560,558,558,8,1,39000,39,39,39,9,1117,9,1117,39000,39,39000,39,848707,39,12680503,0
17570,558211,39000,39000,0,0,0,0,0,848707,39,558172,39,560,560,1118,730,1,1000,715,560,560,560,559,559,18,1,39000,39,39,39,9,1118,9,1118,39000,39,39000,39,848707,39,12688415,0
17580,558443,39000,39000,0,0,0,0,0,848707,39,558404,39,560,560,1118,962,1,1000,715,560,560,560,559,559,28,1,39000,39,39,39,9,1118,9,1118,39000,39,39000,39,848707,39,12693751,0
17590,558823,39000,39000,0,0,0,0,0,848707,39,558784,39,561,561,1119,1342,2,0,1026,561,561,561,559,559,8,1,39000,39,39,39,9,1119,9,1119,39000,39,39000,39,848707,39,12702491,0
17600,559054,39000,39000,0,0,0,0,0,848707,39,559015,39,561,561,1120,574,1,1000,570,561,561,561,560,560,18,1,39000,39,39,39,9,1120,9,1120,39000,39,39000,39,848707,39,12707827,0
17610,559395,39000,39000,0,0,0,0,0,848707,39,559356,39,561,561,1120,915,1,1000,570,561,561,561,560,560,28,1,39000,39,39,39,9,1120,9,1120,39000,39,39000,39,848707,39,12715670,0
17620,559777,39000,39000,0,0,0,0,0,848707,39,559738,39,562,562,1121,1297,2,0,1043,562,562,562,560,560,6,1,39000,39,39,39,9,1121,9,1121,39000,39,39000,39,848707,39,12724456,0
17630,560120,39000,39000,0,0,0,0,0,848707,39,560081,39,562,562,1121,1640,2,0,1043,562,562,562,560,560,16,1,39000,39,39,39,9,1121,9,1121,39000,39,39000,39,848707,39,12732345,0
17640,560327,39000,39000,0,0,0,0,0,848707,39,560288,39,562,562,1122,848,1,1000,703,562,562,562,561,561,26,1,39000,39,39,39,9,1122,9,1122,39000,39,39000,39,848707,39,12737152,0
17650,560701,39000,39000,0,0,0,0,0,848707,39,560662,39,563,563,1123,1222,2,0,1082,563,563,563,561,561,2,1,39000,39,39,39,9,1123,9,1123,39000,39,39000,39,848707,39,12745731,0
17660,561080,39000,39000,0,0,0,0,0,848707,39,561041,39,563,563,1123,1601,2,0,1082,563,563,563,561,561,12,1,39000,39,39,39,9,1123,9,1123,39000,39,39000,39,848707,39,12754448,0
17670,561272,39000,39000,0,0,0,0,0,848707,39,561233,39,563,563,1124,794,1,1000,777,563,563,563,562,562,24,1,39000,39,39,39,9,1124,9,1124,39000,39,39000,39,848707,39,12758910,0
17680,561650,39000,39000,0,0,0,0,0,848707,39,561611,39,564,564,1125,1172,2,0,1015,564,564,564,562,562,4,1,39000,39,39,39,9,1125,9,1125,39000,39,39000,39,848707,39,12767581,0
17690,562031,39000,39000,0,0,0,0,0,848707,39,561992,39,564,564,1125,1553,2,0,1015,564,564,564,562,562,14,1,39000,39,39,39,9,1125,9,1125,39000,39,39000,39,848707,39,12776367,0
17700,562197,39000,39000,0,0,0,0,0,848707,39,562158,39,564,564,1126,720,1,1000,623,564,564,564,563,563,22,1,39000,39,39,39,9,1126,9,1126,39000,39,39000,39,848707,39,12780185,0
17710,562468,39000,39000,0,0,0,0,0,848707,39,562429,39,564,564,1126,991,1,1000,623,564,564,564,563,563,33,1,39000,39,39,39,9,1126,9,1126,39000,39,39000,39,848707,39,12786418,0
17720,562849,39000,39000,0,0,0,0,0,848707,39,562810,39,565,565,1127,1372,2,0,1142,565,565,565,563,563,4,1,39000,39,39,39,9,1127,9,1127,39000,39,39000,39,848707,39,12795181,0
17730,563238,39000,39000,0,0,0,0,0,848707,39,563199,39,565,565,1127,1761,2,0,1142,565,565,565,563,563,16,1,39000,39,39,39,9,1127,9,1127,39000,39,39000,39,848707,39,12804128,0
17740,563438,39000,39000,0,0,0,0,0,848707,39,563399,39,565,565,1128,962,1,1000,803,565,565,565,564,564,26,1,39000,39,39,39,9,1128,9,1128,39000,39,39000,39,848707,39,12808751,0
17750,563819,39000,39000,0,0,0,0,0,848707,39,563780,39,566,566,1129,1343,2,0,1029,566,566,566,564,564,8,1,39000,39,39,39,9,1129,9,1129,39000,39,39000,39,848707,39,12817514,0
17761,564122,39000,39000,0,0,0,0,0,848707,39,564083,39,566,566,1130,647,1,1000,643,566,566,566,565,565,18,1,39000,39,39,39,9,1130,9,1130,39000,39,39000,39,848707,39,12824506,0
17770,564357,39000,39000,0,0,0,0,0,848707,39,564318,39,566,566,1130,882,1,1000,643,566,566,566,565,565,26,1,39000,39,39,39,9,1130,9,1130,39000,39,39000,39,848707,39,12829911,0
17780,564739,39000,39000,0,0,0,0,0,848707,39,564700,39,567,567,1131,1264,2,0,1046,567,567,567,565,565,4,1,39000,39,39,39,9,1131,9,1131,39000,39,39000,39,848707,39,12838720,0
17790,564964,39000,39000,0,0,0,0,0,848707,39,564925,39,567,567,1132,490,1,1000,476,567,567,567,566,566,14,1,39000,39,39,39,9,1132,9,1132,39000,39,39000,39,848707,39,12843895,0
17800,565329,39000,39000,0,0,0,0,0,848707,39,565290,39,567,567,1132,855,1,1000,476,567,567,567,566,566,24,1,39000,39,39,39,9,1132,9,1132,39000,39,39000,39,848707,39,12852290,0
17810,565707,39000,39000,0,0,0,0,0,848707,39,565668,39,568,568,1133,1233,2,0,1035,568,568,568,566,566,4,1,39000,39,39,39,9,1133,9,1133,39000,39,39000,39,848707,39,12860984,0
17820,566095,39000,39000,0,0,0,0,0,848707,39,566056,39,568,568,1133,1621,2,0,1035,568,568,568,566,566,14,1,39000,39,39,39,9,1133,9,1133,39000,39,39000,39,848707,39,12869931,0
17830,566333,39000,39000,0,0,0,0,0,848707,39,566294,39,568,568,1134,860,1,1000,857,568,568,568,567,567,24,1,39000,39,39,39,9,1134,9,1134,39000,39,39000,39,848707,39,12875405,0
17840,566631,39000,39000,0,0,0,0,0,848707,39,566592,39,569,569,1135,1158,2,0,1048,569,569,569,567,567,2,1,39000,39,39,39,9,1135,9,1135,39000,39,39000,39,848707,39,12882259,0
17850,567008,39000,39000,0,0,0,0,0,848707,39,566969,39,569,569,1135,1535,2,0,1048,569,569,569,567,567,12,1,39000,39,39,39,9,1135,9,1135,39000,39,39000,39,848707,39,12890930,0
17860,567200,39000,39000,0,0,0,0,0,848707,39,567161,39,569,569,1136,728,1,1000,676,569,569,569,568,568,22,1,39000,39,39,39,9,1136,9,1136,39000,39,39000,39,848707,39,12895369,0
17870,567577,39000,39000,0,0,0,0,0,848707,39,567538,39,570,570,1137,1105,2,0,1009,570,570,570,568,568,2,1,39000,39,39,39,9,1137,9,1137,39000,39,39000,39,848707,39,12904040,0
17880,567950,39000,39000,0,0,0,0,0,848707,39,567911,39,570,570,1137,1478,2,0,1009,570,570,570,568,568,12,1,39000,39,39,39,9,1137,9,1137,39000,39,39000,39,848707,39,12912642,0
17890,568141,39000,39000,0,0,0,0,0,848707,39,568102,39,570,570,1138,670,1,1000,520,570,570,570,569,569,22,1,39000,39,39,39,9,1138,9,1138,39000,39,39000,39,848707,39,12917035,0
17900,568529,39000,39000,0,0,0,0,0,848707,39,568490,39,571,571,1139,1058,2,0,1020,571,571,571,569,569,0,1,39000,39,39,39,9,1139,9,1139,39000,39,39000,39,848707,39,12925982,0
17910,568873,39000,39000,0,0,0,0,0,848707,39,568834,39,571,571,1139,1402,2,0,1020,571,571,571,569,569,10,1,39000,39,39,39,9,1139,9,1139,39000,39,39000,39,848707,39,12933871,0
17920,569252,39000,39000,0,0,0,0,0,848707,39,569213,39,571,571,1139,1781,2,0,1020,571,571,571,569,569,20,1,39000,39,39,39,9,1139,9,1139,39000,39,39000,39,848707,39,12942588,0
17930,569454,39000,39000,0,0,0,0,0,848707,39,569415,39,571,571,1140,984,1,1000,864,571,571,571,570,570,28,1,39000,39,39,39,9,1140,9,1140,39000,39,39000,39,848707,39,12947257,0
17940,569823,39000,39000,0,0,0,0,0,848707,39,569784,39,572,572,1141,1353,2,0,1070,572,572,572,570,570,6,1,39000,39,39,39,9,1141,9,1141,39000,39,39000,39,848707,39,12955744,0
17950,570203,39000,39000,0,0,0,0,0,848707,39,570164,39,572,572,1141,1733,2,0,1070,572,572,572,570,570,18,1,39000,39,39,39,9,1141,9,1141,39000,39,39000,39,848707,39,12964484,0
17960,570397,39000,39000,0,0,0,0,0,848707,39,570358,39,572,572,1142,928,1,1000,740,572,572,572,571,571,28,1,39000,39,39,39,9,1142,9,1142,39000,39,39000,39,848707,39,12968969,0
17971,570773,39000,39000,0,0,0,0,0,848707,39,570734,39,573,573,1143,1304,2,0,1001,573,573,573,571,571,8,1,39000,39,39,39,9,1143,9,1143,39000,39,39000,39,848707,39,12977617,0
17980,571080,39000,39000,0,0,0,0,0,848707,39,571041,39,573,573,1144,612,1,1000,594,573,573,573,572,572,16,1,39000,39,39,39,9,1144,9,1144,39000,39,39000,39,848707,39,12984701,0
17990,571321,39000,39000,0,0,0,0,0,848707,39,571282,39,573,573,1144,853,1,1000,594,573,573,573,572,572,26,1,39000,39,39,39,9,1144,9,1144,39000,39,39000,39,848707,39,12990244,0
18000,571706,39000,39000,0,0,0,0,0,848707,39,571667,39,574,574,1145,1238,2,0,1046,574,574,574,572,572,4,1,39000,39,39,39,9,1145,9,1145,39000,39,39000,39,848707,39,12999099,0
18010,571972,39000,39000,0,0,0,0,0,848707,39,571933,39,574,574,1145,1504,2,0,1046,574,574,574,572,572,14,1,39000,39,39,39,9,1145,9,1145,39000,39,39000,39,848707,39,13005217,0
18020,572212,39000,39000,0,0,0,0,0,848707,39,572173,39,574,574,1146,745,1,1000,736,574,574,574,573,573,24,1,39000,39,39,39,9,1146,9,1146,39000,39,39000,39,848707,39,13010760,0
18030,572546,39000,39000,0,0,0,0,0,848707,39,572507,39,575,575,1147,1079,2,0,1044,575,575,575,573,573,0,1,39000,39,39,39,9,1147,9,1147,39000,39,39000,39,848707,39,13018442,0
18040,572892,39000,39000,0,0,0,0,0,848707,39,572853,39,575,575,1147,1425,2,0,1044,575,575,575,573,573,10,1,39000,39,39,39,9,1147,9,1147,39000,39,39000,39,848707,39,13026423,0
18050,573119,39000,39000,0,0,0,0,0,848707,39,573080,39,575,575,1148,653,1,1000,647,575,575,575,574,574,20,1,39000,39,39,39,9,1148,9,1148,39000,39,39000,39,848707,39,13031644,0
18060,573473,39000,39000,0,0,0,0,0,848707,39,573434,39,575,575,1148,1007,2,1000,647,575,576,575,574,574,30,1,39000,39,39,39,9,1148,9,1148,39000,39,39000,39,848707,39,13039786,0
18070,573852,39000,39000,0,0,0,0,0,848707,39,573813,39,576,576,1149,1386,2,0,1161,576,576,576,574,574,4,1,39000,39,39,39,9,1149,9,1149,39000,39,39000,39,848707,39,13048503,0
18080,574046,39000,39000,0,0,0,0,0,848707,39,574007,39,576,576,1150,581,1,1000,501,576,576,576,575,575,16,1,39000,39,39,39,9,1150,9,1150,39000,39,39000,39,848707,39,13053011,0
18090,574428,39000,39000,0,0,0,0,0,848707,39,574389,39,576,576,1150,963,1,1000,501,576,576,576,575,575,26,1,39000,39,39,39,9,1150,9,1150,39000,39,39000,39,848707,39,13061774,0
18100,574803,39000,39000,0,0,0,0,0,848707,39,574764,39,577,577,1151,1338,2,0,1031,577,577,577,575,575,8,1,39000,39,39,39,9,1151,9,1151,39000,39,39000,39,848707,39,13070399,0
18110,575142,39000,39000,0,0,0,0,0,848707,39,575103,39,577,577,1151,1677,2,0,1031,577,577,577,575,575,16,1,39000,39,39,39,9,1151,9,1151,39000,39,39000,39,848707,39,13078242,0
18120,575343,39000,39000,0,0,0,0,0,848707,39,575304,39,577,577,1152,879,1,1000,843,577,577,577,576,576,26,1,39000,39,39,39,9,1152,9,1152,39000,39,39000,39,848707,39,13082865,0
18130,575732,39000,39000,0,0,0,0,0,848707,39,575693,39,578,578,1153,1268,2,0,1052,578,578,578,576,576,4,1,39000,39,39,39,9,1153,9,1153,39000,39,39000,39,848707,39,13091789,0
18140,576115,39000,39000,0,0,0,0,0,848707,39,576076,39,578,578,1153,1651,2,0,1052,578,578,578,576,576,14,1,39000,39,39,39,9,1153,9,1153,39000,39,39000,39,848707,39,13100598,0
18150,576319,39000,39000,0,0,0,0,0,848707,39,576280,39,578,578,1154,856,1,1000,684,578,578,578,577,577,24,1,39000,39,39,39,9,1154,9,1154,39000,39,39000,39,848707,39,13105313,0
18160,576701,39000,39000,0,0,0,0,0,848707,39,576662,39,579,579,1155,1238,2,0,1030,579,579,579,577,577,4,1,39000,39,39,39,9,1155,9,1155,39000,39,39000,39,848707,39,13114099,0
18170,577017,39000,39000,0,0,0,0,0,848707,39,576978,39,579,579,1156,555,1,1000,531,579,579,579,578,578,14,1,39000,39,39,39,9,1156,9,1156,39000,39,39000,39,848707,39,13121390,0
18180,577253,39000,39000,0,0,0,0,0,848707,39,577214,39,579,579,1156,791,1,1000,531,579,579,579,578,578,24,1,39000,39,39,39,9,1156,9,1156,39000,39,39000,39,848707,39,13126818,0
18190,577628,39000,39000,0,0,0,0,0,848707,39,577589,39,580,580,1157,1166,2,0,1060,580,580,580,578,578,2,1,39000,39,39,39,9,1157,9,1157,39000,39,39000,39,848707,39,13135466,0
18200,578013,39000,39000,0,0,0,0,0,848707,39,577974,39,580,580,1157,1551,2,0,1060,580,580,580,578,578,12,1,39000,39,39,39,9,1157,9,1157,39000,39,39000,39,848707,39,13144298,0
18210,578344,39000,39000,0,0,0,0,0,848707,39,578305,39,580,580,1158,883,1,1000,880,580,580,580,579,579,22,1,39000,39,39,39,9,1158,9,1158,39000,39,39000,39,848707,39,13151934,0
18220,578578,39000,39000,0,0,0,0,0,848707,39,578539,39,581,581,1159,1117,2,0,1013,581,581,581,579,579,2,1,39000,39,39,39,9,1159,9,1159,39000,39,39000,39,848707,39,13157316,0
18230,578949,39000,39000,0,0,0,0,0,848707,39,578910,39,581,581,1159,1488,2,0,1013,581,581,581,579,579,12,1,39000,39,39,39,9,1159,9,1159,39000,39,39000,39,848707,39,13165872,0
18240,579182,39000,39000,0,0,0,0,0,848707,39,579143,39,581,581,1160,722,1,1000,716,581,581,581,580,580,22,1,39000,39,39,39,9,1160,9,1160,39000,39,39000,39,848707,39,13171231,0
18250,579486,39000,39000,0,0,0,0,0,848707,39,579447,39,582,582,1161,1026,2,0,1024,582,582,582,580,580,0,1,39000,39,39,39,9,1161,9,1161,39000,39,39000,39,848707,39,13178223,0
18260,579869,39000,39000,0,0,0,0,0,848707,39,579830,39,582,582,1161,1409,2,0,1024,582,582,582,580,580,10,1,39000,39,39,39,9,1161,9,1161,39000,39,39000,39,848707,39,13187032,0
18270,580056,39000,39000,0,0,0,0,0,848707,39,580017,39,582,582,1162,597,1,1000,556,582,582,582,581,581,20,1,39000,39,39,39,9,1162,9,1162,39000,39,39000,39,848707,39,13191356,0
18280,580437,39000,39000,0,0,0,0,0,848707,39,580398,39,582,582,1162,978,1,1000,556,582,582,582,581,581,28,1,39000,39,39,39,9,1162,9,1162,39000,39,39000,39,848707,39,13200142,0
18290,580816,39000,39000,0,0,0,0,0,848707,39,580777,39,583,583,1163,1357,2,0,1059,583,583,583,581,581,6,1,39000,39,39,39,9,1163,9,1163,39000,39,39000,39,848707,39,13208836,0
18300,581199,39000,39000,0,0,0,0,0,848707,39,581160,39,583,583,1163,1740,2,0,1059,583,583,583,581,581,18,1,39000,39,39,39,9,1163,9,1163,39000,39,39000,39,848707,39,13217645,0
18310,581246,39000,39000,0,0,0,0,0,848707,39,581207,39,583,583,1164,788,1,1000,741,583,583,583,582,582,27,1,39000,39,39,39,9,1164,9,1164,39000,39,39000,39,848707,39,13218772,0
18320,581622,39000,39000,0,0,0,0,0,848707,39,581583,39,584,584,1165,1164,2,0,1007,584,584,584,582,582,4,1,39000,39,39,39,9,1165,9,1165,39000,39,39000,39,848707,39,13227420,0
18330,582003,39000,39000,0,0,0,0,0,848707,39,581964,39,584,584,1165,1545,2,0,1007,584,584,584,582,582,14,1,39000,39,39,39,9,1165,9,1165,39000,39,39000,39,848707,39,13236183,0
18340,582202,39000,39000,0,0,0,0,0,848707,39,582163,39,584,584,1166,745,1,1000,563,584,584,584,583,583,24,1,39000,39,39,39,9,1166,9,1166,39000,39,39000,39,848707,39,13240760,0
18350,582579,39000,39000,0,0,0,0,0,848707,39,582540,39,585,585,1167,1122,2,0,1042,585,585,585,583,583,2,1,39000,39,39,39,9,1167,9,1167,39000,39,39000,39,848707,39,13249431,0
18360,582959,39000,39000,0,0,0,0,0,848707,39,582920,39,585,585,1167,1502,2,0,1042,585,585,585,583,583,12,1,39000,39,39,39,9,1167,9,1167,39000,39,39000,39,848707,39,13258171,0
18370,583340,39000,39000,0,0,0,0,0,848707,39,583301,39,585,585,1167,1883,2,0,1042,585,585,585,583,583,22,1,39000,39,39,39,9,1167,9,1167,39000,39,39000,39,848707,39,13266934,0
18380,583500,39000,39000,0,0,0,0,0,848707,39,583461,39,585,585,1168,1044,2,1000,891,585,586,585,584,584,30,1,39000,39,39,39,9,1168,9,1168,39000,39,39000,39,848707,39,13270637,0
18390,583882,39000,39000,0,0,0,0,0,848707,39,583843,39,586,586,1169,1426,2,0,1059,586,586,586,584,584,8,1,39000,39,39,39,9,1169,9,1169,39000,39,39000,39,848707,39,13279423,0
18400,584187,39000,39000,0,0,0,0,0,848707,39,584148,39,586,586,1170,732,1,1000,731,586,586,586,585,585,18,1,39000,39,39,39,9,1170,9,1170,39000,39,39000,39,848707,39,13286461,0
18410,584454,39000,39000,0,0,0,0,0,848707,39,584415,39,586,586,1170,999,1,1000,731,586,586,586,585,585,30,1,39000,39,39,39,9,1170,9,1170,39000,39,39000,39,848707,39,13292602,0
18420,584837,39000,39000,0,0,0,0,0,848707,39,584798,39,587,587,1171,1382,2,0,1167,587,587,587,585,585,4,1,39000,39,39,39,9,1171,9,1171,39000,39,39000,39,848707,39,13301411,0
18430,585038,39000,39000,0,0,0,0,0,848707,39,584999,39,587,587,1172,584,1,1000,579,587,587,587,586,586,14,1,39000,39,39,39,9,1172,9,1172,39000,39,39000,39,848707,39,13306057,0
18441,585415,39000,39000,0,0,0,0,0,848707,39,585376,39,587,587,1172,961,1,1000,579,587,587,587,586,586,24,1,39000,39,39,39,9,1172,9,1172,39000,39,39000,39,848707,39,13314728,0
18450,585761,39000,39000,0,0,0,0,0,848707,39,585722,39,588,588,1173,1307,2,0,1041,588,588,588,586,586,6,1,39000,39,39,39,9,1173,9,1173,39000,39,39000,39,848707,39,13322686,0
18460,586141,39000,39000,0,0,0,0,0,848707,39,586102,39,588,588,1173,1687,2,0,1041,588,588,588,586,586,16,1,39000,39,39,39,9,1173,9,1173,39000,39,39000,39,848707,39,13331426,0
18470,586369,39000,39000,0,0,0,0,0,848707,39,586330,39,588,588,1174,916,1,1000,914,588,588,588,587,587,26,1,39000,39,39,39,9,1174,9,1174,39000,39,39000,39,848707,39,13336693,0
18480,586708,39000,39000,0,0,0,0,0,848707,39,586669,39,589,589,1175,1255,2,0,1057,589,589,589,587,587,4,1,39000,39,39,39,9,1175,9,1175,39000,39,39000,39,848707,39,13344490,0
18490,587095,39000,39000,0,0,0,0,0,848707,39,587056,39,589,589,1175,1642,2,0,1057,589,589,589,587,587,14,1,39000,39,39,39,9,1175,9,1175,39000,39,39000,39,848707,39,13353391,0
18500,587291,39000,39000,0,0,0,0,0,848707,39,587252,39,589,589,1176,839,1,1000,760,589,589,589,588,588,24,1,39000,39,39,39,9,1176,9,1176,39000,39,39000,39,848707,39,13357945,0
18511,587671,39000,39000,0,0,0,0,0,848707,39,587632,39,590,590,1177,1219,2,0,1029,590,590,590,588,588,4,1,39000,39,39,39,9,1177,9,1177,39000,39,39000,39,848707,39,13366662,0
18520,588018,39000,39000,0,0,0,0,0,848707,39,587979,39,590,590,1177,1566,2,0,1029,590,590,590,588,588,14,1,39000,39,39,39,9,1177,9,1177,39000,39,39000,39,848707,39,13374643,0
18530,588215,39000,39000,0,0,0,0,0,848707,39,588176,39,590,590,1178,764,1,1000,602,590,590,590,589,589,24,1,39000,39,39,39,9,1178,9,1178,39000,39,39000,39,848707,39,13379197,0
18540,588595,39000,39000,0,0,0,0,0,848707,39,588556,39,591,591,1179,1144,2,0,1052,591,591,591,589,589,2,1,39000,39,39,39,9,1179,9,1179,39000,39,39000,39,848707,39,13387937,0
18550,588974,39000,39000,0,0,0,0,0,848707,39,588935,39,591,591,1179,1523,2,0,1052,591,591,591,589,589,12,1,39000,39,39,39,9,1179,9,1179,39000,39,39000,39,848707,39,13396654,0
18560,589348,39000,39000,0,0,0,0,0,848707,39,589309,39,591,591,1179,1897,2,0,1052,591,591,591,589,589,22,1,39000,39,39,39,9,1179,9,1179,39000,39,39000,39,848707,39,13405256,0
18570,589542,39000,39000,0,0,0,0,0,848707,39,589503,39,592,592,1181,1092,2,0,1011,592,592,592,590,590,2,1,39000,39,39,39,9,1181,9,1181,39000,39,39000,39,848707,39,13409787,0
18580,589883,39000,39000,0,0,0,0,0,848707,39,589844,39,592,592,1181,1433,2,0,1011,592,592,592,590,590,10,1,39000,39,39,39,9,1181,9,1181,39000,39,39000,39,848707,39,13417584,0
18590,590264,39000,39000,0,0,0,0,0,848707,39,590225,39,592,592,1182,815,1,1000,810,592,592,592,591,591,21,1,39000,39,39,39,9,1182,9,1182,39000,39,39000,39,848707,39,13426370,0
18600,590467,39000,39000,0,0,0,0,0,848707,39,590428,39,592,592,1182,1018,2,1000,810,592,593,592,591,591,30,1,39000,39,39,39,9,1182,9,1182,39000,39,39000,39,848707,39,13431039,0
18610,590720,39000,39000,0,0,0,0,0,848707,39,590681,39,593,593,1183,1271,2,0,1031,593,593,593,591,591,9,1,39000,39,39,39,9,1183,9,1183,39000,39,39000,39,848707,39,13436858,0
18620,590932,39000,39000,0,0,0,0,0,848707,39,590893,39,593,593,1184,484,1,1000,480,593,593,593,592,592,19,1,39000,39,39,39,9,1184,9,1184,39000,39,39000,39,848707,39,13441757,0
18630,591289,39000,39000,0,0,0,0,0,848707,39,591250,39,593,593,1184,841,1,1000,480,593,593,593,592,592,29,1,39000,39,39,39,9,1184,9,1184,39000,39,39000,39,848707,39,13449968,0
18640,591676,39000,39000,0,0,0,0,0,848707,39,591637,39,594,594,1185,1228,2,0,1057,594,594,594,592,592,4,1,39000,39,39,39,9,1185,9,1185,39000,39,39000,39,848707,39,13458869,0
18650,592061,39000,39000,0,0,0,0,0,848707,39,592022,39,594,594,1185,1613,2,0,1057,594,594,594,592,592,14,1,39000,39,39,39,9,1185,9,1185,39000,39,39000,39,848707,39,13467747,0
18660,592292,39000,39000,0,0,0,0,0,848707,39,592253,39,594,594,1186,845,1,1000,841,594,594,594,593,593,22,1,39000,39,39,39,9,1186,9,1186,39000,39,39000,39,848707,39,13473060,0
18670,592608,39000,39000,0,0,0,0,0,848707,39,592569,39,595,595,1187,1161,2,0,1016,595,595,595,593,593,2,1,39000,39,39,39,9,1187,9,1187,39000,39,39000,39,848707,39,13480328,0
18680,592990,39000,39000,0,0,0,0,0,848707,39,592951,39,595,595,1187,1543,2,0,1016,595,595,595,593,593,12,1,39000,39,39,39,9,1187,9,1187,39000,39,39000,39,848707,39,13489183,0
18690,593184,39000,39000,0,0,0,0,0,848707,39,593145,39,595,595,1188,738,1,1000,689,595,595,595,594,594,22,1,39000,39,39,39,9,1188,9,1188,39000,39,39000,39,848707,39,13493622,0
18700,593571,39000,39000,0,0,0,0,0,848707,39,593532,39,596,596,1189,1125,2,0,1067,596,596,596,594,594,0,1,39000,39,39,39,9,1189,9,1189,39000,39,39000,39,848707,39,13502500,0
18710,593948,39000,39000,0,0,0,0,0,848707,39,593909,39,596,596,1189,1502,2,0,1067,596,596,596,594,594,10,1,39000,39,39,39,9,1189,9,1189,39000,39,39000,39,848707,39,13511171,0
18720,594136,39000,39000,0,0,0,0,0,848707,39,594097,39,596,596,1190,691,1,1000,523,596,596,596,595,595,20,1,39000,39,39,39,9,1190,9,1190,39000,39,39000,39,848707,39,13515518,0
18730,594514,39000,39000,0,0,0,0,0,848707,39,594475,39,597,597,1191,1069,2,0,1001,597,597,597,595,595,0,1,39000,39,39,39,9,1191,9,1191,39000,39,39000,39,848707,39,13524212,0
18740,594857,39000,39000,0,0,0,0,0,848707,39,594818,39,597,597,1191,1412,2,0,1001,597,597,597,595,595,10,1,39000,39,39,39,9,1191,9,1191,39000,39,39000,39,848707,39,13532124,0
18750,595238,39000,39000,0,0,0,0,0,848707,39,595199,39,597,597,1191,1793,2,0,1001,597,597,597,595,595,20,1,39000,39,39,39,9,1191,9,1191,39000,39,39000,39,848707,39,13540864,0
18760,595435,39000,39000,0,0,0,0,0,848707,39,595396,39,597,597,1192,991,1,1000,853,597,597,597,596,596,30,1,39000,39,39,39,9,1192,9,1192,39000,39,39000,39,848707,39,13545418,0
18770,595803,39000,39000,0,0,0,0,0,848707,39,595764,39,598,598,1193,1359,2,0,1114,598,598,598,596,596,6,1,39000,39,39,39,9,1193,9,1193,39000,39,39000,39,848707,39,13553882,0
18780,596147,39000,39000,0,0,0,0,0,848707,39,596108,39,598,598,1194,704,1,1000,703,598,598,598,597,597,16,1,39000,39,39,39,9,1194,9,1194,39000,39,39000,39,848707,39,13561817,0
18790,596381,39000,39000,0,0,0,0,0,848707,39,596342,39,598,598,1194,938,1,1000,703,598,598,598,597,597,26,1,39000,39,39,39,9,1194,9,1194,39000,39,39000,39,848707,39,13567199,0
18800,596759,39000,39000,0,0,0,0,0,848707,39,596720,39,599,599,1195,1316,2,0,1051,599,599,599,597,597,6,1,39000,39,39,39,9,1195,9,1195,39000,39,39000,39,848707,39,13575916,0
18810,596988,39000,39000,0,0,0,0,0,848707,39,596949,39,599,599,1196,546,1,1000,535,599,599,599,598,598,16,1,39000,39,39,39,9,1196,9,1196,39000,39,39000,39,848707,39,13581183,0
18820,597307,39000,39000,0,0,0,0,0,848707,39,597268,39,599,599,1196,865,1,1000,535,599,599,599,598,598,26,1,39000,39,39,39,9,1196,9,1196,39000,39,39000,39,848707,39,13588520,0
18830,597684,39000,39000,0,0,0,0,0,848707,39,597645,39,600,600,1197,1242,2,0,1003,600,600,600,598,598,6,1,39000,39,39,39,9,1197,9,1197,39000,39,39000,39,848707,39,13597191,0
18840,598073,39000,39000,0,0,0,0,0,848707,39,598034,39,600,600,1197,1631,2,0,1003,600,600,600,598,598,14,1,39000,39,39,39,9,1197,9,1197,39000,39,39000,39,848707,39,13606161,0
18850,598337,39000,39000,0,0,0,0,0,848707,39,598298,39,600,600,1198,896,1,1000,889,600,600,600,599,599,24,1,39000,39,39,39,9,1198,9,1198,39000,39,39000,39,848707,39,13612233,0
18860,598634,39000,39000,0,0,0,0,0,848707,39,598595,39,601,601,1199,1193,2,0,1051,601,601,601,599,599,2,1,39000,39,39,39,9,1199,9,1199,39000,39,39000,39,848707,39,13619064,0
18870,598990,39000,39000,0,0,0,0,0,848707,39,598951,39,601,601,1200,550,1,1000,540,601,601,601,600,600,14,1,39000,39,39,39,9,1200,9,1200,39000,39,39000,39,848707,39,13627275,0
18880,599211,39000,39000,0,0,0,0,0,848707,39,599172,39,601,601,1200,771,1,1000,540,601,601,601,600,600,24,1,39000,39,39,39,9,1200,9,1200,39000,39,39000,39,848707,39,13632358,0
18890,599592,39000,39000,0,0,0,0,0,848707,39,599553,39,602,602,1201,1152,2,0,1069,602,602,602,600,600,2,1,39000,39,39,39,9,1201,9,1201,39000,39,39000,39,848707,39,13641121,0
18900,599948,39000,39000,0,0,0,0,0,848707,39,599909,39,602,602,1201,1508,2,0,1069,602,602,602,600,600,10,1,39000,39,39,39,9,1201,9,1201,39000,39,39000,39,848707,39,13649309,0
18910,600030,39000,39000,0,0,0,0,0,848707,39,599991,39,602,602,1202,591,1,1000,538,602,602,602,601,601,19,1,39000,39,39,39,9,1202,9,1202,39000,39,39000,39,848707,39,13651218,0
18920,600418,39000,39000,0,0,0,0,0,848707,39,600379,39,602,602,1202,979,1,1000,538,602,602,602,601,601,29,1,39000,39,39,39,9,1202,9,1202,39000,39,39000,39,848707,39,13660165,0
18930,600803,39000,39000,0,0,0,0,0,848707,39,600764,39,603,603,1203,1364,2,0,1064,603,603,603,601,601,8,1,39000,39,39,39,9,1203,9,1203,39000,39,39000,39,848707,39,13669020,0
18940,601141,39000,39000,0,0,0,0,0,848707,39,601102,39,603,603,1204,703,1,1000,699,603,603,603,602,602,18,1,39000,39,39,39,9,1204,9,1204,39000,39,39000,39,848707,39,13676794,0
18950,601378,39000,39000,0,0,0,0,0,848707,39,601339,39,603,603,1204,941,1,1000,699,603,603,603,602,602,28,1,39000,39,39,39,9,1204,9,1204,39000,39,39000,39,848707,39,13682268,0
18960,601759,39000,39000,0,0,0,0,0,848707,39,601720,39,604,604,1205,1321,2,0,1006,604,604,604,602,602,8,1,39000,39,39,39,9,1205,9,1205,39000,39,39000,39,848707,39,13691008,0
18970,601961,39000,39000,0,0,0,0,0,848707,39,601922,39,604,604,1206,524,1,1000,520,604,604,604,603,603,18,1,39000,39,39,39,9,1206,9,1206,39000,39,39000,39,848707,39,13695677,0
18980,602297,39000,39000,0,0,0,0,0,848707,39,602258,39,604,604,1206,860,1,1000,520,604,604,604,603,603,26,1,39000,39,39,39,9,1206,9,1206,39000,39,39000,39,848707,39,13703405,0
18990,602673,39000,39000,0,0,0,0,0,848707,39,602634,39,605,605,1207,1236,2,0,1040,605,605,605,603,603,4,1,39000,39,39,39,9,1207,9,1207,39000,39,39000,39,848707,39,13712053,0
19000,603042,39000,39000,0,0,0,0,0,848707,39,603003,39,605,605,1207,1605,2,0,1040,605,605,605,603,603,14,1,39000,39,39,39,9,1207,9,1207,39000,39,39000,39,848707,39,13720540,0
19010,603270,39000,39000,0,0,0,0,0,848707,39,603231,39,605,605,1208,834,1,1000,829,605,605,605,604,604,24,1,39000,39,39,39,9,1208,9,1208,39000,39,39000,39,848707,39,13725807,0
19020,603614,39000,39000,0,0,0,0,0,848707,39,603575,39,606,606,1209,1178,2,0,1043,606,606,606,604,604,2,1,39000,39,39,39,9,1209,9,1209,39000,39,39000,39,848707,39,13733742,0
19030,603990,39000,39000,0,0,0,0,0,848707,39,603951,39,606,606,1209,1554,2,0,1043,606,606,606,604,604,12,1,39000,39,39,39,9,1209,9,1209,39000,39,39000,39,848707,39,13742367,0
19040,604179,39000,39000,0,0,0,0,0,848707,39,604140,39,606,606,1210,744,1,1000,678,606,606,606,605,605,22,1,39000,39,39,39,9,1210,9,1210,39000,39,39000,39,848707,39,13746737,0
19050,604520,39000,39000,0,0,0,0,0,848707,39,604481,39,607,607,1211,1085,2,0,1003,607,607,607,605,605,2,1,39000,39,39,39,9,1211,9,1211,39000,39,39000,39,848707,39,13754580,0
19060,604898,39000,39000,0,0,0,0,0,848707,39,604859,39,607,607,1211,1463,2,0,1003,607,607,607,605,605,12,1,39000,39,39,39,9,1211,9,1211,39000,39,39000,39,848707,39,13763274,0
19070,605090,39000,39000,0,0,0,0,0,848707,39,605051,39,607,607,1212,656,1,1000,517,607,607,607,606,606,22,1,39000,39,39,39,9,1212,9,1212,39000,39,39000,39,848707,39,13767713,0
19080,605470,39000,39000,0,0,0,0,0,848707,39,605431,39,608,608,1213,1036,2,0,1008,608,608,608,606,606,0,1,39000,39,39,39,9,1213,9,1213,39000,39,39000,39,848707,39,13776453,0
19090,605849,39000,39000,0,0,0,0,0,848707,39,605810,39,608,608,1213,1415,2,0,1008,608,608,608,606,606,10,1,39000,39,39,39,9,1213,9,1213,39000,39,39000,39,848707,39,13785170,0
19100,606229,39000,39000,0,0,0,0,0,848707,39,606190,39,608,608,1213,1795,2,0,1008,608,608,608,606,606,20,1,39000,39,39,39,9,1213,9,1213,39000,39,39000,39,848707,39,13793910,0
19110,606394,39000,39000,0,0,0,0,0,848707,39,606355,39,608,608,1214,961,1,1000,832,608,608,608,607,607,30,1,39000,39,39,39,9,1214,9,1214,39000,39,39000,39,848707,39,13797728,0
19120,606783,39000,39000,0,0,0,0,0,848707,39,606744,39,609,609,1215,1350,2,0,1132,609,609,609,607,607,4,1,39000,39,39,39,9,1215,9,1215,39000,39,39000,39,848707,39,13806675,0
19130,607139,39000,39000,0,0,0,0,0,848707,39,607100,39,609,609,1216,707,1,1000,700,609,609,609,608,608,15,1,39000,39,39,39,9,1216,9,1216,39000,39,39000,39,848707,39,13814886,0
19140,607360,39000,39000,0,0,0,0,0,848707,39,607321,39,609,609,1216,928,1,1000,700,609,609,609,608,608,24,1,39000,39,39,39,9,1216,9,1216,39000,39,39000,39,848707,39,13819992,0
19150,607728,39000,39000,0,0,0,0,0,848707,39,607689,39,610,610,1217,1296,2,0,1077,610,610,610,608,608,6,1,39000,39,39,39,9,1217,9,1217,39000,39,39000,39,848707,39,13828433,0
19160,607971,39000,39000,0,0,0,0,0,848707,39,607932,39,610,610,1218,540,1,1000,537,610,610,610,609,609,16,1,39000,39,39,39,9,1218,9,1218,39000,39,39000,39,848707,39,13834045,0
19170,608301,39000,39000,0,0,0,0,0,848707,39,608262,39,610,610,1218,870,1,1000,537,610,610,610,609,609,26,1,39000,39,39,39,9,1218,9,1218,39000,39,39000,39,848707,39,13841635,0
19180,608637,39000,39000,0,0,0,0,0,848707,39,608598,39,611,611,1219,1206,2,0,1010,611,611,611,609,609,4,1,39000,39,39,39,9,1219,9,1219,39000,39,39000,39,848707,39,13849363,0
19190,609006,39000,39000,0,0,0,0,0,848707,39,608967,39,611,611,1219,1575,2,0,1010,611,611,611,609,609,14,1,39000,39,39,39,9,1219,9,1219,39000,39,39000,39,848707,39,13857850,0
19200,609314,39000,39000,0,0,0,0,0,848707,39,609275,39,611,611,1220,884,1,1000,878,611,611,611,610,610,24,1,39000,39,39,39,9,1220,9,1220,39000,39,39000,39,848707,39,13864957,0
19210,609569,39000,39000,0,0,0,0,0,848707,39,609530,39,612,612,1221,1139,2,0,1036,612,612,612,610,610,2,1,39000,39,39,39,9,1221,9,1221,39000,39,39000,39,848707,39,13870822,0
19220,609948,39000,39000,0,0,0,0,0,848707,39,609909,39,612,612,1221,1518,2,0,1036,612,612,612,610,610,12,1,39000,39,39,39,9,1221,9,1221,39000,39,39000,39,848707,39,13879539,0
19230,610131,39000,39000,0,0,0,0,0,848707,39,610092,39,612,612,1222,702,1,1000,654,612,612,612,611,611,22,1,39000,39,39,39,9,1222,9,1222,39000,39,39000,39,848707,39,13883771,0
19240,610515,39000,39000,0,0,0,0,0,848707,39,610476,39,613,613,1223,1086,2,0,1044,613,613,613,611,611,0,1,39000,39,39,39,9,1223,9,1223,39000,39,39000,39,848707,39,13892603,0
19250,610854,39000,39000,0,0,0,0,0,848707,39,610815,39,613,613,1223,1425,2,0,1044,613,613,613,611,611,10,1,39000,39,39,39,9,1223,9,1223,39000,39,39000,39,848707,39,13900423,0
19260,611048,39000,39000,0,0,0,0,0,848707,39,611009,39,613,613,1224,620,1,1000,487,613,613,613,612,612,18,1,39000,39,39,39,9,1224,9,1224,39000,39,39000,39,848707,39,13904908,0
19270,611423,39000,39000,0,0,0,0,0,848707,39,611384,39,613,613,1224,995,1,1000,487,613,613,613,612,612,28,1,39000,39,39,39,9,1224,9,1224,39000,39,39000,39,848707,39,13913510,0
19280,611806,39000,39000,0,0,0,0,0,848707,39,611767,39,614,614,1225,1378,2,0,1010,614,614,614,612,612,8,1,39000,39,39,39,9,1225,9,1225,39000,39,39000,39,848707,39,13922319,0
19290,612180,39000,39000,0,0,0,0,0,848707,39,612141,39,614,614,1225,1752,2,0,1010,614,614,614,612,612,18,1,39000,39,39,39,9,1225,9,1225,39000,39,39000,39,848707,39,13930921,0
19300,612393,39000,39000,0,0,0,0,0,848707,39,612354,39,614,614,1226,966,1,1000,805,614,614,614,613,613,30,1,39000,39,39,39,9,1226,9,1226,39000,39,39000,39,848707,39,13935889,0
19310,612775,39000,39000,0,0,0,0,0,848707,39,612736,39,615,615,1227,1348,2,0,1045,615,615,615,613,613,8,1,39000,39,39,39,9,1227,9,1227,39000,39,39000,39,848707,39,13944629,0
19320,613102,39000,39000,0,0,0,0,0,848707,39,613063,39,615,615,1228,676,1,1000,671,615,615,615,614,614,16,1,39000,39,39,39,9,1228,9,1228,39000,39,39000,39,848707,39,13952173,0
19330,613313,39000,39000,0,0,0,0,0,848707,39,613274,39,615,615,1228,887,1,1000,671,615,615,615,614,614,26,1,39000,39,39,39,9,1228,9,1228,39000,39,39000,39,848707,39,13957049,0
19340,613695,39000,39000,0,0,0,0,0,848707,39,613656,39,616,616,1229,1269,2,0,1009,616,616,616,614,614,6,1,39000,39,39,39,9,1229,9,1229,39000,39,39000,39,848707,39,13965812,0
19350,613930,39000,39000,0,0,0,0,0,848707,39,613891,39,616,616,1230,505,1,1000,503,616,616,616,615,615,16,1,39000,39,39,39,9,1230,9,1230,39000,39,39000,39,848707,39,13971240,0
19360,614267,39000,39000,0,0,0,0,0,848707,39,614228,39,616,616,1230,842,1,1000,503,616,616,616,615,615,26,1,39000,39,39,39,9,1230,9,1230,39000,39,39000,39,848707,39,13978991,0
19370,614649,39000,39000,0,0,0,0,0,848707,39,614610,39,617,617,1231,1224,2,0,1020,617,617,617,615,615,4,1,39000,39,39,39,9,1231,9,1231,39000,39,39000,39,848707,39,13987777,0
19380,615029,39000,39000,0,0,0,0,0,848707,39,614990,39,617,617,1231,1604,2,0,1020,617,617,617,615,615,14,1,39000,39,39,39,9,1231,9,1231,39000,39,39000,39,848707,39,13996517,0
19390,615284,39000,39000,0,0,0,0,0,848707,39,615245,39,617,617,1232,860,1,1000,854,617,617,617,616,616,24,1,39000,39,39,39,9,1232,9,1232,39000,39,39000,39,848707,39,14002405,0
19400,615565,39000,39000,0,0,0,0,0,848707,39,615526,39,618,618,1233,1141,2,0,1068,618,618,618,616,616,0,1,39000,39,39,39,9,1233,9,1233,39000,39,39000,39,848707,39,14008868,0
19410,615946,39000,39000,0,0,0,0,0,848707,39,615907,39,618,618,1233,1522,2,0,1068,618,618,618,616,616,12,1,39000,39,39,39,9,1233,9,1233,39000,39,39000,39,848707,39,14017631,0
19420,616137,39000,39000,0,0,0,0,0,848707,39,616098,39,618,618,1234,714,1,1000,678,618,618,618,617,617,22,1,39000,39,39,39,9,1234,9,1234,39000,39,39000,39,848707,39,14022047,0
19430,616522,39000,39000,0,0,0,0,0,848707,39,616483,39,619,619,1235,1099,2,0,1004,619,619,619,617,617,2,1,39000,39,39,39,9,1235,9,1235,39000,39,39000,39,848707,39,14030902,0
19440,616900,39000,39000,0,0,0,0,0,848707,39,616861,39,619,619,1235,1477,2,0,1004,619,619,619,617,617,12,1,39000,39,39,39,9,1235,9,1235,39000,39,39000,39,848707,39,14039596,0
19451,617094,39000,39000,0,0,0,0,0,848707,39,617055,39,619,619,1236,672,1,1000,508,619,619,619,618,618,22,1,39000,39,39,39,9,1236,9,1236,39000,39,39000,39,848707,39,14044104,0
19460,617434,39000,39000,0,0,0,0,0,848707,39,617395,39,619,619,1236,1012,2,1000,508,619,620,619,618,618,30,1,39000,39,39,39,9,1236,9,1236,39000,39,39000,39,848707,39,14051901,0
19470,617816,39000,39000,0,0,0,0,0,848707,39,617777,39,620,620,1237,1394,2,0,1019,620,620,620,618,618,8,1,39000,39,39,39,9,1237,9,1237,39000,39,39000,39,848707,39,14060710,0
19480,618192,39000,39000,0,0,0,0,0,848707,39,618153,39,620,620,1237,1770,2,0,1019,620,620,620,618,618,18,1,39000,39,39,39,9,1237,9,1237,39000,39,39000,39,848707,39,14069335,0
19490,618383,39000,39000,0,0,0,0,0,848707,39,618344,39,620,620,1238,962,1,1000,854,620,620,620,619,619,28,1,39000,39,39,39,9,1238,9,1238,39000,39,39000,39,848707,39,14073751,0
19500,618756,39000,39000,0,0,0,0,0,848707,39,618717,39,621,621,1239,1335,2,0,1047,621,621,621,619,619,6,1,39000,39,39,39,9,1239,9,1239,39000,39,39000,39,848707,39,14082330,0
19510,618888,39000,39000,0,0,0,0,0,848707,39,618849,39,621,621,1240,468,1,1000,461,621,621,621,620,620,16,1,39000,39,39,39,9,1240,9,1240,39000,39,39000,39,848707,39,14085389,0
19520,619176,39000,39000,0,0,0,0,0,848707,39,619137,39,621,621,1240,756,1,1000,461,621,621,621,620,620,26,1,39000,39,39,39,9,1240,9,1240,39000,39,39000,39,848707,39,14092013,0
19530,619553,39000,39000,0,0,0,0,0,848707,39,619514,39,622,622,1241,1133,2,0,1042,622,622,622,620,620,2,1,39000,39,39,39,9,1241,9,1241,39000,39,39000,39,848707,39,14100707,0
19540,619930,39000,39000,0,0,0,0,0,848707,39,619891,39,622,622,1241,1510,2,0,1042,622,622,622,620,620,10,1,39000,39,39,39,9,1241,9,1241,39000,39,39000,39,848707,39,14109378,0
19550,620303,39000,39000,0,0,0,0,0,848707,39,620264,39,622,622,1242,884,1,1000,870,622,622,622,621,621,22,1,39000,39,39,39,9,1242,9,1242,39000,39,39000,39,848707,39,14117957,0
19560,620508,39000,39000,0,0,0,0,0,848707,39,620469,39,623,623,1243,1089,2,0,1007,623,623,623,621,621,2,1,39000,39,39,39,9,1243,9,1243,39000,39,39000,39,848707,39,14122672,0
19570,620881,39000,39000,0,0,0,0,0,848707,39,620842,39,623,623,1243,1462,2,0,1007,623,623,623,621,621,12,1,39000,39,39,39,9,1243,9,1243,39000,39,39000,39,848707,39,14131251,0
19581,621119,39000,39000,0,0,0,0,0,848707,39,621080,39,623,623,1244,701,1,1000,692,623,623,623,622,622,22,1,39000,39,39,39,9,1244,9,1244,39000,39,39000,39,848707,39,14136748,0
19590,621402,39000,39000,0,0,0,0,0,848707,39,621363,39,623,623,1244,984,1,1000,692,623,623,623,622,622,30,1,39000,39,39,39,9,1244,9,1244,39000,39,39000,39,848707,39,14143257,0
19600,621773,39000,39000,0,0,0,0,0,848707,39,621734,39,624,624,1245,1355,2,0,1002,624,624,624,622,622,8,1,39000,39,39,39,9,1245,9,1245,39000,39,39000,39,848707,39,14151790,0
19610,621962,39000,39000,0,0,0,0,0,848707,39,621923,39,624,624,1246,545,1,1000,528,624,624,624,623,623,18,1,39000,39,39,39,9,1246,9,1246,39000,39,39000,39,848707,39,14156183,0
19620,622333,39000,39000,0,0,0,0,0,848707,39,622294,39,624,624,1246,916,1,1000,528,624,624,624,623,623,28,1,39000,39,39,39,9,1246,9,1246,39000,39,39000,39,848707,39,14164693,0
19630,622708,39000,39000,0,0,0,0,0,848707,39,622669,39,625,625,1247,1291,2,0,1012,625,625,625,623,623,6,1,39000,39,39,39,9,1247,9,1247,39000,39,39000,39,848707,39,14173318,0
19640,623076,39000,39000,0,0,0,0,0,848707,39,623037,39,625,625,1247,1659,2,0,1012,625,625,625,623,623,16,1,39000,39,39,39,9,1247,9,1247,39000,39,39000,39,848707,39,14181782,0
19650,623265,39000,39000,0,0,0,0,0,848707,39,623226,39,625,625,1248,849,1,1000,832,625,625,625,624,624,26,1,39000,39,39,39,9,1248,9,1248,39000,39,39000,39,848707,39,14186152,0
19660,623628,39000,39000,0,0,0,0,0,848707,39,623589,39,626,626,1249,1212,2,0,1039,626,626,626,624,624,4,1,39000,39,39,39,9,1249,9,1249,39000,39,39000,39,848707,39,14194501,0
19670,624003,39000,39000,0,0,0,0,0,848707,39,623964,39,626,626,1249,1587,2,0,1039,626,626,626,624,624,14,1,39000,39,39,39,9,1249,9,1249,39000,39,39000,39,848707,39,14203149,0
19680,624208,39000,39000,0,0,0,0,0,848707,39,624169,39,626,626,1250,793,1,1000,677,626,626,626,625,625,24,1,39000,39,39,39,9,1250,9,1250,39000,39,39000,39,848707,39,14207887,0
19690,624583,39000,39000,0,0,0,0,0,848707,39,624544,39,627,627,1251,1168,2,0,1073,627,627,627,625,625,2,1,39000,39,39,39,9,1251,9,1251,39000,39,39000,39,848707,39,14216489,0
19700,624950,39000,39000,0,0,0,0,0,848707,39,624911,39,627,627,1252,536,1,1000,533,627,627,627,626,626,12,1,39000,39,39,39,9,1252,9,1252,39000,39,39000,39,848707,39,14224953,0
19711,625150,39000,39000,0,0,0,0,0,848707,39,625111,39,627,627,1252,736,1,1000,533,627,627,627,626,626,22,1,39000,39,39,39,9,1252,9,1252,39000,39,39000,39,848707,39,14229553,0
19720,625484,39000,39000,0,0,0,0,0,848707,39,625445,39,627,627,1252,1070,2,1000,533,627,628,627,626,626,30,1,39000,39,39,39,9,1252,9,1252,39000,39,39000,39,848707,39,14237235,0
19730,625872,39000,39000,0,0,0,0,0,848707,39,625833,39,628,628,1253,1458,2,0,1070,628,628,628,626,626,10,1,39000,39,39,39,9,1253,9,1253,39000,39,39000,39,848707,39,14246159,0
19740,626244,39000,39000,0,0,0,0,0,848707,39,626205,39,628,628,1253,1830,2,0,1070,628,628,628,626,626,20,1,39000,39,39,39,9,1253,9,1253,39000,39,39000,39,848707,39,14254738,0
19750,626442,39000,39000,0,0,0,0,0,848707,39,626403,39,628,628,1254,1029,2,1000,867,628,629,628,627,627,28,1,39000,39,39,39,9,1254,9,1254,39000,39,39000,39,848707,39,14259292,0
19760,626812,39000,39000,0,0,0,0,0,848707,39,626773,39,629,629,1255,1399,2,0,1040,629,629,629,627,627,8,1,39000,39,39,39,9,1255,9,1255,39000,39,39000,39,848707,39,14267802,0
19770,627092,39000,39000,0,0,0,0,0,848707,39,627053,39,629,629,1256,680,1,1000,673,629,629,629,628,628,20,1,39000,39,39,39,9,1256,9,1256,39000,39,39000,39,848707,39,14274265,0
19780,627344,39000,39000,0,0,0,0,0,848707,39,627305,39,629,629,1256,932,1,1000,673,629,629,629,628,628,28,1,39000,39,39,39,9,1256,9,1256,39000,39,39000,39,848707,39,14280061,0
19790,627719,39000,39000,0,0,0,0,0,848707,39,627680,39,630,630,1257,1307,2,0,1039,630,630,630,628,628,6,1,39000,39,39,39,9,1257,9,1257,39000,39,39000,39,848707,39,14288686,0
19800,627945,39000,39000,0,0,0,0,0,848707,39,627906,39,630,630,1258,534,1,1000,513,630,630,630,629,629,16,1,39000,39,39,39,9,1258,9,1258,39000,39,39000,39,848707,39,14293907,0
19810,628191,39000,39000,0,0,0,0,0,848707,39,628152,39,630,630,1258,780,1,1000,513,630,630,630,629,629,26,1,39000,39,39,39,9,1258,9,1258,39000,39,39000,39,848707,39,14299565,0
19820,628565,39000,39000,0,0,0,0,0,848707,39,628526,39,631,631,1259,1154,2,0,1010,631,631,631,629,629,4,1,39000,39,39,39,9,1259,9,1259,39000,39,39000,39,848707,39,14308167,0
19830,628938,39000,39000,0,0,0,0,0,848707,39,628899,39,631,631,1259,1527,2,0,1010,631,631,631,629,629,14,1,39000,39,39,39,9,1259,9,1259,39000,39,39000,39,848707,39,14316792,0
19840,629138,39000,39000,0,0,0,0,0,848707,39,629099,39,631,631,1260,728,1,1000,605,631,631,631,630,630,24,1,39000,39,39,39,9,1260,9,1260,39000,39,39000,39,848707,39,14321369,0
19850,629474,39000,39000,0,0,0,0,0,848707,39,629435,39,632,632,1261,1064,2,0,1002,632,632,632,630,630,0,1,39000,39,39,39,9,1261,9,1261,39000,39,39000,39,848707,39,14329097,0
19860,629854,39000,39000,0,0,0,0,0,848707,39,629815,39,632,632,1261,1444,2,0,1002,632,632,632,630,630,10,1,39000,39,39,39,9,1261,9,1261,39000,39,39000,39,848707,39,14337837,0
19870,630229,39000,39000,0,0,0,0,0,848707,39,630190,39,632,632,1261,1819,2,0,1002,632,632,632,630,630,20,1,39000,39,39,39,9,1261,9,1261,39000,39,39000,39,848707,39,14346462,0
19880,630422,39000,39000,0,0,0,0,0,848707,39,630383,39,632,632,1262,1013,2,1000,932,632,633,632,631,631,30,1,39000,39,39,39,9,1262,9,1262,39000,39,39000,39,848707,39,14350924,0
19890,630804,39000,39000,0,0,0,0,0,848707,39,630765,39,633,633,1263,1395,2,0,1013,633,633,633,631,631,8,1,39000,39,39,39,9,1263,9,1263,39000,39,39000,39,848707,39,14359710,0
19900,630994,39000,39000,0,0,0,0,0,848707,39,630955,39,633,633,1264,586,1,1000,541,633,633,633,632,632,18,1,39000,39,39,39,9,1264,9,1264,39000,39,39000,39,848707,39,14364103,0
19910,631360,39000,39000,0,0,0,0,0,848707,39,631321,39,633,633,1264,952,1,1000,541,633,633,633,632,632,28,1,39000,39,39,39,9,1264,9,1264,39000,39,39000,39,848707,39,14372521,0
19920,631694,39000,39000,0,0,0,0,0,848707,39,631655,39,634,634,1265,1286,2,0,1037,634,634,634,632,632,6,1,39000,39,39,39,9,1265,9,1265,39000,39,39000,39,848707,39,14380226,0
19930,632038,39000,39000,0,0,0,0,0,848707,39,631999,39,634,634,1266,631,1,1000,618,634,634,634,633,633,16,1,39000,39,39,39,9,1266,9,1266,39000,39,39000,39,848707,39,14388138,0
19940,632280,39000,39000,0,0,0,0,0,848707,39,632241,39,634,634,1266,873,1,1000,618,634,634,634,633,633,26,1,39000,39,39,39,9,1266,9,1266,39000,39,39000,39,848707,39,14393704,0
19950,632643,39000,39000,0,0,0,0,0,848707,39,632604,39,635,635,1267,1236,2,0,1053,635,635,635,633,633,4,1,39000,39,39,39,9,1267,9,1267,39000,39,39000,39,848707,39,14402053,0
19960,633010,39000,39000,0,0,0,0,0,848707,39,632971,39,635,635,1267,1603,2,0,1053,635,635,635,633,633,14,1,39000,39,39,39,9,1267,9,1267,39000,39,39000,39,848707,39,14410494,0
19970,633214,39000,39000,0,0,0,0,0,848707,39,633175,39,635,635,1268,808,1,1000,772,635,635,635,634,634,24,1,39000,39,39,39,9,1268,9,1268,39000,39,39000,39,848707,39,14415255,0
19980,633589,39000,39000,0,0,0,0,0,848707,39,633550,39,636,636,1269,1183,2,0,1005,636,636,636,634,634,4,1,39000,39,39,39,9,1269,9,1269,39000,39,39000,39,848707,39,14423834,0
19990,633926,39000,39000,0,0,0,0,0,848707,39,633887,39,636,636,1269,1520,2,0,1005,636,636,636,634,634,14,1,39000,39,39,39,9,1269,9,1269,39000,39,39000,39,848707,39,14431585,0
20000,634178,39000,39000,0,0,0,0,0,848707,39,634139,39,636,636,1270,773,1,1000,768,636,636,636,635,635,24,1,39000,39,39,39,9,1270,9,1270,39000,39,39000,39,848707,39,14437404,0
20010,634485,39000,39000,0,0,0,0,0,848707,39,634446,39,637,637,1271,1080,2,0,1072,637,637,637,635,635,0,1,39000,39,39,39,9,1271,9,1271,39000,39,39000,39,848707,39,14444465,0
20020,634860,39000,39000,0,0,0,0,0,848707,39,634821,39,637,637,1271,1455,2,0,1072,637,637,637,635,635,10,1,39000,39,39,39,9,1271,9,1271,39000,39,39000,39,848707,39,14453113,0
20030,635045,39000,39000,0,0,0,0,0,848707,39,635006,39,637,637,1272,641,1,1000,572,637,637,637,636,636,18,1,39000,39,39,39,9,1272,9,1272,39000,39,39000,39,848707,39,14457368,0
20040,635430,39000,39000,0,0,0,0,0,848707,39,635391,39,638,638,1273,1026,2,0,1024,638,638,638,636,636,0,1,39000,39,39,39,9,1273,9,1273,39000,39,39000,39,848707,39,14466246,0
20050,635812,39000,39000,0,0,0,0,0,848707,39,635773,39,638,638,1273,1408,2,0,1024,638,638,638,636,636,10,1,39000,39,39,39,9,1273,9,1273,39000,39,39000,39,848707,39,14475009,0
20060,636148,39000,39000,0,0,0,0,0,848707,39,636109,39,638,638,1273,1744,2,0,1024,638,638,638,636,636,18,1,39000,39,39,39,9,1273,9,1273,39000,39,39000,39,848707,39,14482737,0
20070,636343,39000,39000,0,0,0,0,0,848707,39,636304,39,638,638,1274,940,1,1000,911,638,638,638,637,637,28,1,39000,39,39,39,9,1274,9,1274,39000,39,39000,39,848707,39,14487245,0
20080,636717,39000,39000,0,0,0,0,0,848707,39,636678,39,639,639,1275,1314,2,0,1034,639,639,639,637,637,6,1,39000,39,39,39,9,1275,9,1275,39000,39,39000,39,848707,39,14495847,0
20090,637083,39000,39000,0,0,0,0,0,848707,39,637044,39,639,639,1275,1680,2,0,1034,639,639,639,637,637,16,1,39000,39,39,39,9,1275,9,1275,39000,39,39000,39,848707,39,14504311,0
20100,637275,39000,39000,0,0,0,0,0,848707,39,637236,39,639,639,1276,873,1,1000,748,639,639,639,638,638,26,1,39000,39,39,39,9,1276,9,1276,39000,39,39000,39,848707,39,14508704,0
20110,637524,39000,39000,0,0,0,0,0,848707,39,637485,39,640,640,1277,1122,2,0,1020,640,640,640,638,638,2,1,39000,39,39,39,9,1277,9,1277,39000,39,39000,39,848707,39,14514454,0
20120,637888,39000,39000,0,0,0,0,0,848707,39,637849,39,640,640,1277,1486,2,0,1020,640,640,640,638,638,12,1,39000,39,39,39,9,1277,9,1277,39000,39,39000,39,848707,39,14522803,0
20130,638232,39000,39000,0,0,0,0,0,848707,39,638193,39,640,640,1277,1830,2,0,1020,640,640,640,638,638,22,1,39000,39,39,39,9,1277,9,1277,39000,39,39000,39,848707,39,14530715,0
20140,638428,39000,39000,0,0,0,0,0,848707,39,638389,39,641,641,1279,1027,2,0,1018,641,641,641,639,639,0,1,39000,39,39,39,9,1279,9,1279,39000,39,39000,39,848707,39,14535246,0
20150,638806,39000,39000,0,0,0,0,0,848707,39,638767,39,641,641,1279,1405,2,0,1018,641,641,641,639,639,10,1,39000,39,39,39,9,1279,9,1279,39000,39,39000,39,848707,39,14543940,0
20160,639100,39000,39000,0,0,0,0,0,848707,39,639061,39,641,641,1280,700,1,1000,695,641,641,641,640,640,20,1,39000,39,39,39,9,1280,9,1280,39000,39,39000,39,848707,39,14550725,0
20170,639370,39000,39000,0,0,0,0,0,848707,39,639331,39,641,641,1280,970,1,1000,695,641,641,641,640,640,30,1,39000,39,39,39,9,1280,9,1280,39000,39,39000,39,848707,39,14556935,0
20180,639750,39000,39000,0,0,0,0,0,848707,39,639711,39,642,642,1281,1350,2,0,1048,642,642,642,640,640,8,1,39000,39,39,39,9,1281,9,1281,39000,39,39000,39,848707,39,14565675,0
20190,639948,39000,39000,0,0,0,0,0,848707,39,639909,39,642,642,1282,549,1,1000,527,642,642,642,641,641,18,1,39000,39,39,39,9,1282,9,1282,39000,39,39000,39,848707,39,14570275,0
20200,640278,39000,39000,0,0,0,0,0,848707,39,640239,39,642,642,1282,879,1,1000,527,642,642,642,641,641,26,1,39000,39,39,39,9,1282,9,1282,39000,39,39000,39,848707,39,14577842,0
20210,640660,39000,39000,0,0,0,0,0,848707,39,640621,39,643,643,1283,1261,2,0,1054,643,643,643,641,641,4,1,39000,39,39,39,9,1283,9,1283,39000,39,39000,39,848707,39,14586628,0
20220,641042,39000,39000,0,0,0,0,0,848707,39,641003,39,643,643,1283,1643,2,0,1054,643,643,643,641,641,14,1,39000,39,39,39,9,1283,9,1283,39000,39,39000,39,848707,39,14595414,0
20230,641255,39000,39000,0,0,0,0,0,848707,39,641216,39,643,643,1284,857,1,1000,848,643,643,643,642,642,24,1,39000,39,39,39,9,1284,9,1284,39000,39,39000,39,848707,39,14600336,0
20240,641626,39000,39000,0,0,0,0,0,848707,39,641587,39,644,644,1285,1228,2,0,1034,644,644,644,642,642,4,1,39000,39,39,39,9,1285,9,1285,39000,39,39000,39,848707,39,14608892,0
20250,641993,39000,39000,0,0,0,0,0,848707,39,641954,39,644,644,1285,1595,2,0,1034,644,644,644,642,642,14,1,39000,39,39,39,9,1285,9,1285,39000,39,39000,39,848707,39,14617356,0
20260,642192,39000,39000,0,0,0,0,0,848707,39,642153,39,644,644,1286,795,1,1000,688,644,644,644,643,643,24,1,39000,39,39,39,9,1286,9,1286,39000,39,39000,39,848707,39,14621933,0
20270,642529,39000,39000,0,0,0,0,0,848707,39,642490,39,645,645,1287,1132,2,0,1035,645,645,645,643,643,2,1,39000,39,39,39,9,1287,9,1287,39000,39,39000,39,848707,39,14629661,0
20280,642912,39000,39000,0,0,0,0,0,848707,39,642873,39,645,645,1287,1515,2,0,1035,645,645,645,643,643,12,1,39000,39,39,39,9,1287,9,1287,39000,39,39000,39,848707,39,14638470,0
20290,643104,39000,39000,0,0,0,0,0,848707,39,643065,39,645,645,1288,708,1,1000,527,645,645,645,644,644,22,1,39000,39,39,39,9,1288,9,1288,39000,39,39000,39,848707,39,14642909,0
20300,643478,39000,39000,0,0,0,0,0,848707,39,643439,39,646,646,1289,1082,2,0,1045,646,646,646,644,644,0,1,39000,39,39,39,9,1289,9,1289,39000,39,39000,39,848707,39,14651534,0
20310,643857,39000,39000,0,0,0,0,0,848707,39,643818,39,646,646,1289,1461,2,0,1045,646,646,646,644,644,10,1,39000,39,39,39,9,1289,9,1289,39000,39,39000,39,848707,39,14660228,0
20320,644203,39000,39000,0,0,0,0,0,848707,39,644164,39,646,646,1290,808,1,1000,804,646,646,646,645,645,20,1,39000,39,39,39,9,1290,9,1290,39000,39,39000,39,848707,39,14668209,0
20330,644377,39000,39000,0,0,0,0,0,848707,39,644338,39,646,646,1290,982,1,1000,804,646,646,646,645,645,28,1,39000,39,39,39,9,1290,9,1290,39000,39,39000,39,848707,39,14672211,0
20340,644755,39000,39000,0,0,0,0,0,848707,39,644716,39,647,647,1291,1360,2,0,1063,647,647,647,645,645,6,1,39000,39,39,39,9,1291,9,1291,39000,39,39000,39,848707,39,14680905,0
20350,645054,39000,39000,0,0,0,0,0,848707,39,645015,39,647,647,1292,660,1,1000,643,647,647,647,646,646,18,1,39000,39,39,39,9,1292,9,1292,39000,39,39000,39,848707,39,14687805,0
20360,645335,39000,39000,0,0,0,0,0,848707,39,645296,39,647,647,1292,941,1,1000,643,647,647,647,646,646,28,1,39000,39,39,39,9,1292,9,1292,39000,39,39000,39,848707,39,14694268,0
20370,645693,39000,39000,0,0,0,0,0,848707,39,645654,39,648,648,1293,1299,2,0,1003,648,648,648,646,646,8,1,39000,39,39,39,9,1293,9,1293,39000,39,39000,39,848707,39,14702548,0
20380,646079,39000,39000,0,0,0,0,0,848707,39,646040,39,648,648,1293,1685,2,0,1003,648,648,648,646,646,16,1,39000,39,39,39,9,1293,9,1293,39000,39,39000,39,848707,39,14711380,0
20390,646265,39000,39000,0,0,0,0,0,848707,39,646226,39,648,648,1294,872,1,1000,732,648,648,648,647,647,26,1,39000,39,39,39,9,1294,9,1294,39000,39,39000,39,848707,39,14715704,0
20400,646594,39000,39000,0,0,0,0,0,848707,39,646555,39,649,649,1295,1201,2,0,1019,649,649,649,647,647,4,1,39000,39,39,39,9,1295,9,1295,39000,39,39000,39,848707,39,14723271,0
20410,646848,39000,39000,0,0,0,0,0,848707,39,646809,39,649,649,1295,1455,2,0,1019,649,649,649,647,647,14,1,39000,39,39,39,9,1295,9,1295,39000,39,39000,39,848707,39,14729090,0
20420,647041,39000,39000,0,0,0,0,0,848707,39,647002,39,649,649,1296,649,1,1000,610,649,649,649,648,648,24,1,39000,39,39,39,9,1296,9,1296,39000,39,39000,39,848707,39,14733552,0
20430,647415,39000,39000,0,0,0,0,0,848707,39,647376,39,649,649,1296,1023,2,1000,610,649,650,649,648,648,34,1,39000,39,39,39,9,1296,9,1296,39000,39,39000,39,848707,39,14742154,0
20440,647784,39000,39000,0,0,0,0,0,848707,39,647745,39,650,650,1297,1392,2,0,1071,650,650,650,648,648,8,1,39000,39,39,39,9,1297,9,1297,39000,39,39000,39,848707,39,14750641,0
20450,648134,39000,39000,0,0,0,0,0,848707,39,648095,39,650,650,1298,743,1,1000,733,650,650,650,649,649,18,1,39000,39,39,39,9,1298,9,1298,39000,39,39000,39,848707,39,14758714,0
20460,648356,39000,39000,0,0,0,0,0,848707,39,648317,39,650,650,1298,965,1,1000,733,650,650,650,649,649,28,1,39000,39,39,39,9,1298,9,1298,39000,39,39000,39,848707,39,14763843,0
20470,648693,39000,39000,0,0,0,0,0,848707,39,648654,39,651,651,1299,1302,2,0,1022,651,651,651,649,649,6,1,39000,39,39,39,9,1299,9,1299,39000,39,39000,39,848707,39,14771571,0
20480,649060,39000,39000,0,0,0,0,0,848707,39,649021,39,651,651,1299,1669,2,0,1022,651,651,651,649,649,16,1,39000,39,39,39,9,1299,9,1299,39000,39,39000,39,848707,39,14780035,0
20490,649257,39000,39000,0,0,0,0,0,848707,39,649218,39,651,651,1300,867,1,1000,784,651,651,651,650,650,26,1,39000,39,39,39,9,1300,9,1300,39000,39,39000,39,848707,39,14784566,0
20500,649630,39000,39000,0,0,0,0,0,848707,39,649591,39,652,652,1301,1240,2,0,1020,652,652,652,650,650,4,1,39000,39,39,39,9,1301,9,1301,39000,39,39000,39,848707,39,14793145,0
20510,650002,39000,39000,0,0,0,0,0,848707,39,649963,39,652,652,1301,1612,2,0,1020,652,652,652,650,650,16,1,39000,39,39,39,9,1301,9,1301,39000,39,39000,39,848707,39,14801701,0
20520,650195,39000,39000,0,0,0,0,0,848707,39,650156,39,652,652,1302,806,1,1000,618,652,652,652,651,651,24,1,39000,39,39,39,9,1302,9,1302,39000,39,39000,39,848707,39,14806163,0
20530,650571,39000,39000,0,0,0,0,0,848707,39,650532,39,653,653,1303,1182,2,0,1046,653,653,653,651,651,2,1,39000,39,39,39,9,1303,9,1303,39000,39,39000,39,848707,39,14814857,0
20540,650920,39000,39000,0,0,0,0,0,848707,39,650881,39,653,653,1303,1531,2,0,1046,653,653,653,651,651,12,1,39000,39,39,39,9,1303,9,1303,39000,39,39000,39,848707,39,14822838,0
20550,651253,39000,39000,0,0,0,0,0,848707,39,651214,39,653,653,1304,865,1,1000,861,653,653,653,652,652,22,1,39000,39,39,39,9,1304,9,1304,39000,39,39000,39,848707,39,14830520,0
20560,651487,39000,39000,0,0,0,0,0,848707,39,651448,39,654,654,1305,1099,2,0,1056,654,654,654,652,652,0,1,39000,39,39,39,9,1305,9,1305,39000,39,39000,39,848707,39,14835902,0
20570,651867,39000,39000,0,0,0,0,0,848707,39,651828,39,654,654,1305,1479,2,0,1056,654,654,654,652,652,10,1,39000,39,39,39,9,1305,9,1305,39000,39,39000,39,848707,39,14844642,0
20580,652160,39000,39000,0,0,0,0,0,848707,39,652121,39,654,654,1306,773,1,1000,764,654,654,654,653,653,20,1,39000,39,39,39,9,1306,9,1306,39000,39,39000,39,848707,39,14851404,0
20590,652445,39000,39000,0,0,0,0,0,848707,39,652406,39,655,655,1307,1058,2,0,1024,655,655,655,653,653,0,1,39000,39,39,39,9,1307,9,1307,39000,39,39000,39,848707,39,14857959,0
20600,652815,39000,39000,0,0,0,0,0,848707,39,652776,39,655,655,1307,1428,2,0,1024,655,655,655,653,653,10,1,39000,39,39,39,9,1307,9,1307,39000,39,39000,39,848707,39,14866469,0
20610,652966,39000,39000,0,0,0,0,0,848707,39,652927,39,655,655,1308,580,1,1000,573,655,655,655,654,654,20,1,39000,39,39,39,9,1308,9,1308,39000,39,39000,39,848707,39,14869965,0
20620,653343,39000,39000,0,0,0,0,0,848707,39,653304,39,655,655,1308,957,1,1000,573,655,655,655,654,654,30,1,39000,39,39,39,9,1308,9,1308,39000,39,39000,39,848707,39,14878636,0
20630,653713,39000,39000,0,0,0,0,0,848707,39,653674,39,656,656,1309,1327,2,0,1023,656,656,656,654,654,8,1,39000,39,39,39,9,1309,9,1309,39000,39,39000,39,848707,39,14887169,0
20640,654093,39000,39000,0,0,0,0,0,848707,39,654054,39,656,656,1309,1707,2,0,1023,656,656,656,654,654,18,1,39000,39,39,39,9,1309,9,1309,39000,39,39000,39,848707,39,14895955,0
20650,654294,39000,39000,0,0,0,0,0,848707,39,654255,39,656,656,1310,909,1,1000,906,656,656,656,655,655,28,1,39000,39,39,39,9,1310,9,1310,39000,39,39000,39,848707,39,14900532,0
20660,654655,39000,39000,0,0,0,0,0,848707,39,654616,39,657,657,1311,1270,2,0,1041,657,657,657,655,655,6,1,39000,39,39,39,9,1311,9,1311,39000,39,39000,39,848707,39,14908858,0
20671,655023,39000,39000,0,0,0,0,0,848707,39,654984,39,657,657,1311,1638,2,0,1041,657,657,657,655,655,16,1,39000,39,39,39,9,1311,9,1311,39000,39,39000,39,848707,39,14917299,0
20680,655176,39000,39000,0,0,0,0,0,848707,39,655137,39,657,657,1312,792,1,1000,734,657,657,657,656,656,24,1,39000,39,39,39,9,1312,9,1312,39000,39,39000,39,848707,39,14920841,0
20690,655539,39000,39000,0,0,0,0,0,848707,39,655500,39,658,658,1313,1155,2,0,1039,658,658,658,656,656,2,1,39000,39,39,39,9,1313,9,1313,39000,39,39000,39,848707,39,14929190,0
20700,655910,39000,39000,0,0,0,0,0,848707,39,655871,39,658,658,1313,1526,2,0,1039,658,658,658,656,656,12,1,39000,39,39,39,9,1313,9,1313,39000,39,39000,39,848707,39,14937746,0
20710,655991,39000,39000,0,0,0,0,0,848707,39,655952,39,658,658,1314,608,1,1000,540,658,658,658,657,657,22,1,39000,39,39,39,9,1314,9,1314,39000,39,39000,39,848707,39,14939609,0
20720,656357,39000,39000,0,0,0,0,0,848707,39,656318,39,658,658,1314,974,1,1000,540,658,658,658,657,657,32,1,39000,39,39,39,9,1314,9,1314,39000,39,39000,39,848707,39,14948027,0
20730,656729,39000,39000,0,0,0,0,0,848707,39,656690,39,659,659,1315,1346,2,0,1112,659,659,659,657,657,6,1,39000,39,39,39,9,1315,9,1315,39000,39,39000,39,848707,39,14956583,0
20740,656993,39000,39000,0,0,0,0,0,848707,39,656954,39,659,659,1316,611,1,1000,600,659,659,659,658,658,14,1,39000,39,39,39,9,1316,9,1316,39000,39,39000,39,848707,39,14962678,0
20750,657245,39000,39000,0,0,0,0,0,848707,39,657206,39,659,659,1316,863,1,1000,600,659,659,659,658,658,24,1,39000,39,39,39,9,1316,9,1316,39000,39,39000,39,848707,39,14968474,0
20760,657620,39000,39000,0,0,0,0,0,848707,39,657581,39,660,660,1317,1238,2,0,1025,660,660,660,658,658,4,1,39000,39,39,39,9,1317,9,1317,39000,39,39000,39,848707,39,14977122,0
20770,657977,39000,39000,0,0,0,0,0,848707,39,657938,39,660,660,1317,1595,2,0,1025,660,660,660,658,658,14,1,39000,39,39,39,9,1317,9,1317,39000,39,39000,39,848707,39,14985310,0
20780,658296,39000,39000,0,0,0,0,0,848707,39,658257,39,660,660,1318,915,1,1000,912,660,660,660,659,659,24,1,39000,39,39,39,9,1318,9,1318,39000,39,39000,39,848707,39,14992670,0
20790,658539,39000,39000,0,0,0,0,0,848707,39,658500,39,661,661,1319,1158,2,0,1009,661,661,661,659,659,2,1,39000,39,39,39,9,1319,9,1319,39000,39,39000,39,848707,39,14998282,0
20800,658901,39000,39000,0,0,0,0,0,848707,39,658862,39,661,661,1319,1520,2,0,1009,661,661,661,659,659,12,1,39000,39,39,39,9,1319,9,1319,39000,39,39000,39,848707,39,15006608,0
20810,659147,39000,39000,0,0,0,0,0,848707,39,659108,39,661,661,1320,767,1,1000,759,661,661,661,660,660,22,1,39000,39,39,39,9,1320,9,1320,39000,39,39000,39,848707,39,15012266,0
20820,659421,39000,39000,0,0,0,0,0,848707,39,659382,39,662,662,1321,1041,2,0,1020,662,662,662,660,660,0,1,39000,39,39,39,9,1321,9,1321,39000,39,39000,39,848707,39,15018568,0
20830,659792,39000,39000,0,0,0,0,0,848707,39,659753,39,662,662,1321,1412,2,0,1020,662,662,662,660,660,10,1,39000,39,39,39,9,1321,9,1321,39000,39,39000,39,848707,39,15027101,0
20840,659985,39000,39000,0,0,0,0,0,848707,39,659946,39,662,662,1322,606,1,1000,593,662,662,662,661,661,20,1,39000,39,39,39,9,1322,9,1322,39000,39,39000,39,848707,39,15031563,0
20850,660361,39000,39000,0,0,0,0,0,848707,39,660322,39,662,662,1322,982,1,1000,593,662,662,662,661,661,30,1,39000,39,39,39,9,1322,9,1322,39000,39,39000,39,848707,39,15040211,0
20860,660734,39000,39000,0,0,0,0,0,848707,39,660695,39,663,663,1323,1355,2,0,1016,663,663,663,661,661,8,1,39000,39,39,39,9,1323,9,1323,39000,39,39000,39,848707,39,15048790,0
20870,661102,39000,39000,0,0,0,0,0,848707,39,661063,39,663,663,1323,1723,2,0,1016,663,663,663,661,661,18,1,39000,39,39,39,9,1323,9,1323,39000,39,39000,39,848707,39,15057300,0
20880,661276,39000,39000,0,0,0,0,0,848707,39,661237,39,663,663,1324,898,1,1000,895,663,663,663,662,662,26,1,39000,39,39,39,9,1324,9,1324,39000,39,39000,39,848707,39,15061279,0
20890,661630,39000,39000,0,0,0,0,0,848707,39,661591,39,664,664,1325,1252,2,0,1037,664,664,664,662,662,4,1,39000,39,39,39,9,1325,9,1325,39000,39,39000,39,848707,39,15069421,0
20900,662005,39000,39000,0,0,0,0,0,848707,39,661966,39,664,664,1325,1627,2,0,1037,664,664,664,662,662,16,1,39000,39,39,39,9,1325,9,1325,39000,39,39000,39,848707,39,15078046,0
20910,662198,39000,39000,0,0,0,0,0,848707,39,662159,39,664,664,1326,821,1,1000,707,664,664,664,663,663,26,1,39000,39,39,39,9,1326,9,1326,39000,39,39000,39,848707,39,15082508,0
20920,662568,39000,39000,0,0,0,0,0,848707,39,662529,39,665,665,1327,1191,2,0,1028,665,665,665,663,663,4,1,39000,39,39,39,9,1327,9,1327,39000,39,39000,39,848707,39,15091018,0
20930,662921,39000,39000,0,0,0,0,0,848707,39,662882,39,665,665,1328,545,1,1000,540,665,665,665,664,664,14,1,39000,39,39,39,9,1328,9,1328,39000,39,39000,39,848707,39,15099160,0
20940,663130,39000,39000,0,0,0,0,0,848707,39,663091,39,665,665,1328,754,1,1000,540,665,665,665,664,664,22,1,39000,39,39,39,9,1328,9,1328,39000,39,39000,39,848707,39,15103967,0
20950,663469,39000,39000,0,0,0,0,0,848707,39,663430,39,666,666,1329,1093,2,0,1053,666,666,666,664,664,0,1,39000,39,39,39,9,1329,9,1329,39000,39,39000,39,848707,39,15111764,0
20960,663842,39000,39000,0,0,0,0,0,848707,39,663803,39,666,666,1329,1466,2,0,1053,666,666,666,664,664,10,1,39000,39,39,39,9,1329,9,1329,39000,39,39000,39,848707,39,15120343,0
20970,664205,39000,39000,0,0,0,0,0,848707,39,664166,39,666,666,1329,1829,2,0,1053,666,666,666,664,664,20,1,39000,39,39,39,9,1329,9,1329,39000,39,39000,39,848707,39,15128692,0
20980,664391,39000,39000,0,0,0,0,0,848707,39,664352,39,666,666,1330,1016,2,1000,846,666,667,666,665,665,30,1,39000,39,39,39,9,1330,9,1330,39000,39,39000,39,848707,39,15132993,0
20990,664762,39000,39000,0,0,0,0,0,848707,39,664723,39,667,667,1331,1387,2,0,1036,667,667,667,665,665,8,1,39000,39,39,39,9,1331,9,1331,39000,39,39000,39,848707,39,15141526,0
21000,665042,39000,39000,0,0,0,0,0,848707,39,665003,39,667,667,1332,668,1,1000,661,667,667,667,666,666,18,1,39000,39,39,39,9,1332,9,1332,39000,39,39000,39,848707,39,15147989,0
21010,665276,39000,39000,0,0,0,0,0,848707,39,665237,39,667,667,1332,902,1,1000,661,667,667,667,666,666,27,1,39000,39,39,39,9,1332,9,1332,39000,39,39000,39,848707,39,15153371,0
21020,665639,39000,39000,0,0,0,0,0,848707,39,665600,39,668,668,1333,1265,2,0,1063,668,668,668,666,666,4,1,39000,39,39,39,9,1333,9,1333,39000,39,39000,39,848707,39,15161720,0
21030,666009,39000,39000,0,0,0,0,0,848707,39,665970,39,668,668,1333,1635,2,0,1063,668,668,668,666,666,14,1,39000,39,39,39,9,1333,9,1333,39000,39,39000,39,848707,39,15170253,0
21040,666278,39000,39000,0,0,0,0,0,848707,39,666239,39,668,668,1334,905,1,1000,900,668,668,668,667,667,24,1,39000,39,39,39,9,1334,9,1334,39000,39,39000,39,848707,39,15176440,0
21050,666560,39000,39000,0,0,0,0,0,848707,39,666521,39,669,669,1335,1187,2,0,1040,669,669,669,667,667,4,1,39000,39,39,39,9,1335,9,1335,39000,39,39000,39,848707,39,15182949,0
21060,666932,39000,39000,0,0,0,0,0,848707,39,666893,39,669,669,1335,1559,2,0,1040,669,669,669,667,667,14,1,39000,39,39,39,9,1335,9,1335,39000,39,39000,39,848707,39,15191482,0
21070,667112,39000,39000,0,0,0,0,0,848707,39,667073,39,669,669,1336,740,1,1000,714,669,669,669,668,668,22,1,39000,39,39,39,9,1336,9,1336,39000,39,39000,39,848707,39,15195645,0
21080,667446,39000,39000,0,0,0,0,0,848707,39,667407,39,670,670,1337,1074,2,0,1049,670,670,670,668,668,0,1,39000,39,39,39,9,1337,9,1337,39000,39,39000,39,848707,39,15203327,0
21090,667815,39000,39000,0,0,0,0,0,848707,39,667776,39,670,670,1337,1443,2,0,1049,670,670,670,668,668,10,1,39000,39,39,39,9,1337,9,1337,39000,39,39000,39,848707,39,15211814,0
21100,668005,39000,39000,0,0,0,0,0,848707,39,667966,39,670,670,1338,634,1,1000,548,670,670,670,669,669,20,1,39000,39,39,39,9,1338,9,1338,39000,39,39000,39,848707,39,15216207,0
21110,668378,39000,39000,0,0,0,0,0,848707,39,668339,39,670,670,1338,1007,2,1000,548,670,671,670,669,669,30,1,39000,39,39,39,9,1338,9,1338,39000,39,39000,39,848707,39,15224786,0
21120,668753,39000,39000,0,0,0,0,0,848707,39,668714,39,671,671,1339,1382,2,0,1039,671,671,671,669,669,8,1,39000,39,39,39,9,1339,9,1339,39000,39,39000,39,848707,39,15233411,0
21130,669137,39000,39000,0,0,0,0,0,848707,39,669098,39,671,671,1339,1766,2,0,1039,671,671,671,669,669,18,1,39000,39,39,39,9,1339,9,1339,39000,39,39000,39,848707,39,15242243,0
21140,669327,39000,39000,0,0,0,0,0,848707,39,669288,39,671,671,1340,957,1,1000,800,671,671,671,670,670,28,1,39000,39,39,39,9,1340,9,1340,39000,39,39000,39,848707,39,15246636,0
21150,669654,39000,39000,0,0,0,0,0,848707,39,669615,39,672,672,1341,1284,2,0,1060,672,672,672,670,670,6,1,39000,39,39,39,9,1341,9,1341,39000,39,39000,39,848707,39,15254157,0
21160,670013,39000,39000,0,0,0,0,0,848707,39,669974,39,672,672,1341,1643,2,0,1060,672,672,672,670,670,16,1,39000,39,39,39,9,1341,9,1341,39000,39,39000,39,848707,39,15262437,0
21170,670200,39000,39000,0,0,0,0,0,848707,39,670161,39,672,672,1342,831,1,1000,694,672,672,672,671,671,26,1,39000,39,39,39,9,1342,9,1342,39000,39,39000,39,848707,39,15266761,0
21180,670575,39000,39000,0,0,0,0,0,848707,39,670536,39,673,673,1343,1206,2,0,1038,673,673,673,671,671,4,1,39000,39,39,39,9,1343,9,1343,39000,39,39000,39,848707,39,15275363,0
21190,670868,39000,39000,0,0,0,0,0,848707,39,670829,39,673,673,1344,500,1,1000,496,673,673,673,672,672,14,1,39000,39,39,39,9,1344,9,1344,39000,39,39000,39,848707,39,15282125,0
21200,671114,39000,39000,0,0,0,0,0,848707,39,671075,39,673,673,1344,746,1,1000,496,673,673,673,672,672,24,1,39000,39,39,39,9,1344,9,1344,39000,39,39000,39,848707,39,15287783,0
21211,671481,39000,39000,0,0,0,0,0,848707,39,671442,39,674,674,1345,1113,2,0,1012,674,674,674,672,672,2,1,39000,39,39,39,9,1345,9,1345,39000,39,39000,39,848707,39,15296270,0
21220,671815,39000,39000,0,0,0,0,0,848707,39,671776,39,674,674,1345,1447,2,0,1012,674,674,674,672,672,10,1,39000,39,39,39,9,1345,9,1345,39000,39,39000,39,848707,39,15303906,0
21230,672177,39000,39000,0,0,0,0,0,848707,39,672138,39,674,674,1345,1809,2,0,1012,674,674,674,672,672,20,1,39000,39,39,39,9,1345,9,1345,39000,39,39000,39,848707,39,15312232,0
21240,672373,39000,39000,0,0,0,0,0,848707,39,672334,39,674,674,1346,1006,2,1000,824,674,675,674,673,673,30,1,39000,39,39,39,9,1346,9,1346,39000,39,39000,39,848707,39,15316763,0
21250,672737,39000,39000,0,0,0,0,0,848707,39,672698,39,675,675,1347,1370,2,0,1024,675,675,675,673,673,8,1,39000,39,39,39,9,1347,9,1347,39000,39,39000,39,848707,39,15325158,0
21260,672988,39000,39000,0,0,0,0,0,848707,39,672949,39,675,675,1348,622,1,1000,616,675,675,675,674,674,18,1,39000,39,39,39,9,1348,9,1348,39000,39,39000,39,848707,39,15330931,0
21270,673290,39000,39000,0,0,0,0,0,848707,39,673251,39,675,675,1348,924,1,1000,616,675,675,675,674,674,28,1,39000,39,39,39,9,1348,9,1348,39000,39,39000,39,848707,39,15337877,0
21280,673663,39000,39000,0,0,0,0,0,848707,39,673624,39,676,676,1349,1297,2,0,1004,676,676,676,674,674,6,1,39000,39,39,39,9,1349,9,1349,39000,39,39000,39,848707,39,15346479,0
21290,673814,39000,39000,0,0,0,0,0,848707,39,673775,39,676,676,1350,449,1,1000,430,676,676,676,675,675,16,1,39000,39,39,39,9,1350,9,1350,39000,39,39000,39,848707,39,15349952,0
21300,674177,39000,39000,0,0,0,0,0,848707,39,674138,39,676,676,1350,812,1,1000,430,676,676,676,675,675,26,1,39000,39,39,39,9,1350,9,1350,39000,39,39000,39,848707,39,15358301,0
21310,674439,39000,39000,0,0,0,0,0,848707,39,674400,39,677,677,1351,1074,2,0,1049,677,677,677,675,675,0,1,39000,39,39,39,9,1351,9,1351,39000,39,39000,39,848707,39,15364327,0
21320,674814,39000,39000,0,0,0,0,0,848707,39,674775,39,677,677,1351,1449,2,0,1049,677,677,677,675,675,10,1,39000,39,39,39,9,1351,9,1351,39000,39,39000,39,848707,39,15372952,0
21330,675017,39000,39000,0,0,0,0,0,848707,39,674978,39,677,677,1352,653,1,1000,551,677,677,677,676,676,20,1,39000,39,39,39,9,1352,9,1352,39000,39,39000,39,848707,39,15377667,0
21340,675383,39000,39000,0,0,0,0,0,848707,39,675344,39,677,677,1352,1019,2,1000,551,677,678,677,676,676,30,1,39000,39,39,39,9,1352,9,1352,39000,39,39000,39,848707,39,15386062,0
21350,675720,39000,39000,0,0,0,0,0,848707,39,675681,39,678,678,1353,1356,2,0,1052,678,678,678,676,676,8,1,39000,39,39,39,9,1353,9,1353,39000,39,39000,39,848707,39,15393813,0
21360,676084,39000,39000,0,0,0,0,0,848707,39,676045,39,678,678,1353,1720,2,0,1052,678,678,678,676,676,16,1,39000,39,39,39,9,1353,9,1353,39000,39,39000,39,848707,39,15402185,0
21370,676284,39000,39000,0,0,0,0,0,848707,39,676245,39,678,678,1354,921,1,1000,842,678,678,678,677,677,26,1,39000,39,39,39,9,1354,9,1354,39000,39,39000,39,848707,39,15406808,0
21380,676654,39000,39000,0,0,0,0,0,848707,39,676615,39,679,679,1355,1291,2,0,1004,679,679,679,677,677,6,1,39000,39,39,39,9,1355,9,1355,39000,39,39000,39,848707,39,15415341,0
21390,677018,39000,39000,0,0,0,0,0,848707,39,676979,39,679,679,1355,1655,2,0,1004,679,679,679,677,677,16,1,39000,39,39,39,9,1355,9,1355,39000,39,39000,39,848707,39,15423690,0
21400,677211,39000,39000,0,0,0,0,0,848707,39,677172,39,679,679,1356,849,1,1000,656,679,679,679,678,678,28,1,39000,39,39,39,9,1356,9,1356,39000,39,39000,39,848707,39,15428152,0
21410,677582,39000,39000,0,0,0,0,0,848707,39,677543,39,680,680,1357,1220,2,0,1068,680,680,680,678,678,4,1,39000,39,39,39,9,1357,9,1357,39000,39,39000,39,848707,39,15436708,0
21420,677841,39000,39000,0,0,0,0,0,848707,39,677802,39,680,680,1358,480,1,1000,473,680,680,680,679,679,12,1,39000,39,39,39,9,1358,9,1358,39000,39,39000,39,848707,39,15442665,0
21430,678109,39000,39000,0,0,0,0,0,848707,39,678070,39,680,680,1358,748,1,1000,473,680,680,680,679,679,22,1,39000,39,39,39,9,1358,9,1358,39000,39,39000,39,848707,39,15448829,0
21440,678492,39000,39000,0,0,0,0,0,848707,39,678453,39,681,681,1359,1131,2,0,1017,681,681,681,679,679,2,1,39000,39,39,39,9,1359,9,1359,39000,39,39000,39,848707,39,15457638,0
21450,678850,39000,39000,0,0,0,0,0,848707,39,678811,39,681,681,1359,1489,2,0,1017,681,681,681,679,679,12,1,39000,39,39,39,9,1359,9,1359,39000,39,39000,39,848707,39,15465872,0
21460,679150,39000,39000,0,0,0,0,0,848707,39,679111,39,681,681,1360,790,1,1000,788,681,681,681,680,680,22,1,39000,39,39,39,9,1360,9,1360,39000,39,39000,39,848707,39,15472795,0
21470,679417,39000,39000,0,0,0,0,0,848707,39,679378,39,682,682,1361,1057,2,0,1006,682,682,682,680,680,0,1,39000,39,39,39,9,1361,9,1361,39000,39,39000,39,848707,39,15478959,0
21480,679785,39000,39000,0,0,0,0,0,848707,39,679746,39,682,682,1361,1425,2,0,1006,682,682,682,680,680,10,1,39000,39,39,39,9,1361,9,1361,39000,39,39000,39,848707,39,15487400,0
21490,679952,39000,39000,0,0,0,0,0,848707,39,679913,39,682,682,1362,593,1,1000,585,682,682,682,681,681,20,1,39000,39,39,39,9,1362,9,1362,39000,39,39000,39,848707,39,15491264,0
21500,680310,39000,39000,0,0,0,0,0,848707,39,680271,39,682,682,1362,951,1,1000,585,682,682,682,681,681,30,1,39000,39,39,39,9,1362,9,1362,39000,39,39000,39,848707,39,15499498,0
21510,680680,39000,39000,0,0,0,0,0,848707,39,680641,39,683,683,1363,1321,2,0,1020,683,683,683,681,681,8,1,39000,39,39,39,9,1363,9,1363,39000,39,39000,39,848707,39,15508008,0
21520,681051,39000,39000,0,0,0,0,0,848707,39,681012,39,683,683,1363,1692,2,0,1020,683,683,683,681,681,18,1,39000,39,39,39,9,1363,9,1363,39000,39,39000,39,848707,39,15516564,0
21530,681235,39000,39000,0,0,0,0,0,848707,39,681196,39,683,683,1364,877,1,1000,807,683,683,683,682,682,28,1,39000,39,39,39,9,1364,9,1364,39000,39,39000,39,848707,39,15520819,0
21540,681606,39000,39000,0,0,0,0,0,848707,39,681567,39,684,684,1365,1248,2,0,1008,684,684,684,682,682,6,1,39000,39,39,39,9,1365,9,1365,39000,39,39000,39,848707,39,15529329,0
21551,681959,39000,39000,0,0,0,0,0,848707,39,681920,39,684,684,1365,1601,2,0,1008,684,684,684,682,682,16,1,39000,39,39,39,9,1365,9,1365,39000,39,39000,39,848707,39,15537448,0
21560,682118,39000,39000,0,0,0,0,0,848707,39,682079,39,684,684,1366,761,1,1000,696,684,684,684,683,683,24,1,39000,39,39,39,9,1366,9,1366,39000,39,39000,39,848707,39,15541128,0
21570,682484,39000,39000,0,0,0,0,0,848707,39,682445,39,685,685,1367,1127,2,0,1001,685,685,685,683,683,2,1,39000,39,39,39,9,1367,9,1367,39000,39,39000,39,848707,39,15549569,0
21580,682847,39000,39000,0,0,0,0,0,848707,39,682808,39,685,685,1367,1490,2,0,1001,685,685,685,683,683,12,1,39000,39,39,39,9,1367,9,1367,39000,39,39000,39,848707,39,15557895,0
21590,683055,39000,39000,0,0,0,0,0,848707,39,683016,39,685,685,1368,699,1,1000,495,685,685,685,684,684,22,1,39000,39,39,39,9,1368,9,1368,39000,39,39000,39,848707,39,15562702,0
21600,683426,39000,39000,0,0,0,0,0,848707,39,683387,39,686,686,1369,1070,2,0,1004,686,686,686,684,684,0,1,39000,39,39,39,9,1369,9,1369,39000,39,39000,39,848707,39,15571235,0
21610,683693,39000,39000,0,0,0,0,0,848707,39,683654,39,686,686,1369,1337,2,0,1004,686,686,686,684,684,10,1,39000,39,39,39,9,1369,9,1369,39000,39,39000,39,848707,39,15577399,0
21620,684015,39000,39000,0,0,0,0,0,848707,39,683976,39,686,686,1370,660,1,1000,656,686,686,686,685,685,21,1,39000,39,39,39,9,1370,9,1370,39000,39,39000,39,848707,39,15584828,0
21630,684219,39000,39000,0,0,0,0,0,848707,39,684180,39,686,686,1370,864,1,1000,656,686,686,686,685,685,31,1,39000,39,39,39,9,1370,9,1370,39000,39,39000,39,848707,39,15589497,0
21640,684597,39000,39000,0,0,0,0,0,848707,39,684558,39,687,687,1371,1242,2,0,1027,687,687,687,685,685,4,1,39000,39,39,39,9,1371,9,1371,39000,39,39000,39,848707,39,15598191,0
21650,684861,39000,39000,0,0,0,0,0,848707,39,684822,39,687,687,1372,507,1,1000,501,687,687,687,686,686,14,1,39000,39,39,39,9,1372,9,1372,39000,39,39000,39,848707,39,15604286,0
21660,685158,39000,39000,0,0,0,0,0,848707,39,685119,39,687,687,1372,804,1,1000,501,687,687,687,686,686,24,1,39000,39,39,39,9,1372,9,1372,39000,39,39000,39,848707,39,15611117,0
21670,685534,39000,39000,0,0,0,0,0,848707,39,685495,39,688,688,1373,1180,2,0,1029,688,688,688,686,686,4,1,39000,39,39,39,9,1373,9,1373,39000,39,39000,39,848707,39,15619765,0
21680,685905,39000,39000,0,0,0,0,0,848707,39,685866,39,688,688,1373,1551,2,0,1029,688,688,688,686,686,14,1,39000,39,39,39,9,1373,9,1373,39000,39,39000,39,848707,39,15628298,0
21690,686192,39000,39000,0,0,0,0,0,848707,39,686153,39,688,688,1374,839,1,1000,815,688,688,688,687,687,22,1,39000,39,39,39,9,1374,9,1374,39000,39,39000,39,848707,39,15634922,0
21700,686446,39000,39000,0,0,0,0,0,848707,39,686407,39,689,689,1375,1093,2,0,1036,689,689,689,687,687,0,1,39000,39,39,39,9,1375,9,1375,39000,39,39000,39,848707,39,15640787,0
21710,686813,39000,39000,0,0,0,0,0,848707,39,686774,39,689,689,1375,1460,2,0,1036,689,689,689,687,687,10,1,39000,39,39,39,9,1375,9,1375,39000,39,39000,39,848707,39,15649205,0
21720,687008,39000,39000,0,0,0,0,0,848707,39,686969,39,689,689,1376,656,1,1000,647,689,689,689,688,688,20,1,39000,39,39,39,9,1376,9,1376,39000,39,39000,39,848707,39,15653713,0
21730,687371,39000,39000,0,0,0,0,0,848707,39,687332,39,689,689,1376,1019,2,1000,647,689,690,689,688,688,30,1,39000,39,39,39,9,1376,9,1376,39000,39,39000,39,848707,39,15662062,0
21740,687736,39000,39000,0,0,0,0,0,848707,39,687697,39,690,690,1377,1384,2,0,1043,690,690,690,688,688,8,1,39000,39,39,39,9,1377,9,1377,39000,39,39000,39,848707,39,15670457,0
21750,687930,39000,39000,0,0,0,0,0,848707,39,687891,39,690,690,1378,579,1,1000,450,690,690,690,689,689,18,1,39000,39,39,39,9,1378,9,1378,39000,39,39000,39,848707,39,15674942,0
21760,688259,39000,39000,0,0,0,0,0,848707,39,688220,39,690,690,1378,908,1,1000,450,690,690,690,689,689,28,1,39000,39,39,39,9,1378,9,1378,39000,39,39000,39,848707,39,15682532,0
21770,688641,39000,39000,0,0,0,0,0,848707,39,688602,39,691,691,1379,1290,2,0,1034,691,691,691,689,689,6,1,39000,39,39,39,9,1379,9,1379,39000,39,39000,39,848707,39,15691295,0
21780,689001,39000,39000,0,0,0,0,0,848707,39,688962,39,691,691,1379,1650,2,0,1034,691,691,691,689,689,16,1,39000,39,39,39,9,1379,9,1379,39000,39,39000,39,848707,39,15699575,0
21790,689193,39000,39000,0,0,0,0,0,848707,39,689154,39,691,691,1380,843,1,1000,760,691,691,691,690,690,26,1,39000,39,39,39,9,1380,9,1380,39000,39,39000,39,848707,39,15704014,0
21800,689574,39000,39000,0,0,0,0,0,848707,39,689535,39,692,692,1381,1224,2,0,1048,692,692,692,690,690,4,1,39000,39,39,39,9,1381,9,1381,39000,39,39000,39,848707,39,15712777,0
21810,689924,39000,39000,0,0,0,0,0,848707,39,689885,39,692,692,1382,575,1,1000,568,692,692,692,691,691,14,1,39000,39,39,39,9,1382,9,1382,39000,39,39000,39,848707,39,15720850,0
21820,690102,39000,39000,0,0,0,0,0,848707,39,690063,39,692,692,1382,753,1,1000,568,692,692,692,691,691,22,1,39000,39,39,39,9,1382,9,1382,39000,39,39000,39,848707,39,15724967,0
21830,690479,39000,39000,0,0,0,0,0,848707,39,690440,39,693,693,1383,1130,2,0,1056,693,693,693,691,691,2,1,39000,39,39,39,9,1383,9,1383,39000,39,39000,39,848707,39,15733615,0
21840,690840,39000,39000,0,0,0,0,0,848707,39,690801,39,693,693,1383,1491,2,0,1056,693,693,693,691,691,12,1,39000,39,39,39,9,1383,9,1383,39000,39,39000,39,848707,39,15741918,0
21850,691181,39000,39000,0,0,0,0,0,848707,39,691142,39,693,693,1384,833,1,1000,829,693,693,693,692,692,21,1,39000,39,39,39,9,1384,9,1384,39000,39,39000,39,848707,39,15749784,0
21860,691392,39000,39000,0,0,0,0,0,848707,39,691353,39,693,693,1384,1044,2,1000,829,693,694,693,692,692,30,1,39000,39,39,39,9,1384,9,1384,39000,39,39000,39,848707,39,15754637,0
21870,691762,39000,39000,0,0,0,0,0,848707,39,691723,39,694,694,1385,1414,2,0,1054,694,694,694,692,692,8,1,39000,39,39,39,9,1385,9,1385,39000,39,39000,39,848707,39,15763147,0
21880,692054,39000,39000,0,0,0,0,0,848707,39,692015,39,694,694,1386,707,1,1000,703,694,694,694,693,693,18,1,39000,39,39,39,9,1386,9,1386,39000,39,39000,39,848707,39,15769886,0
21890,692282,39000,39000,0,0,0,0,0,848707,39,692243,39,694,694,1386,935,1,1000,703,694,694,694,693,693,28,1,39000,39,39,39,9,1386,9,1386,39000,39,39000,39,848707,39,15775153,0
21900,692638,39000,39000,0,0,0,0,0,848707,39,692599,39,695,695,1387,1291,2,0,1045,695,695,695,693,693,6,1,39000,39,39,39,9,1387,9,1387,39000,39,39000,39,848707,39,15783318,0
21910,692722,39000,39000,0,0,0,0,0,848707,39,692683,39,695,695,1388,376,1,1000,316,695,695,695,694,694,16,1,39000,39,39,39,9,1388,9,1388,39000,39,39000,39,848707,39,15785273,0
21920,693098,39000,39000,0,0,0,0,0,848707,39,693059,39,695,695,1388,752,1,1000,316,695,695,695,694,694,25,1,39000,39,39,39,9,1388,9,1388,39000,39,39000,39,848707,39,15793921,0
21930,693467,39000,39000,0,0,0,0,0,848707,39,693428,39,696,696,1389,1121,2,0,1040,696,696,696,694,694,2,1,39000,39,39,39,9,1389,9,1389,39000,39,39000,39,848707,39,15802431,0
21940,693829,39000,39000,0,0,0,0,0,848707,39,693790,39,696,696,1389,1483,2,0,1040,696,696,696,694,694,12,1,39000,39,39,39,9,1389,9,1389,39000,39,39000,39,848707,39,15810734,0
21950,694018,39000,39000,0,0,0,0,0,848707,39,693979,39,696,696,1390,673,1,1000,606,696,696,696,695,695,22,1,39000,39,39,39,9,1390,9,1390,39000,39,39000,39,848707,39,15815104,0
21960,694358,39000,39000,0,0,0,0,0,848707,39,694319,39,696,696,1390,1013,2,1000,606,696,697,696,695,695,30,1,39000,39,39,39,9,1390,9,1390,39000,39,39000,39,848707,39,15822924,0
21970,694712,39000,39000,0,0,0,0,0,848707,39,694673,39,697,697,1391,1367,2,0,1031,697,697,697,695,695,8,1,39000,39,39,39,9,1391,9,1391,39000,39,39000,39,848707,39,15831066,0
21980,695088,39000,39000,0,0,0,0,0,848707,39,695049,39,697,697,1391,1743,2,0,1031,697,697,697,695,695,18,1,39000,39,39,39,9,1391,9,1391,39000,39,39000,39,848707,39,15839714,0
21990,695263,39000,39000,0,0,0,0,0,848707,39,695224,39,697,697,1392,919,1,1000,843,697,697,697,696,696,28,1,39000,39,39,39,9,1392,9,1392,39000,39,39000,39,848707,39,15843762,0
22000,695632,39000,39000,0,0,0,0,0,848707,39,695593,39,698,698,1393,1288,2,0,1026,698,698,698,696,696,6,1,39000,39,39,39,9,1393,9,1393,39000,39,39000,39,848707,39,15852249,0
22010,695999,39000,39000,0,0,0,0,0,848707,39,695960,39,698,698,1393,1655,2,0,1026,698,698,698,696,696,16,1,39000,39,39,39,9,1393,9,1393,39000,39,39000,39,848707,39,15860690,0
22020,696180,39000,39000,0,0,0,0,0,848707,39,696141,39,698,698,1394,837,1,1000,656,698,698,698,697,697,26,1,39000,39,39,39,9,1394,9,1394,39000,39,39000,39,848707,39,15864876,0
22030,696517,39000,39000,0,0,0,0,0,848707,39,696478,39,699,699,1395,1174,2,0,1006,699,699,699,697,697,4,1,39000,39,39,39,9,1395,9,1395,39000,39,39000,39,848707,39,15872627,0
22040,696893,39000,39000,0,0,0,0,0,848707,39,696854,39,699,699,1395,1550,2,0,1006,699,699,699,697,697,14,1,39000,39,39,39,9,1395,9,1395,39000,39,39000,39,848707,39,15881298,0
22050,697080,39000,39000,0,0,0,0,0,848707,39,697041,39,699,699,1396,738,1,1000,591,699,699,699,698,698,24,1,39000,39,39,39,9,1396,9,1396,39000,39,39000,39,848707,39,15885599,0
22060,697439,39000,39000,0,0,0,0,0,848707,39,697400,39,700,700,1397,1097,2,0,1009,700,700,700,698,698,2,1,39000,39,39,39,9,1397,9,1397,39000,39,39000,39,848707,39,15893879,0
22070,697813,39000,39000,0,0,0,0,0,848707,39,697774,39,700,700,1397,1471,2,0,1009,700,700,700,698,698,12,1,39000,39,39,39,9,1397,9,1397,39000,39,39000,39,848707,39,15902458,0
22080,698100,39000,39000,0,0,0,0,0,848707,39,698061,39,700,700,1398,759,1,1000,749,700,700,700,699,699,22,1,39000,39,39,39,9,1398,9,1398,39000,39,39000,39,848707,39,15909082,0
22090,698368,39000,39000,0,0,0,0,0,848707,39,698329,39,700,700,1398,1027,2,1000,749,700,701,700,699,699,32,1,39000,39,39,39,9,1398,9,1398,39000,39,39000,39,848707,39,15915246,0
22100,698701,39000,39000,0,0,0,0,0,848707,39,698662,39,701,701,1399,1360,2,0,1069,701,701,701,699,699,8,1,39000,39,39,39,9,1399,9,1399,39000,39,39000,39,848707,39,15922905,0
22110,698891,39000,39000,0,0,0,0,0,848707,39,698852,39,701,701,1400,551,1,1000,541,701,701,701,700,700,18,1,39000,39,39,39,9,1400,9,1400,39000,39,39000,39,848707,39,15927321,0
22120,699271,39000,39000,0,0,0,0,0,848707,39,699232,39,701,701,1400,931,1,1000,541,701,701,701,700,700,28,1,39000,39,39,39,9,1400,9,1400,39000,39,39000,39,848707,39,15936038,0
22130,699632,39000,39000,0,0,0,0,0,848707,39,699593,39,702,702,1401,1292,2,0,1088,702,702,702,700,700,4,1,39000,39,39,39,9,1401,9,1401,39000,39,39000,39,848707,39,15944341,0
22140,700008,39000,39000,0,0,0,0,0,848707,39,699969,39,702,702,1401,1668,2,0,1088,702,702,702,700,700,14,1,39000,39,39,39,9,1401,9,1401,39000,39,39000,39,848707,39,15952989,0
22150,700191,39000,39000,0,0,0,0,0,848707,39,700152,39,702,702,1402,852,1,1000,842,702,702,702,701,701,26,1,39000,39,39,39,9,1402,9,1402,39000,39,39000,39,848707,39,15957221,0
22160,700521,39000,39000,0,0,0,0,0,848707,39,700482,39,703,703,1403,1182,2,0,1069,703,703,703,701,701,2,1,39000,39,39,39,9,1403,9,1403,39000,39,39000,39,848707,39,15964811,0
22170,700897,39000,39000,0,0,0,0,0,848707,39,700858,39,703,703,1403,1558,2,0,1069,703,703,703,701,701,12,1,39000,39,39,39,9,1403,9,1403,39000,39,39000,39,848707,39,15973505,0
22180,701086,39000,39000,0,0,0,0,0,848707,39,701047,39,703,703,1404,748,1,1000,650,703,703,703,702,702,22,1,39000,39,39,39,9,1404,9,1404,39000,39,39000,39,848707,39,15977852,0
22190,701447,39000,39000,0,0,0,0,0,848707,39,701408,39,704,704,1405,1109,2,0,1044,704,704,704,702,702,0,1,39000,39,39,39,9,1405,9,1405,39000,39,39000,39,848707,39,15986132,0
22200,701792,39000,39000,0,0,0,0,0,848707,39,701753,39,704,704,1406,455,1,1000,441,704,704,704,703,703,10,1,39000,39,39,39,9,1406,9,1406,39000,39,39000,39,848707,39,15994090,0
22210,702014,39000,39000,0,0,0,0,0,848707,39,701975,39,704,704,1406,677,1,1000,441,704,704,704,703,703,21,1,39000,39,39,39,9,1406,9,1406,39000,39,39000,39,848707,39,15999242,0
22220,702373,39000,39000,0,0,0,0,0,848707,39,702334,39,704,704,1406,1036,2,1000,441,704,705,704,703,703,31,1,39000,39,39,39,9,1406,9,1406,39000,39,39000,39,848707,39,16007453,0
22230,702703,39000,39000,0,0,0,0,0,848707,39,702664,39,705,705,1407,1366,2,0,1076,705,705,705,703,703,8,1,39000,39,39,39,9,1407,9,1407,39000,39,39000,39,848707,39,16015043,0
22240,703059,39000,39000,0,0,0,0,0,848707,39,703020,39,705,705,1408,723,1,1000,721,705,705,705,704,704,18,1,39000,39,39,39,9,1408,9,1408,39000,39,39000,39,848707,39,16023254,0
22250,703256,39000,39000,0,0,0,0,0,848707,39,703217,39,705,705,1408,920,1,1000,721,705,705,705,704,704,28,1,39000,39,39,39,9,1408,9,1408,39000,39,39000,39,848707,39,16027785,0
22260,703619,39000,39000,0,0,0,0,0,848707,39,703580,39,706,706,1409,1283,2,0,1049,706,706,706,704,704,6,1,39000,39,39,39,9,1409,9,1409,39000,39,39000,39,848707,39,16036134,0
22270,703859,39000,39000,0,0,0,0,0,848707,39,703820,39,706,706,1410,524,1,1000,518,706,706,706,705,705,14,1,39000,39,39,39,9,1410,9,1410,39000,39,39000,39,848707,39,16041677,0
22280,704168,39000,39000,0,0,0,0,0,848707,39,704129,39,706,706,1410,833,1,1000,518,706,706,706,705,705,26,1,39000,39,39,39,9,1410,9,1410,39000,39,39000,39,848707,39,16048807,0
22290,704537,39000,39000,0,0,0,0,0,848707,39,704498,39,707,707,1411,1202,2,0,1052,707,707,707,705,705,4,1,39000,39,39,39,9,1411,9,1411,39000,39,39000,39,848707,39,16057271,0
22300,704865,39000,39000,0,0,0,0,0,848707,39,704826,39,707,707,1411,1530,2,0,1052,707,707,707,705,705,12,1,39000,39,39,39,9,1411,9,1411,39000,39,39000,39,848707,39,16064815,0
22310,705134,39000,39000,0,0,0,0,0,848707,39,705095,39,707,707,1412,800,1,1000,791,707,707,707,706,706,22,1,39000,39,39,39,9,1412,9,1412,39000,39,39000,39,848707,39,16071025,0
22320,705421,39000,39000,0,0,0,0,0,848707,39,705382,39,708,708,1413,1087,2,0,1032,708,708,708,706,706,0,1,39000,39,39,39,9,1413,9,1413,39000,39,39000,39,848707,39,16077649,0
22330,705799,39000,39000,0,0,0,0,0,848707,39,705760,39,708,708,1413,1465,2,0,1032,708,708,708,706,706,10,1,39000,39,39,39,9,1413,9,1413,39000,39,39000,39,848707,39,16086320,0
22340,705987,39000,39000,0,0,0,0,0,848707,39,705948,39,708,708,1414,654,1,1000,593,708,708,708,707,707,20,1,39000,39,39,39,9,1414,9,1414,39000,39,39000,39,848707,39,16090690,0
22350,706354,39000,39000,0,0,0,0,0,848707,39,706315,39,708,708,1414,1021,2,1000,593,708,709,708,707,707,30,1,39000,39,39,39,9,1414,9,1414,39000,39,39000,39,848707,39,16099108,0
22360,706723,39000,39000,0,0,0,0,0,848707,39,706684,39,709,709,1415,1390,2,0,1045,709,709,709,707,707,8,1,39000,39,39,39,9,1415,9,1415,39000,39,39000,39,848707,39,16107618,0
22370,707048,39000,39000,0,0,0,0,0,848707,39,707009,39,709,709,1415,1715,2,0,1045,709,709,709,707,707,18,1,39000,39,39,39,9,1415,9,1415,39000,39,39000,39,848707,39,16115093,0
22380,707239,39000,39000,0,0,0,0,0,848707,39,707200,39,709,709,1416,907,1,1000,885,709,709,709,708,708,28,1,39000,39,39,39,9,1416,9,1416,39000,39,39000,39,848707,39,16119486,0
22390,707607,39000,39000,0,0,0,0,0,848707,39,707568,39,710,710,1417,1275,2,0,1023,710,710,710,708,708,6,1,39000,39,39,39,9,1417,9,1417,39000,39,39000,39,848707,39,16127950,0
22400,707970,39000,39000,0,0,0,0,0,848707,39,707931,39,710,710,1417,1638,2,0,1023,710,710,710,708,708,16,1,39000,39,39,39,9,1417,9,1417,39000,39,39000,39,848707,39,16136345,0
22410,708165,39000,39000,0,0,0,0,0,848707,39,708126,39,710,710,1418,834,1,1000,678,710,710,710,709,709,26,1,39000,39,39,39,9,1418,9,1418,39000,39,39000,39,848707,39,16140807,0
22420,708542,39000,39000,0,0,0,0,0,848707,39,708503,39,711,711,1419,1211,2,0,1043,711,711,711,709,709,4,1,39000,39,39,39,9,1419,9,1419,39000,39,39000,39,848707,39,16149478,0
22430,708849,39000,39000,0,0,0,0,0,848707,39,708810,39,711,711,1420,519,1,1000,509,711,711,711,710,710,12,1,39000,39,39,39,9,1420,9,1420,39000,39,39000,39,848707,39,16156562,0
22440,709075,39000,39000,0,0,0,0,0,848707,39,709036,39,711,711,1420,745,1,1000,509,711,711,711,710,710,22,1,39000,39,39,39,9,1420,9,1420,39000,39,39000,39,848707,39,16161760,0
22450,709433,39000,39000,0,0,0,0,0,848707,39,709394,39,712,712,1421,1103,2,0,1029,712,712,712,710,710,0,1,39000,39,39,39,9,1421,9,1421,39000,39,39000,39,848707,39,16170040,0
22460,709801,39000,39000,0,0,0,0,0,848707,39,709762,39,712,712,1421,1471,2,0,1029,712,712,712,710,710,12,1,39000,39,39,39,9,1421,9,1421,39000,39,39000,39,848707,39,16178458,0
22470,710116,39000,39000,0,0,0,0,0,848707,39,710077,39,712,712,1422,787,1,1000,781,712,712,712,711,711,22,1,39000,39,39,39,9,1422,9,1422,39000,39,39000,39,848707,39,16185726,0
22480,710354,39000,39000,0,0,0,0,0,848707,39,710315,39,712,712,1422,1025,2,1000,781,712,713,712,711,711,30,1,39000,39,39,39,9,1422,9,1422,39000,39,39000,39,848707,39,16191200,0
22490,710710,39000,39000,0,0,0,0,0,848707,39,710671,39,713,713,1423,1381,2,0,1036,713,713,713,711,711,8,1,39000,39,39,39,9,1423,9,1423,39000,39,39000,39,848707,39,16199388,0
22500,710904,39000,39000,0,0,0,0,0,848707,39,710865,39,713,713,1424,576,1,1000,571,713,713,713,712,712,18,1,39000,39,39,39,9,1424,9,1424,39000,39,39000,39,848707,39,16203873,0
22510,711143,39000,39000,0,0,0,0,0,848707,39,711104,39,713,713,1424,815,1,1000,571,713,713,713,712,712,28,1,39000,39,39,39,9,1424,9,1424,39000,39,39000,39,848707,39,16209393,0
22520,711498,39000,39000,0,0,0,0,0,848707,39,711459,39,714,714,1425,1170,2,0,1010,714,714,714,712,712,4,1,39000,39,39,39,9,1425,9,1425,39000,39,39000,39,848707,39,16217535,0
22530,711869,39000,39000,0,0,0,0,0,848707,39,711830,39,714,714,1425,1541,2,0,1010,714,714,714,712,712,14,1,39000,39,39,39,9,1425,9,1425,39000,39,39000,39,848707,39,16226068,0
22540,712065,39000,39000,0,0,0,0,0,848707,39,712026,39,714,714,1426,738,1,1000,660,714,714,714,713,713,24,1,39000,39,39,39,9,1426,9,1426,39000,39,39000,39,848707,39,16230622,0
22550,712429,39000,39000,0,0,0,0,0,848707,39,712390,39,715,715,1427,1102,2,0,1025,715,715,715,713,713,2,1,39000,39,39,39,9,1427,9,1427,39000,39,39000,39,848707,39,16238994,0
22560,712789,39000,39000,0,0,0,0,0,848707,39,712750,39,715,715,1428,463,1,1000,459,715,715,715,714,714,12,1,39000,39,39,39,9,1428,9,1428,39000,39,39000,39,848707,39,16247274,0
22570,712955,39000,39000,0,0,0,0,0,848707,39,712916,39,715,715,1428,629,1,1000,459,715,715,715,714,714,20,1,39000,39,39,39,9,1428,9,1428,39000,39,39000,39,848707,39,16251092,0
22580,713324,39000,39000,0,0,0,0,0,848707,39,713285,39,715,715,1428,998,1,1000,459,715,715,715,714,714,30,1,39000,39,39,39,9,1428,9,1428,39000,39,39000,39,848707,39,16259602,0
22590,713681,39000,39000,0,0,0,0,0,848707,39,713642,39,716,716,1429,1355,2,0,1012,716,716,716,714,714,8,1,39000,39,39,39,9,1429,9,1429,39000,39,39000,39,848707,39,16267790,0
22600,714046,39000,39000,0,0,0,0,0,848707,39,714007,39,716,716,1429,1720,2,0,1012,716,716,716,714,714,18,1,39000,39,39,39,9,1429,9,1429,39000,39,39000,39,848707,39,16276231,0
22610,714231,39000,39000,0,0,0,0,0,848707,39,714192,39,716,716,1430,906,1,1000,743,716,716,716,715,715,28,1,39000,39,39,39,9,1430,9,1430,39000,39,39000,39,848707,39,16280463,0
22620,714592,39000,39000,0,0,0,0,0,848707,39,714553,39,717,717,1431,1267,2,0,1074,717,717,717,715,715,4,1,39000,39,39,39,9,1431,9,1431,39000,39,39000,39,848707,39,16288766,0
22630,714859,39000,39000,0,0,0,0,0,848707,39,714820,39,717,717,1432,535,1,1000,530,717,717,717,716,716,14,1,39000,39,39,39,9,1432,9,1432,39000,39,39000,39,848707,39,16294930,0
22640,715113,39000,39000,0,0,0,0,0,848707,39,715074,39,717,717,1432,789,1,1000,530,717,717,717,716,716,24,1,39000,39,39,39,9,1432,9,1432,39000,39,39000,39,848707,39,16300772,0
22650,715483,39000,39000,0,0,0,0,0,848707,39,715444,39,718,718,1433,1159,2,0,1060,718,718,718,716,716,2,1,39000,39,39,39,9,1433,9,1433,39000,39,39000,39,848707,39,16309282,0
22660,715841,39000,39000,0,0,0,0,0,848707,39,715802,39,718,718,1433,1517,2,0,1060,718,718,718,716,716,12,1,39000,39,39,39,9,1433,9,1433,39000,39,39000,39,848707,39,16317516,0
22670,716135,39000,39000,0,0,0,0,0,848707,39,716096,39,718,718,1434,812,1,1000,809,718,718,718,717,717,22,1,39000,39,39,39,9,1434,9,1434,39000,39,39000,39,848707,39,16324301,0
22680,716393,39000,39000,0,0,0,0,0,848707,39,716354,39,719,719,1435,1070,2,0,1034,719,719,719,717,717,0,1,39000,39,39,39,9,1435,9,1435,39000,39,39000,39,848707,39,16330235,0
22690,716760,39000,39000,0,0,0,0,0,848707,39,716721,39,719,719,1435,1437,2,0,1034,719,719,719,717,717,10,1,39000,39,39,39,9,1435,9,1435,39000,39,39000,39,848707,39,16338676,0
22700,716959,39000,39000,0,0,0,0,0,848707,39,716920,39,719,719,1436,637,1,1000,599,719,719,719,718,718,20,1,39000,39,39,39,9,1436,9,1436,39000,39,39000,39,848707,39,16343276,0
22710,717278,39000,39000,0,0,0,0,0,848707,39,717239,39,719,719,1436,956,1,1000,599,719,719,719,718,718,28,1,39000,39,39,39,9,1436,9,1436,39000,39,39000,39,848707,39,16350659,0
22720,717649,39000,39000,0,0,0,0,0,848707,39,717610,39,720,720,1437,1327,2,0,1050,720,720,720,718,718,6,1,39000,39,39,39,9,1437,9,1437,39000,39,39000,39,848707,39,16359146,0
22730,718021,39000,39000,0,0,0,0,0,848707,39,717982,39,720,720,1437,1699,2,0,1050,720,720,720,718,718,16,1,39000,39,39,39,9,1437,9,1437,39000,39,39000,39,848707,39,16367702,0
22740,718207,39000,39000,0,0,0,0,0,848707,39,718168,39,720,720,1438,886,1,1000,801,720,720,720,719,719,28,1,39000,39,39,39,9,1438,9,1438,39000,39,39000,39,848707,39,16372003,0
22750,718573,39000,39000,0,0,0,0,0,848707,39,718534,39,721,721,1439,1252,2,0,1034,721,721,721,719,719,6,1,39000,39,39,39,9,1439,9,1439,39000,39,39000,39,848707,39,16380421,0
22760,718937,39000,39000,0,0,0,0,0,848707,39,718898,39,721,721,1439,1616,2,0,1034,721,721,721,719,719,14,1,39000,39,39,39,9,1439,9,1439,39000,39,39000,39,848707,39,16388793,0
22770,719087,39000,39000,0,0,0,0,0,848707,39,719048,39,721,721,1440,767,1,1000,655,721,721,721,720,720,24,1,39000,39,39,39,9,1440,9,1440,39000,39,39000,39,848707,39,16392266,0
22780,719458,39000,39000,0,0,0,0,0,848707,39,719419,39,722,722,1441,1138,2,0,1028,722,722,722,720,720,2,1,39000,39,39,39,9,1441,9,1441,39000,39,39000,39,848707,39,16400799,0
22790,719790,39000,39000,0,0,0,0,0,848707,39,719751,39,722,722,1442,471,1,1000,454,722,722,722,721,721,12,1,39000,39,39,39,9,1442,9,1442,39000,39,39000,39,848707,39,16408458,0
22800,720032,39000,39000,0,0,0,0,0,848707,39,719993,39,722,722,1442,713,1,1000,454,722,722,722,721,721,22,1,39000,39,39,39,9,1442,9,1442,39000,39,39000,39,848707,39,16414024,0
22810,720277,39000,39000,0,0,0,0,0,848707,39,720238,39,722,722,1442,958,1,1000,454,722,722,722,721,721,32,1,39000,39,39,39,9,1442,9,1442,39000,39,39000,39,848707,39,16419659,0
22820,720641,39000,39000,0,0,0,0,0,848707,39,720602,39,723,723,1443,1322,2,0,1001,723,723,723,721,721,8,1,39000,39,39,39,9,1443,9,1443,39000,39,39000,39,848707,39,16428031,0
22830,720924,39000,39000,0,0,0,0,0,848707,39,720885,39,723,723,1444,606,1,1000,598,723,723,723,722,722,18,1,39000,39,39,39,9,1444,9,1444,39000,39,39000,39,848707,39,16434563,0
22840,721160,39000,39000,0,0,0,0,0,848707,39,721121,39,723,723,1444,842,1,1000,598,723,723,723,722,722,26,1,39000,39,39,39,9,1444,9,1444,39000,39,39000,39,848707,39,16439991,0
22850,721520,39000,39000,0,0,0,0,0,848707,39,721481,39,724,724,1445,1202,2,0,1005,724,724,724,722,722,4,1,39000,39,39,39,9,1445,9,1445,39000,39,39000,39,848707,39,16448294,0
22860,721882,39000,39000,0,0,0,0,0,848707,39,721843,39,724,724,1445,1564,2,0,1005,724,724,724,722,722,14,1,39000,39,39,39,9,1445,9,1445,39000,39,39000,39,848707,39,16456597,0
22870,722151,39000,39000,0,0,0,0,0,848707,39,722112,39,724,724,1446,834,1,1000,825,724,724,724,723,723,24,1,39000,39,39,39,9,1446,9,1446,39000,39,39000,39,848707,39,16462807,0
22880,722433,39000,39000,0,0,0,0,0,848707,39,722394,39,725,725,1447,1116,2,0,1048,725,725,725,723,723,0,1,39000,39,39,39,9,1447,9,1447,39000,39,39000,39,848707,39,16469293,0
22890,722793,39000,39000,0,0,0,0,0,848707,39,722754,39,725,725,1447,1476,2,0,1048,725,725,725,723,723,10,1,39000,39,39,39,9,1447,9,1447,39000,39,39000,39,848707,39,16477596,0
22900,722982,39000,39000,0,0,0,0,0,848707,39,722943,39,725,725,1448,666,1,1000,653,725,725,725,724,724,20,1,39000,39,39,39,9,1448,9,1448,39000,39,39000,39,848707,39,16481966,0
22910,723340,39000,39000,0,0,0,0,0,848707,39,723301,39,725,725,1448,1024,2,1000,653,725,726,725,724,724,30,1,39000,39,39,39,9,1448,9,1448,39000,39,39000,39,848707,39,16490246,0
22920,723667,39000,39000,0,0,0,0,0,848707,39,723628,39,726,726,1449,1351,2,0,1043,726,726,726,724,724,8,1,39000,39,39,39,9,1449,9,1449,39000,39,39000,39,848707,39,16497698,0
22930,723856,39000,39000,0,0,0,0,0,848707,39,723817,39,726,726,1450,541,1,1000,465,726,726,726,725,725,18,1,39000,39,39,39,9,1450,9,1450,39000,39,39000,39,848707,39,16502068,0
22940,724226,39000,39000,0,0,0,0,0,848707,39,724187,39,726,726,1450,911,1,1000,465,726,726,726,725,725,28,1,39000,39,39,39,9,1450,9,1450,39000,39,39000,39,848707,39,16510578,0
22950,724588,39000,39000,0,0,0,0,0,848707,39,724549,39,727,727,1451,1273,2,0,1016,727,727,727,725,725,6,1,39000,39,39,39,9,1451,9,1451,39000,39,39000,39,848707,39,16518904,0
22960,724946,39000,39000,0,0,0,0,0,848707,39,724907,39,727,727,1451,1631,2,0,1016,727,727,727,725,725,16,1,39000,39,39,39,9,1451,9,1451,39000,39,39000,39,848707,39,16527161,0
22970,725138,39000,39000,0,0,0,0,0,848707,39,725099,39,727,727,1452,824,1,1000,709,727,727,727,726,726,26,1,39000,39,39,39,9,1452,9,1452,39000,39,39000,39,848707,39,16531577,0
22980,725466,39000,39000,0,0,0,0,0,848707,39,725427,39,728,728,1453,1152,2,0,1013,728,728,728,726,726,2,1,39000,39,39,39,9,1453,9,1453,39000,39,39000,39,848707,39,16539144,0
22990,725828,39000,39000,0,0,0,0,0,848707,39,725789,39,728,728,1454,515,1,1000,510,728,728,728,727,727,13,1,39000,39,39,39,9,1454,9,1454,39000,39,39000,39,848707,39,16547470,0
23000,726020,39000,39000,0,0,0,0,0,848707,39,725981,39,728,728,1454,707,1,1000,510,728,728,728,727,727,24,1,39000,39,39,39,9,1454,9,1454,39000,39,39000,39,848707,39,16551886,0
23010,726395,39000,39000,0,0,0,0,0,848707,39,726356,39,729,729,1455,1082,2,0,1075,729,729,729,727,727,0,1,39000,39,39,39,9,1455,9,1455,39000,39,39000,39,848707,39,16560534,0
23020,726758,39000,39000,0,0,0,0,0,848707,39,726719,39,729,729,1455,1445,2,0,1075,729,729,729,727,727,10,1,39000,39,39,39,9,1455,9,1455,39000,39,39000,39,848707,39,16568860,0
23030,727102,39000,39000,0,0,0,0,0,848707,39,727063,39,729,729,1456,790,1,1000,782,729,729,729,728,728,20,1,39000,39,39,39,9,1456,9,1456,39000,39,39000,39,848707,39,16576795,0
23040,727311,39000,39000,0,0,0,0,0,848707,39,727272,39,729,729,1456,999,1,1000,782,729,729,729,728,728,28,1,39000,39,39,39,9,1456,9,1456,39000,39,39000,39,848707,39,16581602,0
23050,727643,39000,39000,0,0,0,0,0,848707,39,727604,39,730,730,1457,1331,2,0,1004,730,730,730,728,728,8,1,39000,39,39,39,9,1457,9,1457,39000,39,39000,39,848707,39,16589238,0
23060,727897,39000,39000,0,0,0,0,0,848707,39,727858,39,730,730,1458,586,1,1000,574,730,730,730,729,729,18,1,39000,39,39,39,9,1458,9,1458,39000,39,39000,39,848707,39,16595103,0
23070,728206,39000,39000,0,0,0,0,0,848707,39,728167,39,730,730,1458,895,1,1000,574,730,730,730,729,729,28,1,39000,39,39,39,9,1458,9,1458,39000,39,39000,39,848707,39,16602210,0
23080,728575,39000,39000,0,0,0,0,0,848707,39,728536,39,731,731,1459,1264,2,0,1067,731,731,731,729,729,4,1,39000,39,39,39,9,1459,9,1459,39000,39,39000,39,848707,39,16610720,0
23090,728947,39000,39000,0,0,0,0,0,848707,39,728908,39,731,731,1459,1636,2,0,1067,731,731,731,729,729,14,1,39000,39,39,39,9,1459,9,1459,39000,39,39000,39,848707,39,16619253,0
23100,729186,39000,39000,0,0,0,0,0,848707,39,729147,39,731,731,1460,876,1,1000,856,731,731,731,730,730,24,1,39000,39,39,39,9,1460,9,1460,39000,39,39000,39,848707,39,16624773,0
23110,729436,39000,39000,0,0,0,0,0,848707,39,729397,39,732,732,1461,1126,2,0,1036,732,732,732,730,730,2,1,39000,39,39,39,9,1461,9,1461,39000,39,39000,39,848707,39,16630523,0
23120,729750,39000,39000,0,0,0,0,0,848707,39,729711,39,732,732,1461,1440,2,0,1036,732,732,732,730,730,10,1,39000,39,39,39,9,1461,9,1461,39000,39,39000,39,848707,39,16637745,0
23130,729938,39000,39000,0,0,0,0,0,848707,39,729899,39,732,732,1462,629,1,1000,544,732,732,732,731,731,20,1,39000,39,39,39,9,1462,9,1462,39000,39,39000,39,848707,39,16642115,0
23140,730301,39000,39000,0,0,0,0,0,848707,39,730262,39,732,732,1462,992,1,1000,544,732,732,732,731,731,30,1,39000,39,39,39,9,1462,9,1462,39000,39,39000,39,848707,39,16650441,0
23150,730648,39000,39000,0,0,0,0,0,848707,39,730609,39,733,733,1463,1339,2,0,1067,733,733,733,731,731,6,1,39000,39,39,39,9,1463,9,1463,39000,39,39000,39,848707,39,16658445,0
23160,731001,39000,39000,0,0,0,0,0,848707,39,730962,39,733,733,1463,1692,2,0,1067,733,733,733,731,731,18,1,39000,39,39,39,9,1463,9,1463,39000,39,39000,39,848707,39,16666564,0
23170,731199,39000,39000,0,0,0,0,0,848707,39,731160,39,733,733,1464,891,1,1000,822,733,733,733,732,732,28,1,39000,39,39,39,9,1464,9,1464,39000,39,39000,39,848707,39,16671141,0
23180,731521,39000,39000,0,0,0,0,0,848707,39,731482,39,734,734,1465,1213,2,0,1040,734,734,734,732,732,4,1,39000,39,39,39,9,1465,9,1465,39000,39,39000,39,848707,39,16678524,0
23190,731886,39000,39000,0,0,0,0,0,848707,39,731847,39,734,734,1465,1578,2,0,1040,734,734,734,732,732,14,1,39000,39,39,39,9,1465,9,1465,39000,39,39000,39,848707,39,16686942,0
23200,732068,39000,39000,0,0,0,0,0,848707,39,732029,39,734,734,1466,761,1,1000,664,734,734,734,733,733,24,1,39000,39,39,39,9,1466,9,1466,39000,39,39000,39,848707,39,16691128,0
23210,732438,39000,39000,0,0,0,0,0,848707,39,732399,39,735,735,1467,1131,2,0,1017,735,735,735,733,733,2,1,39000,39,39,39,9,1467,9,1467,39000,39,39000,39,848707,39,16699661,0
23220,732790,39000,39000,0,0,0,0,0,848707,39,732751,39,735,735,1468,484,1,1000,479,735,735,735,734,734,13,1,39000,39,39,39,9,1468,9,1468,39000,39,39000,39,848707,39,16707757,0
23230,732980,39000,39000,0,0,0,0,0,848707,39,732941,39,735,735,1468,674,1,1000,479,735,735,735,734,734,22,1,39000,39,39,39,9,1468,9,1468,39000,39,39000,39,848707,39,16712150,0
23240,733333,39000,39000,0,0,0,0,0,848707,39,733294,39,735,735,1468,1027,2,1000,479,735,736,735,734,734,32,1,39000,39,39,39,9,1468,9,1468,39000,39,39000,39,848707,39,16720246,0
23250,733661,39000,39000,0,0,0,0,0,848707,39,733622,39,736,736,1469,1355,2,0,1143,736,736,736,734,734,4,1,39000,39,39,39,9,1469,9,1469,39000,39,39000,39,848707,39,16727813,0
23260,734026,39000,39000,0,0,0,0,0,848707,39,733987,39,736,736,1469,1720,2,0,1143,736,736,736,734,734,16,1,39000,39,39,39,9,1469,9,1469,39000,39,39000,39,848707,39,16736185,0
23270,734223,39000,39000,0,0,0,0,0,848707,39,734184,39,736,736,1470,918,1,1000,782,736,736,736,735,735,26,1,39000,39,39,39,9,1470,9,1470,39000,39,39000,39,848707,39,16740739,0
23280,734596,39000,39000,0,0,0,0,0,848707,39,734557,39,737,737,1471,1291,2,0,1052,737,737,737,735,735,6,1,39000,39,39,39,9,1471,9,1471,39000,39,39000,39,848707,39,16749318,0
23290,734915,39000,39000,0,0,0,0,0,848707,39,734876,39,737,737,1472,611,1,1000,602,737,737,737,736,736,16,1,39000,39,39,39,9,1472,9,1472,39000,39,39000,39,848707,39,16756678,0
23300,735153,39000,39000,0,0,0,0,0,848707,39,735114,39,737,737,1472,849,1,1000,602,737,737,737,736,736,26,1,39000,39,39,39,9,1472,9,1472,39000,39,39000,39,848707,39,16762152,0
23310,735481,39000,39000,0,0,0,0,0,848707,39,735442,39,738,738,1473,1177,2,0,1036,738,738,738,736,736,2,1,39000,39,39,39,9,1473,9,1473,39000,39,39000,39,848707,39,16769719,0
23320,735841,39000,39000,0,0,0,0,0,848707,39,735802,39,738,738,1473,1537,2,0,1036,738,738,738,736,736,12,1,39000,39,39,39,9,1473,9,1473,39000,39,39000,39,848707,39,16777976,0
23330,736048,39000,39000,0,0,0,0,0,848707,39,736009,39,738,738,1474,745,1,1000,737,738,738,738,737,737,22,1,39000,39,39,39,9,1474,9,1474,39000,39,39000,39,848707,39,16782760,0
23340,736408,39000,39000,0,0,0,0,0,848707,39,736369,39,739,739,1475,1105,2,0,1048,739,739,739,737,737,0,1,39000,39,39,39,9,1475,9,1475,39000,39,39000,39,848707,39,16791040,0
23350,736778,39000,39000,0,0,0,0,0,848707,39,736739,39,739,739,1475,1475,2,0,1048,739,739,739,737,737,10,1,39000,39,39,39,9,1475,9,1475,39000,39,39000,39,848707,39,16799550,0
23360,736989,39000,39000,0,0,0,0,0,848707,39,736950,39,739,739,1476,687,1,1000,682,739,739,739,738,738,20,1,39000,39,39,39,9,1476,9,1476,39000,39,39000,39,848707,39,16804426,0
23370,737293,39000,39000,0,0,0,0,0,848707,39,737254,39,739,739,1476,991,1,1000,682,739,739,739,738,738,30,1,39000,39,39,39,9,1476,9,1476,39000,39,39000,39,848707,39,16811418,0
23380,737664,39000,39000,0,0,0,0,0,848707,39,737625,39,740,740,1477,1362,2,0,1027,740,740,740,738,738,8,1,39000,39,39,39,9,1477,9,1477,39000,39,39000,39,848707,39,16819951,0
23390,737852,39000,39000,0,0,0,0,0,848707,39,737813,39,740,740,1478,551,1,1000,514,740,740,740,739,739,18,1,39000,39,39,39,9,1478,9,1478,39000,39,39000,39,848707,39,16824298,0
23400,738218,39000,39000,0,0,0,0,0,848707,39,738179,39,740,740,1478,917,1,1000,514,740,740,740,739,739,28,1,39000,39,39,39,9,1478,9,1478,39000,39,39000,39,848707,39,16832716,0
23410,738469,39000,39000,0,0,0,0,0,848707,39,738430,39,741,741,1479,1168,2,0,1065,741,741,741,739,739,2,1,39000,39,39,39,9,1479,9,1479,39000,39,39000,39,848707,39,16838489,0
23420,738832,39000,39000,0,0,0,0,0,848707,39,738793,39,741,741,1479,1531,2,0,1065,741,741,741,739,739,12,1,39000,39,39,39,9,1479,9,1479,39000,39,39000,39,848707,39,16846884,0
23430,739021,39000,39000,0,0,0,0,0,848707,39,738982,39,741,741,1480,721,1,1000,607,741,741,741,740,740,22,1,39000,39,39,39,9,1480,9,1480,39000,39,39000,39,848707,39,16851208,0
23440,739363,39000,39000,0,0,0,0,0,848707,39,739324,39,742,742,1481,1063,2,0,1059,742,742,742,740,740,0,1,39000,39,39,39,9,1481,9,1481,39000,39,39000,39,848707,39,16859074,0
23450,739721,39000,39000,0,0,0,0,0,848707,39,739682,39,742,742,1481,1422,2,0,1059,742,742,742,740,740,10,1,39000,39,39,39,9,1481,9,1481,39000,39,39000,39,848707,39,16867331,0
23460,740103,39000,39000,0,0,0,0,0,848707,39,740064,39,742,742,1481,1803,2,0,1059,742,742,742,740,740,18,1,39000,39,39,39,9,1481,9,1481,39000,39,39000,39,848707,39,16876094,0
23470,740306,39000,39000,0,0,0,0,0,848707,39,740267,39,742,742,1482,1007,2,1000,813,742,743,742,741,741,28,1,39000,39,39,39,9,1482,9,1482,39000,39,39000,39,848707,39,16880786,0
23480,740673,39000,39000,0,0,0,0,0,848707,39,740634,39,743,743,1483,1374,2,0,1015,743,743,743,741,741,8,1,39000,39,39,39,9,1483,9,1483,39000,39,39000,39,848707,39,16889227,0
23490,740989,39000,39000,0,0,0,0,0,848707,39,740950,39,743,743,1484,691,1,1000,676,743,743,743,742,742,20,1,39000,39,39,39,9,1484,9,1484,39000,39,39000,39,848707,39,16896518,0
23500,741242,39000,39000,0,0,0,0,0,848707,39,741203,39,743,743,1484,944,1,1000,676,743,743,743,742,742,30,1,39000,39,39,39,9,1484,9,1484,39000,39,39000,39,848707,39,16902337,0
23510,741567,39000,39000,0,0,0,0,0,848707,39,741528,39,744,744,1485,1269,2,0,1010,744,744,744,742,742,6,1,39000,39,39,39,9,1485,9,1485,39000,39,39000,39,848707,39,16909812,0
23520,741805,39000,39000,0,0,0,0,0,848707,39,741766,39,744,744,1486,508,1,1000,499,744,744,744,743,743,16,1,39000,39,39,39,9,1486,9,1486,39000,39,39000,39,848707,39,16915309,0
23530,742115,39000,39000,0,0,0,0,0,848707,39,742076,39,744,744,1486,818,1,1000,499,744,744,744,743,743,26,1,39000,39,39,39,9,1486,9,1486,39000,39,39000,39,848707,39,16922439,0
23540,742487,39000,39000,0,0,0,0,0,848707,39,742448,39,745,745,1487,1190,2,0,1012,745,745,745,743,743,4,1,39000,39,39,39,9,1487,9,1487,39000,39,39000,39,848707,39,16930995,0
23550,742840,39000,39000,0,0,0,0,0,848707,39,742801,39,745,745,1487,1543,2,0,1012,745,745,745,743,743,14,1,39000,39,39,39,9,1487,9,1487,39000,39,39000,39,848707,39,16939114,0
23560,743068,39000,39000,0,0,0,0,0,848707,39,743029,39,745,745,1488,772,1,1000,764,745,745,745,744,744,24,1,39000,39,39,39,9,1488,9,1488,39000,39,39000,39,848707,39,16944381,0
23570,743404,39000,39000,0,0,0,0,0,848707,39,743365,39,746,746,1489,1108,2,0,1060,746,746,746,744,744,0,1,39000,39,39,39,9,1489,9,1489,39000,39,39000,39,848707,39,16952109,0
23580,743727,39000,39000,0,0,0,0,0,848707,39,743688,39,746,746,1489,1431,2,0,1060,746,746,746,744,744,10,1,39000,39,39,39,9,1489,9,1489,39000,39,39000,39,848707,39,16959561,0
23590,743923,39000,39000,0,0,0,0,0,848707,39,743884,39,746,746,1490,628,1,1000,579,746,746,746,745,745,20,1,39000,39,39,39,9,1490,9,1490,39000,39,39000,39,848707,39,16964092,0
23600,744281,39000,39000,0,0,0,0,0,848707,39,744242,39,746,746,1490,986,1,1000,579,746,746,746,745,745,28,1,39000,39,39,39,9,1490,9,1490,39000,39,39000,39,848707,39,16972303,0
23610,744632,39000,39000,0,0,0,0,0,848707,39,744593,39,747,747,1491,1337,2,0,1060,747,747,747,745,745,6,1,39000,39,39,39,9,1491,9,1491,39000,39,39000,39,848707,39,16980445,0
23620,744987,39000,39000,0,0,0,0,0,848707,39,744948,39,747,747,1491,1692,2,0,1060,747,747,747,745,745,18,1,39000,39,39,39,9,1491,9,1491,39000,39,39000,39,848707,39,16988541,0
23630,745185,39000,39000,0,0,0,0,0,848707,39,745146,39,747,747,1492,891,1,1000,823,747,747,747,746,746,28,1,39000,39,39,39,9,1492,9,1492,39000,39,39000,39,848707,39,16993118,0
23640,745535,39000,39000,0,0,0,0,0,848707,39,745496,39,748,748,1493,1241,2,0,1021,748,748,748,746,746,6,1,39000,39,39,39,9,1493,9,1493,39000,39,39000,39,848707,39,17001168,0
23650,745859,39000,39000,0,0,0,0,0,848707,39,745820,39,748,748,1493,1565,2,0,1021,748,748,748,746,746,14,1,39000,39,39,39,9,1493,9,1493,39000,39,39000,39,848707,39,17008620,0
23660,746049,39000,39000,0,0,0,0,0,848707,39,746010,39,748,748,1494,756,1,1000,612,748,748,748,747,747,24,1,39000,39,39,39,9,1494,9,1494,39000,39,39000,39,848707,39,17013013,0
23670,746400,39000,39000,0,0,0,0,0,848707,39,746361,39,749,749,1495,1107,2,0,1013,749,749,749,747,747,2,1,39000,39,39,39,9,1495,9,1495,39000,39,39000,39,848707,39,17021086,0
23680,746678,39000,39000,0,0,0,0,0,848707,39,746639,39,749,749,1496,386,1,1000,382,749,749,749,748,748,12,1,39000,39,39,39,9,1496,9,1496,39000,39,39000,39,848707,39,17027503,0
23690,746956,39000,39000,0,0,0,0,0,848707,39,746917,39,749,749,1496,664,1,1000,382,749,749,749,748,748,22,1,39000,39,39,39,9,1496,9,1496,39000,39,39000,39,848707,39,17033897,0
23700,747321,39000,39000,0,0,0,0,0,848707,39,747282,39,749,749,1496,1029,2,1000,382,749,750,749,748,748,32,1,39000,39,39,39,9,1496,9,1496,39000,39,39000,39,848707,39,17042292,0
23710,747576,39000,39000,0,0,0,0,0,848707,39,747537,39,750,750,1497,1284,2,0,1033,750,750,750,748,748,6,1,39000,39,39,39,9,1497,9,1497,39000,39,39000,39,848707,39,17048157,0
23720,747781,39000,39000,0,0,0,0,0,848707,39,747742,39,750,750,1498,490,1,1000,486,750,750,750,749,749,16,1,39000,39,39,39,9,1498,9,1498,39000,39,39000,39,848707,39,17052895,0
23730,748089,39000,39000,0,0,0,0,0,848707,39,748050,39,750,750,1498,798,1,1000,486,750,750,750,749,749,26,1,39000,39,39,39,9,1498,9,1498,39000,39,39000,39,848707,39,17059979,0
23740,748445,39000,39000,0,0,0,0,0,848707,39,748406,39,751,751,1499,1154,2,0,1024,751,751,751,749,749,2,1,39000,39,39,39,9,1499,9,1499,39000,39,39000,39,848707,39,17068167,0
23750,748808,39000,39000,0,0,0,0,0,848707,39,748769,39,751,751,1499,1517,2,0,1024,751,751,751,749,749,12,1,39000,39,39,39,9,1499,9,1499,39000,39,39000,39,848707,39,17076516,0
23760,749065,39000,39000,0,0,0,0,0,848707,39,749026,39,751,751,1500,775,1,1000,758,751,751,751,750,750,24,1,39000,39,39,39,9,1500,9,1500,39000,39,39000,39,848707,39,17082450,0
23770,749370,39000,39000,0,0,0,0,0,848707,39,749331,39,752,752,1501,1080,2,0,1008,752,752,752,750,750,2,1,39000,39,39,39,9,1501,9,1501,39000,39,39000,39,848707,39,17089465,0
23780,749727,39000,39000,0,0,0,0,0,848707,39,749688,39,752,752,1501,1437,2,0,1008,752,752,752,750,750,12,1,39000,39,39,39,9,1501,9,1501,39000,39,39000,39,848707,39,17097676,0
23790,749879,39000,39000,0,0,0,0,0,848707,39,749840,39,752,752,1502,590,1,1000,565,752,752,752,751,751,20,1,39000,39,39,39,9,1502,9,1502,39000,39,39000,39,848707,39,17101195,0
23800,750248,39000,39000,0,0,0,0,0,848707,39,750209,39,752,752,1502,959,1,1000,565,752,752,752,751,751,30,1,39000,39,39,39,9,1502,9,1502,39000,39,39000,39,848707,39,17109682,0
23810,750611,39000,39000,0,0,0,0,0,848707,39,750572,39,753,753,1503,1322,2,0,1077,753,753,753,751,751,6,1,39000,39,39,39,9,1503,9,1503,39000,39,39000,39,848707,39,17118031,0
23820,750967,39000,39000,0,0,0,0,0,848707,39,750928,39,753,753,1503,1678,2,0,1077,753,753,753,751,751,16,1,39000,39,39,39,9,1503,9,1503,39000,39,39000,39,848707,39,17126219,0
23830,751159,39000,39000,0,0,0,0,0,848707,39,751120,39,753,753,1504,871,1,1000,821,753,753,753,752,752,26,1,39000,39,39,39,9,1504,9,1504,39000,39,39000,39,848707,39,17130681,0
23840,751525,39000,39000,0,0,0,0,0,848707,39,751486,39,754,754,1505,1237,2,0,1043,754,754,754,752,752,4,1,39000,39,39,39,9,1505,9,1505,39000,39,39000,39,848707,39,17139076,0
23850,751840,39000,39000,0,0,0,0,0,848707,39,751801,39,754,754,1505,1552,2,0,1043,754,754,754,752,752,14,1,39000,39,39,39,9,1505,9,1505,39000,39,39000,39,848707,39,17146321,0
23860,752028,39000,39000,0,0,0,0,0,848707,39,751989,39,754,754,1506,741,1,1000,590,754,754,754,753,753,24,1,39000,39,39,39,9,1506,9,1506,39000,39,39000,39,848707,39,17150691,0
23870,752395,39000,39000,0,0,0,0,0,848707,39,752356,39,755,755,1507,1108,2,0,1009,755,755,755,753,753,2,1,39000,39,39,39,9,1507,9,1507,39000,39,39000,39,848707,39,17159109,0
23880,752751,39000,39000,0,0,0,0,0,848707,39,752712,39,755,755,1507,1464,2,0,1009,755,755,755,753,753,12,1,39000,39,39,39,9,1507,9,1507,39000,39,39000,39,848707,39,17167320,0
23890,753040,39000,39000,0,0,0,0,0,848707,39,753001,39,755,755,1508,754,1,1000,747,755,755,755,754,754,22,1,39000,39,39,39,9,1508,9,1508,39000,39,39000,39,848707,39,17173967,0
23900,753297,39000,39000,0,0,0,0,0,848707,39,753258,39,755,755,1508,1011,2,1000,747,755,756,755,754,754,32,1,39000,39,39,39,9,1508,9,1508,39000,39,39000,39,848707,39,17179878,0
23911,753661,39000,39000,0,0,0,0,0,848707,39,753622,39,756,756,1509,1375,2,0,1071,756,756,756,754,754,8,1,39000,39,39,39,9,1509,9,1509,39000,39,39000,39,848707,39,17188250,0
23920,753928,39000,39000,0,0,0,0,0,848707,39,753889,39,756,756,1510,643,1,1000,638,756,756,756,755,755,16,1,39000,39,39,39,9,1510,9,1510,39000,39,39000,39,848707,39,17194414,0
23930,754172,39000,39000,0,0,0,0,0,848707,39,754133,39,756,756,1510,887,1,1000,638,756,756,756,755,755,26,1,39000,39,39,39,9,1510,9,1510,39000,39,39000,39,848707,39,17200026,0
23940,754521,39000,39000,0,0,0,0,0,848707,39,754482,39,757,757,1511,1236,2,0,1030,757,757,757,755,755,4,1,39000,39,39,39,9,1511,9,1511,39000,39,39000,39,848707,39,17208099,0
23950,754763,39000,39000,0,0,0,0,0,848707,39,754724,39,757,757,1512,479,1,1000,467,757,757,757,756,756,14,1,39000,39,39,39,9,1512,9,1512,39000,39,39000,39,848707,39,17213642,0
23960,755084,39000,39000,0,0,0,0,0,848707,39,755045,39,757,757,1512,800,1,1000,467,757,757,757,756,756,24,1,39000,39,39,39,9,1512,9,1512,39000,39,39000,39,848707,39,17221025,0
23970,755445,39000,39000,0,0,0,0,0,848707,39,755406,39,758,758,1513,1161,2,0,1033,758,758,758,756,756,2,1,39000,39,39,39,9,1513,9,1513,39000,39,39000,39,848707,39,17229328,0
23981,755801,39000,39000,0,0,0,0,0,848707,39,755762,39,758,758,1513,1517,2,0,1033,758,758,758,756,756,12,1,39000,39,39,39,9,1513,9,1513,39000,39,39000,39,848707,39,17237516,0
23990,755982,39000,39000,0,0,0,0,0,848707,39,755943,39,758,758,1514,699,1,1000,691,758,758,758,757,757,22,1,39000,39,39,39,9,1514,9,1514,39000,39,39000,39,848707,39,17241702,0
24000,756314,39000,39000,0,0,0,0,0,848707,39,756275,39,759,759,1515,1031,2,0,1003,759,759,759,757,757,0,1,39000,39,39,39,9,1515,9,1515,39000,39,39000,39,848707,39,17249338,0
24010,756570,39000,39000,0,0,0,0,0,848707,39,756531,39,759,759,1516,288,1,1000,283,759,759,759,758,758,10,1,39000,39,39,39,9,1516,9,1516,39000,39,39000,39,848707,39,17255249,0
24020,756756,39000,39000,0,0,0,0,0,848707,39,756717,39,759,759,1516,474,1,1000,283,759,759,759,758,758,19,1,39000,39,39,39,9,1516,9,1516,39000,39,39000,39,848707,39,17259527,0
24030,757113,39000,39000,0,0,0,0,0,848707,39,757074,39,759,759,1516,831,1,1000,283,759,759,759,758,758,29,1,39000,39,39,39,9,1516,9,1516,39000,39,39000,39,848707,39,17267761,0
24040,757481,39000,39000,0,0,0,0,0,848707,39,757442,39,760,760,1517,1199,2,0,1052,760,760,760,758,758,4,1,39000,39,39,39,9,1517,9,1517,39000,39,39000,39,848707,39,17276225,0
24050,757806,39000,39000,0,0,0,0,0,848707,39,757767,39,760,760,1517,1524,2,0,1052,760,760,760,758,758,12,1,39000,39,39,39,9,1517,9,1517,39000,39,39000,39,848707,39,17283677,0
24060,758005,39000,39000,0,0,0,0,0,848707,39,757966,39,760,760,1518,724,1,1000,546,760,760,760,759,759,22,1,39000,39,39,39,9,1518,9,1518,39000,39,39000,39,848707,39,17288277,0
24070,758363,39000,39000,0,0,0,0,0,848707,39,758324,39,761,761,1519,1082,2,0,1032,761,761,761,759,759,0,1,39000,39,39,39,9,1519,9,1519,39000,39,39000,39,848707,39,17296511,0
24080,758715,39000,39000,0,0,0,0,0,848707,39,758676,39,761,761,1519,1434,2,0,1032,761,761,761,759,759,10,1,39000,39,39,39,9,1519,9,1519,39000,39,39000,39,848707,39,17304607,0
24090,759078,39000,39000,0,0,0,0,0,848707,39,759039,39,761,761,1519,1797,2,0,1032,761,761,761,759,759,20,1,39000,39,39,39,9,1519,9,1519,39000,39,39000,39,848707,39,17312956,0
24100,759279,39000,39000,0,0,0,0,0,848707,39,759240,39,761,761,1520,999,1,1000,803,761,761,761,760,760,30,1,39000,39,39,39,9,1520,9,1520,39000,39,39000,39,848707,39,17317602,0
24110,759646,39000,39000,0,0,0,0,0,848707,39,759607,39,762,762,1521,1366,2,0,1030,762,762,762,760,760,8,1,39000,39,39,39,9,1521,9,1521,39000,39,39000,39,848707,39,17326043,0
24120,759920,39000,39000,0,0,0,0,0,848707,39,759881,39,762,762,1522,641,1,1000,632,762,762,762,761,761,18,1,39000,39,39,39,9,1522,9,1522,39000,39,39000,39,848707,39,17332368,0
24130,760170,39000,39000,0,0,0,0,0,848707,39,760131,39,762,762,1522,891,1,1000,632,762,762,762,761,761,28,1,39000,39,39,39,9,1522,9,1522,39000,39,39000,39,848707,39,17338118,0
24140,760540,39000,39000,0,0,0,0,0,848707,39,760501,39,763,763,1523,1261,2,0,1019,763,763,763,761,761,6,1,39000,39,39,39,9,1523,9,1523,39000,39,39000,39,848707,39,17346651,0
24150,760912,39000,39000,0,0,0,0,0,848707,39,760873,39,763,763,1523,1633,2,0,1019,763,763,763,761,761,16,1,39000,39,39,39,9,1523,9,1523,39000,39,39000,39,848707,39,17355207,0
24160,761099,39000,39000,0,0,0,0,0,848707,39,761060,39,763,763,1524,821,1,1000,694,763,763,763,762,762,26,1,39000,39,39,39,9,1524,9,1524,39000,39,39000,39,848707,39,17359531,0
24170,761455,39000,39000,0,0,0,0,0,848707,39,761416,39,764,764,1525,1177,2,0,1018,764,764,764,762,762,4,1,39000,39,39,39,9,1525,9,1525,39000,39,39000,39,848707,39,17367696,0
24181,761813,39000,39000,0,0,0,0,0,848707,39,761774,39,764,764,1525,1535,2,0,1018,764,764,764,762,762,14,1,39000,39,39,39,9,1525,9,1525,39000,39,39000,39,848707,39,17375930,0
24190,761971,39000,39000,0,0,0,0,0,848707,39,761932,39,764,764,1526,694,1,1000,689,764,764,764,763,763,22,1,39000,39,39,39,9,1526,9,1526,39000,39,39000,39,848707,39,17379587,0
24200,762318,39000,39000,0,0,0,0,0,848707,39,762279,39,764,764,1526,1041,2,1000,689,764,765,764,763,763,32,1,39000,39,39,39,9,1526,9,1526,39000,39,39000,39,848707,39,17387568,0
24210,762674,39000,39000,0,0,0,0,0,848707,39,762635,39,765,765,1527,1397,2,0,1054,765,765,765,763,763,8,1,39000,39,39,39,9,1527,9,1527,39000,39,39000,39,848707,39,17395756,0
24220,762859,39000,39000,0,0,0,0,0,848707,39,762820,39,765,765,1528,583,1,1000,461,765,765,765,764,764,18,1,39000,39,39,39,9,1528,9,1528,39000,39,39000,39,848707,39,17400034,0
24230,763220,39000,39000,0,0,0,0,0,848707,39,763181,39,765,765,1528,944,1,1000,461,765,765,765,764,764,28,1,39000,39,39,39,9,1528,9,1528,39000,39,39000,39,848707,39,17408360,0
24240,763591,39000,39000,0,0,0,0,0,848707,39,763552,39,766,766,1529,1315,2,0,1048,766,766,766,764,764,6,1,39000,39,39,39,9,1529,9,1529,39000,39,39000,39,848707,39,17416870,0
24250,763924,39000,39000,0,0,0,0,0,848707,39,763885,39,766,766,1529,1648,2,0,1048,766,766,766,764,764,16,1,39000,39,39,39,9,1529,9,1529,39000,39,39000,39,848707,39,17424529,0
24260,764125,39000,39000,0,0,0,0,0,848707,39,764086,39,766,766,1530,850,1,1000,743,766,766,766,765,765,26,1,39000,39,39,39,9,1530,9,1530,39000,39,39000,39,848707,39,17429175,0
24270,764476,39000,39000,0,0,0,0,0,848707,39,764437,39,767,767,1531,1201,2,0,1033,767,767,767,765,765,4,1,39000,39,39,39,9,1531,9,1531,39000,39,39000,39,848707,39,17437248,0
24280,764807,39000,39000,0,0,0,0,0,848707,39,764768,39,767,767,1532,533,1,1000,523,767,767,767,766,766,14,1,39000,39,39,39,9,1532,9,1532,39000,39,39000,39,848707,39,17444884,0
24290,765028,39000,39000,0,0,0,0,0,848707,39,764989,39,767,767,1532,754,1,1000,523,767,767,767,766,766,24,1,39000,39,39,39,9,1532,9,1532,39000,39,39000,39,848707,39,17450013,0
24300,765380,39000,39000,0,0,0,0,0,848707,39,765341,39,768,768,1533,1106,2,0,1026,768,768,768,766,766,2,1,39000,39,39,39,9,1533,9,1533,39000,39,39000,39,848707,39,17458063,0
24310,765635,39000,39000,0,0,0,0,0,848707,39,765596,39,768,768,1533,1361,2,0,1026,768,768,768,766,766,11,1,39000,39,39,39,9,1533,9,1533,39000,39,39000,39,848707,39,17463928,0
24320,765887,39000,39000,0,0,0,0,0,848707,39,765848,39,768,768,1534,614,1,1000,608,768,768,768,767,767,21,1,39000,39,39,39,9,1534,9,1534,39000,39,39000,39,848707,39,17469747,0
24330,766145,39000,39000,0,0,0,0,0,848707,39,766106,39,768,768,1534,872,1,1000,608,768,768,768,767,767,31,1,39000,39,39,39,9,1534,9,1534,39000,39,39000,39,848707,39,17475681,0
24340,766501,39000,39000,0,0,0,0,0,848707,39,766462,39,769,769,1535,1228,2,0,1071,769,769,769,767,767,4,1,39000,39,39,39,9,1535,9,1535,39000,39,39000,39,848707,39,17483892,0
24350,766848,39000,39000,0,0,0,0,0,848707,39,766809,39,769,769,1535,1575,2,0,1071,769,769,769,767,767,14,1,39000,39,39,39,9,1535,9,1535,39000,39,39000,39,848707,39,17491850,0
24360,767110,39000,39000,0,0,0,0,0,848707,39,767071,39,769,769,1536,838,1,1000,831,769,769,769,768,768,24,1,39000,39,39,39,9,1536,9,1536,39000,39,39000,39,848707,39,17497899,0
24370,767388,39000,39000,0,0,0,0,0,848707,39,767349,39,770,770,1537,1116,2,0,1045,770,770,770,768,768,2,1,39000,39,39,39,9,1537,9,1537,39000,39,39000,39,848707,39,17504316,0
24380,767721,39000,39000,0,0,0,0,0,848707,39,767682,39,770,770,1537,1449,2,0,1045,770,770,770,768,768,10,1,39000,39,39,39,9,1537,9,1537,39000,39,39000,39,848707,39,17511952,0
24390,767906,39000,39000,0,0,0,0,0,848707,39,767867,39,770,770,1538,635,1,1000,627,770,770,770,769,769,20,1,39000,39,39,39,9,1538,9,1538,39000,39,39000,39,848707,39,17516230,0
24400,768249,39000,39000,0,0,0,0,0,848707,39,768210,39,770,770,1538,978,1,1000,627,770,770,770,769,769,30,1,39000,39,39,39,9,1538,9,1538,39000,39,39000,39,848707,39,17524119,0
24410,768605,39000,39000,0,0,0,0,0,848707,39,768566,39,771,771,1539,1334,2,0,1009,771,771,771,769,769,8,1,39000,39,39,39,9,1539,9,1539,39000,39,39000,39,848707,39,17532307,0
24420,768962,39000,39000,0,0,0,0,0,848707,39,768923,39,771,771,1539,1691,2,0,1009,771,771,771,769,769,18,1,39000,39,39,39,9,1539,9,1539,39000,39,39000,39,848707,39,17540541,0
24430,769141,39000,39000,0,0,0,0,0,848707,39,769102,39,771,771,1540,871,1,1000,855,771,771,771,770,770,28,1,39000,39,39,39,9,1540,9,1540,39000,39,39000,39,848707,39,17544658,0
24440,769496,39000,39000,0,0,0,0,0,848707,39,769457,39,772,772,1541,1226,2,0,1051,772,772,772,770,770,4,1,39000,39,39,39,9,1541,9,1541,39000,39,39000,39,848707,39,17552846,0
24450,769814,39000,39000,0,0,0,0,0,848707,39,769775,39,772,772,1541,1544,2,0,1051,772,772,772,770,770,14,1,39000,39,39,39,9,1541,9,1541,39000,39,39000,39,848707,39,17560137,0
24460,769997,39000,39000,0,0,0,0,0,848707,39,769958,39,772,772,1542,728,1,1000,655,772,772,772,771,771,22,1,39000,39,39,39,9,1542,9,1542,39000,39,39000,39,848707,39,17564369,0
24470,770364,39000,39000,0,0,0,0,0,848707,39,770325,39,773,773,1543,1095,2,0,1026,773,773,773,771,771,2,1,39000,39,39,39,9,1543,9,1543,39000,39,39000,39,848707,39,17572810,0
24480,770709,39000,39000,0,0,0,0,0,848707,39,770670,39,773,773,1544,441,1,1000,439,773,773,773,772,772,12,1,39000,39,39,39,9,1544,9,1544,39000,39,39000,39,848707,39,17580791,0
24490,770894,39000,39000,0,0,0,0,0,848707,39,770855,39,773,773,1544,626,1,1000,439,773,773,773,772,772,22,1,39000,39,39,39,9,1544,9,1544,39000,39,39000,39,848707,39,17585023,0
24500,771242,39000,39000,0,0,0,0,0,848707,39,771203,39,773,773,1544,974,1,1000,439,773,773,773,772,772,32,1,39000,39,39,39,9,1544,9,1544,39000,39,39000,39,848707,39,17593027,0
24510,771591,39000,39000,0,0,0,0,0,848707,39,771552,39,774,774,1545,1323,2,0,1128,774,774,774,772,772,4,1,39000,39,39,39,9,1545,9,1545,39000,39,39000,39,848707,39,17601054,0
24520,771899,39000,39000,0,0,0,0,0,848707,39,771860,39,774,774,1545,1631,2,0,1128,774,774,774,772,772,14,1,39000,39,39,39,9,1545,9,1545,39000,39,39000,39,848707,39,17608138,0
24530,772091,39000,39000,0,0,0,0,0,848707,39,772052,39,774,774,1546,824,1,1000,644,774,774,774,773,773,24,1,39000,39,39,39,9,1546,9,1546,39000,39,39000,39,848707,39,17612577,0
24540,772442,39000,39000,0,0,0,0,0,848707,39,772403,39,775,775,1547,1175,2,0,1073,775,775,775,773,773,2,1,39000,39,39,39,9,1547,9,1547,39000,39,39000,39,848707,39,17620650,0
24550,772795,39000,39000,0,0,0,0,0,848707,39,772756,39,775,775,1547,1528,2,0,1073,775,775,775,773,773,12,1,39000,39,39,39,9,1547,9,1547,39000,39,39000,39,848707,39,17628792,0
24560,773013,39000,39000,0,0,0,0,0,848707,39,772974,39,775,775,1548,747,1,1000,744,775,775,775,774,774,22,1,39000,39,39,39,9,1548,9,1548,39000,39,39000,39,848707,39,17633806,0
24570,773336,39000,39000,0,0,0,0,0,848707,39,773297,39,776,776,1549,1070,2,0,1022,776,776,776,774,774,0,1,39000,39,39,39,9,1549,9,1549,39000,39,39000,39,848707,39,17641258,0
24580,773680,39000,39000,0,0,0,0,0,848707,39,773641,39,776,776,1549,1414,2,0,1022,776,776,776,774,774,10,1,39000,39,39,39,9,1549,9,1549,39000,39,39000,39,848707,39,17649147,0
24590,773906,39000,39000,0,0,0,0,0,848707,39,773867,39,776,776,1550,641,1,1000,634,776,776,776,775,775,18,1,39000,39,39,39,9,1550,9,1550,39000,39,39000,39,848707,39,17654368,0
24600,774175,39000,39000,0,0,0,0,0,848707,39,774136,39,776,776,1550,910,1,1000,634,776,776,776,775,775,29,1,39000,39,39,39,9,1550,9,1550,39000,39,39000,39,848707,39,17660555,0
24610,774429,39000,39000,0,0,0,0,0,848707,39,774390,39,777,777,1551,1164,2,0,1004,777,777,777,775,775,4,1,39000,39,39,39,9,1551,9,1551,39000,39,39000,39,848707,39,17666420,0
24620,774631,39000,39000,0,0,0,0,0,848707,39,774592,39,777,777,1552,367,1,1000,303,777,777,777,776,776,14,1,39000,39,39,39,9,1552,9,1552,39000,39,39000,39,848707,39,17671089,0
24630,774982,39000,39000,0,0,0,0,0,848707,39,774943,39,777,777,1552,718,1,1000,303,777,777,777,776,776,24,1,39000,39,39,39,9,1552,9,1552,39000,39,39000,39,848707,39,17679139,0
24640,775322,39000,39000,0,0,0,0,0,848707,39,775283,39,778,778,1553,1058,2,0,1029,778,778,778,776,776,0,1,39000,39,39,39,9,1553,9,1553,39000,39,39000,39,848707,39,17686982,0
24650,775649,39000,39000,0,0,0,0,0,848707,39,775610,39,778,778,1553,1385,2,0,1029,778,778,778,776,776,8,1,39000,39,39,39,9,1553,9,1553,39000,39,39000,39,848707,39,17694480,0
24660,775834,39000,39000,0,0,0,0,0,848707,39,775795,39,778,778,1554,571,1,1000,488,778,778,778,777,777,18,1,39000,39,39,39,9,1554,9,1554,39000,39,39000,39,848707,39,17698758,0
24670,776200,39000,39000,0,0,0,0,0,848707,39,776161,39,778,778,1554,937,1,1000,488,778,778,778,777,777,28,1,39000,39,39,39,9,1554,9,1554,39000,39,39000,39,848707,39,17707222,0
24680,776536,39000,39000,0,0,0,0,0,848707,39,776497,39,779,779,1555,1273,2,0,1025,779,779,779,777,777,6,1,39000,39,39,39,9,1555,9,1555,39000,39,39000,39,848707,39,17714904,0
24690,776895,39000,39000,0,0,0,0,0,848707,39,776856,39,779,779,1555,1632,2,0,1025,779,779,779,777,777,16,1,39000,39,39,39,9,1555,9,1555,39000,39,39000,39,848707,39,17723184,0
24700,777076,39000,39000,0,0,0,0,0,848707,39,777037,39,779,779,1556,814,1,1000,721,779,779,779,778,778,26,1,39000,39,39,39,9,1556,9,1556,39000,39,39000,39,848707,39,17727347,0
24711,777441,39000,39000,0,0,0,0,0,848707,39,777402,39,780,780,1557,1179,2,0,1034,780,780,780,778,778,2,1,39000,39,39,39,9,1557,9,1557,39000,39,39000,39,848707,39,17735742,0
24720,777759,39000,39000,0,0,0,0,0,848707,39,777720,39,780,780,1557,1497,2,0,1034,780,780,780,778,778,12,1,39000,39,39,39,9,1557,9,1557,39000,39,39000,39,848707,39,17743079,0
24730,777949,39000,39000,0,0,0,0,0,848707,39,777910,39,780,780,1558,688,1,1000,505,780,780,780,779,779,22,1,39000,39,39,39,9,1558,9,1558,39000,39,39000,39,848707,39,17747449,0
24740,778297,39000,39000,0,0,0,0,0,848707,39,778258,39,781,781,1559,1036,2,0,1017,781,781,781,779,779,0,1,39000,39,39,39,9,1559,9,1559,39000,39,39000,39,848707,39,17755476,0
24750,778647,39000,39000,0,0,0,0,0,848707,39,778608,39,781,781,1559,1386,2,0,1017,781,781,781,779,779,10,1,39000,39,39,39,9,1559,9,1559,39000,39,39000,39,848707,39,17763503,0
24760,779002,39000,39000,0,0,0,0,0,848707,39,778963,39,781,781,1560,742,1,1000,736,781,781,781,780,780,20,1,39000,39,39,39,9,1560,9,1560,39000,39,39000,39,848707,39,17771691,0
24770,779198,39000,39000,0,0,0,0,0,848707,39,779159,39,781,781,1560,938,1,1000,736,781,781,781,780,780,30,1,39000,39,39,39,9,1560,9,1560,39000,39,39000,39,848707,39,17776199,0
24780,779507,39000,39000,0,0,0,0,0,848707,39,779468,39,782,782,1561,1247,2,0,1039,782,782,782,780,780,6,1,39000,39,39,39,9,1561,9,1561,39000,39,39000,39,848707,39,17783329,0
24790,779765,39000,39000,0,0,0,0,0,848707,39,779726,39,782,782,1562,506,1,1000,498,782,782,782,781,781,14,1,39000,39,39,39,9,1562,9,1562,39000,39,39000,39,848707,39,17789263,0
24800,780035,39000,39000,0,0,0,0,0,848707,39,779996,39,782,782,1562,776,1,1000,498,782,782,782,781,781,24,1,39000,39,39,39,9,1562,9,1562,39000,39,39000,39,848707,39,17795473,0
24810,780390,39000,39000,0,0,0,0,0,848707,39,780351,39,783,783,1563,1131,2,0,1004,783,783,783,781,781,2,1,39000,39,39,39,9,1563,9,1563,39000,39,39000,39,848707,39,17803661,0
24820,780739,39000,39000,0,0,0,0,0,848707,39,780700,39,783,783,1563,1480,2,0,1004,783,783,783,781,781,12,1,39000,39,39,39,9,1563,9,1563,39000,39,39000,39,848707,39,17811665,0
24830,780982,39000,39000,0,0,0,0,0,848707,39,780943,39,783,783,1564,724,1,1000,720,783,783,783,782,782,22,1,39000,39,39,39,9,1564,9,1564,39000,39,39000,39,848707,39,17817277,0
24840,781295,39000,39000,0,0,0,0,0,848707,39,781256,39,783,783,1564,1037,2,1000,720,783,784,783,782,782,32,1,39000,39,39,39,9,1564,9,1564,39000,39,39000,39,848707,39,17824499,0
24850,781619,39000,39000,0,0,0,0,0,848707,39,781580,39,784,784,1565,1361,2,0,1037,784,784,784,782,782,8,1,39000,39,39,39,9,1565,9,1565,39000,39,39000,39,848707,39,17831951,0
24860,781802,39000,39000,0,0,0,0,0,848707,39,781763,39,784,784,1566,545,1,1000,507,784,784,784,783,783,18,1,39000,39,39,39,9,1566,9,1566,39000,39,39000,39,848707,39,17836183,0
24870,782142,39000,39000,0,0,0,0,0,848707,39,782103,39,784,784,1566,885,1,1000,507,784,784,784,783,783,28,1,39000,39,39,39,9,1566,9,1566,39000,39,39000,39,848707,39,17844003,0
24880,782482,39000,39000,0,0,0,0,0,848707,39,782443,39,785,785,1567,1225,2,0,1065,785,785,785,783,783,4,1,39000,39,39,39,9,1567,9,1567,39000,39,39000,39,848707,39,17851800,0
24890,782835,39000,39000,0,0,0,0,0,848707,39,782796,39,785,785,1567,1578,2,0,1065,785,785,785,783,783,14,1,39000,39,39,39,9,1567,9,1567,39000,39,39000,39,848707,39,17859965,0
24900,783024,39000,39000,0,0,0,0,0,848707,39,782985,39,785,785,1568,768,1,1000,699,785,785,785,784,784,24,1,39000,39,39,39,9,1568,9,1568,39000,39,39000,39,848707,39,17864289,0
24910,783239,39000,39000,0,0,0,0,0,848707,39,783200,39,785,785,1568,983,1,1000,699,785,785,785,784,784,34,1,39000,39,39,39,9,1568,9,1568,39000,39,39000,39,848707,39,17869234,0
24920,783593,39000,39000,0,0,0,0,0,848707,39,783554,39,786,786,1569,1337,2,0,1051,786,786,786,784,784,8,1,39000,39,39,39,9,1569,9,1569,39000,39,39000,39,848707,39,17877376,0
24930,783943,39000,39000,0,0,0,0,0,848707,39,783904,39,786,786,1569,1687,2,0,1051,786,786,786,784,784,16,1,39000,39,39,39,9,1569,9,1569,39000,39,39000,39,848707,39,17885426,0
24940,784126,39000,39000,0,0,0,0,0,848707,39,784087,39,786,786,1570,871,1,1000,768,786,786,786,785,785,26,1,39000,39,39,39,9,1570,9,1570,39000,39,39000,39,848707,39,17889681,0
24950,784470,39000,39000,0,0,0,0,0,848707,39,784431,39,787,787,1571,1215,2,0,1021,787,787,787,785,785,4,1,39000,39,39,39,9,1571,9,1571,39000,39,39000,39,848707,39,17897593,0
24960,784793,39000,39000,0,0,0,0,0,848707,39,784754,39,787,787,1572,539,1,1000,527,787,787,787,786,786,15,1,39000,39,39,39,9,1572,9,1572,39000,39,39000,39,848707,39,17905022,0
24970,785012,39000,39000,0,0,0,0,0,848707,39,784973,39,787,787,1572,758,1,1000,527,787,787,787,786,786,26,1,39000,39,39,39,9,1572,9,1572,39000,39,39000,39,848707,39,17910059,0
24980,785337,39000,39000,0,0,0,0,0,848707,39,785298,39,788,788,1573,1083,2,0,1043,788,788,788,786,786,0,1,39000,39,39,39,9,1573,9,1573,39000,39,39000,39,848707,39,17917557,0
24990,785694,39000,39000,0,0,0,0,0,848707,39,785655,39,788,788,1573,1440,2,0,1043,788,788,788,786,786,10,1,39000,39,39,39,9,1573,9,1573,39000,39,39000,39,848707,39,17925745,0
25000,786032,39000,39000,0,0,0,0,0,848707,39,785993,39,788,788,1574,779,1,1000,773,788,788,788,787,787,21,1,39000,39,39,39,9,1574,9,1574,39000,39,39000,39,848707,39,17933542,0
25010,786220,39000,39000,0,0,0,0,0,848707,39,786181,39,788,788,1574,967,1,1000,773,788,788,788,787,787,30,1,39000,39,39,39,9,1574,9,1574,39000,39,39000,39,848707,39,17937889,0
25020,786575,39000,39000,0,0,0,0,0,848707,39,786536,39,789,789,1575,1322,2,0,1012,789,789,789,787,787,8,1,39000,39,39,39,9,1575,9,1575,39000,39,39000,39,848707,39,17946077,0
25030,786800,39000,39000,0,0,0,0,0,848707,39,786761,39,789,789,1576,548,1,1000,540,789,789,789,788,788,18,1,39000,39,39,39,9,1576,9,1576,39000,39,39000,39,848707,39,17951229,0
25040,787077,39000,39000,0,0,0,0,0,848707,39,787038,39,789,789,1576,825,1,1000,540,789,789,789,788,788,28,1,39000,39,39,39,9,1576,9,1576,39000,39,39000,39,848707,39,17957646,0
25050,787419,39000,39000,0,0,0,0,0,848707,39,787380,39,790,790,1577,1167,2,0,1025,790,790,790,788,788,4,1,39000,39,39,39,9,1577,9,1577,39000,39,39000,39,848707,39,17965466,0
25060,787755,39000,39000,0,0,0,0,0,848707,39,787716,39,790,790,1577,1503,2,0,1025,790,790,790,788,788,14,1,39000,39,39,39,9,1577,9,1577,39000,39,39000,39,848707,39,17973217,0
25070,788000,39000,39000,0,0,0,0,0,848707,39,787961,39,790,790,1578,749,1,1000,745,790,790,790,789,789,23,1,39000,39,39,39,9,1578,9,1578,39000,39,39000,39,848707,39,17978852,0
25080,788288,39000,39000,0,0,0,0,0,848707,39,788249,39,790,790,1578,1037,2,1000,745,790,791,790,789,789,33,1,39000,39,39,39,9,1578,9,1578,39000,39,39000,39,848707,39,17985476,0
25090,788648,39000,39000,0,0,0,0,0,848707,39,788609,39,791,791,1579,1397,2,0,1046,791,791,791,789,789,8,1,39000,39,39,39,9,1579,9,1579,39000,39,39000,39,848707,39,17993756,0
25100,788828,39000,39000,0,0,0,0,0,848707,39,788789,39,791,791,1580,578,1,1000,502,791,791,791,790,790,20,1,39000,39,39,39,9,1580,9,1580,39000,39,39000,39,848707,39,17997942,0
25110,789148,39000,39000,0,0,0,0,0,848707,39,789109,39,791,791,1580,898,1,1000,502,791,791,791,790,790,28,1,39000,39,39,39,9,1580,9,1580,39000,39,39000,39,848707,39,18005302,0
25120,789495,39000,39000,0,0,0,0,0,848707,39,789456,39,792,792,1581,1245,2,0,1063,792,792,792,790,790,4,1,39000,39,39,39,9,1581,9,1581,39000,39,39000,39,848707,39,18013260,0
25130,789855,39000,39000,0,0,0,0,0,848707,39,789816,39,792,792,1581,1605,2,0,1063,792,792,792,790,790,14,1,39000,39,39,39,9,1581,9,1581,39000,39,39000,39,848707,39,18021563,0
25140,790039,39000,39000,0,0,0,0,0,848707,39,790000,39,792,792,1582,790,1,1000,726,792,792,792,791,791,24,1,39000,39,39,39,9,1582,9,1582,39000,39,39000,39,848707,39,18025795,0
25150,790386,39000,39000,0,0,0,0,0,848707,39,790347,39,793,793,1583,1137,2,0,1038,793,793,793,791,791,2,1,39000,39,39,39,9,1583,9,1583,39000,39,39000,39,848707,39,18033776,0
25160,790730,39000,39000,0,0,0,0,0,848707,39,790691,39,793,793,1583,1481,2,0,1038,793,793,793,791,791,12,1,39000,39,39,39,9,1583,9,1583,39000,39,39000,39,848707,39,18041711,0
25170,790875,39000,39000,0,0,0,0,0,848707,39,790836,39,793,793,1584,627,1,1000,483,793,793,793,792,792,22,1,39000,39,39,39,9,1584,9,1584,39000,39,39000,39,848707,39,18045069,0
25180,791218,39000,39000,0,0,0,0,0,848707,39,791179,39,793,793,1584,970,1,1000,483,793,793,793,792,792,32,1,39000,39,39,39,9,1584,9,1584,39000,39,39000,39,848707,39,18052935,0
25190,791570,39000,39000,0,0,0,0,0,848707,39,791531,39,794,794,1585,1322,2,0,1030,794,794,794,792,792,8,1,39000,39,39,39,9,1585,9,1585,39000,39,39000,39,848707,39,18061031,0
25200,791907,39000,39000,0,0,0,0,0,848707,39,791868,39,794,794,1585,1659,2,0,1030,794,794,794,792,792,18,1,39000,39,39,39,9,1585,9,1585,39000,39,39000,39,848707,39,18068782,0
25210,792088,39000,39000,0,0,0,0,0,848707,39,792049,39,794,794,1586,841,1,1000,664,794,794,794,793,793,26,1,39000,39,39,39,9,1586,9,1586,39000,39,39000,39,848707,39,18072968,0
25220,792435,39000,39000,0,0,0,0,0,848707,39,792396,39,795,795,1587,1188,2,0,1049,795,795,795,793,793,4,1,39000,39,39,39,9,1587,9,1587,39000,39,39000,39,848707,39,18080949,0
25230,792695,39000,39000,0,0,0,0,0,848707,39,792656,39,795,795,1588,449,1,1000,442,795,795,795,794,794,14,1,39000,39,39,39,9,1588,9,1588,39000,39,39000,39,848707,39,18086952,0
25240,792932,39000,39000,0,0,0,0,0,848707,39,792893,39,795,795,1588,686,1,1000,442,795,795,795,794,794,22,1,39000,39,39,39,9,1588,9,1588,39000,39,39000,39,848707,39,18092403,0
25250,793266,39000,39000,0,0,0,0,0,848707,39,793227,39,795,795,1588,1020,2,1000,442,795,796,795,794,794,32,1,39000,39,39,39,9,1588,9,1588,39000,39,39000,39,848707,39,18100085,0
25260,793605,39000,39000,0,0,0,0,0,848707,39,793566,39,796,796,1589,1359,2,0,1036,796,796,796,794,794,8,1,39000,39,39,39,9,1589,9,1589,39000,39,39000,39,848707,39,18107882,0
25270,793873,39000,39000,0,0,0,0,0,848707,39,793834,39,796,796,1590,628,1,1000,621,796,796,796,795,795,18,1,39000,39,39,39,9,1590,9,1590,39000,39,39000,39,848707,39,18114069,0
25280,794121,39000,39000,0,0,0,0,0,848707,39,794082,39,796,796,1590,876,1,1000,621,796,796,796,795,795,28,1,39000,39,39,39,9,1590,9,1590,39000,39,39000,39,848707,39,18119796,0
25290,794447,39000,39000,0,0,0,0,0,848707,39,794408,39,797,797,1591,1202,2,0,1042,797,797,797,795,795,4,1,39000,39,39,39,9,1591,9,1591,39000,39,39000,39,848707,39,18127271,0
25300,794730,39000,39000,0,0,0,0,0,848707,39,794691,39,797,797,1591,1485,2,0,1042,797,797,797,795,795,14,1,39000,39,39,39,9,1591,9,1591,39000,39,39000,39,848707,39,18133826,0
25310,795031,39000,39000,0,0,0,0,0,848707,39,794992,39,797,797,1592,787,1,1000,780,797,797,797,796,796,24,1,39000,39,39,39,9,1592,9,1592,39000,39,39000,39,848707,39,18140726,0
25320,795256,39000,39000,0,0,0,0,0,848707,39,795217,39,797,797,1592,1012,2,1000,780,797,798,797,796,796,34,1,39000,39,39,39,9,1592,9,1592,39000,39,39000,39,848707,39,18145924,0
25330,795608,39000,39000,0,0,0,0,0,848707,39,795569,39,798,798,1593,1364,2,0,1067,798,798,798,796,796,8,1,39000,39,39,39,9,1593,9,1593,39000,39,39000,39,848707,39,18153997,0
25340,795786,39000,39000,0,0,0,0,0,848707,39,795747,39,798,798,1594,543,1,1000,535,798,798,798,797,797,18,1,39000,39,39,39,9,1594,9,1594,39000,39,39000,39,848707,39,18158114,0
25350,796100,39000,39000,0,0,0,0,0,848707,39,796061,39,798,798,1594,857,1,1000,535,798,798,798,797,797,27,1,39000,39,39,39,9,1594,9,1594,39000,39,39000,39,848707,39,18165359,0
25360,796446,39000,39000,0,0,0,0,0,848707,39,796407,39,799,799,1595,1203,2,0,1002,799,799,799,797,797,4,1,39000,39,39,39,9,1595,9,1595,39000,39,39000,39,848707,39,18173294,0
25370,796758,39000,39000,0,0,0,0,0,848707,39,796719,39,799,799,1595,1515,2,0,1002,799,799,799,797,797,14,1,39000,39,39,39,9,1595,9,1595,39000,39,39000,39,848707,39,18180470,0
25380,796969,39000,39000,0,0,0,0,0,848707,39,796930,39,799,799,1596,727,1,1000,721,799,799,799,798,798,24,1,39000,39,39,39,9,1596,9,1596,39000,39,39000,39,848707,39,18185346,0
25390,797268,39000,39000,0,0,0,0,0,848707,39,797229,39,799,799,1596,1026,2,1000,721,799,800,799,798,798,34,1,39000,39,39,39,9,1596,9,1596,39000,39,39000,39,848707,39,18192223,0
25400,797611,39000,39000,0,0,0,0,0,848707,39,797572,39,800,800,1597,1369,2,0,1047,800,800,800,798,798,8,1,39000,39,39,39,9,1597,9,1597,39000,39,39000,39,848707,39,18200135,0
25410,797781,39000,39000,0,0,0,0,0,848707,39,797742,39,800,800,1598,540,1,1000,522,800,800,800,799,799,18,1,39000,39,39,39,9,1598,9,1598,39000,39,39000,39,848707,39,18204045,0
25420,798108,39000,39000,0,0,0,0,0,848707,39,798069,39,800,800,1598,867,1,1000,522,800,800,800,799,799,29,1,39000,39,39,39,9,1598,9,1598,39000,39,39000,39,848707,39,18211566,0
25430,798415,39000,39000,0,0,0,0,0,848707,39,798376,39,801,801,1599,1174,2,0,1051,801,801,801,799,799,2,1,39000,39,39,39,9,1599,9,1599,39000,39,39000,39,848707,39,18218673,0
25440,798736,39000,39000,0,0,0,0,0,848707,39,798697,39,801,801,1599,1495,2,0,1051,801,801,801,799,799,12,1,39000,39,39,39,9,1599,9,1599,39000,39,39000,39,848707,39,18226010,0
25450,798912,39000,39000,0,0,0,0,0,848707,39,798873,39,801,801,1600,672,1,1000,598,801,801,801,800,800,24,1,39000,39,39,39,9,1600,9,1600,39000,39,39000,39,848707,39,18230081,0
25460,799242,39000,39000,0,0,0,0,0,848707,39,799203,39,801,801,1600,1002,2,1000,598,801,802,801,800,800,34,1,39000,39,39,39,9,1600,9,1600,39000,39,39000,39,848707,39,18237694,0
25470,799564,39000,39000,0,0,0,0,0,848707,39,799525,39,802,802,1601,1324,2,0,1061,802,802,802,800,800,8,1,39000,39,39,39,9,1601,9,1601,39000,39,39000,39,848707,39,18245077,0
25480,799871,39000,39000,0,0,0,0,0,848707,39,799832,39,802,802,1601,1631,2,0,1061,802,802,802,800,800,18,1,39000,39,39,39,9,1601,9,1601,39000,39,39000,39,848707,39,18252161,0
25490,800053,39000,39000,0,0,0,0,0,848707,39,800014,39,802,802,1602,814,1,1000,737,802,802,802,801,801,27,1,39000,39,39,39,9,1602,9,1602,39000,39,39000,39,848707,39,18256370,0
25500,800355,39000,39000,0,0,0,0,0,848707,39,800316,39,803,803,1603,1116,2,0,1021,803,803,803,801,801,2,1,39000,39,39,39,9,1603,9,1603,39000,39,39000,39,848707,39,18263293,0
25510,800509,39000,39000,0,0,0,0,0,848707,39,800470,39,803,803,1604,271,1,1000,266,803,803,803,802,802,12,1,39000,39,39,39,9,1604,9,1604,39000,39,39000,39,848707,39,18266858,0
25520,800741,39000,39000,0,0,0,0,0,848707,39,800702,39,803,803,1604,503,1,1000,266,803,803,803,802,802,22,1,39000,39,39,39,9,1604,9,1604,39000,39,39000,39,848707,39,18272194,0
25530,801077,39000,39000,0,0,0,0,0,848707,39,801038,39,803,803,1604,839,1,1000,266,803,803,803,802,802,32,1,39000,39,39,39,9,1604,9,1604,39000,39,39000,39,848707,39,18279945,0
25540,801399,39000,39000,0,0,0,0,0,848707,39,801360,39,804,804,1605,1161,2,0,1011,804,804,804,802,802,4,1,39000,39,39,39,9,1605,9,1605,39000,39,39000,39,848707,39,18287328,0
25550,801636,39000,39000,0,0,0,0,0,848707,39,801597,39,804,804,1606,399,1,1000,395,804,804,804,803,803,14,1,39000,39,39,39,9,1606,9,1606,39000,39,39000,39,848707,39,18292802,0
25560,801856,39000,39000,0,0,0,0,0,848707,39,801817,39,804,804,1606,619,1,1000,395,804,804,804,803,803,22,1,39000,39,39,39,9,1606,9,1606,39000,39,39000,39,848707,39,18297862,0
25570,802175,39000,39000,0,0,0,0,0,848707,39,802136,39,804,804,1606,938,1,1000,395,804,804,804,803,803,32,1,39000,39,39,39,9,1606,9,1606,39000,39,39000,39,848707,39,18305199,0
25580,802486,39000,39000,0,0,0,0,0,848707,39,802447,39,805,805,1607,1249,2,0,1026,805,805,805,803,803,6,1,39000,39,39,39,9,1607,9,1607,39000,39,39000,39,848707,39,18312375,0
25590,802763,39000,39000,0,0,0,0,0,848707,39,802724,39,805,805,1608,527,1,1000,507,805,805,805,804,804,16,1,39000,39,39,39,9,1608,9,1608,39000,39,39000,39,848707,39,18318746,0
25600,802990,39000,39000,0,0,0,0,0,848707,39,802951,39,805,805,1608,754,1,1000,507,805,805,805,804,804,26,1,39000,39,39,39,9,1608,9,1608,39000,39,39000,39,848707,39,18323967,0
25610,803312,39000,39000,0,0,0,0,0,848707,39,803273,39,806,806,1609,1076,2,0,1023,806,806,806,804,804,0,1,39000,39,39,39,9,1609,9,1609,39000,39,39000,39,848707,39,18331396,0
25620,803610,39000,39000,0,0,0,0,0,848707,39,803571,39,806,806,1609,1374,2,0,1023,806,806,806,804,804,10,1,39000,39,39,39,9,1609,9,1609,39000,39,39000,39,848707,39,18338227,0
25630,803884,39000,39000,0,0,0,0,0,848707,39,803845,39,806,806,1610,649,1,1000,643,806,806,806,805,805,20,1,39000,39,39,39,9,1610,9,1610,39000,39,39000,39,848707,39,18344552,0
25640,804096,39000,39000,0,0,0,0,0,848707,39,804057,39,806,806,1610,861,1,1000,643,806,806,806,805,805,30,1,39000,39,39,39,9,1610,9,1610,39000,39,39000,39,848707,39,18349428,0
25650,804422,39000,39000,0,0,0,0,0,848707,39,804383,39,807,807,1611,1187,2,0,1050,807,807,807,805,805,4,1,39000,39,39,39,9,1611,9,1611,39000,39,39000,39,848707,39,18356926,0
25660,804751,39000,39000,0,0,0,0,0,848707,39,804712,39,807,807,1611,1516,2,0,1050,807,807,807,805,805,14,1,39000,39,39,39,9,1611,9,1611,39000,39,39000,39,848707,39,18364516,0
25670,804971,39000,39000,0,0,0,0,0,848707,39,804932,39,807,807,1612,737,1,1000,732,807,807,807,806,806,24,1,39000,39,39,39,9,1612,9,1612,39000,39,39000,39,848707,39,18369576,0
25681,805238,39000,39000,0,0,0,0,0,848707,39,805199,39,807,807,1612,1004,2,1000,732,807,808,807,806,806,34,1,39000,39,39,39,9,1612,9,1612,39000,39,39000,39,848707,39,18375717,0
25690,805518,39000,39000,0,0,0,0,0,848707,39,805479,39,808,808,1613,1284,2,0,1026,808,808,808,806,806,6,1,39000,39,39,39,9,1613,9,1613,39000,39,39000,39,848707,39,18382180,0
25700,805693,39000,39000,0,0,0,0,0,848707,39,805654,39,808,808,1614,460,1,1000,457,808,808,808,807,807,17,1,39000,39,39,39,9,1614,9,1614,39000,39,39000,39,848707,39,18386205,0
25710,805996,39000,39000,0,0,0,0,0,848707,39,805957,39,808,808,1614,763,1,1000,457,808,808,808,807,807,27,1,39000,39,39,39,9,1614,9,1614,39000,39,39000,39,848707,39,18393174,0
25720,806311,39000,39000,0,0,0,0,0,848707,39,806272,39,809,809,1615,1078,2,0,1036,809,809,809,807,807,0,1,39000,39,39,39,9,1615,9,1615,39000,39,39000,39,848707,39,18400419,0
25730,806631,39000,39000,0,0,0,0,0,848707,39,806592,39,809,809,1615,1398,2,0,1036,809,809,809,807,807,10,1,39000,39,39,39,9,1615,9,1615,39000,39,39000,39,848707,39,18407779,0
25740,806788,39000,39000,0,0,0,0,0,848707,39,806749,39,809,809,1616,556,1,1000,537,809,809,809,808,808,20,1,39000,39,39,39,9,1616,9,1616,39000,39,39000,39,848707,39,18411413,0
25750,807090,39000,39000,0,0,0,0,0,848707,39,807051,39,809,809,1616,858,1,1000,537,809,809,809,808,808,30,1,39000,39,39,39,9,1616,9,1616,39000,39,39000,39,848707,39,18418382,0
25760,807409,39000,39000,0,0,0,0,0,848707,39,807370,39,810,810,1617,1177,2,0,1020,810,810,810,808,808,4,1,39000,39,39,39,9,1617,9,1617,39000,39,39000,39,848707,39,18425696,0
25770,807722,39000,39000,0,0,0,0,0,848707,39,807683,39,810,810,1617,1490,2,0,1020,810,810,810,808,808,15,1,39000,39,39,39,9,1617,9,1617,39000,39,39000,39,848707,39,18432895,0
25780,807946,39000,39000,0,0,0,0,0,848707,39,807907,39,810,810,1618,715,1,1000,698,810,810,810,809,809,25,1,39000,39,39,39,9,1618,9,1618,39000,39,39000,39,848707,39,18438070,0
25790,808182,39000,39000,0,0,0,0,0,848707,39,808143,39,810,810,1618,951,1,1000,698,810,810,810,809,809,35,1,39000,39,39,39,9,1618,9,1618,39000,39,39000,39,848707,39,18443498,0
25800,808507,39000,39000,0,0,0,0,0,848707,39,808468,39,811,811,1619,1276,2,0,1004,811,811,811,809,809,8,1,39000,39,39,39,9,1619,9,1619,39000,39,39000,39,848707,39,18450973,0
25810,808551,39000,39000,0,0,0,0,0,848707,39,808512,39,811,811,1620,321,1,1000,304,811,811,811,810,810,17,1,39000,39,39,39,9,1620,9,1620,39000,39,39000,39,848707,39,18452008,0
25820,808872,39000,39000,0,0,0,0,0,848707,39,808833,39,811,811,1620,642,1,1000,304,811,811,811,810,810,27,1,39000,39,39,39,9,1620,9,1620,39000,39,39000,39,848707,39,18459391,0
25830,809187,39000,39000,0,0,0,0,0,848707,39,809148,39,811,811,1620,957,1,1000,304,811,811,811,810,810,37,1,39000,39,39,39,9,1620,9,1620,39000,39,39000,39,848707,39,18466636,0
25840,809508,39000,39000,0,0,0,0,0,848707,39,809469,39,812,812,1621,1278,2,0,1103,812,812,812,810,810,4,1,39000,39,39,39,9,1621,9,1621,39000,39,39000,39,848707,39,18474019,0
25850,809664,39000,39000,0,0,0,0,0,848707,39,809625,39,812,812,1622,435,1,1000,423,812,812,812,811,811,14,1,39000,39,39,39,9,1622,9,1622,39000,39,39000,39,848707,39,18477630,0
25860,809971,39000,39000,0,0,0,0,0,848707,39,809932,39,812,812,1622,742,1,1000,423,812,812,812,811,811,24,1,39000,39,39,39,9,1622,9,1622,39000,39,39000,39,848707,39,18484691,0
25870,810280,39000,39000,0,0,0,0,0,848707,39,810241,39,813,813,1623,1051,2,0,1002,813,813,813,811,811,0,1,39000,39,39,39,9,1623,9,1623,39000,39,39000,39,848707,39,18491798,0
25880,810567,39000,39000,0,0,0,0,0,848707,39,810528,39,813,813,1623,1338,2,0,1002,813,813,813,811,811,10,1,39000,39,39,39,9,1623,9,1623,39000,39,39000,39,848707,39,18498399,0
25890,810740,39000,39000,0,0,0,0,0,848707,39,810701,39,813,813,1624,512,1,1000,504,813,813,813,812,812,20,1,39000,39,39,39,9,1624,9,1624,39000,39,39000,39,848707,39,18502401,0
25900,811039,39000,39000,0,0,0,0,0,848707,39,811000,39,813,813,1624,811,1,1000,504,813,813,813,812,812,30,1,39000,39,39,39,9,1624,9,1624,39000,39,39000,39,848707,39,18509278,0
25910,811339,39000,39000,0,0,0,0,0,848707,39,811300,39,814,814,1625,1111,2,0,1039,814,814,814,812,812,2,1,39000,39,39,39,9,1625,9,1625,39000,39,39000,39,848707,39,18516201,0
25920,811646,39000,39000,0,0,0,0,0,848707,39,811607,39,814,814,1625,1418,2,0,1039,814,814,814,812,812,12,1,39000,39,39,39,9,1625,9,1625,39000,39,39000,39,848707,39,18523239,0
25930,811831,39000,39000,0,0,0,0,0,848707,39,811792,39,814,814,1626,604,1,1000,591,814,814,814,813,813,22,1,39000,39,39,39,9,1626,9,1626,39000,39,39000,39,848707,39,18527517,0
25940,812089,39000,39000,0,0,0,0,0,848707,39,812050,39,814,814,1626,862,1,1000,591,814,814,814,813,813,30,1,39000,39,39,39,9,1626,9,1626,39000,39,39000,39,848707,39,18533451,0
25950,812383,39000,39000,0,0,0,0,0,848707,39,812344,39,815,815,1627,1156,2,0,1046,815,815,815,813,813,2,1,39000,39,39,39,9,1627,9,1627,39000,39,39000,39,848707,39,18540213,0
25960,812687,39000,39000,0,0,0,0,0,848707,39,812648,39,815,815,1627,1460,2,0,1046,815,815,815,813,813,14,1,39000,39,39,39,9,1627,9,1627,39000,39,39000,39,848707,39,18547205,0
25970,812898,39000,39000,0,0,0,0,0,848707,39,812859,39,815,815,1628,672,1,1000,658,815,815,815,814,814,24,1,39000,39,39,39,9,1628,9,1628,39000,39,39000,39,848707,39,18552081,0
25980,813172,39000,39000,0,0,0,0,0,848707,39,813133,39,815,815,1628,946,1,1000,658,815,815,815,814,814,33,1,39000,39,39,39,9,1628,9,1628,39000,39,39000,39,848707,39,18558383,0
25990,813466,39000,39000,0,0,0,0,0,848707,39,813427,39,816,816,1629,1240,2,0,1032,816,816,816,814,814,6,1,39000,39,39,39,9,1629,9,1629,39000,39,39000,39,848707,39,18565145,0
26000,813774,39000,39000,0,0,0,0,0,848707,39,813735,39,816,816,1629,1548,2,0,1032,816,816,816,814,814,16,1,39000,39,39,39,9,1629,9,1629,39000,39,39000,39,848707,39,18572229,0
26010,813968,39000,39000,0,0,0,0,0,848707,39,813929,39,816,816,1630,743,1,1000,739,816,816,816,815,815,26,1,39000,39,39,39,9,1630,9,1630,39000,39,39000,39,848707,39,18576714,0
26020,814210,39000,39000,0,0,0,0,0,848707,39,814171,39,816,816,1630,985,1,1000,739,816,816,816,815,815,36,1,39000,39,39,39,9,1630,9,1630,39000,39,39000,39,848707,39,18582303,0
26030,814518,39000,39000,0,0,0,0,0,848707,39,814479,39,817,817,1631,1293,2,0,1032,817,817,817,815,815,8,1,39000,39,39,39,9,1631,9,1631,39000,39,39000,39,848707,39,18589364,0
26040,814674,39000,39000,0,0,0,0,0,848707,39,814635,39,817,817,1632,450,1,1000,420,817,817,817,816,816,18,1,39000,39,39,39,9,1632,9,1632,39000,39,39000,39,848707,39,18592975,0
26050,814953,39000,39000,0,0,0,0,0,848707,39,814914,39,817,817,1632,729,1,1000,420,817,817,817,816,816,27,1,39000,39,39,39,9,1632,9,1632,39000,39,39000,39,848707,39,18599392,0
26060,815239,39000,39000,0,0,0,0,0,848707,39,815200,39,817,817,1632,1015,2,1000,420,817,818,817,816,816,37,1,39000,39,39,39,9,1632,9,1632,39000,39,39000,39,848707,39,18605993,0
26070,815515,39000,39000,0,0,0,0,0,848707,39,815476,39,818,818,1633,1291,2,0,1018,818,818,818,816,816,8,1,39000,39,39,39,9,1633,9,1633,39000,39,39000,39,848707,39,18612318,0
26080,815676,39000,39000,0,0,0,0,0,848707,39,815637,39,818,818,1634,453,1,1000,434,818,818,818,817,817,18,1,39000,39,39,39,9,1634,9,1634,39000,39,39000,39,848707,39,18616044,0
26090,815948,39000,39000,0,0,0,0,0,848707,39,815909,39,818,818,1634,725,1,1000,434,818,818,818,817,817,28,1,39000,39,39,39,9,1634,9,1634,39000,39,39000,39,848707,39,18622323,0
26100,816235,39000,39000,0,0,0,0,0,848707,39,816196,39,818,818,1634,1012,2,1000,434,818,819,818,817,817,38,1,39000,39,39,39,9,1634,9,1634,39000,39,39000,39,848707,39,18628901,0
26110,816433,39000,39000,0,0,0,0,0,848707,39,816394,39,819,819,1635,1210,2,0,1022,819,819,819,817,817,6,1,39000,39,39,39,9,1635,9,1635,39000,39,39000,39,848707,39,18633455,0
26120,816585,39000,39000,0,0,0,0,0,848707,39,816546,39,819,819,1636,363,1,1000,288,819,819,819,818,818,16,1,39000,39,39,39,9,1636,9,1636,39000,39,39000,39,848707,39,18636974,0
26130,816854,39000,39000,0,0,0,0,0,848707,39,816815,39,819,819,1636,632,1,1000,288,819,819,819,818,818,24,1,39000,39,39,39,9,1636,9,1636,39000,39,39000,39,848707,39,18643161,0
26140,817148,39000,39000,0,0,0,0,0,848707,39,817109,39,819,819,1636,926,1,1000,288,819,819,819,818,818,34,1,39000,39,39,39,9,1636,9,1636,39000,39,39000,39,848707,39,18649923,0
26150,817432,39000,39000,0,0,0,0,0,848707,39,817393,39,820,820,1637,1210,2,0,1009,820,820,820,818,818,6,1,39000,39,39,39,9,1637,9,1637,39000,39,39000,39,848707,39,18656455,0
26160,817737,39000,39000,0,0,0,0,0,848707,39,817698,39,820,820,1638,516,1,1000,511,820,820,820,819,819,17,1,39000,39,39,39,9,1638,9,1638,39000,39,39000,39,848707,39,18663493,0
26170,817899,39000,39000,0,0,0,0,0,848707,39,817860,39,820,820,1638,678,1,1000,511,820,820,820,819,819,26,1,39000,39,39,39,9,1638,9,1638,39000,39,39000,39,848707,39,18667242,0
26180,818181,39000,39000,0,0,0,0,0,848707,39,818142,39,820,820,1638,960,1,1000,511,820,820,820,819,819,36,1,39000,39,39,39,9,1638,9,1638,39000,39,39000,39,848707,39,18673705,0
26190,818437,39000,39000,0,0,0,0,0,848707,39,818398,39,821,821,1639,1216,2,0,1031,821,821,821,819,819,6,1,39000,39,39,39,9,1639,9,1639,39000,39,39000,39,848707,39,18679593,0
26200,818677,39000,39000,0,0,0,0,0,848707,39,818638,39,821,821,1639,1456,2,0,1031,821,821,821,819,819,14,1,39000,39,39,39,9,1639,9,1639,39000,39,39000,39,848707,39,18685113,0
26210,818822,39000,39000,0,0,0,0,0,848707,39,818783,39,821,821,1640,602,1,1000,590,821,821,821,820,820,26,1,39000,39,39,39,9,1640,9,1640,39000,39,39000,39,848707,39,18688471,0
26220,819091,39000,39000,0,0,0,0,0,848707,39,819052,39,821,821,1640,871,1,1000,590,821,821,821,820,820,36,1,39000,39,39,39,9,1640,9,1640,39000,39,39000,39,848707,39,18694658,0
26230,819359,39000,39000,0,0,0,0,0,848707,39,819320,39,822,822,1641,1139,2,0,1030,822,822,822,820,820,4,1,39000,39,39,39,9,1641,9,1641,39000,39,39000,39,848707,39,18700822,0
26240,819634,39000,39000,0,0,0,0,0,848707,39,819595,39,822,822,1641,1414,2,0,1030,822,822,822,820,820,14,1,39000,39,39,39,9,1641,9,1641,39000,39,39000,39,848707,39,18707147,0
26250,819846,39000,39000,0,0,0,0,0,848707,39,819807,39,822,822,1642,627,1,1000,622,822,822,822,821,821,24,1,39000,39,39,39,9,1642,9,1642,39000,39,39000,39,848707,39,18712046,0
26260,820018,39000,39000,0,0,0,0,0,848707,39,819979,39,822,822,1642,799,1,1000,622,822,822,822,821,821,32,1,39000,39,39,39,9,1642,9,1642,39000,39,39000,39,848707,39,18716002,0
26270,820290,39000,39000,0,0,0,0,0,848707,39,820251,39,823,823,1643,1071,2,0,1050,823,823,823,821,821,0,1,39000,39,39,39,9,1643,9,1643,39000,39,39000,39,848707,39,18722258,0
26280,820550,39000,39000,0,0,0,0,0,848707,39,820511,39,823,823,1643,1331,2,0,1050,823,823,823,821,821,10,1,39000,39,39,39,9,1643,9,1643,39000,39,39000,39,848707,39,18728238,0
26290,820781,39000,39000,0,0,0,0,0,848707,39,820742,39,823,823,1644,563,1,1000,554,823,823,823,822,822,20,1,39000,39,39,39,9,1644,9,1644,39000,39,39000,39,848707,39,18733574,0
26300,820981,39000,39000,0,0,0,0,0,848707,39,820942,39,823,823,1644,763,1,1000,554,823,823,823,822,822,30,1,39000,39,39,39,9,1644,9,1644,39000,39,39000,39,848707,39,18738174,0
26310,821274,39000,39000,0,0,0,0,0,848707,39,821235,39,824,824,1645,1056,2,0,1022,824,824,824,822,822,0,1,39000,39,39,39,9,1645,9,1645,39000,39,39000,39,848707,39,18744913,0
26320,821514,39000,39000,0,0,0,0,0,848707,39,821475,39,824,824,1645,1296,2,0,1022,824,824,824,822,822,10,1,39000,39,39,39,9,1645,9,1645,39000,39,39000,39,848707,39,18750456,0
26330,821737,39000,39000,0,0,0,0,0,848707,39,821698,39,824,824,1646,520,1,1000,515,824,824,824,823,823,19,1,39000,39,39,39,9,1646,9,1646,39000,39,39000,39,848707,39,18755585,0
26340,821852,39000,39000,0,0,0,0,0,848707,39,821813,39,824,824,1646,635,1,1000,515,824,824,824,823,823,29,1,39000,39,39,39,9,1646,9,1646,39000,39,39000,39,848707,39,18758230,0
26350,822056,39000,39000,0,0,0,0,0,848707,39,822017,39,824,824,1646,839,1,1000,515,824,824,824,823,823,39,1,39000,39,39,39,9,1646,9,1646,39000,39,39000,39,848707,39,18762922,0
26360,822303,39000,39000,0,0,0,0,0,848707,39,822264,39,825,825,1647,1086,2,0,1042,825,825,825,823,823,0,1,39000,39,39,39,9,1647,9,1647,39000,39,39000,39,848707,39,18768603,0
26370,822540,39000,39000,0,0,0,0,0,848707,39,822501,39,825,825,1647,1323,2,0,1042,825,825,825,823,823,12,1,39000,39,39,39,9,1647,9,1647,39000,39,39000,39,848707,39,18774054,0
26380,822692,39000,39000,0,0,0,0,0,848707,39,822653,39,825,825,1648,476,1,1000,471,825,825,825,824,824,20,1,39000,39,39,39,9,1648,9,1648,39000,39,39000,39,848707,39,18777573,0
26390,822872,39000,39000,0,0,0,0,0,848707,39,822833,39,825,825,1648,656,1,1000,471,825,825,825,824,824,30,1,39000,39,39,39,9,1648,9,1648,39000,39,39000,39,848707,39,18781713,0
26400,823096,39000,39000,0,0,0,0,0,848707,39,823057,39,825,825,1648,880,1,1000,471,825,825,825,824,824,41,1,39000,39,39,39,9,1648,9,1648,39000,39,39000,39,848707,39,18786865,0
26410,823253,39000,39000,0,0,0,0,0,848707,39,823214,39,826,826,1649,1037,2,0,1019,826,826,826,824,824,0,1,39000,39,39,39,9,1649,9,1649,39000,39,39000,39,848707,39,18790476,0
26420,823484,39000,39000,0,0,0,0,0,848707,39,823445,39,826,826,1649,1268,2,0,1019,826,826,826,824,824,10,1,39000,39,39,39,9,1649,9,1649,39000,39,39000,39,848707,39,18795789,0
26430,823738,39000,39000,0,0,0,0,0,848707,39,823699,39,826,826,1649,1522,2,0,1019,826,826,826,824,824,20,1,39000,39,39,39,9,1649,9,1649,39000,39,39000,39,848707,39,18801631,0
26440,823843,39000,39000,0,0,0,0,0,848707,39,823804,39,826,826,1650,628,1,1000,541,826,826,826,825,825,30,1,39000,39,39,39,9,1650,9,1650,39000,39,39000,39,848707,39,18804092,0
26450,824085,39000,39000,0,0,0,0,0,848707,39,824046,39,826,826,1650,870,1,1000,541,826,826,826,825,825,40,1,39000,39,39,39,9,1650,9,1650,39000,39,39000,39,848707,39,18809635,0
26460,824331,39000,39000,0,0,0,0,0,848707,39,824292,39,827,827,1651,1116,2,0,1008,827,827,827,825,825,4,1,39000,39,39,39,9,1651,9,1651,39000,39,39000,39,848707,39,18815316,0
26470,824565,39000,39000,0,0,0,0,0,848707,39,824526,39,827,827,1651,1350,2,0,1008,827,827,827,825,825,13,1,39000,39,39,39,9,1651,9,1651,39000,39,39000,39,848707,39,18820675,0
26480,824708,39000,39000,0,0,0,0,0,848707,39,824669,39,827,827,1652,494,1,1000,480,827,827,827,826,826,23,1,39000,39,39,39,9,1652,9,1652,39000,39,39000,39,848707,39,18823987,0
26490,824925,39000,39000,0,0,0,0,0,848707,39,824886,39,827,827,1652,711,1,1000,480,827,827,827,826,826,33,1,39000,39,39,39,9,1652,9,1652,39000,39,39000,39,848707,39,18828978,0
26500,825136,39000,39000,0,0,0,0,0,848707,39,825097,39,827,827,1652,922,1,1000,480,827,827,827,826,826,43,1,39000,39,39,39,9,1652,9,1652,39000,39,39000,39,848707,39,18833831,0
26510,825359,39000,39000,0,0,0,0,0,848707,39,825320,39,828,828,1653,1145,2,0,1025,828,828,828,826,826,4,1,39000,39,39,39,9,1653,9,1653,39000,39,39000,39,848707,39,18838960,0
26520,825552,39000,39000,0,0,0,0,0,848707,39,825513,39,828,828,1654,339,1,1000,332,828,828,828,827,827,14,1,39000,39,39,39,9,1654,9,1654,39000,39,39000,39,848707,39,18843422,0
26530,825729,39000,39000,0,0,0,0,0,848707,39,825690,39,828,828,1654,516,1,1000,332,828,828,828,827,827,24,1,39000,39,39,39,9,1654,9,1654,39000,39,39000,39,848707,39,18847493,0
26540,825977,39000,39000,0,0,0,0,0,848707,39,825938,39,828,828,1654,764,1,1000,332,828,828,828,827,827,35,1,39000,39,39,39,9,1654,9,1654,39000,39,39000,39,848707,39,18853220,0
26550,826226,39000,39000,0,0,0,0,0,848707,39,826187,39,828,828,1654,1013,2,1000,332,828,829,828,827,827,45,1,39000,39,39,39,9,1654,9,1654,39000,39,39000,39,848707,39,18858924,0
26560,826440,39000,39000,0,0,0,0,0,848707,39,826401,39,829,829,1655,1227,2,0,1042,829,829,829,827,827,6,1,39000,39,39,39,9,1655,9,1655,39000,39,39000,39,848707,39,18863869,0
26570,826690,39000,39000,0,0,0,0,0,848707,39,826651,39,829,829,1655,1477,2,0,1042,829,829,829,827,827,18,1,39000,39,39,39,9,1655,9,1655,39000,39,39000,39,848707,39,18869619,0
26580,826820,39000,39000,0,0,0,0,0,848707,39,826781,39,829,829,1656,608,1,1000,564,829,829,829,828,828,28,1,39000,39,39,39,9,1656,9,1656,39000,39,39000,39,848707,39,18872609,0
26590,827078,39000,39000,0,0,0,0,0,848707,39,827039,39,829,829,1656,866,1,1000,564,829,829,829,828,828,38,1,39000,39,39,39,9,1656,9,1656,39000,39,39000,39,848707,39,18878566,0
26600,827297,39000,39000,0,0,0,0,0,848707,39,827258,39,830,830,1657,1085,2,0,1035,830,830,830,828,828,2,1,39000,39,39,39,9,1657,9,1657,39000,39,39000,39,848707,39,18883580,0
26610,827513,39000,39000,0,0,0,0,0,848707,39,827474,39,830,830,1657,1301,2,0,1035,830,830,830,828,828,11,1,39000,39,39,39,9,1657,9,1657,39000,39,39000,39,848707,39,18888548,0
26620,827618,39000,39000,0,0,0,0,0,848707,39,827579,39,830,830,1658,407,1,1000,403,830,830,830,829,829,21,1,39000,39,39,39,9,1658,9,1658,39000,39,39000,39,848707,39,18890986,0
26630,827840,39000,39000,0,0,0,0,0,848707,39,827801,39,830,830,1658,629,1,1000,403,830,830,830,829,829,31,1,39000,39,39,39,9,1658,9,1658,39000,39,39000,39,848707,39,18896092,0
26640,828098,39000,39000,0,0,0,0,0,848707,39,828059,39,830,830,1658,887,1,1000,403,830,830,830,829,829,41,1,39000,39,39,39,9,1658,9,1658,39000,39,39000,39,848707,39,18902026,0
26650,828328,39000,39000,0,0,0,0,0,848707,39,828289,39,831,831,1659,1117,2,0,1050,831,831,831,829,829,2,1,39000,39,39,39,9,1659,9,1659,39000,39,39000,39,848707,39,18907339,0
26660,828586,39000,39000,0,0,0,0,0,848707,39,828547,39,831,831,1659,1376,2,0,1050,831,831,831,829,829,12,1,39000,39,39,39,9,1659,9,1659,39000,39,39000,39,848707,39,18913273,0
26670,828774,39000,39000,0,0,0,0,0,848707,39,828735,39,831,831,1660,564,1,1000,563,831,831,831,830,830,22,1,39000,39,39,39,9,1660,9,1660,39000,39,39000,39,848707,39,18917597,0
26681,828928,39000,39000,0,0,0,0,0,848707,39,828889,39,831,831,1660,718,1,1000,563,831,831,831,830,830,33,1,39000,39,39,39,9,1660,9,1660,39000,39,39000,39,848707,39,18921139,0
26690,829165,39000,39000,0,0,0,0,0,848707,39,829126,39,831,831,1660,955,1,1000,563,831,831,831,830,830,41,1,39000,39,39,39,9,1660,9,1660,39000,39,39000,39,848707,39,18926613,0
26700,829415,39000,39000,0,0,0,0,0,848707,39,829376,39,832,832,1661,1205,2,0,1022,832,832,832,830,830,6,1,39000,39,39,39,9,1661,9,1661,39000,39,39000,39,848707,39,18932340,0
26710,829599,39000,39000,0,0,0,0,0,848707,39,829560,39,832,832,1661,1389,2,0,1022,832,832,832,830,830,17,1,39000,39,39,39,9,1661,9,1661,39000,39,39000,39,848707,39,18936572,0
26720,829726,39000,39000,0,0,0,0,0,848707,39,829687,39,832,832,1662,517,1,1000,394,832,832,832,831,831,27,1,39000,39,39,39,9,1662,9,1662,39000,39,39000,39,848707,39,18939516,0
26730,829981,39000,39000,0,0,0,0,0,848707,39,829942,39,832,832,1662,772,1,1000,394,832,832,832,831,831,37,1,39000,39,39,39,9,1662,9,1662,39000,39,39000,39,848707,39,18945381,0
26740,830202,39000,39000,0,0,0,0,0,848707,39,830163,39,832,832,1662,993,1,1000,394,832,832,832,831,831,47,1,39000,39,39,39,9,1662,9,1662,39000,39,39000,39,848707,39,18950487,0
26750,830396,39000,39000,0,0,0,0,0,848707,39,830357,39,833,833,1663,1187,2,0,1078,833,833,833,831,831,4,1,39000,39,39,39,9,1663,9,1663,39000,39,39000,39,848707,39,18954926,0
26760,830640,39000,39000,0,0,0,0,0,848707,39,830601,39,833,833,1663,1431,2,0,1078,833,833,833,831,831,14,1,39000,39,39,39,9,1663,9,1663,39000,39,39000,39,848707,39,18960538,0
26770,830782,39000,39000,0,0,0,0,0,848707,39,830743,39,833,833,1664,574,1,1000,556,833,833,833,832,832,24,1,39000,39,39,39,9,1664,9,1664,39000,39,39000,39,848707,39,18963827,0
26780,831011,39000,39000,0,0,0,0,0,848707,39,830972,39,833,833,1664,803,1,1000,556,833,833,833,832,832,34,1,39000,39,39,39,9,1664,9,1664,39000,39,39000,39,848707,39,18969094,0
26790,831245,39000,39000,0,0,0,0,0,848707,39,831206,39,834,834,1665,1037,2,0,1001,834,834,834,832,832,0,1,39000,39,39,39,9,1665,9,1665,39000,39,39000,39,848707,39,18974476,0
26800,831495,39000,39000,0,0,0,0,0,848707,39,831456,39,834,834,1665,1287,2,0,1001,834,834,834,832,832,10,1,39000,39,39,39,9,1665,9,1665,39000,39,39000,39,848707,39,18980226,0
26810,831715,39000,39000,0,0,0,0,0,848707,39,831676,39,834,834,1666,508,1,1000,502,834,834,834,833,833,20,1,39000,39,39,39,9,1666,9,1666,39000,39,39000,39,848707,39,18985309,0
26820,831859,39000,39000,0,0,0,0,0,848707,39,831820,39,834,834,1666,652,1,1000,502,834,834,834,833,833,30,1,39000,39,39,39,9,1666,9,1666,39000,39,39000,39,848707,39,18988621,0
26830,832101,39000,39000,0,0,0,0,0,848707,39,832062,39,834,834,1666,894,1,1000,502,834,834,834,833,833,40,1,39000,39,39,39,9,1666,9,1666,39000,39,39000,39,848707,39,18994187,0
26840,832356,39000,39000,0,0,0,0,0,848707,39,832317,39,835,835,1667,1149,2,0,1036,835,835,835,833,833,4,1,39000,39,39,39,9,1667,9,1667,39000,39,39000,39,848707,39,19000052,0
26850,832584,39000,39000,0,0,0,0,0,848707,39,832545,39,835,835,1668,378,1,1000,371,835,835,835,834,834,14,1,39000,39,39,39,9,1668,9,1668,39000,39,39000,39,848707,39,19005319,0
26860,832734,39000,39000,0,0,0,0,0,848707,39,832695,39,835,835,1668,528,1,1000,371,835,835,835,834,834,24,1,39000,39,39,39,9,1668,9,1668,39000,39,39000,39,848707,39,19008769,0
26870,832955,39000,39000,0,0,0,0,0,848707,39,832916,39,835,835,1668,749,1,1000,371,835,835,835,834,834,32,1,39000,39,39,39,9,1668,9,1668,39000,39,39000,39,848707,39,19013852,0
26880,833211,39000,39000,0,0,0,0,0,848707,39,833172,39,835,835,1668,1005,2,1000,371,835,836,835,834,834,42,1,39000,39,39,39,9,1668,9,1668,39000,39,39000,39,848707,39,19019740,0
26890,833457,39000,39000,0,0,0,0,0,848707,39,833418,39,836,836,1669,1251,2,0,1005,836,836,836,834,834,9,1,39000,39,39,39,9,1669,9,1669,39000,39,39000,39,848707,39,19025398,0
26900,833691,39000,39000,0,0,0,0,0,848707,39,833652,39,836,836,1669,1485,2,0,1005,836,836,836,834,834,19,1,39000,39,39,39,9,1669,9,1669,39000,39,39000,39,848707,39,19030780,0
26910,833816,39000,39000,0,0,0,0,0,848707,39,833777,39,836,836,1670,611,1,1000,512,836,836,836,835,835,29,1,39000,39,39,39,9,1670,9,1670,39000,39,39000,39,848707,39,19033678,0
26920,834017,39000,39000,0,0,0,0,0,848707,39,833978,39,836,836,1670,812,1,1000,512,836,836,836,835,835,39,1,39000,39,39,39,9,1670,9,1670,39000,39,39000,39,848707,39,19038301,0
26930,834279,39000,39000,0,0,0,0,0,848707,39,834240,39,837,837,1671,1074,2,0,1007,837,837,837,835,835,2,1,39000,39,39,39,9,1671,9,1671,39000,39,39000,39,848707,39,19044327,0
26940,834533,39000,39000,0,0,0,0,0,848707,39,834494,39,837,837,1671,1328,2,0,1007,837,837,837,835,835,12,1,39000,39,39,39,9,1671,9,1671,39000,39,39000,39,848707,39,19050169,0
26950,834676,39000,39000,0,0,0,0,0,848707,39,834637,39,837,837,1672,472,1,1000,368,837,837,837,836,836,22,1,39000,39,39,39,9,1672,9,1672,39000,39,39000,39,848707,39,19053481,0
26960,834937,39000,39000,0,0,0,0,0,848707,39,834898,39,837,837,1672,733,1,1000,368,837,837,837,836,836,31,1,39000,39,39,39,9,1672,9,1672,39000,39,39000,39,848707,39,19059484,0
26970,835178,39000,39000,0,0,0,0,0,848707,39,835139,39,837,837,1672,974,1,1000,368,837,837,837,836,836,43,1,39000,39,39,39,9,1672,9,1672,39000,39,39000,39,848707,39,19065027,0
26980,835426,39000,39000,0,0,0,0,0,848707,39,835387,39,838,838,1673,1222,2,0,1016,838,838,838,836,836,8,1,39000,39,39,39,9,1673,9,1673,39000,39,39000,39,848707,39,19070731,0
26990,835660,39000,39000,0,0,0,0,0,848707,39,835621,39,838,838,1673,1456,2,0,1016,838,838,838,836,836,16,1,39000,39,39,39,9,1673,9,1673,39000,39,39000,39,848707,39,19076113,0
27000,835787,39000,39000,0,0,0,0,0,848707,39,835748,39,838,838,1674,584,1,1000,556,838,838,838,837,837,26,1,39000,39,39,39,9,1674,9,1674,39000,39,39000,39,848707,39,19079080,0
27010,835948,39000,39000,0,0,0,0,0,848707,39,835909,39,838,838,1674,745,1,1000,556,838,838,838,837,837,37,1,39000,39,39,39,9,1674,9,1674,39000,39,39000,39,848707,39,19082760,0
27020,836188,39000,39000,0,0,0,0,0,848707,39,836149,39,838,838,1674,985,1,1000,556,838,838,838,837,837,47,1,39000,39,39,39,9,1674,9,1674,39000,39,39000,39,848707,39,19088280,0
27030,836429,39000,39000,0,0,0,0,0,848707,39,836390,39,839,839,1675,1226,2,0,1094,839,839,839,837,837,4,1,39000,39,39,39,9,1675,9,1675,39000,39,39000,39,848707,39,19093823,0
27040,836652,39000,39000,0,0,0,0,0,848707,39,836613,39,839,839,1675,1449,2,0,1094,839,839,839,837,837,14,1,39000,39,39,39,9,1675,9,1675,39000,39,39000,39,848707,39,19098998,0
27050,836780,39000,39000,0,0,0,0,0,848707,39,836741,39,839,839,1676,578,1,1000,563,839,839,839,838,838,24,1,39000,39,39,39,9,1676,9,1676,39000,39,39000,39,848707,39,19101919,0
27060,837029,39000,39000,0,0,0,0,0,848707,39,836990,39,839,839,1676,827,1,1000,563,839,839,839,838,838,34,1,39000,39,39,39,9,1676,9,1676,39000,39,39000,39,848707,39,19107669,0
27070,837278,39000,39000,0,0,0,0,0,848707,39,837239,39,840,840,1677,1076,2,0,1001,840,840,840,838,838,2,1,39000,39,39,39,9,1677,9,1677,39000,39,39000,39,848707,39,19113373,0
27080,837540,39000,39000,0,0,0,0,0,848707,39,837501,39,840,840,1677,1338,2,0,1001,840,840,840,838,838,12,1,39000,39,39,39,9,1677,9,1677,39000,39,39000,39,848707,39,19119399,0
27090,837693,39000,39000,0,0,0,0,0,848707,39,837654,39,840,840,1678,492,1,1000,484,840,840,840,839,839,22,1,39000,39,39,39,9,1678,9,1678,39000,39,39000,39,848707,39,19122941,0
27101,837932,39000,39000,0,0,0,0,0,848707,39,837893,39,840,840,1678,731,1,1000,484,840,840,840,839,839,33,1,39000,39,39,39,9,1678,9,1678,39000,39,39000,39,848707,39,19128438,0
27110,838166,39000,39000,0,0,0,0,0,848707,39,838127,39,840,840,1678,965,1,1000,484,840,840,840,839,839,41,1,39000,39,39,39,9,1678,9,1678,39000,39,39000,39,848707,39,19133820,0
27120,838422,39000,39000,0,0,0,0,0,848707,39,838383,39,841,841,1679,1221,2,0,1012,841,841,841,839,839,6,1,39000,39,39,39,9,1679,9,1679,39000,39,39000,39,848707,39,19139708,0
27130,838580,39000,39000,0,0,0,0,0,848707,39,838541,39,841,841,1680,380,1,1000,371,841,841,841,840,840,18,1,39000,39,39,39,9,1680,9,1680,39000,39,39000,39,848707,39,19143365,0
27140,838802,39000,39000,0,0,0,0,0,848707,39,838763,39,841,841,1680,602,1,1000,371,841,841,841,840,840,28,1,39000,39,39,39,9,1680,9,1680,39000,39,39000,39,848707,39,19148494,0
27150,839039,39000,39000,0,0,0,0,0,848707,39,839000,39,841,841,1680,839,1,1000,371,841,841,841,840,840,38,1,39000,39,39,39,9,1680,9,1680,39000,39,39000,39,848707,39,19153922,0
27160,839275,39000,39000,0,0,0,0,0,848707,39,839236,39,842,842,1681,1075,2,0,1012,842,842,842,840,840,2,1,39000,39,39,39,9,1681,9,1681,39000,39,39000,39,848707,39,19159350,0
27170,839489,39000,39000,0,0,0,0,0,848707,39,839450,39,842,842,1681,1289,2,0,1012,842,842,842,840,840,11,1,39000,39,39,39,9,1681,9,1681,39000,39,39000,39,848707,39,19164318,0
27180,839737,39000,39000,0,0,0,0,0,848707,39,839698,39,842,842,1682,538,1,1000,536,842,842,842,841,841,21,1,39000,39,39,39,9,1682,9,1682,39000,39,39000,39,848707,39,19169999,0
27190,839873,39000,39000,0,0,0,0,0,848707,39,839834,39,842,842,1682,674,1,1000,536,842,842,842,841,841,31,1,39000,39,39,39,9,1682,9,1682,39000,39,39000,39,848707,39,19173150,0
27200,840122,39000,39000,0,0,0,0,0,848707,39,840083,39,842,842,1682,923,1,1000,536,842,842,842,841,841,41,1,39000,39,39,39,9,1682,9,1682,39000,39,39000,39,848707,39,19178854,0
27210,840364,39000,39000,0,0,0,0,0,848707,39,840325,39,843,843,1683,1165,2,0,1002,843,843,843,841,841,6,1,39000,39,39,39,9,1683,9,1683,39000,39,39000,39,848707,39,19184420,0
27220,840604,39000,39000,0,0,0,0,0,848707,39,840565,39,843,843,1683,1405,2,0,1002,843,843,843,841,841,16,1,39000,39,39,39,9,1683,9,1683,39000,39,39000,39,848707,39,19189940,0
27230,840712,39000,39000,0,0,0,0,0,848707,39,840673,39,843,843,1684,514,1,1000,407,843,843,843,842,842,26,1,39000,39,39,39,9,1684,9,1684,39000,39,39000,39,848707,39,19192447,0
27240,840959,39000,39000,0,0,0,0,0,848707,39,840920,39,843,843,1684,761,1,1000,407,843,843,843,842,842,35,1,39000,39,39,39,9,1684,9,1684,39000,39,39000,39,848707,39,19198128,0
27250,841209,39000,39000,0,0,0,0,0,848707,39,841170,39,843,843,1684,1011,2,1000,407,843,844,843,842,842,45,1,39000,39,39,39,9,1684,9,1684,39000,39,39000,39,848707,39,19203878,0
27260,841444,39000,39000,0,0,0,0,0,848707,39,841405,39,844,844,1685,1246,2,0,1021,844,844,844,842,842,8,1,39000,39,39,39,9,1685,9,1685,39000,39,39000,39,848707,39,19209283,0
27270,841675,39000,39000,0,0,0,0,0,848707,39,841636,39,844,844,1685,1477,2,0,1021,844,844,844,842,842,18,1,39000,39,39,39,9,1685,9,1685,39000,39,39000,39,848707,39,19214596,0
27280,841801,39000,39000,0,0,0,0,0,848707,39,841762,39,844,844,1686,604,1,1000,553,844,844,844,843,843,28,1,39000,39,39,39,9,1686,9,1686,39000,39,39000,39,848707,39,19217517,0
27290,842013,39000,39000,0,0,0,0,0,848707,39,841974,39,844,844,1686,816,1,1000,553,844,844,844,843,843,38,1,39000,39,39,39,9,1686,9,1686,39000,39,39000,39,848707,39,19222416,0
27300,842251,39000,39000,0,0,0,0,0,848707,39,842212,39,845,845,1687,1054,2,0,1025,845,845,845,843,843,0,1,39000,39,39,39,9,1687,9,1687,39000,39,39000,39,848707,39,19227867,0
27310,842425,39000,39000,0,0,0,0,0,848707,39,842386,39,845,845,1687,1228,2,0,1025,845,845,845,843,843,9,1,39000,39,39,39,9,1687,9,1687,39000,39,39000,39,848707,39,19231869,0
27320,842568,39000,39000,0,0,0,0,0,848707,39,842529,39,845,845,1688,372,1,1000,297,845,845,845,844,844,19,1,39000,39,39,39,9,1688,9,1688,39000,39,39000,39,848707,39,19235181,0
27330,842796,39000,39000,0,0,0,0,0,848707,39,842757,39,845,845,1688,600,1,1000,297,845,845,845,844,844,30,1,39000,39,39,39,9,1688,9,1688,39000,39,39000,39,848707,39,19240448,0
27340,843038,39000,39000,0,0,0,0,0,848707,39,842999,39,845,845,1688,842,1,1000,297,845,845,845,844,844,40,1,39000,39,39,39,9,1688,9,1688,39000,39,39000,39,848707,39,19246014,0
27350,843262,39000,39000,0,0,0,0,0,848707,39,843223,39,846,846,1689,1066,2,0,1001,846,846,846,844,844,2,1,39000,39,39,39,9,1689,9,1689,39000,39,39000,39,848707,39,19251143,0
27360,843507,39000,39000,0,0,0,0,0,848707,39,843468,39,846,846,1689,1311,2,0,1001,846,846,846,844,844,12,1,39000,39,39,39,9,1689,9,1689,39000,39,39000,39,848707,39,19256778,0
27370,843699,39000,39000,0,0,0,0,0,848707,39,843660,39,846,846,1690,504,1,1000,502,846,846,846,845,845,22,1,39000,39,39,39,9,1690,9,1690,39000,39,39000,39,848707,39,19261217,0
27380,843879,39000,39000,0,0,0,0,0,848707,39,843840,39,846,846,1690,684,1,1000,502,846,846,846,845,845,33,1,39000,39,39,39,9,1690,9,1690,39000,39,39000,39,848707,39,19265380,0
27390,844118,39000,39000,0,0,0,0,0,848707,39,844079,39,846,846,1690,923,1,1000,502,846,846,846,845,845,43,1,39000,39,39,39,9,1690,9,1690,39000,39,39000,39,848707,39,19270854,0
27400,844365,39000,39000,0,0,0,0,0,848707,39,844326,39,847,847,1691,1170,2,0,1010,847,847,847,845,845,6,1,39000,39,39,39,9,1691,9,1691,39000,39,39000,39,848707,39,19276535,0
27410,844554,39000,39000,0,0,0,0,0,848707,39,844515,39,847,847,1692,360,1,1000,357,847,847,847,846,846,14,1,39000,39,39,39,9,1692,9,1692,39000,39,39000,39,848707,39,19280905,0
27420,844703,39000,39000,0,0,0,0,0,848707,39,844664,39,847,847,1692,509,1,1000,357,847,847,847,846,846,24,1,39000,39,39,39,9,1692,9,1692,39000,39,39000,39,848707,39,19284332,0
27430,844943,39000,39000,0,0,0,0,0,848707,39,844904,39,847,847,1692,749,1,1000,357,847,847,847,846,846,34,1,39000,39,39,39,9,1692,9,1692,39000,39,39000,39,848707,39,19289852,0
27440,845193,39000,39000,0,0,0,0,0,848707,39,845154,39,847,847,1692,999,1,1000,357,847,847,847,846,846,44,1,39000,39,39,39,9,1692,9,1692,39000,39,39000,39,848707,39,19295602,0
27450,845427,39000,39000,0,0,0,0,0,848707,39,845388,39,848,848,1693,1233,2,0,1003,848,848,848,846,846,9,1,39000,39,39,39,9,1693,9,1693,39000,39,39000,39,848707,39,19301007,0
27460,845682,39000,39000,0,0,0,0,0,848707,39,845643,39,848,848,1693,1488,2,0,1003,848,848,848,846,846,19,1,39000,39,39,39,9,1693,9,1693,39000,39,39000,39,848707,39,19306872,0
27471,845814,39000,39000,0,0,0,0,0,848707,39,845775,39,848,848,1694,622,1,1000,523,848,848,848,847,847,29,1,39000,39,39,39,9,1694,9,1694,39000,39,39000,39,848707,39,19309931,0
27480,846025,39000,39000,0,0,0,0,0,848707,39,845986,39,848,848,1694,832,1,1000,523,848,848,848,847,847,39,1,39000,39,39,39,9,1694,9,1694,39000,39,39000,39,848707,39,19314807,0
27490,846257,39000,39000,0,0,0,0,0,848707,39,846218,39,849,849,1695,1064,2,0,1007,849,849,849,847,847,2,1,39000,39,39,39,9,1695,9,1695,39000,39,39000,39,848707,39,19320097,0
27500,846502,39000,39000,0,0,0,0,0,848707,39,846463,39,849,849,1695,1309,2,0,1007,849,849,849,847,847,12,1,39000,39,39,39,9,1695,9,1695,39000,39,39000,39,848707,39,19325732,0
27510,846620,39000,39000,0,0,0,0,0,848707,39,846581,39,849,849,1696,428,1,1000,351,849,849,849,848,848,22,1,39000,39,39,39,9,1696,9,1696,39000,39,39000,39,848707,39,19328492,0
27520,846846,39000,39000,0,0,0,0,0,848707,39,846807,39,849,849,1696,654,1,1000,351,849,849,849,848,848,31,1,39000,39,39,39,9,1696,9,1696,39000,39,39000,39,848707,39,19333667,0
27530,847085,39000,39000,0,0,0,0,0,848707,39,847046,39,849,849,1696,893,1,1000,351,849,849,849,848,848,41,1,39000,39,39,39,9,1696,9,1696,39000,39,39000,39,848707,39,19339164,0
27540,847293,39000,39000,0,0,0,0,0,848707,39,847254,39,850,850,1697,1101,2,0,1029,850,850,850,848,848,2,1,39000,39,39,39,9,1697,9,1697,39000,39,39000,39,848707,39,19343948,0
27550,847520,39000,39000,0,0,0,0,0,848707,39,847481,39,850,850,1697,1328,2,0,1029,850,850,850,848,848,12,1,39000,39,39,39,9,1697,9,1697,39000,39,39000,39,848707,39,19349169,0
27560,847673,39000,39000,0,0,0,0,0,848707,39,847634,39,850,850,1698,482,1,1000,466,850,850,850,849,849,22,1,39000,39,39,39,9,1698,9,1698,39000,39,39000,39,848707,39,19352711,0
27570,847894,39000,39000,0,0,0,0,0,848707,39,847855,39,850,850,1698,703,1,1000,466,850,850,850,849,849,32,1,39000,39,39,39,9,1698,9,1698,39000,39,39000,39,848707,39,19357794,0
27580,848107,39000,39000,0,0,0,0,0,848707,39,848068,39,850,850,1698,916,1,1000,466,850,850,850,849,849,42,1,39000,39,39,39,9,1698,9,1698,39000,39,39000,39,848707,39,19362693,0
27590,848347,39000,39000,0,0,0,0,0,848707,39,848308,39,851,851,1699,1156,2,0,1039,851,851,851,849,849,4,1,39000,39,39,39,9,1699,9,1699,39000,39,39000,39,848707,39,19368213,0
27600,848574,39000,39000,0,0,0,0,0,848707,39,848535,39,851,851,1699,1383,2,0,1039,851,851,851,849,849,12,1,39000,39,39,39,9,1699,9,1699,39000,39,39000,39,848707,39,19373457,0
27610,848639,39000,39000,0,0,0,0,0,848707,39,848600,39,851,851,1700,449,1,1000,408,851,851,851,850,850,23,1,39000,39,39,39,9,1700,9,1700,39000,39,39000,39,848707,39,19374975,0
27620,848873,39000,39000,0,0,0,0,0,848707,39,848834,39,851,851,1700,683,1,1000,408,851,851,851,850,850,33,1,39000,39,39,39,9,1700,9,1700,39000,39,39000,39,848707,39,19380334,0
27630,849103,39000,39000,0,0,0,0,0,848707,39,849064,39,851,851,1700,913,1,1000,408,851,851,851,850,850,43,1,39000,39,39,39,9,1700,9,1700,39000,39,39000,39,848707,39,19385647,0
27640,849341,39000,39000,0,0,0,0,0,848707,39,849302,39,852,852,1701,1151,2,0,1039,852,852,852,850,850,4,1,39000,39,39,39,9,1701,9,1701,39000,39,39000,39,848707,39,19391098,0
27650,849502,39000,39000,0,0,0,0,0,848707,39,849463,39,852,852,1702,313,1,1000,309,852,852,852,851,851,14,1,39000,39,39,39,9,1702,9,1702,39000,39,39000,39,848707,39,19394824,0
27660,849693,39000,39000,0,0,0,0,0,848707,39,849654,39,852,852,1702,504,1,1000,309,852,852,852,851,851,23,1,39000,39,39,39,9,1702,9,1702,39000,39,39000,39,848707,39,19399217,0
27670,849922,39000,39000,0,0,0,0,0,848707,39,849883,39,852,852,1702,733,1,1000,309,852,852,852,851,851,33,1,39000,39,39,39,9,1702,9,1702,39000,39,39000,39,848707,39,19404484,0
27680,850152,39000,39000,0,0,0,0,0,848707,39,850113,39,852,852,1702,963,1,1000,309,852,852,852,851,851,43,1,39000,39,39,39,9,1702,9,1702,39000,39,39000,39,848707,39,19409774,0
27690,850385,39000,39000,0,0,0,0,0,848707,39,850346,39,853,853,1703,1196,2,0,1033,853,853,853,851,851,6,1,39000,39,39,39,9,1703,9,1703,39000,39,39000,39,848707,39,19415133,0
27700,850603,39000,39000,0,0,0,0,0,848707,39,850564,39,853,853,1704,415,1,1000,408,853,853,853,852,852,16,1,39000,39,39,39,9,1704,9,1704,39000,39,39000,39,848707,39,19420170,0
27710,850741,39000,39000,0,0,0,0,0,848707,39,850702,39,853,853,1704,553,1,1000,408,853,853,853,852,852,26,1,39000,39,39,39,9,1704,9,1704,39000,39,39000,39,848707,39,19423344,0
27720,850944,39000,39000,0,0,0,0,0,848707,39,850905,39,853,853,1704,756,1,1000,408,853,853,853,852,852,36,1,39000,39,39,39,9,1704,9,1704,39000,39,39000,39,848707,39,19428013,0
27730,851170,39000,39000,0,0,0,0,0,848707,39,851131,39,853,853,1704,982,1,1000,408,853,853,853,852,852,45,1,39000,39,39,39,9,1704,9,1704,39000,39,39000,39,848707,39,19433211,0
27740,851396,39000,39000,0,0,0,0,0,848707,39,851357,39,854,854,1705,1208,2,0,1042,854,854,854,852,852,6,1,39000,39,39,39,9,1705,9,1705,39000,39,39000,39,848707,39,19438409,0
27750,851646,39000,39000,0,0,0,0,0,848707,39,851607,39,854,854,1705,1458,2,0,1042,854,854,854,852,852,16,1,39000,39,39,39,9,1705,9,1705,39000,39,39000,39,848707,39,19444159,0
27760,851768,39000,39000,0,0,0,0,0,848707,39,851729,39,854,854,1706,581,1,1000,523,854,854,854,853,853,26,1,39000,39,39,39,9,1706,9,1706,39000,39,39000,39,848707,39,19446988,0
27770,851961,39000,39000,0,0,0,0,0,848707,39,851922,39,854,854,1706,774,1,1000,523,854,854,854,853,853,36,1,39000,39,39,39,9,1706,9,1706,39000,39,39000,39,848707,39,19451427,0
27780,852202,39000,39000,0,0,0,0,0,848707,39,852163,39,854,854,1706,1015,2,1000,523,854,855,854,853,853,46,1,39000,39,39,39,9,1706,9,1706,39000,39,39000,39,848707,39,19456970,0
27790,852437,39000,39000,0,0,0,0,0,848707,39,852398,39,855,855,1707,1250,2,0,1036,855,855,855,853,853,8,1,39000,39,39,39,9,1707,9,1707,39000,39,39000,39,848707,39,19462375,0
27800,852571,39000,39000,0,0,0,0,0,848707,39,852532,39,855,855,1708,385,1,1000,332,855,855,855,854,854,19,1,39000,39,39,39,9,1708,9,1708,39000,39,39000,39,848707,39,19465480,0
27810,852789,39000,39000,0,0,0,0,0,848707,39,852750,39,855,855,1708,603,1,1000,332,855,855,855,854,854,29,1,39000,39,39,39,9,1708,9,1708,39000,39,39000,39,848707,39,19470517,0
27820,853012,39000,39000,0,0,0,0,0,848707,39,852973,39,855,855,1708,826,1,1000,332,855,855,855,854,854,39,1,39000,39,39,39,9,1708,9,1708,39000,39,39000,39,848707,39,19475646,0
27830,853217,39000,39000,0,0,0,0,0,848707,39,853178,39,855,855,1708,1031,2,1000,332,855,856,855,854,854,47,1,39000,39,39,39,9,1708,9,1708,39000,39,39000,39,848707,39,19480338,0
27840,853455,39000,39000,0,0,0,0,0,848707,39,853416,39,856,856,1709,1269,2,0,1039,856,856,856,854,854,8,1,39000,39,39,39,9,1709,9,1709,39000,39,39000,39,848707,39,19485812,0
27850,853629,39000,39000,0,0,0,0,0,848707,39,853590,39,856,856,1710,444,1,1000,433,856,856,856,855,855,18,1,39000,39,39,39,9,1710,9,1710,39000,39,39000,39,848707,39,19489837,0
27860,853809,39000,39000,0,0,0,0,0,848707,39,853770,39,856,856,1710,624,1,1000,433,856,856,856,855,855,30,1,39000,39,39,39,9,1710,9,1710,39000,39,39000,39,848707,39,19493977,0
27870,854021,39000,39000,0,0,0,0,0,848707,39,853982,39,856,856,1710,836,1,1000,433,856,856,856,855,855,39,1,39000,39,39,39,9,1710,9,1710,39000,39,39000,39,848707,39,19498853,0
27880,854240,39000,39000,0,0,0,0,0,848707,39,854201,39,857,857,1711,1055,2,0,1028,857,857,857,855,855,0,1,39000,39,39,39,9,1711,9,1711,39000,39,39000,39,848707,39,19503890,0
27890,854443,39000,39000,0,0,0,0,0,848707,39,854404,39,857,857,1711,1258,2,0,1028,857,857,857,855,855,10,1,39000,39,39,39,9,1711,9,1711,39000,39,39000,39,848707,39,19508582,0
27900,854671,39000,39000,0,0,0,0,0,848707,39,854632,39,857,857,1712,487,1,1000,483,857,857,857,856,856,20,1,39000,39,39,39,9,1712,9,1712,39000,39,39000,39,848707,39,19513826,0
27910,854799,39000,39000,0,0,0,0,0,848707,39,854760,39,857,857,1712,615,1,1000,483,857,857,857,856,856,30,1,39000,39,39,39,9,1712,9,1712,39000,39,39000,39,848707,39,19516770,0
27920,855037,39000,39000,0,0,0,0,0,848707,39,854998,39,857,857,1712,853,1,1000,483,857,857,857,856,856,40,1,39000,39,39,39,9,1712,9,1712,39000,39,39000,39,848707,39,19522244,0
27930,855274,39000,39000,0,0,0,0,0,848707,39,855235,39,858,858,1713,1090,2,0,1028,858,858,858,856,856,2,1,39000,39,39,39,9,1713,9,1713,39000,39,39000,39,848707,39,19527695,0
27940,855501,39000,39000,0,0,0,0,0,848707,39,855462,39,858,858,1713,1317,2,0,1028,858,858,858,856,856,11,1,39000,39,39,39,9,1713,9,1713,39000,39,39000,39,848707,39,19532939,0
27950,855616,39000,39000,0,0,0,0,0,848707,39,855577,39,858,858,1714,433,1,1000,330,858,858,858,857,857,21,1,39000,39,39,39,9,1714,9,1714,39000,39,39000,39,848707,39,19535607,0
27960,855803,39000,39000,0,0,0,0,0,848707,39,855764,39,858,858,1714,620,1,1000,330,858,858,858,857,857,31,1,39000,39,39,39,9,1714,9,1714,39000,39,39000,39,848707,39,19539885,0
27970,856029,39000,39000,0,0,0,0,0,848707,39,855990,39,858,858,1714,846,1,1000,330,858,858,858,857,857,41,1,39000,39,39,39,9,1714,9,1714,39000,39,39000,39,848707,39,19545083,0
27980,856247,39000,39000,0,0,0,0,0,848707,39,856208,39,859,859,1715,1064,2,0,1032,859,859,859,857,857,0,1,39000,39,39,39,9,1715,9,1715,39000,39,39000,39,848707,39,19550097,0
27990,856457,39000,39000,0,0,0,0,0,848707,39,856418,39,859,859,1715,1274,2,0,1032,859,859,859,857,857,10,1,39000,39,39,39,9,1715,9,1715,39000,39,39000,39,848707,39,19554927,0
28000,856574,39000,39000,0,0,0,0,0,848707,39,856535,39,859,859,1716,392,1,1000,369,859,859,859,858,858,20,1,39000,39,39,39,9,1716,9,1716,39000,39,39000,39,848707,39,19557664,0
28010,856795,39000,39000,0,0,0,0,0,848707,39,856756,39,859,859,1716,613,1,1000,369,859,859,859,858,858,29,1,39000,39,39,39,9,1716,9,1716,39000,39,39000,39,848707,39,19562724,0
28020,857014,39000,39000,0,0,0,0,0,848707,39,856975,39,859,859,1716,832,1,1000,369,859,859,859,858,858,39,1,39000,39,39,39,9,1716,9,1716,39000,39,39000,39,848707,39,19567761,0
28030,857224,39000,39000,0,0,0,0,0,848707,39,857185,39,860,860,1717,1042,2,0,1040,860,860,860,858,858,0,1,39000,39,39,39,9,1717,9,1717,39000,39,39000,39,848707,39,19572614,0
28040,857450,39000,39000,0,0,0,0,0,848707,39,857411,39,860,860,1717,1268,2,0,1040,860,860,860,858,858,10,1,39000,39,39,39,9,1717,9,1717,39000,39,39000,39,848707,39,19577789,0
28050,857581,39000,39000,0,0,0,0,0,848707,39,857542,39,860,860,1718,400,1,1000,389,860,860,860,859,859,18,1,39000,39,39,39,9,1718,9,1718,39000,39,39000,39,848707,39,19580825,0
28060,857754,39000,39000,0,0,0,0,0,848707,39,857715,39,860,860,1718,573,1,1000,389,860,860,860,859,859,28,1,39000,39,39,39,9,1718,9,1718,39000,39,39000,39,848707,39,19584804,0
28070,857979,39000,39000,0,0,0,0,0,848707,39,857940,39,860,860,1718,798,1,1000,389,860,860,860,859,859,38,1,39000,39,39,39,9,1718,9,1718,39000,39,39000,39,848707,39,19589979,0
28080,858216,39000,39000,0,0,0,0,0,848707,39,858177,39,861,861,1719,1035,2,0,1019,861,861,861,859,859,0,1,39000,39,39,39,9,1719,9,1719,39000,39,39000,39,848707,39,19595430,0
28090,858425,39000,39000,0,0,0,0,0,848707,39,858386,39,861,861,1719,1244,2,0,1019,861,861,861,859,859,10,1,39000,39,39,39,9,1719,9,1719,39000,39,39000,39,848707,39,19600260,0
28100,858628,39000,39000,0,0,0,0,0,848707,39,858589,39,861,861,1719,1447,2,0,1019,861,861,861,859,859,20,1,39000,39,39,39,9,1719,9,1719,39000,39,39000,39,848707,39,19604906,0
28110,858717,39000,39000,0,0,0,0,0,848707,39,858678,39,861,861,1720,537,1,1000,485,861,861,861,860,860,30,1,39000,39,39,39,9,1720,9,1720,39000,39,39000,39,848707,39,19606976,0
28120,858931,39000,39000,0,0,0,0,0,848707,39,858892,39,861,861,1720,751,1,1000,485,861,861,861,860,860,40,1,39000,39,39,39,9,1720,9,1720,39000,39,39000,39,848707,39,19611898,0
28130,859163,39000,39000,0,0,0,0,0,848707,39,859124,39,861,861,1720,983,1,1000,485,861,861,861,860,860,50,1,39000,39,39,39,9,1720,9,1720,39000,39,39000,39,848707,39,19617234,0
28140,859374,39000,39000,0,0,0,0,0,848707,39,859335,39,862,862,1721,1194,2,0,1019,862,862,862,860,860,8,1,39000,39,39,39,9,1721,9,1721,39000,39,39000,39,848707,39,19622087,0
28150,859598,39000,39000,0,0,0,0,0,848707,39,859559,39,862,862,1721,1418,2,0,1019,862,862,862,860,860,17,1,39000,39,39,39,9,1721,9,1721,39000,39,39000,39,848707,39,19627239,0
28160,859726,39000,39000,0,0,0,0,0,848707,39,859687,39,862,862,1722,547,1,1000,452,862,862,862,861,861,27,1,39000,39,39,39,9,1722,9,1722,39000,39,39000,39,848707,39,19630206,0
28170,859907,39000,39000,0,0,0,0,0,848707,39,859868,39,862,862,1722,728,1,1000,452,862,862,862,861,861,37,1,39000,39,39,39,9,1722,9,1722,39000,39,39000,39,848707,39,19634369,0
28180,860128,39000,39000,0,0,0,0,0,848707,39,860089,39,862,862,1722,949,1,1000,452,862,862,862,861,861,47,1,39000,39,39,39,9,1722,9,1722,39000,39,39000,39,848707,39,19639452,0
28190,860350,39000,39000,0,0,0,0,0,848707,39,860311,39,863,863,1723,1171,2,0,1018,863,863,863,861,861,6,1,39000,39,39,39,9,1723,9,1723,39000,39,39000,39,848707,39,19644558,0
28200,860524,39000,39000,0,0,0,0,0,848707,39,860485,39,863,863,1724,346,1,1000,345,863,863,863,862,862,16,1,39000,39,39,39,9,1724,9,1724,39000,39,39000,39,848707,39,19648583,0
28210,860679,39000,39000,0,0,0,0,0,848707,39,860640,39,863,863,1724,501,1,1000,345,863,863,863,862,862,26,1,39000,39,39,39,9,1724,9,1724,39000,39,39000,39,848707,39,19652148,0
28220,860895,39000,39000,0,0,0,0,0,848707,39,860856,39,863,863,1724,717,1,1000,345,863,863,863,862,862,35,1,39000,39,39,39,9,1724,9,1724,39000,39,39000,39,848707,39,19657116,0
28230,861084,39000,39000,0,0,0,0,0,848707,39,861045,39,863,863,1724,906,1,1000,345,863,863,863,862,862,45,1,39000,39,39,39,9,1724,9,1724,39000,39,39000,39,848707,39,19661463,0
28240,861297,39000,39000,0,0,0,0,0,848707,39,861258,39,864,864,1725,1119,2,0,1014,864,864,864,862,862,4,1,39000,39,39,39,9,1725,9,1725,39000,39,39000,39,848707,39,19666385,0
28250,861463,39000,39000,0,0,0,0,0,848707,39,861424,39,864,864,1726,286,1,1000,276,864,864,864,863,863,14,1,39000,39,39,39,9,1726,9,1726,39000,39,39000,39,848707,39,19670203,0
28260,861641,39000,39000,0,0,0,0,0,848707,39,861602,39,864,864,1726,464,1,1000,276,864,864,864,863,863,24,1,39000,39,39,39,9,1726,9,1726,39000,39,39000,39,848707,39,19674297,0
28270,861857,39000,39000,0,0,0,0,0,848707,39,861818,39,864,864,1726,680,1,1000,276,864,864,864,863,863,34,1,39000,39,39,39,9,1726,9,1726,39000,39,39000,39,848707,39,19679265,0
28280,862062,39000,39000,0,0,0,0,0,848707,39,862023,39,864,864,1726,885,1,1000,276,864,864,864,863,863,44,1,39000,39,39,39,9,1726,9,1726,39000,39,39000,39,848707,39,19683980,0
28290,862252,39000,39000,0,0,0,0,0,848707,39,862213,39,865,865,1727,1075,2,0,1001,865,865,865,863,863,2,1,39000,39,39,39,9,1727,9,1727,39000,39,39000,39,848707,39,19688373,0
28300,862463,39000,39000,0,0,0,0,0,848707,39,862424,39,865,865,1727,1286,2,0,1001,865,865,865,863,863,12,1,39000,39,39,39,9,1727,9,1727,39000,39,39000,39,848707,39,19693203,0
28310,862595,39000,39000,0,0,0,0,0,848707,39,862556,39,865,865,1728,419,1,1000,300,865,865,865,864,864,22,1,39000,39,39,39,9,1728,9,1728,39000,39,39000,39,848707,39,19696262,0
28320,862808,39000,39000,0,0,0,0,0,848707,39,862769,39,865,865,1728,632,1,1000,300,865,865,865,864,864,32,1,39000,39,39,39,9,1728,9,1728,39000,39,39000,39,848707,39,19701161,0
28330,863026,39000,39000,0,0,0,0,0,848707,39,862987,39,865,865,1728,850,1,1000,300,865,865,865,864,864,42,1,39000,39,39,39,9,1728,9,1728,39000,39,39000,39,848707,39,19706175,0
28341,863257,39000,39000,0,0,0,0,0,848707,39,863218,39,866,866,1729,1081,2,0,1034,866,866,866,864,864,2,1,39000,39,39,39,9,1729,9,1729,39000,39,39000,39,848707,39,19711488,0
28350,863465,39000,39000,0,0,0,0,0,848707,39,863426,39,866,866,1729,1289,2,0,1034,866,866,866,864,864,10,1,39000,39,39,39,9,1729,9,1729,39000,39,39000,39,848707,39,19716272,0
28360,863580,39000,39000,0,0,0,0,0,848707,39,863541,39,866,866,1730,405,1,1000,374,866,866,866,865,865,21,1,39000,39,39,39,9,1730,9,1730,39000,39,39000,39,848707,39,19718940,0
28370,863789,39000,39000,0,0,0,0,0,848707,39,863750,39,866,866,1730,614,1,1000,374,866,866,866,865,865,31,1,39000,39,39,39,9,1730,9,1730,39000,39,39000,39,848707,39,19723747,0
28380,864007,39000,39000,0,0,0,0,0,848707,39,863968,39,866,866,1730,832,1,1000,374,866,866,866,865,865,41,1,39000,39,39,39,9,1730,9,1730,39000,39,39000,39,848707,39,19728761,0
28390,864223,39000,39000,0,0,0,0,0,848707,39,864184,39,867,867,1731,1048,2,0,1033,867,867,867,865,865,0,1,39000,39,39,39,9,1731,9,1731,39000,39,39000,39,848707,39,19733729,0
28400,864425,39000,39000,0,0,0,0,0,848707,39,864386,39,867,867,1731,1250,2,0,1033,867,867,867,865,865,8,1,39000,39,39,39,9,1731,9,1731,39000,39,39000,39,848707,39,19738398,0
28410,864579,39000,39000,0,0,0,0,0,848707,39,864540,39,867,867,1732,405,1,1000,401,867,867,867,866,866,18,1,39000,39,39,39,9,1732,9,1732,39000,39,39000,39,848707,39,19741940,0
28420,864750,39000,39000,0,0,0,0,0,848707,39,864711,39,867,867,1732,576,1,1000,401,867,867,867,866,866,30,1,39000,39,39,39,9,1732,9,1732,39000,39,39000,39,848707,39,19745873,0
28430,864974,39000,39000,0,0,0,0,0,848707,39,864935,39,867,867,1732,800,1,1000,401,867,867,867,866,866,39,1,39000,39,39,39,9,1732,9,1732,39000,39,39000,39,848707,39,19751025,0
28440,865190,39000,39000,0,0,0,0,0,848707,39,865151,39,867,867,1732,1016,2,1000,401,867,868,867,866,866,49,1,39000,39,39,39,9,1732,9,1732,39000,39,39000,39,848707,39,19756016,0
28450,865433,39000,39000,0,0,0,0,0,848707,39,865394,39,868,868,1733,1259,2,0,1036,868,868,868,866,866,8,1,39000,39,39,39,9,1733,9,1733,39000,39,39000,39,848707,39,19761582,0
28460,865627,39000,39000,0,0,0,0,0,848707,39,865588,39,868,868,1734,454,1,1000,443,868,868,868,867,867,18,1,39000,39,39,39,9,1734,9,1734,39000,39,39000,39,848707,39,19766067,0
28470,865737,39000,39000,0,0,0,0,0,848707,39,865698,39,868,868,1734,564,1,1000,443,868,868,868,867,867,28,1,39000,39,39,39,9,1734,9,1734,39000,39,39000,39,848707,39,19768643,0
28480,865952,39000,39000,0,0,0,0,0,848707,39,865913,39,868,868,1734,779,1,1000,443,868,868,868,867,867,38,1,39000,39,39,39,9,1734,9,1734,39000,39,39000,39,848707,39,19773542,0
28490,866173,39000,39000,0,0,0,0,0,848707,39,866134,39,868,868,1734,1000,1,1000,443,868,868,868,867,867,48,1,39000,39,39,39,9,1734,9,1734,39000,39,39000,39,848707,39,19778625,0
28500,866393,39000,39000,0,0,0,0,0,848707,39,866354,39,869,869,1735,1220,2,0,1098,869,869,869,867,867,4,1,39000,39,39,39,9,1735,9,1735,39000,39,39000,39,848707,39,19783685,0
28510,866506,39000,39000,0,0,0,0,0,848707,39,866467,39,869,869,1736,334,1,1000,331,869,869,869,868,868,15,1,39000,39,39,39,9,1736,9,1736,39000,39,39000,39,848707,39,19786307,0
28520,866615,39000,39000,0,0,0,0,0,848707,39,866576,39,869,869,1736,443,1,1000,331,869,869,869,868,868,23,1,39000,39,39,39,9,1736,9,1736,39000,39,39000,39,848707,39,19788814,0
28530,866837,39000,39000,0,0,0,0,0,848707,39,866798,39,869,869,1736,665,1,1000,331,869,869,869,868,868,33,1,39000,39,39,39,9,1736,9,1736,39000,39,39000,39,848707,39,19793943,0
28540,867049,39000,39000,0,0,0,0,0,848707,39,867010,39,869,869,1736,877,1,1000,331,869,869,869,868,868,45,1,39000,39,39,39,9,1736,9,1736,39000,39,39000,39,848707,39,19798796,0
28550,867261,39000,39000,0,0,0,0,0,848707,39,867222,39,870,870,1737,1089,2,0,1001,870,870,870,868,868,4,1,39000,39,39,39,9,1737,9,1737,39000,39,39000,39,848707,39,19803672,0
28560,867478,39000,39000,0,0,0,0,0,848707,39,867439,39,870,870,1737,1306,2,0,1001,870,870,870,868,868,14,1,39000,39,39,39,9,1737,9,1737,39000,39,39000,39,848707,39,19808663,0
28570,867584,39000,39000,0,0,0,0,0,848707,39,867545,39,870,870,1738,413,1,1000,326,870,870,870,869,869,23,1,39000,39,39,39,9,1738,9,1738,39000,39,39000,39,848707,39,19811124,0
28580,867798,39000,39000,0,0,0,0,0,848707,39,867759,39,870,870,1738,627,1,1000,326,870,870,870,869,869,33,1,39000,39,39,39,9,1738,9,1738,39000,39,39000,39,848707,39,19816069,0
28590,868008,39000,39000,0,0,0,0,0,848707,39,867969,39,870,870,1738,837,1,1000,326,870,870,870,869,869,43,1,39000,39,39,39,9,1738,9,1738,39000,39,39000,39,848707,39,19820876,0
28600,868219,39000,39000,0,0,0,0,0,848707,39,868180,39,871,871,1739,1048,2,0,1004,871,871,871,869,869,2,1,39000,39,39,39,9,1739,9,1739,39000,39,39000,39,848707,39,19825752,0
28610,868438,39000,39000,0,0,0,0,0,848707,39,868399,39,871,871,1739,1267,2,0,1004,871,871,871,869,869,12,1,39000,39,39,39,9,1739,9,1739,39000,39,39000,39,848707,39,19830789,0
28620,868556,39000,39000,0,0,0,0,0,848707,39,868517,39,871,871,1740,386,1,1000,332,871,871,871,870,870,22,1,39000,39,39,39,9,1740,9,1740,39000,39,39000,39,848707,39,19833503,0
28630,868758,39000,39000,0,0,0,0,0,848707,39,868719,39,871,871,1740,588,1,1000,332,871,871,871,870,870,32,1,39000,39,39,39,9,1740,9,1740,39000,39,39000,39,848707,39,19838149,0
28640,868969,39000,39000,0,0,0,0,0,848707,39,868930,39,871,871,1740,799,1,1000,332,871,871,871,870,870,41,1,39000,39,39,39,9,1740,9,1740,39000,39,39000,39,848707,39,19843002,0
28650,869165,39000,39000,0,0,0,0,0,848707,39,869126,39,871,871,1740,995,1,1000,332,871,871,871,870,870,51,1,39000,39,39,39,9,1740,9,1740,39000,39,39000,39,848707,39,19847510,0
28660,869379,39000,39000,0,0,0,0,0,848707,39,869340,39,872,872,1741,1209,2,0,1016,872,872,872,870,870,8,1,39000,39,39,39,9,1741,9,1741,39000,39,39000,39,848707,39,19852432,0
28670,869529,39000,39000,0,0,0,0,0,848707,39,869490,39,872,872,1742,360,1,1000,357,872,872,872,871,871,18,1,39000,39,39,39,9,1742,9,1742,39000,39,39000,39,848707,39,19855905,0
28680,869707,39000,39000,0,0,0,0,0,848707,39,869668,39,872,872,1742,538,1,1000,357,872,872,872,871,871,28,1,39000,39,39,39,9,1742,9,1742,39000,39,39000,39,848707,39,19860022,0
28690,869926,39000,39000,0,0,0,0,0,848707,39,869887,39,872,872,1742,757,1,1000,357,872,872,872,871,871,38,1,39000,39,39,39,9,1742,9,1742,39000,39,39000,39,848707,39,19865036,0
28700,870138,39000,39000,0,0,0,0,0,848707,39,870099,39,872,872,1742,969,1,1000,357,872,872,872,871,871,48,1,39000,39,39,39,9,1742,9,1742,39000,39,39000,39,848707,39,19869935,0
28710,870335,39000,39000,0,0,0,0,0,848707,39,870296,39,873,873,1743,1166,2,0,1045,873,873,873,871,871,4,1,39000,39,39,39,9,1743,9,1743,39000,39,39000,39,848707,39,19874443,0
28720,870543,39000,39000,0,0,0,0,0,848707,39,870504,39,873,873,1744,375,1,1000,369,873,873,873,872,872,15,1,39000,39,39,39,9,1744,9,1744,39000,39,39000,39,848707,39,19879250,0
28730,870677,39000,39000,0,0,0,0,0,848707,39,870638,39,873,873,1744,509,1,1000,369,873,873,873,872,872,24,1,39000,39,39,39,9,1744,9,1744,39000,39,39000,39,848707,39,19882332,0
28740,870893,39000,39000,0,0,0,0,0,848707,39,870854,39,873,873,1744,725,1,1000,369,873,873,873,872,872,36,1,39000,39,39,39,9,1744,9,1744,39000,39,39000,39,848707,39,19887300,0
28750,871111,39000,39000,0,0,0,0,0,848707,39,871072,39,873,873,1744,943,1,1000,369,873,873,873,872,872,46,1,39000,39,39,39,9,1744,9,1744,39000,39,39000,39,848707,39,19892314,0
28760,871326,39000,39000,0,0,0,0,0,848707,39,871287,39,874,874,1745,1158,2,0,1018,874,874,874,872,872,6,1,39000,39,39,39,9,1745,9,1745,39000,39,39000,39,848707,39,19897282,0
28770,871534,39000,39000,0,0,0,0,0,848707,39,871495,39,874,874,1745,1366,2,0,1018,874,874,874,872,872,16,1,39000,39,39,39,9,1745,9,1745,39000,39,39000,39,848707,39,19902066,0
28780,871630,39000,39000,0,0,0,0,0,848707,39,871591,39,874,874,1746,463,1,1000,394,874,874,874,873,873,25,1,39000,39,39,39,9,1746,9,1746,39000,39,39000,39,848707,39,19904274,0
28790,871837,39000,39000,0,0,0,0,0,848707,39,871798,39,874,874,1746,670,1,1000,394,874,874,874,873,873,35,1,39000,39,39,39,9,1746,9,1746,39000,39,39000,39,848707,39,19909035,0
28800,872060,39000,39000,0,0,0,0,0,848707,39,872021,39,874,874,1746,893,1,1000,394,874,874,874,873,873,45,1,39000,39,39,39,9,1746,9,1746,39000,39,39000,39,848707,39,19914164,0
