elapsed_secs,rss_mb,wal_mb,redb_mb,disk_total_mb,tombstone_bytes,fp_equiv_mb,hwm_rss_mb,lazyfree_mb,swap_mb,conj_snapshots_total,conj_current_epoch,conj_ceiling,conj_durable_watermark,durable_watermark_lag,claims,claim_lag_p50,claim_lag_p99,claim_lag_max,ret_epochs_claim_only,ret_epochs_durability_only,ret_epochs_both,ret_epochs_neither,ret_refs_claim_only,ret_refs_durability_only,ret_refs_both,ret_refs_neither,ret_stamped_bytes,ret_epochs_unslotted,ret_refs_open_epoch,ret_stamped_bytes_open_epoch,indexed_refs,considered_total,dropped_total,matched_nothing_total,absent_total,bytes_freed_total,removed_refs_observed_total,removed_bytes_observed_total,stamped_bytes_total,file_mb,alloc_live_bytes,alloc_live_mb,alloc_probe_elapsed_s,alloc_probe_seq,je_allocated,je_active,je_resident,je_retained,je_mapped,je_metadata,je_probe_elapsed_s,je_probe_seq,bytes_alloc,bytes_dealloc,anon_mb,private_dirty_mb,pss_mb,anon_huge_mb,smaps_rss_mb,smaps_read_ms
0,17.926,0.105,0.516,0.625,0,7.961,17.926,0.000,0.000,2,1,1,0,1,1,0,0,0,0,0,0,0,0,0,0,0,0,0,0,0,0,0,0,0,0,0,0,0,0,13.543,,,,,2817304,3055616,6762496,9748480,18038784,3535216,0,1,,,7.961,7.961,19.732,0.000,21.504,3
60,34.219,1.828,1.551,3.391,4011,23.898,36.449,0.000,0.000,15,5,5,4,1,1,0,0,0,0,0,0,0,0,0,0,0,0,0,191,4011,191,3000,3000,0,0,61355,3000,61355,61355,13.980,,,,,17366920,19447808,30347264,24780800,55435264,4594336,60,3,,,23.898,23.898,36.106,0.000,37.879,3
120,40.012,1.906,2.527,4.441,6867,29.312,40.012,0.000,0.000,27,8,8,7,1,1,0,0,0,0,0,0,0,0,0,0,0,0,0,327,6867,327,6000,6000,0,0,124355,6000,124355,124355,14.043,,,,,19243976,22585344,31621120,29327360,56655872,4645280,90,4,,,29.312,29.312,41.583,0.000,43.355,3
180,43.145,2.035,3.793,5.840,10731,32.527,49.805,0.000,0.000,41,11,11,10,1,1,0,0,0,0,0,0,0,0,0,0,0,0,0,511,10731,511,9000,9000,0,0,187355,9000,187355,187355,14.043,,,,,22493160,27455488,38907904,38387712,63848448,4737696,180,7,,,32.527,32.527,44.798,0.000,46.570,3
240,48.863,2.059,4.418,6.484,13545,38.422,49.805,0.000,0.000,53,14,14,13,1,1,0,0,0,0,0,0,0,0,0,0,0,0,0,645,13545,645,12000,12000,0,0,250355,12000,250355,250355,14.043,,,,,24227984,29708288,42876928,40767488,67760128,4790432,210,8,,,38.422,38.422,50.692,0.000,52.465,4
300,51.984,1.922,6.949,8.883,17908,40.512,58.309,0.000,0.000,66,17,17,16,1,1,0,0,0,0,0,0,0,0,0,0,0,0,0,814,17908,814,15000,15000,0,0,313713,15000,313713,313713,14.043,,,,,29387232,35061760,46166016,53809152,70971392,4877984,300,11,,,40.512,40.512,52.782,0.000,54.555,3
360,54.633,2.145,6.949,9.102,17468,42.820,63.891,0.000,0.000,79,20,20,19,1,1,0,0,0,0,0,0,0,0,0,0,0,0,0,794,17468,794,18000,18000,0,0,379713,18000,379713,379713,14.418,,,,,30043792,36704256,49774592,56020992,74526720,4925600,330,12,,,42.820,42.820,55.466,0.000,57.238,5
420,59.234,2.082,7.324,9.418,21406,47.715,65.480,0.000,0.000,92,23,23,22,1,1,0,0,0,0,0,0,0,0,0,0,0,0,0,973,21406,973,21000,21000,0,0,445713,21000,445713,445713,14.418,,,,,32021432,38383616,56135680,64995328,80756736,5056416,420,15,,,47.715,47.715,60.360,0.000,62.133,4
480,57.680,2.094,8.328,10.426,3322,45.895,65.480,0.000,0.000,106,27,27,26,1,1,0,0,0,0,0,0,0,0,0,0,0,0,0,151,3322,151,25000,25000,0,0,533713,25000,533713,533713,14.418,,,,,32041616,38129664,51724288,73089024,76333056,5072672,480,17,,,45.895,45.895,58.540,0.000,60.312,4
540,67.875,2.098,12.891,14.984,6204,56.199,69.383,0.000,0.000,118,30,30,29,1,1,0,0,0,0,0,0,0,0,0,0,0,0,0,282,6204,282,28000,28000,0,0,599713,28000,599713,599713,14.418,,,,,41050632,47206400,62332928,88788992,86847488,5169440,540,19,,,56.199,56.199,68.845,0.000,70.617,3
600,70.453,1.875,13.391,15.281,9570,58.746,80.090,0.000,0.000,131,33,33,32,1,1,0,0,0,0,0,0,0,0,0,0,0,0,0,435,9570,435,31000,31000,0,0,665713,31000,665713,665713,14.418,,,,,42850816,48922624,64253952,96403456,88670208,5262240,600,21,,,58.746,58.746,71.392,0.000,73.164,4
660,71.453,2.148,13.391,15.547,9262,59.926,82.027,0.000,0.000,144,36,36,35,1,1,0,0,0,0,0,0,0,0,0,0,0,0,0,420,9240,421,34000,34000,0,0,731713,34000,731713,731713,14.418,,,,,43791088,50728960,68349952,103403520,92680192,5350688,630,22,,,59.926,59.926,72.571,0.000,74.344,4
720,70.395,2.164,13.391,15.566,13046,58.738,84.793,0.000,0.000,157,39,39,38,1,1,0,0,0,0,0,0,0,0,0,0,0,0,0,593,13046,593,37000,37000,0,0,797713,37000,797713,797713,14.418,,,,,44507792,51118080,66125824,130392064,94527488,7568432,720,25,,,58.738,58.738,71.384,0.000,73.156,4
780,74.086,2.211,13.391,15.609,15796,62.324,84.938,0.000,0.000,170,42,42,41,1,1,0,0,0,0,0,0,0,0,0,0,0,0,0,718,15796,718,40000,40000,0,0,863713,40000,863713,863713,14.418,,,,,43324464,49917952,66699264,129818624,95100928,7572144,750,26,,,62.324,62.324,74.970,0.000,76.742,3
840,82.324,2.156,14.391,16.551,19668,70.625,89.441,0.000,0.000,183,45,45,44,1,1,0,0,0,0,0,0,0,0,0,0,0,0,0,894,19668,894,43000,43000,0,0,929713,43000,929713,929713,14.418,,,,,46766776,53174272,78938112,129306624,107147264,7762096,840,29,,,70.625,70.625,83.271,0.000,85.043,5
900,78.477,2.121,16.141,18.270,22264,66.523,89.441,0.000,0.000,196,49,48,47,2,1,1,1,1,0,0,1,0,0,0,1000,0,22000,0,12,264,1012,46000,46000,0,0,995713,46000,995713,1017713,14.418,,,,,48502160,54652928,74829824,138661888,103034880,7766320,870,30,,,66.523,66.523,79.169,0.000,80.941,4
960,82.262,2.156,16.141,18.301,22396,70.430,108.715,0.000,0.000,209,52,51,50,2,1,1,1,1,0,0,1,0,0,0,1000,0,22000,0,18,396,1018,49000,49000,0,0,1061713,49000,1061713,1083713,14.418,,,,,50193296,57544704,78659584,143237120,106848256,7779760,960,33,,,70.430,70.430,83.075,0.000,84.848,4
1020,84.875,2.129,16.141,18.277,4180,73.074,108.715,0.000,0.000,222,55,55,54,1,1,0,0,0,0,0,0,0,0,0,0,0,0,0,190,4180,190,53000,53000,0,0,1149713,53000,1149713,1149713,14.418,,,,,57915120,65077248,83587072,160436224,111669248,7884336,1020,35,,,73.074,73.074,85.720,0.000,87.492,5
1080,97.508,2.145,25.266,27.414,6732,85.625,108.715,0.000,0.000,235,58,58,57,1,1,0,0,0,0,0,0,0,0,0,0,0,0,0,306,6732,306,56000,56000,0,0,1215713,56000,1215713,1215713,14.418,,,,,60445136,67289088,94314496,156119040,122277888,8003120,1050,36,,,85.625,85.625,98.271,0.000,100.043,4
1140,97.688,2.160,27.141,29.301,10406,86.055,121.730,0.000,0.000,248,61,61,60,1,1,0,0,0,0,0,0,0,0,0,0,0,0,0,473,10406,473,59000,59000,0,0,1281713,59000,1281713,1281713,14.418,,,,,69144160,75919360,96804864,179953664,124657664,8113840,1140,39,,,86.055,86.055,98.700,0.000,100.473,5
1200,98.758,2.148,27.141,29.293,12826,86.902,124.637,0.000,0.000,261,64,64,63,1,1,0,0,0,0,0,0,0,0,0,0,0,0,0,583,12826,583,62000,62000,0,0,1347713,62000,1347713,1347713,14.418,,,,,69140408,75649024,100544512,176214016,128397312,8113840,1170,40,,,86.902,86.902,99.548,0.000,101.320,3
1260,109.555,2.117,27.141,29.258,12914,98.105,124.844,0.000,0.000,274,67,67,66,1,1,0,0,0,0,0,0,0,0,0,0,0,0,0,587,12914,587,65000,65000,0,0,1413713,65000,1413713,1413713,14.418,,,,,71050408,77815808,110358528,192774144,138051584,8272304,1260,43,,,98.105,98.105,110.751,0.000,112.523,5
1320,101.352,2.117,27.141,29.262,15334,89.766,124.844,0.000,0.000,287,70,70,69,1,1,0,0,0,0,0,0,0,0,0,0,0,0,0,697,15334,697,68000,68000,0,0,1479713,68000,1479713,1479713,14.418,,,,,70804496,77660160,101175296,201957376,128868352,8272304,1290,44,,,89.766,89.766,102.411,0.000,104.184,3
1380,99.184,2.168,27.141,29.312,18832,87.520,127.938,0.000,0.000,300,73,73,72,1,1,0,0,0,0,0,0,0,0,0,0,0,0,0,856,18832,856,71000,71000,0,0,1545713,71000,1545713,1545713,14.418,,,,,71992016,78458880,97513472,220332032,125173760,8304304,1380,47,,,87.520,87.520,100.165,0.000,101.938,5
1440,101.637,2.129,27.141,29.277,22352,90.238,127.938,0.000,0.000,313,77,76,75,2,1,1,1,1,0,0,1,0,0,0,1000,0,22000,0,16,352,1016,74000,74000,0,0,1611713,74000,1611713,1633713,14.418,,,,,72399048,79241216,99717120,225533952,127311872,8369968,1440,49,,,90.238,90.238,102.884,0.000,104.656,3
1500,103.891,2.266,27.141,29.410,2706,92.535,132.410,0.000,0.000,326,80,80,79,1,1,0,0,0,0,0,0,0,0,0,0,0,0,0,123,2706,123,78000,78000,0,0,1699713,78000,1699713,1699713,14.418,,,,,73108616,79908864,102088704,239042560,129531904,8518704,1500,51,,,92.535,92.535,105.181,0.000,106.953,6
1560,106.574,2.176,27.141,29.324,2618,94.730,132.410,0.000,0.000,339,83,83,82,1,1,0,0,0,0,0,0,0,0,0,0,0,0,0,119,2618,119,81000,81000,0,0,1765713,81000,1765713,1765713,14.418,,,,,74053136,81461248,103514112,253485056,130818048,8656560,1560,53,,,94.730,94.730,107.376,0.000,109.148,4
1620,112.160,2.191,27.141,29.332,4862,100.215,135.438,0.000,0.000,352,86,86,85,1,1,0,0,0,0,0,0,0,0,0,0,0,0,0,221,4862,221,84000,84000,0,0,1831713,84000,1831713,1831713,14.418,,,,,75408856,82673664,108433408,248565760,135737344,8656560,1590,54,,,100.215,100.215,112.860,0.000,114.633,6
1680,122.266,2.137,28.141,30.281,8272,110.078,137.535,0.000,0.000,365,89,89,88,1,1,0,0,0,0,0,0,0,0,0,0,0,0,0,375,8250,375,87000,87000,0,0,1897713,87000,1897713,1897713,14.418,,,,,78198984,84979712,120795136,250978304,148004864,8749872,1680,57,,,110.078,110.078,122.720,0.000,124.496,4
1740,113.434,2.199,32.641,34.836,10538,101.246,137.535,0.000,0.000,378,92,92,91,1,1,0,0,0,0,0,0,0,0,0,0,0,0,0,479,10538,479,90000,90000,0,0,1963713,90000,1963713,1963713,14.418,,,,,80187408,86753280,114585600,257187840,141795328,8749872,1710,58,,,101.246,101.246,113.892,0.000,115.664,4
1800,116.949,2.012,32.641,34.664,13684,105.113,147.062,0.000,0.000,391,95,95,94,1,1,0,0,0,0,0,0,0,0,0,0,0,0,0,622,13684,622,93000,93000,0,0,2029713,93000,2029713,2029713,14.418,,,,,82269584,89042944,114831360,295788544,141991936,8800688,1800,61,,,105.113,105.113,117.759,0.000,119.531,6
1860,123.113,2.129,32.641,34.770,13640,110.883,155.988,0.000,0.000,404,98,98,97,1,1,0,0,0,0,0,0,0,0,0,0,0,0,0,620,13640,620,96000,96000,0,0,2095713,96000,2095713,2095713,14.418,,,,,83506192,90710016,123191296,303296512,150212608,8940720,1860,63,,,110.883,110.883,123.528,0.000,125.301,5
1920,120.262,2.156,32.641,34.805,15796,108.328,155.988,0.000,0.000,417,101,101,100,1,1,0,0,0,0,0,0,0,0,0,0,0,0,0,718,15796,718,99000,99000,0,0,2161713,99000,2161713,2161713,14.418,,,,,83852032,91176960,118509568,333258752,145416192,9055024,1920,65,,,108.328,108.328,120.974,0.000,122.746,3
1980,134.109,2.125,32.641,34.766,19096,122.125,164.344,0.000,0.000,430,104,104,103,1,1,0,0,0,0,0,0,0,0,0,0,0,0,0,868,19096,868,102000,102000,0,0,2227713,102000,2227713,2227713,14.418,,,,,95097472,102395904,137834496,340205568,164683776,9110832,1980,67,,,122.125,122.125,134.771,0.000,136.543,4
2040,134.809,2.141,32.641,34.781,21098,122.797,164.789,0.000,0.000,443,107,107,106,1,1,0,0,0,0,0,0,0,0,0,0,0,0,0,959,21098,959,105000,105000,0,0,2293713,105000,2293713,2293713,14.418,,,,,99814912,106909696,142196736,343187456,169041920,9115440,2010,68,,,122.797,122.797,135.442,0.000,137.215,4
2100,158.164,1.984,36.641,38.629,23892,146.141,177.789,0.000,0.000,456,111,111,110,1,1,0,0,0,0,0,0,1,0,0,0,1000,22000,0,86,1892,1086,108000,108000,0,0,2359713,108000,2359713,2381713,14.418,,,,,104750384,111976448,164954112,348065792,191426560,9488944,2100,71,,,146.141,146.141,158.786,0.000,160.559,7
2160,159.430,2.109,49.766,51.871,22770,147.770,177.789,0.000,0.000,469,114,113,112,2,1,1,1,1,0,0,1,0,0,0,1000,0,22000,0,33,726,1035,111000,111000,0,0,2425713,111000,2425713,2447713,14.418,,,,,111918648,119222272,159207424,362205184,185675776,9495600,2130,72,,,147.770,147.770,160.415,0.000,162.188,7
2220,160.621,2.223,51.766,53.996,3916,148.793,198.160,0.000,0.000,482,117,117,116,1,1,0,0,0,0,0,0,0,0,0,0,0,0,0,178,3916,178,115000,115000,0,0,2513713,115000,2513713,2513713,14.418,,,,,122784960,129748992,165474304,366473216,191893504,9546032,2220,75,,,148.793,148.793,161.438,0.000,163.211,4
2280,160.996,2.113,51.766,53.887,5874,149.145,198.160,0.000,0.000,495,120,120,119,1,1,0,0,0,0,0,0,0,0,0,0,0,0,0,267,5874,267,118000,118000,0,0,2579713,118000,2579713,2579713,14.418,,,,,123747856,130506752,172400640,370049024,198803456,9562288,2250,76,,,149.145,149.145,161.790,0.000,163.562,6
2340,161.289,2.066,52.266,54.336,8954,149.266,212.184,0.000,0.000,508,123,123,122,1,1,0,0,0,0,0,0,0,0,0,0,0,0,0,407,8954,407,121000,121000,0,0,2645713,121000,2645713,2645713,14.418,,,,,123860952,130400256,165085184,400531456,191389696,9657648,2340,79,,,149.266,149.266,161.911,0.000,163.684,8
2400,163.141,1.781,53.266,55.059,11330,150.898,212.184,0.000,0.000,521,126,126,125,1,1,0,0,0,0,0,0,0,0,0,0,0,0,0,515,11330,515,124000,124000,0,0,2711713,124000,2711713,2711713,14.418,,,,,124404416,130945024,165138432,421531648,191361024,9739568,2400,81,,,150.898,150.898,163.544,0.000,165.316,7
2460,164.176,2.184,53.266,55.461,10428,152.422,212.184,0.000,0.000,534,129,129,128,1,1,0,0,0,0,0,0,0,0,0,0,0,0,0,474,10428,474,127000,127000,0,0,2777713,127000,2777713,2777713,14.418,,,,,125574200,132415488,169877504,429383680,196091904,9749808,2460,83,,,152.422,152.422,165.067,0.000,166.840,5
2520,167.391,2.148,53.266,55.422,13376,155.648,213.176,0.000,0.000,547,132,132,131,1,1,0,0,0,0,0,0,0,0,0,0,0,0,0,608,13376,608,130000,130000,0,0,2843713,130000,2843713,2843713,14.418,,,,,126780360,133697536,187076608,435372032,213172224,9866672,2520,85,,,155.648,155.648,168.294,0.000,170.066,5
2580,163.113,2.188,53.266,55.457,15114,151.656,213.176,0.000,0.000,560,135,135,134,1,1,0,0,0,0,0,0,0,0,0,0,0,0,0,687,15114,687,133000,133000,0,0,2909713,133000,2909713,2909713,14.418,,,,,125870160,132636672,167845888,454602752,193941504,9866672,2550,86,,,151.656,151.656,164.302,0.000,166.074,4
2640,163.051,2.117,53.266,55.387,18040,151.301,213.176,0.000,0.000,573,138,138,137,1,1,0,0,0,0,0,0,0,0,0,0,0,0,0,820,18040,820,136000,136000,0,0,2975713,136000,2975713,2975713,14.418,,,,,126659728,133541888,165924864,479731712,191881216,10005168,2640,89,,,151.301,151.301,163.946,0.000,165.719,5
2700,166.164,2.109,53.266,55.387,19734,154.543,213.176,0.000,0.000,586,141,141,140,1,1,0,0,0,0,0,0,0,0,0,0,0,0,0,897,19734,897,139000,139000,0,0,3041713,139000,3041713,3041713,14.418,,,,,127440952,134385664,170205184,488099840,196096000,10069552,2670,90,,,154.543,154.543,167.188,0.000,168.961,4
2760,166.277,2.133,53.266,55.406,19140,154.285,216.207,0.000,0.000,599,144,144,143,1,1,0,0,0,0,0,0,0,0,0,0,0,0,0,870,19140,870,142000,142000,0,0,3107713,142000,3107713,3107713,14.418,,,,,128632528,136433664,167866368,490467328,193728512,10100016,2760,93,,,154.285,154.285,166.931,0.000,168.703,7
2821,159.723,2.109,53.266,55.387,21868,147.996,216.473,0.000,0.000,612,147,147,146,1,1,0,0,0,0,0,0,0,0,0,0,0,0,0,994,21868,994,145000,145000,0,0,3173713,145000,3173713,3173713,14.418,,,,,128732520,136257536,163164160,507858944,188919808,10209712,2820,95,,,147.996,147.996,160.642,0.000,162.414,4
2880,166.867,2.203,53.266,55.473,24564,155.211,216.473,0.000,0.000,625,151,150,149,2,1,1,1,1,0,0,1,0,0,0,1000,0,23000,0,68,1564,1068,148000,148000,0,0,3241350,148000,3241350,3264350,14.418,,,,,129534808,136941568,169635840,514105344,195256320,10345648,2880,97,,,155.211,155.211,167.856,0.000,169.629,4
2940,183.680,2.207,53.766,55.973,4646,171.578,224.453,0.000,0.000,638,154,154,153,1,1,0,0,0,0,0,0,0,0,0,0,0,0,0,202,4646,202,152000,152000,0,0,3333350,152000,3333350,3333350,14.418,,,,,129857472,137084928,184815616,536875008,210235392,10545328,2940,99,,,171.578,171.578,184.224,0.000,185.996,8
3000,171.938,2.137,53.766,55.910,6279,160.180,224.453,0.000,0.000,651,157,157,156,1,1,0,0,0,0,0,0,0,0,0,0,0,0,0,273,6279,273,155000,155000,0,0,3402350,155000,3402350,3402350,14.418,,,,,129572224,136753152,170119168,551571456,195538944,10547760,2970,100,,,160.180,160.180,172.825,0.000,174.598,8
3060,179.012,2.145,53.766,55.902,5359,167.180,258.027,0.000,0.000,664,160,160,159,1,1,0,0,0,0,0,0,0,0,0,0,0,0,0,233,5359,233,158000,158000,0,0,3471350,158000,3471350,3471350,14.418,,,,,131596232,139374592,182153216,552214528,207478784,10638640,3060,103,,,167.180,167.180,179.825,0.000,181.598,5
3120,169.117,2.145,53.766,55.918,6969,157.516,258.027,0.000,0.000,677,163,163,162,1,1,0,0,0,0,0,0,0,0,0,0,0,0,0,303,6969,303,161000,161000,0,0,3540350,161000,3540350,3540350,14.418,,,,,131001880,138579968,170242048,564125696,195567616,10639664,3090,104,,,157.516,157.516,170.161,0.000,171.934,4
3180,170.621,2.180,53.766,55.949,9683,159.172,258.027,0.000,0.000,690,166,166,165,1,1,0,0,0,0,0,0,0,0,0,0,0,0,0,421,9683,421,164000,164000,0,0,3609350,164000,3609350,3609350,14.418,,,,,134058984,140931072,173531136,575860736,198512640,10984624,3180,107,,,159.172,159.172,171.817,0.000,173.590,5
3240,179.223,2.090,53.766,55.863,12489,167.711,258.027,0.000,0.000,703,169,169,168,1,1,0,0,0,0,0,0,0,0,0,0,0,0,0,543,12489,543,167000,167000,0,0,3678350,167000,3678350,3678350,14.418,,,,,138993936,145981440,183730176,580427776,208625664,11071408,3240,109,,,167.711,167.711,180.356,0.000,182.129,8
3300,179.355,2.164,53.766,55.941,14007,167.754,258.027,0.000,0.000,716,172,172,171,1,1,0,0,0,0,0,0,0,0,0,0,0,0,0,609,14007,609,170000,170000,0,0,3747350,170000,3747350,3747350,14.418,,,,,139582696,146427904,179019776,584609792,204443648,11071408,3270,110,,,167.754,167.754,180.399,0.000,182.172,6
3360,184.320,2.191,53.766,55.973,12949,172.816,258.027,0.000,0.000,729,175,175,174,1,1,0,0,0,0,0,0,0,0,0,0,0,0,0,563,12949,563,173000,173000,0,0,3816350,173000,3816350,3816350,14.418,,,,,140281392,147689472,191631360,614674432,216322048,11273136,3360,113,,,172.816,172.816,185.462,0.000,187.234,6
3420,186.477,2.172,56.766,58.941,14398,174.590,258.027,0.000,0.000,742,178,178,177,1,1,0,0,0,0,0,0,0,0,0,0,0,0,0,626,14398,626,176000,176000,0,0,3885350,176000,3885350,3885350,14.418,,,,,141359896,148676608,185155584,621150208,209846272,11273136,3390,114,,,174.590,174.590,187.235,0.000,189.008,7
3480,198.387,2.105,68.766,70.871,16882,186.965,258.027,0.000,0.000,755,181,181,180,1,1,0,0,0,0,0,0,0,0,0,0,0,0,0,734,16882,734,179000,179000,0,0,3954350,179000,3954350,3954350,14.418,,,,,148083944,155103232,206536704,631349248,231104512,11398960,3480,117,,,186.965,186.965,199.610,0.000,201.383,5
3540,201.543,2.129,72.766,74.902,18285,189.656,258.027,0.000,0.000,768,184,184,183,1,1,0,0,0,0,0,0,0,0,0,0,0,0,0,795,18285,795,182000,182000,0,0,4023350,182000,4023350,4023350,14.418,,,,,148896160,156422144,206831616,631099392,231354368,11440944,3510,118,,,189.656,189.656,202.302,0.000,204.074,6
3600,201.410,2.129,72.766,74.902,20723,190.004,266.855,0.000,0.000,781,187,187,186,1,1,0,0,0,0,0,0,0,0,0,0,0,0,0,901,20723,901,185000,185000,0,0,4092350,185000,4092350,4092350,14.418,,,,,150467168,157753344,208941056,643764224,233369600,11534512,3600,121,,,190.004,190.004,202.649,0.000,204.422,5
3660,202.059,2.195,72.766,74.965,19734,190.430,278.652,0.000,0.000,794,190,190,189,1,1,0,0,0,0,0,0,0,0,0,0,0,0,0,858,19734,858,188000,188000,0,0,4161350,188000,4161350,4161350,14.418,,,,,151621496,159645696,204275712,665362432,228548608,11688368,3660,123,,,190.430,190.430,203.075,0.000,204.848,5
3720,201.996,2.141,72.766,74.914,21068,190.496,278.652,0.000,0.000,807,193,193,192,1,1,0,0,0,0,0,0,0,0,0,0,0,0,0,916,21068,916,191000,191000,0,0,4230350,191000,4230350,4230350,14.418,,,,,151037880,159141888,207425536,662212608,231698432,11688368,3690,124,,,190.496,190.496,203.142,0.000,204.914,5
3780,234.715,2.156,72.766,74.926,23483,223.160,278.652,0.000,0.000,820,197,197,195,2,1,0,0,0,0,1,0,0,0,1000,0,0,23000,0,21,483,1021,194000,194000,0,0,4299350,194000,4299350,4322350,14.418,,,,,151928472,159494144,249417728,681512960,273215488,12161456,3780,127,,,223.160,223.160,235.790,0.000,237.578,6
3840,211.801,2.156,72.766,74.914,24587,200.164,278.652,0.000,0.000,833,200,199,198,2,1,1,1,1,0,0,1,0,0,0,1000,0,23000,0,69,1587,1069,197000,197000,0,0,4368350,197000,4368350,4391350,14.418,,,,,152487240,159973376,210657280,720273408,234455040,12161456,3810,128,,,200.164,200.164,212.810,0.000,214.582,6
3900,210.336,2.109,72.766,74.891,3933,198.543,278.652,0.000,0.000,846,203,203,202,1,1,0,0,0,0,0,0,0,0,0,0,0,0,0,171,3933,171,201000,201000,0,0,4460350,201000,4460350,4460350,14.418,,,,,153664592,160972800,214781952,747720704,238465024,12276144,3900,131,,,198.543,198.543,211.188,0.000,212.961,8
3960,219.359,2.164,72.766,74.941,24610,207.629,278.652,0.000,0.000,859,206,206,204,2,1,0,0,0,0,1,0,0,0,1000,0,0,23000,0,70,1610,1070,203000,203000,0,0,4506350,203000,4506350,4529350,14.418,,,,,160009240,167624704,228896768,748359680,252506112,12350896,3930,132,,,207.629,207.629,220.274,0.000,222.047,6
4020,227.547,2.195,72.766,74.969,4094,215.777,284.562,0.000,0.000,872,209,209,208,1,1,0,0,0,0,0,0,0,0,0,0,0,0,0,178,4094,178,207000,207000,0,0,4598350,207000,4598350,4598350,14.418,,,,,185897664,193355776,242708480,787165184,266129408,12540336,4020,135,,,215.777,215.777,228.423,0.000,230.195,7
4080,229.719,2.121,72.766,74.891,6463,218.285,302.660,0.000,0.000,885,212,212,211,1,1,0,0,0,0,0,0,0,0,0,0,0,0,0,281,6463,281,210000,210000,0,0,4667350,210000,4667350,4667350,14.418,,,,,186581776,194179072,245501952,839053312,268767232,12696624,4080,137,,,218.285,218.285,230.931,0.000,232.703,5
4140,238.316,2.184,72.766,74.953,7613,226.648,304.766,0.000,0.000,898,215,215,214,1,1,0,0,0,0,0,0,0,0,0,0,0,0,0,331,7613,331,213000,213000,0,0,4736350,213000,4736350,4736350,14.418,,,,,186552576,194011136,251625472,832929792,274890752,12696624,4110,138,,,226.648,226.648,239.294,0.000,241.066,6
4200,235.367,2.094,72.766,74.867,9499,224.340,304.766,0.000,0.000,911,218,218,217,1,1,0,0,0,0,0,0,0,0,0,0,0,0,0,413,9499,413,216000,216000,0,0,4805350,216000,4805350,4805350,14.418,,,,,189564288,197214208,250679296,880201728,273756160,12886064,4200,141,,,224.340,224.340,236.985,0.000,238.758,7
4260,245.051,2.160,77.016,79.180,7429,233.148,304.766,0.000,0.000,924,221,221,220,1,1,0,0,0,0,0,0,0,0,0,0,0,0,0,323,7429,323,219000,219000,0,0,4874350,219000,4874350,4874350,14.418,,,,,196386792,204738560,262389760,868491264,285466624,12886064,4230,142,,,233.148,233.148,245.794,0.000,247.566,9
4320,274.852,2.227,93.016,95.246,9591,264.043,316.039,0.000,0.000,937,224,224,223,1,1,0,0,0,0,0,0,0,0,0,0,0,0,0,417,9591,417,222000,222000,0,0,4943350,222000,4943350,4943350,14.418,,,,,219926320,226938880,292507648,878309376,313397248,15076272,4320,145,,,264.043,264.043,276.688,0.000,278.461,7
4380,273.078,2.152,103.016,105.176,11753,261.359,350.727,0.000,0.000,950,227,227,226,1,1,0,0,0,0,0,0,0,0,0,0,0,0,0,511,11753,511,225000,225000,0,0,5012350,225000,5012350,5012350,14.418,,,,,229239656,236441600,301674496,869187584,322519040,15120688,4380,147,,,261.359,261.359,274.005,0.000,275.777,7
4440,273.715,2.047,107.016,109.062,12673,262.277,364.246,0.000,0.000,963,230,230,229,1,1,0,0,0,0,0,0,0,0,0,0,0,0,0,551,12673,551,228000,228000,0,0,5081350,228000,5081350,5081350,14.418,,,,,234900296,241954816,293543936,923688960,314155008,15353904,4440,149,,,262.277,262.277,274.923,0.000,276.695,8
4500,278.191,2.082,107.016,109.102,14467,266.984,364.246,0.000,0.000,976,233,233,232,1,1,0,0,0,0,0,0,0,0,0,0,0,0,0,629,14467,629,231000,231000,0,0,5150350,231000,5150350,5150350,14.418,,,,,231571736,238923776,286826496,985088000,307281920,15509296,4500,151,,,266.984,266.984,279.630,0.000,281.402,7
4560,280.785,2.148,107.016,109.172,12167,269.441,370.898,0.000,0.000,989,236,236,235,1,1,0,0,0,0,0,0,0,0,0,0,0,0,0,529,12167,529,234000,234000,0,0,5219350,234000,5219350,5219350,14.418,,,,,232315936,240308224,305876992,966037504,326332416,15509296,4530,152,,,269.441,269.441,282.087,0.000,283.859,6
4620,298.781,2.156,110.016,112.180,14260,287.797,370.898,0.000,0.000,1002,239,239,238,1,1,0,0,0,0,0,0,0,0,0,0,0,0,0,620,14260,620,237000,237000,0,0,5288350,237000,5288350,5288350,14.418,,,,,234627040,242356224,329592832,1009635328,349843456,15717808,4620,155,,,287.797,287.797,300.442,0.000,302.215,9
4680,284.645,2.160,110.016,112.176,15272,273.340,370.898,0.000,0.000,1015,242,242,241,1,1,0,0,0,0,0,0,0,0,0,0,0,0,0,664,15272,664,240000,240000,0,0,5357350,240000,5357350,5357350,14.418,,,,,234211536,241913856,293896192,1045331968,314146816,15717808,4650,156,,,273.340,273.340,285.985,0.000,287.758,7
4740,287.395,2.344,110.016,112.359,17250,276.484,371.281,0.000,0.000,1028,245,245,244,1,1,0,0,0,0,0,0,0,0,0,0,0,0,0,750,17250,750,243000,243000,0,0,5426350,243000,5426350,5426350,14.418,,,,,234897000,242532352,305143808,1080340480,325275648,15839792,4740,159,,,276.484,276.484,289.130,0.000,290.902,8
4800,289.031,1.973,110.016,111.992,18630,277.809,371.281,0.000,0.000,1041,248,248,247,1,1,0,0,0,0,0,0,0,0,0,0,0,0,0,810,18630,810,246000,246000,0,0,5495350,246000,5495350,5495350,14.418,,,,,237224208,244768768,310738944,1074786304,330829824,15879088,4800,161,,,277.809,277.809,290.454,0.000,292.227,6
4860,282.906,2.230,110.016,112.242,16445,271.797,375.383,0.000,0.000,1054,251,251,250,1,1,0,0,0,0,0,0,0,0,0,0,0,0,0,715,16445,715,249000,249000,0,0,5564350,249000,5564350,5564350,14.418,,,,,236366632,244088832,303366144,1107382272,323399680,15937712,4860,163,,,271.797,271.797,284.442,0.000,286.215,6
4920,285.352,2.254,110.016,112.285,18515,274.016,395.824,0.000,0.000,1067,254,254,253,1,1,0,0,0,0,0,0,0,0,0,0,0,0,0,805,18515,805,252000,252000,0,0,5633350,252000,5633350,5633350,14.418,,,,,236684832,244318208,302600192,1162768384,322539520,16032432,4920,165,,,274.016,274.016,286.661,0.000,288.434,10
4980,280.348,2.238,110.016,112.258,19113,268.914,395.824,0.000,0.000,1080,257,257,256,1,1,0,0,0,0,0,0,0,0,0,0,0,0,0,831,19113,831,255000,255000,0,0,5702350,255000,5702350,5702350,14.418,,,,,235700856,242905088,299737088,1165631488,319676416,16032432,4950,166,,,268.914,268.914,281.560,0.000,283.332,6
5040,361.184,2.332,110.016,112.352,21022,349.629,397.027,0.000,0.000,1093,260,260,259,1,1,0,0,0,0,0,0,0,0,0,0,0,0,0,914,21022,914,258000,258000,0,0,5771350,258000,5771350,5771350,14.418,,,,,238846224,246509568,389685248,1151504384,409300992,16357040,5040,169,,,349.629,349.629,362.274,0.000,364.047,7
5100,278.730,2.305,110.016,112.320,21804,267.434,397.027,0.000,0.000,1106,263,263,262,1,1,0,0,0,0,0,0,0,0,0,0,0,0,0,948,21804,948,261000,261000,0,0,5840350,261000,5840350,5840350,14.418,,,,,238962504,246566912,315236352,1225953280,334852096,16357040,5070,170,,,267.434,267.434,280.079,0.000,281.852,9
5160,294.027,2.238,110.016,112.258,20033,282.645,397.027,0.000,0.000,1119,266,266,265,1,1,0,0,0,0,0,0,0,0,0,0,0,0,0,871,20033,871,264000,264000,0,0,5909350,264000,5909350,5909350,14.418,,,,,239838824,247844864,310067200,1231155200,329650176,16387248,5160,173,,,282.645,282.645,295.290,0.000,297.062,10
5220,283.559,2.207,110.016,112.215,22034,272.652,397.027,0.000,0.000,1132,269,269,268,1,1,0,0,0,0,0,0,0,0,0,0,0,0,0,958,22034,958,267000,267000,0,0,5978350,267000,5978350,5978350,14.418,,,,,239931984,247881728,292659200,1278148608,312016896,16614704,5220,175,,,272.652,272.652,285.298,0.000,287.070,7
5280,300.023,2.195,110.016,112.215,22540,288.113,397.027,0.000,0.000,1145,272,272,271,1,1,0,0,0,0,0,0,0,0,0,0,0,0,0,980,22540,980,270000,270000,0,0,6047350,270000,6047350,6047350,14.418,,,,,240310552,248233984,308015104,1288163328,327168000,16818096,5250,176,,,288.113,288.113,300.759,0.000,302.531,6
5340,289.766,2.180,119.016,121.203,24380,279.254,397.027,0.000,0.000,1158,276,275,274,2,1,1,1,1,0,0,1,0,0,0,1000,0,23000,0,60,1380,1060,273000,273000,0,0,6116350,273000,6116350,6139350,14.418,,,,,241119472,248635392,304541696,1291644928,323686400,16824624,5340,179,,,279.254,279.254,291.899,0.000,293.672,8
5400,301.234,2.148,119.016,121.176,24955,289.609,397.027,0.000,0.000,1171,279,279,277,2,1,0,0,0,0,1,0,0,0,1000,0,0,23000,0,85,1955,1085,276000,276000,0,0,6185350,276000,6185350,6208350,14.418,,,,,242142424,249724928,315260928,1280925696,334405632,16824624,5370,180,,,289.609,289.609,302.255,0.000,304.027,7
5460,346.117,2.125,119.016,121.148,23161,334.422,397.027,0.000,0.000,1184,282,281,280,2,1,1,1,1,0,0,1,0,0,0,1000,0,23000,0,7,161,1007,279000,279000,0,0,6254350,279000,6254350,6277350,14.418,,,,,241894968,250253312,370364416,1225822208,389509120,16824624,5460,183,,,334.422,334.422,347.067,0.000,348.840,11
5520,290.758,2.164,119.016,121.184,24840,279.133,397.027,0.000,0.000,1197,285,285,283,2,1,0,0,0,0,1,0,0,0,1000,0,0,23000,0,80,1840,1080,282000,282000,0,0,6323350,282000,6323350,6346350,14.418,,,,,241425864,249466880,299274240,1296912384,318418944,16824624,5520,185,,,279.133,279.133,291.778,0.000,293.551,6
5580,295.004,2.180,121.016,123.199,25231,283.281,401.367,0.000,0.000,1210,288,288,287,1,1,0,0,0,0,0,0,0,0,0,0,0,0,0,103,2369,103,285000,285000,0,0,6392350,286000,6415350,6415350,14.418,,,,,242493216,250433536,310554624,1315094528,329596928,16926256,5580,187,,,283.281,283.281,295.927,0.000,297.699,9
5640,289.637,2.227,130.016,132.246,3979,277.836,407.496,0.000,0.000,1223,291,291,290,1,1,0,0,0,0,0,0,0,0,0,0,0,0,0,173,3979,173,289000,289000,0,0,6484350,289000,6484350,6484350,14.418,,,,,243145192,251228160,309383168,1345671168,328380416,16969648,5640,189,,,277.836,277.836,290.481,0.000,292.254,10
5700,297.895,2.297,130.016,132.316,4347,286.164,407.496,0.000,0.000,1236,294,294,293,1,1,0,0,0,0,0,0,0,0,0,0,0,0,0,189,4347,189,292000,292000,0,0,6553350,292000,6553350,6553350,14.418,,,,,245176264,253521920,361644032,1318768640,380448768,17162800,5670,190,,,286.164,286.164,298.810,0.000,300.582,9
5760,295.824,2.094,130.016,132.109,25300,284.348,408.289,0.000,0.000,1249,297,297,295,2,1,0,0,0,0,1,0,0,0,1000,0,0,23000,0,100,2300,1100,294000,294000,0,0,6599350,294000,6599350,6622350,14.418,,,,,244939440,253452288,307687424,1372766208,326451200,17204272,5760,193,,,284.348,284.348,296.993,0.000,298.766,6
5820,307.305,2.184,130.016,132.203,13340,295.418,408.289,0.000,0.000,1261,300,300,299,1,1,0,0,0,0,0,0,0,0,0,0,0,0,0,115,2645,115,297000,297000,0,0,6668350,298000,6691350,6691350,14.418,,,,,246019912,254382080,311631872,1368821760,330395648,17204272,5790,194,,,295.418,295.418,308.063,0.000,309.836,8
5880,319.480,2.363,130.016,132.375,4278,307.582,417.828,0.000,0.000,1275,303,303,302,1,1,0,0,0,0,0,0,0,0,0,0,0,0,0,186,4278,186,301000,301000,0,0,6760350,301000,6760350,6760350,14.418,,,,,245182272,253333504,333828096,1422512128,352202752,17590320,5880,197,,,307.582,307.582,320.228,0.000,322.000,10
5940,303.621,2.191,130.016,132.215,5796,292.137,417.828,0.000,0.000,1288,306,306,305,1,1,0,0,0,0,0,0,0,0,0,0,0,0,0,252,5796,252,304000,304000,0,0,6829350,304000,6829350,6829350,14.418,,,,,245206152,253284352,321040384,1435299840,339415040,17590320,5940,199,,,292.137,292.137,304.782,0.000,306.555,7
6000,308.422,2.141,132.016,134.160,6026,296.812,417.828,0.000,0.000,1300,309,309,308,1,1,0,0,0,0,0,0,0,0,0,0,0,0,0,262,6026,262,307000,307000,0,0,6898350,307000,6898350,6898350,14.418,,,,,247119400,255328256,315691008,1495519232,333721600,17935280,5970,200,,,296.812,296.812,309.458,0.000,311.230,6
6060,311.059,2.344,132.016,134.363,3864,299.277,417.828,0.000,0.000,1314,312,312,311,1,1,0,0,0,0,0,0,0,0,0,0,0,0,0,168,3864,168,310000,310000,0,0,6967350,310000,6967350,6967350,14.418,,,,,247449552,255647744,326258688,1514340352,344260608,17964592,6060,203,,,299.277,299.277,311.923,0.000,313.695,9
6120,302.730,2.207,134.016,136.227,4140,291.227,418.105,0.000,0.000,1326,315,315,314,1,1,0,0,0,0,0,0,0,0,0,0,0,0,0,180,4140,180,313000,313000,0,0,7036350,313000,7036350,7036350,14.418,,,,,249204848,257306624,369213440,1471479808,387121152,18058032,6090,204,,,291.227,291.227,303.872,0.000,305.645,11
6180,304.867,2.293,134.016,136.320,5405,293.125,418.105,0.000,0.000,1340,318,318,317,1,1,0,0,0,0,0,0,0,0,0,0,0,0,0,235,5405,235,316000,316000,0,0,7105350,316000,7105350,7105350,14.418,,,,,249766928,257474560,320090112,1520603136,337997824,18058032,6180,207,,,293.125,293.125,305.771,0.000,307.543,7
6240,314.582,2.238,134.016,136.258,6831,302.840,418.105,0.000,0.000,1353,321,321,320,1,1,0,0,0,0,0,0,0,0,0,0,0,0,0,297,6831,297,319000,319000,0,0,7174350,319000,7174350,7174350,14.418,,,,,250935328,258875392,325394432,1515417600,343183360,18178096,6240,209,,,302.840,302.840,315.485,0.000,317.258,7
6300,358.898,2.227,134.016,136.254,6946,347.125,437.027,0.000,0.000,1365,324,324,323,1,1,0,0,0,0,0,0,0,0,0,0,0,0,0,302,6946,302,322000,322000,0,0,7243350,322000,7243350,7243350,14.418,,,,,249136240,256929792,325734400,1515077632,343523328,18178096,6270,210,,,347.125,347.125,359.771,0.000,361.543,10
6360,303.031,2.133,134.016,136.152,4623,291.180,437.027,0.000,0.000,1379,327,327,326,1,1,0,0,0,0,0,0,0,0,0,0,0,0,0,201,4623,201,325000,325000,0,0,7312350,325000,7312350,7312350,14.418,,,,,253041928,260792320,314761216,1526292480,332308480,18417200,6360,213,,,291.180,291.180,303.825,0.000,305.598,7
6420,313.633,2.238,134.016,136.258,4646,301.508,437.027,0.000,0.000,1391,330,330,329,1,1,0,0,0,0,0,0,0,0,0,0,0,0,0,202,4646,202,328000,328000,0,0,7381350,328000,7381350,7381350,14.418,,,,,254345328,262029312,329654272,1511407616,347193344,18427568,6390,214,,,301.508,301.508,314.153,0.000,315.926,9
6480,317.551,2.238,134.016,136.254,5865,305.852,437.027,0.000,0.000,1404,333,333,332,1,1,0,0,0,0,0,0,0,0,0,0,0,0,0,255,5865,255,331000,331000,0,0,7450350,331000,7450350,7450350,14.418,,,,,264672384,272146432,336076800,1534398464,353562624,18480304,6480,217,,,305.852,305.852,318.497,0.000,320.270,9
6540,316.562,2.246,134.016,136.262,6049,305.105,437.027,0.000,0.000,1417,336,336,335,1,1,0,0,0,0,0,0,0,0,0,0,0,0,0,262,6026,262,334000,334000,0,0,7519350,334000,7519350,7519350,14.418,,,,,264950888,272543744,344104960,1526554624,361406464,18666928,6510,218,,,305.105,305.105,317.751,0.000,319.523,9
6600,317.730,2.160,134.016,136.184,7130,306.195,439.164,0.000,0.000,1430,339,339,338,1,1,0,0,0,0,0,0,0,0,0,0,0,0,0,310,7130,310,337000,337000,0,0,7588350,337000,7588350,7588350,14.418,,,,,265564680,273375232,334667776,1569640448,351875072,18758448,6600,221,,,306.195,306.195,318.841,0.000,320.613,10
6660,319.379,2.359,134.016,136.387,4784,307.734,440.715,0.000,0.000,1444,342,342,341,1,1,0,0,0,0,0,0,0,0,0,0,0,0,0,208,4784,208,340000,340000,0,0,7657350,340000,7657350,7657350,14.418,,,,,268638096,277131264,336814080,1567506432,354009088,18771248,6660,223,,,307.734,307.734,320.380,0.000,322.152,10
6720,386.125,2.414,134.016,136.441,4784,374.316,440.715,0.000,0.000,1456,345,345,344,1,1,0,0,0,0,0,0,0,0,0,0,0,0,0,208,4784,208,343000,343000,0,0,7726350,343000,7726350,7726350,14.418,,,,,267323624,275623936,334278656,1570041856,351473664,18771248,6690,224,,,374.316,374.316,386.962,0.000,388.734,9
6780,325.730,2.172,134.016,136.188,5888,314.234,440.715,0.000,0.000,1469,348,348,347,1,1,0,0,0,0,0,0,0,0,0,0,0,0,0,256,5888,256,346000,346000,0,0,7795350,346000,7795350,7795350,14.418,,,,,268099784,275935232,343642112,1560764416,360751104,18857904,6780,227,,,314.234,314.234,326.880,0.000,328.652,8
6840,336.250,2.227,134.016,136.246,5773,324.484,457.387,0.000,0.000,1482,351,351,350,1,1,0,0,0,0,0,0,0,0,0,0,0,0,0,251,5773,251,349000,349000,0,0,7864350,349000,7864350,7864350,14.418,,,,,268688032,276557824,338374656,1566068736,355446784,18895536,6810,228,,,324.484,324.484,337.130,0.000,338.902,9
6900,337.914,2.109,137.016,139.141,6762,326.137,457.750,0.000,0.000,1495,354,354,353,1,1,0,0,0,0,0,0,0,0,0,0,0,0,0,294,6762,294,352000,352000,0,0,7933350,352000,7933350,7933350,14.418,,,,,273656112,281575424,357892096,1580228608,374841344,19017520,6900,231,,,326.137,326.137,338.782,0.000,340.555,9
6960,345.836,2.332,137.016,139.348,4485,334.254,488.203,0.000,0.000,1508,357,357,356,1,1,0,0,0,0,0,0,0,0,0,0,0,0,0,195,4485,195,355000,355000,0,0,8002350,355000,8002350,8002350,14.418,,,,,283547792,292122624,366317568,1605451776,383172608,19109936,6960,233,,,334.254,334.254,346.899,0.000,348.672,8
7020,356.227,2.312,141.016,143.332,4278,344.602,488.203,0.000,0.000,1521,360,360,359,1,1,0,0,0,0,0,0,0,0,0,0,0,0,0,186,4278,186,358000,358000,0,0,8071350,358000,8071350,8071350,14.418,,,,,286125936,294600704,390967296,1580802048,407822336,19109936,6990,234,,,344.602,344.602,357.235,0.000,359.020,8
7080,372.219,2.254,145.016,147.281,5221,360.484,488.203,0.000,0.000,1534,363,363,362,1,1,0,0,0,0,0,0,0,0,0,0,0,0,0,227,5221,227,361000,361000,0,0,8140350,361000,8140350,8140350,14.418,,,,,287580024,295501824,392785920,1642319872,409219072,19531184,7080,237,,,360.484,360.484,373.130,0.000,374.902,7
7140,394.660,2.465,145.016,147.484,5060,379.117,488.203,0.000,0.000,1547,366,366,365,1,1,0,0,0,0,0,0,0,0,0,0,0,0,0,220,5060,220,364000,364000,0,0,8209350,364000,8209350,8209350,14.418,,,,,287514064,295227392,379723776,1655382016,396156928,19531184,7110,238,,,379.117,379.117,391.763,0.000,393.535,12
7200,357.688,2.168,145.016,147.191,5704,345.945,488.203,0.000,0.000,1560,369,369,368,1,1,0,0,0,0,0,0,0,0,0,0,0,0,0,248,5704,248,367000,367000,0,0,8278350,367000,8278350,8278350,14.418,,,,,290093296,297697280,375160832,1702064128,391417856,19708848,7200,241,,,345.945,345.945,358.591,0.000,360.363,7
7260,364.996,2.336,145.016,147.355,17779,353.246,529.508,0.000,0.000,1573,372,372,371,1,1,0,0,0,0,0,0,0,0,0,0,0,0,0,141,3243,141,369000,369000,0,0,8324350,370000,8347350,8347350,14.418,,,,,292984664,301498368,392499200,1684787200,408694784,19766576,7260,243,,,353.246,353.246,365.892,0.000,367.664,8
7320,374.570,2.328,145.016,147.352,13800,362.824,529.508,0.000,0.000,1586,375,375,374,1,1,0,0,0,0,0,0,0,0,0,0,0,0,0,124,2852,124,372000,372000,0,0,8393350,373000,8416350,8416350,14.418,,,,,291042328,299569152,391798784,1685557248,407924736,19838640,7290,244,,,362.824,362.824,375.458,0.000,377.242,8
7380,378.379,2.465,145.016,147.484,4324,366.344,529.508,0.000,0.000,1599,378,378,377,1,1,0,0,0,0,0,0,0,0,0,0,0,0,0,158,3634,158,375000,375000,0,0,8462350,376000,8485350,8485350,14.418,,,,,292236392,300036096,393777152,1683677184,409804800,19936560,7380,247,,,366.344,366.344,378.989,0.000,380.762,9
7440,366.508,2.383,145.016,147.402,10810,354.605,529.508,0.000,0.000,1612,381,381,380,1,1,0,0,0,0,0,0,0,0,0,0,0,0,0,142,3266,142,378000,378000,0,0,8531350,379000,8554350,8554350,14.418,,,,,292022744,299823104,385822720,1691631616,401850368,19936560,7410,248,,,354.605,354.605,367.251,0.000,369.023,8
7500,361.680,2.242,145.016,147.266,3933,349.555,529.508,0.000,0.000,1625,384,384,383,1,1,0,0,0,0,0,0,0,0,0,0,0,0,0,171,3933,171,382000,382000,0,0,8623350,382000,8623350,8623350,14.418,,,,,293199192,300888064,377753600,1733373952,393662464,20054832,7500,251,,,349.555,349.555,362.200,0.000,363.973,10
7561,383.504,2.281,145.016,147.301,24242,371.879,529.508,0.000,0.000,1638,387,387,385,2,1,0,0,0,0,1,0,0,0,1000,0,0,23000,0,54,1242,1054,384000,384000,0,0,8669350,384000,8669350,8692350,14.418,,,,,295178360,303681536,436142080,1708892160,451698688,20408112,7560,253,,,371.879,371.879,384.524,0.000,386.297,7
7620,370.707,2.309,145.016,147.332,23920,361.680,529.508,0.000,0.000,1651,390,390,388,2,1,0,0,0,0,1,0,0,0,1000,0,0,23000,0,40,920,1040,387000,387000,0,0,8738350,387000,8738350,8761350,14.418,,,,,294348808,302448640,395919360,1749114880,411475968,20408112,7620,255,,,361.680,361.680,374.325,0.000,376.098,9
7680,369.371,2.348,145.016,147.371,24518,357.559,529.508,0.000,0.000,1664,393,393,391,2,1,0,0,0,0,1,0,0,0,1000,0,0,23000,0,66,1518,1066,390000,390000,0,0,8807350,390000,8807350,8830350,14.418,,,,,295918448,303976448,385376256,1822830592,400674816,20666032,7680,257,,,357.559,357.559,370.204,0.000,371.977,8
7740,372.117,2.309,145.016,147.324,24035,359.961,529.508,0.000,0.000,1677,396,395,394,2,1,1,1,1,0,0,1,0,0,0,1000,0,23000,0,45,1035,1045,393000,393000,0,0,8876350,393000,8876350,8899350,14.418,,,,,296150248,304328704,380657664,1827729408,395776000,20848304,7710,258,,,359.961,359.961,372.606,0.000,374.379,13
7800,366.625,2.172,145.016,147.195,24380,354.770,535.355,0.000,0.000,1690,399,399,397,2,1,0,0,0,0,1,0,0,0,1000,0,0,23000,0,60,1380,1060,396000,396000,0,0,8945350,396000,8945350,8968350,14.418,,,,,296999216,304992256,388726784,1897496576,409894912,23180608,7800,261,,,354.770,354.770,367.415,0.000,369.188,7
7860,385.828,2.328,145.016,147.348,20516,373.863,535.355,0.000,0.000,1703,401,401,400,1,1,0,0,0,0,0,0,0,0,0,0,0,0,0,891,20493,891,399000,399000,0,0,9014350,399000,9014350,9014350,14.418,,,,,299116464,307822592,405381120,1880842240,426549248,23180608,7830,262,,,373.863,373.863,386.509,0.000,388.281,10
7920,366.016,2.281,145.016,147.297,21091,354.352,535.355,0.000,0.000,1716,404,404,403,1,1,0,0,0,0,0,0,0,0,0,0,0,0,0,917,21091,917,402000,402000,0,0,9083350,402000,9083350,9083350,14.418,,,,,300033360,308572160,384172032,1902051328,405340160,23180608,7920,265,,,354.352,354.352,366.997,0.000,368.770,7
7980,386.828,2.285,145.016,147.301,21620,375.398,535.355,0.000,0.000,1729,407,407,406,1,1,0,0,0,0,0,0,0,0,0,0,0,0,0,940,21620,940,405000,405000,0,0,9152350,405000,9152350,9152350,14.418,,,,,310352424,318734336,410882048,1875341312,432050176,23180608,7980,267,,,375.398,375.398,388.044,0.000,389.816,8
8040,375.336,2.363,145.016,147.379,20999,363.375,535.355,0.000,0.000,1742,410,410,409,1,1,0,0,0,0,0,0,0,0,0,0,0,0,0,913,20999,913,408000,408000,0,0,9221350,408000,9221350,9221350,14.418,,,,,324011976,332251136,420524032,1865699328,441692160,23180608,8010,268,,,363.375,363.375,376.021,0.000,377.793,12
8100,399.289,2.141,145.016,147.168,21045,387.434,540.625,0.000,0.000,1755,413,413,412,1,1,0,0,0,0,0,0,0,0,0,0,0,0,0,915,21045,915,411000,411000,0,0,9290350,411000,9290350,9290350,14.418,,,,,350857896,358723584,437411840,1848819712,458571776,23192128,8100,271,,,387.434,387.434,400.079,0.000,401.852,11
8160,420.906,2.254,145.016,147.277,17043,408.867,578.883,0.000,0.000,1768,416,416,415,1,1,0,0,0,0,0,0,0,0,0,0,0,0,0,741,17043,741,414000,414000,0,0,9359350,414000,9359350,9359350,14.418,,,,,355266032,363909120,487444480,1840893952,508440576,23354944,8130,272,,,408.867,408.867,421.513,0.000,423.285,12
8220,424.930,2.289,145.016,147.305,17549,412.859,578.883,0.000,0.000,1781,419,419,418,1,1,0,0,0,0,0,0,0,0,0,0,0,0,0,763,17549,763,417000,417000,0,0,9428350,417000,9428350,9428350,14.418,,,,,364938456,373698560,470249472,1891729408,491159552,23439680,8220,275,,,412.859,412.859,425.505,0.000,427.277,9
8280,424.488,2.344,145.016,147.375,17917,412.625,583.352,0.000,0.000,1794,422,422,421,1,1,0,0,0,0,0,0,0,0,0,0,0,0,0,779,17917,779,420000,420000,0,0,9497350,420000,9497350,9497350,14.418,,,,,365833424,374247424,464969728,1897009152,485879808,23439680,8280,277,,,412.625,412.625,425.271,0.000,427.043,9
8340,424.352,2.250,145.016,147.270,17204,412.637,583.352,0.000,0.000,1807,425,425,424,1,1,0,0,0,0,0,0,0,0,0,0,0,0,0,748,17204,748,423000,423000,0,0,9566350,423000,9566350,9566350,14.418,,,,,365716392,374157312,464551936,1897426944,485462016,23439680,8310,278,,,412.637,412.637,425.282,0.000,427.055,11
8400,509.781,2.199,145.016,147.219,17135,497.766,583.352,0.000,0.000,1820,428,428,427,1,1,0,0,0,0,0,0,0,0,0,0,0,0,0,745,17135,745,426000,426000,0,0,9635350,426000,9635350,9635350,14.418,,,,,367281272,375521280,562024448,1875709952,582676480,23697216,8400,281,,,497.766,497.766,510.411,0.000,512.184,11
8460,424.180,2.316,145.016,147.340,12995,412.250,583.352,0.000,0.000,1833,431,431,430,1,1,0,0,0,0,0,0,0,0,0,0,0,0,0,565,12995,565,429000,429000,0,0,9704350,429000,9704350,9704350,14.418,,,,,368823720,377847808,479567872,1958166528,500219904,23697216,8430,282,,,412.250,412.250,424.896,0.000,426.668,8
8520,421.965,2.258,145.016,147.277,13432,410.906,583.352,0.000,0.000,1846,434,434,433,1,1,0,0,0,0,0,0,0,0,0,0,0,0,0,584,13432,584,432000,432000,0,0,9773350,432000,9773350,9773350,14.418,,,,,369082336,378208256,459898880,1977835520,480550912,23697216,8520,285,,,410.906,410.906,423.552,0.000,425.324,9
8580,451.934,2.184,145.016,147.199,13708,440.004,583.352,0.000,0.000,1859,437,437,436,1,1,0,0,0,0,0,0,0,0,0,0,0,0,0,596,13708,596,435000,435000,0,0,9842350,435000,9842350,9842350,14.418,,,,,384508304,393285632,500752384,1937088512,521297920,23803840,8580,287,,,440.004,440.004,452.649,0.000,454.422,8
8640,466.668,2.309,157.016,159.324,12926,454.746,583.352,0.000,0.000,1872,440,440,439,1,1,0,0,0,0,0,0,0,0,0,0,0,0,0,562,12926,562,438000,438000,0,0,9911350,438000,9911350,9911350,14.418,,,,,385176304,393740288,520581120,1917378560,541007872,23924672,8610,288,,,454.746,454.746,467.392,0.000,469.164,10
8700,478.914,2.109,177.016,179.129,12834,467.125,605.461,0.000,0.000,1885,443,443,442,1,1,0,0,0,0,0,0,0,0,0,0,0,0,0,558,12834,558,441000,441000,0,0,9980350,441000,9980350,9980350,14.418,,,,,411889256,418832384,518688768,1919275008,539111424,23925440,8700,291,,,467.125,467.125,479.771,0.000,481.543,9
8760,507.363,2.277,193.016,195.301,8625,495.250,631.441,0.000,0.000,1898,446,446,445,1,1,0,0,0,0,0,0,0,0,0,0,0,0,0,375,8625,375,444000,444000,0,0,10049350,444000,10049350,10049350,14.418,,,,,419089296,426823680,523497472,1914466304,543920128,23925440,8730,292,,,495.250,495.250,507.896,0.000,509.668,12
8820,594.703,2.414,229.016,231.438,8740,582.340,704.746,0.000,0.000,1911,449,449,448,1,1,0,0,0,0,0,0,0,0,0,0,0,0,0,379,8717,379,447000,447000,0,0,10118350,447000,10118350,10118350,14.418,,,,,446923888,454852608,654757888,1917751296,674852864,24253248,8820,295,,,582.340,582.340,594.985,0.000,596.758,9
8880,518.598,2.242,229.016,231.270,8970,506.332,704.746,0.000,0.000,1924,452,452,451,1,1,0,0,0,0,0,0,0,0,0,0,0,0,0,389,8947,390,450000,450000,0,0,10187350,450000,10187350,10187350,14.418,,,,,447266640,454881280,564322304,2008186880,584417280,24253248,8880,297,,,506.332,506.332,518.978,0.000,520.750,12
8940,526.039,2.301,229.016,231.316,8027,513.605,704.746,0.000,0.000,1937,455,455,454,1,1,0,0,0,0,0,0,0,0,0,0,0,0,0,349,8027,349,453000,453000,0,0,10256350,453000,10256350,10256350,14.418,,,,,447791712,455323648,570728448,2052415488,590520320,24556096,8910,298,,,513.605,513.605,526.251,0.000,528.023,12
9000,512.254,2.211,229.016,231.230,7728,500.105,704.746,0.000,0.000,1950,458,458,457,1,1,0,0,0,0,0,0,0,0,0,0,0,0,0,336,7728,336,456000,456000,0,0,10325350,456000,10325350,10325350,14.418,,,,,453192600,460894208,555245568,2160254976,574955520,24638656,9000,301,,,500.105,500.105,512.751,0.000,514.523,9
9060,515.785,2.410,235.020,237.430,14536,503.988,743.395,0.000,0.000,1963,461,461,460,1,1,0,0,0,0,0,0,0,0,0,0,0,0,0,155,3565,155,458000,458000,0,0,10371350,459000,10394350,10394350,14.418,,,,,456027040,464109568,641503232,2157883392,661213184,24638656,9030,302,,,503.988,503.988,516.634,0.000,518.406,10
9120,529.250,2.395,251.180,253.578,11316,517.238,743.395,0.000,0.000,1976,464,464,463,1,1,0,0,0,0,0,0,0,0,0,0,0,0,0,152,3496,152,461000,461000,0,0,10440350,462000,10463350,10463350,14.418,,,,,456790184,464805888,583057408,2258411520,602628096,24777408,9120,305,,,517.238,517.238,529.884,0.000,531.656,10
9180,502.664,2.418,259.180,261.602,7751,490.785,743.395,0.000,0.000,1989,467,467,466,1,1,0,0,0,0,0,0,0,0,0,0,0,0,0,153,3519,153,464000,464000,0,0,10509350,465000,10532350,10532350,14.418,,,,,461811416,469442560,540692480,2300776448,560263168,24777408,9180,307,,,490.785,490.785,503.431,0.000,505.203,13
9240,547.586,2.445,259.180,261.625,25392,535.852,743.395,0.000,0.000,2002,470,470,468,2,1,0,0,0,0,1,0,0,0,1000,0,0,23000,0,104,2392,1104,467000,467000,0,0,10578350,467000,10578350,10601350,14.418,,,,,457562928,464973824,562012160,2279456768,581582848,24777408,9210,308,,,535.852,535.852,548.497,0.000,550.270,15
9300,517.102,2.230,259.180,261.414,25139,505.059,743.395,0.000,0.000,2015,473,473,471,2,1,0,0,0,0,1,0,0,0,1000,0,0,23000,0,93,2139,1093,470000,470000,0,0,10647350,470000,10647350,10670350,14.418,,,,,457825672,465293312,557928448,2334130176,577241088,25035456,9300,311,,,505.059,505.059,517.704,0.000,519.477,10
9360,527.746,2.379,259.266,261.652,20769,515.746,744.484,0.000,0.000,2028,475,475,474,1,1,0,0,0,0,0,0,0,0,0,0,0,0,0,903,20769,903,473000,473000,0,0,10716350,473000,10716350,10716350,14.418,,,,,461332560,469577728,553517056,2338758656,572612608,25251392,9330,312,,,515.746,515.746,528.392,0.000,530.164,9
9420,525.645,2.348,259.348,261.703,20493,513.664,744.484,0.000,0.000,2041,478,478,477,1,1,0,0,0,0,0,0,0,0,0,0,0,0,0,891,20493,891,476000,476000,0,0,10785350,476000,10785350,10785350,14.418,,,,,460039896,468004864,568541184,2323734528,587636736,25251392,9420,315,,,513.664,513.664,526.310,0.000,528.082,9
9480,527.750,2.250,259.348,261.605,20424,515.621,744.484,0.000,0.000,2054,481,481,480,1,1,0,0,0,0,0,0,0,0,0,0,0,0,0,887,20401,888,479000,479000,0,0,10854350,479000,10854350,10854350,14.418,,,,,460332496,468398080,573095936,2319179776,592191488,25251392,9480,317,,,515.621,515.621,528.267,0.000,530.039,10
9540,520.922,2.316,259.348,261.668,19090,509.223,744.484,0.000,0.000,2067,484,484,483,1,1,0,0,0,0,0,0,0,0,0,0,0,0,0,830,19090,830,482000,482000,0,0,10923350,482000,10923350,10923350,14.418,,,,,460357824,468320256,574885888,2317389824,593981440,25251392,9510,318,,,509.223,509.223,521.868,0.000,523.641,11
9600,519.664,2.102,259.418,261.527,18699,507.707,744.484,0.000,0.000,2080,487,487,486,1,1,0,0,0,0,0,0,0,0,0,0,0,0,0,813,18699,813,485000,485000,0,0,10992350,485000,10992350,10992350,14.418,,,,,464633144,473219072,564961280,2419912704,583733248,25575616,9600,321,,,507.707,507.707,520.342,0.000,522.125,13
9660,579.254,2.270,259.418,261.691,14191,565.781,744.484,0.000,0.000,2093,490,490,489,1,1,0,0,0,0,0,0,0,0,0,0,0,0,0,616,14168,617,488000,488000,0,0,11061350,488000,11061350,11061350,14.418,,,,,467227656,476114944,553947136,2430926848,572719104,25575616,9630,322,,,565.781,565.781,578.415,0.000,580.199,14
9720,528.773,2.363,259.418,261.789,14053,516.797,744.484,0.000,0.000,2106,493,493,492,1,1,0,0,0,0,0,0,0,0,0,0,0,0,0,611,14053,611,491000,491000,0,0,11130350,491000,11130350,11130350,14.418,,,,,463780592,472760320,563171328,2421702656,581943296,25575616,9720,325,,,516.797,516.797,529.442,0.000,531.215,10
9780,507.703,2.367,273.418,275.781,13731,495.578,762.016,0.000,0.000,2119,496,496,495,1,1,0,0,0,0,0,0,0,0,0,0,0,0,0,597,13731,597,494000,494000,0,0,11199350,494000,11199350,11199350,14.418,,,,,462853480,471412736,545374208,2548862976,563834880,25887936,9780,327,,,495.578,495.578,508.212,0.000,509.996,11
9840,544.727,2.371,273.422,275.805,12351,532.848,762.016,0.000,0.000,2132,499,499,498,1,1,0,0,0,0,0,0,0,0,0,0,0,0,0,537,12351,537,497000,497000,0,0,11268350,497000,11268350,11268350,14.418,,,,,463239208,471941120,596619264,2497617920,615079936,25887936,9810,328,,,532.848,532.848,545.486,0.000,547.266,10
9900,547.289,2.184,273.422,275.609,11753,535.262,762.016,0.000,0.000,2145,502,502,501,1,1,0,0,0,0,0,0,0,0,0,0,0,0,0,511,11753,511,500000,500000,0,0,11337350,500000,11337350,11337350,14.418,,,,,469980152,478990336,587563008,2506674176,606023680,25887936,9900,331,,,535.262,535.262,547.907,0.000,549.680,14
9960,534.824,2.238,273.422,275.664,7153,523.066,762.016,0.000,0.000,2158,505,505,504,1,1,0,0,0,0,0,0,0,0,0,0,0,0,0,311,7153,311,503000,503000,0,0,11406350,503000,11406350,11406350,14.418,,,,,468259208,477384704,575397888,2518839296,593858560,25887936,9930,332,,,523.066,523.066,535.696,0.000,537.484,10
10020,515.414,2.348,273.422,275.773,6877,503.789,762.016,0.000,0.000,2171,508,508,507,1,1,0,0,0,0,0,0,0,0,0,0,0,0,0,299,6877,299,506000,506000,0,0,11475350,506000,11475350,11475350,14.418,,,,,464959656,473731072,560214016,2719293440,577953792,26609728,10020,335,,,503.789,503.789,516.428,0.000,518.207,9
10080,547.059,2.355,273.516,275.871,6463,535.152,762.016,0.000,0.000,2184,511,511,510,1,1,0,0,0,0,0,0,0,0,0,0,0,0,0,281,6463,281,509000,509000,0,0,11544350,509000,11544350,11544350,14.418,,,,,468005008,476573696,595087360,2684420096,612827136,26609728,10080,337,,,535.152,535.152,547.798,0.000,549.570,14
10140,530.387,2.438,273.516,275.953,4853,518.668,762.016,0.000,0.000,2197,514,514,513,1,1,0,0,0,0,0,0,0,0,0,0,0,0,0,211,4853,211,512000,512000,0,0,11613350,512000,11613350,11613350,14.418,,,,,465952416,474275840,565387264,2714120192,583127040,26609728,10110,338,,,518.668,518.668,531.299,0.000,533.086,10
10200,549.668,2.250,273.516,275.773,4140,537.809,762.016,0.000,0.000,2210,517,517,516,1,1,0,0,0,0,0,0,0,0,0,0,0,0,0,180,4140,180,515000,515000,0,0,11682350,515000,11682350,11682350,14.418,,,,,469884976,478216192,595927040,2683580416,613666816,26609728,10200,341,,,537.809,537.809,550.438,0.000,552.227,13
10260,524.094,2.352,273.516,275.863,22425,512.664,762.016,0.000,0.000,2223,519,519,518,1,1,0,0,0,0,0,0,0,0,0,0,0,0,0,975,22425,975,517000,517000,0,0,11728350,517000,11728350,11728350,14.418,,,,,468818456,477827072,572157952,2707447808,589799424,26706880,10230,342,,,512.664,512.664,525.299,0.000,527.082,9
10320,542.371,2.387,273.516,275.906,21620,530.934,762.016,0.000,0.000,2236,522,522,521,1,1,0,0,0,0,0,0,0,0,0,0,0,0,0,940,21620,940,520000,520000,0,0,11797350,520000,11797350,11797350,14.418,,,,,468338960,477413376,578928640,2700746752,596500480,26776896,10320,345,,,530.934,530.934,543.567,0.000,545.352,12
10380,521.887,2.297,273.516,275.820,21229,510.160,762.016,0.000,0.000,2249,525,525,524,1,1,0,0,0,0,0,0,0,0,0,0,0,0,0,923,21229,923,523000,523000,0,0,11866350,523000,11866350,11866350,14.418,,,,,468356360,477052928,560328704,2719514624,577732608,26943680,10380,347,,,510.160,510.160,522.806,0.000,524.578,9
10440,544.469,2.496,273.516,276.020,19389,532.898,762.016,0.000,0.000,2262,528,528,527,1,1,0,0,0,0,0,0,0,0,0,0,0,0,0,843,19389,843,526000,526000,0,0,11935350,526000,11935350,11935350,14.418,,,,,468219496,476983296,571260928,2708582400,588664832,26943680,10410,348,,,532.898,532.898,545.532,0.000,547.316,12
10500,550.371,2.195,273.516,275.715,18423,538.867,762.016,0.000,0.000,2275,531,531,530,1,1,0,0,0,0,0,0,0,0,0,0,0,0,0,801,18423,801,529000,529000,0,0,12004350,529000,12004350,12004350,14.418,,,,,469406208,478154752,628899840,2651058176,646189056,27055808,10500,351,,,538.867,538.867,551.513,0.000,553.285,10
10560,538.777,2.453,273.516,275.973,13616,527.023,762.016,0.000,0.000,2288,534,534,533,1,1,0,0,0,0,0,0,0,0,0,0,0,0,0,592,13616,592,532000,532000,0,0,12073350,532000,12073350,12073350,14.418,,,,,470682784,479969280,604741632,2675216384,622030848,27055808,10530,352,,,527.023,527.023,539.658,0.000,541.441,11
10620,543.457,2.352,273.516,275.871,13110,531.684,765.039,0.000,0.000,2301,537,537,536,1,1,0,0,0,0,0,0,0,0,0,0,0,0,0,570,13110,570,535000,535000,0,0,12142350,535000,12142350,12142350,14.418,,,,,470533440,479948800,586108928,2805559296,600739840,29713984,10620,355,,,531.684,531.684,544.322,0.000,546.102,15
10680,537.578,2.379,273.516,275.906,12581,525.727,765.039,0.000,0.000,2314,540,540,539,1,1,0,0,0,0,0,0,0,0,0,0,0,0,0,547,12581,547,538000,538000,0,0,12211350,538000,12211350,12211350,14.418,,,,,470889888,480034816,570351616,2821419008,584880128,29817408,10680,357,,,525.727,525.727,538.360,0.000,540.145,10
10740,535.770,2.391,273.516,275.914,10718,523.934,765.039,0.000,0.000,2327,543,543,542,1,1,0,0,0,0,0,0,0,0,0,0,0,0,0,466,10718,466,541000,541000,0,0,12280350,541000,12280350,12280350,14.418,,,,,470923000,480280576,620634112,2771136512,635162624,29817408,10710,358,,,523.934,523.934,536.579,0.000,538.352,13
10800,547.703,2.125,273.516,275.645,9660,535.969,765.039,0.000,0.000,2340,546,546,545,1,1,0,0,0,0,0,0,0,0,0,0,0,0,0,420,9660,420,544000,544000,0,0,12349350,544000,12349350,12349350,14.418,,,,,471761712,481021952,584417280,2807361536,598937600,29828928,10800,361,,,535.969,535.969,548.603,0.000,550.387,9
10860,537.367,2.398,273.516,275.922,13340,525.320,765.039,0.000,0.000,2353,549,549,548,1,1,0,0,0,0,0,0,0,0,0,0,0,0,0,201,4623,201,546000,546000,0,0,12395350,547000,12418350,12418350,14.418,,,,,474842080,484315136,584998912,2806779904,599519232,29828928,10830,362,,,525.320,525.320,537.966,0.000,539.738,11
10920,639.574,2.414,273.516,275.930,11454,628.016,765.039,0.000,0.000,2366,552,552,551,1,1,0,0,0,0,0,0,0,0,0,0,0,0,0,171,3933,171,549000,549000,0,0,12464350,550000,12487350,12487350,14.418,,,,,478125256,487571456,689717248,2702274560,704024576,30044992,10920,365,,,628.016,628.016,640.649,0.000,642.434,13
10980,541.574,2.438,273.516,275.961,24702,529.930,765.039,0.000,0.000,2379,555,555,554,1,1,0,0,0,0,0,0,0,0,0,0,0,0,0,139,3197,139,552000,552000,0,0,12533350,553000,12556350,12556350,14.418,,,,,479464064,488534016,580292608,2811699200,594599936,30044992,10980,367,,,529.930,529.930,542.560,0.000,544.348,10
11040,539.734,2.367,277.516,279.887,24127,528.000,774.086,0.000,0.000,2392,558,558,556,2,1,0,0,0,0,1,0,0,0,1000,0,0,23000,0,49,1127,1049,555000,555000,0,0,12602350,555000,12602350,12625350,14.418,,,,,473552392,482906112,579289088,2871943168,593076224,30561472,11010,368,,,528.000,528.000,540.634,0.000,542.418,10
11100,544.559,2.398,277.516,279.918,23046,532.766,774.086,0.000,0.000,2405,561,560,559,2,1,1,1,1,0,0,1,0,0,0,1000,0,23000,0,2,46,1002,558000,558000,0,0,12671350,558000,12671350,12694350,14.418,,,,,479219720,488361984,576679936,2874552320,590467072,30561472,11100,371,,,532.766,532.766,545.411,0.000,547.184,12
11160,558.992,2.309,277.516,279.828,17940,546.961,785.734,0.000,0.000,2418,563,563,562,1,1,0,0,0,0,0,0,0,0,0,0,0,0,0,780,17940,780,561000,561000,0,0,12740350,561000,12740350,12740350,14.418,,,,,477992864,487931904,723853312,2727546880,737472512,30728000,11130,372,,,546.961,546.961,559.595,0.000,561.379,11
11220,546.543,2.414,277.516,279.938,16951,534.680,785.734,0.000,0.000,2431,566,566,565,1,1,0,0,0,0,0,0,0,0,0,0,0,0,0,737,16951,737,564000,564000,0,0,12809350,564000,12809350,12809350,14.418,,,,,482399008,492056576,585420800,2866024448,598994944,30772416,11220,375,,,534.680,534.680,547.313,0.000,549.098,13
11280,544.637,2.398,277.516,279.918,16307,532.777,785.734,0.000,0.000,2444,569,569,568,1,1,0,0,0,0,0,0,0,0,0,0,0,0,0,709,16307,709,567000,567000,0,0,12878350,567000,12878350,12878350,14.418,,,,,476586080,485683200,575299584,2876305408,588713984,30934720,11280,377,,,532.777,532.777,545.411,0.000,547.195,9
11340,616.207,2.395,277.516,279.914,14375,604.398,785.734,0.000,0.000,2457,572,572,571,1,1,0,0,0,0,0,0,0,0,0,0,0,0,0,625,14375,625,570000,570000,0,0,12947350,570000,12947350,12947350,14.418,,,,,479948992,489025536,578260992,2873344000,591675392,30934720,11310,378,,,604.398,604.398,617.032,0.000,618.816,12
11400,558.281,2.234,277.516,279.758,13133,548.406,785.734,0.000,0.000,2470,575,575,574,1,1,0,0,0,0,0,0,0,0,0,0,0,0,0,571,13133,571,573000,573000,0,0,13016350,573000,13016350,13016350,14.418,,,,,477036920,485904384,585916416,2865688576,599330816,30934720,11400,381,,,548.406,548.406,561.034,0.000,562.824,11
11460,554.652,2.496,277.516,280.016,7958,543.523,845.070,0.000,0.000,2483,578,578,577,1,1,0,0,0,0,0,0,0,0,0,0,0,0,0,345,7935,346,576000,576000,0,0,13085350,576000,13085350,13085350,14.418,,,,,478132072,487952384,606117888,2845515776,619503616,30962880,11430,382,,,543.523,543.523,556.169,0.000,557.941,15
11520,564.074,2.461,277.516,279.973,6854,552.281,845.070,0.000,0.000,2496,581,581,580,1,1,0,0,0,0,0,0,0,0,0,0,0,0,0,298,6854,298,579000,579000,0,0,13154350,579000,13154350,13154350,14.418,,,,,478529376,487886848,609927168,2841706496,623312896,30962880,11520,385,,,552.281,552.281,564.915,0.000,566.699,13
11580,556.574,2.453,277.516,279.977,6003,544.605,845.070,0.000,0.000,2509,584,584,583,1,1,0,0,0,0,0,0,0,0,0,0,0,0,0,260,5980,261,582000,582000,0,0,13223350,582000,13223350,13223350,14.418,,,,,478931240,488419328,592785408,2858856448,606162944,30974400,11580,387,,,544.605,544.605,557.244,0.000,559.023,15
11640,562.410,2.477,277.516,279.992,13616,550.941,845.070,0.000,0.000,2522,587,587,586,1,1,0,0,0,0,0,0,0,0,0,0,0,0,0,159,3657,159,584000,584000,0,0,13269350,585000,13292350,13292350,14.418,,,,,478943368,488222720,595599360,2856042496,608976896,30974400,11610,388,,,550.941,550.941,563.576,0.000,565.359,15
11700,561.375,2.305,277.516,279.824,25231,549.613,845.070,0.000,0.000,2535,590,590,589,1,1,0,0,0,0,0,0,1,0,0,0,1000,23000,0,97,2231,1097,587000,587000,0,0,13338350,587000,13338350,13361350,14.418,,,,,482677128,491970560,593940480,2857934848,607084544,31208896,11700,391,,,549.613,549.613,562.252,0.000,564.031,13
11760,663.273,2.367,277.516,279.891,19872,651.852,845.070,0.000,0.000,2548,592,592,591,1,1,0,0,0,0,0,0,0,0,0,0,0,0,0,864,19872,864,590000,590000,0,0,13407350,590000,13407350,13407350,14.418,,,,,481664384,491311104,590888960,2860986368,604033024,31208896,11730,392,,,651.852,651.852,664.483,0.000,666.270,16
11820,543.520,2.395,277.516,279.914,18630,532.145,845.070,0.000,0.000,2561,595,595,594,1,1,0,0,0,0,0,0,0,0,0,0,0,0,0,810,18630,810,593000,593000,0,0,13476350,593000,13476350,13476350,14.418,,,,,485293896,494862336,579534848,2872340480,592678912,31208896,11820,395,,,532.145,532.145,544.772,0.000,546.562,10
11880,563.492,2.324,277.516,279.844,17411,553.562,845.070,0.000,0.000,2574,598,598,597,1,1,0,0,0,0,0,0,0,0,0,0,0,0,0,757,17411,757,596000,596000,0,0,13545350,596000,13545350,13545350,14.418,,,,,486473472,495792128,598163456,2855903232,613310464,31330704,11880,397,,,553.562,553.562,566.196,0.000,567.980,10
11940,545.492,2.305,277.516,279.828,15088,533.777,845.070,0.000,0.000,2587,601,601,600,1,1,0,0,0,0,0,0,0,0,0,0,0,0,0,656,15088,656,599000,599000,0,0,13614350,599000,13614350,13614350,14.418,,,,,485062208,494587904,607580160,2897260544,622284800,31773584,11910,398,,,533.777,533.777,546.395,0.000,548.195,10
12000,557.953,2.227,277.516,279.746,13685,546.641,845.070,0.000,0.000,2600,604,604,603,1,1,0,0,0,0,0,0,0,0,0,0,0,0,0,595,13685,595,602000,602000,0,0,13683350,602000,13683350,13683350,14.418,,,,,485586512,494837760,597323776,2907516928,612028416,31773584,12000,401,,,546.641,546.641,559.275,0.000,561.059,9
12060,574.844,2.375,277.516,279.891,8165,563.238,845.070,0.000,0.000,2613,607,607,606,1,1,0,0,0,0,0,0,0,0,0,0,0,0,0,355,8165,355,605000,605000,0,0,13752350,605000,13752350,13752350,14.418,,,,,487178016,496930816,589688832,2915168256,604377088,31789840,12030,402,,,563.238,563.238,575.863,0.000,577.656,10
12120,587.973,2.406,277.516,279.930,6670,576.457,845.070,0.000,0.000,2626,610,610,609,1,1,0,0,0,0,0,0,0,0,0,0,0,0,0,290,6670,290,608000,608000,0,0,13821350,608000,13821350,13821350,14.418,,,,,485610240,495235072,628723712,2934861824,643403776,31795600,12120,405,,,576.457,576.457,589.086,0.000,590.875,12
12180,581.781,2.449,277.516,279.969,5336,570.270,845.070,0.000,0.000,2639,613,613,612,1,1,0,0,0,0,0,0,0,0,0,0,0,0,0,232,5336,232,611000,611000,0,0,13890350,611000,13890350,13890350,14.418,,,,,488159376,497700864,661561344,2902040576,676225024,31811984,12180,407,,,570.270,570.270,582.894,0.000,584.688,11
12240,576.785,2.344,277.516,279.863,25967,560.594,845.070,0.000,0.000,2652,616,616,614,2,1,0,0,0,0,1,0,0,0,1000,0,0,23000,0,129,2967,1129,613000,613000,0,0,13936350,613000,13936350,13959350,14.418,,,,,488476120,498184192,604938240,2958663680,619601920,31811984,12210,408,,,560.594,560.594,573.215,0.000,575.012,16
12300,567.906,2.285,277.516,279.809,24265,556.789,845.070,0.000,0.000,2665,619,618,617,2,1,1,1,1,0,0,1,0,0,0,1000,0,23000,0,55,1265,1055,616000,616000,0,0,14005350,616000,14005350,14028350,14.418,,,,,491285768,501055488,610762752,3011559424,625426432,31811984,12300,411,,,556.789,556.789,569.428,0.000,571.207,13
12360,574.438,2.473,277.516,279.996,18561,562.938,845.070,0.000,0.000,2677,621,621,620,1,1,0,0,0,0,0,0,0,0,0,0,0,0,0,807,18561,807,619000,619000,0,0,14074350,619000,14074350,14074350,14.418,,,,,490002616,500236288,598118400,3119628288,612777984,31817232,12330,412,,,562.938,562.938,575.562,0.000,577.355,10
12420,562.402,2.254,277.516,279.781,17319,550.672,845.070,0.000,0.000,2691,624,624,623,1,1,0,0,0,0,0,0,0,0,0,0,0,0,0,753,17319,753,622000,622000,0,0,14143350,622000,14143350,14143350,14.418,,,,,487775848,497782784,596246528,3324252160,609480704,33238800,12420,415,,,550.672,550.672,563.311,0.000,565.090,14
12480,573.719,2.258,277.516,279.781,15801,561.996,845.070,0.000,0.000,2704,627,627,626,1,1,0,0,0,0,0,0,0,0,0,0,0,0,0,687,15801,687,625000,625000,0,0,14212350,625000,14212350,14212350,14.418,,,,,489077424,499011584,610103296,3310395392,623337472,33238800,12480,417,,,561.996,561.996,574.635,0.000,576.414,14
12540,568.770,2.328,277.516,279.844,13248,557.324,845.070,0.000,0.000,2716,630,630,629,1,1,0,0,0,0,0,0,0,0,0,0,0,0,0,576,13248,576,628000,628000,0,0,14281350,628000,14281350,14281350,14.418,,,,,490990144,500862976,592175104,3328323584,605409280,33238800,12510,418,,,557.324,557.324,569.957,0.000,571.742,10
12600,614.945,2.465,277.516,279.988,11730,603.832,845.070,0.000,0.000,2730,633,633,632,1,1,0,0,0,0,0,0,0,0,0,0,0,0,0,510,11730,510,631000,631000,0,0,14350350,631000,14350350,14350350,14.418,,,,,493550736,503779328,655708160,3449761792,668520448,33658640,12600,421,,,603.832,603.832,616.456,0.000,618.250,14
12660,584.531,2.352,277.516,279.871,7015,572.836,845.070,0.000,0.000,2743,636,636,635,1,1,0,0,0,0,0,0,0,0,0,0,0,0,0,305,7015,305,634000,634000,0,0,14419350,634000,14419350,14419350,14.418,,,,,493349544,503824384,619708416,3485761536,632520704,33658640,12660,423,,,572.836,572.836,585.460,0.000,587.254,11
12720,578.586,2.375,277.516,279.891,15663,567.020,845.070,0.000,0.000,2755,639,639,638,1,1,0,0,0,0,0,0,0,0,0,0,0,0,0,187,4301,187,636000,636000,0,0,14465350,637000,14488350,14488350,14.418,,,,,493367304,503926784,608915456,3496660992,625815552,33763744,12690,424,,,567.020,567.020,579.644,0.000,581.438,11
12780,582.805,2.414,277.516,279.930,25875,571.266,845.070,0.000,0.000,2769,642,642,640,2,1,0,0,0,0,1,0,0,0,1000,0,0,23000,0,125,2875,1125,639000,639000,0,0,14534350,639000,14534350,14557350,14.418,,,,,495464376,505200640,623226880,3482349568,640126976,33763744,12780,427,,,571.266,571.266,583.899,0.000,585.684,14
12840,569.453,2.336,277.516,279.859,23023,557.820,845.070,0.000,0.000,2781,645,644,643,2,1,1,1,1,0,0,1,0,0,0,1000,0,23000,0,1,23,1001,642000,642000,0,0,14603350,642000,14603350,14626350,14.418,,,,,491342312,500654080,655933440,3449823232,672653312,33944736,12810,428,,,557.820,557.820,570.445,0.000,572.238,10
12900,558.012,2.414,277.516,279.930,21436,546.141,845.070,0.000,0.000,2794,647,647,646,1,1,0,0,0,0,0,0,0,0,0,0,0,0,0,932,21436,932,645000,645000,0,0,14672350,645000,14672350,14672350,14.418,,,,,492156144,501604352,589045760,3516870656,609800192,34106160,12900,431,,,546.141,546.141,558.769,0.000,560.559,11
12960,568.867,2.363,277.516,279.883,16215,557.426,845.070,0.000,0.000,2808,650,650,649,1,1,0,0,0,0,0,0,0,0,0,0,0,0,0,705,16215,705,648000,648000,0,0,14741350,648000,14741350,14741350,14.418,,,,,498534232,508633088,608473088,3497721856,628948992,34386864,12960,433,,,557.426,557.426,570.050,0.000,571.844,11
13020,610.848,2.457,277.516,279.973,13708,601.160,845.070,0.000,0.000,2820,653,653,652,1,1,0,0,0,0,0,0,0,0,0,0,0,0,0,596,13708,596,651000,651000,0,0,14810350,651000,14810350,14810350,14.418,,,,,496543608,506454016,623251456,3482943488,643727360,34386864,12990,434,,,601.160,601.160,613.781,0.000,615.578,14
13080,575.789,2.336,277.516,279.840,12052,564.043,845.070,0.000,0.000,2833,656,656,655,1,1,0,0,0,0,0,0,0,0,0,0,0,0,0,524,12052,524,654000,654000,0,0,14879350,654000,14879350,14879350,14.418,,,,,504253808,513667072,608706560,3497488384,629182464,34386864,13080,437,,,564.043,564.043,576.672,0.000,578.461,11
13140,589.352,2.441,277.516,279.965,10166,577.750,845.070,0.000,0.000,2847,659,659,658,1,1,0,0,0,0,0,0,0,0,0,0,0,0,0,442,10166,442,657000,657000,0,0,14948350,657000,14948350,14948350,14.418,,,,,506162632,515637248,614309888,3492339712,638525440,34841152,13140,439,,,577.750,577.750,590.389,0.000,592.168,12
13200,602.723,2.398,281.516,283.914,7429,591.234,911.418,0.000,0.000,2859,662,662,661,1,1,0,0,0,0,0,0,0,0,0,0,0,0,0,323,7429,323,660000,660000,0,0,15017350,660000,15017350,15017350,14.418,,,,,515599680,525131776,639733760,3551105024,663646208,35144512,13170,440,,,591.234,591.234,603.863,0.000,605.652,13
13260,584.637,2.504,281.516,284.023,25254,573.465,911.418,0.000,0.000,2872,665,665,663,2,1,0,0,0,0,1,0,0,0,1000,0,0,23000,0,98,2254,1098,662000,662000,0,0,15063350,662000,15063350,15086350,14.418,,,,,522781984,532811776,637890560,3552948224,661803008,35144512,13260,443,,,573.465,573.465,586.090,0.000,587.883,10
13320,587.746,2.492,281.516,284.004,22494,576.371,911.418,0.000,0.000,2885,667,667,666,1,1,0,0,0,0,0,0,0,0,0,0,0,0,0,978,22494,978,665000,665000,0,0,15132350,665000,15132350,15132350,14.418,,,,,521270808,531505152,618450944,3572387840,642363392,35144512,13290,444,,,576.371,576.371,589.001,0.000,590.789,10
13380,598.441,2.418,281.516,283.934,20585,587.332,911.418,0.000,0.000,2898,670,670,669,1,1,0,0,0,0,0,0,0,0,0,0,0,0,0,895,20585,895,668000,668000,0,0,15201350,668000,15201350,15201350,14.418,,,,,526459288,536342528,645287936,3674054656,674914304,37822688,13380,447,,,587.332,587.332,599.974,0.000,601.750,11
13440,688.672,2.445,281.516,283.965,18722,679.449,911.418,0.000,0.000,2911,673,673,672,1,1,0,0,0,0,0,0,0,0,0,0,0,0,0,814,18722,814,671000,671000,0,0,15270350,671000,15270350,15270350,14.418,,,,,525823848,535560192,778641408,3541032960,812130304,38153328,13440,449,,,679.449,679.449,692.091,0.000,693.867,13
13500,585.633,2.406,281.516,283.922,15709,574.383,911.418,0.000,0.000,2924,676,676,675,1,1,0,0,0,0,0,0,0,0,0,0,0,0,0,683,15709,683,674000,674000,0,0,15339350,674000,15339350,15339350,14.418,,,,,523857128,533430272,671715328,3647959040,705204224,38153328,13470,450,,,574.383,574.383,587.014,0.000,588.801,13
13560,604.770,2.398,281.516,283.922,10488,593.191,911.418,0.000,0.000,2937,679,679,678,1,1,0,0,0,0,0,0,0,0,0,0,0,0,0,456,10488,456,677000,677000,0,0,15408350,677000,15408350,15408350,14.418,,,,,529248328,539516928,657616896,3662368768,690794496,38462064,13560,453,,,593.191,593.191,605.833,0.000,607.609,11
13620,586.348,2.441,281.516,283.957,7429,574.977,911.418,0.000,0.000,2950,682,682,681,1,1,0,0,0,0,0,0,0,0,0,0,0,0,0,323,7429,323,680000,680000,0,0,15477350,680000,15477350,15477350,14.418,,,,,529232904,539561984,644149248,3675836416,677326848,38462064,13590,454,,,574.977,574.977,587.618,0.000,589.395,10
13680,586.805,2.520,281.516,284.039,5474,575.582,911.418,0.000,0.000,2963,685,685,684,1,1,0,0,0,0,0,0,0,0,0,0,0,0,0,238,5474,238,683000,683000,0,0,15546350,683000,15546350,15546350,14.418,,,,,527417680,537825280,634597376,3686035456,671322112,39108096,13680,457,,,575.582,575.582,588.216,0.000,590.000,11
13740,591.555,2.383,281.516,283.898,15479,580.172,911.418,0.000,0.000,2976,688,688,687,1,1,0,0,0,0,0,0,0,0,0,0,0,0,0,157,3611,157,685000,685000,0,0,15592350,686000,15615350,15615350,14.418,,,,,526806600,536907776,641097728,3679535104,677822464,39108096,13740,459,,,580.172,580.172,592.811,0.000,594.590,11
13800,593.703,2.289,281.516,283.809,23598,582.234,911.418,0.000,0.000,2989,691,691,689,2,1,0,0,0,0,1,0,0,0,1000,0,0,23000,0,26,598,1026,688000,688000,0,0,15661350,688000,15661350,15684350,14.418,,,,,530414160,540459008,648097792,3672535040,684822528,39108096,13770,460,,,582.234,582.234,594.855,0.000,596.652,14
13860,640.652,2.348,281.516,283.863,18193,630.820,911.418,0.000,0.000,3002,693,693,692,1,1,0,0,0,0,0,0,0,0,0,0,0,0,0,791,18193,791,691000,691000,0,0,15730350,691000,15730350,15730350,14.418,,,,,528592016,539205632,693301248,3686051840,730025984,39108096,13860,463,,,630.820,630.820,643.463,0.000,645.238,12
13921,620.973,2.461,281.516,283.988,16330,611.391,911.418,0.000,0.000,3015,696,696,695,1,1,0,0,0,0,0,0,0,0,0,0,0,0,0,710,16330,710,694000,694000,0,0,15799350,694000,15799350,15799350,14.418,,,,,528737176,539152384,665870336,3713482752,702595072,39108096,13920,465,,,611.391,611.391,624.032,0.000,625.809,11
13980,596.250,2.375,281.516,283.891,13294,586.887,911.418,0.000,0.000,3028,699,699,698,1,1,0,0,0,0,0,0,0,0,0,0,0,0,0,578,13294,578,697000,697000,0,0,15868350,697000,15868350,15868350,14.418,,,,,537843496,548319232,669171712,3710181376,705896448,39108096,13950,466,,,586.887,586.887,599.528,0.000,601.305,12
14040,621.859,2.426,281.516,283.945,11270,606.410,911.418,0.000,0.000,3041,702,702,701,1,1,0,0,0,0,0,0,0,0,0,0,0,0,0,490,11270,490,700000,700000,0,0,15937350,700000,15937350,15937350,14.418,,,,,540007432,549928960,665677824,3713953792,706318336,39386256,14040,469,,,606.410,606.410,619.052,0.000,620.828,12
14100,619.441,2.543,289.516,292.070,8257,608.008,918.852,0.000,0.000,3054,705,705,704,1,1,0,0,0,0,0,0,0,0,0,0,0,0,0,358,8234,359,703000,703000,0,0,16006350,703000,16006350,16006350,14.418,,,,,538799456,548884480,789655552,3657170944,830210048,39472400,14070,470,,,608.008,608.008,620.649,0.000,622.426,13
14160,636.273,2.402,289.516,291.922,23920,624.742,918.852,0.000,0.000,3067,708,708,707,1,1,0,0,0,0,0,0,0,0,0,0,0,0,0,119,2737,119,705000,705000,0,0,16052350,706000,16075350,16075350,14.418,,,,,544581808,554876928,693825536,3753000960,734380032,39472400,14160,473,,,624.742,624.742,637.384,0.000,639.160,15
14220,673.852,2.375,289.516,291.895,23621,662.191,918.852,0.000,0.000,3080,711,710,709,2,1,1,1,1,0,0,1,0,0,0,1000,0,23000,0,27,621,1027,708000,708000,0,0,16121350,708000,16121350,16144350,14.418,,,,,555750728,566067200,717684736,3729379328,758001664,39707920,14220,475,,,662.191,662.191,674.825,0.000,676.609,17
14280,703.547,2.512,289.516,292.023,20240,691.871,918.852,0.000,0.000,3093,713,713,712,1,1,0,0,0,0,0,0,0,0,0,0,0,0,0,880,20240,880,711000,711000,0,0,16190350,711000,16190350,16190350,14.418,,,,,558052032,567844864,681406464,3765657600,721723392,39707920,14250,476,,,691.871,691.871,704.513,0.000,706.289,17
14340,667.309,2.410,289.516,291.930,17871,656.148,918.852,0.000,0.000,3106,716,716,715,1,1,0,0,0,0,0,0,0,0,0,0,0,0,0,777,17871,777,714000,714000,0,0,16259350,714000,16259350,16259350,14.418,,,,,570119552,579641344,737538048,3709763584,777617408,39946512,14340,479,,,656.148,656.148,668.790,0.000,670.566,19
14400,675.070,2.477,289.516,292.000,14421,663.523,957.391,0.000,0.000,3119,719,719,718,1,1,0,0,0,0,0,0,0,0,0,0,0,0,0,627,14421,627,717000,717000,0,0,16328350,717000,16328350,16328350,14.418,,,,,568318256,577826816,721502208,3851911168,765493248,40230560,14370,480,,,663.523,663.523,676.154,0.000,677.941,13
14460,659.578,2.434,289.516,291.957,8832,647.973,957.391,0.000,0.000,3132,722,722,721,1,1,0,0,0,0,0,0,0,0,0,0,0,0,0,384,8832,384,720000,720000,0,0,16397350,720000,16397350,16397350,14.418,,,,,564561776,574521344,708984832,3864428544,752975872,40230560,14460,483,,,647.973,647.973,660.614,0.000,662.391,14
14520,679.059,2.473,289.516,291.984,6555,667.539,957.391,0.000,0.000,3145,725,725,724,1,1,0,0,0,0,0,0,0,0,0,0,0,0,0,285,6555,285,723000,723000,0,0,16466350,723000,16466350,16466350,14.418,,,,,569746736,580136960,742932480,3830480896,786923520,40230560,14520,485,,,667.539,667.539,680.181,0.000,681.957,12
14580,672.328,2.500,289.516,292.020,22609,660.773,957.391,0.000,0.000,3158,728,728,727,1,1,0,0,0,0,0,0,0,0,0,0,0,0,0,140,3220,140,725000,725000,0,0,16512350,726000,16535350,16535350,14.418,,,,,565215328,575410176,710320128,3863093248,754311168,40230560,14550,486,,,660.773,660.773,673.416,0.000,675.191,14
14640,668.988,2.480,289.516,292.000,23920,657.504,967.660,0.000,0.000,3171,731,730,729,2,1,1,1,1,0,0,1,0,0,0,1000,0,23000,0,40,920,1040,728000,728000,0,0,16581350,728000,16581350,16604350,14.418,,,,,570774168,580886528,719986688,3987955712,767860736,40539312,14640,489,,,657.504,657.504,670.146,0.000,671.922,19
14700,758.770,2.430,289.516,291.949,20677,747.125,979.504,0.000,0.000,3184,733,733,732,1,1,0,0,0,0,0,0,0,0,0,0,0,0,0,899,20677,899,731000,731000,0,0,16650350,731000,16650350,16650350,14.418,,,,,570598480,580546560,732254208,3975688192,780128256,40539312,14670,490,,,747.125,747.125,759.767,0.000,761.543,21
14760,665.797,2.523,289.516,292.047,14996,656.336,979.504,0.000,0.000,3197,736,736,735,1,1,0,0,0,0,0,0,0,0,0,0,0,0,0,652,14996,652,734000,734000,0,0,16719350,734000,16719350,16719350,14.418,,,,,577738944,588046336,739229696,4027723776,791007232,41066688,14760,493,,,656.336,656.336,668.978,0.000,670.754,16
14820,698.754,2.453,289.516,291.973,12696,687.258,979.504,0.000,0.000,3210,739,739,738,1,1,0,0,0,0,0,0,0,0,0,0,0,0,0,552,12696,552,737000,737000,0,0,16788350,737000,16788350,16788350,14.418,,,,,573052696,583069696,721321984,4112977920,772861952,41066688,14820,495,,,687.258,687.258,699.893,0.000,701.676,12
14880,655.570,2.383,289.516,291.902,9407,643.914,979.504,0.000,0.000,3223,742,742,741,1,1,0,0,0,0,0,0,0,0,0,0,0,0,0,409,9407,409,740000,740000,0,0,16857350,740000,16857350,16857350,14.418,,,,,575564688,585396224,756350976,4077948928,807890944,41066688,14850,496,,,643.914,643.914,656.556,0.000,658.332,13
14940,706.750,2.453,289.516,291.980,7038,695.285,979.504,0.000,0.000,3236,745,745,744,1,1,0,0,0,0,0,0,0,0,0,0,0,0,0,306,7038,306,743000,743000,0,0,16926350,743000,16926350,16926350,14.418,,,,,576779224,586723328,772669440,4061630464,824209408,41066688,14940,499,,,695.285,695.285,707.927,0.000,709.703,17
15000,686.336,2.324,289.516,291.844,13271,674.973,979.504,0.000,0.000,3249,748,748,747,1,1,0,0,0,0,0,0,0,0,0,0,0,0,0,186,4278,186,745000,745000,0,0,16972350,746000,16995350,16995350,14.418,,,,,575298016,584769536,731963392,4102389760,783450112,41119552,15000,501,,,674.973,674.973,687.614,0.000,689.391,13
15060,666.309,2.410,289.516,291.934,20769,654.695,988.617,0.000,0.000,3262,750,750,749,1,1,0,0,0,0,0,0,0,0,0,0,0,0,0,903,20769,903,748000,748000,0,0,17041350,748000,17041350,17041350,14.418,,,,,576554688,586604544,725131264,4109221888,776617984,41119552,15030,502,,,654.695,654.695,667.338,0.000,669.113,14
15120,679.367,2.477,289.516,291.996,18262,668.012,988.617,0.000,0.000,3275,753,753,752,1,1,0,0,0,0,0,0,0,0,0,0,0,0,0,794,18262,794,751000,751000,0,0,17110350,751000,17110350,17110350,14.418,,,,,579253200,589492224,775884800,4058673152,827166720,41327552,15120,505,,,668.012,668.012,680.653,0.000,682.430,12
15180,696.586,2.492,289.516,292.012,14605,680.961,988.617,0.000,0.000,3288,756,756,755,1,1,0,0,0,0,0,0,0,0,0,0,0,0,0,635,14605,635,754000,754000,0,0,17179350,754000,17179350,17179350,14.418,,,,,582094344,591958016,747368448,4087189504,798650368,41327552,15150,506,,,680.961,680.961,693.604,0.000,695.379,13
15240,686.055,2.453,289.516,291.977,11868,674.500,988.617,0.000,0.000,3301,759,759,758,1,1,0,0,0,0,0,0,0,0,0,0,0,0,0,516,11868,516,757000,757000,0,0,17248350,757000,17248350,17248350,14.418,,,,,581756344,591368192,736718848,4157145088,791609344,41914576,15240,509,,,674.500,674.500,687.142,0.000,688.918,12
15300,706.309,2.215,289.516,291.734,9085,695.148,998.309,0.000,0.000,3314,762,762,761,1,1,0,0,0,0,0,0,0,0,0,0,0,0,0,395,9085,395,760000,760000,0,0,17317350,760000,17317350,17317350,14.418,,,,,580205320,589471744,765415424,4128657408,820097024,42123344,15300,511,,,695.148,695.148,707.790,0.000,709.566,17
15360,707.688,2.457,289.516,291.980,25231,696.871,998.309,0.000,0.000,3327,765,765,763,2,1,0,0,0,0,1,0,0,0,1000,0,0,23000,0,97,2231,1097,762000,762000,0,0,17363350,762000,17363350,17386350,14.418,,,,,589284552,599887872,844951552,4049162240,899592192,42164176,15330,512,,,696.871,696.871,709.505,0.000,711.289,12
15420,680.449,2.395,289.516,291.914,22563,669.219,998.309,0.000,0.000,3340,767,767,766,1,1,0,0,0,0,0,0,0,0,0,0,0,0,0,981,22563,981,765000,765000,0,0,17432350,765000,17432350,17432350,14.418,,,,,583264936,593862656,721309696,4240084992,775778304,42335568,15420,515,,,669.219,669.219,681.864,0.000,683.637,14
15480,678.168,2.305,289.516,291.828,19757,666.570,1018.082,0.000,0.000,3353,770,770,769,1,1,0,0,0,0,0,0,0,0,0,0,0,0,0,859,19757,859,768000,768000,0,0,17501350,768000,17501350,17501350,14.418,,,,,581827600,592269312,742600704,4303151104,796598272,42807248,15480,517,,,666.570,666.570,679.216,0.000,680.988,13
15540,796.281,2.547,289.516,292.066,15962,784.520,1018.082,0.000,0.000,3366,773,773,772,1,1,0,0,0,0,0,0,0,0,0,0,0,0,0,694,15962,694,771000,771000,0,0,17570350,771000,17570350,17570350,14.418,,,,,591014712,601497600,748228608,4297523200,802226176,42807248,15510,518,,,784.520,784.520,797.165,0.000,798.938,21
15600,684.246,2.340,289.516,291.859,12880,672.324,1018.082,0.000,0.000,3379,776,776,775,1,1,0,0,0,0,0,0,0,0,0,0,0,0,0,560,12880,560,774000,774000,0,0,17639350,774000,17639350,17639350,14.418,,,,,584736856,594960384,738177024,4374962176,791896064,43084112,15600,521,,,672.324,672.324,684.970,0.000,686.742,15
15660,726.652,2.582,289.516,292.102,6969,714.750,1037.461,0.000,0.000,3392,779,779,778,1,1,0,0,0,0,0,0,0,0,0,0,0,0,0,267,6141,267,776000,776000,0,0,17685350,777000,17708350,17708350,14.418,,,,,587021360,597385216,741863424,4371275776,795582464,43084112,15630,522,,,714.750,714.750,727.389,0.000,729.168,13
15720,686.641,2.547,289.516,292.066,24288,675.082,1037.461,0.000,0.000,3405,782,782,781,1,1,0,0,0,0,0,0,0,0,0,0,0,0,0,148,3404,148,779000,779000,0,0,17754350,780000,17777350,17777350,14.418,,,,,587655168,598048768,734654464,4378484736,788373504,43084112,15720,525,,,675.082,675.082,687.728,0.000,689.500,12
15780,694.984,2.512,306.516,309.031,23736,683.543,1037.461,0.000,0.000,3418,785,785,783,2,1,0,0,0,0,1,0,0,0,1000,0,0,23000,0,32,736,1032,782000,782000,0,0,17823350,782000,17823350,17846350,14.418,,,,,581688936,589320192,742002688,4371378176,795480064,43323600,15780,527,,,683.543,683.543,696.178,0.000,697.961,12
15840,718.590,2.402,322.516,324.926,19895,707.031,1037.461,0.000,0.000,3431,787,787,786,1,1,0,0,0,0,0,0,0,0,0,0,0,0,0,864,19872,865,785000,785000,0,0,17892350,785000,17892350,17892350,14.418,,,,,579529520,587231232,736215040,4377165824,789692416,43323600,15810,528,,,707.031,707.031,719.665,0.000,721.449,12
15900,712.633,2.410,320.516,322.930,16882,701.180,1037.461,0.000,0.000,3444,790,790,789,1,1,0,0,0,0,0,0,0,0,0,0,0,0,0,734,16882,734,788000,788000,0,0,17961350,788000,17961350,17961350,14.418,,,,,582228736,589996032,765685760,4347756544,819101696,43383632,15900,531,,,701.180,701.180,713.814,0.000,715.598,19
15960,793.266,2.445,336.516,338.965,9729,781.172,1037.461,0.000,0.000,3457,793,793,792,1,1,0,0,0,0,0,0,0,0,0,0,0,0,0,423,9729,423,791000,791000,0,0,18030350,791000,18030350,18030350,14.418,,,,,584690536,593182720,735322112,4378120192,788738048,43383632,15930,532,,,781.172,781.172,793.811,0.000,795.590,14
16020,726.891,2.453,336.516,338.977,6946,714.875,1037.461,0.000,0.000,3470,796,796,795,1,1,0,0,0,0,0,0,0,0,0,0,0,0,0,302,6946,302,794000,794000,0,0,18099350,794000,18099350,18099350,14.418,,,,,590611424,598962176,788873216,4324962304,841895936,43777744,16020,535,,,714.875,714.875,727.521,0.000,729.293,12
16080,714.699,2.430,336.715,339.145,14881,702.379,1037.461,0.000,0.000,3483,799,799,798,1,1,0,0,0,0,0,0,0,0,0,0,0,0,0,179,4117,179,796000,796000,0,0,18145350,797000,18168350,18168350,14.418,,,,,583302528,591368192,762404864,4351430656,815427584,43777744,16080,537,,,702.379,702.379,715.013,0.000,716.797,17
16140,709.887,2.340,336.715,339.062,23138,697.652,1037.461,0.000,0.000,3496,802,801,800,2,1,1,1,1,0,0,1,0,0,0,1000,0,23000,0,6,138,1006,799000,799000,0,0,18214350,799000,18214350,18237350,14.418,,,,,586886384,594792448,731873280,4381962240,784896000,43777744,16110,538,,,697.652,697.652,710.286,0.000,712.070,13
16200,709.176,2.426,342.715,345.145,20079,697.074,1037.461,0.000,0.000,3509,804,804,803,1,1,0,0,0,0,0,0,0,0,0,0,0,0,0,873,20079,873,802000,802000,0,0,18283350,802000,18283350,18283350,14.418,,,,,583760512,591757312,777883648,4335951872,830906368,43777744,16200,541,,,697.074,697.074,709.720,0.000,711.492,12
16260,696.980,2.426,356.715,359.148,13662,685.359,1037.461,0.000,0.000,3522,807,807,806,1,1,0,0,0,0,0,0,0,0,0,0,0,0,0,594,13662,594,805000,805000,0,0,18352350,805000,18352350,18352350,14.418,,,,,587438808,596238336,747372544,4366647296,800210944,43963216,16260,543,,,685.359,685.359,697.993,0.000,699.777,16
16320,722.699,2.410,356.715,359.133,9660,710.973,1037.461,0.000,0.000,3535,810,810,809,1,1,0,0,0,0,0,0,0,0,0,0,0,0,0,420,9660,420,808000,808000,0,0,18421350,808000,18421350,18421350,14.418,,,,,589377624,598085632,724209664,4389810176,777048064,43963216,16290,544,,,710.973,710.973,723.606,0.000,725.391,13
16380,854.070,2.434,356.715,359.156,6739,842.301,1037.461,0.000,0.000,3548,813,813,812,1,1,0,0,0,0,0,0,0,0,0,0,0,0,0,293,6739,293,811000,811000,0,0,18490350,811000,18490350,18490350,14.418,,,,,617021544,625250304,925368320,4339757056,978096128,44074064,16380,547,,,842.301,842.301,854.935,0.000,856.719,18
16440,751.004,2.438,356.715,359.117,25645,739.223,1037.461,0.000,0.000,3561,816,816,814,2,1,0,0,0,0,1,0,0,0,1000,0,0,23000,0,115,2645,1115,813000,813000,0,0,18536350,813000,18536350,18559350,14.418,,,,,608736232,616894464,770707456,4494417920,823435264,44074064,16410,548,,,739.223,739.223,751.855,0.000,753.641,16
16500,727.422,2.434,358.715,361.152,22908,715.801,1037.461,0.000,0.000,3574,818,818,817,1,1,0,0,0,0,0,0,0,0,0,0,0,0,0,996,22908,996,816000,816000,0,0,18605350,816000,18605350,18605350,14.418,,,,,638118936,646123520,789950464,4544860160,850587648,46645984,16500,551,,,715.801,715.801,728.435,0.000,730.219,16
16560,754.168,2.371,360.715,363.090,16583,742.113,1076.312,0.000,0.000,3587,821,821,820,1,1,0,0,0,0,0,0,0,0,0,0,0,0,0,721,16583,721,819000,819000,0,0,18674350,819000,18674350,18674350,14.418,,,,,659240016,668405760,820441088,4598452224,880881664,46843104,16560,553,,,742.113,742.113,754.747,0.000,756.531,13
16620,759.344,2.453,368.715,371.172,12351,747.840,1076.312,0.000,0.000,3600,824,824,823,1,1,0,0,0,0,0,0,0,0,0,0,0,0,0,537,12351,537,822000,822000,0,0,18743350,822000,18743350,18743350,14.418,,,,,655030608,664031232,873689088,4545249280,934084608,46886496,16590,554,,,747.840,747.840,760.475,0.000,762.258,15
16680,805.418,2.352,368.875,371.230,9177,793.824,1076.312,0.000,0.000,3613,827,827,826,1,1,0,0,0,0,0,0,0,0,0,0,0,0,0,399,9177,399,825000,825000,0,0,18812350,825000,18812350,18812350,14.418,,,,,696697656,705335296,896110592,4522827776,956506112,46886496,16680,557,,,793.824,793.824,806.457,0.000,808.242,15
16740,802.301,2.527,368.875,371.410,6118,790.488,1076.312,0.000,0.000,3626,830,830,829,1,1,0,0,0,0,0,0,0,0,0,0,0,0,0,266,6118,266,827000,827000,0,0,18858350,828000,18881350,18881350,14.418,,,,,698365352,707043328,913989632,4505051136,974282752,46988256,16740,559,,,790.488,790.488,803.122,0.000,804.906,13
16800,862.215,2.387,368.875,371.262,24863,850.355,1111.062,0.000,0.000,3639,833,833,831,2,1,0,0,0,0,1,0,0,0,1000,0,0,23000,0,81,1863,1081,830000,830000,0,0,18927350,830000,18927350,18950350,14.418,,,,,717690032,726265856,907010048,4512030720,967303168,46988256,16770,560,,,850.355,850.355,862.989,0.000,864.773,23
16860,808.445,2.414,368.875,371.293,18354,796.828,1111.062,0.000,0.000,3652,835,835,834,1,1,0,0,0,0,0,0,0,0,0,0,0,0,0,798,18354,798,833000,833000,0,0,18996350,833000,18996350,18996350,14.418,,,,,730371560,739651584,903131136,4516155392,963178496,47236320,16860,563,,,796.828,796.828,809.462,0.000,811.246,14
16920,789.949,2.363,368.875,371.246,14352,778.305,1111.062,0.000,0.000,3665,838,838,837,1,1,0,0,0,0,0,0,0,0,0,0,0,0,0,624,14352,624,836000,836000,0,0,19065350,836000,19065350,19065350,14.418,,,,,718290168,727732224,874352640,4629209088,934010880,47624928,16890,564,,,778.305,778.305,790.938,0.000,792.723,14
16980,796.414,2.465,368.875,371.344,11178,785.070,1111.062,0.000,0.000,3678,841,841,840,1,1,0,0,0,0,0,0,0,0,0,0,0,0,0,486,11178,486,839000,839000,0,0,19134350,839000,19134350,19134350,14.418,,,,,720697952,730116096,889384960,4614275072,948944896,47722464,16980,567,,,785.070,785.070,797.709,0.000,799.488,13
17040,792.168,2.602,369.062,371.668,8188,780.996,1111.062,0.000,0.000,3691,844,844,843,1,1,0,0,0,0,0,0,0,0,0,0,0,0,0,356,8188,356,842000,842000,0,0,19203350,842000,19203350,19203350,14.418,,,,,719141584,728150016,899182592,4604477440,958742528,47722464,17040,569,,,780.996,780.996,793.630,0.000,795.414,17
17100,790.289,2.480,369.062,371.555,21643,778.586,1131.281,0.000,0.000,3704,847,847,846,1,1,0,0,0,0,0,0,0,0,0,0,0,0,0,169,3887,169,844000,844000,0,0,19249350,845000,19272350,19272350,14.418,,,,,719116192,728190976,892104704,4611555328,951664640,47722464,17070,570,,,778.586,778.586,791.220,0.000,793.004,17
17160,805.023,2.410,369.062,371.477,20401,793.184,1131.281,0.000,0.000,3717,849,849,848,1,1,0,0,0,0,0,0,0,0,0,0,0,0,0,887,20401,887,847000,847000,0,0,19318350,847000,19318350,19318350,14.418,,,,,727851152,737320960,891039744,4680122368,950206464,48116576,17160,573,,,793.184,793.184,805.808,0.000,807.602,14
17220,826.539,2.402,369.062,371.473,17204,815.367,1131.281,0.000,0.000,3730,852,852,851,1,1,0,0,0,0,0,0,0,0,0,0,0,0,0,748,17204,748,850000,850000,0,0,19387350,850000,19387350,19387350,14.418,,,,,723893880,733442048,962326528,4608835584,1021493248,48116576,17220,575,,,815.367,815.367,828.013,0.000,829.785,16
17280,793.148,2.480,369.062,371.562,12926,781.793,1131.281,0.000,0.000,3743,855,855,854,1,1,0,0,0,0,0,0,0,0,0,0,0,0,0,562,12926,562,853000,853000,0,0,19456350,853000,19456350,19456350,14.418,,,,,721179608,730415104,896393216,4674768896,955559936,48116576,17250,576,,,781.793,781.793,794.427,0.000,796.211,14
17340,796.355,2.438,369.062,371.504,9752,784.766,1150.379,0.000,0.000,3756,858,858,857,1,1,0,0,0,0,0,0,0,0,0,0,0,0,0,424,9752,424,856000,856000,0,0,19525350,856000,19525350,19525350,14.418,,,,,721786472,731074560,891322368,4763983872,950231040,48377056,17340,579,,,784.766,784.766,797.404,0.000,799.184,16
17400,818.207,2.570,369.062,371.641,6601,806.676,1150.379,0.000,0.000,3769,861,861,860,1,1,0,0,0,0,0,0,0,0,0,0,0,0,0,231,5313,231,858000,858000,0,0,19571350,859000,19594350,19594350,14.418,,,,,724352096,733544448,895782912,4759523328,954691584,48377056,17370,580,,,806.676,806.676,819.310,0.000,821.094,16
17460,807.996,2.395,369.188,371.578,21321,796.141,1155.219,0.000,0.000,3782,863,863,862,1,1,0,0,0,0,0,0,0,0,0,0,0,0,0,927,21321,927,861000,861000,0,0,19640350,861000,19640350,19640350,14.418,,,,,724733048,734420992,906375168,4748959744,965255168,48402784,17460,583,,,796.141,796.141,808.774,0.000,810.559,14
17520,816.680,2.371,369.188,371.559,17963,800.875,1155.219,0.000,0.000,3795,866,866,865,1,1,0,0,0,0,0,0,0,0,0,0,0,0,0,781,17963,781,864000,864000,0,0,19709350,864000,19709350,19709350,14.418,,,,,729086016,738955264,915976192,4739440640,974774272,48484064,17520,585,,,800.875,800.875,813.509,0.000,815.293,19
17580,801.215,2.402,369.188,371.590,13455,789.785,1155.219,0.000,0.000,3808,869,869,868,1,1,0,0,0,0,0,0,0,0,0,0,0,0,0,585,13455,585,867000,867000,0,0,19778350,867000,19778350,19778350,14.418,,,,,726255960,736034816,894500864,4760915968,953298944,48484064,17550,586,,,789.785,789.785,802.419,0.000,804.203,14
17640,874.152,2.520,369.188,371.711,10005,862.398,1155.219,0.000,0.000,3821,872,872,871,1,1,0,0,0,0,0,0,0,0,0,0,0,0,0,435,10005,435,870000,870000,0,0,19847350,870000,19847350,19847350,14.418,,,,,756298656,766566400,976146432,4679327744,1034887168,48540384,17640,589,,,862.398,862.398,875.044,0.000,876.816,14
17700,849.773,2.391,369.188,371.582,6003,838.070,1155.219,0.000,0.000,3834,875,875,874,1,1,0,0,0,0,0,0,0,0,0,0,0,0,0,261,6003,261,873000,873000,0,0,19916350,873000,19916350,19916350,14.418,,,,,755206800,765177856,968245248,4687228928,1026985984,48540384,17700,591,,,838.070,838.070,850.716,0.000,852.488,14
17760,880.496,2.441,369.188,371.641,21689,868.805,1164.844,0.000,0.000,3847,877,877,876,1,1,0,0,0,0,0,0,0,0,0,0,0,0,0,943,21689,943,875000,875000,0,0,19962350,875000,19962350,19962350,14.418,,,,,767913448,778162176,964927488,4690546688,1023668224,48540384,17730,592,,,868.805,868.805,881.450,0.000,883.223,18
17820,870.523,2.363,369.188,371.551,18354,858.965,1174.234,0.000,0.000,3860,880,880,879,1,1,0,0,0,0,0,0,0,0,0,0,0,0,0,798,18354,798,878000,878000,0,0,20031350,878000,20031350,20031350,14.418,,,,,785457552,795414528,973221888,4766138368,1031962624,48540384,17820,595,,,858.965,858.965,871.610,0.000,873.383,15
17880,906.570,2.438,369.188,371.633,14881,894.746,1241.340,0.000,0.000,3873,883,883,882,1,1,0,0,0,0,0,0,0,0,0,0,0,0,0,647,14881,647,881000,881000,0,0,20100350,881000,20100350,20100350,14.418,,,,,819183440,828948480,996544512,4743081984,1055019008,48807264,17880,597,,,894.746,894.746,907.392,0.000,909.164,18
17940,896.922,2.508,369.191,371.703,10120,889.324,1241.340,0.000,0.000,3886,886,886,885,1,1,0,0,0,0,0,0,0,0,0,0,0,0,0,440,10120,440,884000,884000,0,0,20169350,884000,20169350,20169350,14.418,,,,,819271184,829100032,1056600064,4683026432,1115074560,48807264,17910,598,,,889.324,889.324,901.957,0.000,903.742,14
18000,968.566,2.520,433.203,435.727,6348,957.031,1310.578,0.000,0.000,3899,889,889,888,1,1,0,0,0,0,0,0,0,0,0,0,0,0,0,276,6348,276,887000,887000,0,0,20238350,887000,20238350,20238350,14.418,,,,,860887912,870998016,1064509440,4759126016,1122861056,48931552,18000,601,,,957.031,957.031,969.677,0.000,971.449,21
18060,1144.484,2.523,461.203,463.730,21666,1132.754,1345.762,0.000,0.000,3912,891,891,890,1,1,0,0,0,0,0,0,0,0,0,0,0,0,0,942,21666,942,889000,889000,0,0,20284350,889000,20284350,20284350,14.418,,,,,859023088,869404672,1052585984,4771049472,1110937600,48931552,18030,602,,,1132.754,1132.754,1145.399,0.000,1147.172,21
18120,968.727,2.434,447.203,449.633,18262,956.988,1345.762,0.000,0.000,3925,894,894,893,1,1,0,0,0,0,0,0,0,0,0,0,0,0,0,794,18262,794,892000,892000,0,0,20353350,892000,20353350,20353350,14.418,,,,,882476240,890855424,1059991552,4948602880,1117933568,49340640,18120,605,,,956.988,956.988,969.634,0.000,971.406,20
18180,963.621,2.473,459.297,461.777,14559,952.254,1345.762,0.000,0.000,3938,897,897,896,1,1,0,0,0,0,0,0,0,0,0,0,0,0,0,633,14559,633,895000,895000,0,0,20422350,895000,20422350,20422350,14.418,,,,,885117128,893284352,1057472512,5035143168,1115279360,49479392,18180,607,,,952.254,952.254,964.899,0.000,966.672,16
18240,983.582,2.309,471.297,473.609,10166,971.988,1345.762,0.000,0.000,3951,900,900,899,1,1,0,0,0,0,0,0,0,0,0,0,0,0,0,442,10166,442,898000,898000,0,0,20491350,898000,20491350,20491350,14.418,,,,,879315032,887279616,1095892992,5097496576,1153589248,49590112,18210,608,,,971.988,971.988,984.634,0.000,986.406,15
18300,1007.941,2.590,471.508,474.109,6532,994.629,1347.953,0.000,0.000,3964,903,903,902,1,1,0,0,0,0,0,0,0,0,0,0,0,0,0,284,6532,284,901000,901000,0,0,20560350,901000,20560350,20560350,14.418,,,,,884412880,892588032,1112219648,5081280512,1169805312,49703264,18300,611,,,994.629,994.629,1007.274,0.000,1009.047,16
18360,969.891,2.418,471.508,473.934,22586,958.250,1347.953,0.000,0.000,3977,905,905,904,1,1,0,0,0,0,0,0,0,0,0,0,0,0,0,981,22563,981,903000,903000,0,0,20606350,903000,20606350,20606350,14.418,,,,,882025304,890589184,1059295232,5218160640,1116811264,49772896,18360,613,,,958.250,958.250,970.896,0.000,972.668,21
18420,973.945,2.379,471.508,473.895,17871,962.133,1347.953,0.000,0.000,3990,908,908,907,1,1,0,0,0,0,0,0,0,0,0,0,0,0,0,777,17871,777,906000,906000,0,0,20675350,906000,20675350,20675350,14.418,,,,,881668648,890101760,1092493312,5184962560,1150009344,49772896,18390,614,,,962.133,962.133,974.767,0.000,976.551,22
18480,1122.480,2.547,471.508,474.059,14329,1110.492,1355.891,0.000,0.000,4003,911,911,910,1,1,0,0,0,0,0,0,0,0,0,0,0,0,0,623,14329,623,909000,909000,0,0,20744350,909000,20744350,20744350,14.418,,,,,891011680,899198976,1249386496,5128744960,1306890240,49785568,18480,617,,,1110.492,1110.492,1123.138,0.000,1124.910,27
18540,981.352,2.512,471.508,474.023,9591,969.348,1355.891,0.000,0.000,4016,914,914,913,1,1,0,0,0,0,0,0,0,0,0,0,0,0,0,417,9591,417,912000,912000,0,0,20813350,912000,20813350,20813350,14.418,,,,,883041928,891211776,1072463872,5305667584,1129967616,49785568,18510,618,,,969.348,969.348,981.993,0.000,983.766,17
18600,972.707,2.586,471.508,474.098,7521,960.855,1355.891,0.000,0.000,4029,917,917,916,1,1,0,0,0,0,0,0,0,0,0,0,0,0,0,261,6003,261,914000,914000,0,0,20859350,915000,20882350,20882350,14.418,,,,,906180600,914804736,1058779136,5319352320,1116282880,49785568,18600,621,,,960.855,960.855,973.501,0.000,975.273,19
18660,1006.258,2.477,471.508,473.988,22126,994.590,1355.891,0.000,0.000,4042,919,919,918,1,1,0,0,0,0,0,0,0,0,0,0,0,0,0,962,22126,962,917000,917000,0,0,20928350,917000,20928350,20928350,14.418,,,,,898198552,907186176,1103044608,5275086848,1160548352,49785568,18660,623,,,994.590,994.590,1007.235,0.000,1009.008,18
18720,964.820,2.449,471.508,473.965,17043,953.344,1355.891,0.000,0.000,4055,922,922,921,1,1,0,0,0,0,0,0,0,0,0,0,0,0,0,741,17043,741,920000,920000,0,0,20997350,920000,20997350,20997350,14.418,,,,,906839592,915845120,1188040704,5190160384,1245474816,49852768,18690,624,,,953.344,953.344,965.989,0.000,967.762,23
18780,984.652,2.484,507.508,509.996,13317,973.246,1391.281,0.000,0.000,4068,925,925,924,1,1,0,0,0,0,0,0,0,0,0,0,0,0,0,579,13317,579,923000,923000,0,0,21066350,923000,21066350,21066350,14.418,,,,,903355528,911765504,1079013376,5402447872,1133850624,52447968,18780,627,,,973.246,973.246,985.892,0.000,987.664,17
18840,965.312,2.453,507.508,509.965,9476,953.594,1391.281,0.000,0.000,4081,928,928,927,1,1,0,0,0,0,0,0,0,0,0,0,0,0,0,412,9476,412,926000,926000,0,0,21135350,926000,21135350,21135350,14.418,,,,,899428048,907792384,1061838848,5419823104,1116475392,52647008,18840,629,,,953.594,953.594,966.239,0.000,968.012,18
18900,1196.293,2.465,507.508,509.977,20263,1184.719,1391.281,0.000,0.000,4094,931,931,930,1,1,0,0,0,0,0,0,0,0,0,0,0,0,0,183,4209,183,928000,928000,0,0,21181350,929000,21204350,21204350,14.418,,,,,904338792,912670720,1072787456,5408874496,1127424000,52647008,18870,630,,,1184.719,1184.719,1197.364,0.000,1199.137,19
18960,1002.723,2.551,507.508,510.066,19941,991.055,1391.281,0.000,0.000,4107,933,933,932,1,1,0,0,0,0,0,0,0,0,0,0,0,0,0,867,19941,867,931000,931000,0,0,21250350,931000,21250350,21250350,14.418,,,,,905056448,914481152,1102716928,5378969600,1157328896,52670560,18960,633,,,991.055,991.055,1003.700,0.000,1005.473,17
19020,1012.352,2.336,507.508,509.859,15065,1000.387,1391.891,0.000,0.000,4119,936,936,935,1,1,0,0,0,0,0,0,0,0,0,0,0,0,0,655,15065,655,934000,934000,0,0,21319350,934000,21319350,21319350,14.418,,,,,903711048,913211392,1084145664,5498486784,1138475008,52953184,18990,634,,,1000.387,1000.387,1013.032,0.000,1014.805,17
19080,973.852,2.387,507.742,510.133,11224,962.113,1391.891,0.000,0.000,4133,939,939,938,1,1,0,0,0,0,0,0,0,0,0,0,0,0,0,488,11224,488,937000,937000,0,0,21388350,937000,21388350,21388350,14.418,,,,,906576728,915750912,1076981760,5589864448,1130983424,53279456,19050,636,,,962.113,962.113,974.759,0.000,976.531,17
19140,981.879,2.574,507.742,510.320,7245,970.004,1415.027,0.000,0.000,4146,942,942,941,1,1,0,0,0,0,0,0,0,0,0,0,0,0,0,315,7245,315,940000,940000,0,0,21457350,940000,21457350,21457350,14.418,,,,,903113968,912478208,1080918016,5586120704,1134727168,53471712,19140,639,,,970.004,970.004,982.649,0.000,984.422,19
19200,990.551,2.301,507.742,510.047,25300,978.965,1415.027,0.000,0.000,4158,945,945,943,2,1,0,0,0,0,1,0,0,0,1000,0,0,23000,0,100,2300,1100,942000,942000,0,0,21503350,942000,21503350,21526350,14.418,,,,,905460848,914653184,1089634304,5577404416,1143443456,53471712,19170,640,,,978.965,978.965,991.610,0.000,993.383,24
19260,1046.332,2.332,511.742,514.082,18170,1035.086,1437.172,0.000,0.000,4172,947,947,946,1,1,0,0,0,0,0,0,0,0,0,0,0,0,0,790,18170,790,945000,945000,0,0,21572350,945000,21572350,21572350,14.418,,,,,904267800,913657856,1150595072,5516529664,1204318208,53557728,19260,643,,,1035.086,1035.086,1047.731,0.000,1049.504,20
19320,997.609,2.367,519.742,522.117,14007,986.066,1437.172,0.000,0.000,4185,950,950,949,1,1,0,0,0,0,0,0,0,0,0,0,0,0,0,609,14007,609,948000,948000,0,0,21641350,948000,21641350,21641350,14.418,,,,,913543552,923025408,1186873344,5581217792,1240293376,53860064,19320,645,,,986.066,986.066,998.712,0.000,1000.484,16
19380,987.508,2.520,519.742,522.266,8809,975.895,1437.172,0.000,0.000,4197,953,953,952,1,1,0,0,0,0,0,0,0,0,0,0,0,0,0,383,8809,383,951000,951000,0,0,21710350,951000,21710350,21710350,14.418,,,,,909817648,919154688,1096196096,5671895040,1149616128,53860064,19350,646,,,975.895,975.895,988.540,0.000,990.312,22
19440,1010.895,2.520,519.742,522.262,20355,999.531,1437.172,0.000,0.000,4211,956,956,955,1,1,0,0,0,0,0,0,0,0,0,0,0,0,0,203,4669,203,953000,953000,0,0,21756350,954000,21779350,21779350,14.418,,,,,915990096,925188096,1104662528,5764313088,1157861376,54081632,19440,649,,,999.531,999.531,1012.177,0.000,1013.949,24
19500,1008.434,2.324,519.742,522.070,22425,996.836,1437.172,0.000,0.000,4223,958,958,957,1,1,0,0,0,0,0,0,0,0,0,0,0,0,0,975,22425,975,956000,956000,0,0,21825350,956000,21825350,21825350,14.418,,,,,913957776,923213824,1088921600,5780320256,1141854208,54347872,19470,650,,,996.836,996.836,1009.481,0.000,1011.254,17
19560,982.957,2.504,519.742,522.246,14973,971.043,1437.172,0.000,0.000,4236,961,961,960,1,1,0,0,0,0,0,0,0,0,0,0,0,0,0,650,14950,650,959000,959000,0,0,21894350,959000,21894350,21894350,14.418,,,,,915474632,924823552,1237909504,5631332352,1290842112,54347872,19530,652,,,971.043,971.043,983.688,0.000,985.461,19
19620,1010.762,2.516,519.742,522.262,10994,998.707,1437.172,0.000,0.000,4250,964,964,963,1,1,0,0,0,0,0,0,0,0,0,0,0,0,0,478,10994,478,962000,962000,0,0,21963350,962000,21963350,21963350,14.418,,,,,911401600,920989696,1106653184,5762588672,1159585792,54347872,19620,655,,,998.707,998.707,1011.353,0.000,1013.125,16
19680,1021.680,2.539,519.742,522.281,11845,1010.016,1437.172,0.000,0.000,4262,967,967,966,1,1,0,0,0,0,0,0,0,0,0,0,0,0,0,250,5750,250,964000,964000,0,0,22009350,965000,22032350,22032350,14.418,,,,,907932128,917168128,1072926720,5796315136,1125859328,54347872,19650,656,,,1010.016,1010.016,1022.661,0.000,1024.434,20
19740,1144.422,2.566,520.066,522.637,24587,1132.430,1437.172,0.000,0.000,4275,970,970,968,2,1,0,0,0,0,1,0,0,0,1000,0,0,23000,0,69,1587,1069,967000,967000,0,0,22078350,967000,22078350,22101350,14.418,,,,,914852136,924135424,1253605376,5615980544,1306193920,54691680,19740,659,,,1132.430,1132.430,1145.075,0.000,1146.848,19
19800,1012.844,2.320,520.066,522.391,20194,1004.852,1437.172,0.000,0.000,4288,972,972,971,1,1,0,0,0,0,0,0,0,0,0,0,0,0,0,878,20194,878,970000,970000,0,0,22147350,970000,22147350,22147350,14.418,,,,,914804064,923774976,1121812480,5747773440,1174401024,54691680,19800,661,,,1004.852,1004.852,1017.497,0.000,1019.270,15
19860,992.203,2.383,520.066,522.457,11845,984.551,1468.809,0.000,0.000,4301,975,975,974,1,1,0,0,0,0,0,0,0,0,0,0,0,0,0,515,11845,515,973000,973000,0,0,22216350,973000,22216350,22216350,14.418,,,,,910032248,919470080,1110884352,5758701568,1163472896,54691680,19830,662,,,984.551,984.551,997.196,0.000,998.969,21
19920,1022.844,2.422,520.066,522.484,7567,1011.109,1468.809,0.000,0.000,4314,978,978,977,1,1,0,0,0,0,0,0,0,0,0,0,0,0,0,329,7567,329,976000,976000,0,0,22285350,976000,22285350,22285350,14.418,,,,,914692656,924164096,1112465408,5757120512,1165053952,54691680,19920,665,,,1011.109,1011.109,1023.755,0.000,1025.527,17
19980,1012.285,2.453,520.066,522.523,26266,1000.441,1468.809,0.000,0.000,4327,981,981,979,2,1,0,0,0,0,1,0,0,0,1000,0,0,23000,0,142,3266,1142,978000,978000,0,0,22331350,978000,22331350,22354350,14.418,,,,,912928648,922456064,1098903552,5871792128,1151045632,55139296,19980,667,,,1000.441,1000.441,1013.087,0.000,1014.859,17
20040,980.004,2.395,520.066,522.465,20769,968.145,1468.809,0.000,0.000,4340,983,983,982,1,1,0,0,0,0,0,0,0,0,0,0,0,0,0,902,20746,902,981000,981000,0,0,22400350,981000,22400350,22400350,14.418,,,,,919239168,928907264,1104150528,5862342656,1160495104,55139296,20010,668,,,968.145,968.145,980.790,0.000,982.562,18
20100,1003.434,2.496,520.066,522.566,16307,991.332,1468.809,0.000,0.000,4353,986,986,985,1,1,0,0,0,0,0,0,0,0,0,0,0,0,0,709,16307,709,984000,984000,0,0,22469350,984000,22469350,22469350,14.418,,,,,916527296,926285824,1095385088,5976600576,1146900480,55767520,20100,671,,,991.332,991.332,1003.978,0.000,1005.750,15
20160,1133.449,2.555,520.066,522.625,8855,1121.414,1468.809,0.000,0.000,4366,989,989,988,1,1,0,0,0,0,0,0,0,0,0,0,0,0,0,384,8832,384,987000,987000,0,0,22538350,987000,22538350,22538350,14.418,,,,,917859784,928047104,1227042816,5945884672,1278279680,56046048,20160,673,,,1121.414,1121.414,1134.060,0.000,1135.832,21
20220,1003.828,2.516,520.066,522.582,24633,992.297,1468.809,0.000,0.000,4379,992,992,991,1,1,0,0,0,0,0,0,0,0,0,0,0,0,0,149,3427,149,989000,989000,0,0,22584350,990000,22607350,22607350,14.418,,,,,912696568,922603520,1088954368,6083973120,1140191232,56046048,20190,674,,,992.297,992.297,1004.942,0.000,1006.715,22
20280,991.922,2.492,520.066,522.555,22218,979.910,1468.809,0.000,0.000,4392,994,994,993,1,1,0,0,0,0,0,0,0,0,0,0,0,0,0,966,22218,966,992000,992000,0,0,22653350,992000,22653350,22653350,14.418,,,,,913457008,923070464,1081487360,6091440128,1132724224,56046048,20280,677,,,979.910,979.910,992.556,0.000,994.328,24
20340,1022.340,2.398,520.219,522.625,17089,1010.348,1468.809,0.000,0.000,4405,997,997,996,1,1,0,0,0,0,0,0,0,0,0,0,0,0,0,742,17066,742,995000,995000,0,0,22722350,995000,22722350,22722350,14.418,,,,,917663480,927444992,1081917440,6091010048,1133154304,56046048,20310,678,,,1010.348,1010.348,1022.993,0.000,1024.766,21
20400,998.129,2.371,520.219,522.594,12604,985.992,1468.809,0.000,0.000,4418,1000,1000,999,1,1,0,0,0,0,0,0,0,0,0,0,0,0,0,548,12604,548,998000,998000,0,0,22791350,998000,22791350,22791350,14.418,,,,,918192120,928071680,1088634880,6084489216,1139675136,56245088,20400,681,,,985.992,985.992,998.638,0.000,1000.410,18
20460,1009.453,2.559,520.219,522.781,22517,997.586,1468.809,0.000,0.000,4431,1003,1003,1002,1,1,0,0,0,0,0,0,0,0,0,0,0,0,0,217,4991,217,1000000,1000000,0,0,22837350,1001000,22860350,22860350,14.418,,,,,919967512,930918400,1089757184,6083366912,1140797440,56245088,20460,683,,,997.586,997.586,1010.231,0.000,1012.004,23
20520,1017.281,2.461,520.219,522.684,22540,1005.492,1486.176,0.000,0.000,4444,1005,1005,1004,1,1,0,0,0,0,0,0,0,0,0,0,0,0,0,980,22540,980,1003000,1003000,0,0,22906350,1003000,22906350,22906350,14.418,,,,,921665728,932216832,1107812352,6065311744,1158852608,56245088,20490,684,,,1005.492,1005.492,1018.138,0.000,1019.910,17
20580,1146.199,2.457,520.219,522.680,18124,1134.719,1486.176,0.000,0.000,4457,1008,1008,1007,1,1,0,0,0,0,0,0,0,0,0,0,0,0,0,788,18124,788,1006000,1006000,0,0,22975350,1006000,22975350,22975350,14.418,,,,,915822312,926035968,1252184064,6030069760,1311551488,56338912,20580,687,,,1134.719,1134.719,1147.364,0.000,1149.137,18
20640,1034.766,2.523,520.219,522.742,13915,1023.172,1486.176,0.000,0.000,4470,1011,1011,1010,1,1,0,0,0,0,0,0,0,0,0,0,0,0,0,605,13915,605,1009000,1009000,0,0,23044350,1009000,23044350,23044350,14.418,,,,,920399936,930099200,1118703616,6171955200,1169649664,56338912,20640,689,,,1023.172,1023.172,1035.817,0.000,1037.590,17
20700,1015.191,2.559,520.219,522.777,8602,1003.500,1486.176,0.000,0.000,4483,1014,1014,1013,1,1,0,0,0,0,0,0,0,0,0,0,0,0,0,374,8602,374,1012000,1012000,0,0,23113350,1012000,23113350,23113350,14.418,,,,,921678944,931569664,1114488832,6176251904,1165352960,56420832,20670,690,,,1003.500,1003.500,1016.146,0.000,1017.918,19
20760,992.781,2.453,520.219,522.668,23851,981.316,1486.176,0.000,0.000,4496,1017,1016,1015,2,1,1,1,1,0,0,1,0,0,0,1000,0,23000,0,37,851,1037,1014000,1014000,0,0,23159350,1014000,23159350,23182350,14.418,,,,,917585896,927571968,1084207104,6206533632,1135071232,56420832,20760,693,,,981.316,981.316,993.962,0.000,995.734,16
20820,1017.613,2.453,520.219,522.676,18170,1005.828,1486.176,0.000,0.000,4509,1019,1019,1018,1,1,0,0,0,0,0,0,0,0,0,0,0,0,0,790,18170,790,1017000,1017000,0,0,23228350,1017000,23228350,23228350,14.418,,,,,917529576,927793152,1224314880,6066741248,1274863616,56735584,20790,694,,,1005.828,1005.828,1018.474,0.000,1020.246,16
20880,1012.914,2.461,520.219,522.684,13547,1001.387,1486.176,0.000,0.000,4522,1022,1022,1021,1,1,0,0,0,0,0,0,0,0,0,0,0,0,0,589,13547,589,1020000,1020000,0,0,23297350,1020000,23297350,23297350,14.418,,,,,918708224,928563200,1098928128,6192451584,1149153280,57058144,20880,697,,,1001.387,1001.387,1014.032,0.000,1015.805,19
20940,1033.859,2.516,520.219,522.734,8740,1022.148,1486.176,0.000,0.000,4535,1025,1025,1024,1,1,0,0,0,0,0,0,0,0,0,0,0,0,0,380,8740,380,1023000,1023000,0,0,23366350,1023000,23366350,23366350,14.418,,,,,926923728,936837120,1140592640,6150815744,1190789120,57086560,20940,699,,,1022.148,1022.148,1034.782,0.000,1036.566,18
21000,1133.875,2.539,520.219,522.766,25967,1122.199,1486.176,0.000,0.000,4548,1028,1028,1026,2,1,0,0,0,0,1,0,0,0,1000,0,0,23000,0,129,2967,1129,1025000,1025000,0,0,23412350,1025000,23412350,23435350,14.418,,,,,927247288,936914944,1102811136,6188597248,1153007616,57086560,20970,700,,,1122.199,1122.199,1134.834,0.000,1136.617,18
21060,1041.371,2.543,520.219,522.766,18078,1029.547,1486.176,0.000,0.000,4561,1030,1030,1029,1,1,0,0,0,0,0,0,0,0,0,0,0,0,0,786,18078,786,1028000,1028000,0,0,23481350,1028000,23481350,23481350,14.418,,,,,925379952,935858176,1136422912,6154985472,1186619392,57086560,21060,703,,,1029.547,1029.547,1042.192,0.000,1043.965,16
21120,1005.375,2.434,520.523,522.961,13524,993.781,1486.176,0.000,0.000,4574,1033,1033,1032,1,1,0,0,0,0,0,0,0,0,0,0,0,0,0,588,13524,588,1031000,1031000,0,0,23550350,1031000,23550350,23550350,14.418,,,,,920514016,930738176,1095385088,6196023296,1145581568,57086560,21120,705,,,993.781,993.781,1006.415,0.000,1008.199,16
21180,1014.918,2.414,520.523,522.941,7958,1003.223,1504.254,0.000,0.000,4587,1036,1036,1035,1,1,0,0,0,0,0,0,0,0,0,0,0,0,0,346,7958,346,1034000,1034000,0,0,23619350,1034000,23619350,23619350,14.418,,,,,925519792,935436288,1130598400,6161059840,1180545024,57333728,21150,706,,,1003.223,1003.223,1015.857,0.000,1017.641,20
21240,1030.836,2.457,520.523,522.984,26289,1019.082,1504.254,0.000,0.000,4600,1039,1039,1037,2,1,0,0,0,0,1,0,0,0,1000,0,0,23000,0,143,3289,1143,1036000,1036000,0,0,23665350,1036000,23665350,23688350,14.418,,,,,921003264,930848768,1114337280,6177431552,1164173312,57445344,21240,709,,,1019.082,1019.082,1031.712,0.000,1033.500,16
21300,1026.488,2.422,520.523,522.961,21183,1015.090,1504.254,0.000,0.000,4613,1041,1041,1040,1,1,0,0,0,0,0,0,0,0,0,0,0,0,0,921,21183,921,1039000,1039000,0,0,23734350,1039000,23734350,23734350,14.418,,,,,928476920,938201088,1101983744,6190080000,1151524864,57743072,21300,711,,,1015.090,1015.090,1027.724,0.000,1029.508,18
21360,1041.855,2.477,520.523,523.008,12880,1030.211,1504.254,0.000,0.000,4626,1044,1044,1043,1,1,0,0,0,0,0,0,0,0,0,0,0,0,0,560,12880,560,1042000,1042000,0,0,23803350,1042000,23803350,23803350,14.418,,,,,927181000,937164800,1128898560,6163165184,1178439680,57743072,21330,712,,,1030.211,1030.211,1042.850,0.000,1044.629,17
21420,1135.977,2.594,520.523,523.121,8050,1124.426,1504.254,0.000,0.000,4639,1047,1047,1046,1,1,0,0,0,0,0,0,0,0,0,0,0,0,0,350,8050,350,1045000,1045000,0,0,23872350,1045000,23872350,23872350,14.418,,,,,931009352,941092864,1241292800,6050770944,1290833920,57743072,21420,715,,,1124.426,1124.426,1137.060,0.000,1138.844,17
21480,1037.762,2.398,520.523,522.930,25323,1025.883,1504.254,0.000,0.000,4652,1050,1050,1048,2,1,0,0,0,0,1,0,0,0,1000,0,0,23000,0,101,2323,1101,1047000,1047000,0,0,23918350,1047000,23918350,23941350,14.418,,,,,923532624,933335040,1086181376,6205882368,1135722496,57743072,21450,716,,,1025.883,1025.883,1038.528,0.000,1040.301,17
21540,1030.812,2.543,520.523,523.070,20562,1019.234,1504.254,0.000,0.000,4665,1052,1052,1051,1,1,0,0,0,0,0,0,0,0,0,0,0,0,0,894,20562,894,1050000,1050000,0,0,23987350,1050000,23987350,23987350,14.418,,,,,932520448,942379008,1117143040,6174920704,1166684160,57743072,21540,719,,,1019.234,1019.234,1031.873,0.000,1033.652,22
21600,1053.184,2.289,520.523,522.820,15203,1041.402,1504.254,0.000,0.000,4678,1055,1055,1054,1,1,0,0,0,0,0,0,0,0,0,0,0,0,0,661,15203,661,1053000,1053000,0,0,24056350,1053000,24056350,24056350,14.418,,,,,928857664,939110400,1145499648,6146564096,1195040768,57743072,21600,721,,,1041.402,1041.402,1054.048,0.000,1055.820,25
